representacion,shuffle,m,mPE_null
alturas_MIDI,1,2,0.9001628339217187
alturas_MIDI,1,3,2.314046594811234
alturas_MIDI,1,4,4.003621951407903
alturas_MIDI,1,5,5.34892927593639
alturas_MIDI,1,6,5.755616816814068
alturas_MIDI,1,7,5.803979443850953
alturas_MIDI,2,2,0.9151870356288526
alturas_MIDI,2,3,2.287985349081109
alturas_MIDI,2,4,3.9316790146308302
alturas_MIDI,2,5,5.25718825379155
alturas_MIDI,2,6,5.734863907216464
alturas_MIDI,2,7,5.7998163977214645
alturas_MIDI,3,2,0.857296880176867
alturas_MIDI,3,3,2.2724672464419564
alturas_MIDI,3,4,3.931339466276018
alturas_MIDI,3,5,5.3238934919490415
alturas_MIDI,3,6,5.748882264183902
alturas_MIDI,3,7,5.803979443850954
alturas_MIDI,4,2,0.905649374203974
alturas_MIDI,4,3,2.3213296876487406
alturas_MIDI,4,4,4.007657668312441
alturas_MIDI,4,5,5.332429955401623
alturas_MIDI,4,6,5.773785755701026
alturas_MIDI,4,7,5.808142489980443
alturas_MIDI,5,2,0.8827541467090004
alturas_MIDI,5,3,2.2710355307496894
alturas_MIDI,5,4,3.9273480143689232
alturas_MIDI,5,5,5.333731810952043
alturas_MIDI,5,6,5.79453866529863
alturas_MIDI,5,7,5.808142489980443
alturas_MIDI,6,2,0.8827541467090003
alturas_MIDI,6,3,2.2875624326695836
alturas_MIDI,6,4,3.928550574731822
alturas_MIDI,6,5,5.316290449412382
alturas_MIDI,6,6,5.753032846103423
alturas_MIDI,6,7,5.808142489980443
alturas_MIDI,7,2,0.8989562661699421
alturas_MIDI,7,3,2.2641335785217938
alturas_MIDI,7,4,3.896099899098072
alturas_MIDI,7,5,5.311945626038768
alturas_MIDI,7,6,5.761334009942464
alturas_MIDI,7,7,5.803979443850954
alturas_MIDI,8,2,0.9158723417002296
alturas_MIDI,8,3,2.3073769618110265
alturas_MIDI,8,4,3.959954415561951
alturas_MIDI,8,5,5.244893729460046
alturas_MIDI,8,6,5.73227993650582
alturas_MIDI,8,7,5.799816397721465
alturas_MIDI,9,2,0.8989562661699422
alturas_MIDI,9,3,2.3161854244246203
alturas_MIDI,9,4,3.964957710929632
alturas_MIDI,9,5,5.299064339212567
alturas_MIDI,9,6,5.719278939040151
alturas_MIDI,9,7,5.795653351591976
alturas_MIDI,10,2,0.9108468418894745
alturas_MIDI,10,3,2.279724612244815
alturas_MIDI,10,4,3.932575022206971
alturas_MIDI,10,5,5.282718201972454
alturas_MIDI,10,6,5.7457490417661505
alturas_MIDI,10,7,5.799816397721465
alturas_MIDI,11,2,0.9497840162846587
alturas_MIDI,11,3,2.384832663591191
alturas_MIDI,11,4,4.053681721013855
alturas_MIDI,11,5,5.4032733856818576
alturas_MIDI,11,6,5.743165071055506
alturas_MIDI,11,7,5.795653351591976
alturas_MIDI,12,2,0.9493167844383203
alturas_MIDI,12,3,2.3725057618654506
alturas_MIDI,12,4,4.046197978730526
alturas_MIDI,12,5,5.331622264044758
alturas_MIDI,12,6,5.722412161457902
alturas_MIDI,12,7,5.808142489980443
alturas_MIDI,13,2,0.9056115642331697
alturas_MIDI,13,3,2.3249102522994245
alturas_MIDI,13,4,4.011611382038616
alturas_MIDI,13,5,5.360122898446022
alturas_MIDI,13,6,5.753032846103423
alturas_MIDI,13,7,5.7998163977214645
alturas_MIDI,14,2,0.8759025300779892
alturas_MIDI,14,3,2.2885272942023582
alturas_MIDI,14,4,3.962085448452459
alturas_MIDI,14,5,5.333991890159126
alturas_MIDI,14,6,5.734863907216464
alturas_MIDI,14,7,5.7998163977214645
alturas_MIDI,15,2,0.9312594559996149
alturas_MIDI,15,3,2.3423603753628086
alturas_MIDI,15,4,4.021942047010936
alturas_MIDI,15,5,5.423757715044713
alturas_MIDI,15,6,5.782086919540068
alturas_MIDI,15,7,5.808142489980443
alturas_MIDI,16,2,0.8982771118782169
alturas_MIDI,16,3,2.307411413892195
alturas_MIDI,16,4,3.967850659126157
alturas_MIDI,16,5,5.342214826448406
alturas_MIDI,16,6,5.744731682264382
alturas_MIDI,16,7,5.7998163977214645
alturas_MIDI,17,2,0.9151870356288526
alturas_MIDI,17,3,2.3275603257339874
alturas_MIDI,17,4,3.993174726687986
alturas_MIDI,17,5,5.388075920697507
alturas_MIDI,17,6,5.753032846103423
alturas_MIDI,17,7,5.795653351591975
alturas_MIDI,18,2,0.8767401568047267
alturas_MIDI,18,3,2.2787055959420743
alturas_MIDI,18,4,3.9504769923694996
alturas_MIDI,18,5,5.355643725424373
alturas_MIDI,18,6,5.773785755701026
alturas_MIDI,18,7,5.808142489980443
alturas_MIDI,19,2,0.9109985743270244
alturas_MIDI,19,3,2.3071605628586
alturas_MIDI,19,4,3.964757728428566
alturas_MIDI,19,5,5.391873131921356
alturas_MIDI,19,6,5.757183428022944
alturas_MIDI,19,7,5.808142489980443
alturas_MIDI,20,2,0.9497256211543599
alturas_MIDI,20,3,2.3719198471131646
alturas_MIDI,20,4,4.033830374759966
alturas_MIDI,20,5,5.380607227808879
alturas_MIDI,20,6,5.765484591861985
alturas_MIDI,20,7,5.799816397721464
alturas_MIDI,21,2,0.8937449591262361
alturas_MIDI,21,3,2.283971446862652
alturas_MIDI,21,4,3.9182305801889705
alturas_MIDI,21,5,5.315877186910637
alturas_MIDI,21,6,5.7473156529750264
alturas_MIDI,21,7,5.803979443850953
alturas_MIDI,22,2,0.9156820130597827
alturas_MIDI,22,3,2.3162416717598964
alturas_MIDI,22,4,3.979183610358898
alturas_MIDI,22,5,5.297469273197134
alturas_MIDI,22,6,5.7582007875247125
alturas_MIDI,22,7,5.803979443850953
alturas_MIDI,23,2,0.9206913728993571
alturas_MIDI,23,3,2.324892405971965
alturas_MIDI,23,4,3.964692850297421
alturas_MIDI,23,5,5.302861550436415
alturas_MIDI,23,6,5.740581100344861
alturas_MIDI,23,7,5.799816397721464
alturas_MIDI,24,2,0.9407261060453734
alturas_MIDI,24,3,2.359405804646306
alturas_MIDI,24,4,4.0434492405598395
alturas_MIDI,24,5,5.421181457679474
alturas_MIDI,24,6,5.782086919540068
alturas_MIDI,24,7,5.808142489980443
alturas_MIDI,25,2,0.940745443306461
alturas_MIDI,25,3,2.3846416093029674
alturas_MIDI,25,4,4.0758861944866736
alturas_MIDI,25,5,5.360796240154853
alturas_MIDI,25,6,5.727580102879192
alturas_MIDI,25,7,5.794082035844935
alturas_MIDI,26,2,0.9263797032824571
alturas_MIDI,26,3,2.3421111532879415
alturas_MIDI,26,4,4.002835212765649
alturas_MIDI,26,5,5.348722644685516
alturas_MIDI,26,6,5.755616816814068
alturas_MIDI,26,7,5.795653351591976
alturas_MIDI,27,2,0.8999932234786937
alturas_MIDI,27,3,2.280719375602609
alturas_MIDI,27,4,3.892194140828767
alturas_MIDI,27,5,5.307600802665148
alturas_MIDI,27,6,5.754050205605192
alturas_MIDI,27,7,5.803979443850954
alturas_MIDI,28,2,0.9162148670998822
alturas_MIDI,28,3,2.3205710625165703
alturas_MIDI,28,4,3.9779385777153866
alturas_MIDI,28,5,5.343229149056134
alturas_MIDI,28,6,5.7597673987335885
alturas_MIDI,28,7,5.808142489980443
alturas_MIDI,29,2,0.9001628339217187
alturas_MIDI,29,3,2.303090593563607
alturas_MIDI,29,4,3.98500841917385
alturas_MIDI,29,5,5.335967087418377
alturas_MIDI,29,6,5.743165071055506
alturas_MIDI,29,7,5.808142489980443
alturas_MIDI,30,2,0.8828661482538191
alturas_MIDI,30,3,2.2892816016659054
alturas_MIDI,30,4,3.963323168737565
alturas_MIDI,30,5,5.342681536906361
alturas_MIDI,30,6,5.755616816814068
alturas_MIDI,30,7,5.808142489980443
alturas_MIDI,31,2,0.8945341391980615
alturas_MIDI,31,3,2.2962076042889965
alturas_MIDI,31,4,3.9587527173660155
alturas_MIDI,31,5,5.281963958571809
alturas_MIDI,31,6,5.740581100344861
alturas_MIDI,31,7,5.808142489980443
alturas_MIDI,32,2,0.9213596109045206
alturas_MIDI,32,3,2.345028727251974
alturas_MIDI,32,4,4.0203190058351135
alturas_MIDI,32,5,5.379458555553115
alturas_MIDI,32,6,5.757183428022944
alturas_MIDI,32,7,5.803979443850954
alturas_MIDI,33,2,0.8641485192462202
alturas_MIDI,33,3,2.229918392835136
alturas_MIDI,33,4,3.8729091378708116
alturas_MIDI,33,5,5.292816600182541
alturas_MIDI,33,6,5.73227993650582
alturas_MIDI,33,7,5.795653351591975
alturas_MIDI,34,2,0.919468611076259
alturas_MIDI,34,3,2.352384387982267
alturas_MIDI,34,4,4.044469726597405
alturas_MIDI,34,5,5.347448242870694
alturas_MIDI,34,6,5.773785755701026
alturas_MIDI,34,7,5.808142489980443
alturas_MIDI,35,2,0.9001439893364529
alturas_MIDI,35,3,2.2772166495483006
alturas_MIDI,35,4,3.940664576441462
alturas_MIDI,35,5,5.283112630827574
alturas_MIDI,35,6,5.744731682264382
alturas_MIDI,35,7,5.803979443850954
alturas_MIDI,36,2,0.9259966607579806
alturas_MIDI,36,3,2.3556286303606573
alturas_MIDI,36,4,4.013216177806323
alturas_MIDI,36,5,5.366837347934006
alturas_MIDI,36,6,5.726562743377423
alturas_MIDI,36,7,5.803979443850953
alturas_MIDI,37,2,0.9055359412036676
alturas_MIDI,37,3,2.311349176055042
alturas_MIDI,37,4,3.9653520344297517
alturas_MIDI,37,5,5.341200503840666
alturas_MIDI,37,6,5.73643051842534
alturas_MIDI,37,7,5.7998163977214645
alturas_MIDI,38,2,0.8878589353453492
alturas_MIDI,38,3,2.2693815031888014
alturas_MIDI,38,4,3.977914361410019
alturas_MIDI,38,5,5.376935746144092
alturas_MIDI,38,6,5.769635173781506
alturas_MIDI,38,7,5.808142489980443
alturas_MIDI,39,2,0.9213023460817386
alturas_MIDI,39,3,2.337688271050725
alturas_MIDI,39,4,4.01694753538808
alturas_MIDI,39,5,5.360589608903982
alturas_MIDI,39,6,5.744731682264382
alturas_MIDI,39,7,5.808142489980443
alturas_MIDI,40,2,0.90428756609725
alturas_MIDI,40,3,2.3070232841675944
alturas_MIDI,40,4,3.969138310771479
alturas_MIDI,40,5,5.298723358313662
alturas_MIDI,40,6,5.719828190747258
alturas_MIDI,40,7,5.791490305462486
alturas_MIDI,41,2,0.940745443306461
alturas_MIDI,41,3,2.374226655537551
alturas_MIDI,41,4,4.042006859076814
alturas_MIDI,41,5,5.319414318927394
alturas_MIDI,41,6,5.719828190747258
alturas_MIDI,41,7,5.787327259332999
alturas_MIDI,42,2,0.9098032307823793
alturas_MIDI,42,3,2.283750367619288
alturas_MIDI,42,4,3.9557085767518445
alturas_MIDI,42,5,5.354422771565768
alturas_MIDI,42,6,5.76806856257263
alturas_MIDI,42,7,5.808142489980443
alturas_MIDI,43,2,0.8945341391980615
alturas_MIDI,43,3,2.301264652037083
alturas_MIDI,43,4,3.9710538566682345
alturas_MIDI,43,5,5.320015379033384
alturas_MIDI,43,6,5.734863907216464
alturas_MIDI,43,7,5.803979443850954
alturas_MIDI,44,2,0.9107140623628861
alturas_MIDI,44,3,2.3150409798001292
alturas_MIDI,44,4,3.9578015502602586
alturas_MIDI,44,5,5.317905832126105
alturas_MIDI,44,6,5.765484591861985
alturas_MIDI,44,7,5.808142489980443
alturas_MIDI,45,2,0.8761445622353317
alturas_MIDI,45,3,2.2841938997913647
alturas_MIDI,45,4,3.9378042995144544
alturas_MIDI,45,5,5.32646974931428
alturas_MIDI,45,6,5.744731682264382
alturas_MIDI,45,7,5.803979443850953
alturas_MIDI,46,2,0.9162529202299777
alturas_MIDI,46,3,2.3294994334356893
alturas_MIDI,46,4,3.970551449220031
alturas_MIDI,46,5,5.31046459297307
alturas_MIDI,46,6,5.777936337620547
alturas_MIDI,46,7,5.803979443850954
alturas_MIDI,47,2,0.9161387576918345
alturas_MIDI,47,3,2.309062165391606
alturas_MIDI,47,4,3.95670992610495
alturas_MIDI,47,5,5.356658048032109
alturas_MIDI,47,6,5.769635173781506
alturas_MIDI,47,7,5.808142489980443
alturas_MIDI,48,2,0.9358284727221837
alturas_MIDI,48,3,2.373137781212352
alturas_MIDI,48,4,4.049339748781274
alturas_MIDI,48,5,5.358560963688515
alturas_MIDI,48,6,5.744731682264382
alturas_MIDI,48,7,5.7998163977214645
alturas_MIDI,49,2,0.8705593316223039
alturas_MIDI,49,3,2.243052787800225
alturas_MIDI,49,4,3.8991150328753155
alturas_MIDI,49,5,5.317179042461057
alturas_MIDI,49,6,5.7473156529750264
alturas_MIDI,49,7,5.803979443850954
alturas_MIDI,50,2,0.9105433271099104
alturas_MIDI,50,3,2.321384500506184
alturas_MIDI,50,4,3.994248476259082
alturas_MIDI,50,5,5.325922137164508
alturas_MIDI,50,6,5.7473156529750264
alturas_MIDI,50,7,5.803979443850954
alturas_MIDI,51,2,0.9109416766116634
alturas_MIDI,51,3,2.3456221234909256
alturas_MIDI,51,4,4.01631797366958
alturas_MIDI,51,5,5.326003038856322
alturas_MIDI,51,6,5.753032846103423
alturas_MIDI,51,7,5.808142489980443
alturas_MIDI,52,2,0.9255751903078847
alturas_MIDI,52,3,2.335565837476719
alturas_MIDI,52,4,3.958982316052456
alturas_MIDI,52,5,5.278840089056798
alturas_MIDI,52,6,5.7457490417661505
alturas_MIDI,52,7,5.803979443850954
alturas_MIDI,53,2,0.9108468418894745
alturas_MIDI,53,3,2.313380376253889
alturas_MIDI,53,4,3.954761493730048
alturas_MIDI,53,5,5.335688174564664
alturas_MIDI,53,6,5.748882264183902
alturas_MIDI,53,7,5.808142489980443
alturas_MIDI,54,2,0.9452804941245978
alturas_MIDI,54,3,2.356322664331226
alturas_MIDI,54,4,4.028884837478355
alturas_MIDI,54,5,5.411002157777574
alturas_MIDI,54,6,5.757183428022944
alturas_MIDI,54,7,5.808142489980443
alturas_MIDI,55,2,0.9109416766116634
alturas_MIDI,55,3,2.338182777755951
alturas_MIDI,55,4,4.070529762740963
alturas_MIDI,55,5,5.387734939798607
alturas_MIDI,55,6,5.757183428022944
alturas_MIDI,55,7,5.7998163977214645
alturas_MIDI,56,2,0.9352500255631192
alturas_MIDI,56,3,2.3620523141243805
alturas_MIDI,56,4,4.031632556193748
alturas_MIDI,56,5,5.350751289900983
alturas_MIDI,56,6,5.739014489135985
alturas_MIDI,56,7,5.808142489980443
alturas_MIDI,57,2,0.9107140623628861
alturas_MIDI,57,3,2.328524701030855
alturas_MIDI,57,4,3.9875265656719048
alturas_MIDI,57,5,5.327825052820916
alturas_MIDI,57,6,5.70580983377982
alturas_MIDI,57,7,5.791490305462488
alturas_MIDI,58,2,0.9407261060453733
alturas_MIDI,58,3,2.3318836957587683
alturas_MIDI,58,4,4.035361583134853
alturas_MIDI,58,5,5.364261090568767
alturas_MIDI,58,6,5.744731682264382
alturas_MIDI,58,7,5.795653351591977
alturas_MIDI,59,2,0.9312018193012837
alturas_MIDI,59,3,2.3171191475935253
alturas_MIDI,59,4,3.9364341643160943
alturas_MIDI,59,5,5.2173682673216
alturas_MIDI,59,6,5.70996041569934
alturas_MIDI,59,7,5.808142489980443
alturas_MIDI,60,2,0.9055359412036676
alturas_MIDI,60,3,2.300650944067886
alturas_MIDI,60,4,3.9873913979717006
alturas_MIDI,60,5,5.378444232945382
alturas_MIDI,60,6,5.777936337620547
alturas_MIDI,60,7,5.808142489980443
alturas_MIDI,61,2,0.9305868765351905
alturas_MIDI,61,3,2.3772605212344735
alturas_MIDI,61,4,4.066319680664405
alturas_MIDI,61,5,5.363713478418994
alturas_MIDI,61,6,5.727580102879192
alturas_MIDI,61,7,5.791490305462487
alturas_MIDI,62,2,0.9494920153499824
alturas_MIDI,62,3,2.388760766570241
alturas_MIDI,62,4,4.066575220745685
alturas_MIDI,62,5,5.36058960890398
alturas_MIDI,62,6,5.743165071055506
alturas_MIDI,62,7,5.808142489980443
alturas_MIDI,63,2,0.8761445622353317
alturas_MIDI,63,3,2.278921322151389
alturas_MIDI,63,4,3.9133182149260493
alturas_MIDI,63,5,5.291802277574806
alturas_MIDI,63,6,5.748882264183902
alturas_MIDI,63,7,5.803979443850953
alturas_MIDI,64,2,0.9359441326752647
alturas_MIDI,64,3,2.3481369881732763
alturas_MIDI,64,4,3.976821834244818
alturas_MIDI,64,5,5.291048034174162
alturas_MIDI,64,6,5.70996041569934
alturas_MIDI,64,7,5.799816397721465
alturas_MIDI,65,2,0.935674244171854
alturas_MIDI,65,3,2.3764296058158476
alturas_MIDI,65,4,4.049189955198284
alturas_MIDI,65,5,5.340993872589799
alturas_MIDI,65,6,5.740581100344861
alturas_MIDI,65,7,5.799816397721465
alturas_MIDI,66,2,0.8887580446943084
alturas_MIDI,66,3,2.262141914131372
alturas_MIDI,66,4,3.89897238200923
alturas_MIDI,66,5,5.30114643238425
alturas_MIDI,66,6,5.739014489135985
alturas_MIDI,66,7,5.7998163977214645
alturas_MIDI,67,2,0.9148823457736708
alturas_MIDI,67,3,2.3208346553320705
alturas_MIDI,67,4,3.9499875732598184
alturas_MIDI,67,5,5.293157581081444
alturas_MIDI,67,6,5.7597673987335885
alturas_MIDI,67,7,5.808142489980443
alturas_MIDI,68,2,0.9305868765351905
alturas_MIDI,68,3,2.3217970143081574
alturas_MIDI,68,4,3.9747149880593304
alturas_MIDI,68,5,5.324907814556774
alturas_MIDI,68,6,5.7473156529750264
alturas_MIDI,68,7,5.808142489980443
alturas_MIDI,69,2,0.9397975934226026
alturas_MIDI,69,3,2.352786309439444
alturas_MIDI,69,4,4.022493390902026
alturas_MIDI,69,5,5.3588210428956025
alturas_MIDI,69,6,5.761334009942464
alturas_MIDI,69,7,5.7998163977214645
alturas_MIDI,70,2,0.926379703282457
alturas_MIDI,70,3,2.3435031186237683
alturas_MIDI,70,4,4.010707167472723
alturas_MIDI,70,5,5.341667214298629
alturas_MIDI,70,6,5.73227993650582
alturas_MIDI,70,7,5.795653351591975
alturas_MIDI,71,2,0.8828661482538191
alturas_MIDI,71,3,2.293018138288746
alturas_MIDI,71,4,3.9753347700443644
alturas_MIDI,71,5,5.314521883404004
alturas_MIDI,71,6,5.7332972960075885
alturas_MIDI,71,7,5.795653351591976
alturas_MIDI,72,2,0.9204430874663296
alturas_MIDI,72,3,2.327857793089349
alturas_MIDI,72,4,4.010790792470487
alturas_MIDI,72,5,5.34484453176986
alturas_MIDI,72,6,5.757183428022944
alturas_MIDI,72,7,5.7998163977214645
alturas_MIDI,73,2,0.8887580446943084
alturas_MIDI,73,3,2.296794924222725
alturas_MIDI,73,4,3.9502607929324274
alturas_MIDI,73,5,5.3148628643029046
alturas_MIDI,73,6,5.753032846103423
alturas_MIDI,73,7,5.7998163977214645
alturas_MIDI,74,2,0.9359441326752647
alturas_MIDI,74,3,2.342547283273805
alturas_MIDI,74,4,3.972411049159045
alturas_MIDI,74,5,5.282978281179543
alturas_MIDI,74,6,5.73227993650582
alturas_MIDI,74,7,5.808142489980443
alturas_MIDI,75,2,0.8887580446943084
alturas_MIDI,75,3,2.2830107595040583
alturas_MIDI,75,4,3.9271805272724727
alturas_MIDI,75,5,5.338884325682519
alturas_MIDI,75,6,5.765484591861985
alturas_MIDI,75,7,5.799816397721465
alturas_MIDI,76,2,0.899691642806596
alturas_MIDI,76,3,2.2784274329894703
alturas_MIDI,76,4,3.9547699998053587
alturas_MIDI,76,5,5.312233158981449
alturas_MIDI,76,6,5.743165071055506
alturas_MIDI,76,7,5.803979443850954
alturas_MIDI,77,2,0.8365761005124255
alturas_MIDI,77,3,2.2280023402463693
alturas_MIDI,77,4,3.8708887350447303
alturas_MIDI,77,5,5.289486099416659
alturas_MIDI,77,6,5.734863907216464
alturas_MIDI,77,7,5.795653351591976
alturas_MIDI,78,2,0.8828288153963663
alturas_MIDI,78,3,2.2977203255774734
alturas_MIDI,78,4,3.945562728108048
alturas_MIDI,78,5,5.276470462942427
alturas_MIDI,78,6,5.7332972960075885
alturas_MIDI,78,7,5.791490305462487
alturas_MIDI,79,2,0.9250002488246545
alturas_MIDI,79,3,2.352459933064706
alturas_MIDI,79,4,4.024953705248667
alturas_MIDI,79,5,5.370167848699887
alturas_MIDI,79,6,5.757183428022944
alturas_MIDI,79,7,5.803979443850953
alturas_MIDI,80,2,0.9312018193012837
alturas_MIDI,80,3,2.37066288309193
alturas_MIDI,80,4,4.030619477415295
alturas_MIDI,80,5,5.342681536906361
alturas_MIDI,80,6,5.757183428022944
alturas_MIDI,80,7,5.803979443850954
alturas_MIDI,81,2,0.9109985743270244
alturas_MIDI,81,3,2.3375961439945563
alturas_MIDI,81,4,4.0029063784238055
alturas_MIDI,81,5,5.396352304942997
alturas_MIDI,81,6,5.761334009942464
alturas_MIDI,81,7,5.803979443850953
alturas_MIDI,82,2,0.9493167844383203
alturas_MIDI,82,3,2.3889894266658724
alturas_MIDI,82,4,4.056663481590002
alturas_MIDI,82,5,5.399942884915972
alturas_MIDI,82,6,5.765484591861985
alturas_MIDI,82,7,5.808142489980443
alturas_MIDI,83,2,0.8439635103189723
alturas_MIDI,83,3,2.171277459028071
alturas_MIDI,83,4,3.8242939449581765
alturas_MIDI,83,5,5.225043591461102
alturas_MIDI,83,6,5.723978772666778
alturas_MIDI,83,7,5.803979443850953
alturas_MIDI,84,2,0.8828661482538191
alturas_MIDI,84,3,2.252248287975492
alturas_MIDI,84,4,3.8960445644934225
alturas_MIDI,84,5,5.2768114438413285
alturas_MIDI,84,6,5.753032846103423
alturas_MIDI,84,7,5.803979443850954
alturas_MIDI,85,2,0.9055359412036676
alturas_MIDI,85,3,2.2987767563686194
alturas_MIDI,85,4,3.9908383801614744
alturas_MIDI,85,5,5.3551770149664115
alturas_MIDI,85,6,5.751466234894547
alturas_MIDI,85,7,5.799816397721465
alturas_MIDI,86,2,0.9109416766116634
alturas_MIDI,86,3,2.3217280659036668
alturas_MIDI,86,4,4.0160862417182015
alturas_MIDI,86,5,5.382034812918356
alturas_MIDI,86,6,5.739014489135985
alturas_MIDI,86,7,5.799816397721465
alturas_MIDI,87,2,0.9001628339217187
alturas_MIDI,87,3,2.315314336764313
alturas_MIDI,87,4,3.9659253537849444
alturas_MIDI,87,5,5.34146058304776
alturas_MIDI,87,6,5.743165071055506
alturas_MIDI,87,7,5.795653351591976
alturas_MIDI,88,2,0.9158723417002296
alturas_MIDI,88,3,2.3267637067933475
alturas_MIDI,88,4,4.02356597627603
alturas_MIDI,88,5,5.3642610905687675
alturas_MIDI,88,6,5.765484591861985
alturas_MIDI,88,7,5.803979443850954
alturas_MIDI,89,2,0.9054224989381668
alturas_MIDI,89,3,2.311903395728798
alturas_MIDI,89,4,3.983839077459097
alturas_MIDI,89,5,5.3546294028166415
alturas_MIDI,89,6,5.763917980653109
alturas_MIDI,89,7,5.803979443850954
alturas_MIDI,90,2,0.9022044397214323
alturas_MIDI,90,3,2.2501392482288676
alturas_MIDI,90,4,3.894901815807351
alturas_MIDI,90,5,5.293570843583189
alturas_MIDI,90,6,5.753032846103423
alturas_MIDI,90,7,5.808142489980443
alturas_MIDI,91,2,0.9435721145267856
alturas_MIDI,91,3,2.3457045772287524
alturas_MIDI,91,4,4.0123984034127655
alturas_MIDI,91,5,5.317385673711923
alturas_MIDI,91,6,5.761334009942464
alturas_MIDI,91,7,5.803979443850953
alturas_MIDI,92,2,0.8998612899685459
alturas_MIDI,92,3,2.2964375822665253
alturas_MIDI,92,4,3.95254079194107
alturas_MIDI,92,5,5.298175746163892
alturas_MIDI,92,6,5.748882264183902
alturas_MIDI,92,7,5.799816397721465
alturas_MIDI,93,2,0.9262648017613437
alturas_MIDI,93,3,2.34094498466758
alturas_MIDI,93,4,3.975822898699961
alturas_MIDI,93,5,5.3293335396222075
alturas_MIDI,93,6,5.748882264183902
alturas_MIDI,93,7,5.808142489980443
alturas_MIDI,94,2,0.8766471117266466
alturas_MIDI,94,3,2.3121451247392435
alturas_MIDI,94,4,4.006679171454607
alturas_MIDI,94,5,5.349189355143477
alturas_MIDI,94,6,5.751466234894547
alturas_MIDI,94,7,5.808142489980443
alturas_MIDI,95,2,0.9161387576918345
alturas_MIDI,95,3,2.3372513400281543
alturas_MIDI,95,4,3.945775153733472
alturas_MIDI,95,5,5.319961931077169
alturas_MIDI,95,6,5.761334009942464
alturas_MIDI,95,7,5.803979443850953
alturas_MIDI,96,2,0.9259966607579806
alturas_MIDI,96,3,2.3242288609775814
alturas_MIDI,96,4,3.9976638621577285
alturas_MIDI,96,5,5.320769622434032
alturas_MIDI,96,6,5.740581100344861
alturas_MIDI,96,7,5.795653351591975
alturas_MIDI,97,2,0.899691642806596
alturas_MIDI,97,3,2.2600541126258573
alturas_MIDI,97,4,3.9077784214033655
alturas_MIDI,97,5,5.235896233071834
alturas_MIDI,97,6,5.744731682264382
alturas_MIDI,97,7,5.803979443850953
alturas_MIDI,98,2,0.9137223250371352
alturas_MIDI,98,3,2.3230172190963696
alturas_MIDI,98,4,3.942650393097963
alturas_MIDI,98,5,5.276864891797547
alturas_MIDI,98,6,5.761334009942464
alturas_MIDI,98,7,5.795653351591976
alturas_MIDI,99,2,0.8820819500557358
alturas_MIDI,99,3,2.2643703507266397
alturas_MIDI,99,4,3.9031953405990247
alturas_MIDI,99,5,5.280402023814303
alturas_MIDI,99,6,5.74159845984663
alturas_MIDI,99,7,5.799816397721465
alturas_MIDI,100,2,0.9213786986490775
alturas_MIDI,100,3,2.33714811760516
alturas_MIDI,100,4,4.019612506008229
alturas_MIDI,100,5,5.346900630720922
alturas_MIDI,100,6,5.762351369444233
alturas_MIDI,100,7,5.808142489980443
alturas_MIDI,101,2,0.9354814339174999
alturas_MIDI,101,3,2.3237693080771233
alturas_MIDI,101,4,3.9709208689504174
alturas_MIDI,101,5,5.324441104098814
alturas_MIDI,101,6,5.748882264183902
alturas_MIDI,101,7,5.803979443850954
alturas_MIDI,102,2,0.9262648017613437
alturas_MIDI,102,3,2.3238080939722128
alturas_MIDI,102,4,3.95590349369255
alturas_MIDI,102,5,5.335500376960415
alturas_MIDI,102,6,5.765484591861985
alturas_MIDI,102,7,5.803979443850954
alturas_MIDI,103,2,0.9407261060453733
alturas_MIDI,103,3,2.380914345490771
alturas_MIDI,103,4,4.032689289098198
alturas_MIDI,103,5,5.317179042461055
alturas_MIDI,103,6,5.748882264183902
alturas_MIDI,103,7,5.808142489980443
alturas_MIDI,104,2,0.8637601322930484
alturas_MIDI,104,3,2.2230365488161223
alturas_MIDI,104,4,3.8615398820497426
alturas_MIDI,104,5,5.2449803086741875
alturas_MIDI,104,6,5.744731682264382
alturas_MIDI,104,7,5.799816397721465
alturas_MIDI,105,2,0.9055359412036676
alturas_MIDI,105,3,2.303066935268319
alturas_MIDI,105,4,3.958682229616999
alturas_MIDI,105,5,5.297709035705927
alturas_MIDI,105,6,5.73643051842534
alturas_MIDI,105,7,5.7998163977214645
alturas_MIDI,106,2,0.8827541467090004
alturas_MIDI,106,3,2.2745606635512106
alturas_MIDI,106,4,3.90787016311029
alturas_MIDI,106,5,5.319207687676522
alturas_MIDI,106,6,5.782086919540068
alturas_MIDI,106,7,5.803979443850954
alturas_MIDI,107,2,0.9054224989381668
alturas_MIDI,107,3,2.323096034457439
alturas_MIDI,107,4,3.9840391132942354
alturas_MIDI,107,5,5.291802277574806
alturas_MIDI,107,6,5.744731682264382
alturas_MIDI,107,7,5.791490305462487
alturas_MIDI,108,2,0.8943087046529364
alturas_MIDI,108,3,2.2998934892536202
alturas_MIDI,108,4,3.967046391067913
alturas_MIDI,108,5,5.339431937832289
alturas_MIDI,108,6,5.724996132168547
alturas_MIDI,108,7,5.783164213203508
alturas_MIDI,109,2,0.9250002488246545
alturas_MIDI,109,3,2.318155232231187
alturas_MIDI,109,4,3.9614979395465455
alturas_MIDI,109,5,5.3079417835640506
alturas_MIDI,109,6,5.737447877927109
alturas_MIDI,109,7,5.803979443850954
alturas_MIDI,110,2,0.8828288153963663
alturas_MIDI,110,3,2.282786443138348
alturas_MIDI,110,4,3.9129294246853417
alturas_MIDI,110,5,5.2796477804136615
alturas_MIDI,110,6,5.73643051842534
alturas_MIDI,110,7,5.803979443850954
alturas_MIDI,111,2,0.8939704846353658
alturas_MIDI,111,3,2.310430663062663
alturas_MIDI,111,4,3.9745952582957633
alturas_MIDI,111,5,5.33136218483767
alturas_MIDI,111,6,5.753032846103423
alturas_MIDI,111,7,5.7998163977214645
alturas_MIDI,112,2,0.9209014255517869
alturas_MIDI,112,3,2.341065021148836
alturas_MIDI,112,4,4.014030379570637
alturas_MIDI,112,5,5.400149516166844
alturas_MIDI,112,6,5.765484591861985
alturas_MIDI,112,7,5.803979443850954
alturas_MIDI,113,2,0.8998612899685459
alturas_MIDI,113,3,2.2726388181349995
alturas_MIDI,113,4,3.905552329988236
alturas_MIDI,113,5,5.300078661820298
alturas_MIDI,113,6,5.773785755701026
alturas_MIDI,113,7,5.803979443850953
alturas_MIDI,114,2,0.953790541815766
alturas_MIDI,114,3,2.3729435738016527
alturas_MIDI,114,4,4.059572259511084
alturas_MIDI,114,5,5.402312511030338
alturas_MIDI,114,6,5.761334009942464
alturas_MIDI,114,7,5.808142489980443
alturas_MIDI,115,2,0.8576655994804552
alturas_MIDI,115,3,2.2173990447931526
alturas_MIDI,115,4,3.881685748782112
alturas_MIDI,115,5,5.258403530127829
alturas_MIDI,115,6,5.757183428022944
alturas_MIDI,115,7,5.803979443850954
alturas_MIDI,116,2,0.9626656817512784
alturas_MIDI,116,3,2.3694725421593446
alturas_MIDI,116,4,4.027878853764743
alturas_MIDI,116,5,5.362905787062132
alturas_MIDI,116,6,5.765484591861985
alturas_MIDI,116,7,5.7998163977214645
alturas_MIDI,117,2,0.8941583947520741
alturas_MIDI,117,3,2.300205578062192
alturas_MIDI,117,4,3.9638306797250227
alturas_MIDI,117,5,5.323345879799268
alturas_MIDI,117,6,5.73643051842534
alturas_MIDI,117,7,5.7998163977214645
alturas_MIDI,118,2,0.8765168383082693
alturas_MIDI,118,3,2.2517136510723113
alturas_MIDI,118,4,3.8778969169733206
alturas_MIDI,118,5,5.249872744197576
alturas_MIDI,118,6,5.716694968329506
alturas_MIDI,118,7,5.799816397721465
alturas_MIDI,119,2,0.9258050993501978
alturas_MIDI,119,3,2.317277260444159
alturas_MIDI,119,4,3.9733870441170622
alturas_MIDI,119,5,5.311945626038764
alturas_MIDI,119,6,5.751466234894547
alturas_MIDI,119,7,5.803979443850954
alturas_MIDI,120,2,0.8745612910844587
alturas_MIDI,120,3,2.26824334225833
alturas_MIDI,120,4,3.9446926180905484
alturas_MIDI,120,5,5.329099454635737
alturas_MIDI,120,6,5.730713325296944
alturas_MIDI,120,7,5.787327259332997
alturas_MIDI,121,2,0.9109416766116634
alturas_MIDI,121,3,2.2858084770658804
alturas_MIDI,121,4,3.8955124812973168
alturas_MIDI,121,5,5.29539285754778
alturas_MIDI,121,6,5.748882264183902
alturas_MIDI,121,7,5.808142489980443
alturas_MIDI,122,2,0.8767401568047267
alturas_MIDI,122,3,2.2733731143553393
alturas_MIDI,122,4,3.9679854794691143
alturas_MIDI,122,5,5.35497038371554
alturas_MIDI,122,6,5.761334009942464
alturas_MIDI,122,7,5.803979443850954
alturas_MIDI,123,2,0.8939704846353658
alturas_MIDI,123,3,2.293955815492497
alturas_MIDI,123,4,3.996121171622563
alturas_MIDI,123,5,5.291254665425036
alturas_MIDI,123,6,5.7332972960075885
alturas_MIDI,123,7,5.803979443850954
alturas_MIDI,124,2,0.9360212338553361
alturas_MIDI,124,3,2.346526045742735
alturas_MIDI,124,4,4.017627760433713
alturas_MIDI,124,5,5.390858809313619
alturas_MIDI,124,6,5.749899623685671
alturas_MIDI,124,7,5.803979443850954
alturas_MIDI,125,2,0.8878589353453492
alturas_MIDI,125,3,2.2695499075615144
alturas_MIDI,125,4,3.927366600325143
alturas_MIDI,125,5,5.28243066902977
alturas_MIDI,125,6,5.73643051842534
alturas_MIDI,125,7,5.803979443850954
alturas_MIDI,126,2,0.9094805006941769
alturas_MIDI,126,3,2.307399477257278
alturas_MIDI,126,4,3.9680624406018885
alturas_MIDI,126,5,5.348175032535745
alturas_MIDI,126,6,5.776369726411671
alturas_MIDI,126,7,5.808142489980443
alturas_MIDI,127,2,0.9400491283259707
alturas_MIDI,127,3,2.330037124008343
alturas_MIDI,127,4,4.001616124519425
alturas_MIDI,127,5,5.3678516705417385
alturas_MIDI,127,6,5.740031848637754
alturas_MIDI,127,7,5.795653351591976
alturas_MIDI,128,2,0.9309712481973271
alturas_MIDI,128,3,2.3346386519310562
alturas_MIDI,128,4,3.978944220880892
alturas_MIDI,128,5,5.372196493915358
alturas_MIDI,128,6,5.761334009942464
alturas_MIDI,128,7,5.799816397721464
alturas_MIDI,129,2,0.8359731778525565
alturas_MIDI,129,3,2.2410400431340083
alturas_MIDI,129,4,3.8980251837080107
alturas_MIDI,129,5,5.249872744197573
alturas_MIDI,129,6,5.723978772666778
alturas_MIDI,129,7,5.803979443850954
alturas_MIDI,130,2,0.9209014255517869
alturas_MIDI,130,3,2.3197484909059423
alturas_MIDI,130,4,3.937970341603876
alturas_MIDI,130,5,5.312618967747597
alturas_MIDI,130,6,5.753032846103423
alturas_MIDI,130,7,5.803979443850953
alturas_MIDI,131,2,0.8700398464609564
alturas_MIDI,131,3,2.2691671711326697
alturas_MIDI,131,4,3.9494555885864866
alturas_MIDI,131,5,5.308821756523753
alturas_MIDI,131,6,5.739014489135985
alturas_MIDI,131,7,5.808142489980443
alturas_MIDI,132,2,0.9162148670998822
alturas_MIDI,132,3,2.325441926925861
alturas_MIDI,132,4,3.9767230836431016
alturas_MIDI,132,5,5.267987447446067
alturas_MIDI,132,6,5.723978772666778
alturas_MIDI,132,7,5.7998163977214645
alturas_MIDI,133,2,0.9360597828091104
alturas_MIDI,133,3,2.3309540158205357
alturas_MIDI,133,4,3.9980038282325263
alturas_MIDI,133,5,5.353408448958039
alturas_MIDI,133,6,5.7597673987335885
alturas_MIDI,133,7,5.808142489980443
alturas_MIDI,134,2,0.9358284727221837
alturas_MIDI,134,3,2.330455106125608
alturas_MIDI,134,4,3.996330517883765
alturas_MIDI,134,5,5.350491210693897
alturas_MIDI,134,6,5.773785755701026
alturas_MIDI,134,7,5.803979443850953
alturas_MIDI,135,2,0.9206913728993571
alturas_MIDI,135,3,2.303623859330808
alturas_MIDI,135,4,3.951319880702219
alturas_MIDI,135,5,5.2943785349400505
alturas_MIDI,135,6,5.729146714088068
alturas_MIDI,135,7,5.795653351591977
alturas_MIDI,136,2,0.8640560557986472
alturas_MIDI,136,3,2.2489070107726743
alturas_MIDI,136,4,3.9301161450356097
alturas_MIDI,136,5,5.317726654610828
alturas_MIDI,136,6,5.728129354586299
alturas_MIDI,136,7,5.799816397721465
alturas_MIDI,137,2,0.9107140623628861
alturas_MIDI,137,3,2.2905743849107774
alturas_MIDI,137,4,3.960057061612191
alturas_MIDI,137,5,5.326469749314279
alturas_MIDI,137,6,5.769635173781506
alturas_MIDI,137,7,5.799816397721465
alturas_MIDI,138,2,0.8698171515647017
alturas_MIDI,138,3,2.298891424564581
alturas_MIDI,138,4,3.9492125795831545
alturas_MIDI,138,5,5.3046835644010075
alturas_MIDI,138,6,5.777936337620547
alturas_MIDI,138,7,5.803979443850954
alturas_MIDI,139,2,0.8992391493115466
alturas_MIDI,139,3,2.2690716891461253
alturas_MIDI,139,4,3.9098604444858003
alturas_MIDI,139,5,5.316838061562154
alturas_MIDI,139,6,5.744731682264382
alturas_MIDI,139,7,5.803979443850954
alturas_MIDI,140,2,0.9105433271099104
alturas_MIDI,140,3,2.3181284618343994
alturas_MIDI,140,4,3.963777390840102
alturas_MIDI,140,5,5.317986733817915
alturas_MIDI,140,6,5.749899623685671
alturas_MIDI,140,7,5.803979443850953
alturas_MIDI,141,2,0.9261498906104682
alturas_MIDI,141,3,2.3319125152967977
alturas_MIDI,141,4,4.023391196932828
alturas_MIDI,141,5,5.351505533301628
alturas_MIDI,141,6,5.773785755701026
alturas_MIDI,141,7,5.808142489980443
alturas_MIDI,142,2,0.9212068994126033
alturas_MIDI,142,3,2.312505848064388
alturas_MIDI,142,4,3.9830612806080334
alturas_MIDI,142,5,5.310931303431028
alturas_MIDI,142,6,5.724996132168547
alturas_MIDI,142,7,5.799816397721465
alturas_MIDI,143,2,0.9206913728993571
alturas_MIDI,143,3,2.3071030096037823
alturas_MIDI,143,4,3.973183331560009
alturas_MIDI,143,5,5.269549382203572
alturas_MIDI,143,6,5.716694968329506
alturas_MIDI,143,7,5.791490305462486
alturas_MIDI,144,2,0.881521540511929
alturas_MIDI,144,3,2.247819812320404
alturas_MIDI,144,4,3.8912314152042717
alturas_MIDI,144,5,5.292008908825684
alturas_MIDI,144,6,5.7597673987335885
alturas_MIDI,144,7,5.808142489980443
alturas_MIDI,145,2,0.8828661482538191
alturas_MIDI,145,3,2.267989184289706
alturas_MIDI,145,4,3.953316445982673
alturas_MIDI,145,5,5.341667214298629
alturas_MIDI,145,6,5.739014489135985
alturas_MIDI,145,7,5.803979443850953
alturas_MIDI,146,2,0.9404360140772525
alturas_MIDI,146,3,2.343883610123127
alturas_MIDI,146,4,3.9892647997827835
alturas_MIDI,146,5,5.355697173380588
alturas_MIDI,146,6,5.7597673987335885
alturas_MIDI,146,7,5.799816397721464
alturas_MIDI,147,2,0.9105433271099104
alturas_MIDI,147,3,2.301476825040476
alturas_MIDI,147,4,3.9563580086911276
alturas_MIDI,147,5,5.317385673711929
alturas_MIDI,147,6,5.765484591861985
alturas_MIDI,147,7,5.808142489980443
alturas_MIDI,148,2,0.9354814339174999
alturas_MIDI,148,3,2.3458117126135645
alturas_MIDI,148,4,4.003172391206285
alturas_MIDI,148,5,5.338471063180775
alturas_MIDI,148,6,5.726562743377423
alturas_MIDI,148,7,5.795653351591976
alturas_MIDI,149,2,0.9105433271099104
alturas_MIDI,149,3,2.294283299631791
alturas_MIDI,149,4,3.9457247866573777
alturas_MIDI,149,5,5.259351248655049
alturas_MIDI,149,6,5.728129354586299
alturas_MIDI,149,7,5.803979443850954
alturas_MIDI,150,2,0.8804000500770703
alturas_MIDI,150,3,2.2157290165881633
alturas_MIDI,150,4,3.8355104623291556
alturas_MIDI,150,5,5.244773677423314
alturas_MIDI,150,6,5.748882264183902
alturas_MIDI,150,7,5.799816397721465
alturas_MIDI,151,2,0.8886082331786853
alturas_MIDI,151,3,2.3182921748792564
alturas_MIDI,151,4,4.027221771107974
alturas_MIDI,151,5,5.331622264044759
alturas_MIDI,151,6,5.728129354586299
alturas_MIDI,151,7,5.803979443850953
alturas_MIDI,152,2,0.8860777444716443
alturas_MIDI,152,3,2.2823997184365177
alturas_MIDI,152,4,3.900093000678256
alturas_MIDI,152,5,5.196596405016061
alturas_MIDI,152,6,5.723978772666778
alturas_MIDI,152,7,5.795653351591976
alturas_MIDI,153,2,0.8767959809068269
alturas_MIDI,153,3,2.2741074498947915
alturas_MIDI,153,4,3.90151615308774
alturas_MIDI,153,5,5.32612876841538
alturas_MIDI,153,6,5.769635173781506
alturas_MIDI,153,7,5.808142489980443
alturas_MIDI,154,2,0.8994842682081474
alturas_MIDI,154,3,2.2902452965422833
alturas_MIDI,154,4,3.95776058616784
alturas_MIDI,154,5,5.3124601069306125
alturas_MIDI,154,6,5.769635173781506
alturas_MIDI,154,7,5.803979443850954
alturas_MIDI,155,2,0.916024585708558
alturas_MIDI,155,3,2.346153458690951
alturas_MIDI,155,4,4.00115325235576
alturas_MIDI,155,5,5.281156267214946
alturas_MIDI,155,6,5.7332972960075885
alturas_MIDI,155,7,5.803979443850953
alturas_MIDI,156,2,0.9151870356288526
alturas_MIDI,156,3,2.3527713080896526
alturas_MIDI,156,4,4.038865548208602
alturas_MIDI,156,5,5.372330843563386
alturas_MIDI,156,6,5.751466234894547
alturas_MIDI,156,7,5.803979443850953
alturas_MIDI,157,2,0.8875778453187955
alturas_MIDI,157,3,2.272764633593184
alturas_MIDI,157,4,3.9033180247742107
alturas_MIDI,157,5,5.228821969038322
alturas_MIDI,157,6,5.704243222570944
alturas_MIDI,157,7,5.799816397721465
alturas_MIDI,158,2,0.9001439893364529
alturas_MIDI,158,3,2.3170970874710237
alturas_MIDI,158,4,3.968356003570432
alturas_MIDI,158,5,5.361891464454397
alturas_MIDI,158,6,5.777936337620547
alturas_MIDI,158,7,5.808142489980443
alturas_MIDI,159,2,0.9213596109045206
alturas_MIDI,159,3,2.347999122391101
alturas_MIDI,159,4,4.011171539005489
alturas_MIDI,159,5,5.360930589802885
alturas_MIDI,159,6,5.73643051842534
alturas_MIDI,159,7,5.7998163977214645
alturas_MIDI,160,2,0.9000874540515077
alturas_MIDI,160,3,2.2809738310378016
alturas_MIDI,160,4,3.913070112379673
alturas_MIDI,160,5,5.287404006244973
alturas_MIDI,160,6,5.761334009942464
alturas_MIDI,160,7,5.799816397721465
alturas_MIDI,161,2,0.9050821165232412
alturas_MIDI,161,3,2.2816129991754734
alturas_MIDI,161,4,3.9276167292355755
alturas_MIDI,161,5,5.296147100948423
alturas_MIDI,161,6,5.765484591861985
alturas_MIDI,161,7,5.808142489980443
alturas_MIDI,162,2,0.935674244171854
alturas_MIDI,162,3,2.3404338129636524
alturas_MIDI,162,4,4.019911102996223
alturas_MIDI,162,5,5.381020490310622
alturas_MIDI,162,6,5.753032846103423
alturas_MIDI,162,7,5.7998163977214645
alturas_MIDI,163,2,0.9309712481973271
alturas_MIDI,163,3,2.381602101202263
alturas_MIDI,163,4,4.064517054878265
alturas_MIDI,163,5,5.350957921151857
alturas_MIDI,163,6,5.769635173781506
alturas_MIDI,163,7,5.803979443850954
alturas_MIDI,164,2,0.940745443306461
alturas_MIDI,164,3,2.390470741892674
alturas_MIDI,164,4,4.097909472725703
alturas_MIDI,164,5,5.399682805708885
alturas_MIDI,164,6,5.769635173781506
alturas_MIDI,164,7,5.803979443850954
alturas_MIDI,165,2,0.9108468418894745
alturas_MIDI,165,3,2.2965368248874807
alturas_MIDI,165,4,3.952018221543974
alturas_MIDI,165,5,5.330607941437024
alturas_MIDI,165,6,5.76806856257263
alturas_MIDI,165,7,5.803979443850953
alturas_MIDI,166,2,0.8884771349705097
alturas_MIDI,166,3,2.260424355114729
alturas_MIDI,166,4,3.888239749008825
alturas_MIDI,166,5,5.241048747802314
alturas_MIDI,166,6,5.74159845984663
alturas_MIDI,166,7,5.795653351591975
alturas_MIDI,167,2,0.8766471117266466
alturas_MIDI,167,3,2.28100082086719
alturas_MIDI,167,4,3.9593248600329716
alturas_MIDI,167,5,5.325662057957419
alturas_MIDI,167,6,5.773785755701026
alturas_MIDI,167,7,5.808142489980443
alturas_MIDI,168,2,0.8945341391980615
alturas_MIDI,168,3,2.271553860493771
alturas_MIDI,168,4,3.913408635283471
alturas_MIDI,168,5,5.309243639114464
alturas_MIDI,168,6,5.73643051842534
alturas_MIDI,168,7,5.803979443850954
alturas_MIDI,169,2,0.8440001496644451
alturas_MIDI,169,3,2.24753951449257
alturas_MIDI,169,4,3.8860071684325845
alturas_MIDI,169,5,5.271658929110851
alturas_MIDI,169,6,5.739014489135985
alturas_MIDI,169,7,5.791490305462487
alturas_MIDI,170,2,0.9162529202299776
alturas_MIDI,170,3,2.3050334036830304
alturas_MIDI,170,4,3.92208804185824
alturas_MIDI,170,5,5.302861550436411
alturas_MIDI,170,6,5.748882264183902
alturas_MIDI,170,7,5.7998163977214645
alturas_MIDI,171,2,0.8883085621148891
alturas_MIDI,171,3,2.2992678196429654
alturas_MIDI,171,4,3.9824541145759254
alturas_MIDI,171,5,5.366496367035106
alturas_MIDI,171,6,5.757183428022944
alturas_MIDI,171,7,5.7998163977214645
alturas_MIDI,172,2,0.9052712281669313
alturas_MIDI,172,3,2.3462691721518913
alturas_MIDI,172,4,4.013189095319314
alturas_MIDI,172,5,5.3012996156789045
alturas_MIDI,172,6,5.748882264183902
alturas_MIDI,172,7,5.803979443850954
alturas_MIDI,173,2,0.8828288153963664
alturas_MIDI,173,3,2.286613996935453
alturas_MIDI,173,4,3.9467478198731767
alturas_MIDI,173,5,5.288418328852707
alturas_MIDI,173,6,5.757183428022944
alturas_MIDI,173,7,5.808142489980443
alturas_MIDI,174,2,0.8999932234786938
alturas_MIDI,174,3,2.327634818420822
alturas_MIDI,174,4,3.9919137826320132
alturas_MIDI,174,5,5.393435066678857
alturas_MIDI,174,6,5.765484591861985
alturas_MIDI,174,7,5.808142489980443
alturas_MIDI,175,2,0.930048574397433
alturas_MIDI,175,3,2.356153303177973
alturas_MIDI,175,4,4.054090597844996
alturas_MIDI,175,5,5.385759742539358
alturas_MIDI,175,6,5.755616816814068
alturas_MIDI,175,7,5.803979443850954
alturas_MIDI,176,2,0.8998612899685459
alturas_MIDI,176,3,2.308762853485606
alturas_MIDI,176,4,3.9667880232543835
alturas_MIDI,176,5,5.275850569189814
alturas_MIDI,176,6,5.748333012476795
alturas_MIDI,176,7,5.803979443850954
alturas_MIDI,177,2,0.8642039944248936
alturas_MIDI,177,3,2.250141116168742
alturas_MIDI,177,4,3.8914436832743022
alturas_MIDI,177,5,5.2510936980561835
alturas_MIDI,177,6,5.744731682264382
alturas_MIDI,177,7,5.803979443850954
alturas_MIDI,178,2,0.8765168383082693
alturas_MIDI,178,3,2.2887032952149386
alturas_MIDI,178,4,3.9756390254682756
alturas_MIDI,178,5,5.383937728574763
alturas_MIDI,178,6,5.763917980653109
alturas_MIDI,178,7,5.799816397721465
alturas_MIDI,179,2,0.8823060513161458
alturas_MIDI,179,3,2.2672913111502995
alturas_MIDI,179,4,3.9294277370865016
alturas_MIDI,179,5,5.333938442202913
alturas_MIDI,179,6,5.744731682264382
alturas_MIDI,179,7,5.803979443850954
alturas_MIDI,180,2,0.9402619291370394
alturas_MIDI,180,3,2.353577752594746
alturas_MIDI,180,4,4.024602299289557
alturas_MIDI,180,5,5.390652178062749
alturas_MIDI,180,6,5.780520308331192
alturas_MIDI,180,7,5.808142489980443
alturas_MIDI,181,2,0.9210732629475865
alturas_MIDI,181,3,2.271504460831223
alturas_MIDI,181,4,3.8583346549084183
alturas_MIDI,181,5,5.247215585140524
alturas_MIDI,181,6,5.73227993650582
alturas_MIDI,181,7,5.791490305462487
alturas_MIDI,182,2,0.9056115642331697
alturas_MIDI,182,3,2.300215259902327
alturas_MIDI,182,4,3.992704666176444
alturas_MIDI,182,5,5.374566120029727
alturas_MIDI,182,6,5.748882264183902
alturas_MIDI,182,7,5.7998163977214645
alturas_MIDI,183,2,0.9360597828091104
alturas_MIDI,183,3,2.3623683686748196
alturas_MIDI,183,4,3.996586152513197
alturas_MIDI,183,5,5.2788935370130154
alturas_MIDI,183,6,5.71512835712063
alturas_MIDI,183,7,5.799816397721465
alturas_MIDI,184,2,0.9056115642331697
alturas_MIDI,184,3,2.284526818687403
alturas_MIDI,184,4,3.979955725853746
alturas_MIDI,184,5,5.3711821713076215
alturas_MIDI,184,6,5.765484591861985
alturas_MIDI,184,7,5.808142489980443
alturas_MIDI,185,2,0.8828661482538191
alturas_MIDI,185,3,2.2816299188533016
alturas_MIDI,185,4,3.921819707166211
alturas_MIDI,185,5,5.274989429876734
alturas_MIDI,185,6,5.73227993650582
alturas_MIDI,185,7,5.791490305462487
alturas_MIDI,186,2,0.9261498906104683
alturas_MIDI,186,3,2.3489869015701936
alturas_MIDI,186,4,3.9980929952208024
alturas_MIDI,186,5,5.390858809313625
alturas_MIDI,186,6,5.753032846103423
alturas_MIDI,186,7,5.799816397721465
alturas_MIDI,187,2,0.9098032307823795
alturas_MIDI,187,3,2.3143939401227054
alturas_MIDI,187,4,3.975654859708856
alturas_MIDI,187,5,5.305985419951422
alturas_MIDI,187,6,5.728129354586299
alturas_MIDI,187,7,5.799816397721465
alturas_MIDI,188,2,0.8931809859580778
alturas_MIDI,188,3,2.292124907688969
alturas_MIDI,188,4,3.975206599505847
alturas_MIDI,188,5,5.30945027036534
alturas_MIDI,188,6,5.753032846103423
alturas_MIDI,188,7,5.799816397721465
alturas_MIDI,189,2,0.9206913728993571
alturas_MIDI,189,3,2.3125649770685124
alturas_MIDI,189,4,3.962461049172237
alturas_MIDI,189,5,5.321496412099079
alturas_MIDI,189,6,5.757183428022944
alturas_MIDI,189,7,5.803979443850954
alturas_MIDI,190,2,0.8937449591262361
alturas_MIDI,190,3,2.296384666495774
alturas_MIDI,190,4,3.9815820621179494
alturas_MIDI,190,5,5.353408448958035
alturas_MIDI,190,6,5.729146714088068
alturas_MIDI,190,7,5.7998163977214645
alturas_MIDI,191,2,0.8818204534166532
alturas_MIDI,191,3,2.286254710264358
alturas_MIDI,191,4,3.9850419205538956
alturas_MIDI,191,5,5.351298902050754
alturas_MIDI,191,6,5.748882264183902
alturas_MIDI,191,7,5.803979443850954
alturas_MIDI,192,2,0.8941583947520741
alturas_MIDI,192,3,2.3144427909155914
alturas_MIDI,192,4,4.000490427524561
alturas_MIDI,192,5,5.3892968745561145
alturas_MIDI,192,6,5.749899623685671
alturas_MIDI,192,7,5.803979443850954
alturas_MIDI,193,2,0.9109416766116634
alturas_MIDI,193,3,2.323811770533318
alturas_MIDI,193,4,3.995490234545489
alturas_MIDI,193,5,5.349189355143476
alturas_MIDI,193,6,5.765484591861985
alturas_MIDI,193,7,5.7998163977214645
alturas_MIDI,194,2,0.9000874540515078
alturas_MIDI,194,3,2.3266601295964513
alturas_MIDI,194,4,4.003405973884509
alturas_MIDI,194,5,5.327744151129105
alturas_MIDI,194,6,5.748882264183902
alturas_MIDI,194,7,5.808142489980443
alturas_MIDI,195,2,0.8828661482538191
alturas_MIDI,195,3,2.296403662543154
alturas_MIDI,195,4,3.9578931665236134
alturas_MIDI,195,5,5.331828895295631
alturas_MIDI,195,6,5.773785755701026
alturas_MIDI,195,7,5.808142489980443
alturas_MIDI,196,2,0.9406680926098588
alturas_MIDI,196,3,2.3595787622425126
alturas_MIDI,196,4,4.022356842467148
alturas_MIDI,196,5,5.371101269615812
alturas_MIDI,196,6,5.765484591861985
alturas_MIDI,196,7,5.803979443850954
alturas_MIDI,197,2,0.8828661482538191
alturas_MIDI,197,3,2.2277273897854872
alturas_MIDI,197,4,3.8742545862007183
alturas_MIDI,197,5,5.284746847187921
alturas_MIDI,197,6,5.76806856257263
alturas_MIDI,197,7,5.803979443850954
alturas_MIDI,198,2,0.9055359412036676
alturas_MIDI,198,3,2.288139856172589
alturas_MIDI,198,4,3.9226938751602964
alturas_MIDI,198,5,5.273265691735604
alturas_MIDI,198,6,5.763917980653109
alturas_MIDI,198,7,5.803979443850953
alturas_MIDI,199,2,0.9262648017613437
alturas_MIDI,199,3,2.350748395507137
alturas_MIDI,199,4,4.030812353256387
alturas_MIDI,199,5,5.376128054787233
alturas_MIDI,199,6,5.744731682264382
alturas_MIDI,199,7,5.795653351591975
alturas_MIDI,200,2,0.934979999415104
alturas_MIDI,200,3,2.3089788595752863
alturas_MIDI,200,4,3.8974260518370842
alturas_MIDI,200,5,5.304216853943047
alturas_MIDI,200,6,5.7722191444921505
alturas_MIDI,200,7,5.803979443850953
alturas_MIDI,201,2,0.8999932234786937
alturas_MIDI,201,3,2.2748378612712914
alturas_MIDI,201,4,3.9033590486927916
alturas_MIDI,201,5,5.263849255323318
alturas_MIDI,201,6,5.71512835712063
alturas_MIDI,201,7,5.791490305462485
alturas_MIDI,202,2,0.9212068994126033
alturas_MIDI,202,3,2.3480374437929354
alturas_MIDI,202,4,3.9864120866476718
alturas_MIDI,202,5,5.303202531335311
alturas_MIDI,202,6,5.723978772666778
alturas_MIDI,202,7,5.791490305462487
alturas_MIDI,203,2,0.8872592084020884
alturas_MIDI,203,3,2.288936228759777
alturas_MIDI,203,4,3.9183746367885606
alturas_MIDI,203,5,5.28514127604304
alturas_MIDI,203,6,5.755616816814068
alturas_MIDI,203,7,5.803979443850954
alturas_MIDI,204,2,0.8944965692986546
alturas_MIDI,204,3,2.2826561135050807
alturas_MIDI,204,4,3.9570704682285123
alturas_MIDI,204,5,5.314656233052037
alturas_MIDI,204,6,5.765484591861985
alturas_MIDI,204,7,5.803979443850953
alturas_MIDI,205,2,0.9213023460817386
alturas_MIDI,205,3,2.3485289665368816
alturas_MIDI,205,4,4.029456931679823
alturas_MIDI,205,5,5.31561710770355
alturas_MIDI,205,6,5.728129354586299
alturas_MIDI,205,7,5.7998163977214645
alturas_MIDI,206,2,0.9497256211543599
alturas_MIDI,206,3,2.36877696101842
alturas_MIDI,206,4,4.000859950712833
alturas_MIDI,206,5,5.3569990289310105
alturas_MIDI,206,6,5.73643051842534
alturas_MIDI,206,7,5.795653351591976
alturas_MIDI,207,2,0.863038560126473
alturas_MIDI,207,3,2.225463178479338
alturas_MIDI,207,4,3.8766704184655385
alturas_MIDI,207,5,5.264656946680184
alturas_MIDI,207,6,5.743165071055506
alturas_MIDI,207,7,5.799816397721465
alturas_MIDI,208,2,0.9161387576918345
alturas_MIDI,208,3,2.3464046444837345
alturas_MIDI,208,4,4.018415122355968
alturas_MIDI,208,5,5.404287708289589
alturas_MIDI,208,6,5.753032846103423
alturas_MIDI,208,7,5.803979443850954
alturas_MIDI,209,2,0.9056115642331697
alturas_MIDI,209,3,2.3286615789369445
alturas_MIDI,209,4,4.018468070692782
alturas_MIDI,209,5,5.340446260440022
alturas_MIDI,209,6,5.755616816814068
alturas_MIDI,209,7,5.803979443850953
alturas_MIDI,210,2,0.8944965692986548
alturas_MIDI,210,3,2.2807360624503334
alturas_MIDI,210,4,3.930414160851641
alturas_MIDI,210,5,5.329800250080165
alturas_MIDI,210,6,5.782086919540068
alturas_MIDI,210,7,5.808142489980443
alturas_MIDI,211,2,0.9105433271099104
alturas_MIDI,211,3,2.3511456324351796
alturas_MIDI,211,4,4.061347708262063
alturas_MIDI,211,5,5.427554926268558
alturas_MIDI,211,6,5.769635173781506
alturas_MIDI,211,7,5.803979443850953
alturas_MIDI,212,2,0.9204430874663296
alturas_MIDI,212,3,2.346018650935857
alturas_MIDI,212,4,3.997461635047644
alturas_MIDI,212,5,5.316631430311287
alturas_MIDI,212,6,5.744731682264382
alturas_MIDI,212,7,5.808142489980443
alturas_MIDI,213,2,0.9213786986490775
alturas_MIDI,213,3,2.3203612152459367
alturas_MIDI,213,4,3.9779105453224
alturas_MIDI,213,5,5.304937966085766
alturas_MIDI,213,6,5.755616816814068
alturas_MIDI,213,7,5.803979443850953
alturas_MIDI,214,2,0.8642039944248936
alturas_MIDI,214,3,2.263259737997371
alturas_MIDI,214,4,3.949144396819107
alturas_MIDI,214,5,5.308561677316664
alturas_MIDI,214,6,5.734863907216464
alturas_MIDI,214,7,5.803979443850954
alturas_MIDI,215,2,0.9263797032824571
alturas_MIDI,215,3,2.3089160574944994
alturas_MIDI,215,4,3.973033961073103
alturas_MIDI,215,5,5.282170589822682
alturas_MIDI,215,6,5.704243222570944
alturas_MIDI,215,7,5.7831642132035075
alturas_MIDI,216,2,0.9354814339174999
alturas_MIDI,216,3,2.32276107735796
alturas_MIDI,216,4,3.9723447011211737
alturas_MIDI,216,5,5.30067972192629
alturas_MIDI,216,6,5.723978772666778
alturas_MIDI,216,7,5.7998163977214645
alturas_MIDI,217,2,0.9213786986490775
alturas_MIDI,217,3,2.368493679808779
alturas_MIDI,217,4,4.02972230564206
alturas_MIDI,217,5,5.375320363430371
alturas_MIDI,217,6,5.782086919540068
alturas_MIDI,217,7,5.808142489980443
alturas_MIDI,218,2,0.9148823457736706
alturas_MIDI,218,3,2.314086429589878
alturas_MIDI,218,4,3.9351644777293773
alturas_MIDI,218,5,5.261398727517142
alturas_MIDI,218,6,5.73227993650582
alturas_MIDI,218,7,5.808142489980443
alturas_MIDI,219,2,0.9309712481973271
alturas_MIDI,219,3,2.323603030566816
alturas_MIDI,219,4,3.9867817553911653
alturas_MIDI,219,5,5.304010222692174
alturas_MIDI,219,6,5.723978772666778
alturas_MIDI,219,7,5.7998163977214645
alturas_MIDI,220,2,0.9109416766116634
alturas_MIDI,220,3,2.3543523944077567
alturas_MIDI,220,4,4.03225533728814
alturas_MIDI,220,5,5.344791083813642
alturas_MIDI,220,6,5.753032846103423
alturas_MIDI,220,7,5.795653351591975
alturas_MIDI,221,2,0.8931809859580779
alturas_MIDI,221,3,2.32050051389738
alturas_MIDI,221,4,4.028953866869128
alturas_MIDI,221,5,5.390858809313618
alturas_MIDI,221,6,5.757183428022944
alturas_MIDI,221,7,5.803979443850954
alturas_MIDI,222,2,0.9055359412036676
alturas_MIDI,222,3,2.303430906659911
alturas_MIDI,222,4,3.993847104590206
alturas_MIDI,222,5,5.350491210693899
alturas_MIDI,222,6,5.761334009942464
alturas_MIDI,222,7,5.803979443850954
alturas_MIDI,223,2,0.953790541815766
alturas_MIDI,223,3,2.3853950360098897
alturas_MIDI,223,4,4.0421804761448845
alturas_MIDI,223,5,5.377689989544737
alturas_MIDI,223,6,5.777936337620547
alturas_MIDI,223,7,5.808142489980443
alturas_MIDI,224,2,0.8999932234786938
alturas_MIDI,224,3,2.3127766556764775
alturas_MIDI,224,4,3.97328272098197
alturas_MIDI,224,5,5.376882298187874
alturas_MIDI,224,6,5.773785755701026
alturas_MIDI,224,7,5.808142489980443
alturas_MIDI,225,2,0.9035682946998228
alturas_MIDI,225,3,2.2959669392991255
alturas_MIDI,225,4,3.9120232925786707
alturas_MIDI,225,5,5.254271015527411
alturas_MIDI,225,6,5.713354496004443
alturas_MIDI,225,7,5.787327259332997
alturas_MIDI,226,2,0.9109416766116634
alturas_MIDI,226,3,2.327086881856455
alturas_MIDI,226,4,3.951594777459678
alturas_MIDI,226,5,5.303202531335312
alturas_MIDI,226,6,5.740581100344861
alturas_MIDI,226,7,5.803979443850954
alturas_MIDI,227,2,0.8878589353453492
alturas_MIDI,227,3,2.296882774293376
alturas_MIDI,227,4,3.9377952699842553
alturas_MIDI,227,5,5.286102150694554
alturas_MIDI,227,6,5.722412161457902
alturas_MIDI,227,7,5.803979443850954
alturas_MIDI,228,2,0.8761445622353317
alturas_MIDI,228,3,2.2714136360915433
alturas_MIDI,228,4,3.9282827611676825
alturas_MIDI,228,5,5.304423485193916
alturas_MIDI,228,6,5.753032846103423
alturas_MIDI,228,7,5.799816397721464
alturas_MIDI,229,2,0.8761445622353317
alturas_MIDI,229,3,2.269550210219465
alturas_MIDI,229,4,3.959021514595583
alturas_MIDI,229,5,5.309916980823297
alturas_MIDI,229,6,5.7332972960075885
alturas_MIDI,229,7,5.799816397721465
alturas_MIDI,230,2,0.8705593316223038
alturas_MIDI,230,3,2.2460955188723384
alturas_MIDI,230,4,3.8764611375046933
alturas_MIDI,230,5,5.256668095377374
alturas_MIDI,230,6,5.751466234894547
alturas_MIDI,230,7,5.7998163977214645
alturas_MIDI,231,2,0.8989562661699422
alturas_MIDI,231,3,2.329143694176197
alturas_MIDI,231,4,3.985231803504666
alturas_MIDI,231,5,5.341460583047759
alturas_MIDI,231,6,5.744731682264382
alturas_MIDI,231,7,5.795653351591976
alturas_MIDI,232,2,0.9213023460817387
alturas_MIDI,232,3,2.3360321166685383
alturas_MIDI,232,4,4.030134849650596
alturas_MIDI,232,5,5.394997001436364
alturas_MIDI,232,6,5.769635173781506
alturas_MIDI,232,7,5.808142489980443
alturas_MIDI,233,2,0.857296880176867
alturas_MIDI,233,3,2.2610681646989526
alturas_MIDI,233,4,3.927258373010865
alturas_MIDI,233,5,5.324701183305902
alturas_MIDI,233,6,5.744731682264382
alturas_MIDI,233,7,5.808142489980443
alturas_MIDI,234,2,0.9400491283259707
alturas_MIDI,234,3,2.364765355342875
alturas_MIDI,234,4,4.028154946428133
alturas_MIDI,234,5,5.406397255196867
alturas_MIDI,234,6,5.744731682264382
alturas_MIDI,234,7,5.7998163977214645
alturas_MIDI,235,2,0.9107140623628861
alturas_MIDI,235,3,2.328147276671768
alturas_MIDI,235,4,4.004418508605451
alturas_MIDI,235,5,5.360723958552009
alturas_MIDI,235,6,5.748882264183902
alturas_MIDI,235,7,5.795653351591976
alturas_MIDI,236,2,0.8945341391980615
alturas_MIDI,236,3,2.2845379995355186
alturas_MIDI,236,4,3.917930653602021
alturas_MIDI,236,5,5.3148628643029046
alturas_MIDI,236,6,5.755616816814068
alturas_MIDI,236,7,5.803979443850954
alturas_MIDI,237,2,0.9209014255517869
alturas_MIDI,237,3,2.320537317747043
alturas_MIDI,237,4,3.997103304930304
alturas_MIDI,237,5,5.360670510595795
alturas_MIDI,237,6,5.765484591861985
alturas_MIDI,237,7,5.795653351591976
alturas_MIDI,238,2,0.8887767700084495
alturas_MIDI,238,3,2.2828179734332474
alturas_MIDI,238,4,3.9114793766779647
alturas_MIDI,238,5,5.310177060030387
alturas_MIDI,238,6,5.730713325296944
alturas_MIDI,238,7,5.795653351591976
alturas_MIDI,239,2,0.916024585708558
alturas_MIDI,239,3,2.3241377726534806
alturas_MIDI,239,4,3.9550279449637897
alturas_MIDI,239,5,5.273480943075448
alturas_MIDI,239,6,5.744731682264382
alturas_MIDI,239,7,5.808142489980443
alturas_MIDI,240,2,0.856632944708623
alturas_MIDI,240,3,2.2305101796468656
alturas_MIDI,240,4,3.8488476642619496
alturas_MIDI,240,5,5.251641310205956
alturas_MIDI,240,6,5.711527026908216
alturas_MIDI,240,7,5.791490305462486
alturas_MIDI,241,2,0.9162529202299777
alturas_MIDI,241,3,2.3341525455282444
alturas_MIDI,241,4,3.9906800224203405
alturas_MIDI,241,5,5.308014065166892
alturas_MIDI,241,6,5.718261579538382
alturas_MIDI,241,7,5.791490305462487
alturas_MIDI,242,2,0.8945341391980615
alturas_MIDI,242,3,2.3229417387793907
alturas_MIDI,242,4,3.9695557116738227
alturas_MIDI,242,5,5.33807663432566
alturas_MIDI,242,6,5.761334009942464
alturas_MIDI,242,7,5.808142489980443
alturas_MIDI,243,2,0.8641485192462202
alturas_MIDI,243,3,2.261367370426707
alturas_MIDI,243,4,3.941889762950467
alturas_MIDI,243,5,5.256327114478471
alturas_MIDI,243,6,5.734863907216464
alturas_MIDI,243,7,5.808142489980443
alturas_MIDI,244,2,0.8827541467090004
alturas_MIDI,244,3,2.265999209101518
alturas_MIDI,244,4,3.919238094812593
alturas_MIDI,244,5,5.317852384169891
alturas_MIDI,244,6,5.748882264183902
alturas_MIDI,244,7,5.808142489980443
alturas_MIDI,245,2,0.9087208383435516
alturas_MIDI,245,3,2.2951095381743714
alturas_MIDI,245,4,3.964876911712851
alturas_MIDI,245,5,5.31046459297307
alturas_MIDI,245,6,5.7597673987335885
alturas_MIDI,245,7,5.7998163977214645
alturas_MIDI,246,2,0.9360597828091104
alturas_MIDI,246,3,2.363387500409573
alturas_MIDI,246,4,4.061714339917307
alturas_MIDI,246,5,5.388075920697509
alturas_MIDI,246,6,5.761334009942464
alturas_MIDI,246,7,5.808142489980443
alturas_MIDI,247,2,0.8639265968551273
alturas_MIDI,247,3,2.27492574232362
alturas_MIDI,247,4,3.9010305024136107
alturas_MIDI,247,5,5.296147100948423
alturas_MIDI,247,6,5.7597673987335885
alturas_MIDI,247,7,5.803979443850954
alturas_MIDI,248,2,0.8944965692986546
alturas_MIDI,248,3,2.280491325412804
alturas_MIDI,248,4,3.9165323134564427
alturas_MIDI,248,5,5.281416346422035
alturas_MIDI,248,6,5.7473156529750264
alturas_MIDI,248,7,5.799816397721465
alturas_MIDI,249,2,0.8827541467090003
alturas_MIDI,249,3,2.309921619912716
alturas_MIDI,249,4,3.973563357725277
alturas_MIDI,249,5,5.3170981407692475
alturas_MIDI,249,6,5.769635173781506
alturas_MIDI,249,7,5.808142489980443
alturas_MIDI,250,2,0.8851018152323059
alturas_MIDI,250,3,2.2618027449568903
alturas_MIDI,250,4,3.9523663954219437
alturas_MIDI,250,5,5.334746133559773
alturas_MIDI,250,6,5.76806856257263
alturas_MIDI,250,7,5.7998163977214645
alturas_MIDI,251,2,0.8700398464609564
alturas_MIDI,251,3,2.2474698205434955
alturas_MIDI,251,4,3.9173062280255713
alturas_MIDI,251,5,5.285087828086823
alturas_MIDI,251,6,5.715677608827737
alturas_MIDI,251,7,5.799816397721464
alturas_MIDI,252,2,0.9346713324721637
alturas_MIDI,252,3,2.359022889392469
alturas_MIDI,252,4,4.027421837218905
alturas_MIDI,252,5,5.368106072226498
alturas_MIDI,252,6,5.753032846103423
alturas_MIDI,252,7,5.808142489980443
alturas_MIDI,253,2,0.881820453416653
alturas_MIDI,253,3,2.2826664310444214
alturas_MIDI,253,4,3.917452566800325
alturas_MIDI,253,5,5.238265859186197
alturas_MIDI,253,6,5.739014489135985
alturas_MIDI,253,7,5.795653351591976
alturas_MIDI,254,2,0.9540639945667413
alturas_MIDI,254,3,2.3614418319483255
alturas_MIDI,254,4,3.994879176067302
alturas_MIDI,254,5,5.348462565478428
alturas_MIDI,254,6,5.786237501459588
alturas_MIDI,254,7,5.808142489980443
alturas_MIDI,255,2,0.9055359412036676
alturas_MIDI,255,3,2.307730908457948
alturas_MIDI,255,4,3.978230209082604
alturas_MIDI,255,5,5.31819336506879
alturas_MIDI,255,6,5.7597673987335885
alturas_MIDI,255,7,5.808142489980443
alturas_MIDI,256,2,0.8765168383082693
alturas_MIDI,256,3,2.269404617298695
alturas_MIDI,256,4,3.937702850183568
alturas_MIDI,256,5,5.348175032535744
alturas_MIDI,256,6,5.773785755701026
alturas_MIDI,256,7,5.799816397721465
alturas_MIDI,257,2,0.8767959809068269
alturas_MIDI,257,3,2.2708370161372207
alturas_MIDI,257,4,3.956076331761254
alturas_MIDI,257,5,5.349997046500341
alturas_MIDI,257,6,5.769635173781506
alturas_MIDI,257,7,5.808142489980443
alturas_MIDI,258,2,0.8826421362453817
alturas_MIDI,258,3,2.278077156999581
alturas_MIDI,258,4,3.941447592279135
alturas_MIDI,258,5,5.309109289466436
alturas_MIDI,258,6,5.761334009942464
alturas_MIDI,258,7,5.795653351591977
alturas_MIDI,259,2,0.9110175397125628
alturas_MIDI,259,3,2.330722950001387
alturas_MIDI,259,4,4.0042177471050175
alturas_MIDI,259,5,5.335419475268602
alturas_MIDI,259,6,5.740581100344861
alturas_MIDI,259,7,5.808142489980443
alturas_MIDI,260,2,0.9141584371981479
alturas_MIDI,260,3,2.3189741417648535
alturas_MIDI,260,4,3.9738168768185984
alturas_MIDI,260,5,5.321783945041763
alturas_MIDI,260,6,5.761334009942464
alturas_MIDI,260,7,5.7998163977214645
alturas_MIDI,261,2,0.9312594559996149
alturas_MIDI,261,3,2.3295987772754287
alturas_MIDI,261,4,3.990297970076078
alturas_MIDI,261,5,5.34716070992801
alturas_MIDI,261,6,5.761334009942464
alturas_MIDI,261,7,5.795653351591975
alturas_MIDI,262,2,0.9213023460817387
alturas_MIDI,262,3,2.325566450980295
alturas_MIDI,262,4,4.030302513197683
alturas_MIDI,262,5,5.391873131921355
alturas_MIDI,262,6,5.773785755701026
alturas_MIDI,262,7,5.808142489980443
alturas_MIDI,263,2,0.8576655994804552
alturas_MIDI,263,3,2.2439196190839974
alturas_MIDI,263,4,3.8759533964997894
alturas_MIDI,263,5,5.306452130409384
alturas_MIDI,263,6,5.716694968329506
alturas_MIDI,263,7,5.795653351591977
alturas_MIDI,264,2,0.8999932234786937
alturas_MIDI,264,3,2.2640409656343103
alturas_MIDI,264,4,3.892145280744337
alturas_MIDI,264,5,5.268741690846709
alturas_MIDI,264,6,5.744731682264382
alturas_MIDI,264,7,5.808142489980443
alturas_MIDI,265,2,0.8945341391980615
alturas_MIDI,265,3,2.3150785242631264
alturas_MIDI,265,4,4.00861225949895
alturas_MIDI,265,5,5.328839375428648
alturas_MIDI,265,6,5.734863907216464
alturas_MIDI,265,7,5.795653351591975
alturas_MIDI,266,2,0.9122515930451989
alturas_MIDI,266,3,2.3088189694475663
alturas_MIDI,266,4,3.936139154692897
alturas_MIDI,266,5,5.291048034174161
alturas_MIDI,266,6,5.731730684798713
alturas_MIDI,266,7,5.808142489980443
alturas_MIDI,267,2,0.9618397731562001
alturas_MIDI,267,3,2.377952188511723
alturas_MIDI,267,4,4.082711795117355
alturas_MIDI,267,5,5.415687962050094
alturas_MIDI,267,6,5.744731682264382
alturas_MIDI,267,7,5.795653351591977
alturas_MIDI,268,2,0.8575549937116617
alturas_MIDI,268,3,2.2227752641253287
alturas_MIDI,268,4,3.9041442496158956
alturas_MIDI,268,5,5.306452130409387
alturas_MIDI,268,6,5.723978772666778
alturas_MIDI,268,7,5.791490305462487
alturas_MIDI,269,2,0.8700398464609564
alturas_MIDI,269,3,2.210966008483493
alturas_MIDI,269,4,3.8650061258677377
alturas_MIDI,269,5,5.325374525014737
alturas_MIDI,269,6,5.782086919540068
alturas_MIDI,269,7,5.808142489980443
alturas_MIDI,270,2,0.9579843993742471
alturas_MIDI,270,3,2.4106816336812713
alturas_MIDI,270,4,4.084491342687849
alturas_MIDI,270,5,5.382582425068127
alturas_MIDI,270,6,5.773785755701026
alturas_MIDI,270,7,5.808142489980443
alturas_MIDI,271,2,0.8639265968551273
alturas_MIDI,271,3,2.2354972819496863
alturas_MIDI,271,4,3.928102033985502
alturas_MIDI,271,5,5.294926147089821
alturas_MIDI,271,6,5.765484591861985
alturas_MIDI,271,7,5.808142489980443
alturas_MIDI,272,2,0.9108468418894744
alturas_MIDI,272,3,2.350688470769973
alturas_MIDI,272,4,4.03534491426772
alturas_MIDI,272,5,5.380472878160848
alturas_MIDI,272,6,5.761334009942464
alturas_MIDI,272,7,5.803979443850954
alturas_MIDI,273,2,0.9213596109045206
alturas_MIDI,273,3,2.335981609272835
alturas_MIDI,273,4,3.9965272793617928
alturas_MIDI,273,5,5.329719348388351
alturas_MIDI,273,6,5.777936337620547
alturas_MIDI,273,7,5.803979443850954
alturas_MIDI,274,2,0.9158723417002296
alturas_MIDI,274,3,2.314087764049796
alturas_MIDI,274,4,3.988348274787507
alturas_MIDI,274,5,5.342474905655493
alturas_MIDI,274,6,5.757183428022944
alturas_MIDI,274,7,5.7998163977214645
alturas_MIDI,275,2,0.9109985743270244
alturas_MIDI,275,3,2.322701765507804
alturas_MIDI,275,4,3.9520430218558222
alturas_MIDI,275,5,5.309369368673523
alturas_MIDI,275,6,5.7597673987335885
alturas_MIDI,275,7,5.808142489980443
alturas_MIDI,276,2,0.8939704846353658
alturas_MIDI,276,3,2.2965096331577324
alturas_MIDI,276,4,3.9707319410086668
alturas_MIDI,276,5,5.325455426706548
alturas_MIDI,276,6,5.753032846103423
alturas_MIDI,276,7,5.803979443850953
alturas_MIDI,277,2,0.9108468418894744
alturas_MIDI,277,3,2.309229254318548
alturas_MIDI,277,4,3.9707757109050563
alturas_MIDI,277,5,5.374306040822636
alturas_MIDI,277,6,5.7597673987335885
alturas_MIDI,277,7,5.803979443850954
alturas_MIDI,278,2,0.8941583947520741
alturas_MIDI,278,3,2.2940503804784056
alturas_MIDI,278,4,3.967997068263649
alturas_MIDI,278,5,5.3039293210003615
alturas_MIDI,278,6,5.722412161457902
alturas_MIDI,278,7,5.799816397721465
alturas_MIDI,279,2,0.916024585708558
alturas_MIDI,279,3,2.2837086680068572
alturas_MIDI,279,4,3.9316636615691682
alturas_MIDI,279,5,5.328498394529749
alturas_MIDI,279,6,5.782086919540068
alturas_MIDI,279,7,5.808142489980443
alturas_MIDI,280,2,0.9105433271099104
alturas_MIDI,280,3,2.272747016744093
alturas_MIDI,280,4,3.9239816999012542
alturas_MIDI,280,5,5.286362229901647
alturas_MIDI,280,6,5.740581100344861
alturas_MIDI,280,7,5.803979443850954
alturas_MIDI,281,2,0.8642224856695407
alturas_MIDI,281,3,2.274665168878691
alturas_MIDI,281,4,3.9301007801024266
alturas_MIDI,281,5,5.3447910838136385
alturas_MIDI,281,6,5.765484591861985
alturas_MIDI,281,7,5.803979443850954
alturas_MIDI,282,2,0.8763493262346542
alturas_MIDI,282,3,2.2485292852625385
alturas_MIDI,282,4,3.896162850143915
alturas_MIDI,282,5,5.259351248655049
alturas_MIDI,282,6,5.7083938044904645
alturas_MIDI,282,7,5.7831642132035075
alturas_MIDI,283,2,0.9109985743270244
alturas_MIDI,283,3,2.346502037253284
alturas_MIDI,283,4,4.0187014892735355
alturas_MIDI,283,5,5.408973512562106
alturas_MIDI,283,6,5.753032846103423
alturas_MIDI,283,7,5.803979443850954
alturas_MIDI,284,2,0.8826421362453817
alturas_MIDI,284,3,2.272980531336175
alturas_MIDI,284,4,3.9491487669899663
alturas_MIDI,284,5,5.268708559588788
alturas_MIDI,284,6,5.7332972960075885
alturas_MIDI,284,7,5.7998163977214645
alturas_MIDI,285,2,0.9263797032824571
alturas_MIDI,285,3,2.3581362271830937
alturas_MIDI,285,4,4.028330745226628
alturas_MIDI,285,5,5.360329529696888
alturas_MIDI,285,6,5.744731682264382
alturas_MIDI,285,7,5.803979443850954
alturas_MIDI,286,2,0.9162529202299777
alturas_MIDI,286,3,2.3090946992653194
alturas_MIDI,286,4,3.9233496855526764
alturas_MIDI,286,5,5.312205705245854
alturas_MIDI,286,6,5.753032846103423
alturas_MIDI,286,7,5.795653351591977
alturas_MIDI,287,2,0.8994842682081474
alturas_MIDI,287,3,2.3261086042068255
alturas_MIDI,287,4,4.010844303269085
alturas_MIDI,287,5,5.383390116424992
alturas_MIDI,287,6,5.757183428022944
alturas_MIDI,287,7,5.799816397721465
alturas_MIDI,288,2,0.9259966607579806
alturas_MIDI,288,3,2.3479242706688295
alturas_MIDI,288,4,4.030212065299848
alturas_MIDI,288,5,5.376334686038102
alturas_MIDI,288,6,5.73643051842534
alturas_MIDI,288,7,5.795653351591977
alturas_MIDI,289,2,0.9109985743270244
alturas_MIDI,289,3,2.289865401985495
alturas_MIDI,289,4,3.9512298856294663
alturas_MIDI,289,5,5.320769622434028
alturas_MIDI,289,6,5.739014489135985
alturas_MIDI,289,7,5.803979443850953
alturas_MIDI,290,2,0.8945341391980615
alturas_MIDI,290,3,2.307045073274939
alturas_MIDI,290,4,3.961681746142931
alturas_MIDI,290,5,5.360122898446022
alturas_MIDI,290,6,5.765484591861985
alturas_MIDI,290,7,5.808142489980443
alturas_MIDI,291,2,0.9127857760052219
alturas_MIDI,291,3,2.3377301147899368
alturas_MIDI,291,4,3.9651264756199183
alturas_MIDI,291,5,5.306586480057414
alturas_MIDI,291,6,5.731730684798713
alturas_MIDI,291,7,5.799816397721465
alturas_MIDI,292,2,0.8994842682081474
alturas_MIDI,292,3,2.328860387154216
alturas_MIDI,292,4,4.024731248827442
alturas_MIDI,292,5,5.356191337574145
alturas_MIDI,292,6,5.748882264183902
alturas_MIDI,292,7,5.791490305462486
alturas_MIDI,293,2,0.9162529202299777
alturas_MIDI,293,3,2.328955791604567
alturas_MIDI,293,4,4.035590402821927
alturas_MIDI,293,5,5.385966373790229
alturas_MIDI,293,6,5.734863907216464
alturas_MIDI,293,7,5.808142489980443
alturas_MIDI,294,2,0.8887767700084495
alturas_MIDI,294,3,2.258404515530746
alturas_MIDI,294,4,3.9088176389523737
alturas_MIDI,294,5,5.291048034174163
alturas_MIDI,294,6,5.777936337620547
alturas_MIDI,294,7,5.808142489980443
alturas_MIDI,295,2,0.9346713324721637
alturas_MIDI,295,3,2.3497724315029362
alturas_MIDI,295,4,4.05722331763427
alturas_MIDI,295,5,5.3265231972704985
alturas_MIDI,295,6,5.730713325296944
alturas_MIDI,295,7,5.803979443850954
alturas_MIDI,296,2,0.9402619291370394
alturas_MIDI,296,3,2.3637076224441187
alturas_MIDI,296,4,4.014351789965008
alturas_MIDI,296,5,5.371729783457399
alturas_MIDI,296,6,5.765484591861985
alturas_MIDI,296,7,5.7998163977214645
alturas_MIDI,297,2,0.8884771349705098
alturas_MIDI,297,3,2.258854870203992
alturas_MIDI,297,4,3.918989091445352
alturas_MIDI,297,5,5.314055172946047
alturas_MIDI,297,6,5.757183428022944
alturas_MIDI,297,7,5.808142489980443
alturas_MIDI,298,2,0.9161387576918345
alturas_MIDI,298,3,2.335969715452548
alturas_MIDI,298,4,4.021369946619949
alturas_MIDI,298,5,5.360877141846666
alturas_MIDI,298,6,5.748882264183902
alturas_MIDI,298,7,5.791490305462487
alturas_MIDI,299,2,0.9246551680162745
alturas_MIDI,299,3,2.3510985814652607
alturas_MIDI,299,4,4.026847004201324
alturas_MIDI,299,5,5.3021073070357625
alturas_MIDI,299,6,5.740581100344861
alturas_MIDI,299,7,5.799816397721465
alturas_MIDI,300,2,0.9482259465877089
alturas_MIDI,300,3,2.3521696880785687
alturas_MIDI,300,4,4.01714495185495
alturas_MIDI,300,5,5.363713478418996
alturas_MIDI,300,6,5.753032846103423
alturas_MIDI,300,7,5.808142489980443
alturas_MIDI,301,2,0.9494920153499824
alturas_MIDI,301,3,2.3495174609156235
alturas_MIDI,301,4,4.011620636837498
alturas_MIDI,301,5,5.318399996319663
alturas_MIDI,301,6,5.757183428022944
alturas_MIDI,301,7,5.808142489980443
alturas_MIDI,302,2,0.9405713980423165
alturas_MIDI,302,3,2.3500739517549842
alturas_MIDI,302,4,4.003162429959804
alturas_MIDI,302,5,5.3455987751705045
alturas_MIDI,302,6,5.744731682264382
alturas_MIDI,302,7,5.808142489980443
alturas_MIDI,303,2,0.9255751903078847
alturas_MIDI,303,3,2.335647685061458
alturas_MIDI,303,4,4.013345203702666
alturas_MIDI,303,5,5.359234305397346
alturas_MIDI,303,6,5.748882264183902
alturas_MIDI,303,7,5.803979443850953
alturas_MIDI,304,2,0.8883085621148891
alturas_MIDI,304,3,2.2800562967070914
alturas_MIDI,304,4,3.964629600166017
alturas_MIDI,304,5,5.3341985214099985
alturas_MIDI,304,6,5.7332972960075885
alturas_MIDI,304,7,5.795653351591976
alturas_MIDI,305,2,0.8905837679520984
alturas_MIDI,305,3,2.2869136572110955
alturas_MIDI,305,4,3.946085298505143
alturas_MIDI,305,5,5.356191337574146
alturas_MIDI,305,6,5.786237501459588
alturas_MIDI,305,7,5.808142489980443
alturas_MIDI,306,2,0.8941583947520741
alturas_MIDI,306,3,2.274513919886621
alturas_MIDI,306,4,3.9519182543050517
alturas_MIDI,306,5,5.359781917547119
alturas_MIDI,306,6,5.773785755701026
alturas_MIDI,306,7,5.808142489980443
alturas_MIDI,307,2,0.8642039944248936
alturas_MIDI,307,3,2.2561473794060496
alturas_MIDI,307,4,3.9574724877153593
alturas_MIDI,307,5,5.312493238188543
alturas_MIDI,307,6,5.769635173781506
alturas_MIDI,307,7,5.808142489980443
alturas_MIDI,308,2,0.8944965692986546
alturas_MIDI,308,3,2.2962636313498015
alturas_MIDI,308,4,3.971840449135647
alturas_MIDI,308,5,5.297161423556163
alturas_MIDI,308,6,5.7457490417661505
alturas_MIDI,308,7,5.799816397721465
alturas_MIDI,309,2,0.9359441326752647
alturas_MIDI,309,3,2.32659615656246
alturas_MIDI,309,4,3.9737498596846854
alturas_MIDI,309,5,5.333938442202912
alturas_MIDI,309,6,5.765484591861985
alturas_MIDI,309,7,5.799816397721465
alturas_MIDI,310,2,0.9608952512564795
alturas_MIDI,310,3,2.3579658616398733
alturas_MIDI,310,4,4.057508849925285
alturas_MIDI,310,5,5.385966373790229
alturas_MIDI,310,6,5.743165071055506
alturas_MIDI,310,7,5.795653351591975
alturas_MIDI,311,2,0.899691642806596
alturas_MIDI,311,3,2.32793642593151
alturas_MIDI,311,4,3.9943009861446357
alturas_MIDI,311,5,5.3311555535868
alturas_MIDI,311,6,5.748882264183902
alturas_MIDI,311,7,5.803979443850954
alturas_MIDI,312,2,0.9001628339217187
alturas_MIDI,312,3,2.290674022146047
alturas_MIDI,312,4,3.977499291767946
alturas_MIDI,312,5,5.367043979184878
alturas_MIDI,312,6,5.753032846103423
alturas_MIDI,312,7,5.803979443850953
alturas_MIDI,313,2,0.9162529202299776
alturas_MIDI,313,3,2.3652476490716134
alturas_MIDI,313,4,4.070765600320997
alturas_MIDI,313,5,5.427635827960375
alturas_MIDI,313,6,5.748882264183902
alturas_MIDI,313,7,5.808142489980443
alturas_MIDI,314,2,0.9312018193012837
alturas_MIDI,314,3,2.3542389110653175
alturas_MIDI,314,4,4.063788127656152
alturas_MIDI,314,5,5.369153526092154
alturas_MIDI,314,6,5.744731682264382
alturas_MIDI,314,7,5.803979443850953
alturas_MIDI,315,2,0.8768145884501388
alturas_MIDI,315,3,2.260660387910556
alturas_MIDI,315,4,3.9336829493299157
alturas_MIDI,315,5,5.307855204349906
alturas_MIDI,315,6,5.749899623685671
alturas_MIDI,315,7,5.795653351591976
alturas_MIDI,316,2,0.905649374203974
alturas_MIDI,316,3,2.3311517350808293
alturas_MIDI,316,4,4.012354445685186
alturas_MIDI,316,5,5.382582425068126
alturas_MIDI,316,6,5.7597673987335885
alturas_MIDI,316,7,5.7998163977214645
alturas_MIDI,317,2,0.9109985743270244
alturas_MIDI,317,3,2.301905370942836
alturas_MIDI,317,4,3.9526454948977903
alturas_MIDI,317,5,5.258149128443073
alturas_MIDI,317,6,5.724996132168547
alturas_MIDI,317,7,5.808142489980443
alturas_MIDI,318,2,0.9105433271099104
alturas_MIDI,318,3,2.3334265245654273
alturas_MIDI,318,4,3.970065825466696
alturas_MIDI,318,5,5.32904600667952
alturas_MIDI,318,6,5.734863907216464
alturas_MIDI,318,7,5.7998163977214645
alturas_MIDI,319,2,0.9407261060453733
alturas_MIDI,319,3,2.3389274503294333
alturas_MIDI,319,4,4.027353952726996
alturas_MIDI,319,5,5.359315207089159
alturas_MIDI,319,6,5.755616816814068
alturas_MIDI,319,7,5.803979443850953
alturas_MIDI,320,2,0.9262648017613438
alturas_MIDI,320,3,2.338443870698229
alturas_MIDI,320,4,3.982079220303747
alturas_MIDI,320,5,5.309916980823298
alturas_MIDI,320,6,5.744731682264382
alturas_MIDI,320,7,5.7998163977214645
alturas_MIDI,321,2,0.8887018672515896
alturas_MIDI,321,3,2.2538288411695
alturas_MIDI,321,4,3.899359812246537
alturas_MIDI,321,5,5.273894205577187
alturas_MIDI,321,6,5.723429520959671
alturas_MIDI,321,7,5.799816397721465
alturas_MIDI,322,2,0.8637601322930484
alturas_MIDI,322,3,2.2469592600074977
alturas_MIDI,322,4,3.873604764895285
alturas_MIDI,322,5,5.257942497192194
alturas_MIDI,322,6,5.719828190747258
alturas_MIDI,322,7,5.803979443850953
alturas_MIDI,323,2,0.8931809859580779
alturas_MIDI,323,3,2.30074628094506
alturas_MIDI,323,4,3.916210711424187
alturas_MIDI,323,5,5.268795138802928
alturas_MIDI,323,6,5.753032846103423
alturas_MIDI,323,7,5.799816397721465
alturas_MIDI,324,2,0.9309712481973271
alturas_MIDI,324,3,2.3311911644103587
alturas_MIDI,324,4,4.015908014375901
alturas_MIDI,324,5,5.300045530562374
alturas_MIDI,324,6,5.743165071055506
alturas_MIDI,324,7,5.808142489980443
alturas_MIDI,325,2,0.8887580446943084
alturas_MIDI,325,3,2.273734056697145
alturas_MIDI,325,4,3.903077200856308
alturas_MIDI,325,5,5.270823784018394
alturas_MIDI,325,6,5.7473156529750264
alturas_MIDI,325,7,5.7998163977214645
alturas_MIDI,326,2,0.8695572965291889
alturas_MIDI,326,3,2.215385429288363
alturas_MIDI,326,4,3.8191014329892377
alturas_MIDI,326,5,5.235689601820958
alturas_MIDI,326,6,5.728129354586299
alturas_MIDI,326,7,5.808142489980443
alturas_MIDI,327,2,0.8944965692986548
alturas_MIDI,327,3,2.3222679368978882
alturas_MIDI,327,4,4.009512615348697
alturas_MIDI,327,5,5.330060329287254
alturas_MIDI,327,6,5.757183428022944
alturas_MIDI,327,7,5.803979443850953
alturas_MIDI,328,2,0.8811851874421525
alturas_MIDI,328,3,2.258969280468922
alturas_MIDI,328,4,3.906166773586927
alturas_MIDI,328,5,5.289692730667526
alturas_MIDI,328,6,5.734863907216464
alturas_MIDI,328,7,5.7998163977214645
alturas_MIDI,329,2,0.9045903056287377
alturas_MIDI,329,3,2.297502035187877
alturas_MIDI,329,4,3.9317823856709198
alturas_MIDI,329,5,5.300886353177159
alturas_MIDI,329,6,5.753032846103423
alturas_MIDI,329,7,5.7998163977214645
alturas_MIDI,330,2,0.9162148670998824
alturas_MIDI,330,3,2.3276780815091933
alturas_MIDI,330,4,3.988046244535969
alturas_MIDI,330,5,5.331362184837672
alturas_MIDI,330,6,5.744731682264382
alturas_MIDI,330,7,5.791490305462488
alturas_MIDI,331,2,0.8992391493115466
alturas_MIDI,331,3,2.275577138293146
alturas_MIDI,331,4,3.918144258651063
alturas_MIDI,331,5,5.255231890178927
alturas_MIDI,331,6,5.730713325296944
alturas_MIDI,331,7,5.799816397721465
alturas_MIDI,332,2,0.9162148670998822
alturas_MIDI,332,3,2.308128418401878
alturas_MIDI,332,4,3.968389815222787
alturas_MIDI,332,5,5.318740977218562
alturas_MIDI,332,6,5.737447877927109
alturas_MIDI,332,7,5.799816397721464
alturas_MIDI,333,2,0.8576655994804552
alturas_MIDI,333,3,2.2315224407878738
alturas_MIDI,333,4,3.87352694943269
alturas_MIDI,333,5,5.292008908825678
alturas_MIDI,333,6,5.739014489135985
alturas_MIDI,333,7,5.808142489980443
alturas_MIDI,334,2,0.9108468418894744
alturas_MIDI,334,3,2.3329072065073793
alturas_MIDI,334,4,4.024360122177393
alturas_MIDI,334,5,5.299531049670528
alturas_MIDI,334,6,5.728129354586299
alturas_MIDI,334,7,5.803979443850954
alturas_MIDI,335,2,0.9035682946998228
alturas_MIDI,335,3,2.317861708989336
alturas_MIDI,335,4,4.007815392157742
alturas_MIDI,335,5,5.314602785095814
alturas_MIDI,335,6,5.7473156529750264
alturas_MIDI,335,7,5.799816397721465
alturas_MIDI,336,2,0.9151870356288526
alturas_MIDI,336,3,2.332536445038627
alturas_MIDI,336,4,4.020661863442942
alturas_MIDI,336,5,5.353615080208907
alturas_MIDI,336,6,5.723978772666778
alturas_MIDI,336,7,5.7998163977214645
alturas_MIDI,337,2,0.8641485192462202
alturas_MIDI,337,3,2.2557337715532055
alturas_MIDI,337,4,3.8808149227724886
alturas_MIDI,337,5,5.258956819799926
alturas_MIDI,337,6,5.73643051842534
alturas_MIDI,337,7,5.799816397721464
alturas_MIDI,338,2,0.8945341391980615
alturas_MIDI,338,3,2.28603211206119
alturas_MIDI,338,4,3.9424671284107258
alturas_MIDI,338,5,5.288678408059795
alturas_MIDI,338,6,5.739014489135985
alturas_MIDI,338,7,5.799816397721465
alturas_MIDI,339,2,0.881820453416653
alturas_MIDI,339,3,2.3082162560151804
alturas_MIDI,339,4,3.998687312280089
alturas_MIDI,339,5,5.346819729029109
alturas_MIDI,339,6,5.73227993650582
alturas_MIDI,339,7,5.795653351591977
alturas_MIDI,340,2,0.9485571871596286
alturas_MIDI,340,3,2.366251137383311
alturas_MIDI,340,4,4.053910690062843
alturas_MIDI,340,5,5.369072624400347
alturas_MIDI,340,6,5.765484591861985
alturas_MIDI,340,7,5.803979443850954
alturas_MIDI,341,2,0.8736664213634601
alturas_MIDI,341,3,2.2441617527012747
alturas_MIDI,341,4,3.882429528549456
alturas_MIDI,341,5,5.255626319034048
alturas_MIDI,341,6,5.723978772666778
alturas_MIDI,341,7,5.803979443850953
alturas_MIDI,342,2,0.916024585708558
alturas_MIDI,342,3,2.327431663583064
alturas_MIDI,342,4,3.9707506392418646
alturas_MIDI,342,5,5.34328259701235
alturas_MIDI,342,6,5.743165071055506
alturas_MIDI,342,7,5.795653351591977
alturas_MIDI,343,2,0.9056115642331697
alturas_MIDI,343,3,2.306639384349502
alturas_MIDI,343,4,3.986522011778075
alturas_MIDI,343,5,5.306999742559154
alturas_MIDI,343,6,5.73227993650582
alturas_MIDI,343,7,5.803979443850954
alturas_MIDI,344,2,0.9210732629475866
alturas_MIDI,344,3,2.330443363872482
alturas_MIDI,344,4,3.9991584129782
alturas_MIDI,344,5,5.299665399318557
alturas_MIDI,344,6,5.693358088021258
alturas_MIDI,344,7,5.795653351591976
alturas_MIDI,345,2,0.9305868765351905
alturas_MIDI,345,3,2.3518821411233928
alturas_MIDI,345,4,4.050525376087393
alturas_MIDI,345,5,5.397573258801602
alturas_MIDI,345,6,5.743165071055506
alturas_MIDI,345,7,5.7998163977214645
alturas_MIDI,346,2,0.9263797032824571
alturas_MIDI,346,3,2.3524998877533543
alturas_MIDI,346,4,4.024590271592072
alturas_MIDI,346,5,5.322538188442405
alturas_MIDI,346,6,5.744731682264382
alturas_MIDI,346,7,5.803979443850954
alturas_MIDI,347,2,0.9498034807663989
alturas_MIDI,347,3,2.3880928713310206
alturas_MIDI,347,4,4.083448683329263
alturas_MIDI,347,5,5.416702284657828
alturas_MIDI,347,6,5.769635173781506
alturas_MIDI,347,7,5.803979443850954
alturas_MIDI,348,2,0.8887018672515896
alturas_MIDI,348,3,2.30291884203922
alturas_MIDI,348,4,3.9528625644282434
alturas_MIDI,348,5,5.282718201972453
alturas_MIDI,348,6,5.734863907216464
alturas_MIDI,348,7,5.799816397721465
alturas_MIDI,349,2,0.9255751903078847
alturas_MIDI,349,3,2.3561360413292256
alturas_MIDI,349,4,4.081906848151921
alturas_MIDI,349,5,5.444188596451358
alturas_MIDI,349,6,5.782086919540068
alturas_MIDI,349,7,5.808142489980443
alturas_MIDI,350,2,0.8560056099606705
alturas_MIDI,350,3,2.225693175810826
alturas_MIDI,350,4,3.895081893682692
alturas_MIDI,350,5,5.299531049670527
alturas_MIDI,350,6,5.740581100344861
alturas_MIDI,350,7,5.803979443850954
alturas_MIDI,351,2,0.8887018672515896
alturas_MIDI,351,3,2.3111863101302648
alturas_MIDI,351,4,3.9765421288652396
alturas_MIDI,351,5,5.320562991183159
alturas_MIDI,351,6,5.782086919540068
alturas_MIDI,351,7,5.808142489980443
alturas_MIDI,352,2,0.9212068994126033
alturas_MIDI,352,3,2.3105806244997167
alturas_MIDI,352,4,3.9627858840990524
alturas_MIDI,352,5,5.3528608368082615
alturas_MIDI,352,6,5.730713325296944
alturas_MIDI,352,7,5.799816397721465
alturas_MIDI,353,2,0.8576287318450936
alturas_MIDI,353,3,2.2431078801363142
alturas_MIDI,353,4,3.899594560554894
alturas_MIDI,353,5,5.3031216296434955
alturas_MIDI,353,6,5.751466234894547
alturas_MIDI,353,7,5.803979443850953
alturas_MIDI,354,2,0.9358284727221837
alturas_MIDI,354,3,2.3587251576620734
alturas_MIDI,354,4,4.020350020855142
alturas_MIDI,354,5,5.366029656577143
alturas_MIDI,354,6,5.7457490417661505
alturas_MIDI,354,7,5.799816397721464
alturas_MIDI,355,2,0.9312594559996149
alturas_MIDI,355,3,2.327784176933311
alturas_MIDI,355,4,3.97018337439379
alturas_MIDI,355,5,5.311685546831676
alturas_MIDI,355,6,5.715677608827737
alturas_MIDI,355,7,5.7998163977214645
alturas_MIDI,356,2,0.8878589353453492
alturas_MIDI,356,3,2.292048984812773
alturas_MIDI,356,4,3.9534806267388425
alturas_MIDI,356,5,5.258490109341968
alturas_MIDI,356,6,5.73643051842534
alturas_MIDI,356,7,5.799816397721465
alturas_MIDI,357,2,0.8642039944248936
alturas_MIDI,357,3,2.2709341547346074
alturas_MIDI,357,4,3.943459494638746
alturas_MIDI,357,5,5.332924119595182
alturas_MIDI,357,6,5.753032846103423
alturas_MIDI,357,7,5.808142489980443
alturas_MIDI,358,2,0.9158723417002296
alturas_MIDI,358,3,2.342420124403291
alturas_MIDI,358,4,4.004742766777191
alturas_MIDI,358,5,5.319414318927396
alturas_MIDI,358,6,5.739014489135985
alturas_MIDI,358,7,5.803979443850954
alturas_MIDI,359,2,0.8704851311294893
alturas_MIDI,359,3,2.2878844155544433
alturas_MIDI,359,4,3.972084957508083
alturas_MIDI,359,5,5.340912970897989
alturas_MIDI,359,6,5.748882264183902
alturas_MIDI,359,7,5.803979443850954
alturas_MIDI,360,2,0.905649374203974
alturas_MIDI,360,3,2.3289764245325895
alturas_MIDI,360,4,4.009594316448233
alturas_MIDI,360,5,5.332717488344307
alturas_MIDI,360,6,5.7208455502490265
alturas_MIDI,360,7,5.803979443850954
alturas_MIDI,361,2,0.8705593316223038
alturas_MIDI,361,3,2.291859949568304
alturas_MIDI,361,4,3.927917874666916
alturas_MIDI,361,5,5.309162737422655
alturas_MIDI,361,6,5.748882264183902
alturas_MIDI,361,7,5.795653351591976
alturas_MIDI,362,2,0.8767401568047267
alturas_MIDI,362,3,2.308815363181364
alturas_MIDI,362,4,3.981239689044043
alturas_MIDI,362,5,5.340186181232937
alturas_MIDI,362,6,5.755616816814068
alturas_MIDI,362,7,5.803979443850953
alturas_MIDI,363,2,0.9050821165232412
alturas_MIDI,363,3,2.3000559311447972
alturas_MIDI,363,4,3.9768743048568496
alturas_MIDI,363,5,5.326469749314282
alturas_MIDI,363,6,5.769635173781506
alturas_MIDI,363,7,5.803979443850953
alturas_MIDI,364,2,0.9359441326752647
alturas_MIDI,364,3,2.3192247201048692
alturas_MIDI,364,4,3.982272655152487
alturas_MIDI,364,5,5.280108813349292
alturas_MIDI,364,6,5.74159845984663
alturas_MIDI,364,7,5.795653351591975
alturas_MIDI,365,2,0.8886082331786853
alturas_MIDI,365,3,2.2839960115628277
alturas_MIDI,365,4,3.985008887900907
alturas_MIDI,365,5,5.361891464454399
alturas_MIDI,365,6,5.757183428022944
alturas_MIDI,365,7,5.803979443850954
alturas_MIDI,366,2,0.8367952824203133
alturas_MIDI,366,3,2.187668325165476
alturas_MIDI,366,4,3.824588820278054
alturas_MIDI,366,5,5.291308113381253
alturas_MIDI,366,6,5.7457490417661505
alturas_MIDI,366,7,5.803979443850954
alturas_MIDI,367,2,0.9054224989381668
alturas_MIDI,367,3,2.301723406860111
alturas_MIDI,367,4,3.9776974200585156
alturas_MIDI,367,5,5.362905787062129
alturas_MIDI,367,6,5.726562743377423
alturas_MIDI,367,7,5.791490305462488
alturas_MIDI,368,2,0.9404360140772525
alturas_MIDI,368,3,2.3640162906853006
alturas_MIDI,368,4,4.018782780275645
alturas_MIDI,368,5,5.3461463873202755
alturas_MIDI,368,6,5.740581100344861
alturas_MIDI,368,7,5.803979443850954
alturas_MIDI,369,2,0.8828288153963663
alturas_MIDI,369,3,2.28230010252203
alturas_MIDI,369,4,3.9622439551038178
alturas_MIDI,369,5,5.343570129955041
alturas_MIDI,369,6,5.744731682264382
alturas_MIDI,369,7,5.7998163977214645
alturas_MIDI,370,2,0.8941583947520741
alturas_MIDI,370,3,2.2949315037533875
alturas_MIDI,370,4,3.92327315435464
alturas_MIDI,370,5,5.3378700030747845
alturas_MIDI,370,6,5.777936337620547
alturas_MIDI,370,7,5.803979443850954
alturas_MIDI,371,2,0.9052712281669313
alturas_MIDI,371,3,2.283654905353015
alturas_MIDI,371,4,3.9164850813717544
alturas_MIDI,371,5,5.23337342366281
alturas_MIDI,371,6,5.724996132168547
alturas_MIDI,371,7,5.808142489980443
alturas_MIDI,372,2,0.8761445622353317
alturas_MIDI,372,3,2.282761001616048
alturas_MIDI,372,4,3.957724900427797
alturas_MIDI,372,5,5.291095804608051
alturas_MIDI,372,6,5.739014489135985
alturas_MIDI,372,7,5.799816397721465
alturas_MIDI,373,2,0.9056115642331697
alturas_MIDI,373,3,2.316422107553928
alturas_MIDI,373,4,3.981749364385656
alturas_MIDI,373,5,5.343022517805266
alturas_MIDI,373,6,5.73643051842534
alturas_MIDI,373,7,5.791490305462487
alturas_MIDI,374,2,0.9091197131600549
alturas_MIDI,374,3,2.2852048168060324
alturas_MIDI,374,4,3.9324341275195795
alturas_MIDI,374,5,5.346146387320277
alturas_MIDI,374,6,5.7473156529750264
alturas_MIDI,374,7,5.803979443850953
alturas_MIDI,375,2,0.9148823457736708
alturas_MIDI,375,3,2.2985284363167233
alturas_MIDI,375,4,3.9475624592753262
alturas_MIDI,375,5,5.319548668575423
alturas_MIDI,375,6,5.734863907216464
alturas_MIDI,375,7,5.7998163977214645
alturas_MIDI,376,2,0.8994842682081474
alturas_MIDI,376,3,2.293414534100661
alturas_MIDI,376,4,3.9961955210901703
alturas_MIDI,376,5,5.36785167054174
alturas_MIDI,376,6,5.748882264183902
alturas_MIDI,376,7,5.7998163977214645
alturas_MIDI,377,2,0.8824927750824476
alturas_MIDI,377,3,2.291788899065744
alturas_MIDI,377,4,3.9268192364253403
alturas_MIDI,377,5,5.273681896803991
alturas_MIDI,377,6,5.744731682264382
alturas_MIDI,377,7,5.799816397721465
alturas_MIDI,378,2,0.8945341391980615
alturas_MIDI,378,3,2.319483894050295
alturas_MIDI,378,4,4.005896913071607
alturas_MIDI,378,5,5.318193365068788
alturas_MIDI,378,6,5.724996132168547
alturas_MIDI,378,7,5.795653351591977
alturas_MIDI,379,2,0.8811851874421525
alturas_MIDI,379,3,2.2758053707587846
alturas_MIDI,379,4,3.9521295081108194
alturas_MIDI,379,5,5.268247526653155
alturas_MIDI,379,6,5.734863907216464
alturas_MIDI,379,7,5.799816397721465
alturas_MIDI,380,2,0.8887767700084495
alturas_MIDI,380,3,2.2651137479398735
alturas_MIDI,380,4,3.9174989530717084
alturas_MIDI,380,5,5.306793111308287
alturas_MIDI,380,6,5.757183428022944
alturas_MIDI,380,7,5.803979443850954
alturas_MIDI,381,2,0.9253069143181425
alturas_MIDI,381,3,2.3452006755433006
alturas_MIDI,381,4,4.027123379596612
alturas_MIDI,381,5,5.331828895295634
alturas_MIDI,381,6,5.739014489135985
alturas_MIDI,381,7,5.808142489980443
alturas_MIDI,382,2,0.881521540511929
alturas_MIDI,382,3,2.282573362963994
alturas_MIDI,382,4,3.9328892472559103
alturas_MIDI,382,5,5.320769622434031
alturas_MIDI,382,6,5.7722191444921505
alturas_MIDI,382,7,5.808142489980443
alturas_MIDI,383,2,0.8974465836447543
alturas_MIDI,383,3,2.281134810529248
alturas_MIDI,383,4,3.902517969107529
alturas_MIDI,383,5,5.277792635191138
alturas_MIDI,383,6,5.7083938044904645
alturas_MIDI,383,7,5.787327259332998
alturas_MIDI,384,2,0.8828661482538191
alturas_MIDI,384,3,2.261655854970819
alturas_MIDI,384,4,3.968517133758482
alturas_MIDI,384,5,5.396011324044099
alturas_MIDI,384,6,5.769635173781506
alturas_MIDI,384,7,5.808142489980443
alturas_MIDI,385,2,0.9109985743270244
alturas_MIDI,385,3,2.3421192817889196
alturas_MIDI,385,4,4.041742867282295
alturas_MIDI,385,5,5.383596747675858
alturas_MIDI,385,6,5.751466234894547
alturas_MIDI,385,7,5.808142489980443
alturas_MIDI,386,2,0.9213023460817386
alturas_MIDI,386,3,2.299372580113498
alturas_MIDI,386,4,3.935264207699444
alturas_MIDI,386,5,5.310671224223941
alturas_MIDI,386,6,5.773785755701026
alturas_MIDI,386,7,5.808142489980443
alturas_MIDI,387,2,0.9116790235617929
alturas_MIDI,387,3,2.284136458319625
alturas_MIDI,387,4,3.9179446094466948
alturas_MIDI,387,5,5.277278154299289
alturas_MIDI,387,6,5.722412161457902
alturas_MIDI,387,7,5.791490305462487
alturas_MIDI,388,2,0.8824927750824476
alturas_MIDI,388,3,2.248701412523114
alturas_MIDI,388,4,3.897418080683146
alturas_MIDI,388,5,5.330186058846316
alturas_MIDI,388,6,5.761334009942464
alturas_MIDI,388,7,5.803979443850953
alturas_MIDI,389,2,0.8943087046529364
alturas_MIDI,389,3,2.274994423184379
alturas_MIDI,389,4,3.922460921951597
alturas_MIDI,389,5,5.288678408059795
alturas_MIDI,389,6,5.723978772666778
alturas_MIDI,389,7,5.787327259332998
alturas_MIDI,390,2,0.940745443306461
alturas_MIDI,390,3,2.324039166811097
alturas_MIDI,390,4,3.9869585943762305
alturas_MIDI,390,5,5.320562991183158
alturas_MIDI,390,6,5.765484591861985
alturas_MIDI,390,7,5.808142489980443
alturas_MIDI,391,2,0.8820819500557358
alturas_MIDI,391,3,2.312130238592359
alturas_MIDI,391,4,4.00131456218152
alturas_MIDI,391,5,5.3675915913346515
alturas_MIDI,391,6,5.76806856257263
alturas_MIDI,391,7,5.803979443850954
alturas_MIDI,392,2,0.8999932234786937
alturas_MIDI,392,3,2.2778375675466216
alturas_MIDI,392,4,3.9569443085138123
alturas_MIDI,392,5,5.32178394504176
alturas_MIDI,392,6,5.751466234894547
alturas_MIDI,392,7,5.795653351591977
alturas_MIDI,393,2,0.936021233855336
alturas_MIDI,393,3,2.324614944902768
alturas_MIDI,393,4,3.9936095411072756
alturas_MIDI,393,5,5.334746133559772
alturas_MIDI,393,6,5.757183428022944
alturas_MIDI,393,7,5.803979443850954
alturas_MIDI,394,2,0.9001439893364529
alturas_MIDI,394,3,2.2692789002262854
alturas_MIDI,394,4,3.8907043847082803
alturas_MIDI,394,5,5.227745578385398
alturas_MIDI,394,6,5.726562743377423
alturas_MIDI,394,7,5.7998163977214645
alturas_MIDI,395,2,0.9407261060453734
alturas_MIDI,395,3,2.3850866396476005
alturas_MIDI,395,4,4.054598906374069
alturas_MIDI,395,5,5.4105354473196146
alturas_MIDI,395,6,5.763917980653109
alturas_MIDI,395,7,5.808142489980443
alturas_MIDI,396,2,0.9527743726525202
alturas_MIDI,396,3,2.3740748665018376
alturas_MIDI,396,4,4.003476333002885
alturas_MIDI,396,5,5.294719515838947
alturas_MIDI,396,6,5.712544386409985
alturas_MIDI,396,7,5.7998163977214645
alturas_MIDI,397,2,0.8881025010874994
alturas_MIDI,397,3,2.3077435007082276
alturas_MIDI,397,4,3.9358489531454657
alturas_MIDI,397,5,5.335500376960417
alturas_MIDI,397,6,5.744731682264382
alturas_MIDI,397,7,5.803979443850954
alturas_MIDI,398,2,0.8945341391980615
alturas_MIDI,398,3,2.283783478629929
alturas_MIDI,398,4,3.9286490936087137
alturas_MIDI,398,5,5.279387701206571
alturas_MIDI,398,6,5.7597673987335885
alturas_MIDI,398,7,5.808142489980443
alturas_MIDI,399,2,0.8941583947520741
alturas_MIDI,399,3,2.280180677327146
alturas_MIDI,399,4,3.9144072275109574
alturas_MIDI,399,5,5.24110219575853
alturas_MIDI,399,6,5.734863907216464
alturas_MIDI,399,7,5.803979443850953
alturas_MIDI,400,2,0.8820819500557358
alturas_MIDI,400,3,2.2557154295997206
alturas_MIDI,400,4,3.9037032870352935
alturas_MIDI,400,5,5.333650909260228
alturas_MIDI,400,6,5.790388083379109
alturas_MIDI,400,7,5.808142489980443
alturas_MIDI,401,2,0.8827541467090003
alturas_MIDI,401,3,2.2945052102406547
alturas_MIDI,401,4,3.9603011039929528
alturas_MIDI,401,5,5.346353018571151
alturas_MIDI,401,6,5.757183428022944
alturas_MIDI,401,7,5.7998163977214645
alturas_MIDI,402,2,0.9148823457736706
alturas_MIDI,402,3,2.3074625098378254
alturas_MIDI,402,4,3.9578001770795646
alturas_MIDI,402,5,5.321918294689792
alturas_MIDI,402,6,5.748882264183902
alturas_MIDI,402,7,5.808142489980443
alturas_MIDI,403,2,0.9000874540515078
alturas_MIDI,403,3,2.3265291854063452
alturas_MIDI,403,4,4.000208235784967
alturas_MIDI,403,5,5.3316222640447615
alturas_MIDI,403,6,5.744731682264382
alturas_MIDI,403,7,5.799816397721465
alturas_MIDI,404,2,0.940668092609859
alturas_MIDI,404,3,2.3853234189791612
alturas_MIDI,404,4,4.01904157398276
alturas_MIDI,404,5,5.391873131921355
alturas_MIDI,404,6,5.769635173781506
alturas_MIDI,404,7,5.808142489980443
alturas_MIDI,405,2,0.9655141455799348
alturas_MIDI,405,3,2.3926449895567905
alturas_MIDI,405,4,4.048741013085637
alturas_MIDI,405,5,5.38055377985266
alturas_MIDI,405,6,5.740581100344861
alturas_MIDI,405,7,5.803979443850953
alturas_MIDI,406,2,0.8944214264703976
alturas_MIDI,406,3,2.3004938463508693
alturas_MIDI,406,4,3.950360648346062
alturas_MIDI,406,5,5.3161647198533215
alturas_MIDI,406,6,5.753032846103423
alturas_MIDI,406,7,5.803979443850954
alturas_MIDI,407,2,0.926379703282457
alturas_MIDI,407,3,2.3342531619837708
alturas_MIDI,407,4,4.016353362314606
alturas_MIDI,407,5,5.343229149056137
alturas_MIDI,407,6,5.761334009942464
alturas_MIDI,407,7,5.799816397721465
alturas_MIDI,408,2,0.8820819500557356
alturas_MIDI,408,3,2.277675151497732
alturas_MIDI,408,4,3.9491053303902746
alturas_MIDI,408,5,5.301433965326934
alturas_MIDI,408,6,5.722412161457902
alturas_MIDI,408,7,5.803979443850954
alturas_MIDI,409,2,0.8884771349705097
alturas_MIDI,409,3,2.2959939198874193
alturas_MIDI,409,4,3.9424758476686135
alturas_MIDI,409,5,5.31084472421689
alturas_MIDI,409,6,5.7473156529750264
alturas_MIDI,409,7,5.799816397721465
alturas_MIDI,410,2,0.892052355371223
alturas_MIDI,410,3,2.2675418114571815
alturas_MIDI,410,4,3.9151734090889594
alturas_MIDI,410,5,5.302367386242858
alturas_MIDI,410,6,5.761334009942464
alturas_MIDI,410,7,5.803979443850954
alturas_MIDI,411,2,0.9360597828091104
alturas_MIDI,411,3,2.3839019984124024
alturas_MIDI,411,4,4.085966948461744
alturas_MIDI,411,5,5.416028942948996
alturas_MIDI,411,6,5.744731682264382
alturas_MIDI,411,7,5.808142489980443
alturas_MIDI,412,2,0.9162529202299776
alturas_MIDI,412,3,2.3188995508184282
alturas_MIDI,412,4,3.948228379824409
alturas_MIDI,412,5,5.257735865941324
alturas_MIDI,412,6,5.73643051842534
alturas_MIDI,412,7,5.808142489980443
alturas_MIDI,413,2,0.9158723417002296
alturas_MIDI,413,3,2.3150768140071816
alturas_MIDI,413,4,3.9740780079755043
alturas_MIDI,413,5,5.321110603332932
alturas_MIDI,413,6,5.712544386409985
alturas_MIDI,413,7,5.808142489980443
alturas_MIDI,414,2,0.9108468418894745
alturas_MIDI,414,3,2.286489189045752
alturas_MIDI,414,4,3.919162193703702
alturas_MIDI,414,5,5.315617107703551
alturas_MIDI,414,6,5.777936337620547
alturas_MIDI,414,7,5.803979443850954
alturas_MIDI,415,2,0.899691642806596
alturas_MIDI,415,3,2.3079601779087886
alturas_MIDI,415,4,3.9819806371545017
alturas_MIDI,415,5,5.327690703172889
alturas_MIDI,415,6,5.748882264183902
alturas_MIDI,415,7,5.799816397721465
alturas_MIDI,416,2,0.9263414038452136
alturas_MIDI,416,3,2.342762485385917
alturas_MIDI,416,4,4.010435600699555
alturas_MIDI,416,5,5.436459824355634
alturas_MIDI,416,6,5.773785755701026
alturas_MIDI,416,7,5.808142489980443
alturas_MIDI,417,2,0.9055359412036676
alturas_MIDI,417,3,2.2912703810672967
alturas_MIDI,417,4,3.9309445314960674
alturas_MIDI,417,5,5.280868734272264
alturas_MIDI,417,6,5.740581100344861
alturas_MIDI,417,7,5.803979443850953
alturas_MIDI,418,2,0.8768145884501388
alturas_MIDI,418,3,2.2758459973154506
alturas_MIDI,418,4,3.9597428875703224
alturas_MIDI,418,5,5.4061906239459985
alturas_MIDI,418,6,5.790388083379109
alturas_MIDI,418,7,5.808142489980443
alturas_MIDI,419,2,0.8765168383082693
alturas_MIDI,419,3,2.291385528198202
alturas_MIDI,419,4,3.9804360718062175
alturas_MIDI,419,5,5.349270256835288
alturas_MIDI,419,6,5.753032846103423
alturas_MIDI,419,7,5.7998163977214645
alturas_MIDI,420,2,0.8945341391980615
alturas_MIDI,420,3,2.2969238725320373
alturas_MIDI,420,4,3.939299622082885
alturas_MIDI,420,5,5.265411190080824
alturas_MIDI,420,6,5.757183428022944
alturas_MIDI,420,7,5.803979443850953
alturas_MIDI,421,2,0.8886082331786853
alturas_MIDI,421,3,2.2888876176755346
alturas_MIDI,421,4,3.937803328877206
alturas_MIDI,421,5,5.245447019132147
alturas_MIDI,421,6,5.70996041569934
alturas_MIDI,421,7,5.799816397721464
alturas_MIDI,422,2,0.8945341391980615
alturas_MIDI,422,3,2.268595840660492
alturas_MIDI,422,4,3.922767225284265
alturas_MIDI,422,5,5.323085800592182
alturas_MIDI,422,6,5.761334009942464
alturas_MIDI,422,7,5.799816397721465
alturas_MIDI,423,2,0.9154535840166386
alturas_MIDI,423,3,2.307320520373051
alturas_MIDI,423,4,3.94755588995849
alturas_MIDI,423,5,5.28529445933769
alturas_MIDI,423,6,5.755616816814068
alturas_MIDI,423,7,5.803979443850954
alturas_MIDI,424,2,0.9384036314826081
alturas_MIDI,424,3,2.36474410649165
alturas_MIDI,424,4,4.044411208729662
alturas_MIDI,424,5,5.353067468059137
alturas_MIDI,424,6,5.757183428022944
alturas_MIDI,424,7,5.808142489980443
alturas_MIDI,425,2,0.8574443793534074
alturas_MIDI,425,3,2.180555032691742
alturas_MIDI,425,4,3.775351181885301
alturas_MIDI,425,5,5.172602397372037
alturas_MIDI,425,6,5.693358088021258
alturas_MIDI,425,7,5.7998163977214645
alturas_MIDI,426,2,0.9055359412036676
alturas_MIDI,426,3,2.324844783855986
alturas_MIDI,426,4,4.009355675693797
alturas_MIDI,426,5,5.336047989110189
alturas_MIDI,426,6,5.730713325296944
alturas_MIDI,426,7,5.791490305462486
alturas_MIDI,427,2,0.9055359412036676
alturas_MIDI,427,3,2.304392738966043
alturas_MIDI,427,4,3.9214771390994194
alturas_MIDI,427,5,5.265123657138146
alturas_MIDI,427,6,5.757183428022944
alturas_MIDI,427,7,5.808142489980443
alturas_MIDI,428,2,0.9397975934226026
alturas_MIDI,428,3,2.342743646262655
alturas_MIDI,428,4,4.011762943800471
alturas_MIDI,428,5,5.380732957367935
alturas_MIDI,428,6,5.769635173781506
alturas_MIDI,428,7,5.808142489980443
alturas_MIDI,429,2,0.9105433271099104
alturas_MIDI,429,3,2.308147683962383
alturas_MIDI,429,4,3.975021545908469
alturas_MIDI,429,5,5.378444232945384
alturas_MIDI,429,6,5.757183428022944
alturas_MIDI,429,7,5.799816397721464
alturas_MIDI,430,2,0.8700398464609564
alturas_MIDI,430,3,2.2834758369635155
alturas_MIDI,430,4,3.936818231484667
alturas_MIDI,430,5,5.326936459772242
alturas_MIDI,430,6,5.782086919540068
alturas_MIDI,430,7,5.808142489980443
alturas_MIDI,431,2,0.9162148670998822
alturas_MIDI,431,3,2.3365760138941853
alturas_MIDI,431,4,4.036058879983347
alturas_MIDI,431,5,5.362905787062134
alturas_MIDI,431,6,5.761334009942464
alturas_MIDI,431,7,5.803979443850954
alturas_MIDI,432,2,0.9162529202299777
alturas_MIDI,432,3,2.3323144363343693
alturas_MIDI,432,4,3.992860899383742
alturas_MIDI,432,5,5.325455426706549
alturas_MIDI,432,6,5.765484591861985
alturas_MIDI,432,7,5.808142489980443
alturas_MIDI,433,2,0.9100879300808465
alturas_MIDI,433,3,2.2856898432960717
alturas_MIDI,433,4,3.9220312313511467
alturas_MIDI,433,5,5.307600802665146
alturas_MIDI,433,6,5.753032846103423
alturas_MIDI,433,7,5.808142489980443
alturas_MIDI,434,2,0.8768145884501388
alturas_MIDI,434,3,2.272800213870011
alturas_MIDI,434,4,3.899703281134196
alturas_MIDI,434,5,5.326209670107192
alturas_MIDI,434,6,5.740581100344861
alturas_MIDI,434,7,5.803979443850953
alturas_MIDI,435,2,0.8705964304102629
alturas_MIDI,435,3,2.294077177366849
alturas_MIDI,435,4,3.9500537874760178
alturas_MIDI,435,5,5.312493238188538
alturas_MIDI,435,6,5.743165071055506
alturas_MIDI,435,7,5.803979443850954
alturas_MIDI,436,2,0.9312018193012837
alturas_MIDI,436,3,2.302701172089096
alturas_MIDI,436,4,3.965473218864684
alturas_MIDI,436,5,5.340652891690897
alturas_MIDI,436,6,5.740581100344861
alturas_MIDI,436,7,5.808142489980443
alturas_MIDI,437,2,0.9045903056287378
alturas_MIDI,437,3,2.3046913947393204
alturas_MIDI,437,4,3.947902668808498
alturas_MIDI,437,5,5.31582373895442
alturas_MIDI,437,6,5.753032846103423
alturas_MIDI,437,7,5.7998163977214645
alturas_MIDI,438,2,0.9050821165232412
alturas_MIDI,438,3,2.3289484534582474
alturas_MIDI,438,4,3.9889634506274567
alturas_MIDI,438,5,5.34716070992801
alturas_MIDI,438,6,5.763917980653109
alturas_MIDI,438,7,5.803979443850954
alturas_MIDI,439,2,0.9000874540515078
alturas_MIDI,439,3,2.3196037776656855
alturas_MIDI,439,4,3.967629000246548
alturas_MIDI,439,5,5.316371351104193
alturas_MIDI,439,6,5.728129354586299
alturas_MIDI,439,7,5.803979443850954
alturas_MIDI,440,2,0.8705964304102629
alturas_MIDI,440,3,2.275681952476262
alturas_MIDI,440,4,3.8907861837109685
alturas_MIDI,440,5,5.270016092661531
alturas_MIDI,440,6,5.73227993650582
alturas_MIDI,440,7,5.795653351591975
alturas_MIDI,441,2,0.8944965692986546
alturas_MIDI,441,3,2.31413075159879
alturas_MIDI,441,4,3.948617097513352
alturas_MIDI,441,5,5.247763197290298
alturas_MIDI,441,6,5.704243222570944
alturas_MIDI,441,7,5.791490305462487
alturas_MIDI,442,2,0.850475097986124
alturas_MIDI,442,3,2.215436396716359
alturas_MIDI,442,4,3.8891834083116015
alturas_MIDI,442,5,5.316631430311282
alturas_MIDI,442,6,5.7597673987335885
alturas_MIDI,442,7,5.808142489980443
alturas_MIDI,443,2,0.8828288153963663
alturas_MIDI,443,3,2.272299413200126
alturas_MIDI,443,4,3.9397847478224324
alturas_MIDI,443,5,5.306999742559155
alturas_MIDI,443,6,5.734863907216464
alturas_MIDI,443,7,5.795653351591976
alturas_MIDI,444,2,0.9405713980423165
alturas_MIDI,444,3,2.3452641161259282
alturas_MIDI,444,4,3.978427600649776
alturas_MIDI,444,5,5.340105279541124
alturas_MIDI,444,6,5.773785755701026
alturas_MIDI,444,7,5.795653351591977
alturas_MIDI,445,2,0.9103346220787492
alturas_MIDI,445,3,2.3377593094669926
alturas_MIDI,445,4,3.983733588960936
alturas_MIDI,445,5,5.297762483662148
alturas_MIDI,445,6,5.734863907216464
alturas_MIDI,445,7,5.795653351591976
alturas_MIDI,446,2,0.8943087046529363
alturas_MIDI,446,3,2.3021893759446668
alturas_MIDI,446,4,3.9707994849524706
alturas_MIDI,446,5,5.290581323716201
alturas_MIDI,446,6,5.740581100344861
alturas_MIDI,446,7,5.803979443850954
alturas_MIDI,447,2,0.9352500255631192
alturas_MIDI,447,3,2.309726590551951
alturas_MIDI,447,4,3.951654767156108
alturas_MIDI,447,5,5.2804829255061145
alturas_MIDI,447,6,5.757183428022944
alturas_MIDI,447,7,5.799816397721465
alturas_MIDI,448,2,0.9360597828091104
alturas_MIDI,448,3,2.334827207165137
alturas_MIDI,448,4,4.002706971864393
alturas_MIDI,448,5,5.344584452562767
alturas_MIDI,448,6,5.753032846103423
alturas_MIDI,448,7,5.799816397721465
alturas_MIDI,449,2,0.8887018672515896
alturas_MIDI,449,3,2.2932514686946215
alturas_MIDI,449,4,3.933862846947926
alturas_MIDI,449,5,5.291855725531027
alturas_MIDI,449,6,5.749899623685671
alturas_MIDI,449,7,5.795653351591975
alturas_MIDI,450,2,0.8828661482538191
alturas_MIDI,450,3,2.3011623739751585
alturas_MIDI,450,4,3.97258397196475
alturas_MIDI,450,5,5.33373181095204
alturas_MIDI,450,6,5.740581100344861
alturas_MIDI,450,7,5.803979443850954
alturas_MIDI,451,2,0.8943087046529364
alturas_MIDI,451,3,2.295304959278649
alturas_MIDI,451,4,3.980291479665635
alturas_MIDI,451,5,5.319342037324553
alturas_MIDI,451,6,5.7473156529750264
alturas_MIDI,451,7,5.803979443850954
alturas_MIDI,452,2,0.8705964304102629
alturas_MIDI,452,3,2.2523372533776547
alturas_MIDI,452,4,3.891102357196104
alturas_MIDI,452,5,5.315276126804646
alturas_MIDI,452,6,5.739014489135985
alturas_MIDI,452,7,5.7998163977214645
alturas_MIDI,453,2,0.9453192958674257
alturas_MIDI,453,3,2.327559424208405
alturas_MIDI,453,4,3.986787832922673
alturas_MIDI,453,5,5.329512717137479
alturas_MIDI,453,6,5.769635173781506
alturas_MIDI,453,7,5.803979443850954
alturas_MIDI,454,2,0.9209014255517869
alturas_MIDI,454,3,2.354101816135102
alturas_MIDI,454,4,4.03103476359495
alturas_MIDI,454,5,5.379458555553116
alturas_MIDI,454,6,5.765484591861985
alturas_MIDI,454,7,5.803979443850954
alturas_MIDI,455,2,0.8941583947520741
alturas_MIDI,455,3,2.2858899481102632
alturas_MIDI,455,4,3.9678760865247016
alturas_MIDI,455,5,5.355096113274602
alturas_MIDI,455,6,5.740581100344861
alturas_MIDI,455,7,5.803979443850954
alturas_MIDI,456,2,0.8295067514411595
alturas_MIDI,456,3,2.219621926271606
alturas_MIDI,456,4,3.871374685866306
alturas_MIDI,456,5,5.296407180155517
alturas_MIDI,456,6,5.73643051842534
alturas_MIDI,456,7,5.7998163977214645
alturas_MIDI,457,2,0.9233891264812883
alturas_MIDI,457,3,2.3154645886832874
alturas_MIDI,457,4,3.997318193182021
alturas_MIDI,457,5,5.3156171077035514
alturas_MIDI,457,6,5.737447877927109
alturas_MIDI,457,7,5.795653351591975
alturas_MIDI,458,2,0.9204430874663296
alturas_MIDI,458,3,2.331606819407704
alturas_MIDI,458,4,3.9948380542455677
alturas_MIDI,458,5,5.309710349572425
alturas_MIDI,458,6,5.718261579538382
alturas_MIDI,458,7,5.795653351591977
alturas_MIDI,459,2,0.9141584371981479
alturas_MIDI,459,3,2.3207782876753695
alturas_MIDI,459,4,3.9682066061627346
alturas_MIDI,459,5,5.33651469956815
alturas_MIDI,459,6,5.763917980653109
alturas_MIDI,459,7,5.803979443850953
alturas_MIDI,460,2,0.9109985743270244
alturas_MIDI,460,3,2.2891769002600775
alturas_MIDI,460,4,3.964650562845551
alturas_MIDI,460,5,5.366496367035105
alturas_MIDI,460,6,5.7473156529750264
alturas_MIDI,460,7,5.808142489980443
alturas_MIDI,461,2,0.9263797032824571
alturas_MIDI,461,3,2.319711025027255
alturas_MIDI,461,4,3.9561689047397217
alturas_MIDI,461,5,5.350284579443018
alturas_MIDI,461,6,5.765484591861985
alturas_MIDI,461,7,5.803979443850953
alturas_MIDI,462,2,0.9100879300808465
alturas_MIDI,462,3,2.323828321203307
alturas_MIDI,462,4,3.9361621632208106
alturas_MIDI,462,5,5.265204558829953
alturas_MIDI,462,6,5.754050205605192
alturas_MIDI,462,7,5.808142489980443
alturas_MIDI,463,2,0.8941583947520741
alturas_MIDI,463,3,2.2941532290674833
alturas_MIDI,463,4,3.905572543944199
alturas_MIDI,463,5,5.269001770053799
alturas_MIDI,463,6,5.757183428022944
alturas_MIDI,463,7,5.803979443850954
alturas_MIDI,464,2,0.8439635103189723
alturas_MIDI,464,3,2.2343277331760194
alturas_MIDI,464,4,3.8631000159692657
alturas_MIDI,464,5,5.254818627677186
alturas_MIDI,464,6,5.757183428022944
alturas_MIDI,464,7,5.795653351591976
alturas_MIDI,465,2,0.9001439893364529
alturas_MIDI,465,3,2.2888110586553907
alturas_MIDI,465,4,3.975996512413027
alturas_MIDI,465,5,5.301766326136866
alturas_MIDI,465,6,5.744731682264382
alturas_MIDI,465,7,5.799816397721465
alturas_MIDI,466,2,0.8872592084020884
alturas_MIDI,466,3,2.2419293349432707
alturas_MIDI,466,4,3.8813271237476386
alturas_MIDI,466,5,5.209298514326979
alturas_MIDI,466,6,5.714110997618861
alturas_MIDI,466,7,5.7998163977214645
alturas_MIDI,467,2,0.9213596109045206
alturas_MIDI,467,3,2.3605798028127785
alturas_MIDI,467,4,4.029128180220655
alturas_MIDI,467,5,5.386513985940002
alturas_MIDI,467,6,5.765484591861985
alturas_MIDI,467,7,5.7998163977214645
alturas_MIDI,468,2,0.9162529202299776
alturas_MIDI,468,3,2.312616580222766
alturas_MIDI,468,4,3.991678060331403
alturas_MIDI,468,5,5.3205095432269385
alturas_MIDI,468,6,5.7473156529750264
alturas_MIDI,468,7,5.808142489980443
alturas_MIDI,469,2,0.90428756609725
alturas_MIDI,469,3,2.3104218794824876
alturas_MIDI,469,4,3.978264428097001
alturas_MIDI,469,5,5.283732524580187
alturas_MIDI,469,6,5.755616816814068
alturas_MIDI,469,7,5.808142489980443
alturas_MIDI,470,2,0.9054224989381668
alturas_MIDI,470,3,2.3063394606124326
alturas_MIDI,470,4,3.9676328348764134
alturas_MIDI,470,5,5.359862819238929
alturas_MIDI,470,6,5.748882264183902
alturas_MIDI,470,7,5.7998163977214645
alturas_MIDI,471,2,0.8941583947520741
alturas_MIDI,471,3,2.318752882013925
alturas_MIDI,471,4,4.031402204977043
alturas_MIDI,471,5,5.389009341613429
alturas_MIDI,471,6,5.757183428022944
alturas_MIDI,471,7,5.803979443850953
alturas_MIDI,472,2,0.9001439893364529
alturas_MIDI,472,3,2.285925872587633
alturas_MIDI,472,4,3.9461251113305456
alturas_MIDI,472,5,5.284593663893266
alturas_MIDI,472,6,5.716694968329506
alturas_MIDI,472,7,5.7998163977214645
alturas_MIDI,473,2,0.8767959809068269
alturas_MIDI,473,3,2.281073842488338
alturas_MIDI,473,4,3.9239622226686883
alturas_MIDI,473,5,5.320562991183155
alturas_MIDI,473,6,5.7597673987335885
alturas_MIDI,473,7,5.803979443850954
alturas_MIDI,474,2,0.8944965692986548
alturas_MIDI,474,3,2.290818622791714
alturas_MIDI,474,4,3.9243225213338753
alturas_MIDI,474,5,5.311859046824624
alturas_MIDI,474,6,5.73227993650582
alturas_MIDI,474,7,5.795653351591976
alturas_MIDI,475,2,0.9107140623628861
alturas_MIDI,475,3,2.3123470251048284
alturas_MIDI,475,4,3.9652855632753123
alturas_MIDI,475,5,5.369620236550115
alturas_MIDI,475,6,5.780520308331192
alturas_MIDI,475,7,5.808142489980443
alturas_MIDI,476,2,0.916024585708558
alturas_MIDI,476,3,2.3234273900064024
alturas_MIDI,476,4,3.9861843589676567
alturas_MIDI,476,5,5.345805406421372
alturas_MIDI,476,6,5.757183428022944
alturas_MIDI,476,7,5.803979443850954
alturas_MIDI,477,2,0.9055359412036676
alturas_MIDI,477,3,2.292383641431974
alturas_MIDI,477,4,3.9744894987988126
alturas_MIDI,477,5,5.356658048032107
alturas_MIDI,477,6,5.757183428022944
alturas_MIDI,477,7,5.808142489980443
alturas_MIDI,478,2,0.9453192958674257
alturas_MIDI,478,3,2.3525777345508514
alturas_MIDI,478,4,3.9866823168840946
alturas_MIDI,478,5,5.296667259362602
alturas_MIDI,478,6,5.729146714088068
alturas_MIDI,478,7,5.795653351591976
alturas_MIDI,479,2,0.9055359412036676
alturas_MIDI,479,3,2.277896891785538
alturas_MIDI,479,4,3.8863086851395177
alturas_MIDI,479,5,5.264863577931055
alturas_MIDI,479,6,5.744731682264382
alturas_MIDI,479,7,5.7998163977214645
alturas_MIDI,480,2,0.8986355957415221
alturas_MIDI,480,3,2.264065844033537
alturas_MIDI,480,4,3.9081685274495443
alturas_MIDI,480,5,5.249065052840714
alturas_MIDI,480,6,5.730713325296944
alturas_MIDI,480,7,5.799816397721465
alturas_MIDI,481,2,0.8999932234786937
alturas_MIDI,481,3,2.3116327029069152
alturas_MIDI,481,4,3.961730421398617
alturas_MIDI,481,5,5.315069495553779
alturas_MIDI,481,6,5.761334009942464
alturas_MIDI,481,7,5.803979443850954
alturas_MIDI,482,2,0.9359441326752647
alturas_MIDI,482,3,2.3619131025071263
alturas_MIDI,482,4,4.052482527720183
alturas_MIDI,482,5,5.396558936193869
alturas_MIDI,482,6,5.757183428022944
alturas_MIDI,482,7,5.795653351591977
alturas_MIDI,483,2,0.8998612899685459
alturas_MIDI,483,3,2.318647137116462
alturas_MIDI,483,4,4.002615476970846
alturas_MIDI,483,5,5.351505533301627
alturas_MIDI,483,6,5.76806856257263
alturas_MIDI,483,7,5.808142489980443
alturas_MIDI,484,2,0.8642039944248936
alturas_MIDI,484,3,2.2075597626912566
alturas_MIDI,484,4,3.859034628185404
alturas_MIDI,484,5,5.250934837239197
alturas_MIDI,484,6,5.73643051842534
alturas_MIDI,484,7,5.808142489980443
alturas_MIDI,485,2,0.9210732629475865
alturas_MIDI,485,3,2.32376753081017
alturas_MIDI,485,4,3.9933355217040263
alturas_MIDI,485,5,5.353875159415996
alturas_MIDI,485,6,5.748882264183902
alturas_MIDI,485,7,5.799816397721464
alturas_MIDI,486,2,0.9055359412036676
alturas_MIDI,486,3,2.3272851475392877
alturas_MIDI,486,4,4.01700774843123
alturas_MIDI,486,5,5.334746133559777
alturas_MIDI,486,6,5.753032846103423
alturas_MIDI,486,7,5.808142489980443
alturas_MIDI,487,2,0.8642039944248936
alturas_MIDI,487,3,2.2345135569567964
alturas_MIDI,487,4,3.9021950382416266
alturas_MIDI,487,5,5.2875831837602485
alturas_MIDI,487,6,5.743165071055506
alturas_MIDI,487,7,5.803979443850954
alturas_MIDI,488,2,0.9213023460817387
alturas_MIDI,488,3,2.3556434975127822
alturas_MIDI,488,4,4.035194012870804
alturas_MIDI,488,5,5.342474905655494
alturas_MIDI,488,6,5.744731682264382
alturas_MIDI,488,7,5.808142489980443
alturas_MIDI,489,2,0.9263414038452136
alturas_MIDI,489,3,2.3397801581585593
alturas_MIDI,489,4,3.967957185888927
alturas_MIDI,489,5,5.309109289466438
alturas_MIDI,489,6,5.777936337620547
alturas_MIDI,489,7,5.803979443850954
alturas_MIDI,490,2,0.9154535840166386
alturas_MIDI,490,3,2.314211907737591
alturas_MIDI,490,4,3.9732628268428405
alturas_MIDI,490,5,5.376128054787231
alturas_MIDI,490,6,5.757183428022944
alturas_MIDI,490,7,5.808142489980443
alturas_MIDI,491,2,0.8887767700084495
alturas_MIDI,491,3,2.2695746701933928
alturas_MIDI,491,4,3.9591885239672493
alturas_MIDI,491,5,5.392420744071125
alturas_MIDI,491,6,5.761334009942464
alturas_MIDI,491,7,5.7998163977214645
alturas_MIDI,492,2,0.8944965692986548
alturas_MIDI,492,3,2.2944554654937894
alturas_MIDI,492,4,3.963084460355774
alturas_MIDI,492,5,5.319414318927394
alturas_MIDI,492,6,5.755616816814068
alturas_MIDI,492,7,5.7998163977214645
alturas_MIDI,493,2,0.9206913728993571
alturas_MIDI,493,3,2.31500776118484
alturas_MIDI,493,4,3.9568590593230013
alturas_MIDI,493,5,5.340652891690893
alturas_MIDI,493,6,5.73643051842534
alturas_MIDI,493,7,5.7998163977214645
alturas_MIDI,494,2,0.8974465836447543
alturas_MIDI,494,3,2.3052881648063606
alturas_MIDI,494,4,3.95869950103286
alturas_MIDI,494,5,5.298857707961691
alturas_MIDI,494,6,5.7332972960075885
alturas_MIDI,494,7,5.803979443850954
alturas_MIDI,495,2,0.905649374203974
alturas_MIDI,495,3,2.316581561020519
alturas_MIDI,495,4,3.9834901207750697
alturas_MIDI,495,5,5.371182171307622
alturas_MIDI,495,6,5.773785755701026
alturas_MIDI,495,7,5.808142489980443
alturas_MIDI,496,2,0.8826421362453817
alturas_MIDI,496,3,2.2760797571219786
alturas_MIDI,496,4,3.9381450786711074
alturas_MIDI,496,5,5.28474684718792
alturas_MIDI,496,6,5.761334009942464
alturas_MIDI,496,7,5.803979443850953
alturas_MIDI,497,2,0.8568911786361175
alturas_MIDI,497,3,2.253532070177893
alturas_MIDI,497,4,3.91700138178604
alturas_MIDI,497,5,5.309916980823297
alturas_MIDI,497,6,5.7473156529750264
alturas_MIDI,497,7,5.803979443850954
alturas_MIDI,498,2,0.9052712281669313
alturas_MIDI,498,3,2.2787565294515004
alturas_MIDI,498,4,3.959781163941686
alturas_MIDI,498,5,5.356191337574146
alturas_MIDI,498,6,5.753032846103423
alturas_MIDI,498,7,5.808142489980443
alturas_MIDI,499,2,0.9535951843551165
alturas_MIDI,499,3,2.386718892689167
alturas_MIDI,499,4,4.042737264936755
alturas_MIDI,499,5,5.367851670541736
alturas_MIDI,499,6,5.765484591861985
alturas_MIDI,499,7,5.791490305462487
alturas_MIDI,500,2,0.8828288153963664
alturas_MIDI,500,3,2.2846856225216516
alturas_MIDI,500,4,3.9395708642904563
alturas_MIDI,500,5,5.339638569083165
alturas_MIDI,500,6,5.73643051842534
alturas_MIDI,500,7,5.803979443850953
alturas_MIDI,501,2,0.9109985743270244
alturas_MIDI,501,3,2.3171845634967765
alturas_MIDI,501,4,3.999761810574758
alturas_MIDI,501,5,5.347501690826913
alturas_MIDI,501,6,5.751466234894547
alturas_MIDI,501,7,5.795653351591975
alturas_MIDI,502,2,0.9305868765351905
alturas_MIDI,502,3,2.3574929729663747
alturas_MIDI,502,4,4.060422019561922
alturas_MIDI,502,5,5.401711450924353
alturas_MIDI,502,6,5.748882264183902
alturas_MIDI,502,7,5.808142489980443
alturas_MIDI,503,2,0.8767401568047266
alturas_MIDI,503,3,2.269025557418943
alturas_MIDI,503,4,3.919223736474458
alturas_MIDI,503,5,5.282170589822681
alturas_MIDI,503,6,5.739014489135985
alturas_MIDI,503,7,5.7998163977214645
alturas_MIDI,504,2,0.8945341391980615
alturas_MIDI,504,3,2.275041948932257
alturas_MIDI,504,4,3.8704613384909607
alturas_MIDI,504,5,5.203185124944984
alturas_MIDI,504,6,5.686074283683985
alturas_MIDI,504,7,5.787327259332996
alturas_MIDI,505,2,0.9107140623628861
alturas_MIDI,505,3,2.323823813790954
alturas_MIDI,505,4,3.9997973481300075
alturas_MIDI,505,5,5.35002450023593
alturas_MIDI,505,6,5.753032846103423
alturas_MIDI,505,7,5.803979443850953
alturas_MIDI,506,2,0.8999932234786937
alturas_MIDI,506,3,2.2976577570214545
alturas_MIDI,506,4,3.9458565513698334
alturas_MIDI,506,5,5.348722644685518
alturas_MIDI,506,6,5.744731682264382
alturas_MIDI,506,7,5.7998163977214645
alturas_MIDI,507,2,0.9103346220787492
alturas_MIDI,507,3,2.2959135407623936
alturas_MIDI,507,4,3.9770349965936393
alturas_MIDI,507,5,5.3339384422029115
alturas_MIDI,507,6,5.743165071055506
alturas_MIDI,507,7,5.791490305462485
alturas_MIDI,508,2,0.9091197131600549
alturas_MIDI,508,3,2.3237982647018094
alturas_MIDI,508,4,3.981728781527752
alturas_MIDI,508,5,5.273741022282536
alturas_MIDI,508,6,5.761334009942464
alturas_MIDI,508,7,5.808142489980443
alturas_MIDI,509,2,0.8749526177346381
alturas_MIDI,509,3,2.2698635045341464
alturas_MIDI,509,4,3.9141756391742373
alturas_MIDI,509,5,5.2794411491627855
alturas_MIDI,509,6,5.761334009942464
alturas_MIDI,509,7,5.808142489980443
alturas_MIDI,510,2,0.8765168383082693
alturas_MIDI,510,3,2.278059947284273
alturas_MIDI,510,4,3.9341140422097385
alturas_MIDI,510,5,5.303956774735957
alturas_MIDI,510,6,5.748882264183902
alturas_MIDI,510,7,5.808142489980443
alturas_MIDI,511,2,0.8705964304102629
alturas_MIDI,511,3,2.2576620697425094
alturas_MIDI,511,4,3.9141762557835147
alturas_MIDI,511,5,5.296748161054413
alturas_MIDI,511,6,5.755616816814068
alturas_MIDI,511,7,5.808142489980443
alturas_MIDI,512,2,0.9210732629475865
alturas_MIDI,512,3,2.3529824829250128
alturas_MIDI,512,4,4.072463352243807
alturas_MIDI,512,5,5.41678318634964
alturas_MIDI,512,6,5.777936337620547
alturas_MIDI,512,7,5.808142489980443
alturas_MIDI,513,2,0.9055359412036676
alturas_MIDI,513,3,2.28701129937299
alturas_MIDI,513,4,3.939961371702958
alturas_MIDI,513,5,5.30557215744968
alturas_MIDI,513,6,5.769635173781506
alturas_MIDI,513,7,5.808142489980443
alturas_MIDI,514,2,0.8886082331786853
alturas_MIDI,514,3,2.3152120731165056
alturas_MIDI,514,4,4.011906008218117
alturas_MIDI,514,5,5.361011491494692
alturas_MIDI,514,6,5.748882264183902
alturas_MIDI,514,7,5.803979443850954
alturas_MIDI,515,2,0.9312594559996149
alturas_MIDI,515,3,2.355919568340516
alturas_MIDI,515,4,4.024955820784776
alturas_MIDI,515,5,5.382582425068129
alturas_MIDI,515,6,5.780520308331192
alturas_MIDI,515,7,5.808142489980443
alturas_MIDI,516,2,0.8944965692986548
alturas_MIDI,516,3,2.3114330623935775
alturas_MIDI,516,4,3.9527437980505216
alturas_MIDI,516,5,5.28115626721495
alturas_MIDI,516,6,5.726562743377423
alturas_MIDI,516,7,5.795653351591976
alturas_MIDI,517,2,0.8828661482538191
alturas_MIDI,517,3,2.2261625721161398
alturas_MIDI,517,4,3.8253636357967027
alturas_MIDI,517,5,5.267780816195196
alturas_MIDI,517,6,5.773785755701026
alturas_MIDI,517,7,5.803979443850954
alturas_MIDI,518,2,0.9358284727221837
alturas_MIDI,518,3,2.3185172882602063
alturas_MIDI,518,4,3.9730053408669437
alturas_MIDI,518,5,5.294585166190923
alturas_MIDI,518,6,5.761334009942464
alturas_MIDI,518,7,5.803979443850954
alturas_MIDI,519,2,0.8884771349705097
alturas_MIDI,519,3,2.287953357157786
alturas_MIDI,519,4,3.9571845230738467
alturas_MIDI,519,5,5.281757327320941
alturas_MIDI,519,6,5.73643051842534
alturas_MIDI,519,7,5.803979443850954
alturas_MIDI,520,2,0.8875778453187955
alturas_MIDI,520,3,2.2661592352975823
alturas_MIDI,520,4,3.8944783433692183
alturas_MIDI,520,5,5.298175746163893
alturas_MIDI,520,6,5.724996132168547
alturas_MIDI,520,7,5.7998163977214645
alturas_MIDI,521,2,0.9094805006941769
alturas_MIDI,521,3,2.2926993854473787
alturas_MIDI,521,4,3.961380299084452
alturas_MIDI,521,5,5.336308068317277
alturas_MIDI,521,6,5.76806856257263
alturas_MIDI,521,7,5.808142489980443
alturas_MIDI,522,2,0.8576655994804552
alturas_MIDI,522,3,2.2333788090610556
alturas_MIDI,522,4,3.875498416129161
alturas_MIDI,522,5,5.2700160926615345
alturas_MIDI,522,6,5.753032846103423
alturas_MIDI,522,7,5.803979443850954
alturas_MIDI,523,2,0.8767401568047266
alturas_MIDI,523,3,2.2724944614491225
alturas_MIDI,523,4,3.939695997740719
alturas_MIDI,523,5,5.3350062127668645
alturas_MIDI,523,6,5.727580102879192
alturas_MIDI,523,7,5.799816397721464
alturas_MIDI,524,2,0.9311057527356739
alturas_MIDI,524,3,2.3592687873505733
alturas_MIDI,524,4,4.023639284124026
alturas_MIDI,524,5,5.332924119595179
alturas_MIDI,524,6,5.743165071055506
alturas_MIDI,524,7,5.803979443850954
alturas_MIDI,525,2,0.9335132069859349
alturas_MIDI,525,3,2.378916167358901
alturas_MIDI,525,4,4.028523422620698
alturas_MIDI,525,5,5.345132064712541
alturas_MIDI,525,6,5.743165071055506
alturas_MIDI,525,7,5.803979443850954
alturas_MIDI,526,2,0.9105433271099104
alturas_MIDI,526,3,2.313724205914743
alturas_MIDI,526,4,3.978266397458271
alturas_MIDI,526,5,5.357753272331654
alturas_MIDI,526,6,5.773785755701026
alturas_MIDI,526,7,5.808142489980443
alturas_MIDI,527,2,0.8637601322930484
alturas_MIDI,527,3,2.2320214829888405
alturas_MIDI,527,4,3.915034470089171
alturas_MIDI,527,5,5.3406528916909
alturas_MIDI,527,6,5.761334009942464
alturas_MIDI,527,7,5.808142489980443
alturas_MIDI,528,2,0.9154535840166386
alturas_MIDI,528,3,2.331093233471521
alturas_MIDI,528,4,4.037125947285183
alturas_MIDI,528,5,5.373291718214901
alturas_MIDI,528,6,5.751466234894547
alturas_MIDI,528,7,5.803979443850953
alturas_MIDI,529,2,0.8884771349705098
alturas_MIDI,529,3,2.2979616777216787
alturas_MIDI,529,4,3.908338887536777
alturas_MIDI,529,5,5.2955994887986515
alturas_MIDI,529,6,5.744731682264382
alturas_MIDI,529,7,5.799816397721464
alturas_MIDI,530,2,0.9206913728993571
alturas_MIDI,530,3,2.3266417194327476
alturas_MIDI,530,4,3.935920860891973
alturas_MIDI,530,5,5.201536610973338
alturas_MIDI,530,6,5.684507672475109
alturas_MIDI,530,7,5.7998163977214645
alturas_MIDI,531,2,0.9162148670998822
alturas_MIDI,531,3,2.289430500408689
alturas_MIDI,531,4,3.933844465529115
alturas_MIDI,531,5,5.3603295296968945
alturas_MIDI,531,6,5.782086919540068
alturas_MIDI,531,7,5.808142489980443
alturas_MIDI,532,2,0.9449312283671394
alturas_MIDI,532,3,2.3668135675169837
alturas_MIDI,532,4,4.0590362384058585
alturas_MIDI,532,5,5.397573258801604
alturas_MIDI,532,6,5.757183428022944
alturas_MIDI,532,7,5.7998163977214645
alturas_MIDI,533,2,0.8828661482538191
alturas_MIDI,533,3,2.317221813607721
alturas_MIDI,533,4,4.0078698259415235
alturas_MIDI,533,5,5.354422771565769
alturas_MIDI,533,6,5.7473156529750264
alturas_MIDI,533,7,5.803979443850954
alturas_MIDI,534,2,0.8824927750824476
alturas_MIDI,534,3,2.251708311286203
alturas_MIDI,534,4,3.909139738546727
alturas_MIDI,534,5,5.210312836934714
alturas_MIDI,534,6,5.7332972960075885
alturas_MIDI,534,7,5.785755943585959
alturas_MIDI,535,2,0.8887580446943084
alturas_MIDI,535,3,2.2801744853643147
alturas_MIDI,535,4,3.9291417663442276
alturas_MIDI,535,5,5.260258675350349
alturas_MIDI,535,6,5.765484591861985
alturas_MIDI,535,7,5.803979443850953
alturas_MIDI,536,2,0.8939704846353658
alturas_MIDI,536,3,2.2988050192326908
alturas_MIDI,536,4,3.934507519083136
alturas_MIDI,536,5,5.313300929545399
alturas_MIDI,536,6,5.751466234894547
alturas_MIDI,536,7,5.791490305462487
alturas_MIDI,537,2,0.8761445622353317
alturas_MIDI,537,3,2.280793553038132
alturas_MIDI,537,4,3.9741857767268685
alturas_MIDI,537,5,5.327484071922017
alturas_MIDI,537,6,5.769635173781506
alturas_MIDI,537,7,5.808142489980443
alturas_MIDI,538,2,0.8507691826508714
alturas_MIDI,538,3,2.223972502455235
alturas_MIDI,538,4,3.8804886220680936
alturas_MIDI,538,5,5.264190236222219
alturas_MIDI,538,6,5.726562743377423
alturas_MIDI,538,7,5.803979443850954
alturas_MIDI,539,2,0.9109416766116634
alturas_MIDI,539,3,2.332856061998242
alturas_MIDI,539,4,3.9986091467248635
alturas_MIDI,539,5,5.350284579443021
alturas_MIDI,539,6,5.773785755701026
alturas_MIDI,539,7,5.795653351591977
alturas_MIDI,540,2,0.857296880176867
alturas_MIDI,540,3,2.242999435580591
alturas_MIDI,540,4,3.9143622659575947
alturas_MIDI,540,5,5.2776191351981945
alturas_MIDI,540,6,5.730713325296944
alturas_MIDI,540,7,5.799816397721464
alturas_MIDI,541,2,0.9262648017613437
alturas_MIDI,541,3,2.3362489137475437
alturas_MIDI,541,4,4.028045206126473
alturas_MIDI,541,5,5.3699612174490206
alturas_MIDI,541,6,5.765484591861985
alturas_MIDI,541,7,5.795653351591976
alturas_MIDI,542,2,0.9162529202299777
alturas_MIDI,542,3,2.283578090586637
alturas_MIDI,542,4,3.9144427070172534
alturas_MIDI,542,5,5.3565323184730484
alturas_MIDI,542,6,5.748882264183902
alturas_MIDI,542,7,5.799816397721465
alturas_MIDI,543,2,0.9162148670998822
alturas_MIDI,543,3,2.3134374441730223
alturas_MIDI,543,4,3.9998053854782616
alturas_MIDI,543,5,5.3479149533286545
alturas_MIDI,543,6,5.765484591861985
alturas_MIDI,543,7,5.803979443850954
alturas_MIDI,544,2,0.9001628339217187
alturas_MIDI,544,3,2.310085734472915
alturas_MIDI,544,4,3.9305796354168967
alturas_MIDI,544,5,5.271784658669913
alturas_MIDI,544,6,5.734863907216464
alturas_MIDI,544,7,5.787327259332997
alturas_MIDI,545,2,0.8642039944248936
alturas_MIDI,545,3,2.207216754266236
alturas_MIDI,545,4,3.885542842982481
alturas_MIDI,545,5,5.3282383153226585
alturas_MIDI,545,6,5.761334009942464
alturas_MIDI,545,7,5.808142489980443
alturas_MIDI,546,2,0.916024585708558
alturas_MIDI,546,3,2.3462557483893205
alturas_MIDI,546,4,4.034663935122418
alturas_MIDI,546,5,5.402259063074124
alturas_MIDI,546,6,5.7846708902507125
alturas_MIDI,546,7,5.808142489980443
alturas_MIDI,547,2,0.8702253987675923
alturas_MIDI,547,3,2.266801309416223
alturas_MIDI,547,4,3.9063773381927143
alturas_MIDI,547,5,5.284593663893268
alturas_MIDI,547,6,5.743165071055506
alturas_MIDI,547,7,5.803979443850954
alturas_MIDI,548,2,0.9054224989381668
alturas_MIDI,548,3,2.327019800131056
alturas_MIDI,548,4,3.9945934425938816
alturas_MIDI,548,5,5.371729783457395
alturas_MIDI,548,6,5.761334009942464
alturas_MIDI,548,7,5.808142489980443
alturas_MIDI,549,2,0.8998612899685459
alturas_MIDI,549,3,2.310589319911299
alturas_MIDI,549,4,3.9601408782478367
alturas_MIDI,549,5,5.376128054787231
alturas_MIDI,549,6,5.757183428022944
alturas_MIDI,549,7,5.803979443850954
alturas_MIDI,550,2,0.9261498906104683
alturas_MIDI,550,3,2.3278096507463597
alturas_MIDI,550,4,4.028646814812892
alturas_MIDI,550,5,5.364808702718544
alturas_MIDI,550,6,5.726562743377423
alturas_MIDI,550,7,5.791490305462487
alturas_MIDI,551,2,0.9148823457736708
alturas_MIDI,551,3,2.3408269484786732
alturas_MIDI,551,4,4.047293729245763
alturas_MIDI,551,5,5.390858809313619
alturas_MIDI,551,6,5.744731682264382
alturas_MIDI,551,7,5.7998163977214645
alturas_MIDI,552,2,0.8944965692986546
alturas_MIDI,552,3,2.302276607106925
alturas_MIDI,552,4,3.986147625506476
alturas_MIDI,552,5,5.342214826448402
alturas_MIDI,552,6,5.769635173781506
alturas_MIDI,552,7,5.808142489980443
alturas_MIDI,553,2,0.8944965692986548
alturas_MIDI,553,3,2.2941270613975977
alturas_MIDI,553,4,3.963416462085771
alturas_MIDI,553,5,5.368605913942384
alturas_MIDI,553,6,5.777936337620547
alturas_MIDI,553,7,5.808142489980443
alturas_MIDI,554,2,0.9212068994126033
alturas_MIDI,554,3,2.342781834426277
alturas_MIDI,554,4,4.033677215725856
alturas_MIDI,554,5,5.371523152206525
alturas_MIDI,554,6,5.773785755701026
alturas_MIDI,554,7,5.803979443850954
alturas_MIDI,555,2,0.8497580127881119
alturas_MIDI,555,3,2.229580206848389
alturas_MIDI,555,4,3.8989770231788783
alturas_MIDI,555,5,5.285761169795657
alturas_MIDI,555,6,5.765484591861985
alturas_MIDI,555,7,5.808142489980443
alturas_MIDI,556,2,0.9151870356288526
alturas_MIDI,556,3,2.339026102154114
alturas_MIDI,556,4,4.017434376592042
alturas_MIDI,556,5,5.354081790666869
alturas_MIDI,556,6,5.769635173781506
alturas_MIDI,556,7,5.803979443850954
alturas_MIDI,557,2,0.8999932234786938
alturas_MIDI,557,3,2.283444334583182
alturas_MIDI,557,4,3.94195616880455
alturas_MIDI,557,5,5.2937051932312125
alturas_MIDI,557,6,5.730713325296944
alturas_MIDI,557,7,5.799816397721465
alturas_MIDI,558,2,0.9210732629475866
alturas_MIDI,558,3,2.303860271433531
alturas_MIDI,558,4,3.9254474423318206
alturas_MIDI,558,5,5.244172617317325
alturas_MIDI,558,6,5.730713325296944
alturas_MIDI,558,7,5.7998163977214645
alturas_MIDI,559,2,0.9001628339217187
alturas_MIDI,559,3,2.3112168002867683
alturas_MIDI,559,4,4.0071802523622795
alturas_MIDI,559,5,5.417043265556727
alturas_MIDI,559,6,5.786237501459588
alturas_MIDI,559,7,5.808142489980443
alturas_MIDI,560,2,0.9001628339217187
alturas_MIDI,560,3,2.3064804486603196
alturas_MIDI,560,4,3.961482701676319
alturas_MIDI,560,5,5.321029701641119
alturas_MIDI,560,6,5.755616816814068
alturas_MIDI,560,7,5.803979443850954
alturas_MIDI,561,2,0.9359441326752647
alturas_MIDI,561,3,2.371619584992328
alturas_MIDI,561,4,4.062073083586206
alturas_MIDI,561,5,5.366083104533361
alturas_MIDI,561,6,5.773785755701026
alturas_MIDI,561,7,5.808142489980443
alturas_MIDI,562,2,0.9055359412036676
alturas_MIDI,562,3,2.290853741266407
alturas_MIDI,562,4,3.932087913006665
alturas_MIDI,562,5,5.328238315322658
alturas_MIDI,562,6,5.757183428022944
alturas_MIDI,562,7,5.808142489980443
alturas_MIDI,563,2,0.9212068994126033
alturas_MIDI,563,3,2.3430837496345434
alturas_MIDI,563,4,3.971520827651414
alturas_MIDI,563,5,5.312699869439409
alturas_MIDI,563,6,5.761334009942464
alturas_MIDI,563,7,5.803979443850954
alturas_MIDI,564,2,0.9407261060453734
alturas_MIDI,564,3,2.34620484628615
alturas_MIDI,564,4,3.997016554485659
alturas_MIDI,564,5,5.372744106065131
alturas_MIDI,564,6,5.755616816814068
alturas_MIDI,564,7,5.803979443850954
alturas_MIDI,565,2,0.9035682946998228
alturas_MIDI,565,3,2.277027733644573
alturas_MIDI,565,4,3.921464920215743
alturas_MIDI,565,5,5.287197374994103
alturas_MIDI,565,6,5.714110997618861
alturas_MIDI,565,7,5.803979443850954
alturas_MIDI,566,2,0.9001628339217187
alturas_MIDI,566,3,2.282628520770775
alturas_MIDI,566,4,3.951830565954604
alturas_MIDI,566,5,5.3168380615621516
alturas_MIDI,566,6,5.757183428022944
alturas_MIDI,566,7,5.795653351591975
alturas_MIDI,567,2,0.9307982943328563
alturas_MIDI,567,3,2.365265891550352
alturas_MIDI,567,4,4.046025965743853
alturas_MIDI,567,5,5.3530674680591375
alturas_MIDI,567,6,5.751466234894547
alturas_MIDI,567,7,5.803979443850954
alturas_MIDI,568,2,0.8434504611011873
alturas_MIDI,568,3,2.2113230463172435
alturas_MIDI,568,4,3.8433138883946296
alturas_MIDI,568,5,5.212969995991761
alturas_MIDI,568,6,5.714110997618861
alturas_MIDI,568,7,5.783164213203509
alturas_MIDI,569,2,0.9255751903078847
alturas_MIDI,569,3,2.339476227253364
alturas_MIDI,569,4,4.015973832416809
alturas_MIDI,569,5,5.396899917092771
alturas_MIDI,569,6,5.740581100344861
alturas_MIDI,569,7,5.799816397721465
alturas_MIDI,570,2,0.9311057527356739
alturas_MIDI,570,3,2.324961562451346
alturas_MIDI,570,4,3.936363008331112
alturas_MIDI,570,5,5.320769622434028
alturas_MIDI,570,6,5.757183428022944
alturas_MIDI,570,7,5.803979443850954
alturas_MIDI,571,2,0.899691642806596
alturas_MIDI,571,3,2.2940973086280674
alturas_MIDI,571,4,3.9429884775505006
alturas_MIDI,571,5,5.300886353177163
alturas_MIDI,571,6,5.744731682264382
alturas_MIDI,571,7,5.7998163977214645
alturas_MIDI,572,2,0.930048574397433
alturas_MIDI,572,3,2.342818101647361
alturas_MIDI,572,4,3.940117075353838
alturas_MIDI,572,5,5.300386511461278
alturas_MIDI,572,6,5.739014489135985
alturas_MIDI,572,7,5.799816397721465
alturas_MIDI,573,2,0.8999932234786937
alturas_MIDI,573,3,2.324368133488621
alturas_MIDI,573,4,3.9788138229809773
alturas_MIDI,573,5,5.312699869439412
alturas_MIDI,573,6,5.769635173781506
alturas_MIDI,573,7,5.808142489980443
alturas_MIDI,574,2,0.9162529202299777
alturas_MIDI,574,3,2.354629456704771
alturas_MIDI,574,4,4.0395444609029
alturas_MIDI,574,5,5.3614782019526555
alturas_MIDI,574,6,5.748882264183902
alturas_MIDI,574,7,5.808142489980443
alturas_MIDI,575,2,0.8945341391980615
alturas_MIDI,575,3,2.2932043665697677
alturas_MIDI,575,4,3.940363699948537
alturas_MIDI,575,5,5.306452130409386
alturas_MIDI,575,6,5.748882264183902
alturas_MIDI,575,7,5.803979443850954
alturas_MIDI,576,2,0.9213596109045206
alturas_MIDI,576,3,2.34204920353038
alturas_MIDI,576,4,4.011208367014822
alturas_MIDI,576,5,5.323812590257231
alturas_MIDI,576,6,5.7473156529750264
alturas_MIDI,576,7,5.803979443850953
alturas_MIDI,577,2,0.9162148670998824
alturas_MIDI,577,3,2.3080544545598203
alturas_MIDI,577,4,3.968433337854111
alturas_MIDI,577,5,5.335500376960417
alturas_MIDI,577,6,5.757183428022944
alturas_MIDI,577,7,5.803979443850954
alturas_MIDI,578,2,0.8824927750824477
alturas_MIDI,578,3,2.306289323459385
alturas_MIDI,578,4,3.948677953505893
alturas_MIDI,578,5,5.303750143485085
alturas_MIDI,578,6,5.740581100344861
alturas_MIDI,578,7,5.7998163977214645
alturas_MIDI,579,2,0.9045903056287378
alturas_MIDI,579,3,2.3086363813197517
alturas_MIDI,579,4,3.950396645083847
alturas_MIDI,579,5,5.316011536558669
alturas_MIDI,579,6,5.751466234894547
alturas_MIDI,579,7,5.803979443850954
alturas_MIDI,580,2,0.9263414038452136
alturas_MIDI,580,3,2.3547214090480333
alturas_MIDI,580,4,4.008553574178735
alturas_MIDI,580,5,5.354081790666868
alturas_MIDI,580,6,5.761334009942464
alturas_MIDI,580,7,5.808142489980443
alturas_MIDI,581,2,0.9209014255517869
alturas_MIDI,581,3,2.3359908151579463
alturas_MIDI,581,4,3.9788479380965014
alturas_MIDI,581,5,5.323480229447298
alturas_MIDI,581,6,5.761334009942464
alturas_MIDI,581,7,5.803979443850954
alturas_MIDI,582,2,0.9262648017613437
alturas_MIDI,582,3,2.3401001543297477
alturas_MIDI,582,4,4.017641537767813
alturas_MIDI,582,5,5.345132064712545
alturas_MIDI,582,6,5.757183428022944
alturas_MIDI,582,7,5.808142489980443
alturas_MIDI,583,2,0.9154535840166386
alturas_MIDI,583,3,2.3308436628038027
alturas_MIDI,583,4,4.008517287899914
alturas_MIDI,583,5,5.344036840412996
alturas_MIDI,583,6,5.765484591861985
alturas_MIDI,583,7,5.808142489980443
alturas_MIDI,584,2,0.8767401568047267
alturas_MIDI,584,3,2.2815522845233733
alturas_MIDI,584,4,3.964809152044889
alturas_MIDI,584,5,5.329800250080163
alturas_MIDI,584,6,5.761334009942464
alturas_MIDI,584,7,5.803979443850954
alturas_MIDI,585,2,0.8872592084020884
alturas_MIDI,585,3,2.2731174531740024
alturas_MIDI,585,4,3.9249703151092734
alturas_MIDI,585,5,5.280402023814307
alturas_MIDI,585,6,5.73227993650582
alturas_MIDI,585,7,5.7998163977214645
alturas_MIDI,586,2,0.9162529202299776
alturas_MIDI,586,3,2.3068160263107402
alturas_MIDI,586,4,3.956474012166459
alturas_MIDI,586,5,5.301353063635123
alturas_MIDI,586,6,5.757183428022944
alturas_MIDI,586,7,5.808142489980443
alturas_MIDI,587,2,0.958454726644284
alturas_MIDI,587,3,2.3722104727081694
alturas_MIDI,587,4,4.008635564819307
alturas_MIDI,587,5,5.336568147524368
alturas_MIDI,587,6,5.744731682264382
alturas_MIDI,587,7,5.7998163977214645
alturas_MIDI,588,2,0.9109416766116634
alturas_MIDI,588,3,2.316244374295323
alturas_MIDI,588,4,3.9916405119523346
alturas_MIDI,588,5,5.413371783891944
alturas_MIDI,588,6,5.755616816814068
alturas_MIDI,588,7,5.803979443850954
alturas_MIDI,589,2,0.8763493262346542
alturas_MIDI,589,3,2.2577786415240326
alturas_MIDI,589,4,3.905026795506343
alturas_MIDI,589,5,5.305437807801655
alturas_MIDI,589,6,5.782086919540068
alturas_MIDI,589,7,5.808142489980443
alturas_MIDI,590,2,0.8824927750824477
alturas_MIDI,590,3,2.295706762880012
alturas_MIDI,590,4,3.963068020211461
alturas_MIDI,590,5,5.2935708435831845
alturas_MIDI,590,6,5.716694968329506
alturas_MIDI,590,7,5.791490305462487
alturas_MIDI,591,2,0.9056115642331697
alturas_MIDI,591,3,2.3151310885585046
alturas_MIDI,591,4,3.988567158579487
alturas_MIDI,591,5,5.366750768719863
alturas_MIDI,591,6,5.754050205605192
alturas_MIDI,591,7,5.803979443850954
alturas_MIDI,592,2,0.9582979692309246
alturas_MIDI,592,3,2.40174834154186
alturas_MIDI,592,4,4.027681431921774
alturas_MIDI,592,5,5.370221296656108
alturas_MIDI,592,6,5.782086919540068
alturas_MIDI,592,7,5.808142489980443
alturas_MIDI,593,2,0.9258050993501978
alturas_MIDI,593,3,2.298726451785361
alturas_MIDI,593,4,3.934316418230047
alturas_MIDI,593,5,5.304423485193917
alturas_MIDI,593,6,5.753032846103423
alturas_MIDI,593,7,5.808142489980443
alturas_MIDI,594,2,0.8943087046529363
alturas_MIDI,594,3,2.2976478685122728
alturas_MIDI,594,4,3.979508274379103
alturas_MIDI,594,5,5.327484071922017
alturas_MIDI,594,6,5.757183428022944
alturas_MIDI,594,7,5.808142489980443
alturas_MIDI,595,2,0.9206913728993571
alturas_MIDI,595,3,2.360442038065086
alturas_MIDI,595,4,4.0483254079025714
alturas_MIDI,595,5,5.3686059139423845
alturas_MIDI,595,6,5.7457490417661505
alturas_MIDI,595,7,5.7998163977214645
alturas_MIDI,596,2,0.9262648017613438
alturas_MIDI,596,3,2.346685247682458
alturas_MIDI,596,4,3.9877894650076753
alturas_MIDI,596,5,5.38440443903272
alturas_MIDI,596,6,5.724996132168547
alturas_MIDI,596,7,5.795653351591977
alturas_MIDI,597,2,0.8705593316223038
alturas_MIDI,597,3,2.2176371787090874
alturas_MIDI,597,4,3.8192137245102837
alturas_MIDI,597,5,5.191784871184483
alturas_MIDI,597,6,5.722412161457902
alturas_MIDI,597,7,5.795653351591976
alturas_MIDI,598,2,0.9309712481973271
alturas_MIDI,598,3,2.333610367099001
alturas_MIDI,598,4,3.971718368128809
alturas_MIDI,598,5,5.326676380565153
alturas_MIDI,598,6,5.763917980653109
alturas_MIDI,598,7,5.808142489980443
alturas_MIDI,599,2,0.9530871219797927
alturas_MIDI,599,3,2.3617396246231848
alturas_MIDI,599,4,4.007291151484934
alturas_MIDI,599,5,5.3015596948859915
alturas_MIDI,599,6,5.748882264183902
alturas_MIDI,599,7,5.7998163977214645
alturas_MIDI,600,2,0.8574443793534074
alturas_MIDI,600,3,2.249806459171392
alturas_MIDI,600,4,3.904479907817744
alturas_MIDI,600,5,5.282771649928672
alturas_MIDI,600,6,5.743165071055506
alturas_MIDI,600,7,5.808142489980443
alturas_MIDI,601,2,0.8767959809068269
alturas_MIDI,601,3,2.2505005971926413
alturas_MIDI,601,4,3.907960624359342
alturas_MIDI,601,5,5.263902703279539
alturas_MIDI,601,6,5.722412161457902
alturas_MIDI,601,7,5.808142489980443
alturas_MIDI,602,2,0.936021233855336
alturas_MIDI,602,3,2.3734562768418574
alturas_MIDI,602,4,4.05272924809884
alturas_MIDI,602,5,5.347367341178883
alturas_MIDI,602,6,5.740581100344861
alturas_MIDI,602,7,5.7998163977214645
alturas_MIDI,603,2,0.8887767700084495
alturas_MIDI,603,3,2.286900162874192
alturas_MIDI,603,4,3.9755571078311593
alturas_MIDI,603,5,5.372537474814259
alturas_MIDI,603,6,5.753032846103423
alturas_MIDI,603,7,5.808142489980443
alturas_MIDI,604,2,0.9162148670998822
alturas_MIDI,604,3,2.326352493881939
alturas_MIDI,604,4,3.995363588727462
alturas_MIDI,604,5,5.367043979184876
alturas_MIDI,604,6,5.763917980653109
alturas_MIDI,604,7,5.7998163977214645
alturas_MIDI,605,2,0.8765168383082693
alturas_MIDI,605,3,2.2903282002851393
alturas_MIDI,605,4,3.963331160003156
alturas_MIDI,605,5,5.331155553586797
alturas_MIDI,605,6,5.755616816814068
alturas_MIDI,605,7,5.803979443850953
alturas_MIDI,606,2,0.8768145884501388
alturas_MIDI,606,3,2.262995383358974
alturas_MIDI,606,4,3.9245418980383238
alturas_MIDI,606,5,5.31819336506879
alturas_MIDI,606,6,5.765484591861985
alturas_MIDI,606,7,5.808142489980443
alturas_MIDI,607,2,0.9213023460817387
alturas_MIDI,607,3,2.3355614810886625
alturas_MIDI,607,4,4.029658596328123
alturas_MIDI,607,5,5.392214112820254
alturas_MIDI,607,6,5.769635173781506
alturas_MIDI,607,7,5.808142489980443
alturas_MIDI,608,2,0.9354814339174999
alturas_MIDI,608,3,2.355254363098937
alturas_MIDI,608,4,4.038750777371142
alturas_MIDI,608,5,5.392214112820252
alturas_MIDI,608,6,5.786237501459588
alturas_MIDI,608,7,5.808142489980443
alturas_MIDI,609,2,0.916024585708558
alturas_MIDI,609,3,2.327802766610208
alturas_MIDI,609,4,3.9316765542976517
alturas_MIDI,609,5,5.238866919292193
alturas_MIDI,609,6,5.716694968329506
alturas_MIDI,609,7,5.7998163977214645
alturas_MIDI,610,2,0.8916006472111306
alturas_MIDI,610,3,2.278172946454176
alturas_MIDI,610,4,3.897491292061031
alturas_MIDI,610,5,5.282424991507442
alturas_MIDI,610,6,5.753032846103423
alturas_MIDI,610,7,5.808142489980443
alturas_MIDI,611,2,0.8704851311294893
alturas_MIDI,611,3,2.2770018019772142
alturas_MIDI,611,4,3.9429639859973857
alturas_MIDI,611,5,5.31480941634669
alturas_MIDI,611,6,5.751466234894547
alturas_MIDI,611,7,5.808142489980443
alturas_MIDI,612,2,0.9132816172314474
alturas_MIDI,612,3,2.3233496965119094
alturas_MIDI,612,4,3.9998410231256925
alturas_MIDI,612,5,5.308902658215564
alturas_MIDI,612,6,5.723978772666778
alturas_MIDI,612,7,5.795653351591976
alturas_MIDI,613,2,0.8941583947520741
alturas_MIDI,613,3,2.2730246819967834
alturas_MIDI,613,4,3.963199005924551
alturas_MIDI,613,5,5.370167848699891
alturas_MIDI,613,6,5.757183428022944
alturas_MIDI,613,7,5.803979443850953
alturas_MIDI,614,2,0.8641485192462202
alturas_MIDI,614,3,2.2446179843422613
alturas_MIDI,614,4,3.9272615741965873
alturas_MIDI,614,5,5.346353018571145
alturas_MIDI,614,6,5.765484591861985
alturas_MIDI,614,7,5.808142489980443
alturas_MIDI,615,2,0.9540639945667413
alturas_MIDI,615,3,2.3489798835623485
alturas_MIDI,615,4,4.04412951325754
alturas_MIDI,615,5,5.405849643047095
alturas_MIDI,615,6,5.782086919540068
alturas_MIDI,615,7,5.808142489980443
alturas_MIDI,616,2,0.8999932234786938
alturas_MIDI,616,3,2.320643594345734
alturas_MIDI,616,4,3.986616179026353
alturas_MIDI,616,5,5.364934432277598
alturas_MIDI,616,6,5.757183428022944
alturas_MIDI,616,7,5.803979443850954
alturas_MIDI,617,2,0.9452028873016122
alturas_MIDI,617,3,2.35558594529763
alturas_MIDI,617,4,4.063494593935403
alturas_MIDI,617,5,5.422402411538079
alturas_MIDI,617,6,5.782086919540068
alturas_MIDI,617,7,5.803979443850953
alturas_MIDI,618,2,0.899691642806596
alturas_MIDI,618,3,2.30178964509418
alturas_MIDI,618,4,3.971558897649339
alturas_MIDI,618,5,5.363420267953979
alturas_MIDI,618,6,5.761334009942464
alturas_MIDI,618,7,5.795653351591976
alturas_MIDI,619,2,0.9309712481973271
alturas_MIDI,619,3,2.367518126978252
alturas_MIDI,619,4,4.0380218243553765
alturas_MIDI,619,5,5.260312123306569
alturas_MIDI,619,6,5.723429520959671
alturas_MIDI,619,7,5.803979443850954
alturas_MIDI,620,2,0.9162529202299777
alturas_MIDI,620,3,2.310254730542734
alturas_MIDI,620,4,3.9291460951811907
alturas_MIDI,620,5,5.3194143189273975
alturas_MIDI,620,6,5.73643051842534
alturas_MIDI,620,7,5.803979443850953
alturas_MIDI,621,2,0.8939704846353658
alturas_MIDI,621,3,2.3134936569065823
alturas_MIDI,621,4,3.9451488763682914
alturas_MIDI,621,5,5.293624291539401
alturas_MIDI,621,6,5.744731682264382
alturas_MIDI,621,7,5.808142489980443
alturas_MIDI,622,2,0.9497840162846587
alturas_MIDI,622,3,2.370549341056862
alturas_MIDI,622,4,4.020948348994936
alturas_MIDI,622,5,5.355984706323274
alturas_MIDI,622,6,5.761334009942464
alturas_MIDI,622,7,5.808142489980443
alturas_MIDI,623,2,0.8640560557986472
alturas_MIDI,623,3,2.2218082517253257
alturas_MIDI,623,4,3.8536316248485987
alturas_MIDI,623,5,5.253804305069453
alturas_MIDI,623,6,5.739014489135985
alturas_MIDI,623,7,5.799816397721465
alturas_MIDI,624,2,0.8884771349705097
alturas_MIDI,624,3,2.2959835911622273
alturas_MIDI,624,4,3.9155707414619094
alturas_MIDI,624,5,5.325922137164508
alturas_MIDI,624,6,5.755616816814068
alturas_MIDI,624,7,5.803979443850954
alturas_MIDI,625,2,0.8886082331786853
alturas_MIDI,625,3,2.2768604861741184
alturas_MIDI,625,4,3.936662086369374
alturas_MIDI,625,5,5.303121629643503
alturas_MIDI,625,6,5.734863907216464
alturas_MIDI,625,7,5.799816397721465
alturas_MIDI,626,2,0.8637601322930484
alturas_MIDI,626,3,2.2262682006666674
alturas_MIDI,626,4,3.8500658578768263
alturas_MIDI,626,5,5.241937340850985
alturas_MIDI,626,6,5.739014489135985
alturas_MIDI,626,7,5.795653351591976
alturas_MIDI,627,2,0.9439217314894197
alturas_MIDI,627,3,2.369090574940833
alturas_MIDI,627,4,4.047118347353831
alturas_MIDI,627,5,5.384404439032724
alturas_MIDI,627,6,5.765484591861985
alturas_MIDI,627,7,5.808142489980443
alturas_MIDI,628,2,0.8887018672515896
alturas_MIDI,628,3,2.325483171948242
alturas_MIDI,628,4,4.010917313464566
alturas_MIDI,628,5,5.332717488344303
alturas_MIDI,628,6,5.723978772666778
alturas_MIDI,628,7,5.7998163977214645
alturas_MIDI,629,2,0.8765168383082693
alturas_MIDI,629,3,2.2576214821937746
alturas_MIDI,629,4,3.91440118902023
alturas_MIDI,629,5,5.277018075092203
alturas_MIDI,629,6,5.734863907216464
alturas_MIDI,629,7,5.808142489980443
alturas_MIDI,630,2,0.9098032307823793
alturas_MIDI,630,3,2.315119453481899
alturas_MIDI,630,4,3.977085661941869
alturas_MIDI,630,5,5.345338695963416
alturas_MIDI,630,6,5.730713325296944
alturas_MIDI,630,7,5.787327259332998
alturas_MIDI,631,2,0.9154535840166386
alturas_MIDI,631,3,2.33709907003092
alturas_MIDI,631,4,4.0156086491236005
alturas_MIDI,631,5,5.316631430311284
alturas_MIDI,631,6,5.740581100344861
alturas_MIDI,631,7,5.791490305462486
alturas_MIDI,632,2,0.8887767700084495
alturas_MIDI,632,3,2.2857788801773027
alturas_MIDI,632,4,3.9276630222239217
alturas_MIDI,632,5,5.291461296675908
alturas_MIDI,632,6,5.7473156529750264
alturas_MIDI,632,7,5.808142489980443
alturas_MIDI,633,2,0.8934817999966147
alturas_MIDI,633,3,2.281015285378693
alturas_MIDI,633,4,3.9563396239173096
alturas_MIDI,633,5,5.371442250514715
alturas_MIDI,633,6,5.777936337620547
alturas_MIDI,633,7,5.808142489980443
alturas_MIDI,634,2,0.9209014255517869
alturas_MIDI,634,3,2.293260733459297
alturas_MIDI,634,4,3.936537050822263
alturas_MIDI,634,5,5.2894860994166555
alturas_MIDI,634,6,5.737447877927109
alturas_MIDI,634,7,5.7998163977214645
alturas_MIDI,635,2,0.953790541815766
alturas_MIDI,635,3,2.3611257649328916
alturas_MIDI,635,4,4.007291002574711
alturas_MIDI,635,5,5.338471063180778
alturas_MIDI,635,6,5.765484591861985
alturas_MIDI,635,7,5.803979443850954
alturas_MIDI,636,2,0.9148823457736706
alturas_MIDI,636,3,2.341694691453805
alturas_MIDI,636,4,4.025126658596792
alturas_MIDI,636,5,5.386173005041101
alturas_MIDI,636,6,5.743165071055506
alturas_MIDI,636,7,5.803979443850954
alturas_MIDI,637,2,0.8994842682081474
alturas_MIDI,637,3,2.3139272754434477
alturas_MIDI,637,4,3.978119696590717
alturas_MIDI,637,5,5.26634461099675
alturas_MIDI,637,6,5.7083938044904645
alturas_MIDI,637,7,5.7998163977214645
alturas_MIDI,638,2,0.881820453416653
alturas_MIDI,638,3,2.2715739753774207
alturas_MIDI,638,4,3.948962307306526
alturas_MIDI,638,5,5.302188208727578
alturas_MIDI,638,6,5.753032846103423
alturas_MIDI,638,7,5.803979443850954
alturas_MIDI,639,2,0.9352500255631193
alturas_MIDI,639,3,2.327929097107958
alturas_MIDI,639,4,3.9074399615068116
alturas_MIDI,639,5,5.247089855581464
alturas_MIDI,639,6,5.714110997618861
alturas_MIDI,639,7,5.791490305462488
alturas_MIDI,640,2,0.9054224989381668
alturas_MIDI,640,3,2.2705880474091993
alturas_MIDI,640,4,3.885196731748821
alturas_MIDI,640,5,5.2639027032795385
alturas_MIDI,640,6,5.740581100344861
alturas_MIDI,640,7,5.808142489980443
alturas_MIDI,641,2,0.9263414038452136
alturas_MIDI,641,3,2.3616204363125957
alturas_MIDI,641,4,4.031312450175592
alturas_MIDI,641,5,5.334952764810645
alturas_MIDI,641,6,5.761334009942464
alturas_MIDI,641,7,5.795653351591977
alturas_MIDI,642,2,0.9056115642331697
alturas_MIDI,642,3,2.308000928750279
alturas_MIDI,642,4,3.9857321544980784
alturas_MIDI,642,5,5.31608381816151
alturas_MIDI,642,6,5.763917980653109
alturas_MIDI,642,7,5.803979443850954
alturas_MIDI,643,2,0.9100879300808465
alturas_MIDI,643,3,2.3020228023001783
alturas_MIDI,643,4,3.974986248809147
alturas_MIDI,643,5,5.310931303431035
alturas_MIDI,643,6,5.751466234894547
alturas_MIDI,643,7,5.799816397721465
alturas_MIDI,644,2,0.9259966607579806
alturas_MIDI,644,3,2.345938476834591
alturas_MIDI,644,4,3.98752597785873
alturas_MIDI,644,5,5.35978191754712
alturas_MIDI,644,6,5.769635173781506
alturas_MIDI,644,7,5.808142489980443
alturas_MIDI,645,2,0.8939704846353658
alturas_MIDI,645,3,2.295115195208917
alturas_MIDI,645,4,3.981263100998656
alturas_MIDI,645,5,5.354081790666864
alturas_MIDI,645,6,5.777936337620547
alturas_MIDI,645,7,5.7998163977214645
alturas_MIDI,646,2,0.8826421362453817
alturas_MIDI,646,3,2.276482573558895
alturas_MIDI,646,4,3.890665989702488
alturas_MIDI,646,5,5.235555252172934
alturas_MIDI,646,6,5.715677608827737
alturas_MIDI,646,7,5.795653351591976
alturas_MIDI,647,2,0.8828661482538191
alturas_MIDI,647,3,2.3014576652973515
alturas_MIDI,647,4,3.954247326129011
alturas_MIDI,647,5,5.2829782811795445
alturas_MIDI,647,6,5.697508669940778
alturas_MIDI,647,7,5.795653351591977
alturas_MIDI,648,2,0.9056115642331697
alturas_MIDI,648,3,2.2879088270446117
alturas_MIDI,648,4,3.9419688620580065
alturas_MIDI,648,5,5.373551797421992
alturas_MIDI,648,6,5.773785755701026
alturas_MIDI,648,7,5.799816397721465
alturas_MIDI,649,2,0.8765168383082693
alturas_MIDI,649,3,2.2498186290850883
alturas_MIDI,649,4,3.931781907946138
alturas_MIDI,649,5,5.2675741849443245
alturas_MIDI,649,6,5.715677608827737
alturas_MIDI,649,7,5.795653351591976
alturas_MIDI,650,2,0.9109416766116634
alturas_MIDI,650,3,2.3360008252142896
alturas_MIDI,650,4,4.007046174385443
alturas_MIDI,650,5,5.3153570284964635
alturas_MIDI,650,6,5.748882264183902
alturas_MIDI,650,7,5.808142489980443
alturas_MIDI,651,2,0.9109416766116634
alturas_MIDI,651,3,2.3290475393693537
alturas_MIDI,651,4,3.981311599803704
alturas_MIDI,651,5,5.315617107703552
alturas_MIDI,651,6,5.748882264183902
alturas_MIDI,651,7,5.791490305462487
alturas_MIDI,652,2,0.9055359412036676
alturas_MIDI,652,3,2.3365034158073845
alturas_MIDI,652,4,4.026939957001424
alturas_MIDI,652,5,5.3440902883692125
alturas_MIDI,652,6,5.7473156529750264
alturas_MIDI,652,7,5.803979443850954
alturas_MIDI,653,2,0.9494920153499824
alturas_MIDI,653,3,2.400263479132449
alturas_MIDI,653,4,4.075892944383293
alturas_MIDI,653,5,5.404835320439362
alturas_MIDI,653,6,5.777936337620547
alturas_MIDI,653,7,5.803979443850953
alturas_MIDI,654,2,0.9261498906104682
alturas_MIDI,654,3,2.298615740338195
alturas_MIDI,654,4,3.940962595612497
alturas_MIDI,654,5,5.30760080266515
alturas_MIDI,654,6,5.748882264183902
alturas_MIDI,654,7,5.803979443850954
alturas_MIDI,655,2,0.8887580446943084
alturas_MIDI,655,3,2.316822776805429
alturas_MIDI,655,4,4.027674626397971
alturas_MIDI,655,5,5.3792519243022445
alturas_MIDI,655,6,5.744731682264382
alturas_MIDI,655,7,5.803979443850954
alturas_MIDI,656,2,0.9055359412036676
alturas_MIDI,656,3,2.3259751296796574
alturas_MIDI,656,4,3.995253660242055
alturas_MIDI,656,5,5.349476888086162
alturas_MIDI,656,6,5.757183428022944
alturas_MIDI,656,7,5.7998163977214645
alturas_MIDI,657,2,0.899691642806596
alturas_MIDI,657,3,2.340577530311407
alturas_MIDI,657,4,4.030113448519803
alturas_MIDI,657,5,5.387528308547738
alturas_MIDI,657,6,5.753032846103423
alturas_MIDI,657,7,5.808142489980443
alturas_MIDI,658,2,0.8575549937116618
alturas_MIDI,658,3,2.2436509402340947
alturas_MIDI,658,4,3.8960164652865004
alturas_MIDI,658,5,5.3126998694394105
alturas_MIDI,658,6,5.744731682264382
alturas_MIDI,658,7,5.803979443850954
alturas_MIDI,659,2,0.9311057527356739
alturas_MIDI,659,3,2.3440324300804862
alturas_MIDI,659,4,4.030831903040717
alturas_MIDI,659,5,5.382375793817256
alturas_MIDI,659,6,5.761334009942464
alturas_MIDI,659,7,5.808142489980443
alturas_MIDI,660,2,0.9000874540515078
alturas_MIDI,660,3,2.3113304235439665
alturas_MIDI,660,4,3.9874193793576156
alturas_MIDI,660,5,5.359781917547119
alturas_MIDI,660,6,5.773785755701026
alturas_MIDI,660,7,5.803979443850954
alturas_MIDI,661,2,0.9109985743270244
alturas_MIDI,661,3,2.3465470472393832
alturas_MIDI,661,4,4.046964959596903
alturas_MIDI,661,5,5.381828181667483
alturas_MIDI,661,6,5.765484591861985
alturas_MIDI,661,7,5.7998163977214645
alturas_MIDI,662,2,0.8944214264703976
alturas_MIDI,662,3,2.304764295402638
alturas_MIDI,662,4,3.9899081081078966
alturas_MIDI,662,5,5.3709755400567545
alturas_MIDI,662,6,5.780520308331192
alturas_MIDI,662,7,5.808142489980443
alturas_MIDI,663,2,0.9261498906104683
alturas_MIDI,663,3,2.367494081962372
alturas_MIDI,663,4,4.043715001152844
alturas_MIDI,663,5,5.356451416781233
alturas_MIDI,663,6,5.753032846103423
alturas_MIDI,663,7,5.808142489980443
alturas_MIDI,664,2,0.9209014255517869
alturas_MIDI,664,3,2.350554055521387
alturas_MIDI,664,4,4.057941117979765
alturas_MIDI,664,5,5.345132064712544
alturas_MIDI,664,6,5.753032846103423
alturas_MIDI,664,7,5.803979443850953
alturas_MIDI,665,2,0.8700398464609564
alturas_MIDI,665,3,2.2446872982283175
alturas_MIDI,665,4,3.8820432227282033
alturas_MIDI,665,5,5.292816600182542
alturas_MIDI,665,6,5.739014489135985
alturas_MIDI,665,7,5.799816397721465
alturas_MIDI,666,2,0.9307982943328563
alturas_MIDI,666,3,2.3560483430946757
alturas_MIDI,666,4,4.040218205617663
alturas_MIDI,666,5,5.348462565478426
alturas_MIDI,666,6,5.769635173781506
alturas_MIDI,666,7,5.808142489980443
alturas_MIDI,667,2,0.8887767700084495
alturas_MIDI,667,3,2.2867831508921554
alturas_MIDI,667,4,3.945665760789058
alturas_MIDI,667,5,5.297295773204189
alturas_MIDI,667,6,5.748882264183902
alturas_MIDI,667,7,5.7998163977214645
alturas_MIDI,668,2,0.8824927750824476
alturas_MIDI,668,3,2.2642141773858726
alturas_MIDI,668,4,3.9424954177419513
alturas_MIDI,668,5,5.345392143919632
alturas_MIDI,668,6,5.753032846103423
alturas_MIDI,668,7,5.808142489980443
alturas_MIDI,669,2,0.8703738230966507
alturas_MIDI,669,3,2.2656384484822216
alturas_MIDI,669,4,3.9023553568275133
alturas_MIDI,669,5,5.2638492553233185
alturas_MIDI,669,6,5.73643051842534
alturas_MIDI,669,7,5.808142489980443
alturas_MIDI,670,2,0.8633161313150551
alturas_MIDI,670,3,2.196058445075968
alturas_MIDI,670,4,3.7913451610180706
alturas_MIDI,670,5,5.183661670233641
alturas_MIDI,670,6,5.730713325296944
alturas_MIDI,670,7,5.799816397721465
alturas_MIDI,671,2,0.8749526177346382
alturas_MIDI,671,3,2.2868198720941164
alturas_MIDI,671,4,3.9182002648074
alturas_MIDI,671,5,5.2776191351981945
alturas_MIDI,671,6,5.755616816814068
alturas_MIDI,671,7,5.803979443850954
alturas_MIDI,672,2,0.9001628339217187
alturas_MIDI,672,3,2.3001932682014155
alturas_MIDI,672,4,3.954208880116151
alturas_MIDI,672,5,5.299270970463437
alturas_MIDI,672,6,5.740581100344861
alturas_MIDI,672,7,5.795653351591976
alturas_MIDI,673,2,0.9105433271099104
alturas_MIDI,673,3,2.3041894100307054
alturas_MIDI,673,4,3.9865847081787935
alturas_MIDI,673,5,5.338543344783619
alturas_MIDI,673,6,5.769635173781506
alturas_MIDI,673,7,5.808142489980443
alturas_MIDI,674,2,0.863038560126473
alturas_MIDI,674,3,2.2592134459241975
alturas_MIDI,674,4,3.9518551228080767
alturas_MIDI,674,5,5.366370637476049
alturas_MIDI,674,6,5.773785755701026
alturas_MIDI,674,7,5.803979443850954
alturas_MIDI,675,2,0.9109416766116634
alturas_MIDI,675,3,2.319257586308204
alturas_MIDI,675,4,4.038605269054519
alturas_MIDI,675,5,5.378704312152475
alturas_MIDI,675,6,5.761334009942464
alturas_MIDI,675,7,5.808142489980443
alturas_MIDI,676,2,0.9158723417002296
alturas_MIDI,676,3,2.313163182398993
alturas_MIDI,676,4,3.9558583703348353
alturas_MIDI,676,5,5.316631430311284
alturas_MIDI,676,6,5.757183428022944
alturas_MIDI,676,7,5.808142489980443
alturas_MIDI,677,2,0.8824927750824477
alturas_MIDI,677,3,2.2924398308653804
alturas_MIDI,677,4,3.9894134768207463
alturas_MIDI,677,5,5.323345879799268
alturas_MIDI,677,6,5.753032846103423
alturas_MIDI,677,7,5.803979443850953
alturas_MIDI,678,2,0.940668092609859
alturas_MIDI,678,3,2.3331233248040055
alturas_MIDI,678,4,3.9954799327508987
alturas_MIDI,678,5,5.343570129955034
alturas_MIDI,678,6,5.753032846103423
alturas_MIDI,678,7,5.803979443850954
alturas_MIDI,679,2,0.8944214264703976
alturas_MIDI,679,3,2.2784761383539625
alturas_MIDI,679,4,3.931801011341648
alturas_MIDI,679,5,5.305904518259614
alturas_MIDI,679,6,5.753032846103423
alturas_MIDI,679,7,5.803979443850953
alturas_MIDI,680,2,0.8705593316223039
alturas_MIDI,680,3,2.2640278419308415
alturas_MIDI,680,4,3.9472859497053707
alturas_MIDI,680,5,5.34166721429863
alturas_MIDI,680,6,5.739014489135985
alturas_MIDI,680,7,5.799816397721465
alturas_MIDI,681,2,0.9109985743270244
alturas_MIDI,681,3,2.3258263897566818
alturas_MIDI,681,4,3.9871989371152132
alturas_MIDI,681,5,5.311738994787894
alturas_MIDI,681,6,5.70996041569934
alturas_MIDI,681,7,5.7998163977214645
alturas_MIDI,682,2,0.9055359412036676
alturas_MIDI,682,3,2.3293258760182987
alturas_MIDI,682,4,4.0412466982759945
alturas_MIDI,682,5,5.349650388079111
alturas_MIDI,682,6,5.753032846103423
alturas_MIDI,682,7,5.803979443850954
alturas_MIDI,683,2,0.9307982943328563
alturas_MIDI,683,3,2.35630428501774
alturas_MIDI,683,4,3.988818618030947
alturas_MIDI,683,5,5.303202531335313
alturas_MIDI,683,6,5.748882264183902
alturas_MIDI,683,7,5.808142489980443
alturas_MIDI,684,2,0.9204430874663296
alturas_MIDI,684,3,2.323946919565049
alturas_MIDI,684,4,4.005768547540204
alturas_MIDI,684,5,5.323345879799272
alturas_MIDI,684,6,5.718261579538382
alturas_MIDI,684,7,5.787327259332996
alturas_MIDI,685,2,0.9212068994126031
alturas_MIDI,685,3,2.3741607478001487
alturas_MIDI,685,4,4.036097649619735
alturas_MIDI,685,5,5.3618914644543985
alturas_MIDI,685,6,5.769635173781506
alturas_MIDI,685,7,5.803979443850954
alturas_MIDI,686,2,0.9108468418894744
alturas_MIDI,686,3,2.337187579643571
alturas_MIDI,686,4,4.0201647268018394
alturas_MIDI,686,5,5.363713478418992
alturas_MIDI,686,6,5.757183428022944
alturas_MIDI,686,7,5.803979443850954
alturas_MIDI,687,2,0.8767959809068269
alturas_MIDI,687,3,2.270152110142449
alturas_MIDI,687,4,3.939554484964359
alturas_MIDI,687,5,5.3745661200297254
alturas_MIDI,687,6,5.755616816814068
alturas_MIDI,687,7,5.799816397721465
alturas_MIDI,688,2,0.8998612899685459
alturas_MIDI,688,3,2.2805371437550113
alturas_MIDI,688,4,3.9378449862399316
alturas_MIDI,688,5,5.300338741027387
alturas_MIDI,688,6,5.743165071055506
alturas_MIDI,688,7,5.7998163977214645
alturas_MIDI,689,2,0.8828661482538191
alturas_MIDI,689,3,2.2900090933252724
alturas_MIDI,689,4,3.922978357100602
alturas_MIDI,689,5,5.324647735349685
alturas_MIDI,689,6,5.739014489135985
alturas_MIDI,689,7,5.78316421320351
alturas_MIDI,690,2,0.9108468418894744
alturas_MIDI,690,3,2.347113614706398
alturas_MIDI,690,4,4.018547623791822
alturas_MIDI,690,5,5.400149516166843
alturas_MIDI,690,6,5.757183428022944
alturas_MIDI,690,7,5.803979443850954
alturas_MIDI,691,2,0.9496282903193912
alturas_MIDI,691,3,2.367098679918414
alturas_MIDI,691,4,4.059741774404634
alturas_MIDI,691,5,5.393982678828629
alturas_MIDI,691,6,5.769635173781506
alturas_MIDI,691,7,5.7998163977214645
alturas_MIDI,692,2,0.8875778453187955
alturas_MIDI,692,3,2.28920653190447
alturas_MIDI,692,4,3.9270554701806657
alturas_MIDI,692,5,5.321783945041759
alturas_MIDI,692,6,5.753032846103423
alturas_MIDI,692,7,5.7998163977214645
alturas_MIDI,693,2,0.9145394891364809
alturas_MIDI,693,3,2.321727380960309
alturas_MIDI,693,4,4.0035916091055395
alturas_MIDI,693,5,5.347708322077784
alturas_MIDI,693,6,5.739014489135985
alturas_MIDI,693,7,5.795653351591976
alturas_MIDI,694,2,0.8943087046529364
alturas_MIDI,694,3,2.2991734351152946
alturas_MIDI,694,4,3.955696147688035
alturas_MIDI,694,5,5.295392857547783
alturas_MIDI,694,6,5.748882264183902
alturas_MIDI,694,7,5.808142489980443
alturas_MIDI,695,2,0.9156820130597828
alturas_MIDI,695,3,2.309410070041721
alturas_MIDI,695,4,3.960730243865167
alturas_MIDI,695,5,5.342555807347302
alturas_MIDI,695,6,5.765484591861985
alturas_MIDI,695,7,5.803979443850954
alturas_MIDI,696,2,0.8994842682081474
alturas_MIDI,696,3,2.2897828358516152
alturas_MIDI,696,4,3.9603309623810126
alturas_MIDI,696,5,5.313094298294524
alturas_MIDI,696,6,5.73643051842534
alturas_MIDI,696,7,5.795653351591976
alturas_MIDI,697,2,0.8945341391980615
alturas_MIDI,697,3,2.2755645664972124
alturas_MIDI,697,4,3.9241549730662144
alturas_MIDI,697,5,5.279642102891329
alturas_MIDI,697,6,5.73227993650582
alturas_MIDI,697,7,5.791490305462486
alturas_MIDI,698,2,0.8642039944248936
alturas_MIDI,698,3,2.300360959417532
alturas_MIDI,698,4,3.9772474006743668
alturas_MIDI,698,5,5.304764466092816
alturas_MIDI,698,6,5.734863907216464
alturas_MIDI,698,7,5.803979443850953
alturas_MIDI,699,2,0.857296880176867
alturas_MIDI,699,3,2.2877401265622246
alturas_MIDI,699,4,3.963997317007676
alturas_MIDI,699,5,5.383596747675862
alturas_MIDI,699,6,5.773785755701026
alturas_MIDI,699,7,5.808142489980443
alturas_MIDI,700,2,0.9253069143181425
alturas_MIDI,700,3,2.3100399846942996
alturas_MIDI,700,4,3.950161939051458
alturas_MIDI,700,5,5.265877900538788
alturas_MIDI,700,6,5.751466234894547
alturas_MIDI,700,7,5.803979443850953
alturas_MIDI,701,2,0.9263414038452136
alturas_MIDI,701,3,2.3466713329878277
alturas_MIDI,701,4,4.0065117298212005
alturas_MIDI,701,5,5.37626240443526
alturas_MIDI,701,6,5.765484591861985
alturas_MIDI,701,7,5.803979443850954
alturas_MIDI,702,2,0.9109416766116634
alturas_MIDI,702,3,2.303361175509694
alturas_MIDI,702,4,3.964252307625832
alturas_MIDI,702,5,5.3445844525627715
alturas_MIDI,702,6,5.757183428022944
alturas_MIDI,702,7,5.808142489980443
alturas_MIDI,703,2,0.9312018193012837
alturas_MIDI,703,3,2.3327706853103396
alturas_MIDI,703,4,3.978340649022725
alturas_MIDI,703,5,5.345132064712539
alturas_MIDI,703,6,5.757183428022944
alturas_MIDI,703,7,5.803979443850954
alturas_MIDI,704,2,0.9213023460817386
alturas_MIDI,704,3,2.3418446740011656
alturas_MIDI,704,4,4.009949904394455
alturas_MIDI,704,5,5.359862819238932
alturas_MIDI,704,6,5.761334009942464
alturas_MIDI,704,7,5.808142489980443
alturas_MIDI,705,2,0.930048574397433
alturas_MIDI,705,3,2.355053838339728
alturas_MIDI,705,4,4.052557868556315
alturas_MIDI,705,5,5.400149516166842
alturas_MIDI,705,6,5.765484591861985
alturas_MIDI,705,7,5.799816397721465
alturas_MIDI,706,2,0.9391782317665054
alturas_MIDI,706,3,2.3398288708950608
alturas_MIDI,706,4,4.005064712712556
alturas_MIDI,706,5,5.3349527648106445
alturas_MIDI,706,6,5.753032846103423
alturas_MIDI,706,7,5.7998163977214645
alturas_MIDI,707,2,0.8639265968551273
alturas_MIDI,707,3,2.223747860080569
alturas_MIDI,707,4,3.9042695539727705
alturas_MIDI,707,5,5.327484071922014
alturas_MIDI,707,6,5.769635173781506
alturas_MIDI,707,7,5.808142489980443
alturas_MIDI,708,2,0.9054224989381668
alturas_MIDI,708,3,2.315337936318726
alturas_MIDI,708,4,3.9595401249192443
alturas_MIDI,708,5,5.272981101359562
alturas_MIDI,708,6,5.73227993650582
alturas_MIDI,708,7,5.803979443850954
alturas_MIDI,709,2,0.9110175397125628
alturas_MIDI,709,3,2.326032203179989
alturas_MIDI,709,4,3.972189009644387
alturas_MIDI,709,5,5.3725374748142585
alturas_MIDI,709,6,5.765484591861985
alturas_MIDI,709,7,5.803979443850954
alturas_MIDI,710,2,0.9109985743270244
alturas_MIDI,710,3,2.3191769319056332
alturas_MIDI,710,4,3.9758432702113193
alturas_MIDI,710,5,5.306245499158513
alturas_MIDI,710,6,5.73643051842534
alturas_MIDI,710,7,5.7998163977214645
alturas_MIDI,711,2,0.9162529202299777
alturas_MIDI,711,3,2.2783331642678646
alturas_MIDI,711,4,3.890829837975378
alturas_MIDI,711,5,5.223400755011784
alturas_MIDI,711,6,5.722412161457902
alturas_MIDI,711,7,5.799816397721465
alturas_MIDI,712,2,0.8887767700084495
alturas_MIDI,712,3,2.2874229508996256
alturas_MIDI,712,4,3.9541917796068957
alturas_MIDI,712,5,5.330527039745214
alturas_MIDI,712,6,5.744731682264382
alturas_MIDI,712,7,5.799816397721464
alturas_MIDI,713,2,0.8641485192462202
alturas_MIDI,713,3,2.2435260786800058
alturas_MIDI,713,4,3.9093548909880926
alturas_MIDI,713,5,5.353875159415995
alturas_MIDI,713,6,5.782086919540068
alturas_MIDI,713,7,5.808142489980443
alturas_MIDI,714,2,0.9212068994126031
alturas_MIDI,714,3,2.3557956517651433
alturas_MIDI,714,4,4.011309339915557
alturas_MIDI,714,5,5.347420789135099
alturas_MIDI,714,6,5.763917980653109
alturas_MIDI,714,7,5.808142489980443
alturas_MIDI,715,2,0.8702253987675923
alturas_MIDI,715,3,2.2511773515477205
alturas_MIDI,715,4,3.92270835213286
alturas_MIDI,715,5,5.289880528271775
alturas_MIDI,715,6,5.702676611362068
alturas_MIDI,715,7,5.803979443850954
alturas_MIDI,716,2,0.886509188227526
alturas_MIDI,716,3,2.2778091646963805
alturas_MIDI,716,4,3.9185888090481527
alturas_MIDI,716,5,5.358767594939385
alturas_MIDI,716,6,5.769635173781506
alturas_MIDI,716,7,5.808142489980443
alturas_MIDI,717,2,0.8767401568047266
alturas_MIDI,717,3,2.2430341157280154
alturas_MIDI,717,4,3.9082749309577753
alturas_MIDI,717,5,5.311945626038764
alturas_MIDI,717,6,5.7473156529750264
alturas_MIDI,717,7,5.795653351591976
alturas_MIDI,718,2,0.8887580446943084
alturas_MIDI,718,3,2.2706097900060036
alturas_MIDI,718,4,3.9241422730036164
alturas_MIDI,718,5,5.3042168539430445
alturas_MIDI,718,6,5.744731682264382
alturas_MIDI,718,7,5.808142489980443
alturas_MIDI,719,2,0.9087208383435516
alturas_MIDI,719,3,2.321293229104089
alturas_MIDI,719,4,3.952093465290373
alturas_MIDI,719,5,5.323085800592183
alturas_MIDI,719,6,5.744731682264382
alturas_MIDI,719,7,5.803979443850954
alturas_MIDI,720,2,0.9048551485373216
alturas_MIDI,720,3,2.298476343056833
alturas_MIDI,720,4,3.9684921177224752
alturas_MIDI,720,5,5.3073407234580605
alturas_MIDI,720,6,5.744731682264382
alturas_MIDI,720,7,5.808142489980443
alturas_MIDI,721,2,0.9445042255101557
alturas_MIDI,721,3,2.316665186117481
alturas_MIDI,721,4,3.9508825983271882
alturas_MIDI,721,5,5.304010222692175
alturas_MIDI,721,6,5.782086919540068
alturas_MIDI,721,7,5.808142489980443
alturas_MIDI,722,2,0.9107140623628861
alturas_MIDI,722,3,2.3091976596195543
alturas_MIDI,722,4,3.977180918461825
alturas_MIDI,722,5,5.375661344329273
alturas_MIDI,722,6,5.773785755701026
alturas_MIDI,722,7,5.808142489980443
alturas_MIDI,723,2,0.8507691826508714
alturas_MIDI,723,3,2.2392100432796083
alturas_MIDI,723,4,3.87414406990214
alturas_MIDI,723,5,5.32178394504176
alturas_MIDI,723,6,5.753032846103423
alturas_MIDI,723,7,5.803979443850953
alturas_MIDI,724,2,0.8767959809068269
alturas_MIDI,724,3,2.2808300282838796
alturas_MIDI,724,4,3.9618432437998803
alturas_MIDI,724,5,5.340652891690899
alturas_MIDI,724,6,5.761334009942464
alturas_MIDI,724,7,5.795653351591975
alturas_MIDI,725,2,0.8820819500557356
alturas_MIDI,725,3,2.303705299778371
alturas_MIDI,725,4,3.990862188291379
alturas_MIDI,725,5,5.337870003074787
alturas_MIDI,725,6,5.769635173781506
alturas_MIDI,725,7,5.808142489980443
alturas_MIDI,726,2,0.9162529202299777
alturas_MIDI,726,3,2.3431614617606638
alturas_MIDI,726,4,4.007135439276873
alturas_MIDI,726,5,5.321577313790891
alturas_MIDI,726,6,5.740581100344861
alturas_MIDI,726,7,5.808142489980443
alturas_MIDI,727,2,0.9447371528702115
alturas_MIDI,727,3,2.3258582121743814
alturas_MIDI,727,4,3.9846727839963902
alturas_MIDI,727,5,5.36012289844602
alturas_MIDI,727,6,5.7473156529750264
alturas_MIDI,727,7,5.803979443850954
alturas_MIDI,728,2,0.9162148670998824
alturas_MIDI,728,3,2.3138671555169124
alturas_MIDI,728,4,3.960063547319162
alturas_MIDI,728,5,5.2938309227902725
alturas_MIDI,728,6,5.726562743377423
alturas_MIDI,728,7,5.791490305462487
alturas_MIDI,729,2,0.9108468418894744
alturas_MIDI,729,3,2.3183094460808977
alturas_MIDI,729,4,4.0032578876621665
alturas_MIDI,729,5,5.391199790212521
alturas_MIDI,729,6,5.748882264183902
alturas_MIDI,729,7,5.803979443850954
alturas_MIDI,730,2,0.8939704846353658
alturas_MIDI,730,3,2.2740947822817383
alturas_MIDI,730,4,3.916009077503374
alturas_MIDI,730,5,5.285688888192814
alturas_MIDI,730,6,5.773785755701026
alturas_MIDI,730,7,5.808142489980443
alturas_MIDI,731,2,0.958454726644284
alturas_MIDI,731,3,2.394459687748709
alturas_MIDI,731,4,4.07159658958687
alturas_MIDI,731,5,5.327484071922017
alturas_MIDI,731,6,5.748882264183902
alturas_MIDI,731,7,5.795653351591976
alturas_MIDI,732,2,0.8704851311294893
alturas_MIDI,732,3,2.290741272921117
alturas_MIDI,732,4,3.962711461627988
alturas_MIDI,732,5,5.314728514654876
alturas_MIDI,732,6,5.769635173781506
alturas_MIDI,732,7,5.808142489980443
alturas_MIDI,733,2,0.9052712281669313
alturas_MIDI,733,3,2.3346332078057346
alturas_MIDI,733,4,3.998812786278461
alturas_MIDI,733,5,5.360329529696894
alturas_MIDI,733,6,5.763917980653109
alturas_MIDI,733,7,5.808142489980443
alturas_MIDI,734,2,0.9198317321176597
alturas_MIDI,734,3,2.346167686707629
alturas_MIDI,734,4,4.023607076553068
alturas_MIDI,734,5,5.383049135526089
alturas_MIDI,734,6,5.755616816814068
alturas_MIDI,734,7,5.803979443850954
alturas_MIDI,735,2,0.9162148670998824
alturas_MIDI,735,3,2.334922543341648
alturas_MIDI,735,4,3.9867569089966555
alturas_MIDI,735,5,5.313040850338309
alturas_MIDI,735,6,5.729146714088068
alturas_MIDI,735,7,5.799816397721464
alturas_MIDI,736,2,0.8992391493115466
alturas_MIDI,736,3,2.309860675894076
alturas_MIDI,736,4,3.9660390473508986
alturas_MIDI,736,5,5.34681972902911
alturas_MIDI,736,6,5.7457490417661505
alturas_MIDI,736,7,5.808142489980443
alturas_MIDI,737,2,0.8994842682081474
alturas_MIDI,737,3,2.3130806667847983
alturas_MIDI,737,4,4.008382337188983
alturas_MIDI,737,5,5.374099409571763
alturas_MIDI,737,6,5.765484591861985
alturas_MIDI,737,7,5.808142489980443
alturas_MIDI,738,2,0.9407261060453734
alturas_MIDI,738,3,2.3677017433738605
alturas_MIDI,738,4,4.04994971798778
alturas_MIDI,738,5,5.390858809313622
alturas_MIDI,738,6,5.765484591861985
alturas_MIDI,738,7,5.7998163977214645
alturas_MIDI,739,2,0.9156820130597827
alturas_MIDI,739,3,2.2909003327118103
alturas_MIDI,739,4,3.949794848213683
alturas_MIDI,739,5,5.287250822950322
alturas_MIDI,739,6,5.734863907216464
alturas_MIDI,739,7,5.799816397721464
alturas_MIDI,740,2,0.8368683356312258
alturas_MIDI,740,3,2.2034015199993497
alturas_MIDI,740,4,3.838111114277501
alturas_MIDI,740,5,5.234127667063454
alturas_MIDI,740,6,5.726562743377423
alturas_MIDI,740,7,5.799816397721464
alturas_MIDI,741,2,0.9103346220787493
alturas_MIDI,741,3,2.340185724707426
alturas_MIDI,741,4,4.020021842021905
alturas_MIDI,741,5,5.334405152660871
alturas_MIDI,741,6,5.748882264183902
alturas_MIDI,741,7,5.803979443850954
alturas_MIDI,742,2,0.9289520884693288
alturas_MIDI,742,3,2.3527643427866236
alturas_MIDI,742,4,4.027486417077913
alturas_MIDI,742,5,5.397914239700505
alturas_MIDI,742,6,5.790388083379109
alturas_MIDI,742,7,5.803979443850954
alturas_MIDI,743,2,0.9000874540515077
alturas_MIDI,743,3,2.304941183988058
alturas_MIDI,743,4,3.980944116145641
alturas_MIDI,743,5,5.352519855909359
alturas_MIDI,743,6,5.73227993650582
alturas_MIDI,743,7,5.791490305462485
alturas_MIDI,744,2,0.9527743726525202
alturas_MIDI,744,3,2.3848009750948185
alturas_MIDI,744,4,4.043201226372097
alturas_MIDI,744,5,5.372196493915359
alturas_MIDI,744,6,5.777936337620547
alturas_MIDI,744,7,5.808142489980443
alturas_MIDI,745,2,0.8763493262346542
alturas_MIDI,745,3,2.2906013423493214
alturas_MIDI,745,4,3.9843509172835194
alturas_MIDI,745,5,5.353875159415996
alturas_MIDI,745,6,5.769635173781506
alturas_MIDI,745,7,5.803979443850953
alturas_MIDI,746,2,0.9108468418894744
alturas_MIDI,746,3,2.309725408548394
alturas_MIDI,746,4,3.9800522666382667
alturas_MIDI,746,5,5.314055172946043
alturas_MIDI,746,6,5.757183428022944
alturas_MIDI,746,7,5.803979443850953
alturas_MIDI,747,2,0.9161387576918345
alturas_MIDI,747,3,2.295718801653064
alturas_MIDI,747,4,3.9485416803187623
alturas_MIDI,747,5,5.30067972192629
alturas_MIDI,747,6,5.755616816814068
alturas_MIDI,747,7,5.808142489980443
alturas_MIDI,748,2,0.9360597828091104
alturas_MIDI,748,3,2.3687637332003675
alturas_MIDI,748,4,4.060972183900742
alturas_MIDI,748,5,5.423964346295586
alturas_MIDI,748,6,5.790388083379109
alturas_MIDI,748,7,5.808142489980443
alturas_MIDI,749,2,0.9156820130597828
alturas_MIDI,749,3,2.3331433699961295
alturas_MIDI,749,4,4.022130451323878
alturas_MIDI,749,5,5.416495653406952
alturas_MIDI,749,6,5.790388083379109
alturas_MIDI,749,7,5.808142489980443
alturas_MIDI,750,2,0.9107140623628861
alturas_MIDI,750,3,2.349204571076604
alturas_MIDI,750,4,4.011278506408545
alturas_MIDI,750,5,5.374566120029724
alturas_MIDI,750,6,5.753032846103423
alturas_MIDI,750,7,5.803979443850954
alturas_MIDI,751,2,0.8887018672515896
alturas_MIDI,751,3,2.293750230790976
alturas_MIDI,751,4,3.952759100105113
alturas_MIDI,751,5,5.342214826448404
alturas_MIDI,751,6,5.748882264183902
alturas_MIDI,751,7,5.808142489980443
alturas_MIDI,752,2,0.9156820130597828
alturas_MIDI,752,3,2.3255615621308343
alturas_MIDI,752,4,4.008229199699568
alturas_MIDI,752,5,5.31879442517478
alturas_MIDI,752,6,5.751466234894547
alturas_MIDI,752,7,5.7998163977214645
alturas_MIDI,753,2,0.8828661482538191
alturas_MIDI,753,3,2.269037998233313
alturas_MIDI,753,4,3.9538639345126247
alturas_MIDI,753,5,5.336308068317281
alturas_MIDI,753,6,5.740581100344861
alturas_MIDI,753,7,5.803979443850954
alturas_MIDI,754,2,0.8937449591262361
alturas_MIDI,754,3,2.3288922834869368
alturas_MIDI,754,4,4.045355385482872
alturas_MIDI,754,5,5.427635827960372
alturas_MIDI,754,6,5.782086919540068
alturas_MIDI,754,7,5.808142489980443
alturas_MIDI,755,2,0.9052712281669313
alturas_MIDI,755,3,2.278429252096117
alturas_MIDI,755,4,3.927844501484676
alturas_MIDI,755,5,5.276811443841329
alturas_MIDI,755,6,5.743165071055506
alturas_MIDI,755,7,5.803979443850954
alturas_MIDI,756,2,0.8429738936776003
alturas_MIDI,756,3,2.223970866115116
alturas_MIDI,756,4,3.870698639973268
alturas_MIDI,756,5,5.221766538651439
alturas_MIDI,756,6,5.751466234894547
alturas_MIDI,756,7,5.808142489980443
alturas_MIDI,757,2,0.9201565485218288
alturas_MIDI,757,3,2.3450601600319168
alturas_MIDI,757,4,4.026786228696389
alturas_MIDI,757,5,5.372196493915359
alturas_MIDI,757,6,5.757183428022944
alturas_MIDI,757,7,5.7998163977214645
alturas_MIDI,758,2,0.8826421362453817
alturas_MIDI,758,3,2.2671394383756347
alturas_MIDI,758,4,3.9406686082532394
alturas_MIDI,758,5,5.315069495553777
alturas_MIDI,758,6,5.769635173781506
alturas_MIDI,758,7,5.808142489980443
alturas_MIDI,759,2,0.9354814339174999
alturas_MIDI,759,3,2.3300512323892146
alturas_MIDI,759,4,4.004088943122355
alturas_MIDI,759,5,5.334952764810645
alturas_MIDI,759,6,5.748882264183902
alturas_MIDI,759,7,5.803979443850953
alturas_MIDI,760,2,0.9162529202299777
alturas_MIDI,760,3,2.331202414167252
alturas_MIDI,760,4,3.9769068252417017
alturas_MIDI,760,5,5.332376507445403
alturas_MIDI,760,6,5.73643051842534
alturas_MIDI,760,7,5.799816397721465
alturas_MIDI,761,2,0.8828288153963664
alturas_MIDI,761,3,2.2791787838971262
alturas_MIDI,761,4,3.9179035568217238
alturas_MIDI,761,5,5.315617107703549
alturas_MIDI,761,6,5.763917980653109
alturas_MIDI,761,7,5.808142489980443
alturas_MIDI,762,2,0.9213786986490775
alturas_MIDI,762,3,2.3573184625689647
alturas_MIDI,762,4,4.062408466307566
alturas_MIDI,762,5,5.343229149056137
alturas_MIDI,762,6,5.73643051842534
alturas_MIDI,762,7,5.795653351591976
alturas_MIDI,763,2,0.9048551485373215
alturas_MIDI,763,3,2.302663667197571
alturas_MIDI,763,4,3.9640988665348336
alturas_MIDI,763,5,5.341460583047757
alturas_MIDI,763,6,5.773785755701026
alturas_MIDI,763,7,5.808142489980443
alturas_MIDI,764,2,0.9055359412036676
alturas_MIDI,764,3,2.304386043240779
alturas_MIDI,764,4,3.9580937901719255
alturas_MIDI,764,5,5.324701183305902
alturas_MIDI,764,6,5.726562743377423
alturas_MIDI,764,7,5.795653351591975
alturas_MIDI,765,2,0.9098032307823793
alturas_MIDI,765,3,2.3219546376573934
alturas_MIDI,765,4,4.029265681916511
alturas_MIDI,765,5,5.3794585555531125
alturas_MIDI,765,6,5.7457490417661505
alturas_MIDI,765,7,5.785755943585957
alturas_MIDI,766,2,0.8704851311294893
alturas_MIDI,766,3,2.2321149292495397
alturas_MIDI,766,4,3.8823034667379117
alturas_MIDI,766,5,5.256981622540682
alturas_MIDI,766,6,5.712544386409985
alturas_MIDI,766,7,5.795653351591975
alturas_MIDI,767,2,0.8768145884501388
alturas_MIDI,767,3,2.2637736033802627
alturas_MIDI,767,4,3.9494151625965213
alturas_MIDI,767,5,5.2997376809214
alturas_MIDI,767,6,5.728129354586299
alturas_MIDI,767,7,5.7998163977214645
alturas_MIDI,768,2,0.9050821165232412
alturas_MIDI,768,3,2.2849834731635013
alturas_MIDI,768,4,3.963908866011522
alturas_MIDI,768,5,5.363453399211903
alturas_MIDI,768,6,5.748882264183902
alturas_MIDI,768,7,5.7998163977214645
alturas_MIDI,769,2,0.9312018193012837
alturas_MIDI,769,3,2.3535555845247007
alturas_MIDI,769,4,4.024739843261385
alturas_MIDI,769,5,5.348516013434647
alturas_MIDI,769,6,5.757183428022944
alturas_MIDI,769,7,5.7998163977214645
alturas_MIDI,770,2,0.9001628339217187
alturas_MIDI,770,3,2.2921207069684977
alturas_MIDI,770,4,3.987810010780645
alturas_MIDI,770,5,5.365068781925627
alturas_MIDI,770,6,5.755616816814068
alturas_MIDI,770,7,5.808142489980443
alturas_MIDI,771,2,0.9000874540515077
alturas_MIDI,771,3,2.302195431453357
alturas_MIDI,771,4,3.9334594318524374
alturas_MIDI,771,5,5.30054537227826
alturas_MIDI,771,6,5.718261579538382
alturas_MIDI,771,7,5.795653351591976
alturas_MIDI,772,2,0.9210732629475866
alturas_MIDI,772,3,2.323893016590624
alturas_MIDI,772,4,3.9647763263849596
alturas_MIDI,772,5,5.344791083813639
alturas_MIDI,772,6,5.761334009942464
alturas_MIDI,772,7,5.803979443850954
alturas_MIDI,773,2,0.916024585708558
alturas_MIDI,773,3,2.300784978826084
alturas_MIDI,773,4,3.9605754500221733
alturas_MIDI,773,5,5.30473701235722
alturas_MIDI,773,6,5.757183428022944
alturas_MIDI,773,7,5.803979443850954
alturas_MIDI,774,2,0.9105433271099104
alturas_MIDI,774,3,2.30848184572665
alturas_MIDI,774,4,3.967087899520415
alturas_MIDI,774,5,5.354081790666864
alturas_MIDI,774,6,5.761334009942464
alturas_MIDI,774,7,5.7998163977214645
alturas_MIDI,775,2,0.8635566490894804
alturas_MIDI,775,3,2.256714368871491
alturas_MIDI,775,4,3.893234218484365
alturas_MIDI,775,5,5.271919008317941
alturas_MIDI,775,6,5.73227993650582
alturas_MIDI,775,7,5.795653351591976
alturas_MIDI,776,2,0.9263414038452136
alturas_MIDI,776,3,2.3801335527400296
alturas_MIDI,776,4,4.0856905984178455
alturas_MIDI,776,5,5.426073893202863
alturas_MIDI,776,6,5.777936337620547
alturas_MIDI,776,7,5.808142489980443
alturas_MIDI,777,2,0.8766471117266466
alturas_MIDI,777,3,2.2795065840800772
alturas_MIDI,777,4,3.9704410092799103
alturas_MIDI,777,5,5.364467721819637
alturas_MIDI,777,6,5.753032846103423
alturas_MIDI,777,7,5.808142489980443
alturas_MIDI,778,2,0.8887580446943084
alturas_MIDI,778,3,2.272178693499731
alturas_MIDI,778,4,3.944398703734747
alturas_MIDI,778,5,5.327825052820915
alturas_MIDI,778,6,5.740581100344861
alturas_MIDI,778,7,5.803979443850953
alturas_MIDI,779,2,0.9194686110762591
alturas_MIDI,779,3,2.328599505181784
alturas_MIDI,779,4,4.0017864116032005
alturas_MIDI,779,5,5.316083818161511
alturas_MIDI,779,6,5.73643051842534
alturas_MIDI,779,7,5.799816397721465
alturas_MIDI,780,2,0.8887580446943084
alturas_MIDI,780,3,2.2697439634227368
alturas_MIDI,780,4,3.924808622459438
alturas_MIDI,780,5,5.275850569189812
alturas_MIDI,780,6,5.719828190747258
alturas_MIDI,780,7,5.795653351591976
alturas_MIDI,781,2,0.8999932234786937
alturas_MIDI,781,3,2.294640632586764
alturas_MIDI,781,4,3.9771248144023335
alturas_MIDI,781,5,5.348929275936388
alturas_MIDI,781,6,5.773785755701026
alturas_MIDI,781,7,5.808142489980443
alturas_MIDI,782,2,0.9056115642331697
alturas_MIDI,782,3,2.330139580552201
alturas_MIDI,782,4,4.016846855512034
alturas_MIDI,782,5,5.391873131921353
alturas_MIDI,782,6,5.753032846103423
alturas_MIDI,782,7,5.808142489980443
alturas_MIDI,783,2,0.8767959809068269
alturas_MIDI,783,3,2.271345985331398
alturas_MIDI,783,4,3.9326970268553505
alturas_MIDI,783,5,5.279387701206576
alturas_MIDI,783,6,5.744731682264382
alturas_MIDI,783,7,5.7998163977214645
alturas_MIDI,784,2,0.9055359412036676
alturas_MIDI,784,3,2.3022523241330313
alturas_MIDI,784,4,3.9588210403091866
alturas_MIDI,784,5,5.294552034932992
alturas_MIDI,784,6,5.70996041569934
alturas_MIDI,784,7,5.791490305462486
alturas_MIDI,785,2,0.9213023460817386
alturas_MIDI,785,3,2.3476160774283903
alturas_MIDI,785,4,3.9899041733858516
alturas_MIDI,785,5,5.335553824916639
alturas_MIDI,785,6,5.7457490417661505
alturas_MIDI,785,7,5.803979443850954
alturas_MIDI,786,2,0.8939704846353658
alturas_MIDI,786,3,2.266477749173858
alturas_MIDI,786,4,3.9098448226143767
alturas_MIDI,786,5,5.241856439159173
alturas_MIDI,786,6,5.740581100344861
alturas_MIDI,786,7,5.7998163977214645
alturas_MIDI,787,2,0.9262648017613438
alturas_MIDI,787,3,2.363396719219878
alturas_MIDI,787,4,4.033072673230437
alturas_MIDI,787,5,5.349270256835289
alturas_MIDI,787,6,5.777936337620547
alturas_MIDI,787,7,5.808142489980443
alturas_MIDI,788,2,0.9584743200317551
alturas_MIDI,788,3,2.391908944093121
alturas_MIDI,788,4,4.037668095007025
alturas_MIDI,788,5,5.373345166171118
alturas_MIDI,788,6,5.744731682264382
alturas_MIDI,788,7,5.7998163977214645
alturas_MIDI,789,2,0.9151870356288526
alturas_MIDI,789,3,2.3442966202646356
alturas_MIDI,789,4,4.006356573885405
alturas_MIDI,789,5,5.375661344329269
alturas_MIDI,789,6,5.763917980653109
alturas_MIDI,789,7,5.803979443850954
alturas_MIDI,790,2,0.9108468418894745
alturas_MIDI,790,3,2.312888059748417
alturas_MIDI,790,4,3.9607962535439567
alturas_MIDI,790,5,5.361137221053755
alturas_MIDI,790,6,5.761334009942464
alturas_MIDI,790,7,5.803979443850953
alturas_MIDI,791,2,0.935674244171854
alturas_MIDI,791,3,2.336470688896596
alturas_MIDI,791,4,3.9974763689584476
alturas_MIDI,791,5,5.317179042461055
alturas_MIDI,791,6,5.730713325296944
alturas_MIDI,791,7,5.795653351591976
alturas_MIDI,792,2,0.8705964304102629
alturas_MIDI,792,3,2.2623962420667287
alturas_MIDI,792,4,3.899284781682716
alturas_MIDI,792,5,5.310464592973069
alturas_MIDI,792,6,5.748882264183902
alturas_MIDI,792,7,5.808142489980443
alturas_MIDI,793,2,0.9530871219797927
alturas_MIDI,793,3,2.3847751823801433
alturas_MIDI,793,4,4.003498561404734
alturas_MIDI,793,5,5.290994586217948
alturas_MIDI,793,6,5.699075281149654
alturas_MIDI,793,7,5.795653351591975
alturas_MIDI,794,2,0.8440001496644451
alturas_MIDI,794,3,2.242437814226079
alturas_MIDI,794,4,3.919237506999419
alturas_MIDI,794,5,5.28454021593705
alturas_MIDI,794,6,5.757183428022944
alturas_MIDI,794,7,5.808142489980443
alturas_MIDI,795,2,0.9109985743270244
alturas_MIDI,795,3,2.318532001228557
alturas_MIDI,795,4,3.9506676796710254
alturas_MIDI,795,5,5.337529022175884
alturas_MIDI,795,6,5.753032846103423
alturas_MIDI,795,7,5.795653351591976
alturas_MIDI,796,2,0.9109416766116634
alturas_MIDI,796,3,2.372102438733924
alturas_MIDI,796,4,4.066785120737573
alturas_MIDI,796,5,5.351298902050757
alturas_MIDI,796,6,5.769635173781506
alturas_MIDI,796,7,5.808142489980443
alturas_MIDI,797,2,0.9213786986490775
alturas_MIDI,797,3,2.347282141192666
alturas_MIDI,797,4,3.999865083711694
alturas_MIDI,797,5,5.31764575291902
alturas_MIDI,797,6,5.753032846103423
alturas_MIDI,797,7,5.799816397721465
alturas_MIDI,798,2,0.9358284727221837
alturas_MIDI,798,3,2.3136586222651023
alturas_MIDI,798,4,3.9387570431611927
alturas_MIDI,798,5,5.260518754557435
alturas_MIDI,798,6,5.718261579538382
alturas_MIDI,798,7,5.7998163977214645
alturas_MIDI,799,2,0.926379703282457
alturas_MIDI,799,3,2.304140963538826
alturas_MIDI,799,4,3.9583681293920066
alturas_MIDI,799,5,5.281757327320936
alturas_MIDI,799,6,5.73643051842534
alturas_MIDI,799,7,5.7998163977214645
alturas_MIDI,800,2,0.9212068994126033
alturas_MIDI,800,3,2.329752990275769
alturas_MIDI,800,4,3.990379136254241
alturas_MIDI,800,5,5.356191337574147
alturas_MIDI,800,6,5.757183428022944
alturas_MIDI,800,7,5.803979443850953
alturas_MIDI,801,2,0.9105433271099104
alturas_MIDI,801,3,2.306337524757537
alturas_MIDI,801,4,3.975937562903166
alturas_MIDI,801,5,5.333184198802267
alturas_MIDI,801,6,5.777936337620547
alturas_MIDI,801,7,5.808142489980443
alturas_MIDI,802,2,0.9110175397125628
alturas_MIDI,802,3,2.3025953646979334
alturas_MIDI,802,4,3.9586423960603234
alturas_MIDI,802,5,5.360382977653111
alturas_MIDI,802,6,5.744731682264382
alturas_MIDI,802,7,5.803979443850954
alturas_MIDI,803,2,0.9582979692309246
alturas_MIDI,803,3,2.3531630648906194
alturas_MIDI,803,4,4.021538510987903
alturas_MIDI,803,5,5.383731097323891
alturas_MIDI,803,6,5.769635173781506
alturas_MIDI,803,7,5.808142489980443
alturas_MIDI,804,2,0.9360212338553361
alturas_MIDI,804,3,2.3230901376062083
alturas_MIDI,804,4,3.935321401030614
alturas_MIDI,804,5,5.301092984428033
alturas_MIDI,804,6,5.761334009942464
alturas_MIDI,804,7,5.799816397721465
alturas_MIDI,805,2,0.8761445622353317
alturas_MIDI,805,3,2.2393279930362775
alturas_MIDI,805,4,3.8654021960020253
alturas_MIDI,805,5,5.235896233071832
alturas_MIDI,805,6,5.739014489135985
alturas_MIDI,805,7,5.799816397721464
alturas_MIDI,806,2,0.9105433271099104
alturas_MIDI,806,3,2.2994890375967656
alturas_MIDI,806,4,3.933422763458872
alturas_MIDI,806,5,5.2979691149130215
alturas_MIDI,806,6,5.744731682264382
alturas_MIDI,806,7,5.803979443850953
alturas_MIDI,807,2,0.8368683356312258
alturas_MIDI,807,3,2.204349198604146
alturas_MIDI,807,4,3.8371026660622842
alturas_MIDI,807,5,5.2212998281934775
alturas_MIDI,807,6,5.715677608827737
alturas_MIDI,807,7,5.795653351591976
alturas_MIDI,808,2,0.8576287318450936
alturas_MIDI,808,3,2.235102856539132
alturas_MIDI,808,4,3.8437557843988928
alturas_MIDI,808,5,5.208544270926337
alturas_MIDI,808,6,5.697508669940778
alturas_MIDI,808,7,5.799816397721465
alturas_MIDI,809,2,0.9052712281669313
alturas_MIDI,809,3,2.32043936220945
alturas_MIDI,809,4,4.0076477864268645
alturas_MIDI,809,5,5.328785927472429
alturas_MIDI,809,6,5.753032846103423
alturas_MIDI,809,7,5.7998163977214645
alturas_MIDI,810,2,0.9001628339217187
alturas_MIDI,810,3,2.273388487049606
alturas_MIDI,810,4,3.951768537080521
alturas_MIDI,810,5,5.322798267649495
alturas_MIDI,810,6,5.744731682264382
alturas_MIDI,810,7,5.787327259332996
alturas_MIDI,811,2,0.8763493262346542
alturas_MIDI,811,3,2.2816586767991067
alturas_MIDI,811,4,3.9333234266616492
alturas_MIDI,811,5,5.26647896064478
alturas_MIDI,811,6,5.729146714088068
alturas_MIDI,811,7,5.791490305462487
alturas_MIDI,812,2,0.8766471117266466
alturas_MIDI,812,3,2.283072952721605
alturas_MIDI,812,4,3.9667872045405095
alturas_MIDI,812,5,5.30020439137936
alturas_MIDI,812,6,5.730713325296944
alturas_MIDI,812,7,5.803979443850954
alturas_MIDI,813,2,0.8763493262346542
alturas_MIDI,813,3,2.247777037757165
alturas_MIDI,813,4,3.906378266553994
alturas_MIDI,813,5,5.245734552074829
alturas_MIDI,813,6,5.728129354586299
alturas_MIDI,813,7,5.7998163977214645
alturas_MIDI,814,2,0.899691642806596
alturas_MIDI,814,3,2.2848929870425816
alturas_MIDI,814,4,3.959402943040221
alturas_MIDI,814,5,5.3800061677028905
alturas_MIDI,814,6,5.765484591861985
alturas_MIDI,814,7,5.803979443850954
alturas_MIDI,815,2,0.9535951843551165
alturas_MIDI,815,3,2.3651822362944737
alturas_MIDI,815,4,4.038790277188855
alturas_MIDI,815,5,5.379251924302246
alturas_MIDI,815,6,5.744731682264382
alturas_MIDI,815,7,5.803979443850954
alturas_MIDI,816,2,0.9311057527356738
alturas_MIDI,816,3,2.321017046604996
alturas_MIDI,816,4,3.9354632618392302
alturas_MIDI,816,5,5.308821756523751
alturas_MIDI,816,6,5.757183428022944
alturas_MIDI,816,7,5.808142489980443
alturas_MIDI,817,2,0.8767959809068269
alturas_MIDI,817,3,2.2712918462750795
alturas_MIDI,817,4,3.9187694164687676
alturas_MIDI,817,5,5.330814572687901
alturas_MIDI,817,6,5.765484591861985
alturas_MIDI,817,7,5.803979443850953
alturas_MIDI,818,2,0.8828288153963663
alturas_MIDI,818,3,2.284169116257024
alturas_MIDI,818,4,3.9728488041964742
alturas_MIDI,818,5,5.367851670541741
alturas_MIDI,818,6,5.753032846103423
alturas_MIDI,818,7,5.808142489980443
alturas_MIDI,819,2,0.905649374203974
alturas_MIDI,819,3,2.3180963173569853
alturas_MIDI,819,4,3.9765703259753162
alturas_MIDI,819,5,5.351298902050757
alturas_MIDI,819,6,5.761334009942464
alturas_MIDI,819,7,5.808142489980443
alturas_MIDI,820,2,0.8766471117266466
alturas_MIDI,820,3,2.281506152776293
alturas_MIDI,820,4,3.93873298257519
alturas_MIDI,820,5,5.30835504606579
alturas_MIDI,820,6,5.723978772666778
alturas_MIDI,820,7,5.795653351591977
alturas_MIDI,821,2,0.966066823472739
alturas_MIDI,821,3,2.3701227390790685
alturas_MIDI,821,4,4.037896212053189
alturas_MIDI,821,5,5.367384960083775
alturas_MIDI,821,6,5.757183428022944
alturas_MIDI,821,7,5.803979443850953
alturas_MIDI,822,2,0.9250002488246545
alturas_MIDI,822,3,2.308357499109582
alturas_MIDI,822,4,3.9625331579272314
alturas_MIDI,822,5,5.34424347166387
alturas_MIDI,822,6,5.73643051842534
alturas_MIDI,822,7,5.779001167074018
alturas_MIDI,823,2,0.8884771349705098
alturas_MIDI,823,3,2.338508488619099
alturas_MIDI,823,4,3.99846968521226
alturas_MIDI,823,5,5.381828181667482
alturas_MIDI,823,6,5.753032846103423
alturas_MIDI,823,7,5.808142489980443
alturas_MIDI,824,2,0.926379703282457
alturas_MIDI,824,3,2.3155022428110783
alturas_MIDI,824,4,4.002063298453204
alturas_MIDI,824,5,5.291048034174164
alturas_MIDI,824,6,5.743165071055506
alturas_MIDI,824,7,5.808142489980443
alturas_MIDI,825,2,0.9162148670998822
alturas_MIDI,825,3,2.2865893482220794
alturas_MIDI,825,4,3.955488424050478
alturas_MIDI,825,5,5.342214826448402
alturas_MIDI,825,6,5.73643051842534
alturas_MIDI,825,7,5.7998163977214645
alturas_MIDI,826,2,0.9052712281669313
alturas_MIDI,826,3,2.281978414813984
alturas_MIDI,826,4,3.9458887589407943
alturas_MIDI,826,5,5.323552511050141
alturas_MIDI,826,6,5.753032846103423
alturas_MIDI,826,7,5.808142489980443
alturas_MIDI,827,2,0.8346568309215308
alturas_MIDI,827,3,2.2195453440160513
alturas_MIDI,827,4,3.8871899358752313
alturas_MIDI,827,5,5.251228047704214
alturas_MIDI,827,6,5.722412161457902
alturas_MIDI,827,7,5.803979443850954
alturas_MIDI,828,2,0.8824927750824476
alturas_MIDI,828,3,2.275312960926628
alturas_MIDI,828,4,3.9429920294484715
alturas_MIDI,828,5,5.260985465015396
alturas_MIDI,828,6,5.729146714088068
alturas_MIDI,828,7,5.7998163977214645
alturas_MIDI,829,2,0.9105433271099104
alturas_MIDI,829,3,2.3490144986003805
alturas_MIDI,829,4,4.007567088428961
alturas_MIDI,829,5,5.319881029385353
alturas_MIDI,829,6,5.728129354586299
alturas_MIDI,829,7,5.808142489980443
alturas_MIDI,830,2,0.8992391493115466
alturas_MIDI,830,3,2.2445147416150317
alturas_MIDI,830,4,3.863650844921986
alturas_MIDI,830,5,5.220698768087481
alturas_MIDI,830,6,5.740581100344861
alturas_MIDI,830,7,5.7998163977214645
alturas_MIDI,831,2,0.9109985743270244
alturas_MIDI,831,3,2.326451582614386
alturas_MIDI,831,4,3.98687060256261
alturas_MIDI,831,5,5.352860836808258
alturas_MIDI,831,6,5.769635173781506
alturas_MIDI,831,7,5.803979443850954
alturas_MIDI,832,2,0.8761445622353317
alturas_MIDI,832,3,2.2418419369407006
alturas_MIDI,832,4,3.9085723343329546
alturas_MIDI,832,5,5.312286606937665
alturas_MIDI,832,6,5.755616816814068
alturas_MIDI,832,7,5.808142489980443
alturas_MIDI,833,2,0.9048551485373215
alturas_MIDI,833,3,2.263018796850899
alturas_MIDI,833,4,3.9092099508152556
alturas_MIDI,833,5,5.247556566039425
alturas_MIDI,833,6,5.748882264183902
alturas_MIDI,833,7,5.795653351591977
alturas_MIDI,834,2,0.9156820130597828
alturas_MIDI,834,3,2.3384754653476105
alturas_MIDI,834,4,4.009963453005737
alturas_MIDI,834,5,5.355984706323273
alturas_MIDI,834,6,5.739014489135985
alturas_MIDI,834,7,5.799816397721465
alturas_MIDI,835,2,0.857296880176867
alturas_MIDI,835,3,2.228311511794993
alturas_MIDI,835,4,3.8860619091336748
alturas_MIDI,835,5,5.264917025887271
alturas_MIDI,835,6,5.740581100344861
alturas_MIDI,835,7,5.7998163977214645
alturas_MIDI,836,2,0.9162529202299776
alturas_MIDI,836,3,2.3753926209075074
alturas_MIDI,836,4,4.042218024523951
alturas_MIDI,836,5,5.421388088930344
alturas_MIDI,836,6,5.769635173781506
alturas_MIDI,836,7,5.808142489980443
alturas_MIDI,837,2,0.9048551485373215
alturas_MIDI,837,3,2.3188810445377723
alturas_MIDI,837,4,3.9865206545100564
alturas_MIDI,837,5,5.319674398134486
alturas_MIDI,837,6,5.728129354586299
alturas_MIDI,837,7,5.795653351591977
alturas_MIDI,838,2,0.9352500255631192
alturas_MIDI,838,3,2.3310588630307922
alturas_MIDI,838,4,4.00371204056794
alturas_MIDI,838,5,5.375113732179496
alturas_MIDI,838,6,5.755616816814068
alturas_MIDI,838,7,5.803979443850954
alturas_MIDI,839,2,0.8999932234786938
alturas_MIDI,839,3,2.2816557953142507
alturas_MIDI,839,4,3.9339894235691917
alturas_MIDI,839,5,5.272125639568815
alturas_MIDI,839,6,5.761334009942464
alturas_MIDI,839,7,5.803979443850954
alturas_MIDI,840,2,0.8768145884501388
alturas_MIDI,840,3,2.2601620267887332
alturas_MIDI,840,4,3.9027707058857586
alturas_MIDI,840,5,5.2721734100027
alturas_MIDI,840,6,5.743165071055506
alturas_MIDI,840,7,5.795653351591977
alturas_MIDI,841,2,0.9162148670998822
alturas_MIDI,841,3,2.326887808379274
alturas_MIDI,841,4,3.9567309820675227
alturas_MIDI,841,5,5.307080644250971
alturas_MIDI,841,6,5.757183428022944
alturas_MIDI,841,7,5.808142489980443
alturas_MIDI,842,2,0.8887580446943084
alturas_MIDI,842,3,2.304807088757854
alturas_MIDI,842,4,3.9865815183736246
alturas_MIDI,842,5,5.347160709928009
alturas_MIDI,842,6,5.726562743377423
alturas_MIDI,842,7,5.799816397721465
alturas_MIDI,843,2,0.9442324262025767
alturas_MIDI,843,3,2.3707561913795705
alturas_MIDI,843,4,4.01815701310007
alturas_MIDI,843,5,5.330814572687899
alturas_MIDI,843,6,5.719828190747258
alturas_MIDI,843,7,5.795653351591977
alturas_MIDI,844,2,0.9213596109045206
alturas_MIDI,844,3,2.335338657345046
alturas_MIDI,844,4,4.000700665062104
alturas_MIDI,844,5,5.325374525014734
alturas_MIDI,844,6,5.761334009942464
alturas_MIDI,844,7,5.808142489980443
alturas_MIDI,845,2,0.8887018672515896
alturas_MIDI,845,3,2.291114482608439
alturas_MIDI,845,4,3.9484484807052858
alturas_MIDI,845,5,5.292349889724581
alturas_MIDI,845,6,5.748882264183902
alturas_MIDI,845,7,5.803979443850954
alturas_MIDI,846,2,0.8811851874421525
alturas_MIDI,846,3,2.2570156050180947
alturas_MIDI,846,4,3.923913633444634
alturas_MIDI,846,5,5.2668199415436785
alturas_MIDI,846,6,5.7083938044904645
alturas_MIDI,846,7,5.795653351591975
alturas_MIDI,847,2,0.8878589353453492
alturas_MIDI,847,3,2.3026231143265985
alturas_MIDI,847,4,3.9521596069548064
alturas_MIDI,847,5,5.280743004713206
alturas_MIDI,847,6,5.744731682264382
alturas_MIDI,847,7,5.803979443850953
alturas_MIDI,848,2,0.8756232105607362
alturas_MIDI,848,3,2.2563112252182327
alturas_MIDI,848,4,3.917546317142039
alturas_MIDI,848,5,5.289567001108472
alturas_MIDI,848,6,5.73643051842534
alturas_MIDI,848,7,5.795653351591976
alturas_MIDI,849,2,0.8563377628215125
alturas_MIDI,849,3,2.26194271169085
alturas_MIDI,849,4,3.9693532688395785
alturas_MIDI,849,5,5.345939756069406
alturas_MIDI,849,6,5.773785755701026
alturas_MIDI,849,7,5.803979443850953
alturas_MIDI,850,2,0.8999932234786938
alturas_MIDI,850,3,2.3116378795124626
alturas_MIDI,850,4,3.9688733725251204
alturas_MIDI,850,5,5.2956529367548715
alturas_MIDI,850,6,5.744731682264382
alturas_MIDI,850,7,5.803979443850954
alturas_MIDI,851,2,0.8568911786361174
alturas_MIDI,851,3,2.249455067462843
alturas_MIDI,851,4,3.9026930820610435
alturas_MIDI,851,5,5.2693961989089155
alturas_MIDI,851,6,5.718261579538382
alturas_MIDI,851,7,5.808142489980443
alturas_MIDI,852,2,0.9312786676923015
alturas_MIDI,852,3,2.373431117895743
alturas_MIDI,852,4,4.0419807505820575
alturas_MIDI,852,5,5.3520531454514
alturas_MIDI,852,6,5.751466234894547
alturas_MIDI,852,7,5.795653351591975
alturas_MIDI,853,2,0.9263414038452136
alturas_MIDI,853,3,2.311411603618356
alturas_MIDI,853,4,3.9658174092025624
alturas_MIDI,853,5,5.309916980823298
alturas_MIDI,853,6,5.743165071055506
alturas_MIDI,853,7,5.799816397721465
alturas_MIDI,854,2,0.9303369769361625
alturas_MIDI,854,3,2.336980772578636
alturas_MIDI,854,4,3.995963809870065
alturas_MIDI,854,5,5.3719898626644875
alturas_MIDI,854,6,5.773785755701026
alturas_MIDI,854,7,5.808142489980443
alturas_MIDI,855,2,0.9052712281669313
alturas_MIDI,855,3,2.2927194129073
alturas_MIDI,855,4,3.8988479680347443
alturas_MIDI,855,5,5.256760693678509
alturas_MIDI,855,6,5.749899623685671
alturas_MIDI,855,7,5.808142489980443
alturas_MIDI,856,2,0.8887018672515896
alturas_MIDI,856,3,2.2951409200180537
alturas_MIDI,856,4,3.972404037261802
alturas_MIDI,856,5,5.31324748158918
alturas_MIDI,856,6,5.740581100344861
alturas_MIDI,856,7,5.803979443850954
alturas_MIDI,857,2,0.9161387576918345
alturas_MIDI,857,3,2.3029913319366515
alturas_MIDI,857,4,3.9500425218533204
alturas_MIDI,857,5,5.295940469697556
alturas_MIDI,857,6,5.757183428022944
alturas_MIDI,857,7,5.795653351591975
alturas_MIDI,858,2,0.8641485192462202
alturas_MIDI,858,3,2.2631516192270635
alturas_MIDI,858,4,3.920793216600596
alturas_MIDI,858,5,5.3363080683172806
alturas_MIDI,858,6,5.73227993650582
alturas_MIDI,858,7,5.803979443850954
alturas_MIDI,859,2,0.9122515930451991
alturas_MIDI,859,3,2.3388880759314983
alturas_MIDI,859,4,3.999322424976124
alturas_MIDI,859,5,5.352053145451397
alturas_MIDI,859,6,5.730713325296944
alturas_MIDI,859,7,5.7998163977214645
alturas_MIDI,860,2,0.9497256211543599
alturas_MIDI,860,3,2.3556813815359536
alturas_MIDI,860,4,3.9947201647703667
alturas_MIDI,860,5,5.329512717137481
alturas_MIDI,860,6,5.753032846103423
alturas_MIDI,860,7,5.803979443850954
alturas_MIDI,861,2,0.905649374203974
alturas_MIDI,861,3,2.3066739745833402
alturas_MIDI,861,4,3.9389813255774917
alturas_MIDI,861,5,5.33989864829025
alturas_MIDI,861,6,5.757183428022944
alturas_MIDI,861,7,5.808142489980443
alturas_MIDI,862,2,0.9107140623628861
alturas_MIDI,862,3,2.3056702425275533
alturas_MIDI,862,4,3.931564737871817
alturas_MIDI,862,5,5.258149128443069
alturas_MIDI,862,6,5.730713325296944
alturas_MIDI,862,7,5.803979443850953
alturas_MIDI,863,2,0.9312594559996149
alturas_MIDI,863,3,2.3535689275261302
alturas_MIDI,863,4,4.020130625608449
alturas_MIDI,863,5,5.350544658650112
alturas_MIDI,863,6,5.7597673987335885
alturas_MIDI,863,7,5.803979443850954
alturas_MIDI,864,2,0.9259966607579806
alturas_MIDI,864,3,2.383887972276116
alturas_MIDI,864,4,4.060660049036526
alturas_MIDI,864,5,5.381568102460392
alturas_MIDI,864,6,5.769635173781506
alturas_MIDI,864,7,5.808142489980443
alturas_MIDI,865,2,0.9261498906104682
alturas_MIDI,865,3,2.3108142315980027
alturas_MIDI,865,4,3.953535460594319
alturas_MIDI,865,5,5.334332871058027
alturas_MIDI,865,6,5.730713325296944
alturas_MIDI,865,7,5.791490305462485
alturas_MIDI,866,2,0.9212068994126033
alturas_MIDI,866,3,2.2988856262881905
alturas_MIDI,866,4,3.9484824109920686
alturas_MIDI,866,5,5.26668559189565
alturas_MIDI,866,6,5.730713325296944
alturas_MIDI,866,7,5.803979443850954
alturas_MIDI,867,2,0.8945341391980615
alturas_MIDI,867,3,2.31991595782032
alturas_MIDI,867,4,4.002538921686536
alturas_MIDI,867,5,5.39858758140934
alturas_MIDI,867,6,5.753032846103423
alturas_MIDI,867,7,5.795653351591976
alturas_MIDI,868,2,0.9109985743270244
alturas_MIDI,868,3,2.299132163513119
alturas_MIDI,868,4,3.9473372028667746
alturas_MIDI,868,5,5.288418328852706
alturas_MIDI,868,6,5.757183428022944
alturas_MIDI,868,7,5.808142489980443
alturas_MIDI,869,2,0.9354814339174999
alturas_MIDI,869,3,2.330407024253666
alturas_MIDI,869,4,3.975871646507413
alturas_MIDI,869,5,5.307807433916019
alturas_MIDI,869,6,5.769635173781506
alturas_MIDI,869,7,5.808142489980443
alturas_MIDI,870,2,0.926379703282457
alturas_MIDI,870,3,2.3630551453947484
alturas_MIDI,870,4,4.059054504545248
alturas_MIDI,870,5,5.385158682433366
alturas_MIDI,870,6,5.757183428022944
alturas_MIDI,870,7,5.799816397721465
alturas_MIDI,871,2,0.9050821165232412
alturas_MIDI,871,3,2.28184849489806
alturas_MIDI,871,4,3.9415989105826164
alturas_MIDI,871,5,5.345257794271603
alturas_MIDI,871,6,5.757183428022944
alturas_MIDI,871,7,5.803979443850954
alturas_MIDI,872,2,0.8998612899685459
alturas_MIDI,872,3,2.286602421537849
alturas_MIDI,872,4,3.9569735318883232
alturas_MIDI,872,5,5.2893603698576
alturas_MIDI,872,6,5.723978772666778
alturas_MIDI,872,7,5.795653351591976
alturas_MIDI,873,2,0.8945341391980615
alturas_MIDI,873,3,2.276491490640556
alturas_MIDI,873,4,3.921160631061896
alturas_MIDI,873,5,5.305231176550779
alturas_MIDI,873,6,5.769635173781506
alturas_MIDI,873,7,5.808142489980443
alturas_MIDI,874,2,0.8884771349705097
alturas_MIDI,874,3,2.3064062310830726
alturas_MIDI,874,4,3.9513698856855095
alturas_MIDI,874,5,5.270563704811304
alturas_MIDI,874,6,5.693358088021258
alturas_MIDI,874,7,5.7790011670740205
alturas_MIDI,875,2,0.9494920153499824
alturas_MIDI,875,3,2.379930599232657
alturas_MIDI,875,4,4.0089585370191045
alturas_MIDI,875,5,5.302654919185539
alturas_MIDI,875,6,5.730713325296944
alturas_MIDI,875,7,5.803979443850953
alturas_MIDI,876,2,0.8642224856695407
alturas_MIDI,876,3,2.2769423867857173
alturas_MIDI,876,4,3.950902089620302
alturas_MIDI,876,5,5.328785927472431
alturas_MIDI,876,6,5.744731682264382
alturas_MIDI,876,7,5.803979443850953
alturas_MIDI,877,2,0.9307982943328563
alturas_MIDI,877,3,2.3533900687393516
alturas_MIDI,877,4,4.0313781749334625
alturas_MIDI,877,5,5.34281588655439
alturas_MIDI,877,6,5.765484591861985
alturas_MIDI,877,7,5.808142489980443
alturas_MIDI,878,2,0.9312018193012837
alturas_MIDI,878,3,2.3344998923212272
alturas_MIDI,878,4,3.999918372596615
alturas_MIDI,878,5,5.320769622434026
alturas_MIDI,878,6,5.734863907216464
alturas_MIDI,878,7,5.803979443850954
alturas_MIDI,879,2,0.9052712281669313
alturas_MIDI,879,3,2.3083651232660833
alturas_MIDI,879,4,3.9541073328821077
alturas_MIDI,879,5,5.259917694451445
alturas_MIDI,879,6,5.722412161457902
alturas_MIDI,879,7,5.7998163977214645
alturas_MIDI,880,2,0.8698171515647017
alturas_MIDI,880,3,2.235989528484857
alturas_MIDI,880,4,3.8824314566966454
alturas_MIDI,880,5,5.294638614147136
alturas_MIDI,880,6,5.748882264183902
alturas_MIDI,880,7,5.803979443850954
alturas_MIDI,881,2,0.8828661482538191
alturas_MIDI,881,3,2.3011856008121874
alturas_MIDI,881,4,3.9538515032597887
alturas_MIDI,881,5,5.294118455732957
alturas_MIDI,881,6,5.73227993650582
alturas_MIDI,881,7,5.795653351591975
alturas_MIDI,882,2,0.9312786676923015
alturas_MIDI,882,3,2.3453909384462
alturas_MIDI,882,4,3.9759481777054493
alturas_MIDI,882,5,5.284333584686178
alturas_MIDI,882,6,5.7457490417661505
alturas_MIDI,882,7,5.803979443850954
alturas_MIDI,883,2,0.9397975934226026
alturas_MIDI,883,3,2.349213390120053
alturas_MIDI,883,4,3.9982425876213874
alturas_MIDI,883,5,5.348929275936393
alturas_MIDI,883,6,5.769635173781506
alturas_MIDI,883,7,5.808142489980443
alturas_MIDI,884,2,0.8362107230413356
alturas_MIDI,884,3,2.2027230207941075
alturas_MIDI,884,4,3.8123398425060935
alturas_MIDI,884,5,5.209211935112837
alturas_MIDI,884,6,5.720638300341715
alturas_MIDI,884,7,5.799816397721465
alturas_MIDI,885,2,0.8934817999966145
alturas_MIDI,885,3,2.291068925994701
alturas_MIDI,885,4,3.9293211800479355
alturas_MIDI,885,5,5.316424799060413
alturas_MIDI,885,6,5.763917980653109
alturas_MIDI,885,7,5.799816397721465
alturas_MIDI,886,2,0.8761445622353317
alturas_MIDI,886,3,2.3045259927266875
alturas_MIDI,886,4,3.9709874508141523
alturas_MIDI,886,5,5.316424799060409
alturas_MIDI,886,6,5.773785755701026
alturas_MIDI,886,7,5.808142489980443
alturas_MIDI,887,2,0.8999932234786938
alturas_MIDI,887,3,2.307266427543719
alturas_MIDI,887,4,3.9633532883128266
alturas_MIDI,887,5,5.303929321000363
alturas_MIDI,887,6,5.757183428022944
alturas_MIDI,887,7,5.808142489980443
alturas_MIDI,888,2,0.9452804941245978
alturas_MIDI,888,3,2.3532492771712032
alturas_MIDI,888,4,4.0243843316736205
alturas_MIDI,888,5,5.385966373790226
alturas_MIDI,888,6,5.780520308331192
alturas_MIDI,888,7,5.808142489980443
alturas_MIDI,889,2,0.8992391493115466
alturas_MIDI,889,3,2.2813298845570538
alturas_MIDI,889,4,3.9389138795368415
alturas_MIDI,889,5,5.333390830053139
alturas_MIDI,889,6,5.761334009942464
alturas_MIDI,889,7,5.7998163977214645
alturas_MIDI,890,2,0.8639265968551273
alturas_MIDI,890,3,2.2752673432877275
alturas_MIDI,890,4,3.972382955947842
alturas_MIDI,890,5,5.346900630720918
alturas_MIDI,890,6,5.761334009942464
alturas_MIDI,890,7,5.799816397721465
alturas_MIDI,891,2,0.8827541467090003
alturas_MIDI,891,3,2.2733257707317716
alturas_MIDI,891,4,3.929215116468194
alturas_MIDI,891,5,5.3090283877746245
alturas_MIDI,891,6,5.748882264183902
alturas_MIDI,891,7,5.803979443850953
alturas_MIDI,892,2,0.8768145884501388
alturas_MIDI,892,3,2.2661134210123723
alturas_MIDI,892,4,3.9040124546276416
alturas_MIDI,892,5,5.296541529803546
alturas_MIDI,892,6,5.743165071055506
alturas_MIDI,892,7,5.7998163977214645
alturas_MIDI,893,2,0.9162529202299777
alturas_MIDI,893,3,2.330096125180402
alturas_MIDI,893,4,3.994856929742827
alturas_MIDI,893,5,5.339090956933389
alturas_MIDI,893,6,5.751466234894547
alturas_MIDI,893,7,5.808142489980443
alturas_MIDI,894,2,0.9450864687220866
alturas_MIDI,894,3,2.3975508225278372
alturas_MIDI,894,4,4.036428604354026
alturas_MIDI,894,5,5.400149516166843
alturas_MIDI,894,6,5.761334009942464
alturas_MIDI,894,7,5.808142489980443
alturas_MIDI,895,2,0.9158723417002296
alturas_MIDI,895,3,2.3251406345068073
alturas_MIDI,895,4,4.018308620944586
alturas_MIDI,895,5,5.390104565912973
alturas_MIDI,895,6,5.765484591861985
alturas_MIDI,895,7,5.799816397721465
alturas_MIDI,896,2,0.9109985743270244
alturas_MIDI,896,3,2.32602600446813
alturas_MIDI,896,4,3.995822714000269
alturas_MIDI,896,5,5.38773493979861
alturas_MIDI,896,6,5.782086919540068
alturas_MIDI,896,7,5.808142489980443
alturas_MIDI,897,2,0.9158723417002296
alturas_MIDI,897,3,2.3162600837829785
alturas_MIDI,897,4,3.9755003434067273
alturas_MIDI,897,5,5.308902658215563
alturas_MIDI,897,6,5.748882264183902
alturas_MIDI,897,7,5.795653351591977
alturas_MIDI,898,2,0.9154535840166386
alturas_MIDI,898,3,2.322685471530114
alturas_MIDI,898,4,3.9796867174455643
alturas_MIDI,898,5,5.343830209162128
alturas_MIDI,898,6,5.763917980653109
alturas_MIDI,898,7,5.808142489980443
alturas_MIDI,899,2,0.8291425714035547
alturas_MIDI,899,3,2.1973040969064184
alturas_MIDI,899,4,3.8717992053001455
alturas_MIDI,899,5,5.3546294028166415
alturas_MIDI,899,6,5.782086919540068
alturas_MIDI,899,7,5.808142489980443
alturas_MIDI,900,2,0.9312594559996149
alturas_MIDI,900,3,2.3481972767134165
alturas_MIDI,900,4,3.973475039285684
alturas_MIDI,900,5,5.344036840412997
alturas_MIDI,900,6,5.73227993650582
alturas_MIDI,900,7,5.795653351591976
alturas_MIDI,901,2,0.8705964304102629
alturas_MIDI,901,3,2.2615563982898292
alturas_MIDI,901,4,3.9209997827117835
alturas_MIDI,901,5,5.259504431949701
alturas_MIDI,901,6,5.698526029442547
alturas_MIDI,901,7,5.777429851326981
alturas_MIDI,902,2,0.9056115642331697
alturas_MIDI,902,3,2.3110846205380127
alturas_MIDI,902,4,3.973263563566238
alturas_MIDI,902,5,5.320976253684904
alturas_MIDI,902,6,5.748882264183902
alturas_MIDI,902,7,5.808142489980443
alturas_MIDI,903,2,0.908283843213048
alturas_MIDI,903,3,2.286481781892408
alturas_MIDI,903,4,3.913237289823435
alturas_MIDI,903,5,5.2364972931778215
alturas_MIDI,903,6,5.728129354586299
alturas_MIDI,903,7,5.799816397721464
alturas_MIDI,904,2,0.9158723417002296
alturas_MIDI,904,3,2.2732582535038524
alturas_MIDI,904,4,3.915099878032655
alturas_MIDI,904,5,5.2879241646591515
alturas_MIDI,904,6,5.722412161457902
alturas_MIDI,904,7,5.795653351591976
alturas_MIDI,905,2,0.905649374203974
alturas_MIDI,905,3,2.3355816521807093
alturas_MIDI,905,4,4.029944165704073
alturas_MIDI,905,5,5.351639882949656
alturas_MIDI,905,6,5.740581100344861
alturas_MIDI,905,7,5.795653351591977
alturas_MIDI,906,2,0.8642039944248936
alturas_MIDI,906,3,2.251057275112648
alturas_MIDI,906,4,3.9280125106422514
alturas_MIDI,906,5,5.334746133559774
alturas_MIDI,906,6,5.765484591861985
alturas_MIDI,906,7,5.803979443850954
alturas_MIDI,907,2,0.9447371528702115
alturas_MIDI,907,3,2.391415506894548
alturas_MIDI,907,4,4.069900422936145
alturas_MIDI,907,5,5.42138808893035
alturas_MIDI,907,6,5.769635173781506
alturas_MIDI,907,7,5.803979443850954
alturas_MIDI,908,2,0.9626263643518242
alturas_MIDI,908,3,2.3649404925698123
alturas_MIDI,908,4,4.035132129551943
alturas_MIDI,908,5,5.355643725424373
alturas_MIDI,908,6,5.761334009942464
alturas_MIDI,908,7,5.803979443850954
alturas_MIDI,909,2,0.940668092609859
alturas_MIDI,909,3,2.3645142736004083
alturas_MIDI,909,4,4.015462310348849
alturas_MIDI,909,5,5.309369368673526
alturas_MIDI,909,6,5.7473156529750264
alturas_MIDI,909,7,5.799816397721465
alturas_MIDI,910,2,0.9148823457736706
alturas_MIDI,910,3,2.305537538860001
alturas_MIDI,910,4,3.977664644343769
alturas_MIDI,910,5,5.359781917547121
alturas_MIDI,910,6,5.773785755701026
alturas_MIDI,910,7,5.808142489980443
alturas_MIDI,911,2,0.8761445622353317
alturas_MIDI,911,3,2.292090690682799
alturas_MIDI,911,4,3.968648898470939
alturas_MIDI,911,5,5.378704312152473
alturas_MIDI,911,6,5.757183428022944
alturas_MIDI,911,7,5.7998163977214645
alturas_MIDI,912,2,0.8986355957415221
alturas_MIDI,912,3,2.3193563221694604
alturas_MIDI,912,4,3.9740092412049743
alturas_MIDI,912,5,5.297008240261506
alturas_MIDI,912,6,5.7473156529750264
alturas_MIDI,912,7,5.803979443850954
alturas_MIDI,913,2,0.9156820130597828
alturas_MIDI,913,3,2.324560031762911
alturas_MIDI,913,4,3.995431247950691
alturas_MIDI,913,5,5.314315252153131
alturas_MIDI,913,6,5.73227993650582
alturas_MIDI,913,7,5.803979443850953
alturas_MIDI,914,2,0.9109416766116634
alturas_MIDI,914,3,2.3441921027437527
alturas_MIDI,914,4,4.049502096871638
alturas_MIDI,914,5,5.414206928984397
alturas_MIDI,914,6,5.7597673987335885
alturas_MIDI,914,7,5.808142489980443
alturas_MIDI,915,2,0.8767959809068269
alturas_MIDI,915,3,2.2431330795543687
alturas_MIDI,915,4,3.9215805308707834
alturas_MIDI,915,5,5.358219982789613
alturas_MIDI,915,6,5.740581100344861
alturas_MIDI,915,7,5.7998163977214645
alturas_MIDI,916,2,0.8828661482538191
alturas_MIDI,916,3,2.3039467988810296
alturas_MIDI,916,4,3.9894698181490944
alturas_MIDI,916,5,5.36704397918488
alturas_MIDI,916,6,5.769635173781506
alturas_MIDI,916,7,5.808142489980443
alturas_MIDI,917,2,0.8642039944248936
alturas_MIDI,917,3,2.225614067785542
alturas_MIDI,917,4,3.8938779272337274
alturas_MIDI,917,5,5.311685546831675
alturas_MIDI,917,6,5.757183428022944
alturas_MIDI,917,7,5.799816397721464
alturas_MIDI,918,2,0.9107140623628861
alturas_MIDI,918,3,2.30969521847941
alturas_MIDI,918,4,3.986960594632916
alturas_MIDI,918,5,5.38047287816085
alturas_MIDI,918,6,5.780520308331192
alturas_MIDI,918,7,5.803979443850953
alturas_MIDI,919,2,0.9311057527356738
alturas_MIDI,919,3,2.3327340110352393
alturas_MIDI,919,4,4.016867401285005
alturas_MIDI,919,5,5.391873131921353
alturas_MIDI,919,6,5.786237501459588
alturas_MIDI,919,7,5.803979443850954
alturas_MIDI,920,2,0.9108468418894744
alturas_MIDI,920,3,2.31251236305215
alturas_MIDI,920,4,3.9411545518234083
alturas_MIDI,920,5,5.272039060354669
alturas_MIDI,920,6,5.706827193281589
alturas_MIDI,920,7,5.7998163977214645
alturas_MIDI,921,2,0.930048574397433
alturas_MIDI,921,3,2.2822228541619753
alturas_MIDI,921,4,3.9349513663876277
alturas_MIDI,921,5,5.312699869439412
alturas_MIDI,921,6,5.744731682264382
alturas_MIDI,921,7,5.808142489980443
alturas_MIDI,922,2,0.8828288153963663
alturas_MIDI,922,3,2.2891566040333418
alturas_MIDI,922,4,3.9529701960029318
alturas_MIDI,922,5,5.354970383715539
alturas_MIDI,922,6,5.773785755701026
alturas_MIDI,922,7,5.808142489980443
alturas_MIDI,923,2,0.8575549937116617
alturas_MIDI,923,3,2.261736674076346
alturas_MIDI,923,4,3.9326310076320365
alturas_MIDI,923,5,5.3215238658346715
alturas_MIDI,923,6,5.761334009942464
alturas_MIDI,923,7,5.808142489980443
alturas_MIDI,924,2,0.8765168383082693
alturas_MIDI,924,3,2.30322997619289
alturas_MIDI,924,4,3.9622055298222287
alturas_MIDI,924,5,5.289399520202518
alturas_MIDI,924,6,5.739014489135985
alturas_MIDI,924,7,5.803979443850954
alturas_MIDI,925,2,0.8767401568047266
alturas_MIDI,925,3,2.2590345935857723
alturas_MIDI,925,4,3.927867078684085
alturas_MIDI,925,5,5.333184198802269
alturas_MIDI,925,6,5.753032846103423
alturas_MIDI,925,7,5.799816397721465
alturas_MIDI,926,2,0.9213786986490775
alturas_MIDI,926,3,2.3152870664018574
alturas_MIDI,926,4,3.9845103848989543
alturas_MIDI,926,5,5.35856096368851
alturas_MIDI,926,6,5.722412161457902
alturas_MIDI,926,7,5.795653351591976
alturas_MIDI,927,2,0.9496282903193912
alturas_MIDI,927,3,2.3676381050002866
alturas_MIDI,927,4,4.03054605093287
alturas_MIDI,927,5,5.347160709928012
alturas_MIDI,927,6,5.743165071055506
alturas_MIDI,927,7,5.803979443850954
alturas_MIDI,928,2,0.9158723417002296
alturas_MIDI,928,3,2.305745047538631
alturas_MIDI,928,4,3.9858065977004156
alturas_MIDI,928,5,5.344791083813643
alturas_MIDI,928,6,5.7597673987335885
alturas_MIDI,928,7,5.808142489980443
alturas_MIDI,929,2,0.8753065815029428
alturas_MIDI,929,3,2.269975005097264
alturas_MIDI,929,4,3.9275276394191794
alturas_MIDI,929,5,5.294118455732957
alturas_MIDI,929,6,5.743165071055506
alturas_MIDI,929,7,5.795653351591976
alturas_MIDI,930,2,0.8828661482538191
alturas_MIDI,930,3,2.2818803916096524
alturas_MIDI,930,4,3.9640194700491125
alturas_MIDI,930,5,5.3557780750724024
alturas_MIDI,930,6,5.765484591861985
alturas_MIDI,930,7,5.808142489980443
alturas_MIDI,931,2,0.9449312283671394
alturas_MIDI,931,3,2.3792388115805667
alturas_MIDI,931,4,4.053267579733062
alturas_MIDI,931,5,5.397106548343646
alturas_MIDI,931,6,5.757183428022944
alturas_MIDI,931,7,5.803979443850954
alturas_MIDI,932,2,0.9262648017613437
alturas_MIDI,932,3,2.3369922044969185
alturas_MIDI,932,4,4.0026380196455005
alturas_MIDI,932,5,5.350284579443022
alturas_MIDI,932,6,5.777936337620547
alturas_MIDI,932,7,5.803979443850954
alturas_MIDI,933,2,0.905649374203974
alturas_MIDI,933,3,2.3246380835097513
alturas_MIDI,933,4,3.974218733021398
alturas_MIDI,933,5,5.349736967293249
alturas_MIDI,933,6,5.739014489135985
alturas_MIDI,933,7,5.803979443850954
alturas_MIDI,934,2,0.9541421137090234
alturas_MIDI,934,3,2.3825451514740292
alturas_MIDI,934,4,4.021920645880142
alturas_MIDI,934,5,5.334952764810644
alturas_MIDI,934,6,5.700092640651423
alturas_MIDI,934,7,5.787327259332997
alturas_MIDI,935,2,0.8998612899685459
alturas_MIDI,935,3,2.3424059171386804
alturas_MIDI,935,4,4.027916520778238
alturas_MIDI,935,5,5.384063458133821
alturas_MIDI,935,6,5.743165071055506
alturas_MIDI,935,7,5.791490305462487
alturas_MIDI,936,2,0.8823060513161458
alturas_MIDI,936,3,2.2553006369805146
alturas_MIDI,936,4,3.9014292993638424
alturas_MIDI,936,5,5.319207687676522
alturas_MIDI,936,6,5.761334009942464
alturas_MIDI,936,7,5.803979443850953
alturas_MIDI,937,2,0.9162148670998824
alturas_MIDI,937,3,2.301685300714013
alturas_MIDI,937,4,3.9750907393967108
alturas_MIDI,937,5,5.368058301792611
alturas_MIDI,937,6,5.751466234894547
alturas_MIDI,937,7,5.7998163977214645
alturas_MIDI,938,2,0.8828288153963663
alturas_MIDI,938,3,2.2399292840919234
alturas_MIDI,938,4,3.8511269289300207
alturas_MIDI,938,5,5.2034640377987
alturas_MIDI,938,6,5.7208455502490265
alturas_MIDI,938,7,5.795653351591975
alturas_MIDI,939,2,0.9055359412036676
alturas_MIDI,939,3,2.3183339711434514
alturas_MIDI,939,4,3.97829268021464
alturas_MIDI,939,5,5.315823738954419
alturas_MIDI,939,6,5.728129354586299
alturas_MIDI,939,7,5.787327259332997
alturas_MIDI,940,2,0.9255751903078847
alturas_MIDI,940,3,2.3432072415163825
alturas_MIDI,940,4,3.9774700026508123
alturas_MIDI,940,5,5.373004185272218
alturas_MIDI,940,6,5.748882264183902
alturas_MIDI,940,7,5.799816397721465
alturas_MIDI,941,2,0.8356990384272289
alturas_MIDI,941,3,2.2039930358061466
alturas_MIDI,941,4,3.857951459098337
alturas_MIDI,941,5,5.25890337184371
alturas_MIDI,941,6,5.726562743377423
alturas_MIDI,941,7,5.7998163977214645
alturas_MIDI,942,2,0.8768145884501388
alturas_MIDI,942,3,2.2731126013663205
alturas_MIDI,942,4,3.9720794980655447
alturas_MIDI,942,5,5.325455426706544
alturas_MIDI,942,6,5.716694968329506
alturas_MIDI,942,7,5.783164213203508
alturas_MIDI,943,2,0.9250002488246545
alturas_MIDI,943,3,2.332129629238556
alturas_MIDI,943,4,3.9880563939661986
alturas_MIDI,943,5,5.322071477984446
alturas_MIDI,943,6,5.70996041569934
alturas_MIDI,943,7,5.783164213203508
alturas_MIDI,944,2,0.8767959809068269
alturas_MIDI,944,3,2.256964696061213
alturas_MIDI,944,4,3.9187848640785816
alturas_MIDI,944,5,5.352053145451398
alturas_MIDI,944,6,5.765484591861985
alturas_MIDI,944,7,5.803979443850953
alturas_MIDI,945,2,0.8945341391980615
alturas_MIDI,945,3,2.295209493250298
alturas_MIDI,945,4,3.9661524513758164
alturas_MIDI,945,5,5.377689989544736
alturas_MIDI,945,6,5.762351369444233
alturas_MIDI,945,7,5.808142489980443
alturas_MIDI,946,2,0.9312018193012837
alturas_MIDI,946,3,2.3476610039499506
alturas_MIDI,946,4,4.049165171240096
alturas_MIDI,946,5,5.369413605299245
alturas_MIDI,946,6,5.757183428022944
alturas_MIDI,946,7,5.799816397721465
alturas_MIDI,947,2,0.9469976967687566
alturas_MIDI,947,3,2.342882401555257
alturas_MIDI,947,4,3.976932386451212
alturas_MIDI,947,5,5.289947132352288
alturas_MIDI,947,6,5.73227993650582
alturas_MIDI,947,7,5.808142489980443
alturas_MIDI,948,2,0.8887580446943084
alturas_MIDI,948,3,2.3091705521142303
alturas_MIDI,948,4,3.9870523515270837
alturas_MIDI,948,5,5.296488081847326
alturas_MIDI,948,6,5.744731682264382
alturas_MIDI,948,7,5.795653351591976
alturas_MIDI,949,2,0.9312018193012837
alturas_MIDI,949,3,2.3210582218758544
alturas_MIDI,949,4,3.952726816175695
alturas_MIDI,949,5,5.304764466092817
alturas_MIDI,949,6,5.744731682264382
alturas_MIDI,949,7,5.795653351591976
alturas_MIDI,950,2,0.8887018672515896
alturas_MIDI,950,3,2.304759827140943
alturas_MIDI,950,4,3.966330775807848
alturas_MIDI,950,5,5.293624291539406
alturas_MIDI,950,6,5.744731682264382
alturas_MIDI,950,7,5.803979443850954
alturas_MIDI,951,2,0.8576655994804552
alturas_MIDI,951,3,2.238637028000277
alturas_MIDI,951,4,3.9196722653492566
alturas_MIDI,951,5,5.297555852411281
alturas_MIDI,951,6,5.723429520959671
alturas_MIDI,951,7,5.7998163977214645
alturas_MIDI,952,2,0.9541811715782346
alturas_MIDI,952,3,2.3320559314900304
alturas_MIDI,952,4,3.973407495341881
alturas_MIDI,952,5,5.334952764810644
alturas_MIDI,952,6,5.748882264183902
alturas_MIDI,952,7,5.803979443850954
alturas_MIDI,953,2,0.9482259465877089
alturas_MIDI,953,3,2.3605879129226865
alturas_MIDI,953,4,3.9854547878629183
alturas_MIDI,953,5,5.341460583047758
alturas_MIDI,953,6,5.769635173781506
alturas_MIDI,953,7,5.803979443850954
alturas_MIDI,954,2,0.9154535840166386
alturas_MIDI,954,3,2.322773525267285
alturas_MIDI,954,4,3.9504737938133494
alturas_MIDI,954,5,5.310931303431032
alturas_MIDI,954,6,5.730713325296944
alturas_MIDI,954,7,5.795653351591976
alturas_MIDI,955,2,0.9213023460817387
alturas_MIDI,955,3,2.318128682543405
alturas_MIDI,955,4,3.9796624731575165
alturas_MIDI,955,5,5.3515055333016255
alturas_MIDI,955,6,5.769635173781506
alturas_MIDI,955,7,5.799816397721465
alturas_MIDI,956,2,0.8437802995410373
alturas_MIDI,956,3,2.1984144389544107
alturas_MIDI,956,4,3.8493326300331727
alturas_MIDI,956,5,5.278580009849707
alturas_MIDI,956,6,5.757183428022944
alturas_MIDI,956,7,5.808142489980443
alturas_MIDI,957,2,0.8506405280595966
alturas_MIDI,957,3,2.1997157139052956
alturas_MIDI,957,4,3.8263455121662027
alturas_MIDI,957,5,5.244720229467098
alturas_MIDI,957,6,5.739014489135985
alturas_MIDI,957,7,5.803979443850954
alturas_MIDI,958,2,0.9354814339174999
alturas_MIDI,958,3,2.3288641614978802
alturas_MIDI,958,4,3.9932174972407357
alturas_MIDI,958,5,5.31587718691064
alturas_MIDI,958,6,5.7473156529750264
alturas_MIDI,958,7,5.795653351591975
alturas_MIDI,959,2,0.8767959809068269
alturas_MIDI,959,3,2.2889998644216196
alturas_MIDI,959,4,3.9336576860288415
alturas_MIDI,959,5,5.276057200440686
alturas_MIDI,959,6,5.744731682264382
alturas_MIDI,959,7,5.7998163977214645
alturas_MIDI,960,2,0.9001439893364529
alturas_MIDI,960,3,2.294041807377609
alturas_MIDI,960,4,3.9312020106628247
alturas_MIDI,960,5,5.2540587067542095
alturas_MIDI,960,6,5.70580983377982
alturas_MIDI,960,7,5.7998163977214645
alturas_MIDI,961,2,0.9527743726525202
alturas_MIDI,961,3,2.361107376782841
alturas_MIDI,961,4,4.004043016033504
alturas_MIDI,961,5,5.319001056425652
alturas_MIDI,961,6,5.769635173781506
alturas_MIDI,961,7,5.808142489980443
alturas_MIDI,962,2,0.9162148670998824
alturas_MIDI,962,3,2.310908730022071
alturas_MIDI,962,4,3.950095094746117
alturas_MIDI,962,5,5.344791083813643
alturas_MIDI,962,6,5.761334009942464
alturas_MIDI,962,7,5.803979443850954
alturas_MIDI,963,2,0.8878589353453492
alturas_MIDI,963,3,2.251764105869625
alturas_MIDI,963,4,3.91719218203999
alturas_MIDI,963,5,5.343022517805265
alturas_MIDI,963,6,5.777936337620547
alturas_MIDI,963,7,5.808142489980443
alturas_MIDI,964,2,0.9162148670998822
alturas_MIDI,964,3,2.3366752202812764
alturas_MIDI,964,4,4.0119127373834615
alturas_MIDI,964,5,5.345805406421376
alturas_MIDI,964,6,5.753032846103423
alturas_MIDI,964,7,5.7998163977214645
alturas_MIDI,965,2,0.9212068994126031
alturas_MIDI,965,3,2.334127857248074
alturas_MIDI,965,4,3.9922219339561384
alturas_MIDI,965,5,5.321990576292635
alturas_MIDI,965,6,5.73227993650582
alturas_MIDI,965,7,5.787327259332997
alturas_MIDI,966,2,0.9311057527356739
alturas_MIDI,966,3,2.356220268759868
alturas_MIDI,966,4,4.009053674904636
alturas_MIDI,966,5,5.310931303431033
alturas_MIDI,966,6,5.748882264183902
alturas_MIDI,966,7,5.803979443850954
alturas_MIDI,967,2,0.9031517037302501
alturas_MIDI,967,3,2.264483312266843
alturas_MIDI,967,4,3.8689774650377466
alturas_MIDI,967,5,5.2132300751988545
alturas_MIDI,967,6,5.724996132168547
alturas_MIDI,967,7,5.808142489980443
alturas_MIDI,968,2,0.9400491283259707
alturas_MIDI,968,3,2.350807249478587
alturas_MIDI,968,4,4.028147093908623
alturas_MIDI,968,5,5.36235817491236
alturas_MIDI,968,6,5.740581100344861
alturas_MIDI,968,7,5.791490305462486
alturas_MIDI,969,2,0.9312594559996149
alturas_MIDI,969,3,2.3100043903812204
alturas_MIDI,969,4,3.91982221016947
alturas_MIDI,969,5,5.276604812590461
alturas_MIDI,969,6,5.718261579538382
alturas_MIDI,969,7,5.791490305462487
alturas_MIDI,970,2,0.9162529202299776
alturas_MIDI,970,3,2.312741506684408
alturas_MIDI,970,4,3.9781505951653453
alturas_MIDI,970,5,5.367851670541737
alturas_MIDI,970,6,5.761334009942464
alturas_MIDI,970,7,5.808142489980443
alturas_MIDI,971,2,0.9297216444997342
alturas_MIDI,971,3,2.3607936304390336
alturas_MIDI,971,4,3.9907315431263943
alturas_MIDI,971,5,5.346406466527365
alturas_MIDI,971,6,5.757183428022944
alturas_MIDI,971,7,5.803979443850954
alturas_MIDI,972,2,0.9449312283671394
alturas_MIDI,972,3,2.3912717437899653
alturas_MIDI,972,4,4.040937461134329
alturas_MIDI,972,5,5.381568102460395
alturas_MIDI,972,6,5.765484591861985
alturas_MIDI,972,7,5.803979443850954
alturas_MIDI,973,2,0.9001628339217187
alturas_MIDI,973,3,2.2875074293292412
alturas_MIDI,973,4,3.939405395501971
alturas_MIDI,973,5,5.310724672180161
alturas_MIDI,973,6,5.757183428022944
alturas_MIDI,973,7,5.803979443850954
alturas_MIDI,974,2,0.8943087046529364
alturas_MIDI,974,3,2.300030645303322
alturas_MIDI,974,4,3.945396452104775
alturas_MIDI,974,5,5.3608771418466645
alturas_MIDI,974,6,5.769635173781506
alturas_MIDI,974,7,5.808142489980443
alturas_MIDI,975,2,0.8767959809068269
alturas_MIDI,975,3,2.2543720651582
alturas_MIDI,975,4,3.916561270756571
alturas_MIDI,975,5,5.303543512234216
alturas_MIDI,975,6,5.7473156529750264
alturas_MIDI,975,7,5.808142489980443
alturas_MIDI,976,2,0.9109985743270244
alturas_MIDI,976,3,2.3349552274750645
alturas_MIDI,976,4,4.042270464860187
alturas_MIDI,976,5,5.385158682433364
alturas_MIDI,976,6,5.754050205605192
alturas_MIDI,976,7,5.803979443850954
alturas_MIDI,977,2,0.9262648017613438
alturas_MIDI,977,3,2.3380484659524554
alturas_MIDI,977,4,3.98230711762526
alturas_MIDI,977,5,5.3394319378322885
alturas_MIDI,977,6,5.753032846103423
alturas_MIDI,977,7,5.808142489980443
alturas_MIDI,978,2,0.9360597828091104
alturas_MIDI,978,3,2.3645478642395052
alturas_MIDI,978,4,3.994319539498061
alturas_MIDI,978,5,5.2951862262969085
alturas_MIDI,978,6,5.728129354586299
alturas_MIDI,978,7,5.791490305462487
alturas_MIDI,979,2,0.9108468418894745
alturas_MIDI,979,3,2.335228897853314
alturas_MIDI,979,4,4.001520280186293
alturas_MIDI,979,5,5.393435066678856
alturas_MIDI,979,6,5.786237501459588
alturas_MIDI,979,7,5.808142489980443
alturas_MIDI,980,2,0.9105433271099104
alturas_MIDI,980,3,2.2987250162080266
alturas_MIDI,980,4,3.965831694537243
alturas_MIDI,980,5,5.301766326136868
alturas_MIDI,980,6,5.744731682264382
alturas_MIDI,980,7,5.803979443850954
alturas_MIDI,981,2,0.8982771118782169
alturas_MIDI,981,3,2.306832243395869
alturas_MIDI,981,4,3.967576807175381
alturas_MIDI,981,5,5.348255934227558
alturas_MIDI,981,6,5.777936337620547
alturas_MIDI,981,7,5.803979443850954
alturas_MIDI,982,2,0.9109985743270244
alturas_MIDI,982,3,2.3078384334829503
alturas_MIDI,982,4,3.9689483823576674
alturas_MIDI,982,5,5.264863577931054
alturas_MIDI,982,6,5.743165071055506
alturas_MIDI,982,7,5.803979443850953
alturas_MIDI,983,2,0.8823060513161458
alturas_MIDI,983,3,2.2682558805462367
alturas_MIDI,983,4,3.9294134517518233
alturas_MIDI,983,5,5.288986257700774
alturas_MIDI,983,6,5.712544386409985
alturas_MIDI,983,7,5.803979443850954
alturas_MIDI,984,2,0.8999932234786938
alturas_MIDI,984,3,2.2957734981439457
alturas_MIDI,984,4,3.9318971987843483
alturas_MIDI,984,5,5.337322390925013
alturas_MIDI,984,6,5.761334009942464
alturas_MIDI,984,7,5.803979443850954
alturas_MIDI,985,2,0.8820819500557356
alturas_MIDI,985,3,2.2607989773362123
alturas_MIDI,985,4,3.8931442090377892
alturas_MIDI,985,5,5.272439166732119
alturas_MIDI,985,6,5.748882264183902
alturas_MIDI,985,7,5.803979443850953
alturas_MIDI,986,2,0.8635566490894804
alturas_MIDI,986,3,2.2804587738058437
alturas_MIDI,986,4,3.9522600092899878
alturas_MIDI,986,5,5.294171903689179
alturas_MIDI,986,6,5.73643051842534
alturas_MIDI,986,7,5.7998163977214645
alturas_MIDI,987,2,0.9358284727221837
alturas_MIDI,987,3,2.3407717912023918
alturas_MIDI,987,4,3.9978670632600664
alturas_MIDI,987,5,5.328785927472429
alturas_MIDI,987,6,5.722412161457902
alturas_MIDI,987,7,5.808142489980443
alturas_MIDI,988,2,0.8887580446943084
alturas_MIDI,988,3,2.2884026121250103
alturas_MIDI,988,4,3.918239737084698
alturas_MIDI,988,5,5.262960662274643
alturas_MIDI,988,6,5.722412161457902
alturas_MIDI,988,7,5.787327259332998
alturas_MIDI,989,2,0.8999932234786938
alturas_MIDI,989,3,2.2938815929364127
alturas_MIDI,989,4,3.9161339564371644
alturas_MIDI,989,5,5.244773677423316
alturas_MIDI,989,6,5.716694968329506
alturas_MIDI,989,7,5.795653351591977
alturas_MIDI,990,2,0.9450864687220867
alturas_MIDI,990,3,2.4070688495391894
alturas_MIDI,990,4,4.096324474007393
alturas_MIDI,990,5,5.390311197163846
alturas_MIDI,990,6,5.726562743377423
alturas_MIDI,990,7,5.803979443850954
alturas_MIDI,991,2,0.8642039944248936
alturas_MIDI,991,3,2.263279241323734
alturas_MIDI,991,4,3.9678964613910606
alturas_MIDI,991,5,5.293023231433413
alturas_MIDI,991,6,5.753032846103423
alturas_MIDI,991,7,5.7998163977214645
alturas_MIDI,992,2,0.9103346220787493
alturas_MIDI,992,3,2.3259776489733395
alturas_MIDI,992,4,3.991652194481598
alturas_MIDI,992,5,5.335760456167504
alturas_MIDI,992,6,5.744731682264382
alturas_MIDI,992,7,5.803979443850954
alturas_MIDI,993,2,0.9360597828091104
alturas_MIDI,993,3,2.3590924863132186
alturas_MIDI,993,4,4.003150679803182
alturas_MIDI,993,5,5.293157581081442
alturas_MIDI,993,6,5.740031848637754
alturas_MIDI,993,7,5.808142489980443
alturas_MIDI,994,2,0.8640560557986472
alturas_MIDI,994,3,2.2053873232681505
alturas_MIDI,994,4,3.807995974729119
alturas_MIDI,994,5,5.161121241919721
alturas_MIDI,994,6,5.726562743377423
alturas_MIDI,994,7,5.808142489980443
alturas_MIDI,995,2,0.8827541467090004
alturas_MIDI,995,3,2.2864240884420965
alturas_MIDI,995,4,3.974877614132827
alturas_MIDI,995,5,5.3652754131765
alturas_MIDI,995,6,5.740581100344861
alturas_MIDI,995,7,5.7998163977214645
alturas_MIDI,996,2,0.9360212338553361
alturas_MIDI,996,3,2.340608124851256
alturas_MIDI,996,4,3.9920339888257304
alturas_MIDI,996,5,5.311819896479705
alturas_MIDI,996,6,5.743165071055506
alturas_MIDI,996,7,5.7998163977214645
alturas_MIDI,997,2,0.9107140623628861
alturas_MIDI,997,3,2.292664295609571
alturas_MIDI,997,4,3.9452008355256076
alturas_MIDI,997,5,5.325662057957421
alturas_MIDI,997,6,5.753032846103423
alturas_MIDI,997,7,5.803979443850953
alturas_MIDI,998,2,0.9213596109045206
alturas_MIDI,998,3,2.340023330758794
alturas_MIDI,998,4,4.001873363230253
alturas_MIDI,998,5,5.317179042461057
alturas_MIDI,998,6,5.726562743377423
alturas_MIDI,998,7,5.799816397721465
alturas_MIDI,999,2,0.8886082331786853
alturas_MIDI,999,3,2.278313843765229
alturas_MIDI,999,4,3.9445479487780872
alturas_MIDI,999,5,5.292403337680799
alturas_MIDI,999,6,5.740581100344861
alturas_MIDI,999,7,5.7998163977214645
alturas_MIDI,1000,2,0.9045903056287377
alturas_MIDI,1000,3,2.2602576764791027
alturas_MIDI,1000,4,3.867351620558874
alturas_MIDI,1000,5,5.255366239826955
alturas_MIDI,1000,6,5.753032846103423
alturas_MIDI,1000,7,5.808142489980443
intervalos,1,2,0.822187473863921
intervalos,1,3,2.1169865013806857
intervalos,1,4,3.631301744431785
intervalos,1,5,5.043354371995443
intervalos,1,6,5.668639750848632
intervalos,1,7,5.771730285516047
intervalos,2,2,0.8296345238431255
intervalos,2,3,2.092558603851709
intervalos,2,4,3.5585260819108364
intervalos,2,5,4.940207366700407
intervalos,2,6,5.6248870726950635
intervalos,2,7,5.784257041791227
intervalos,3,2,0.8141641430960396
intervalos,3,3,2.084412111139656
intervalos,3,4,3.54401015019544
intervalos,3,5,4.886336640179984
intervalos,3,6,5.597317065535681
intervalos,3,7,5.771730285516046
intervalos,4,2,0.8371277499858092
intervalos,4,3,2.163407760571194
intervalos,4,4,3.698569392607597
intervalos,4,5,5.025976652668154
intervalos,4,6,5.6493958359482255
intervalos,4,7,5.788432627216287
intervalos,5,2,0.7888333596856465
intervalos,5,3,2.050438456618009
intervalos,5,4,3.5807968897289144
intervalos,5,5,4.95921099973751
intervalos,5,6,5.625988874918328
intervalos,5,7,5.784257041791228
intervalos,6,2,0.8438566306056344
intervalos,6,3,2.1950892778941298
intervalos,6,4,3.7630425355307073
intervalos,6,5,5.061638027835469
intervalos,6,6,5.665027605830771
intervalos,6,7,5.786856578590491
intervalos,7,2,0.805817151056502
intervalos,7,3,2.0732239121715006
intervalos,7,4,3.5666891793071693
intervalos,7,5,4.936972622843475
intervalos,7,6,5.6296010199361834
intervalos,7,7,5.796783798066407
intervalos,8,2,0.7881837739320228
intervalos,8,3,2.090825809702824
intervalos,8,4,3.6268891826737253
intervalos,8,5,5.045745775804611
intervalos,8,6,5.648844934836593
intervalos,8,7,5.784257041791228
intervalos,9,2,0.8143097894870892
intervalos,9,3,2.062708154801427
intervalos,9,4,3.5379006864877716
intervalos,9,5,4.918187628755483
intervalos,9,6,5.607765374653333
intervalos,9,7,5.780081456366167
intervalos,10,2,0.7965766741539413
intervalos,10,3,2.064761894084927
intervalos,10,4,3.5514767308059376
intervalos,10,5,4.896450932696733
intervalos,10,6,5.625988874918328
intervalos,10,7,5.796783798066407
intervalos,11,2,0.8140366905084537
intervalos,11,3,2.102989531972994
intervalos,11,4,3.6153067138807478
intervalos,11,5,4.999674874875261
intervalos,11,6,5.647824520201182
intervalos,11,7,5.775905870941107
intervalos,12,2,0.8291398225847794
intervalos,12,3,2.1556407038790084
intervalos,12,4,3.7090465851787155
intervalos,12,5,5.039257398055962
intervalos,12,6,5.663456290083732
intervalos,12,7,5.767554700090987
intervalos,13,2,0.805817151056502
intervalos,13,3,2.0618557223771528
intervalos,13,4,3.554502695454825
intervalos,13,5,4.875712363517648
intervalos,13,6,5.546601738590777
intervalos,13,7,5.749276309764949
intervalos,14,2,0.7889415959600679
intervalos,14,3,2.0565093417987996
intervalos,14,4,3.5790665590904744
intervalos,14,5,4.956366171139514
intervalos,14,6,5.649395835948223
intervalos,14,7,5.796783798066407
intervalos,15,2,0.8143097894870892
intervalos,15,3,2.109693706882949
intervalos,15,4,3.6234723751784648
intervalos,15,5,4.968075755702176
intervalos,15,6,5.635335381812717
intervalos,15,7,5.775905870941106
intervalos,16,2,0.8060712788401208
intervalos,16,3,2.1337638776195904
intervalos,16,4,3.6989641142970506
intervalos,16,5,5.0856514107503195
intervalos,16,6,5.724330666279027
intervalos,16,7,5.805134968916528
intervalos,17,2,0.8056356040312916
intervalos,17,3,2.075645516569072
intervalos,17,4,3.5725921665698404
intervalos,17,5,4.9329960603779615
intervalos,17,6,5.660313658589651
intervalos,17,7,5.796783798066408
intervalos,18,2,0.8297993865473396
intervalos,18,3,2.131601343585137
intervalos,18,4,3.6364785804552273
intervalos,18,5,4.974375773578302
intervalos,18,6,5.5973170655356785
intervalos,18,7,5.784257041791228
intervalos,19,2,0.8367969750957321
intervalos,19,3,2.147893416084168
intervalos,19,4,3.7099340394839317
intervalos,19,5,5.039666203349685
intervalos,19,6,5.67335369808975
intervalos,19,7,5.796783798066408
intervalos,20,2,0.8033461665075287
intervalos,20,3,2.058575562563867
intervalos,20,4,3.5542107336396698
intervalos,20,5,4.94967953196849
intervalos,20,6,5.607214473541703
intervalos,20,7,5.782680993165431
intervalos,21,2,0.7879310793581866
intervalos,21,3,2.0492747475962245
intervalos,21,4,3.566006466376361
intervalos,21,5,4.8991492777731285
intervalos,21,6,5.623866658059656
intervalos,21,7,5.788432627216287
intervalos,22,2,0.8709370364062625
intervalos,22,3,2.189166044886085
intervalos,22,4,3.760247997970545
intervalos,22,5,5.080328682497129
intervalos,22,6,5.641882286045248
intervalos,22,7,5.77432982231531
intervalos,23,2,0.7599008676945807
intervalos,23,3,2.0127294671390645
intervalos,23,4,3.4573567471996483
intervalos,23,5,4.804897307519345
intervalos,23,6,5.578073150635274
intervalos,23,7,5.780081456366167
intervalos,24,2,0.7965766741539413
intervalos,24,3,2.067672029140028
intervalos,24,4,3.560911157077898
intervalos,24,5,4.928758640025095
intervalos,24,6,5.628580605300775
intervalos,24,7,5.763379114665926
intervalos,25,2,0.79771703385051
intervalos,25,3,2.0833975420374977
intervalos,25,4,3.606178401073297
intervalos,25,5,4.940072614807923
intervalos,25,6,5.605173644270884
intervalos,25,7,5.780081456366168
intervalos,26,2,0.779326503707424
intervalos,26,3,2.0782812797239676
intervalos,26,4,3.628635546899542
intervalos,26,5,5.018739274298075
intervalos,26,6,5.654109783189345
intervalos,26,7,5.792608212641348
intervalos,27,2,0.8295062842620149
intervalos,27,3,2.137375849988089
intervalos,27,4,3.7174758194064585
intervalos,27,5,5.064502891372881
intervalos,27,6,5.687414152225258
intervalos,27,7,5.784257041791227
intervalos,28,2,0.79771703385051
intervalos,28,3,2.1021013625895706
intervalos,28,4,3.652259031614674
intervalos,28,5,5.018504488458358
intervalos,28,6,5.6785371588546445
intervalos,28,7,5.7926082126413485
intervalos,29,2,0.7597757191702809
intervalos,29,3,1.997868896325098
intervalos,29,4,3.5167361288109524
intervalos,29,5,4.966268664132683
intervalos,29,6,5.657721928207202
intervalos,29,7,5.796783798066407
intervalos,30,2,0.8218222131733859
intervalos,30,3,2.12906911665875
intervalos,30,4,3.605435317113103
intervalos,30,5,4.9818593268298965
intervalos,30,6,5.654579296713121
intervalos,30,7,5.788432627216287
intervalos,31,2,0.8369439955557143
intervalos,31,3,2.1302635934691763
intervalos,31,4,3.70484016496143
intervalos,31,5,5.05086580376676
intervalos,31,6,5.65096715169526
intervalos,31,7,5.771730285516047
intervalos,32,2,0.805817151056502
intervalos,32,3,2.031826921787131
intervalos,32,4,3.500919576643271
intervalos,32,5,4.844239692926745
intervalos,32,6,5.592133604770782
intervalos,32,7,5.780081456366168
intervalos,33,2,0.8142551738037669
intervalos,33,3,2.115158676195076
intervalos,33,4,3.6472689753309413
intervalos,33,5,5.0472252059928255
intervalos,33,6,5.66604802046618
intervalos,33,7,5.792608212641348
intervalos,34,2,0.8059623723673444
intervalos,34,3,2.0754490136672152
intervalos,34,4,3.542970468826409
intervalos,34,5,4.965920967811988
intervalos,34,6,5.665027605830773
intervalos,34,7,5.780081456366166
intervalos,35,2,0.8061438786277846
intervalos,35,3,2.0703431271640698
intervalos,35,4,3.643590266561419
intervalos,35,5,4.980098661227598
intervalos,35,6,5.631172335683226
intervalos,35,7,5.767554700090987
intervalos,36,2,0.8297261165613207
intervalos,36,3,2.1005268081180564
intervalos,36,4,3.6493460132482562
intervalos,36,5,5.050860109245861
intervalos,36,6,5.660313658589652
intervalos,36,7,5.784257041791227
intervalos,37,2,0.7797581882937804
intervalos,37,3,2.0477996782648686
intervalos,37,4,3.601572573842296
intervalos,37,5,4.995664739369124
intervalos,37,6,5.647824520201186
intervalos,37,7,5.784257041791228
intervalos,38,2,0.7701674025299572
intervalos,38,3,2.0557854946394367
intervalos,38,4,3.600114240989432
intervalos,38,5,5.028921515213383
intervalos,38,6,5.667619336213217
intervalos,38,7,5.796783798066408
intervalos,39,2,0.7977351276153795
intervalos,39,3,2.0611930317750726
intervalos,39,4,3.554689166437498
intervalos,39,5,4.958676088448921
intervalos,39,6,5.627009289553732
intervalos,39,7,5.784257041791228
intervalos,40,2,0.8219683285195457
intervalos,40,3,2.1363657864223256
intervalos,40,4,3.6574107256513217
intervalos,40,5,4.948648976952832
intervalos,40,6,5.580664881017722
intervalos,40,7,5.76180306604013
intervalos,41,2,0.7889055180908568
intervalos,41,3,2.0321444415205634
intervalos,41,4,3.500883449504605
intervalos,41,5,4.849617835632066
intervalos,41,6,5.574930519141192
intervalos,41,7,5.763379114665926
intervalos,42,2,0.7796143075310533
intervalos,42,3,2.0260542302899354
intervalos,42,4,3.491906521272855
intervalos,42,5,4.840686276173472
intervalos,42,6,5.600251824750356
intervalos,42,7,5.788432627216287
intervalos,43,2,0.8293413880369835
intervalos,43,3,2.163074082716687
intervalos,43,4,3.7401940461858607
intervalos,43,5,5.095538075833025
intervalos,43,6,5.67021106659567
intervalos,43,7,5.784257041791228
intervalos,44,2,0.8295062842620149
intervalos,44,3,2.0884939647834395
intervalos,44,4,3.6040330039125834
intervalos,44,5,4.985636482968406
intervalos,44,6,5.6801084746016866
intervalos,44,7,5.792608212641348
intervalos,45,2,0.7246288674830843
intervalos,45,3,1.9660323876542032
intervalos,45,4,3.482682062496743
intervalos,45,5,4.890868491460822
intervalos,45,6,5.627009289553738
intervalos,45,7,5.780081456366167
intervalos,46,2,0.8143279942580394
intervalos,46,3,2.0700664754062488
intervalos,46,4,3.5916287545533714
intervalos,46,5,4.947115938784578
intervalos,46,6,5.606663572430067
intervalos,46,7,5.767554700090986
intervalos,47,2,0.769629412801218
intervalos,47,3,2.0594820933614866
intervalos,47,4,3.614817972724136
intervalos,47,5,4.981149251182672
intervalos,47,6,5.636355796448123
intervalos,47,7,5.771730285516047
intervalos,48,2,0.8143279942580394
intervalos,48,3,2.1027185226059695
intervalos,48,4,3.6374267122894555
intervalos,48,5,5.052861255208777
intervalos,48,6,5.7009237052491315
intervalos,48,7,5.7926082126413485
intervalos,49,2,0.8371277499858092
intervalos,49,3,2.209722375769034
intervalos,49,4,3.791316933282747
intervalos,49,5,5.098719211709916
intervalos,49,6,5.628580605300779
intervalos,49,7,5.7759058709411075
intervalos,50,2,0.8575413185866801
intervalos,50,3,2.1577819131813962
intervalos,50,4,3.6940064935592076
intervalos,50,5,5.044419644956352
intervalos,50,6,5.666598921577813
intervalos,50,7,5.800959383491468
intervalos,51,2,0.7975722756576358
intervalos,51,3,2.070763201990552
intervalos,51,4,3.595200636446444
intervalos,51,5,4.9768786003765015
intervalos,51,6,5.677986257743014
intervalos,51,7,5.788432627216287
intervalos,52,2,0.8295062842620149
intervalos,52,3,2.140165726447661
intervalos,52,4,3.6864315361969897
intervalos,52,5,5.01918849205795
intervalos,52,6,5.672802796978117
intervalos,52,7,5.796783798066408
intervalos,53,2,0.8220779053420825
intervalos,53,3,2.079860445880228
intervalos,53,4,3.588771815954901
intervalos,53,5,4.898119065344788
intervalos,53,6,5.585170955979441
intervalos,53,7,5.7592035292408665
intervalos,54,2,0.7972827161949665
intervalos,54,3,2.0950771279243736
intervalos,54,4,3.6392850465386766
intervalos,54,5,5.0566641408076025
intervalos,54,6,5.700923705249134
intervalos,54,7,5.796783798066408
intervalos,55,2,0.8369439955557143
intervalos,55,3,2.1482081854784956
intervalos,55,4,3.6716415784863368
intervalos,55,5,4.989711272909064
intervalos,55,6,5.597317065535682
intervalos,55,7,5.763379114665926
intervalos,56,2,0.79771703385051
intervalos,56,3,2.07816399631505
intervalos,56,4,3.598548589613601
intervalos,56,5,4.980407432574088
intervalos,56,6,5.60462274315925
intervalos,56,7,5.7842570417912285
intervalos,57,2,0.725337677977568
intervalos,57,3,1.9627768913999502
intervalos,57,4,3.4741986080188236
intervalos,57,5,4.892420762251179
intervalos,57,6,5.64051884257761
intervalos,57,7,5.7759058709411075
intervalos,58,2,0.8061438786277846
intervalos,58,3,2.079355059090016
intervalos,58,4,3.6527367251864558
intervalos,58,5,4.989907133774577
intervalos,58,6,5.632743651430266
intervalos,58,7,5.792608212641348
intervalos,59,2,0.7889055180908568
intervalos,59,3,2.027483629040728
intervalos,59,4,3.5306552200859276
intervalos,59,5,4.9699847112981645
intervalos,59,6,5.646253204454142
intervalos,59,7,5.7926082126413485
intervalos,60,2,0.8297261165613207
intervalos,60,3,2.1511406421776647
intervalos,60,4,3.7380785725929755
intervalos,60,5,5.10914193298584
intervalos,60,6,5.672802796978116
intervalos,60,7,5.7926082126413485
intervalos,61,2,0.7941844518287549
intervalos,61,3,2.043820763636079
intervalos,61,4,3.5182605505532907
intervalos,61,5,4.844287263798568
intervalos,61,6,5.611377519671188
intervalos,61,7,5.784257041791228
intervalos,62,2,0.8442437496370732
intervalos,62,3,2.1566121395730713
intervalos,62,4,3.6135718029582344
intervalos,62,5,4.96485569485108
intervalos,62,6,5.660313658589651
intervalos,62,7,5.800959383491468
intervalos,63,2,0.7599902530078912
intervalos,63,3,1.988141470798751
intervalos,63,4,3.466457047693824
intervalos,63,5,4.858420337719074
intervalos,63,6,5.606194058906292
intervalos,63,7,5.784257041791227
intervalos,64,2,0.8367969750957321
intervalos,64,3,2.1643133070592047
intervalos,64,4,3.6730731509755006
intervalos,64,5,4.962478974047746
intervalos,64,6,5.60148011166517
intervalos,64,7,5.780081456366167
intervalos,65,2,0.8370542510324834
intervalos,65,3,2.1493409628067055
intervalos,65,4,3.6757983109713424
intervalos,65,5,5.056061281120456
intervalos,65,6,5.67908805996628
intervalos,65,7,5.796783798066408
intervalos,66,2,0.805817151056502
intervalos,66,3,2.137585776182745
intervalos,66,4,3.7029077922632596
intervalos,66,5,5.049794836284953
intervalos,66,6,5.647824520201181
intervalos,66,7,5.7842570417912285
intervalos,67,2,0.8143279942580394
intervalos,67,3,2.1129881419633523
intervalos,67,4,3.6433432317631156
intervalos,67,5,5.049674424810986
intervalos,67,6,5.687414152225259
intervalos,67,7,5.792608212641348
intervalos,68,2,0.7976627512103487
intervalos,68,3,2.0619170839498704
intervalos,68,4,3.585158126089117
intervalos,68,5,4.992790887346776
intervalos,68,6,5.610357105035781
intervalos,68,7,5.771730285516047
intervalos,69,2,0.7701674025299572
intervalos,69,3,2.020212862120028
intervalos,69,4,3.5272135497814485
intervalos,69,5,4.910831326403383
intervalos,69,6,5.639498427942208
intervalos,69,7,5.788432627216286
intervalos,70,2,0.8367969750957321
intervalos,70,3,2.097239297366769
intervalos,70,4,3.5721179775099143
intervalos,70,5,4.919541295536148
intervalos,70,6,5.615540565800679
intervalos,70,7,5.775905870941107
intervalos,71,2,0.8436538122140398
intervalos,71,3,2.1325072943013432
intervalos,71,4,3.6505522843480915
intervalos,71,5,4.971074226227444
intervalos,71,6,5.645232789818732
intervalos,71,7,5.796783798066408
intervalos,72,2,0.7700598203030499
intervalos,72,3,2.0354807497228706
intervalos,72,4,3.488507172843207
intervalos,72,5,4.845902131053901
intervalos,72,6,5.602843555132803
intervalos,72,7,5.780081456366168
intervalos,73,2,0.7936583605381347
intervalos,73,3,2.0471627476090775
intervalos,73,4,3.6035668880205662
intervalos,73,5,4.96804821976977
intervalos,73,6,5.657721928207205
intervalos,73,7,5.792608212641347
intervalos,74,2,0.7669005706209151
intervalos,74,3,2.023609731007324
intervalos,74,4,3.5702672088129015
intervalos,74,5,5.003723935355603
intervalos,74,6,5.667619336213221
intervalos,74,7,5.800959383491469
intervalos,75,2,0.7600617573655877
intervalos,75,3,1.9772947339050768
intervalos,75,4,3.418990368629181
intervalos,75,5,4.814673917760152
intervalos,75,6,5.543666979376096
intervalos,75,7,5.763379114665927
intervalos,76,2,0.8061801771636042
intervalos,76,3,2.128413772296216
intervalos,76,4,3.694725333628682
intervalos,76,5,5.081379272452202
intervalos,76,6,5.677516744219236
intervalos,76,7,5.775905870941106
intervalos,77,2,0.8438566306056343
intervalos,77,3,2.174649879998581
intervalos,77,4,3.74981098538046
intervalos,77,5,5.128193479482082
intervalos,77,6,5.714984159384639
intervalos,77,7,5.796783798066407
intervalos,78,2,0.8056356040312916
intervalos,78,3,2.069002351653777
intervalos,78,4,3.505296444652964
intervalos,78,5,4.842507708161482
intervalos,78,6,5.59315401940619
intervalos,78,7,5.771730285516047
intervalos,79,2,0.77948840029929
intervalos,79,3,2.0292308258581193
intervalos,79,4,3.5493046025574753
intervalos,79,5,4.939162471266232
intervalos,79,6,5.625988874918326
intervalos,79,7,5.784257041791227
intervalos,80,2,0.822187473863921
intervalos,80,3,2.1030316977893553
intervalos,80,4,3.6492549779000676
intervalos,80,5,5.019636564913194
intervalos,80,6,5.644212375183326
intervalos,80,7,5.788432627216288
intervalos,81,2,0.779776172398122
intervalos,81,3,2.0578324902325678
intervalos,81,4,3.595241295270103
intervalos,81,5,4.997544328953444
intervalos,81,6,5.656150612460161
intervalos,81,7,5.792608212641348
intervalos,82,2,0.7797581882937804
intervalos,82,3,2.08132062116037
intervalos,82,4,3.6341265591765843
intervalos,82,5,4.980446357548293
intervalos,82,6,5.617662782659354
intervalos,82,7,5.784257041791227
intervalos,83,2,0.8142551738037669
intervalos,83,3,2.1202234213470312
intervalos,83,4,3.694085646797288
intervalos,83,5,5.093296106922176
intervalos,83,6,5.684271520731177
intervalos,83,7,5.796783798066408
intervalos,84,2,0.8141641430960396
intervalos,84,3,2.068504311152634
intervalos,84,4,3.5631806966944857
intervalos,84,5,4.913857675448374
intervalos,84,6,5.592738274847381
intervalos,84,7,5.780081456366166
intervalos,85,2,0.7888333596856465
intervalos,85,3,2.074988807560603
intervalos,85,4,3.5856274810817195
intervalos,85,5,5.000938409258547
intervalos,85,6,5.648375421312816
intervalos,85,7,5.796783798066408
intervalos,86,2,0.8143097894870892
intervalos,86,3,2.07683890016084
intervalos,86,4,3.569745417842755
intervalos,86,5,4.965558588485459
intervalos,86,6,5.642090158324652
intervalos,86,7,5.7926082126413485
intervalos,87,2,0.7698087645469867
intervalos,87,3,2.0369043891982814
intervalos,87,4,3.5551779244741604
intervalos,87,5,4.923022556861913
intervalos,87,6,5.60517364427088
intervalos,87,7,5.784257041791226
intervalos,88,2,0.7873172107106705
intervalos,88,3,2.0591802293802317
intervalos,88,4,3.55675321205024
intervalos,88,5,4.888101855398552
intervalos,88,6,5.586399242894252
intervalos,88,7,5.763379114665927
intervalos,89,2,0.79771703385051
intervalos,89,3,2.0737285242267594
intervalos,89,4,3.579655731540444
intervalos,89,5,4.858024727939239
intervalos,89,6,5.5759509337766024
intervalos,89,7,5.780081456366167
intervalos,90,2,0.7493050989641634
intervalos,90,3,2.0165632229649564
intervalos,90,4,3.526772659445781
intervalos,90,5,4.901874037484474
intervalos,90,6,5.599700923638723
intervalos,90,7,5.76597865146519
intervalos,91,2,0.8045458456349874
intervalos,91,3,2.0930559241784374
intervalos,91,4,3.6459849360061973
intervalos,91,5,5.060540669325884
intervalos,91,6,5.680108474601686
intervalos,91,7,5.796783798066407
intervalos,92,2,0.7968482692316936
intervalos,92,3,2.105212310921281
intervalos,92,4,3.5742977054370884
intervalos,92,5,4.918778980056017
intervalos,92,6,5.624679200415657
intervalos,92,7,5.775905870941107
intervalos,93,2,0.8143097894870892
intervalos,93,3,2.135456773268315
intervalos,93,4,3.692898887187053
intervalos,93,5,5.060974059175295
intervalos,93,6,5.660864559701281
intervalos,93,7,5.780081456366167
intervalos,94,2,0.8138728064390374
intervalos,94,3,2.084026731774797
intervalos,94,4,3.589372753271669
intervalos,94,5,5.027634651926644
intervalos,94,6,5.695740244484235
intervalos,94,7,5.800959383491468
intervalos,95,2,0.8221509519454683
intervalos,95,3,2.10437420364644
intervalos,95,4,3.6214500418843287
intervalos,95,5,4.947670885012585
intervalos,95,6,5.631172335683226
intervalos,95,7,5.780081456366166
intervalos,96,2,0.8371277499858092
intervalos,96,3,2.1351396042874873
intervalos,96,4,3.6833902706072976
intervalos,96,5,4.997954621739113
intervalos,96,6,5.593154019406189
intervalos,96,7,5.753451895190008
intervalos,97,2,0.79771703385051
intervalos,97,3,2.061022177285365
intervalos,97,4,3.576440781067565
intervalos,97,5,4.991686689411663
intervalos,97,6,5.636355796448122
intervalos,97,7,5.7675547000909875
intervalos,98,2,0.8051634756852311
intervalos,98,3,2.094396948837653
intervalos,98,4,3.625507972947383
intervalos,98,5,4.989759186368204
intervalos,98,6,5.6296010199361834
intervalos,98,7,5.792608212641347
intervalos,99,2,0.7884003345511748
intervalos,99,3,2.0551761742911747
intervalos,99,4,3.567240028482138
intervalos,99,5,4.927433996668783
intervalos,99,6,5.636355796448125
intervalos,99,7,5.788432627216288
intervalos,100,2,0.8371277499858092
intervalos,100,3,2.1057872609001302
intervalos,100,4,3.5714913400246884
intervalos,100,5,4.8617811875708705
intervalos,100,6,5.599908795918127
intervalos,100,7,5.775905870941107
intervalos,101,2,0.8061801771636042
intervalos,101,3,2.074597884674948
intervalos,101,4,3.604837429422911
intervalos,101,5,5.064101587072147
intervalos,101,6,5.705086751378624
intervalos,101,7,5.792608212641347
intervalos,102,2,0.7594180935229946
intervalos,102,3,2.022990777594126
intervalos,102,4,3.53254526251689
intervalos,102,5,4.908020070846011
intervalos,102,6,5.6098062039241485
intervalos,102,7,5.772753773689512
intervalos,103,2,0.8370542510324834
intervalos,103,3,2.1303372580115565
intervalos,103,4,3.6441464328222297
intervalos,103,5,5.0230449856368145
intervalos,103,6,5.656150612460163
intervalos,103,7,5.7759058709411075
intervalos,104,2,0.7597757191702809
intervalos,104,3,2.049461205508261
intervalos,104,4,3.5595308780484194
intervalos,104,5,4.92932792667162
intervalos,104,6,5.628580605300777
intervalos,104,7,5.792608212641348
intervalos,105,2,0.7701315426605666
intervalos,105,3,2.0248948238365023
intervalos,105,4,3.5417812534206665
intervalos,105,5,4.936471284595509
intervalos,105,6,5.650416250583632
intervalos,105,7,5.788432627216288
intervalos,106,2,0.8366131783667845
intervalos,106,3,2.1535018803763117
intervalos,106,4,3.6635984951218568
intervalos,106,5,5.000523909443923
intervalos,106,6,5.67492501383679
intervalos,106,7,5.796783798066408
intervalos,107,2,0.8048728589448317
intervalos,107,3,2.025165863256101
intervalos,107,4,3.4805592414126303
intervalos,107,5,4.91222426074557
intervalos,107,6,5.60305142741221
intervalos,107,7,5.7759058709411075
intervalos,108,2,0.7879310793581866
intervalos,108,3,2.0630514035931524
intervalos,108,4,3.565177598412339
intervalos,108,5,4.907831710973487
intervalos,108,6,5.605435285515255
intervalos,108,7,5.774329822315311
intervalos,109,2,0.7972827161949665
intervalos,109,3,2.088370509227814
intervalos,109,4,3.6300905190054498
intervalos,109,5,4.980888393295322
intervalos,109,6,5.64884493483659
intervalos,109,7,5.780081456366167
intervalos,110,2,0.8061438786277846
intervalos,110,3,2.115511537492069
intervalos,110,4,3.6830057212266403
intervalos,110,5,4.976906136308908
intervalos,110,6,5.653558882077713
intervalos,110,7,5.780081456366168
intervalos,111,2,0.8138728064390374
intervalos,111,3,2.09290136901752
intervalos,111,4,3.638059479034078
intervalos,111,5,5.023531983466264
intervalos,111,6,5.667068435101592
intervalos,111,7,5.800959383491469
intervalos,112,2,0.7694141618648274
intervalos,112,3,2.0511287174333215
intervalos,112,4,3.6281121652655677
intervalos,112,5,5.038548809900683
intervalos,112,6,5.655130197824753
intervalos,112,7,5.784257041791228
intervalos,113,2,0.8297261165613207
intervalos,113,3,2.157244435855569
intervalos,113,4,3.70966074108626
intervalos,113,5,5.077369136946066
intervalos,113,6,5.675945428472198
intervalos,113,7,5.788432627216288
intervalos,114,2,0.79771703385051
intervalos,114,3,2.049431785014015
intervalos,114,4,3.562993066164123
intervalos,114,5,4.906607101564407
intervalos,114,6,5.618683197294757
intervalos,114,7,5.780081456366166
intervalos,115,2,0.7889055180908568
intervalos,115,3,2.0471813459522994
intervalos,115,4,3.59223336203308
intervalos,115,5,4.990722937889934
intervalos,115,6,5.636906697559752
intervalos,115,7,5.77015423689025
intervalos,116,2,0.7976627512103487
intervalos,116,3,2.0613623925710907
intervalos,116,4,3.6021176855194463
intervalos,116,5,4.978594646483696
intervalos,116,6,5.641539257213016
intervalos,116,7,5.784257041791228
intervalos,117,2,0.7876422320957379
intervalos,117,3,2.0297161971747437
intervalos,117,4,3.511206213063385
intervalos,117,5,4.9077924434119655
intervalos,117,6,5.6394984279422005
intervalos,117,7,5.788432627216287
intervalos,118,2,0.8295062842620149
intervalos,118,3,2.1425809564389886
intervalos,118,4,3.6958512000397965
intervalos,118,5,5.050055694172302
intervalos,118,6,5.690005882607705
intervalos,118,7,5.7926082126413485
intervalos,119,2,0.8293413880369835
intervalos,119,3,2.1554083518464333
intervalos,119,4,3.689952013186247
intervalos,119,5,5.0429398721808205
intervalos,119,6,5.673353698089752
intervalos,119,7,5.78685657859049
intervalos,120,2,0.8371277499858092
intervalos,120,3,2.1381119498595655
intervalos,120,4,3.7275495026203727
intervalos,120,5,5.163253139866881
intervalos,120,6,5.7024950209961744
intervalos,120,7,5.788432627216287
intervalos,121,2,0.7888333596856465
intervalos,121,3,2.0578210088698357
intervalos,121,4,3.563576597717308
intervalos,121,5,4.9703988685254705
intervalos,121,6,5.667619336213222
intervalos,121,7,5.792608212641348
intervalos,122,2,0.7378521936374122
intervalos,122,3,1.9678307319057522
intervalos,122,4,3.4950425446355395
intervalos,122,5,4.889764293525708
intervalos,122,6,5.590011387912108
intervalos,122,7,5.774329822315311
intervalos,123,2,0.8366131783667845
intervalos,123,3,2.1497761391848957
intervalos,123,4,3.6737794461383126
intervalos,123,5,4.942824910451674
intervalos,123,6,5.54578919623477
intervalos,123,7,5.757627480615069
intervalos,124,2,0.7700598203030499
intervalos,124,3,2.0003966879801482
intervalos,124,4,3.473468484794731
intervalos,124,5,4.86068984256233
intervalos,124,6,5.579093565270682
intervalos,124,7,5.757627480615069
intervalos,125,2,0.7888333596856465
intervalos,125,3,2.065278240972535
intervalos,125,4,3.535312362952364
intervalos,125,5,4.897555130631847
intervalos,125,6,5.5820283244853615
intervalos,125,7,5.775905870941106
intervalos,126,2,0.8297810693998371
intervalos,126,3,2.098660375980934
intervalos,126,4,3.6138120416951387
intervalos,126,5,4.987850573359531
intervalos,126,6,5.641069743689245
intervalos,126,7,5.784257041791228
intervalos,127,2,0.79771703385051
intervalos,127,3,2.045571515667813
intervalos,127,4,3.5222959871973587
intervalos,127,5,4.903441793597978
intervalos,127,6,5.635886282924346
intervalos,127,7,5.788432627216287
intervalos,128,2,0.7600438816005386
intervalos,128,3,2.0057873982444026
intervalos,128,4,3.4922169190732566
intervalos,128,5,4.866828717518194
intervalos,128,6,5.591925732491375
intervalos,128,7,5.7759058709411075
intervalos,129,2,0.7888333596856465
intervalos,129,3,2.100371177540216
intervalos,129,4,3.6516327635501766
intervalos,129,5,4.98301029331952
intervalos,129,6,5.643661474071693
intervalos,129,7,5.7842570417912285
intervalos,130,2,0.7796143075310533
intervalos,130,3,2.055400485070948
intervalos,130,4,3.5927894498561974
intervalos,130,5,4.9966473809256415
intervalos,130,6,5.600459697029762
intervalos,130,7,5.765978651465189
intervalos,131,2,0.8142551738037669
intervalos,131,3,2.118590960745239
intervalos,131,4,3.653748655078905
intervalos,131,5,4.973022106797636
intervalos,131,6,5.617111881547718
intervalos,131,7,5.771730285516046
intervalos,132,2,0.8297261165613207
intervalos,132,3,2.145401929735507
intervalos,132,4,3.707616701683039
intervalos,132,5,5.076901029151404
intervalos,132,6,5.661884974336689
intervalos,132,7,5.788432627216286
intervalos,133,2,0.7485920290763748
intervalos,133,3,1.9945872135675486
intervalos,133,4,3.5054113377354725
intervalos,133,5,4.8807066280722475
intervalos,133,6,5.621825828788838
intervalos,133,7,5.784257041791227
intervalos,134,2,0.7797581882937804
intervalos,134,3,2.0534324067334606
intervalos,134,4,3.565233504298762
intervalos,134,5,4.982021614654788
intervalos,134,6,5.663456290083731
intervalos,134,7,5.792608212641348
intervalos,135,2,0.8297810693998371
intervalos,135,3,2.1452847559524013
intervalos,135,4,3.7152909986201523
intervalos,135,5,5.037429928959734
intervalos,135,6,5.671782382342706
intervalos,135,7,5.7842570417912285
intervalos,136,2,0.7888333596856465
intervalos,136,3,2.0494802796160454
intervalos,136,4,3.590767189928621
intervalos,136,5,4.95553717151027
intervalos,136,6,5.6759454284721995
intervalos,136,7,5.796783798066407
intervalos,137,2,0.7972827161949665
intervalos,137,3,2.07179369718703
intervalos,137,4,3.6133392509432745
intervalos,137,5,5.006047048178897
intervalos,137,6,5.674374112725156
intervalos,137,7,5.800959383491469
intervalos,138,2,0.8297993865473396
intervalos,138,3,2.105255256853017
intervalos,138,4,3.641800314279444
intervalos,138,5,4.950315622108941
intervalos,138,6,5.606194058906291
intervalos,138,7,5.763379114665926
intervalos,139,2,0.7796143075310533
intervalos,139,3,2.0658064050282805
intervalos,139,4,3.606231011735855
intervalos,139,5,4.94599136332273
intervalos,139,6,5.628029704189144
intervalos,139,7,5.788432627216287
intervalos,140,2,0.8143279942580394
intervalos,140,3,2.0908631518608205
intervalos,140,4,3.5446742247009695
intervalos,140,5,4.880484695159102
intervalos,140,6,5.597317065535678
intervalos,140,7,5.771730285516047
intervalos,141,2,0.8218222131733859
intervalos,141,3,2.0713132651846764
intervalos,141,4,3.5689394716432545
intervalos,141,5,4.9614951875866
intervalos,141,6,5.620308282006767
intervalos,141,7,5.771730285516047
intervalos,142,2,0.7788946921518815
intervalos,142,3,2.062696734542173
intervalos,142,4,3.586157285163035
intervalos,142,5,4.904076738833802
intervalos,142,6,5.639498427942206
intervalos,142,7,5.788432627216288
intervalos,143,2,0.821639548225098
intervalos,143,3,2.1174172790086185
intervalos,143,4,3.6065819265307906
intervalos,143,5,4.869650991275095
intervalos,143,6,5.613969250053637
intervalos,143,7,5.784257041791227
intervalos,144,2,0.7701315426605666
intervalos,144,3,2.0245826473215076
intervalos,144,4,3.508531656747574
intervalos,144,5,4.839494897217698
intervalos,144,6,5.598888381282722
intervalos,144,7,5.780081456366167
intervalos,145,2,0.77948840029929
intervalos,145,3,2.0481287119008966
intervalos,145,4,3.620684671402543
intervalos,145,5,4.923938394924503
intervalos,145,6,5.60045969702976
intervalos,145,7,5.771730285516047
intervalos,146,2,0.805817151056502
intervalos,146,3,2.090798156397377
intervalos,146,4,3.592253219064037
intervalos,146,5,4.937897449391001
intervalos,146,6,5.681128889237093
intervalos,146,7,5.792608212641348
intervalos,147,2,0.8060712788401208
intervalos,147,3,2.0815346994456383
intervalos,147,4,3.607673032928678
intervalos,147,5,5.013438068476248
intervalos,147,6,5.674374112725156
intervalos,147,7,5.792608212641348
intervalos,148,2,0.7701674025299572
intervalos,148,3,2.046852646083844
intervalos,148,4,3.507389776214695
intervalos,148,5,4.906111457837339
intervalos,148,6,5.603051427412209
intervalos,148,7,5.763379114665927
intervalos,149,2,0.7796143075310533
intervalos,149,3,2.0693661717402354
intervalos,149,4,3.5971200267078074
intervalos,149,5,4.937455413643972
intervalos,149,6,5.639498427942207
intervalos,149,7,5.792608212641348
intervalos,150,2,0.8219683285195457
intervalos,150,3,2.155288566986193
intervalos,150,4,3.711417276193694
intervalos,150,5,5.069376744453515
intervalos,150,6,5.705086751378625
intervalos,150,7,5.796783798066408
intervalos,151,2,0.8054177176871709
intervalos,151,3,2.067667738558346
intervalos,151,4,3.5992866170755464
intervalos,151,5,4.954640223482468
intervalos,151,6,5.65615061246016
intervalos,151,7,5.792608212641348
intervalos,152,2,0.7477358917444132
intervalos,152,3,1.9990653219282928
intervalos,152,4,3.5021418699711693
intervalos,152,5,4.9021681258251295
intervalos,152,6,5.6379271121951655
intervalos,152,7,5.780081456366166
intervalos,153,2,0.8143097894870892
intervalos,153,3,2.088638931209459
intervalos,153,4,3.5905341853169515
intervalos,153,5,4.934442260112871
intervalos,153,6,5.65355888207771
intervalos,153,7,5.784257041791227
intervalos,154,2,0.8441515879251735
intervalos,154,3,2.180643764566698
intervalos,154,4,3.7253408851398335
intervalos,154,5,5.0398545632222085
intervalos,154,6,5.6202545130417985
intervalos,154,7,5.759203529240866
intervalos,155,2,0.7600617573655877
intervalos,155,3,2.034912397525889
intervalos,155,4,3.5301424740354985
intervalos,155,5,4.940126222787962
intervalos,155,6,5.657721928207202
intervalos,155,7,5.792608212641347
intervalos,156,2,0.7698087645469867
intervalos,156,3,2.044309689481117
intervalos,156,4,3.587255711358661
intervalos,156,5,4.9458143924920055
intervalos,156,6,5.6743741127251575
intervalos,156,7,5.784257041791227
intervalos,157,2,0.7788946921518815
intervalos,157,3,2.00240072586662
intervalos,157,4,3.4910445112341333
intervalos,157,5,4.906072190275818
intervalos,157,6,5.628580605300776
intervalos,157,7,5.780081456366167
intervalos,158,2,0.79771703385051
intervalos,158,3,2.1076486764073894
intervalos,158,4,3.666429628903732
intervalos,158,5,5.040871922723977
intervalos,158,6,5.660864559701285
intervalos,158,7,5.784257041791227
intervalos,159,2,0.7975722756576358
intervalos,159,3,2.0316003381050676
intervalos,159,4,3.4968301265460853
intervalos,159,5,4.857924693992006
intervalos,159,6,5.620254513041799
intervalos,159,7,5.780081456366168
intervalos,160,2,0.8211645113064159
intervalos,160,3,2.099557575766981
intervalos,160,4,3.6480535264114295
intervalos,160,5,4.993474890946368
intervalos,160,6,5.639498427942206
intervalos,160,7,5.788432627216287
intervalos,161,2,0.8442437496370732
intervalos,161,3,2.1434414169100084
intervalos,161,4,3.672034582351526
intervalos,161,5,4.970480235680419
intervalos,161,6,5.612445991649999
intervalos,161,7,5.76597865146519
intervalos,162,2,0.7489842599841701
intervalos,162,3,1.9890705341481043
intervalos,162,4,3.473985952139498
intervalos,162,5,4.919064541843868
intervalos,162,6,5.6519875663306705
intervalos,162,7,5.788432627216287
intervalos,163,2,0.7688758967666622
intervalos,163,3,2.025284875218806
intervalos,163,4,3.446871268897901
intervalos,163,5,4.813159888971498
intervalos,163,6,5.612948835418229
intervalos,163,7,5.78685657859049
intervalos,164,2,0.8218222131733859
intervalos,164,3,2.142431321478185
intervalos,164,4,3.678153162412916
intervalos,164,5,4.981872522343784
intervalos,164,6,5.657721928207203
intervalos,164,7,5.796783798066407
intervalos,165,2,0.8358409752004307
intervalos,165,3,2.1293416081758907
intervalos,165,4,3.647003822948905
intervalos,165,5,4.987724467364665
intervalos,165,6,5.667068435101588
intervalos,165,7,5.796783798066408
intervalos,166,2,0.8142551738037669
intervalos,166,3,2.1350700185557234
intervalos,166,4,3.687985539603513
intervalos,166,5,5.072456358891227
intervalos,166,6,5.6436614740716955
intervalos,166,7,5.784257041791228
intervalos,167,2,0.7876422320957379
intervalos,167,3,2.1016382415798414
intervalos,167,4,3.6445323696965777
intervalos,167,5,5.03100414767606
intervalos,167,6,5.677516744219239
intervalos,167,7,5.775905870941107
intervalos,168,2,0.8371277499858092
intervalos,168,3,2.1496142194698007
intervalos,168,4,3.6750431370889163
intervalos,168,5,5.072509966871267
intervalos,168,6,5.6545792967131225
intervalos,168,7,5.792608212641347
intervalos,169,2,0.8371277499858092
intervalos,169,3,2.1203609518565125
intervalos,169,4,3.5991899611954925
intervalos,169,5,4.9570226388067
intervalos,169,6,5.643661474071691
intervalos,169,7,5.775905870941106
intervalos,170,2,0.7977351276153795
intervalos,170,3,2.068815806673215
intervalos,170,4,3.5553575607894095
intervalos,170,5,4.950288086176535
intervalos,170,6,5.681679790348729
intervalos,170,7,5.796783798066407
intervalos,171,2,0.8056356040312916
intervalos,171,3,2.068832534531552
intervalos,171,4,3.606910910662843
intervalos,171,5,5.023513093431476
intervalos,171,6,5.658272829318832
intervalos,171,7,5.788432627216287
intervalos,172,2,0.8140366905084537
intervalos,172,3,2.079202608764211
intervalos,172,4,3.587392950080055
intervalos,172,5,4.950374924609879
intervalos,172,6,5.641069743689244
intervalos,172,7,5.792608212641348
intervalos,173,2,0.8367969750957321
intervalos,173,3,2.1310674253225224
intervalos,173,4,3.6516190788689857
intervalos,173,5,5.00357029342833
intervalos,173,6,5.660864559701282
intervalos,173,7,5.792608212641347
intervalos,174,2,0.8221509519454682
intervalos,174,3,2.127633443789135
intervalos,174,4,3.6653405890400794
intervalos,174,5,4.997457490520099
intervalos,174,6,5.61609146691231
intervalos,174,7,5.780081456366167
intervalos,175,2,0.8297810693998371
intervalos,175,3,2.108621998023977
intervalos,175,4,3.6291767033588402
intervalos,175,5,4.973243697123466
intervalos,175,6,5.643661474071697
intervalos,175,7,5.771730285516047
intervalos,176,2,0.8060712788401208
intervalos,176,3,2.108631495194003
intervalos,176,4,3.6381150006340834
intervalos,176,5,5.01080652689378
intervalos,176,6,5.67492501383679
intervalos,176,7,5.796783798066408
intervalos,177,2,0.8579308580233924
intervalos,177,3,2.142618489131454
intervalos,177,4,3.66661662178665
intervalos,177,5,4.992496799006121
intervalos,177,6,5.621825828788839
intervalos,177,7,5.763379114665927
intervalos,178,2,0.7885807772578501
intervalos,178,3,2.081093030905567
intervalos,178,4,3.6122228952323785
intervalos,178,5,5.014480012533704
intervalos,178,6,5.652538467442305
intervalos,178,7,5.7926082126413485
intervalos,179,2,0.7691629959851665
intervalos,179,3,2.0090621878514545
intervalos,179,4,3.466299872257965
intervalos,179,5,4.794334482417354
intervalos,179,6,5.5242151921962845
intervalos,179,7,5.763379114665926
intervalos,180,2,0.8141641430960396
intervalos,180,3,2.0546545228093303
intervalos,180,4,3.58516787922258
intervalos,180,5,4.995187985676844
intervalos,180,6,5.6483754213128154
intervalos,180,7,5.796783798066407
intervalos,181,2,0.8214203198171
intervalos,181,3,2.0895934144889776
intervalos,181,4,3.5847006374190102
intervalos,181,5,4.914874692362825
intervalos,181,6,5.620254513041796
intervalos,181,7,5.780081456366167
intervalos,182,2,0.7597757191702809
intervalos,182,3,2.014912709769924
intervalos,182,4,3.5331161306568952
intervalos,182,5,4.943139033731747
intervalos,182,6,5.612190062027191
intervalos,182,7,5.792608212641348
intervalos,183,2,0.7959246394590296
intervalos,183,3,2.001272522909062
intervalos,183,4,3.4958027373662532
intervalos,183,5,4.908956286435334
intervalos,183,6,5.616560980436087
intervalos,183,7,5.788432627216287
intervalos,184,2,0.8293413880369835
intervalos,184,3,2.1480813998847896
intervalos,184,4,3.729566023468453
intervalos,184,5,5.097962710095498
intervalos,184,6,5.688434566860668
intervalos,184,7,5.796783798066408
intervalos,185,2,0.7600438816005386
intervalos,185,3,2.0327182038938116
intervalos,185,4,3.564216189067593
intervalos,185,5,4.968899060810522
intervalos,185,6,5.661884974336691
intervalos,185,7,5.788432627216287
intervalos,186,2,0.7888333596856465
intervalos,186,3,2.0745710977757783
intervalos,186,4,3.5996415163835787
intervalos,186,5,4.951989449277895
intervalos,186,6,5.649395835948222
intervalos,186,7,5.788432627216287
intervalos,187,2,0.8434140807144401
intervalos,187,3,2.1788005517095446
intervalos,187,4,3.685616575137122
intervalos,187,5,5.020601461339553
intervalos,187,6,5.650967151695262
intervalos,187,7,5.792608212641348
intervalos,188,2,0.7884003345511748
intervalos,188,3,2.0699966025150855
intervalos,188,4,3.6029568519249837
intervalos,188,5,4.944859286867895
intervalos,188,6,5.592133604770784
intervalos,188,7,5.784257041791228
intervalos,189,2,0.8358409752004307
intervalos,189,3,2.1137070009918095
intervalos,189,4,3.647919120970165
intervalos,189,5,4.996112469637052
intervalos,189,6,5.639498427942206
intervalos,189,7,5.796783798066408
intervalos,190,2,0.8138728064390374
intervalos,190,3,2.1381074073770816
intervalos,190,4,3.7029198655663684
intervalos,190,5,5.046922471754551
intervalos,190,6,5.67178238234271
intervalos,190,7,5.796783798066407
intervalos,191,2,0.7888333596856465
intervalos,191,3,2.082697957068993
intervalos,191,4,3.645023568101337
intervalos,191,5,4.9944590199948316
intervalos,191,6,5.648844934836593
intervalos,191,7,5.792608212641348
intervalos,192,2,0.7885807772578501
intervalos,192,3,2.0674816259343096
intervalos,192,4,3.6141826608998135
intervalos,192,5,4.975326329586142
intervalos,192,6,5.671782382342711
intervalos,192,7,5.805134968916528
intervalos,193,2,0.7972827161949665
intervalos,193,3,2.0857948288050294
intervalos,193,4,3.610316166887765
intervalos,193,5,5.016937877249482
intervalos,193,6,5.658742342842611
intervalos,193,7,5.770154236890249
intervalos,194,2,0.8060712788401208
intervalos,194,3,2.0935031395267685
intervalos,194,4,3.5986460416260404
intervalos,194,5,4.997250240612788
intervalos,194,6,5.6801084746016866
intervalos,194,7,5.796783798066408
intervalos,195,2,0.77948840029929
intervalos,195,3,2.0208958120764553
intervalos,195,4,3.5501619881954203
intervalos,195,5,4.9513533591374435
intervalos,195,6,5.598888381282722
intervalos,195,7,5.780081456366167
intervalos,196,2,0.8143097894870892
intervalos,196,3,2.0860396059366235
intervalos,196,4,3.5773170598728616
intervalos,196,5,4.9479928518729634
intervalos,196,6,5.65929324395424
intervalos,196,7,5.784257041791228
intervalos,197,2,0.7889055180908568
intervalos,197,3,2.0427864431958325
intervalos,197,4,3.538496419140708
intervalos,197,5,4.934784261912667
intervalos,197,6,5.642090158324653
intervalos,197,7,5.792608212641348
intervalos,198,2,0.779326503707424
intervalos,198,3,2.048443139428993
intervalos,198,4,3.535110621208445
intervalos,198,5,4.887990089822205
intervalos,198,6,5.572043817269917
intervalos,198,7,5.784257041791228
intervalos,199,2,0.7796143075310533
intervalos,199,3,2.037190729737589
intervalos,199,4,3.5900352951793435
intervalos,199,5,4.993528498926407
intervalos,199,6,5.703515435631583
intervalos,199,7,5.788432627216288
intervalos,200,2,0.7701674025299572
intervalos,200,3,1.9998912028780995
intervalos,200,4,3.4785329016989084
intervalos,200,5,4.81091745812852
intervalos,200,6,5.546601738590773
intervalos,200,7,5.771730285516047
intervalos,201,2,0.779326503707424
intervalos,201,3,2.005704503983565
intervalos,201,4,3.4732470135252345
intervalos,201,5,4.85215958740447
intervalos,201,6,5.577522249523641
intervalos,201,7,5.784257041791227
intervalos,202,2,0.8219683285195457
intervalos,202,3,2.1026869435572904
intervalos,202,4,3.676213274359446
intervalos,202,5,5.013351230042903
intervalos,202,6,5.639498427942204
intervalos,202,7,5.771730285516047
intervalos,203,2,0.8363925912519334
intervalos,203,3,2.1631989256041013
intervalos,203,4,3.7107072817225877
intervalos,203,5,5.0231710916316805
intervalos,203,6,5.643110572960063
intervalos,203,7,5.780081456366166
intervalos,204,2,0.805817151056502
intervalos,204,3,2.105889721024146
intervalos,204,4,3.6477725982321396
intervalos,204,5,5.027562153911818
intervalos,204,6,5.661884974336688
intervalos,204,7,5.784257041791228
intervalos,205,2,0.8297993865473396
intervalos,205,3,2.1401015520875224
intervalos,205,4,3.6679059615552143
intervalos,205,5,5.06131606097509
intervalos,205,6,5.705086751378624
intervalos,205,7,5.796783798066407
intervalos,206,2,0.8060712788401208
intervalos,206,3,2.102749678788821
intervalos,206,4,3.6034564335109183
intervalos,206,5,4.957560382127196
intervalos,206,6,5.581390324164309
intervalos,206,7,5.784257041791227
intervalos,207,2,0.8366131783667845
intervalos,207,3,2.168389595703825
intervalos,207,4,3.7382588984247236
intervalos,207,5,5.076901029151403
intervalos,207,6,5.642090158324658
intervalos,207,7,5.771730285516047
intervalos,208,2,0.8295062842620149
intervalos,208,3,2.079421078858454
intervalos,208,4,3.5772004353880438
intervalos,208,5,4.943682933505271
intervalos,208,6,5.564012696499767
intervalos,208,7,5.77432982231531
intervalos,209,2,0.7968482692316936
intervalos,209,3,2.088964205228349
intervalos,209,4,3.5925170076163977
intervalos,209,5,4.978960890251862
intervalos,209,6,5.636906697559755
intervalos,209,7,5.780081456366167
intervalos,210,2,0.7972827161949665
intervalos,210,3,2.0891689147272396
intervalos,210,4,3.6108108596382174
intervalos,210,5,4.91057650562425
intervalos,210,6,5.586950144005885
intervalos,210,7,5.775905870941107
intervalos,211,2,0.8136724785349556
intervalos,211,3,2.0912400784800282
intervalos,211,4,3.5976038495389844
intervalos,211,5,4.911848685905153
intervalos,211,6,5.616091466912308
intervalos,211,7,5.771730285516047
intervalos,212,2,0.7974456004616027
intervalos,212,3,2.0610870799087606
intervalos,212,4,3.5363640962674494
intervalos,212,5,4.88799043240952
intervalos,212,6,5.60619405890629
intervalos,212,7,5.792608212641348
intervalos,213,2,0.8142551738037669
intervalos,213,3,2.0626090589146013
intervalos,213,4,3.532943022480392
intervalos,213,5,4.84782963409736
intervalos,213,6,5.584277026035581
intervalos,213,7,5.780081456366168
intervalos,214,2,0.8709556991648365
intervalos,214,3,2.1770396595353807
intervalos,214,4,3.6862021513179144
intervalos,214,5,4.97859885351265
intervalos,214,6,5.65513019782475
intervalos,214,7,5.782680993165431
intervalos,215,2,0.8371277499858092
intervalos,215,3,2.139644461855911
intervalos,215,4,3.672038614803979
intervalos,215,5,4.920500720684112
intervalos,215,6,5.628580605300777
intervalos,215,7,5.784257041791227
intervalos,216,2,0.8221509519454682
intervalos,216,3,2.1624364756354932
intervalos,216,4,3.679835143558326
intervalos,216,5,4.992550406986159
intervalos,216,6,5.651987566330673
intervalos,216,7,5.792608212641348
intervalos,217,2,0.8143279942580394
intervalos,217,3,2.094418681816606
intervalos,217,4,3.630268924209839
intervalos,217,5,4.986023104263305
intervalos,217,6,5.6228462434242505
intervalos,217,7,5.7759058709411075
intervalos,218,2,0.7889055180908568
intervalos,218,3,2.0825934731282976
intervalos,218,4,3.607794080814686
intervalos,218,5,4.9555314769893695
intervalos,218,6,5.602500526300577
intervalos,218,7,5.763379114665927
intervalos,219,2,0.7378521936374122
intervalos,219,3,1.9871997631265708
intervalos,219,4,3.4878257921086395
intervalos,219,5,4.920250226278744
intervalos,219,6,5.635335381812712
intervalos,219,7,5.788432627216288
intervalos,220,2,0.7972827161949665
intervalos,220,3,2.0543913014565596
intervalos,220,4,3.610168748428158
intervalos,220,5,5.011736705374887
intervalos,220,6,5.643661474071695
intervalos,220,7,5.780081456366167
intervalos,221,2,0.8367969750957321
intervalos,221,3,2.132385559570633
intervalos,221,4,3.708674269572022
intervalos,221,5,5.022736214290324
intervalos,221,6,5.654579296713121
intervalos,221,7,5.782680993165431
intervalos,222,2,0.7378699623606687
intervalos,222,3,1.9519918158301082
intervalos,222,4,3.4120663980085886
intervalos,222,5,4.820028731562019
intervalos,222,6,5.583807512511806
intervalos,222,7,5.788432627216288
intervalos,223,2,0.7876422320957379
intervalos,223,3,2.046926155720867
intervalos,223,4,3.5922435289282113
intervalos,223,5,5.026511563956744
intervalos,223,6,5.682700204984137
intervalos,223,7,5.796783798066408
intervalos,224,2,0.8297261165613207
intervalos,224,3,2.1740816948179837
intervalos,224,4,3.6981974544168708
intervalos,224,5,4.963964441344177
intervalos,224,6,5.597109193256277
intervalos,224,7,5.767554700090987
intervalos,225,2,0.8143097894870892
intervalos,225,3,2.0580729563961953
intervalos,225,4,3.5297058142950903
intervalos,225,5,4.880586216598281
intervalos,225,6,5.6202545130417985
intervalos,225,7,5.767554700090987
intervalos,226,2,0.805817151056502
intervalos,226,3,2.1062819797951033
intervalos,226,4,3.6356502844237277
intervalos,226,5,4.987127302198419
intervalos,226,6,5.643661474071691
intervalos,226,7,5.763379114665926
intervalos,227,2,0.7955441511070098
intervalos,227,3,2.0460085130070835
intervalos,227,4,3.547947073337929
intervalos,227,5,4.938254014851818
intervalos,227,6,5.622295342312616
intervalos,227,7,5.771730285516046
intervalos,228,2,0.7797581882937804
intervalos,228,3,2.0359442066945292
intervalos,228,4,3.5032434613095447
intervalos,228,5,4.904370827174457
intervalos,228,6,5.617111881547715
intervalos,228,7,5.784257041791227
intervalos,229,2,0.7881837739320228
intervalos,229,3,2.042277655403557
intervalos,229,4,3.538866641820723
intervalos,229,5,4.9241599852503315
intervalos,229,6,5.610826618559556
intervalos,229,7,5.796783798066408
intervalos,230,2,0.8371277499858092
intervalos,230,3,2.14007062070362
intervalos,230,4,3.6336553090725205
intervalos,230,5,4.944739217981245
intervalos,230,6,5.647824520201182
intervalos,230,7,5.796783798066407
intervalos,231,2,0.8434140807144402
intervalos,231,3,2.165363234139813
intervalos,231,4,3.702896427751716
intervalos,231,5,5.041889282225746
intervalos,231,6,5.656150612460159
intervalos,231,7,5.780081456366168
intervalos,232,2,0.779128605846846
intervalos,232,3,2.0369028873038952
intervalos,232,4,3.519318216726126
intervalos,232,5,4.867738861059884
intervalos,232,6,5.573910104505787
intervalos,232,7,5.771730285516047
intervalos,233,2,0.7975722756576358
intervalos,233,3,2.1030223056015744
intervalos,233,4,3.6229133135892937
intervalos,233,5,4.992886714265057
intervalos,233,6,5.618683197294759
intervalos,233,7,5.775905870941107
intervalos,234,2,0.779326503707424
intervalos,234,3,2.0385414924572873
intervalos,234,4,3.6070112126037897
intervalos,234,5,4.956125690778898
intervalos,234,6,5.635335381812715
intervalos,234,7,5.763379114665927
intervalos,235,2,0.8061438786277846
intervalos,235,3,2.02741945404578
intervalos,235,4,3.4584933747042905
intervalos,235,5,4.8741068273345665
intervalos,235,6,5.619703611930163
intervalos,235,7,5.771730285516047
intervalos,236,2,0.8442990438194486
intervalos,236,3,2.1244217502715674
intervalos,236,4,3.6202260357367133
intervalos,236,5,4.967902078835487
intervalos,236,6,5.581215782129356
intervalos,236,7,5.763379114665926
intervalos,237,2,0.749340743452469
intervalos,237,3,2.018966520364398
intervalos,237,4,3.5372858393445954
intervalos,237,5,4.92998290684686
intervalos,237,6,5.650967151695265
intervalos,237,7,5.784257041791228
intervalos,238,2,0.8140366905084537
intervalos,238,3,2.1019513387437923
intervalos,238,4,3.6698056566603645
intervalos,238,5,5.056958229148258
intervalos,238,6,5.689454981496074
intervalos,238,7,5.7759058709411075
intervalos,239,2,0.8219683285195457
intervalos,239,3,2.1101520637441706
intervalos,239,4,3.6379497677007775
intervalos,239,5,4.978358030564716
intervalos,239,6,5.645232789818737
intervalos,239,7,5.784257041791226
intervalos,240,2,0.8143279942580394
intervalos,240,3,2.11346241801831
intervalos,240,4,3.6722842969337544
intervalos,240,5,5.034586587853687
intervalos,240,6,5.631172335683226
intervalos,240,7,5.775905870941106
intervalos,241,2,0.7700598203030499
intervalos,241,3,2.044796956812297
intervalos,241,4,3.5805330511756055
intervalos,241,5,4.953247289140281
intervalos,241,6,5.611928420782819
intervalos,241,7,5.784257041791228
intervalos,242,2,0.7492338074157221
intervalos,242,3,1.9587943299338306
intervalos,242,4,3.4440357474996075
intervalos,242,5,4.838435318777688
intervalos,242,6,5.602500526300577
intervalos,242,7,5.775905870941107
intervalos,243,2,0.7797581882937804
intervalos,243,3,2.065810639725704
intervalos,243,4,3.6204428187557833
intervalos,243,5,4.9643007486230735
intervalos,243,6,5.622846243424247
intervalos,243,7,5.76597865146519
intervalos,244,2,0.8297810693998371
intervalos,244,3,2.154030367117924
intervalos,244,4,3.7191642059396424
intervalos,244,5,5.049019444635746
intervalos,244,6,5.646253204454142
intervalos,244,7,5.792608212641348
intervalos,245,2,0.7797581882937804
intervalos,245,3,2.061715671429218
intervalos,245,4,3.6113705985843736
intervalos,245,5,5.03169384579655
intervalos,245,6,5.6369066975597555
intervalos,245,7,5.771730285516047
intervalos,246,2,0.8060712788401208
intervalos,246,3,2.095358206648964
intervalos,246,4,3.65270085083242
intervalos,246,5,5.049447139964257
intervalos,246,6,5.654579296713122
intervalos,246,7,5.784257041791228
intervalos,247,2,0.7888333596856465
intervalos,247,3,2.052025765436939
intervalos,247,4,3.578269979409006
intervalos,247,5,4.925987454346557
intervalos,247,6,5.635335381812712
intervalos,247,7,5.7842570417912285
intervalos,248,2,0.8510321732049154
intervalos,248,3,2.165772232539371
intervalos,248,4,3.706739061617178
intervalos,248,5,5.026178208054566
intervalos,248,6,5.5999087959181315
intervalos,248,7,5.7759058709411075
intervalos,249,2,0.79771703385051
intervalos,249,3,2.1070939491074814
intervalos,249,4,3.5770525977531005
intervalos,249,5,4.874829755908363
intervalos,249,6,5.592684505882416
intervalos,249,7,5.767554700090987
intervalos,250,2,0.8297810693998371
intervalos,250,3,2.133519812147015
intervalos,250,4,3.651854345175511
intervalos,250,5,5.027991336732275
intervalos,250,6,5.639498427942204
intervalos,250,7,5.763379114665927
intervalos,251,2,0.7889415959600679
intervalos,251,3,2.0715005658489085
intervalos,251,4,3.573666860352145
intervalos,251,5,4.914956178862588
intervalos,251,6,5.6139692500536365
intervalos,251,7,5.763379114665926
intervalos,252,2,0.8297810693998371
intervalos,252,3,2.144230513467419
intervalos,252,4,3.6725268104874518
intervalos,252,5,4.98572901592265
intervalos,252,6,5.591582703659152
intervalos,252,7,5.763379114665926
intervalos,253,2,0.8366131783667845
intervalos,253,3,2.1017568740774375
intervalos,253,4,3.636452578961551
intervalos,253,5,5.027268065571162
intervalos,253,6,5.665027605830771
intervalos,253,7,5.792608212641348
intervalos,254,2,0.8275813195091293
intervalos,254,3,2.1037029185890423
intervalos,254,4,3.6228507367107885
intervalos,254,5,4.969903567385719
intervalos,254,6,5.646253204454142
intervalos,254,7,5.784257041791227
intervalos,255,2,0.7691629959851665
intervalos,255,3,2.0712750713118075
intervalos,255,4,3.6349913105254226
intervalos,255,5,5.029986788174291
intervalos,255,6,5.709249797508113
intervalos,255,7,5.800959383491468
intervalos,256,2,0.7972827161949665
intervalos,256,3,2.077198118258412
intervalos,256,4,3.5441493825209562
intervalos,256,5,4.855262753988139
intervalos,256,6,5.5590908769792415
intervalos,256,7,5.771730285516047
intervalos,257,2,0.7970836107297171
intervalos,257,3,2.059894725168295
intervalos,257,4,3.4910976251897483
intervalos,257,5,4.836670446146436
intervalos,257,6,5.602843555132803
intervalos,257,7,5.775905870941107
intervalos,258,2,0.8219683285195457
intervalos,258,3,2.0439700958746334
intervalos,258,4,3.475742572291284
intervalos,258,5,4.816413060931087
intervalos,258,6,5.5384835186112
intervalos,258,7,5.780081456366167
intervalos,259,2,0.8441515879251735
intervalos,259,3,2.1048978834618435
intervalos,259,4,3.617754398410002
intervalos,259,5,5.027147654097195
intervalos,259,6,5.670211066595669
intervalos,259,7,5.800959383491468
intervalos,260,2,0.8140366905084537
intervalos,260,3,2.131383498468745
intervalos,260,4,3.7203285141392763
intervalos,260,5,5.101771290215222
intervalos,260,6,5.675945428472199
intervalos,260,7,5.792608212641348
intervalos,261,2,0.8037825281707907
intervalos,261,3,2.0568573443143494
intervalos,261,4,3.5014953436407588
intervalos,261,5,4.888612182131454
intervalos,261,6,5.551315685831892
intervalos,261,7,5.771730285516047
intervalos,262,2,0.779128605846846
intervalos,262,3,2.035851415713287
intervalos,262,4,3.549482542193136
intervalos,262,5,4.926093182814689
intervalos,262,6,5.6377192399157545
intervalos,262,7,5.792608212641348
intervalos,263,2,0.8291398225847795
intervalos,263,3,2.1162943585290117
intervalos,263,4,3.635367317205079
intervalos,263,5,5.043095001600038
intervalos,263,6,5.655130197824752
intervalos,263,7,5.780081456366167
intervalos,264,2,0.8143279942580394
intervalos,264,3,2.1055172290368103
intervalos,264,4,3.6602051696283273
intervalos,264,5,5.019435009526783
intervalos,264,6,5.661884974336688
intervalos,264,7,5.796783798066408
intervalos,265,2,0.8059623723673444
intervalos,265,3,2.1052362629380457
intervalos,265,4,3.654766128493431
intervalos,265,5,5.020071099667234
intervalos,265,6,5.666048020466181
intervalos,265,7,5.792608212641348
intervalos,266,2,0.805817151056502
intervalos,266,3,2.0863310786051725
intervalos,266,4,3.633173653811271
intervalos,266,5,4.997799492319895
intervalos,266,6,5.647824520201185
intervalos,266,7,5.792608212641348
intervalos,267,2,0.8428238013205763
intervalos,267,3,2.1426988780905774
intervalos,267,4,3.681337924900109
intervalos,267,5,5.044077643156555
intervalos,267,6,5.631172335683223
intervalos,267,7,5.767554700090985
intervalos,268,2,0.7976627512103487
intervalos,268,3,2.094933261405555
intervalos,268,4,3.6411724167329855
intervalos,268,5,5.008096450188269
intervalos,268,6,5.662905388972101
intervalos,268,7,5.784257041791228
intervalos,269,2,0.7977351276153795
intervalos,269,3,2.0735915342168436
intervalos,269,4,3.5863136145932732
intervalos,269,5,4.953682166481638
intervalos,269,6,5.597317065535679
intervalos,269,7,5.745100724339888
intervalos,270,2,0.8297810693998371
intervalos,270,3,2.0896741871200533
intervalos,270,4,3.608736641245764
intervalos,270,5,4.944069554800171
intervalos,270,6,5.646253204454146
intervalos,270,7,5.792608212641347
intervalos,271,2,0.7378521936374122
intervalos,271,3,1.9731902964698982
intervalos,271,4,3.5059622267218353
intervalos,271,5,4.8657634445572855
intervalos,271,6,5.604414870879843
intervalos,271,7,5.792608212641347
intervalos,272,2,0.8059623723673444
intervalos,272,3,2.1148836905412964
intervalos,272,4,3.6435601214821913
intervalos,272,5,5.085886196590037
intervalos,272,6,5.716555475131683
intervalos,272,7,5.805134968916528
intervalos,273,2,0.8441515879251735
intervalos,273,3,2.094292230536507
intervalos,273,4,3.5695701059314024
intervalos,273,5,4.928671459004435
intervalos,273,6,5.628029704189145
intervalos,273,7,5.796783798066408
intervalos,274,2,0.8219683285195457
intervalos,274,3,2.1235396648579687
intervalos,274,4,3.625597245717508
intervalos,274,5,4.98957652101658
intervalos,274,6,5.632192750318637
intervalos,274,7,5.792608212641348
intervalos,275,2,0.8214203198171
intervalos,275,3,2.095359873663812
intervalos,275,4,3.582572035627927
intervalos,275,5,4.94330770125217
intervalos,275,6,5.635335381812714
intervalos,275,7,5.7926082126413485
intervalos,276,2,0.786558546277596
intervalos,276,3,2.0131173629932535
intervalos,276,4,3.4824579707201244
intervalos,276,5,4.817778236098364
intervalos,276,6,5.570216571900071
intervalos,276,7,5.771730285516046
intervalos,277,2,0.7775984943232792
intervalos,277,3,1.9684475622548114
intervalos,277,4,3.350668187414305
intervalos,277,5,4.673853232385504
intervalos,277,6,5.505179149575287
intervalos,277,7,5.746676772965684
intervalos,278,2,0.8644512110957991
intervalos,278,3,2.1944847524467708
intervalos,278,4,3.6831402493734715
intervalos,278,5,5.042906641727515
intervalos,278,6,5.681679790348728
intervalos,278,7,5.800959383491468
intervalos,279,2,0.8578381202035714
intervalos,279,3,2.162595524439959
intervalos,279,4,3.654263819100091
intervalos,279,5,4.999708447915883
intervalos,279,6,5.614520151165269
intervalos,279,7,5.784257041791228
intervalos,280,2,0.7972827161949665
intervalos,280,3,2.0987442840196002
intervalos,280,4,3.6473792549090143
intervalos,280,5,4.993360516580617
intervalos,280,6,5.6197036119301655
intervalos,280,7,5.788432627216288
intervalos,281,2,0.8061438786277846
intervalos,281,3,2.0881305827065253
intervalos,281,4,3.574955718560827
intervalos,281,5,4.904544846628464
intervalos,281,6,5.580664881017726
intervalos,281,7,5.746676772965685
intervalos,282,2,0.8061801771636042
intervalos,282,3,2.087246763268573
intervalos,282,4,3.6339566216842862
intervalos,282,5,5.049674767398303
intervalos,282,6,5.6634562900837295
intervalos,282,7,5.7926082126413485
intervalos,283,2,0.8140366905084537
intervalos,283,3,2.079700038115192
intervalos,283,4,3.5861670095872866
intervalos,283,5,4.931785791387399
intervalos,283,6,5.605643157794659
intervalos,283,7,5.771730285516047
intervalos,284,2,0.7975722756576358
intervalos,284,3,2.0956689400713984
intervalos,284,4,3.594564475595804
intervalos,284,5,4.9270180093622145
intervalos,284,6,5.613969250053636
intervalos,284,7,5.76597865146519
intervalos,285,2,0.8297993865473396
intervalos,285,3,2.1337150222996284
intervalos,285,4,3.6801282909570485
intervalos,285,5,5.038735682281261
intervalos,285,6,5.670211066595668
intervalos,285,7,5.800959383491468
intervalos,286,2,0.7976627512103487
intervalos,286,3,2.058411260741737
intervalos,286,4,3.5923044554863925
intervalos,286,5,4.974675556439857
intervalos,286,6,5.643661474071695
intervalos,286,7,5.7759058709411075
intervalos,287,2,0.8037825281707907
intervalos,287,3,2.0934908616285828
intervalos,287,4,3.5960764538143497
intervalos,287,5,4.98466374296174
intervalos,287,6,5.643110572960061
intervalos,287,7,5.792608212641348
intervalos,288,2,0.7377988861933126
intervalos,288,3,1.9506677129560868
intervalos,288,4,3.4544962142568263
intervalos,288,5,4.8751151983514
intervalos,288,6,5.635335381812718
intervalos,288,7,5.771730285516046
intervalos,289,2,0.8143279942580394
intervalos,289,3,2.1294463476291643
intervalos,289,4,3.6181524010109305
intervalos,289,5,4.927809228921884
intervalos,289,6,5.6254379738066955
intervalos,289,7,5.792608212641347
intervalos,290,2,0.8436538122140398
intervalos,290,3,2.160314560612191
intervalos,290,4,3.6977574995070244
intervalos,290,5,5.040215455056791
intervalos,290,6,5.642090158324653
intervalos,290,7,5.784257041791228
intervalos,291,2,0.8059623723673444
intervalos,291,3,2.081423583216121
intervalos,291,4,3.586817871984256
intervalos,291,5,4.924073146816986
intervalos,291,6,5.594174434041602
intervalos,291,7,5.784257041791228
intervalos,292,2,0.8286266196187018
intervalos,292,3,2.1318089261503395
intervalos,292,4,3.7142129369672663
intervalos,292,5,5.080637111256302
intervalos,292,6,5.660313658589649
intervalos,292,7,5.788432627216288
intervalos,293,2,0.8141641430960396
intervalos,293,3,2.0990093156553327
intervalos,293,4,3.6244354090851867
intervalos,293,5,4.989947546240728
intervalos,293,6,5.6577219282072
intervalos,293,7,5.788432627216287
intervalos,294,2,0.8134356916869185
intervalos,294,3,2.082972844720879
intervalos,294,4,3.5816681889890707
intervalos,294,5,4.905307042763781
intervalos,294,6,5.609336690400372
intervalos,294,7,5.775905870941107
intervalos,295,2,0.821639548225098
intervalos,295,3,2.0958072025067436
intervalos,295,4,3.648101921985857
intervalos,295,5,5.0347198522542245
intervalos,295,6,5.656150612460159
intervalos,295,7,5.780081456366167
intervalos,296,2,0.8140366905084537
intervalos,296,3,2.078613272145857
intervalos,296,4,3.590982294328791
intervalos,296,5,4.949305444620018
intervalos,296,6,5.634314967177305
intervalos,296,7,5.780081456366166
intervalos,297,2,0.7974456004616027
intervalos,297,3,2.035412190273686
intervalos,297,4,3.558303227948041
intervalos,297,5,4.900012995347625
intervalos,297,6,5.609806203924149
intervalos,297,7,5.7759058709411075
intervalos,298,2,0.79771703385051
intervalos,298,3,2.0548620403405526
intervalos,298,4,3.583805913567832
intervalos,298,5,4.985975190804165
intervalos,298,6,5.629393147656782
intervalos,298,7,5.7759058709411075
intervalos,299,2,0.8142551738037669
intervalos,299,3,2.113956432624469
intervalos,299,4,3.585622124330899
intervalos,299,5,4.925639758025862
intervalos,299,6,5.633764066065677
intervalos,299,7,5.796783798066408
intervalos,300,2,0.7946740899350107
intervalos,300,3,2.0194167375094025
intervalos,300,4,3.55956740741071
intervalos,300,5,4.924661323498298
intervalos,300,6,5.678537158854648
intervalos,300,7,5.805134968916528
intervalos,301,2,0.7889415959600679
intervalos,301,3,2.069138595747016
intervalos,301,4,3.6129172254425708
intervalos,301,5,4.989999666728821
intervalos,301,6,5.659293243954246
intervalos,301,7,5.780081456366167
intervalos,302,2,0.8221509519454683
intervalos,302,3,2.0765448361573235
intervalos,302,4,3.570694736225827
intervalos,302,5,4.949231801700561
intervalos,302,6,5.635335381812716
intervalos,302,7,5.780081456366166
intervalos,303,2,0.7975722756576358
intervalos,303,3,2.048876773726474
intervalos,303,4,3.5490126155404718
intervalos,303,5,4.95579802939762
intervalos,303,6,5.650967151695264
intervalos,303,7,5.784257041791227
intervalos,304,2,0.8295062842620149
intervalos,304,3,2.1466470663864023
intervalos,304,4,3.699988074414703
intervalos,304,5,5.044680502843702
intervalos,304,6,5.650416250583634
intervalos,304,7,5.784257041791228
intervalos,305,2,0.79771703385051
intervalos,305,3,2.0468893088434146
intervalos,305,4,3.5417252108496413
intervalos,305,5,4.921594904574474
intervalos,305,6,5.6363557964481235
intervalos,305,7,5.784257041791227
intervalos,306,2,0.8138728064390374
intervalos,306,3,2.0921852925512767
intervalos,306,4,3.636316624694727
intervalos,306,5,5.037122645105192
intervalos,306,6,5.684063648451772
intervalos,306,7,5.784257041791228
intervalos,307,2,0.7977351276153795
intervalos,307,3,2.068239372350953
intervalos,307,4,3.5859917259495004
intervalos,307,5,4.916635700552442
intervalos,307,6,5.60462274315925
intervalos,307,7,5.796783798066407
intervalos,308,2,0.8370542510324834
intervalos,308,3,2.1390861396992236
intervalos,308,4,3.6653230822596448
intervalos,308,5,4.9972445460918875
intervalos,308,6,5.65457929671312
intervalos,308,7,5.805134968916528
intervalos,309,2,0.8286266196187018
intervalos,309,3,2.1176821712289287
intervalos,309,4,3.6376661013243012
intervalos,309,5,4.977514690516953
intervalos,309,6,5.609806203924149
intervalos,309,7,5.788432627216288
intervalos,310,2,0.769629412801218
intervalos,310,3,2.048088128929728
intervalos,310,4,3.5903535771861605
intervalos,310,5,5.0081832886216135
intervalos,310,6,5.674374112725159
intervalos,310,7,5.796783798066407
intervalos,311,2,0.8367969750957321
intervalos,311,3,2.1794483451625837
intervalos,311,4,3.7602899081390544
intervalos,311,5,5.0034687719891515
intervalos,311,6,5.633764066065672
intervalos,311,7,5.780081456366166
intervalos,312,2,0.7946740899350107
intervalos,312,3,2.034312721379255
intervalos,312,4,3.532902027191224
intervalos,312,5,4.881877629501289
intervalos,312,6,5.573359203394155
intervalos,312,7,5.767554700090987
intervalos,313,2,0.7876422320957379
intervalos,313,3,2.051875146940493
intervalos,313,4,3.5752237259330517
intervalos,313,5,4.875746279145586
intervalos,313,6,5.605173644270884
intervalos,313,7,5.788432627216288
intervalos,314,2,0.805817151056502
intervalos,314,3,2.0706054003667096
intervalos,314,4,3.5490478968542774
intervalos,314,5,4.897630922610709
intervalos,314,6,5.627009289553737
intervalos,314,7,5.784257041791228
intervalos,315,2,0.8442990438194486
intervalos,315,3,2.118279375555246
intervalos,315,4,3.6291501063537424
intervalos,315,5,4.941002793289029
intervalos,315,6,5.587211785250256
intervalos,315,7,5.775905870941107
intervalos,316,2,0.7888333596856465
intervalos,316,3,2.0491173696608147
intervalos,316,4,3.5891096593336793
intervalos,316,5,4.983814708393079
intervalos,316,6,5.636355796448125
intervalos,316,7,5.775905870941107
intervalos,317,2,0.8371277499858092
intervalos,317,3,2.1405408873134313
intervalos,317,4,3.647629032097836
intervalos,317,5,5.019000132185426
intervalos,317,6,5.6248870726950635
intervalos,317,7,5.7759058709411075
intervalos,318,2,0.8048728589448317
intervalos,318,3,2.099232781986997
intervalos,318,4,3.5898009633703434
intervalos,318,5,4.8682548823136855
intervalos,318,6,5.560870065005681
intervalos,318,7,5.755027943815805
intervalos,319,2,0.8061801771636042
intervalos,319,3,2.075425922493877
intervalos,319,4,3.5847497100828605
intervalos,319,5,4.959808164903757
intervalos,319,6,5.643661474071693
intervalos,319,7,5.784257041791227
intervalos,320,2,0.8644512110957991
intervalos,320,3,2.1879509805670696
intervalos,320,4,3.751418478170624
intervalos,320,5,5.10253348635054
intervalos,320,6,5.671782382342708
intervalos,320,7,5.784257041791227
intervalos,321,2,0.769629412801218
intervalos,321,3,2.04079134193852
intervalos,321,4,3.5463925119490947
intervalos,321,5,4.922164533808314
intervalos,321,6,5.641069743689247
intervalos,321,7,5.788432627216288
intervalos,322,2,0.8371644980533753
intervalos,322,3,2.1255987618666903
intervalos,322,4,3.6381969338493647
intervalos,322,5,4.946185417716154
intervalos,322,6,5.607214473541702
intervalos,322,7,5.763379114665926
intervalos,323,2,0.7884003345511748
intervalos,323,3,2.0438923676078113
intervalos,323,4,3.5372450686324783
intervalos,323,5,4.91441262167638
intervalos,323,6,5.649395835948221
intervalos,323,7,5.788432627216287
intervalos,324,2,0.7701674025299572
intervalos,324,3,2.0602792569032236
intervalos,324,4,3.624479584318307
intervalos,324,5,5.027427402019333
intervalos,324,6,5.680108474601684
intervalos,324,7,5.7926082126413485
intervalos,325,2,0.7959246394590296
intervalos,325,3,2.0586343037344883
intervalos,325,4,3.5267132983681924
intervalos,325,5,4.811498595748971
intervalos,325,6,5.539034419722831
intervalos,325,7,5.7268223340138515
intervalos,326,2,0.8297261165613208
intervalos,326,3,2.126051685909115
intervalos,326,4,3.662866876931136
intervalos,326,5,5.003048920240946
intervalos,326,6,5.640518842577614
intervalos,326,7,5.792608212641348
intervalos,327,2,0.8221509519454682
intervalos,327,3,2.1511850673649167
intervalos,327,4,3.66916942304311
intervalos,327,5,5.009026628669376
intervalos,327,6,5.655130197824753
intervalos,327,7,5.796783798066408
intervalos,328,2,0.851254049771509
intervalos,328,3,2.1797980522129348
intervalos,328,4,3.7802551756641867
intervalos,328,5,5.137713558209304
intervalos,328,6,5.7066580671256615
intervalos,328,7,5.796783798066408
intervalos,329,2,0.8138728064390374
intervalos,329,3,2.0929465324927943
intervalos,329,4,3.5972767264913124
intervalos,329,5,4.931081752848391
intervalos,329,6,5.629601019936187
intervalos,329,7,5.763379114665927
intervalos,330,2,0.8297810693998371
intervalos,330,3,2.1345989557078524
intervalos,330,4,3.69908526775429
intervalos,330,5,4.997934244212379
intervalos,330,6,5.633764066065677
intervalos,330,7,5.775905870941107
intervalos,331,2,0.8060712788401208
intervalos,331,3,2.092693836766981
intervalos,331,4,3.631366940759011
intervalos,331,5,4.974930719806308
intervalos,331,6,5.577314377244234
intervalos,331,7,5.771730285516047
intervalos,332,2,0.8370542510324834
intervalos,332,3,2.122839128257747
intervalos,332,4,3.6191278419767485
intervalos,332,5,5.021049534194798
intervalos,332,6,5.706658067125662
intervalos,332,7,5.792608212641347
intervalos,333,2,0.7591855904019076
intervalos,333,3,1.9821744397758345
intervalos,333,4,3.5094866072669166
intervalos,333,5,4.91386620200118
intervalos,333,6,5.591166959100342
intervalos,333,7,5.767554700090987
intervalos,334,2,0.7976627512103487
intervalos,334,3,2.0626099337469532
intervalos,334,4,3.5851279858678846
intervalos,334,5,4.926984778908909
intervalos,334,6,5.606663572430069
intervalos,334,7,5.792608212641347
intervalos,335,2,0.7377988861933126
intervalos,335,3,1.95082424518899
intervalos,335,4,3.3685865939231707
intervalos,335,5,4.758451174336894
intervalos,335,6,5.544217880487729
intervalos,335,7,5.771730285516046
intervalos,336,2,0.8293413880369835
intervalos,336,3,2.133022534463736
intervalos,336,4,3.634593947919826
intervalos,336,5,4.9540909717753605
intervalos,336,6,5.620254513041798
intervalos,336,7,5.7842570417912285
intervalos,337,2,0.7599902530078912
intervalos,337,3,2.0212467627698327
intervalos,337,4,3.5869204152551437
intervalos,337,5,5.005002152744722
intervalos,337,6,5.679557573490054
intervalos,337,7,5.792608212641348
intervalos,338,2,0.7797581882937804
intervalos,338,3,2.0237167976458883
intervalos,338,4,3.472601101484599
intervalos,338,5,4.848156952891322
intervalos,338,6,5.5481730543378145
intervalos,338,7,5.78268099316543
intervalos,339,2,0.79771703385051
intervalos,339,3,2.0569392787254106
intervalos,339,4,3.513683569768092
intervalos,339,5,4.9043187066863645
intervalos,339,6,5.59629665090027
intervalos,339,7,5.771730285516047
intervalos,340,2,0.8440225515695328
intervalos,340,3,2.147380544841273
intervalos,340,4,3.667204557042068
intervalos,340,5,4.96175604547395
intervalos,340,6,5.569196157264665
intervalos,340,7,5.738325602115565
intervalos,341,2,0.8296345238431255
intervalos,341,3,2.1596311203890313
intervalos,341,4,3.7003812091037505
intervalos,341,5,5.0137321568169035
intervalos,341,6,5.646804105565773
intervalos,341,7,5.796783798066408
intervalos,342,2,0.7889055180908568
intervalos,342,3,2.059792706914914
intervalos,342,4,3.6100414839483728
intervalos,342,5,5.028366568985376
intervalos,342,6,5.671782382342709
intervalos,342,7,5.788432627216286
intervalos,343,2,0.7888333596856465
intervalos,343,3,2.0897801149531157
intervalos,343,4,3.672302139041257
intervalos,343,5,5.043903966289867
intervalos,343,6,5.655130197824753
intervalos,343,7,5.784257041791227
intervalos,344,2,0.8141641430960396
intervalos,344,3,2.1235967936804734
intervalos,344,4,3.631444690806518
intervalos,344,5,4.901946192911984
intervalos,344,6,5.590011387912111
intervalos,344,7,5.7759058709411075
intervalos,345,2,0.8371277499858092
intervalos,345,3,2.151039689605518
intervalos,345,4,3.5832170065711777
intervalos,345,5,4.922620909973861
intervalos,345,6,5.636355796448125
intervalos,345,7,5.780081456366166
intervalos,346,2,0.822187473863921
intervalos,346,3,2.124310228550728
intervalos,346,4,3.6486866444210437
intervalos,346,5,5.00155446445958
intervalos,346,6,5.635335381812711
intervalos,346,7,5.784257041791228
intervalos,347,2,0.8134356916869185
intervalos,347,3,2.0944582298636787
intervalos,347,4,3.5971795735572503
intervalos,347,5,4.9373538922047935
intervalos,347,6,5.61035710503578
intervalos,347,7,5.784257041791228
intervalos,348,2,0.7378521936374122
intervalos,348,3,1.9770440814965418
intervalos,348,4,3.4881832189573756
intervalos,348,5,4.8632998853206075
intervalos,348,6,5.559298749258647
intervalos,348,7,5.749276309764951
intervalos,349,2,0.7796143075310533
intervalos,349,3,2.113050453210991
intervalos,349,4,3.688992532520427
intervalos,349,5,5.084526835288472
intervalos,349,6,5.683251106095767
intervalos,349,7,5.796783798066408
intervalos,350,2,0.8143097894870892
intervalos,350,3,2.127128543536775
intervalos,350,4,3.6709383890468117
intervalos,350,5,5.057888750216682
intervalos,350,6,5.646253204454141
intervalos,350,7,5.77432982231531
intervalos,351,2,0.7701674025299572
intervalos,351,3,2.0296554971619574
intervalos,351,4,3.5323823067963183
intervalos,351,5,4.88575415801957
intervalos,351,6,5.624417559171291
intervalos,351,7,5.788432627216287
intervalos,352,2,0.7955441511070098
intervalos,352,3,2.105194333702012
intervalos,352,4,3.6463922482994247
intervalos,352,5,5.066324665948208
intervalos,352,6,5.691026297243114
intervalos,352,7,5.796783798066408
intervalos,353,2,0.8134356916869185
intervalos,353,3,2.0933759487712376
intervalos,353,4,3.6000378549833743
intervalos,353,5,4.943205837225674
intervalos,353,6,5.593704920517821
intervalos,353,7,5.750852358390746
intervalos,354,2,0.7884003345511748
intervalos,354,3,2.085318021926403
intervalos,354,4,3.5974666731270286
intervalos,354,5,4.996680611378947
intervalos,354,6,5.6493958359482255
intervalos,354,7,5.800959383491468
intervalos,355,2,0.8141641430960396
intervalos,355,3,2.068545695021016
intervalos,355,4,3.5433598098671513
intervalos,355,5,4.946305829190121
intervalos,355,6,5.586399242894256
intervalos,355,7,5.771730285516048
intervalos,356,2,0.8297810693998371
intervalos,356,3,2.130506301312617
intervalos,356,4,3.686570660703173
intervalos,356,5,5.038153200120848
intervalos,356,6,5.672802796978116
intervalos,356,7,5.805134968916528
intervalos,357,2,0.7977351276153795
intervalos,357,3,2.055970315431348
intervalos,357,4,3.6055880430743623
intervalos,357,5,5.003676021896462
intervalos,357,6,5.645232789818733
intervalos,357,7,5.788432627216287
intervalos,358,2,0.8499222729444391
intervalos,358,3,2.1375362779498213
intervalos,358,4,3.627342301971207
intervalos,358,5,4.958877643835333
intervalos,358,6,5.66604802046618
intervalos,358,7,5.792608212641348
intervalos,359,2,0.74898425998417
intervalos,359,3,2.0121674534621157
intervalos,359,4,3.5120946608681205
intervalos,359,5,4.884587363619483
intervalos,359,6,5.615071052276901
intervalos,359,7,5.77850540774037
intervalos,360,2,0.8059623723673444
intervalos,360,3,2.098199801330786
intervalos,360,4,3.577201516037058
intervalos,360,5,4.899139256878462
intervalos,360,6,5.627009289553739
intervalos,360,7,5.784257041791227
intervalos,361,2,0.8220779053420825
intervalos,361,3,2.090216219324587
intervalos,361,4,3.6041868656326277
intervalos,361,5,4.942443641090357
intervalos,361,6,5.635335381812718
intervalos,361,7,5.7926082126413485
intervalos,362,2,0.7698087645469867
intervalos,362,3,2.0084635811443246
intervalos,362,4,3.5120801482311226
intervalos,362,5,4.927693367064188
intervalos,362,6,5.638478013306794
intervalos,362,7,5.788432627216287
intervalos,363,2,0.8297261165613208
intervalos,363,3,2.1090344844156683
intervalos,363,4,3.588488429655825
intervalos,363,5,4.843678709590524
intervalos,363,6,5.582236196764763
intervalos,363,7,5.767554700090985
intervalos,364,2,0.8142551738037669
intervalos,364,3,2.1010068693181774
intervalos,364,4,3.6211245761841324
intervalos,364,5,4.9809956092554
intervalos,364,6,5.649395835948225
intervalos,364,7,5.780081456366167
intervalos,365,2,0.8370542510324834
intervalos,365,3,2.1405665565723524
intervalos,365,4,3.676898994921055
intervalos,365,5,5.104469635291618
intervalos,365,6,5.671231481231079
intervalos,365,7,5.771730285516046
intervalos,366,2,0.8441515879251735
intervalos,366,3,2.1641511872370054
intervalos,366,4,3.6560154365753657
intervalos,366,5,4.980581109440777
intervalos,366,6,5.659293243954245
intervalos,366,7,5.7842570417912285
intervalos,367,2,0.779776172398122
intervalos,367,3,2.038215473884225
intervalos,367,4,3.568813596782682
intervalos,367,5,4.97859885351265
intervalos,367,6,5.628580605300777
intervalos,367,7,5.780081456366166
intervalos,368,2,0.8143097894870892
intervalos,368,3,2.0859169746154667
intervalos,368,4,3.5968773505827474
intervalos,368,5,4.912605187519571
intervalos,368,6,5.629601019936186
intervalos,368,7,5.796783798066407
intervalos,369,2,0.8297810693998371
intervalos,369,3,2.1611502239348583
intervalos,369,4,3.7050048988756967
intervalos,369,5,5.070133246067933
intervalos,369,6,5.698331974866684
intervalos,369,7,5.792608212641348
intervalos,370,2,0.7698087645469867
intervalos,370,3,2.040816851226583
intervalos,370,4,3.617176122397951
intervalos,370,5,5.010356966546588
intervalos,370,6,5.667619336213221
intervalos,370,7,5.796783798066408
intervalos,371,2,0.7797042346595202
intervalos,371,3,2.0603751310360656
intervalos,371,4,3.6045238303071154
intervalos,371,5,4.9963922175591895
intervalos,371,6,5.641069743689243
intervalos,371,7,5.792608212641347
intervalos,372,2,0.8440225515695329
intervalos,372,3,2.1238042941719466
intervalos,372,4,3.623432391958534
intervalos,372,5,5.0069107657533936
intervalos,372,6,5.6587423428426105
intervalos,372,7,5.77432982231531
intervalos,373,2,0.8371277499858092
intervalos,373,3,2.15304759463378
intervalos,373,4,3.7212114270965126
intervalos,373,5,5.022253766077145
intervalos,373,6,5.625230101527291
intervalos,373,7,5.775905870941107
intervalos,374,2,0.8371277499858092
intervalos,374,3,2.157234260555312
intervalos,374,4,3.697963209780475
intervalos,374,5,5.091555818846611
intervalos,374,6,5.690005882607706
intervalos,374,7,5.800959383491469
intervalos,375,2,0.822187473863921
intervalos,375,3,2.0803036366260743
intervalos,375,4,3.5694264492644066
intervalos,375,5,4.921186099280751
intervalos,375,6,5.5960887786208655
intervalos,375,7,5.792608212641348
intervalos,376,2,0.8369439955557143
intervalos,376,3,2.170381121178502
intervalos,376,4,3.700897002525835
intervalos,376,5,5.030796897768749
intervalos,376,6,5.6478245202011825
intervalos,376,7,5.784257041791228
intervalos,377,2,0.8706570654913888
intervalos,377,3,2.179706789670217
intervalos,377,4,3.660338334985064
intervalos,377,5,4.912981104947305
intervalos,377,6,5.561420966117317
intervalos,377,7,5.771730285516047
intervalos,378,2,0.8275813195091293
intervalos,378,3,2.106944861518338
intervalos,378,4,3.5864242588291324
intervalos,378,5,4.939484095539294
intervalos,378,6,5.630151921047819
intervalos,378,7,5.792608212641348
intervalos,379,2,0.7889415959600679
intervalos,379,3,2.0730374181682407
intervalos,379,4,3.5531370711346364
intervalos,379,5,4.891745061961889
intervalos,379,6,5.60674496001792
intervalos,379,7,5.763379114665927
intervalos,380,2,0.857708277108884
intervalos,380,3,2.159223869121411
intervalos,380,4,3.686835628096468
intervalos,380,5,4.9784452115853775
intervalos,380,6,5.575535189217794
intervalos,380,7,5.76180306604013
intervalos,381,2,0.7485920290763748
intervalos,381,3,2.0261262352087615
intervalos,381,4,3.5773522781562894
intervalos,381,5,4.981491252982468
intervalos,381,6,5.6592932439542425
intervalos,381,7,5.77850540774037
intervalos,382,2,0.7977351276153795
intervalos,382,3,2.0639532569201657
intervalos,382,4,3.5543055162758286
intervalos,382,5,4.843009388996766
intervalos,382,6,5.608785789288741
intervalos,382,7,5.7759058709411075
intervalos,383,2,0.8289015725141344
intervalos,383,3,2.109364905606075
intervalos,383,4,3.641241500240407
intervalos,383,5,4.992328816660331
intervalos,383,6,5.61452015116527
intervalos,383,7,5.784257041791228
intervalos,384,2,0.8060712788401208
intervalos,384,3,2.118870467260863
intervalos,384,4,3.6645124619963614
intervalos,384,5,5.021565212861283
intervalos,384,6,5.671782382342709
intervalos,384,7,5.788432627216287
intervalos,385,2,0.779326503707424
intervalos,385,3,2.0126250193446635
intervalos,385,4,3.4569865998044342
intervalos,385,5,4.809255481933493
intervalos,385,6,5.629601019936184
intervalos,385,7,5.788432627216288
intervalos,386,2,0.8221509519454682
intervalos,386,3,2.121323719756976
intervalos,386,4,3.618947841550416
intervalos,386,5,4.986485517537068
intervalos,386,6,5.663456290083731
intervalos,386,7,5.784257041791227
intervalos,387,2,0.821639548225098
intervalos,387,3,2.120551232916672
intervalos,387,4,3.674975895215129
intervalos,387,5,5.046955702207857
intervalos,387,6,5.653558882077714
intervalos,387,7,5.792608212641347
intervalos,388,2,0.8051634756852311
intervalos,388,3,2.089678630084806
intervalos,388,4,3.657048995778881
intervalos,388,5,5.057059750587437
intervalos,388,6,5.66604802046618
intervalos,388,7,5.78268099316543
intervalos,389,2,0.8059623723673444
intervalos,389,3,2.1092940350006937
intervalos,389,4,3.6312233244125767
intervalos,389,5,4.978204731224761
intervalos,389,6,5.622295342312617
intervalos,389,7,5.780081456366167
intervalos,390,2,0.8363925912519334
intervalos,390,3,2.1349663906295313
intervalos,390,4,3.669925458940665
intervalos,390,5,4.992964906800783
intervalos,390,6,5.6478245202011825
intervalos,390,7,5.796783798066408
intervalos,391,2,0.8061801771636042
intervalos,391,3,2.0681881568708707
intervalos,391,4,3.5793356924977733
intervalos,391,5,4.95024916120233
intervalos,391,6,5.612948835418227
intervalos,391,7,5.771730285516047
intervalos,392,2,0.7889415959600679
intervalos,392,3,2.019157534482057
intervalos,392,4,3.4973263847347233
intervalos,392,5,4.903479573667554
intervalos,392,6,5.62598887491833
intervalos,392,7,5.800959383491468
intervalos,393,2,0.8060712788401208
intervalos,393,3,2.072732972519789
intervalos,393,4,3.565922246582512
intervalos,393,5,4.933806169972419
intervalos,393,6,5.6405188425776105
intervalos,393,7,5.784257041791227
intervalos,394,2,0.7797042346595202
intervalos,394,3,2.0660478371486772
intervalos,394,4,3.580139079653881
intervalos,394,5,4.907510086700425
intervalos,394,6,5.622846243424246
intervalos,394,7,5.780081456366167
intervalos,395,2,0.7976627512103487
intervalos,395,3,2.0851951534610893
intervalos,395,4,3.6505245982549552
intervalos,395,5,5.014956766225984
intervalos,395,6,5.666048020466177
intervalos,395,7,5.784257041791226
intervalos,396,2,0.8061801771636042
intervalos,396,3,2.0549894804768183
intervalos,396,4,3.52100920067524
intervalos,396,5,4.87618047131231
intervalos,396,6,5.602031012776805
intervalos,396,7,5.788432627216288
intervalos,397,2,0.8579864978168393
intervalos,397,3,2.15706861342198
intervalos,397,4,3.666011346300119
intervalos,397,5,5.031799916852
intervalos,397,6,5.671782382342711
intervalos,397,7,5.792608212641348
intervalos,398,2,0.7889415959600679
intervalos,398,3,2.018726217222509
intervalos,398,4,3.470213835444451
intervalos,398,5,4.859278360772671
intervalos,398,6,5.612948835418226
intervalos,398,7,5.775905870941107
intervalos,399,2,0.8061801771636042
intervalos,399,3,2.0911182496421628
intervalos,399,4,3.6124535819646937
intervalos,399,5,4.976464100561879
intervalos,399,6,5.612479321894454
intervalos,399,7,5.7759058709411075
intervalos,400,2,0.7485920290763747
intervalos,400,3,1.9928541641042035
intervalos,400,4,3.5144356270804575
intervalos,400,5,4.877297864761311
intervalos,400,6,5.636355796448122
intervalos,400,7,5.771730285516047
intervalos,401,2,0.779326503707424
intervalos,401,3,1.9953103402319563
intervalos,401,4,3.5183308787588157
intervalos,401,5,4.964942533284424
intervalos,401,6,5.600459697029757
intervalos,401,7,5.767554700090987
intervalos,402,2,0.7976627512103487
intervalos,402,3,2.1108294458282275
intervalos,402,4,3.6766393762671923
intervalos,402,5,5.0474717234616575
intervalos,402,6,5.666048020466178
intervalos,402,7,5.784257041791228
intervalos,403,2,0.821639548225098
intervalos,403,3,2.078648674749461
intervalos,403,4,3.5970985832647133
intervalos,403,5,5.00991493079956
intervalos,403,6,5.6210670553978
intervalos,403,7,5.775905870941107
intervalos,404,2,0.8061801771636042
intervalos,404,3,2.081519756664686
intervalos,404,4,3.5650376669756465
intervalos,404,5,4.912263185719775
intervalos,404,6,5.633764066065673
intervalos,404,7,5.780081456366167
intervalos,405,2,0.7700598203030499
intervalos,405,3,2.0381963756245605
intervalos,405,4,3.546124252413106
intervalos,405,5,4.902149578377659
intervalos,405,6,5.622295342312617
intervalos,405,7,5.788432627216287
intervalos,406,2,0.8370542510324834
intervalos,406,3,2.129552178469117
intervalos,406,4,3.6282584677440335
intervalos,406,5,4.97768301545006
intervalos,406,6,5.639498427942206
intervalos,406,7,5.7842570417912285
intervalos,407,2,0.822187473863921
intervalos,407,3,2.136770512809004
intervalos,407,4,3.6831387691943824
intervalos,407,5,5.0677232948112945
intervalos,407,6,5.683251106095767
intervalos,407,7,5.800959383491468
intervalos,408,2,0.779128605846846
intervalos,408,3,2.045098112452492
intervalos,408,4,3.532632180888366
intervalos,408,5,4.84779036653584
intervalos,408,6,5.569800827341259
intervalos,408,7,5.7759058709411075
intervalos,409,2,0.7364300068776443
intervalos,409,3,1.9674578566226082
intervalos,409,4,3.5183559415434575
intervalos,409,5,4.980975574315982
intervalos,409,6,5.6436614740716955
intervalos,409,7,5.784257041791228
intervalos,410,2,0.7881837739320228
intervalos,410,3,2.04544781880073
intervalos,410,4,3.534205115605758
intervalos,410,5,4.903767967487311
intervalos,410,6,5.633764066065676
intervalos,410,7,5.7759058709411075
intervalos,411,2,0.7889415959600679
intervalos,411,3,2.0502601080649634
intervalos,411,4,3.5621856873265054
intervalos,411,5,4.952833131912976
intervalos,411,6,5.618132296183127
intervalos,411,7,5.7842570417912285
intervalos,412,2,0.7796143075310533
intervalos,412,3,2.067938669806529
intervalos,412,4,3.598917972248331
intervalos,412,5,4.984852102834265
intervalos,412,6,5.611377519671187
intervalos,412,7,5.7759058709411075
intervalos,413,2,0.8054177176871709
intervalos,413,3,2.1166962675206027
intervalos,413,4,3.6665402550947115
intervalos,413,5,5.038702451827955
intervalos,413,6,5.6801084746016866
intervalos,413,7,5.780081456366166
intervalos,414,2,0.779128605846846
intervalos,414,3,2.0108569914712335
intervalos,414,4,3.4788197645683967
intervalos,414,5,4.852916089018888
intervalos,414,6,5.585848341782622
intervalos,414,7,5.763379114665926
intervalos,415,2,0.7974456004616027
intervalos,415,3,2.1223843496412385
intervalos,415,4,3.676675291920861
intervalos,415,5,5.062387028456898
intervalos,415,6,5.671782382342708
intervalos,415,7,5.800959383491468
intervalos,416,2,0.7797042346595202
intervalos,416,3,2.063343467981928
intervalos,416,4,3.5757361581442164
intervalos,416,5,4.957932782348391
intervalos,416,6,5.617111881547718
intervalos,416,7,5.780081456366167
intervalos,417,2,0.8367969750957321
intervalos,417,3,2.1399651632530166
intervalos,417,4,3.664197899117978
intervalos,417,5,5.02807817516562
intervalos,417,6,5.66659892157781
intervalos,417,7,5.788432627216288
intervalos,418,2,0.7797042346595202
intervalos,418,3,2.030272589177418
intervalos,418,4,3.514591422703352
intervalos,418,5,4.8552538848480165
intervalos,418,6,5.573359203394155
intervalos,418,7,5.771730285516047
intervalos,419,2,0.7600617573655877
intervalos,419,3,1.974484411766492
intervalos,419,4,3.4661200624364663
intervalos,419,5,4.881762912548221
intervalos,419,6,5.6337640660656785
intervalos,419,7,5.784257041791228
intervalos,420,2,0.8138728064390374
intervalos,420,3,2.1064380866994266
intervalos,420,4,3.6487381465785274
intervalos,420,5,5.0604002229125
intervalos,420,6,5.665497119354545
intervalos,420,7,5.792608212641348
intervalos,421,2,0.8041824111644948
intervalos,421,3,2.0452708102979202
intervalos,421,4,3.5289563476504373
intervalos,421,5,4.847454059256943
intervalos,421,6,5.556237505352422
intervalos,421,7,5.750852358390745
intervalos,422,2,0.7596147983445758
intervalos,422,3,2.0239994696408004
intervalos,422,4,3.500122420892406
intervalos,422,5,4.896658182604044
intervalos,422,6,5.631172335683227
intervalos,422,7,5.780081456366167
intervalos,423,2,0.7968482692316936
intervalos,423,3,2.075040533212585
intervalos,423,4,3.5670108248524106
intervalos,423,5,4.988621415392468
intervalos,423,6,5.6212749276772085
intervalos,423,7,5.771730285516048
intervalos,424,2,0.8136724785349556
intervalos,424,3,2.0673308575003864
intervalos,424,4,3.550325866942102
intervalos,424,5,4.9040824333547
intervalos,424,6,5.613499736529858
intervalos,424,7,5.792608212641348
intervalos,425,2,0.7796143075310533
intervalos,425,3,2.0324007024737534
intervalos,425,4,3.5750405125493847
intervalos,425,5,4.994585125989698
intervalos,425,6,5.691577198354745
intervalos,425,7,5.800959383491468
intervalos,426,2,0.79771703385051
intervalos,426,3,2.052999235685248
intervalos,426,4,3.5254795035821376
intervalos,426,5,4.836964534487092
intervalos,426,6,5.552336100467301
intervalos,426,7,5.759203529240867
intervalos,427,2,0.8295062842620149
intervalos,427,3,2.0916519079717464
intervalos,427,4,3.607033279474948
intervalos,427,5,4.95255759101979
intervalos,427,6,5.618683197294758
intervalos,427,7,5.788432627216288
intervalos,428,2,0.7975722756576358
intervalos,428,3,2.076862665560038
intervalos,428,4,3.608299981450625
intervalos,428,5,4.909031735826881
intervalos,428,6,5.564563597611398
intervalos,428,7,5.775905870941107
intervalos,429,2,0.8218222131733859
intervalos,429,3,2.1230799665580604
intervalos,429,4,3.6277630560018705
intervalos,429,5,4.954519812008501
intervalos,429,6,5.6212749276772085
intervalos,429,7,5.780081456366167
intervalos,430,2,0.8140366905084537
intervalos,430,3,2.110345422767612
intervalos,430,4,3.6144152374075404
intervalos,430,5,4.949993997835879
intervalos,430,6,5.625988874918328
intervalos,430,7,5.780081456366167
intervalos,431,2,0.8061801771636042
intervalos,431,3,2.0661608868172485
intervalos,431,4,3.6054309301799523
intervalos,431,5,4.9621848857070905
intervalos,431,6,5.661884974336691
intervalos,431,7,5.792608212641348
intervalos,432,2,0.8208721032570807
intervalos,432,3,2.10430763664012
intervalos,432,4,3.6315697883955718
intervalos,432,5,4.97247285509053
intervalos,432,6,5.6691906519602595
intervalos,432,7,5.796783798066408
intervalos,433,2,0.8441515879251735
intervalos,433,3,2.1391891804065146
intervalos,433,4,3.6736413854134145
intervalos,433,5,5.023252235544126
intervalos,433,6,5.687414152225257
intervalos,433,7,5.796783798066407
intervalos,434,2,0.7489842599841701
intervalos,434,3,1.9965787133335091
intervalos,434,4,3.5248141201232674
intervalos,434,5,4.9206454934712625
intervalos,434,6,5.632743651430265
intervalos,434,7,5.788432627216288
intervalos,435,2,0.8434140807144402
intervalos,435,3,2.1199287964910356
intervalos,435,4,3.6251631934516175
intervalos,435,5,4.984075223693113
intervalos,435,6,5.642641059436283
intervalos,435,7,5.796783798066407
intervalos,436,2,0.8140366905084537
intervalos,436,3,2.1210558898465184
intervalos,436,4,3.6599917548117866
intervalos,436,5,5.055184368032071
intervalos,436,6,5.661884974336689
intervalos,436,7,5.780081456366167
intervalos,437,2,0.8370542510324834
intervalos,437,3,2.146070822903456
intervalos,437,4,3.6390152545449457
intervalos,437,5,4.939517668579916
intervalos,437,6,5.568726643740888
intervalos,437,7,5.750852358390746
intervalos,438,2,0.8219683285195457
intervalos,438,3,2.092044300166694
intervalos,438,4,3.5789336849175912
intervalos,438,5,4.98882866529978
intervalos,438,6,5.670211066595669
intervalos,438,7,5.800959383491468
intervalos,439,2,0.79771703385051
intervalos,439,3,2.0949436915598243
intervalos,439,4,3.611871214492056
intervalos,439,5,4.983487047011801
intervalos,439,6,5.682700204984138
intervalos,439,7,5.788432627216288
intervalos,440,2,0.8297993865473396
intervalos,440,3,2.1284289878569287
intervalos,440,4,3.5801274328942108
intervalos,440,5,4.937575482530622
intervalos,440,6,5.666598921577811
intervalos,440,7,5.796783798066407
intervalos,441,2,0.7970836107297171
intervalos,441,3,2.081767756987871
intervalos,441,4,3.651993267612202
intervalos,441,5,5.05843800192379
intervalos,441,6,5.670211066595671
intervalos,441,7,5.784257041791227
intervalos,442,2,0.8637812493958046
intervalos,442,3,2.1548399330540047
intervalos,442,4,3.6792757556437232
intervalos,442,5,5.044419644956352
intervalos,442,6,5.6587423428426105
intervalos,442,7,5.788432627216288
intervalos,443,2,0.8371644980533753
intervalos,443,3,2.0791435624327197
intervalos,443,4,3.5697573063585435
intervalos,443,5,4.936216121229058
intervalos,443,6,5.612397934306596
intervalos,443,7,5.792608212641348
intervalos,444,2,0.7473790216254326
intervalos,444,3,2.0151033514677823
intervalos,444,4,3.4711706222570053
intervalos,444,5,4.892353958757252
intervalos,444,6,5.604622743159251
intervalos,444,7,5.7759058709411075
intervalos,445,2,0.8059623723673444
intervalos,445,3,2.0838506906608756
intervalos,445,4,3.6171565985513627
intervalos,445,5,4.973210466670161
intervalos,445,6,5.620254513041796
intervalos,445,7,5.780081456366166
intervalos,446,2,0.7884003345511748
intervalos,446,3,2.0436044464906176
intervalos,446,4,3.556155179837051
intervalos,446,5,4.91580521343125
intervalos,446,6,5.617111881547717
intervalos,446,7,5.771730285516046
intervalos,447,2,0.7972827161949665
intervalos,447,3,2.062751127745285
intervalos,447,4,3.567372957311538
intervalos,447,5,4.963751496915966
intervalos,447,6,5.648844934836593
intervalos,447,7,5.7926082126413485
intervalos,448,2,0.7976627512103487
intervalos,448,3,2.050094835256717
intervalos,448,4,3.5736022091969883
intervalos,448,5,4.943841927366126
intervalos,448,6,5.621825828788838
intervalos,448,7,5.763379114665926
intervalos,449,2,0.8143097894870892
intervalos,449,3,2.121752233211782
intervalos,449,4,3.697592716186686
intervalos,449,5,5.068614548318197
intervalos,449,6,5.678537158854646
intervalos,449,7,5.796783798066408
intervalos,450,2,0.7599902530078912
intervalos,450,3,2.0435843528629554
intervalos,450,4,3.5678570949069304
intervalos,450,5,4.983886863820589
intervalos,450,6,5.667619336213222
intervalos,450,7,5.788432627216288
intervalos,451,2,0.8056356040312916
intervalos,451,3,2.0727788561790703
intervalos,451,4,3.6268212098554127
intervalos,451,5,4.999713799849466
intervalos,451,6,5.675945428472199
intervalos,451,7,5.788432627216288
intervalos,452,2,0.73758563729758
intervalos,452,3,1.9527859907306584
intervalos,452,4,3.411709132366812
intervalos,452,5,4.798529683831979
intervalos,452,6,5.579093565270686
intervalos,452,7,5.761803066040129
intervalos,453,2,0.8575413185866801
intervalos,453,3,2.141005585872039
intervalos,453,4,3.6453516854985057
intervalos,453,5,4.898914491933411
intervalos,453,6,5.580113979906094
intervalos,453,7,5.759203529240866
intervalos,454,2,0.8434140807144402
intervalos,454,3,2.154408253217498
intervalos,454,4,3.7114009887572723
intervalos,454,5,5.030281219102264
intervalos,454,6,5.666048020466179
intervalos,454,7,5.796783798066408
intervalos,455,2,0.8060712788401208
intervalos,455,3,2.0694205253135602
intervalos,455,4,3.6138025080469847
intervalos,455,5,5.009200648123382
intervalos,455,6,5.617111881547719
intervalos,455,7,5.784257041791227
intervalos,456,2,0.822187473863921
intervalos,456,3,2.1383140960781066
intervalos,456,4,3.679530938653221
intervalos,456,5,5.032363508977625
intervalos,456,6,5.676965843107609
intervalos,456,7,5.791032164015551
intervalos,457,2,0.8140366905084537
intervalos,457,3,2.139422055944656
intervalos,457,4,3.639919641871744
intervalos,457,5,4.957967500293642
intervalos,457,6,5.607214473541697
intervalos,457,7,5.771730285516047
intervalos,458,2,0.8142551738037669
intervalos,458,3,2.1216334702523585
intervalos,458,4,3.704288027659017
intervalos,458,5,5.111224565448517
intervalos,458,6,5.682700204984136
intervalos,458,7,5.788432627216287
intervalos,459,2,0.8056356040312916
intervalos,459,3,2.1043599756206386
intervalos,459,4,3.6107930346553823
intervalos,459,5,4.920298139737883
intervalos,459,6,5.598888381282721
intervalos,459,7,5.771730285516047
intervalos,460,2,0.8221509519454683
intervalos,460,3,2.105883634108106
intervalos,460,4,3.6089297146578847
intervalos,460,5,4.918061865347934
intervalos,460,6,5.6186831972947555
intervalos,460,7,5.771730285516047
intervalos,461,2,0.8143097894870892
intervalos,461,3,2.114591155344765
intervalos,461,4,3.6537610691419076
intervalos,461,5,5.08384283168888
intervalos,461,6,5.669660165484036
intervalos,461,7,5.784257041791228
intervalos,462,2,0.8297810693998371
intervalos,462,3,2.137387164343872
intervalos,462,4,3.6351721557257832
intervalos,462,5,4.934475833153492
intervalos,462,6,5.612397934306597
intervalos,462,7,5.771730285516046
intervalos,463,2,0.8061801771636042
intervalos,463,3,2.0477635352500783
intervalos,463,4,3.4784859535019605
intervalos,463,5,4.8507220335671795
intervalos,463,6,5.5988883812827215
intervalos,463,7,5.800959383491468
intervalos,464,2,0.8434140807144401
intervalos,464,3,2.1392263271707357
intervalos,464,4,3.671736326334191
intervalos,464,5,5.0171205426011065
intervalos,464,6,5.676965843107608
intervalos,464,7,5.788432627216288
intervalos,465,2,0.8134356916869185
intervalos,465,3,2.061139529037054
intervalos,465,4,3.542820428762021
intervalos,465,5,4.852501931791582
intervalos,465,6,5.59888838128272
intervalos,465,7,5.763379114665925
intervalos,466,2,0.8438566306056344
intervalos,466,3,2.147920317834437
intervalos,466,4,3.643074765662114
intervalos,466,5,4.986418714043141
intervalos,466,6,5.61452015116527
intervalos,466,7,5.763379114665927
intervalos,467,2,0.7889055180908568
intervalos,467,3,2.0097571845301743
intervalos,467,4,3.4902989028208853
intervalos,467,5,4.844080356478574
intervalos,467,6,5.5816852956531315
intervalos,467,7,5.771730285516047
intervalos,468,2,0.8056356040312916
intervalos,468,3,2.077157679901886
intervalos,468,4,3.606294999687463
intervalos,468,5,4.929033838330964
intervalos,468,6,5.625437973806693
intervalos,468,7,5.7759058709411075
intervalos,469,2,0.8140366905084537
intervalos,469,3,2.0593855003357637
intervalos,469,4,3.556430889233055
intervalos,469,5,4.954201019767345
intervalos,469,6,5.641069743689246
intervalos,469,7,5.788432627216287
intervalos,470,2,0.8218222131733859
intervalos,470,3,2.099771562798714
intervalos,470,4,3.61250345761716
intervalos,470,5,4.92308936035584
intervalos,470,6,5.57786527835587
intervalos,470,7,5.753451895190008
intervalos,471,2,0.8295062842620149
intervalos,471,3,2.1647936871989555
intervalos,471,4,3.7386060173991815
intervalos,471,5,5.118064846546815
intervalos,471,6,5.716555475131681
intervalos,471,7,5.792608212641348
intervalos,472,2,0.8371644980533753
intervalos,472,3,2.1952461480679704
intervalos,472,4,3.7667107985594703
intervalos,472,5,5.070889747682352
intervalos,472,6,5.666048020466179
intervalos,472,7,5.7759058709411075
intervalos,473,2,0.7701674025299572
intervalos,473,3,1.9900559766721089
intervalos,473,4,3.488301859149145
intervalos,473,5,4.8601519798970205
intervalos,473,6,5.597867966647314
intervalos,473,7,5.792608212641348
intervalos,474,2,0.7885807772578501
intervalos,474,3,2.089753665025892
intervalos,474,4,3.6637299063558415
intervalos,474,5,4.9947531083354875
intervalos,474,6,5.670211066595669
intervalos,474,7,5.7926082126413485
intervalos,475,2,0.8141641430960396
intervalos,475,3,2.12580950298264
intervalos,475,4,3.630075676503426
intervalos,475,5,5.016181375635064
intervalos,475,6,5.650416250583632
intervalos,475,7,5.780081456366167
intervalos,476,2,0.7796143075310533
intervalos,476,3,2.0551162672271723
intervalos,476,4,3.5785268423840577
intervalos,476,5,4.94520698318859
intervalos,476,6,5.629601019936188
intervalos,476,7,5.77850540774037
intervalos,477,2,0.8220779053420824
intervalos,477,3,2.1009877694536665
intervalos,477,4,3.5796524851947904
intervalos,477,5,4.912035900873047
intervalos,477,6,5.626458388442106
intervalos,477,7,5.788432627216288
intervalos,478,2,0.8142551738037669
intervalos,478,3,2.0872030399982258
intervalos,478,4,3.654568849121159
intervalos,478,5,5.006689175427565
intervalos,478,6,5.641069743689244
intervalos,478,7,5.784257041791227
intervalos,479,2,0.822187473863921
intervalos,479,3,2.1292839462923174
intervalos,479,4,3.6812738077721128
intervalos,479,5,5.045523842891465
intervalos,479,6,5.667068435101585
intervalos,479,7,5.788432627216288
intervalos,480,2,0.7597757191702809
intervalos,480,3,2.0220530692773093
intervalos,480,4,3.5334030176783413
intervalos,480,5,4.9717974973885575
intervalos,480,6,5.660864559701283
intervalos,480,7,5.792608212641348
intervalos,481,2,0.8645256317681177
intervalos,481,3,2.198289311113228
intervalos,481,4,3.727660260195962
intervalos,481,5,5.037429928959734
intervalos,481,6,5.647824520201183
intervalos,481,7,5.792608212641348
intervalos,482,2,0.7788946921518815
intervalos,482,3,2.0760539283861275
intervalos,482,4,3.5950763864157502
intervalos,482,5,4.9012522877625395
intervalos,482,6,5.589541874388334
intervalos,482,7,5.780081456366167
intervalos,483,2,0.8825668931891735
intervalos,483,3,2.2269651579082392
intervalos,483,4,3.7709398178602895
intervalos,483,5,5.113601286251851
intervalos,483,6,5.671231481231078
intervalos,483,7,5.780081456366167
intervalos,484,2,0.821639548225098
intervalos,484,3,2.103137020542926
intervalos,484,4,3.615747370607843
intervalos,484,5,4.995422771516561
intervalos,484,6,5.6327436514302685
intervalos,484,7,5.784257041791228
intervalos,485,2,0.8443174747395122
intervalos,485,3,2.155509633149985
intervalos,485,4,3.6885959982506287
intervalos,485,5,5.044920983204318
intervalos,485,6,5.650967151695264
intervalos,485,7,5.784257041791228
intervalos,486,2,0.8441515879251735
intervalos,486,3,2.1480470624796766
intervalos,486,4,3.6930637207757613
intervalos,486,5,5.070841834223211
intervalos,486,6,5.671782382342707
intervalos,486,7,5.780081456366167
intervalos,487,2,0.876387120757971
intervalos,487,3,2.1907452685061473
intervalos,487,4,3.745661577865738
intervalos,487,5,5.10652473182189
intervalos,487,6,5.6634562900837295
intervalos,487,7,5.780081456366167
intervalos,488,2,0.788725115409677
intervalos,488,3,2.0303378839806383
intervalos,488,4,3.5008622773025104
intervalos,488,5,4.853729492577381
intervalos,488,6,5.528586110605181
intervalos,488,7,5.740925138914828
intervalos,489,2,0.8143097894870892
intervalos,489,3,2.108423935857649
intervalos,489,4,3.6566875802581813
intervalos,489,5,5.052177251609185
intervalos,489,6,5.674374112725159
intervalos,489,7,5.800959383491469
intervalos,490,2,0.8134356916869185
intervalos,490,3,2.080930382021336
intervalos,490,4,3.581914246782034
intervalos,490,5,4.958535642035537
intervalos,490,6,5.6321927503186355
intervalos,490,7,5.775905870941107
intervalos,491,2,0.8297993865473396
intervalos,491,3,2.0856112299726783
intervalos,491,4,3.5748074823412823
intervalos,491,5,4.912585152580155
intervalos,491,6,5.628029704189146
intervalos,491,7,5.792608212641348
intervalos,492,2,0.7600438816005386
intervalos,492,3,2.0303517296822613
intervalos,492,4,3.577647589982763
intervalos,492,5,4.957779140421119
intervalos,492,6,5.619703611930166
intervalos,492,7,5.780081456366168
intervalos,493,2,0.8219683285195457
intervalos,493,3,2.1034267123199784
intervalos,493,4,3.619726793290718
intervalos,493,5,4.994063410214997
intervalos,493,6,5.637927112195163
intervalos,493,7,5.780081456366167
intervalos,494,2,0.8291398225847794
intervalos,494,3,2.129339127268331
intervalos,494,4,3.6308393236860503
intervalos,494,5,4.978961232839179
intervalos,494,6,5.629601019936184
intervalos,494,7,5.780081456366168
intervalos,495,2,0.8136724785349556
intervalos,495,3,2.084951217200693
intervalos,495,4,3.589241210797955
intervalos,495,5,4.932224875757709
intervalos,495,6,5.625988874918329
intervalos,495,7,5.780081456366167
intervalos,496,2,0.7881837739320228
intervalos,496,3,2.075282650061045
intervalos,496,4,3.589652139331345
intervalos,496,5,4.916326929205951
intervalos,496,6,5.59731706553568
intervalos,496,7,5.788432627216288
intervalos,497,2,0.8048728589448317
intervalos,497,3,2.1020102385526744
intervalos,497,4,3.607342769924161
intervalos,497,5,4.9536617889549035
intervalos,497,6,5.646804105565774
intervalos,497,7,5.788432627216288
intervalos,498,2,0.8141641430960396
intervalos,498,3,2.0771735875662807
intervalos,498,4,3.5398885988015736
intervalos,498,5,4.878566061255765
intervalos,498,6,5.631172335683222
intervalos,498,7,5.788432627216288
intervalos,499,2,0.8061438786277846
intervalos,499,3,2.094075912444843
intervalos,499,4,3.657491390642844
intervalos,499,5,4.961890797366435
intervalos,499,6,5.631172335683223
intervalos,499,7,5.767554700090987
intervalos,500,2,0.8136724785349556
intervalos,500,3,2.126737579180778
intervalos,500,4,3.5847648718349507
intervalos,500,5,4.842696410621323
intervalos,500,6,5.562441380752724
intervalos,500,7,5.771730285516046
intervalos,501,2,0.7797042346595202
intervalos,501,3,2.0695192851972304
intervalos,501,4,3.604996010117292
intervalos,501,5,5.000932714737647
intervalos,501,6,5.6925976129901565
intervalos,501,7,5.800959383491468
intervalos,502,2,0.8061438786277846
intervalos,502,3,2.082230842721574
intervalos,502,4,3.6070748767041647
intervalos,502,5,4.984417225492909
intervalos,502,6,5.65457929671312
intervalos,502,7,5.796783798066407
intervalos,503,2,0.821639548225098
intervalos,503,3,2.10587213190765
intervalos,503,4,3.6175566560444294
intervalos,503,5,4.873149112921053
intervalos,503,6,5.555135703129162
intervalos,503,7,5.767554700090986
intervalos,504,2,0.8370542510324834
intervalos,504,3,2.1695141718073416
intervalos,504,4,3.7863930693856664
intervalos,504,5,5.102065378555879
intervalos,504,6,5.694168928737197
intervalos,504,7,5.796783798066408
intervalos,505,2,0.7977351276153795
intervalos,505,3,2.086228267805421
intervalos,505,4,3.5873405018765534
intervalos,505,5,4.974838186852065
intervalos,505,6,5.646804105565775
intervalos,505,7,5.7842570417912285
intervalos,506,2,0.8061438786277846
intervalos,506,3,2.058403681926744
intervalos,506,4,3.599273423078592
intervalos,506,5,4.967694828928176
intervalos,506,6,5.609806203924149
intervalos,506,7,5.757627480615071
intervalos,507,2,0.8061801771636042
intervalos,507,3,2.0656959673581383
intervalos,507,4,3.5745407504313054
intervalos,507,5,4.957932782348391
intervalos,507,6,5.6197036119301655
intervalos,507,7,5.7592035292408665
intervalos,508,2,0.7771841894562265
intervalos,508,3,2.0679123242255333
intervalos,508,4,3.609852727041005
intervalos,508,5,4.982797006303993
intervalos,508,6,5.639498427942204
intervalos,508,7,5.780081456366167
intervalos,509,2,0.8041824111644948
intervalos,509,3,2.0485988158068573
intervalos,509,4,3.5777693260972634
intervalos,509,5,5.014984644745707
intervalos,509,6,5.650967151695263
intervalos,509,7,5.784257041791228
intervalos,510,2,0.8367969750957321
intervalos,510,3,2.119505091089491
intervalos,510,4,3.676222050878511
intervalos,510,5,5.108452234865348
intervalos,510,6,5.699903290613723
intervalos,510,7,5.796783798066408
intervalos,511,2,0.8438566306056344
intervalos,511,3,2.188278581759203
intervalos,511,4,3.723740271681745
intervalos,511,5,5.010377344073323
intervalos,511,6,5.621825828788839
intervalos,511,7,5.780081456366168
intervalos,512,2,0.7889055180908568
intervalos,512,3,2.0518818057221213
intervalos,512,4,3.499273286095653
intervalos,512,5,4.819258008873896
intervalos,512,6,5.586868756418026
intervalos,512,7,5.771730285516046
intervalos,513,2,0.8442437496370732
intervalos,513,3,2.148439222432684
intervalos,513,4,3.688581829633412
intervalos,513,5,5.042177676045503
intervalos,513,6,5.663456290083732
intervalos,513,7,5.788432627216287
intervalos,514,2,0.8293413880369835
intervalos,514,3,2.1256471833399937
intervalos,514,4,3.705823149770573
intervalos,514,5,5.091844212666366
intervalos,514,6,5.695189343372605
intervalos,514,7,5.796783798066408
intervalos,515,2,0.8221509519454682
intervalos,515,3,2.1047710254843213
intervalos,515,4,3.5641185866714116
intervalos,515,5,4.88091387797956
intervalos,515,6,5.555135703129156
intervalos,515,7,5.771730285516047
intervalos,516,2,0.8297993865473396
intervalos,516,3,2.1101269196385424
intervalos,516,4,3.637788495633507
intervalos,516,5,5.02541306054253
intervalos,516,6,5.631172335683227
intervalos,516,7,5.780081456366168
intervalos,517,2,0.7700598203030499
intervalos,517,3,2.0422164859843726
intervalos,517,4,3.5684664740584795
intervalos,517,5,4.982682631938243
intervalos,517,6,5.692597612990155
intervalos,517,7,5.788432627216288
intervalos,518,2,0.7788946921518815
intervalos,518,3,2.0204686021811358
intervalos,518,4,3.5547261642616266
intervalos,518,5,5.024356433479239
intervalos,518,6,5.70665806712566
intervalos,518,7,5.788432627216288
intervalos,519,2,0.8134356916869185
intervalos,519,3,2.058997876836669
intervalos,519,4,3.5452256825864557
intervalos,519,5,4.8580926763377965
intervalos,519,6,5.60229265402117
intervalos,519,7,5.76180306604013
intervalos,520,2,0.7796143075310533
intervalos,520,3,2.0290493026162424
intervalos,520,4,3.5032334191686685
intervalos,520,5,4.865034821462589
intervalos,520,6,5.585848341782617
intervalos,520,7,5.780081456366168
intervalos,521,2,0.7699522302187891
intervalos,521,3,2.03164219425707
intervalos,521,4,3.5186001965047744
intervalos,521,5,4.891978383916833
intervalos,521,6,5.578073150635273
intervalos,521,7,5.763379114665927
intervalos,522,2,0.805817151056502
intervalos,522,3,2.0970491708690466
intervalos,522,4,3.667888726071906
intervalos,522,5,5.046903581719764
intervalos,522,6,5.683251106095769
intervalos,522,7,5.800959383491468
intervalos,523,2,0.8370542510324834
intervalos,523,3,2.127295550683839
intervalos,523,4,3.6483524615048815
intervalos,523,5,5.034899566229129
intervalos,523,6,5.685291935366583
intervalos,523,7,5.792608212641347
intervalos,524,2,0.79771703385051
intervalos,524,3,2.0772363435349677
intervalos,524,4,3.6134887989689393
intervalos,524,5,4.938472430558424
intervalos,524,6,5.638478013306796
intervalos,524,7,5.788432627216287
intervalos,525,2,0.8142551738037669
intervalos,525,3,2.0692530199833445
intervalos,525,4,3.518092187196988
intervalos,525,5,4.888665790111492
intervalos,525,6,5.61711188154772
intervalos,525,7,5.7759058709411075
intervalos,526,2,0.8037825281707907
intervalos,526,3,2.0530309695935482
intervalos,526,4,3.51678639209853
intervalos,526,5,4.770627721789588
intervalos,526,6,5.547360511981807
intervalos,526,7,5.771730285516047
intervalos,527,2,0.8370542510324834
intervalos,527,3,2.1377008281294185
intervalos,527,4,3.6630191074842733
intervalos,527,5,5.053323668482539
intervalos,527,6,5.640518842577616
intervalos,527,7,5.784257041791228
intervalos,528,2,0.7975722756576358
intervalos,528,3,2.059612417712412
intervalos,528,4,3.5328424906728917
intervalos,528,5,4.849054243506441
intervalos,528,6,5.5624413807527295
intervalos,528,7,5.734150016690506
intervalos,529,2,0.8143097894870892
intervalos,529,3,2.0820721895575165
intervalos,529,4,3.5709765565170652
intervalos,529,5,4.905835916944154
intervalos,529,6,5.627009289553738
intervalos,529,7,5.796783798066408
intervalos,530,2,0.8143279942580394
intervalos,530,3,2.114606825508426
intervalos,530,4,3.6621934259357922
intervalos,530,5,4.981062412749328
intervalos,530,6,5.622846243424248
intervalos,530,7,5.780081456366167
intervalos,531,2,0.821639548225098
intervalos,531,3,2.0953098495902616
intervalos,531,4,3.6194241722484475
intervalos,531,5,4.912585152580154
intervalos,531,6,5.641069743689247
intervalos,531,7,5.792608212641348
intervalos,532,2,0.8054177176871709
intervalos,532,3,2.0658140329071606
intervalos,532,4,3.537160813919802
intervalos,532,5,4.862756328134399
intervalos,532,6,5.573910104505784
intervalos,532,7,5.771730285516045
intervalos,533,2,0.8570960000983664
intervalos,533,3,2.161194230004893
intervalos,533,4,3.7047288085757875
intervalos,533,5,5.009783130283795
intervalos,533,6,5.61396925005364
intervalos,533,7,5.77015423689025
intervalos,534,2,0.7701315426605666
intervalos,534,3,2.027407338331013
intervalos,534,4,3.53259793314672
intervalos,534,5,4.9011318762885745
intervalos,534,6,5.628029704189146
intervalos,534,7,5.788432627216287
intervalos,535,2,0.7889415959600679
intervalos,535,3,2.058938597726307
intervalos,535,4,3.5952604306483362
intervalos,535,5,4.962874583827581
intervalos,535,6,5.5895418743883365
intervalos,535,7,5.763379114665927
intervalos,536,2,0.805817151056502
intervalos,536,3,2.067180166201958
intervalos,536,4,3.582468167304819
intervalos,536,5,4.952548945122171
intervalos,536,6,5.6592932439542425
intervalos,536,7,5.796783798066408
intervalos,537,2,0.8296345238431255
intervalos,537,3,2.156471870903423
intervalos,537,4,3.6619319380912536
intervalos,537,5,5.0214247664478995
intervalos,537,6,5.628029704189145
intervalos,537,7,5.767554700090986
intervalos,538,2,0.8218222131733859
intervalos,538,3,2.141008156574115
intervalos,538,4,3.692026681691544
intervalos,538,5,4.997901013759074
intervalos,538,6,5.642641059436286
intervalos,538,7,5.771730285516047
intervalos,539,2,0.7975722756576358
intervalos,539,3,2.0584439105175503
intervalos,539,4,3.5666665708339234
intervalos,539,5,4.984041993239807
intervalos,539,6,5.678537158854647
intervalos,539,7,5.780081456366168
intervalos,540,2,0.864562840641501
intervalos,540,3,2.1713877863513082
intervalos,540,4,3.704164113014248
intervalos,540,5,5.032985258699559
intervalos,540,6,5.691026297243117
intervalos,540,7,5.788432627216287
intervalos,541,2,0.8424732076890338
intervalos,541,3,2.15048127051845
intervalos,541,4,3.5925495188237355
intervalos,541,5,4.871672172177427
intervalos,541,6,5.584277026035577
intervalos,541,7,5.767554700090987
intervalos,542,2,0.7688758967666622
intervalos,542,3,1.9956253708842548
intervalos,542,4,3.4580191530391584
intervalos,542,5,4.8060686515357025
intervalos,542,6,5.526806922578731
intervalos,542,7,5.755027943815807
intervalos,543,2,0.8142551738037669
intervalos,543,3,2.1381199509948985
intervalos,543,4,3.715429645290934
intervalos,543,5,5.007667267367812
intervalos,543,6,5.640518842577612
intervalos,543,7,5.788432627216289
intervalos,544,2,0.7485920290763748
intervalos,544,3,2.029961113119215
intervalos,544,4,3.5453101285221282
intervalos,544,5,4.940279864715235
intervalos,544,6,5.620254513041799
intervalos,544,7,5.771730285516046
intervalos,545,2,0.851254049771509
intervalos,545,3,2.1738651691416844
intervalos,545,4,3.722689115533719
intervalos,545,5,5.075541667849839
intervalos,545,6,5.678537158854647
intervalos,545,7,5.788432627216287
intervalos,546,2,0.7596147983445758
intervalos,546,3,1.96390485185642
intervalos,546,4,3.444487451346284
intervalos,546,5,4.779792603203126
intervalos,546,6,5.5073013664339605
intervalos,546,7,5.746124212513356
intervalos,547,2,0.8131624280223317
intervalos,547,3,2.0946512867725247
intervalos,547,4,3.61155364266586
intervalos,547,5,4.962199226125608
intervalos,547,6,5.631172335683227
intervalos,547,7,5.792608212641348
intervalos,548,2,0.8061801771636042
intervalos,548,3,2.0583434627199644
intervalos,548,4,3.5638368269889926
intervalos,548,5,4.992676512981026
intervalos,548,6,5.661334073225055
intervalos,548,7,5.800959383491468
intervalos,549,2,0.79771703385051
intervalos,549,3,2.099098048980332
intervalos,549,4,3.607209164657572
intervalos,549,5,4.951305445678304
intervalos,549,6,5.638947526830572
intervalos,549,7,5.800959383491468
intervalos,550,2,0.8140366905084537
intervalos,550,3,2.0697482768900857
intervalos,550,4,3.562368404577803
intervalos,550,5,4.913395262174611
intervalos,550,6,5.646804105565777
intervalos,550,7,5.780081456366167
intervalos,551,2,0.8296345238431255
intervalos,551,3,2.145154072840926
intervalos,551,4,3.646891029308028
intervalos,551,5,4.942140564264767
intervalos,551,6,5.622846243424246
intervalos,551,7,5.784257041791228
intervalos,552,2,0.7889055180908568
intervalos,552,3,2.0683770226035794
intervalos,552,4,3.5798107508833557
intervalos,552,5,4.922110925828275
intervalos,552,6,5.605643157794658
intervalos,552,7,5.7534518951900075
intervalos,553,2,0.7796143075310533
intervalos,553,3,2.0422426307240533
intervalos,553,4,3.5507470838316184
intervalos,553,5,4.894088552311917
intervalos,553,6,5.618683197294758
intervalos,553,7,5.759203529240866
intervalos,554,2,0.8138728064390374
intervalos,554,3,2.125044185336193
intervalos,554,4,3.66261494549294
intervalos,554,5,5.004066279742715
intervalos,554,6,5.653558882077712
intervalos,554,7,5.780081456366167
intervalos,555,2,0.8220779053420824
intervalos,555,3,2.0572221290832275
intervalos,555,4,3.5867334954692973
intervalos,555,5,4.976881432408407
intervalos,555,6,5.6280297041891405
intervalos,555,7,5.778505407740371
intervalos,556,2,0.8511431157956866
intervalos,556,3,2.1617267260350563
intervalos,556,4,3.724290666126756
intervalos,556,5,5.025373792981008
intervalos,556,6,5.694168928737198
intervalos,556,7,5.796783798066408
intervalos,557,2,0.7889055180908568
intervalos,557,3,2.060318813354834
intervalos,557,4,3.555755473151452
intervalos,557,5,4.975480314100732
intervalos,557,6,5.622295342312618
intervalos,557,7,5.767554700090987
intervalos,558,2,0.769629412801218
intervalos,558,3,2.029222266597585
intervalos,558,4,3.5038571938934826
intervalos,558,5,4.852024835511986
intervalos,558,6,5.576501834888239
intervalos,558,7,5.768578188264454
intervalos,559,2,0.79771703385051
intervalos,559,3,2.0294485195104643
intervalos,559,4,3.5404832741385057
intervalos,559,5,4.893866961986088
intervalos,559,6,5.607214473541699
intervalos,559,7,5.7842570417912285
intervalos,560,2,0.8197750454270276
intervalos,560,3,2.1088841308289075
intervalos,560,4,3.666772082977818
intervalos,560,5,5.002118399172522
intervalos,560,6,5.6139692500536365
intervalos,560,7,5.788432627216289
intervalos,561,2,0.8056356040312916
intervalos,561,3,2.093503180846458
intervalos,561,4,3.659825693891217
intervalos,561,5,5.065721806261062
intervalos,561,6,5.677516744219239
intervalos,561,7,5.805134968916528
intervalos,562,2,0.8371277499858092
intervalos,562,3,2.1320406413702666
intervalos,562,4,3.731024344015834
intervalos,562,5,5.099943821118996
intervalos,562,6,5.700923705249132
intervalos,562,7,5.796783798066408
intervalos,563,2,0.79771703385051
intervalos,563,3,2.0694141343922285
intervalos,563,4,3.5422071581619754
intervalos,563,5,4.904472348613636
intervalos,563,6,5.616091466912312
intervalos,563,7,5.760227017414333
intervalos,564,2,0.822187473863921
intervalos,564,3,2.1454397805107086
intervalos,564,4,3.711986524775012
intervalos,564,5,5.064623302846848
intervalos,564,6,5.6858428364782165
intervalos,564,7,5.788432627216287
intervalos,565,2,0.7884003345511748
intervalos,565,3,2.0280173653120097
intervalos,565,4,3.4583699394003093
intervalos,565,5,4.8027338737315395
intervalos,565,6,5.562441380752723
intervalos,565,7,5.788432627216287
intervalos,566,2,0.7974456004616027
intervalos,566,3,2.0712744688768683
intervalos,566,4,3.5835881577021502
intervalos,566,5,4.9852129946688475
intervalos,566,6,5.622846243424247
intervalos,566,7,5.792608212641348
intervalos,567,2,0.8221509519454683
intervalos,567,3,2.1465225329564155
intervalos,567,4,3.683329437353784
intervalos,567,5,5.0631378355504175
intervalos,567,6,5.668639750848629
intervalos,567,7,5.7926082126413485
intervalos,568,2,0.8369439955557143
intervalos,568,3,2.1223458094693646
intervalos,568,4,3.6573142162936234
intervalos,568,5,5.00470202729585
intervalos,568,6,5.648375421312814
intervalos,568,7,5.796783798066408
intervalos,569,2,0.8442437496370732
intervalos,569,3,2.126390231854138
intervalos,569,4,3.6511551360668313
intervalos,569,5,5.060217557560875
intervalos,569,6,5.666048020466181
intervalos,569,7,5.792608212641347
intervalos,570,2,0.8289015725141343
intervalos,570,3,2.1330440133259767
intervalos,570,4,3.659733081929862
intervalos,570,5,5.0227508972961585
intervalos,570,6,5.668639750848629
intervalos,570,7,5.792608212641348
intervalos,571,2,0.8371644980533753
intervalos,571,3,2.130159454931389
intervalos,571,4,3.623248814948152
intervalos,571,5,4.940555405608419
intervalos,571,6,5.598888381282723
intervalos,571,7,5.771730285516047
intervalos,572,2,0.8143097894870892
intervalos,572,3,2.1036457179284462
intervalos,572,4,3.645394903947967
intervalos,572,5,4.971671733981008
intervalos,572,6,5.619495739650762
intervalos,572,7,5.771730285516047
intervalos,573,2,0.7975722756576358
intervalos,573,3,2.046049844782484
intervalos,573,4,3.5529880066275283
intervalos,573,5,4.897684530590748
intervalos,573,6,5.6036023285238405
intervalos,573,7,5.77432982231531
intervalos,574,2,0.8570960000983664
intervalos,574,3,2.149662629782736
intervalos,574,4,3.676597199636298
intervalos,574,5,5.0220364952751675
intervalos,574,6,5.635335381812715
intervalos,574,7,5.784257041791228
intervalos,575,2,0.8436538122140398
intervalos,575,3,2.197341908681023
intervalos,575,4,3.721320746591704
intervalos,575,5,5.022501428450607
intervalos,575,6,5.650416250583632
intervalos,575,7,5.792608212641348
intervalos,576,2,0.8296345238431255
intervalos,576,3,2.124613880851478
intervalos,576,4,3.611253123285791
intervalos,576,5,4.97534521962093
intervalos,576,6,5.645232789818733
intervalos,576,7,5.784257041791227
intervalos,577,2,0.788725115409677
intervalos,577,3,2.03132524258197
intervalos,577,4,3.5249241348631783
intervalos,577,5,4.875736948073335
intervalos,577,6,5.561213093837914
intervalos,577,7,5.767554700090987
intervalos,578,2,0.8221509519454682
intervalos,578,3,2.0904652386427247
intervalos,578,4,3.5949813061012006
intervalos,578,5,4.953574950521559
intervalos,578,6,5.627009289553737
intervalos,578,7,5.788432627216287
intervalos,579,2,0.8059623723673444
intervalos,579,3,2.1192543322499597
intervalos,579,4,3.652901787005172
intervalos,579,5,4.983907241347322
intervalos,579,6,5.593704920517824
intervalos,579,7,5.755027943815806
intervalos,580,2,0.8219683285195457
intervalos,580,3,2.0953255501610015
intervalos,580,4,3.6438056478017584
intervalos,580,5,4.983882656791636
intervalos,580,6,5.645232789818733
intervalos,580,7,5.784257041791228
intervalos,581,2,0.7975722756576358
intervalos,581,3,2.084545699424668
intervalos,581,4,3.616761083326737
intervalos,581,5,5.021739232315289
intervalos,581,6,5.678537158854646
intervalos,581,7,5.780081456366166
intervalos,582,2,0.8295062842620149
intervalos,582,3,2.139338177784765
intervalos,582,4,3.6610925803507404
intervalos,582,5,5.006159958659874
intervalos,582,6,5.692046711878523
intervalos,582,7,5.796783798066408
intervalos,583,2,0.8056356040312916
intervalos,583,3,2.09543291198296
intervalos,583,4,3.581893399097845
intervalos,583,5,4.92462274111141
intervalos,583,6,5.626458388442106
intervalos,583,7,5.784257041791228
intervalos,584,2,0.8293413880369835
intervalos,584,3,2.1108825036819625
intervalos,584,4,3.566987295671822
intervalos,584,5,4.901753626010507
intervalos,584,6,5.640518842577611
intervalos,584,7,5.7926082126413485
intervalos,585,2,0.8201773967790509
intervalos,585,3,2.0866293166578487
intervalos,585,4,3.556287561937087
intervalos,585,5,4.9300844282860385
intervalos,585,6,5.618683197294759
intervalos,585,7,5.784257041791228
intervalos,586,2,0.8061801771636042
intervalos,586,3,2.0433032672289606
intervalos,586,4,3.526972032995656
intervalos,586,5,4.892522283690359
intervalos,586,6,5.632192750318634
intervalos,586,7,5.7759058709411075
intervalos,587,2,0.8214203198171
intervalos,587,3,2.111435705595787
intervalos,587,4,3.668167781215723
intervalos,587,5,5.031499791403127
intervalos,587,6,5.65457929671312
intervalos,587,7,5.788432627216286
intervalos,588,2,0.8645256317681177
intervalos,588,3,2.190963619389469
intervalos,588,4,3.751706156520607
intervalos,588,5,5.127176119980313
intervalos,588,6,5.702495020996174
intervalos,588,7,5.792608212641348
intervalos,589,2,0.79771703385051
intervalos,589,3,2.0891285344846153
intervalos,589,4,3.6532391366883044
intervalos,589,5,5.051187428039823
intervalos,589,6,5.681679790348727
intervalos,589,7,5.800959383491468
intervalos,590,2,0.7699522302187891
intervalos,590,3,2.006573248682661
intervalos,590,4,3.4662911204824995
intervalos,590,5,4.8403918452455
intervalos,590,6,5.549952242364259
intervalos,590,7,5.771730285516048
intervalos,591,2,0.8438566306056344
intervalos,591,3,2.105555431695725
intervalos,591,4,3.5825272488970894
intervalos,591,5,4.894416213693195
intervalos,591,6,5.628580605300779
intervalos,591,7,5.775905870941107
intervalos,592,2,0.7889415959600679
intervalos,592,3,2.090726180101799
intervalos,592,4,3.6477300433956876
intervalos,592,5,5.054293114525168
intervalos,592,6,5.669190651960261
intervalos,592,7,5.780081456366167
intervalos,593,2,0.7599008676945807
intervalos,593,3,2.0306462457819903
intervalos,593,4,3.5357603520176295
intervalos,593,5,4.874593825164016
intervalos,593,6,5.580926522262093
intervalos,593,7,5.764402602839394
intervalos,594,2,0.7888333596856465
intervalos,594,3,2.023775346977459
intervalos,594,4,3.521651049989895
intervalos,594,5,4.884896134965973
intervalos,594,6,5.643661474071696
intervalos,594,7,5.784257041791228
intervalos,595,2,0.8442990438194486
intervalos,595,3,2.184253151444314
intervalos,595,4,3.75486894498827
intervalos,595,5,5.079947413135811
intervalos,595,6,5.639498427942202
intervalos,595,7,5.780081456366167
intervalos,596,2,0.7591855904019076
intervalos,596,3,1.9889827056381169
intervalos,596,4,3.486242120103558
intervalos,596,5,4.832211092880425
intervalos,596,6,5.5739101045057895
intervalos,596,7,5.763379114665926
intervalos,597,2,0.7797581882937804
intervalos,597,3,2.0521895214117944
intervalos,597,4,3.586109946540424
intervalos,597,5,5.002437072068865
intervalos,597,6,5.613969250053637
intervalos,597,7,5.788432627216288
intervalos,598,2,0.8059623723673444
intervalos,598,3,2.0793677965003394
intervalos,598,4,3.5405745627496428
intervalos,598,5,4.947944938413824
intervalos,598,6,5.661884974336688
intervalos,598,7,5.796783798066408
intervalos,599,2,0.8136724785349556
intervalos,599,3,2.0777662481003465
intervalos,599,4,3.5691976607387192
intervalos,599,5,4.995851954337018
intervalos,599,6,5.667619336213221
intervalos,599,7,5.780081456366168
intervalos,600,2,0.7599008676945807
intervalos,600,3,2.006969296297068
intervalos,600,4,3.5758034197168493
intervalos,600,5,4.965438177011492
intervalos,600,6,5.63580489533649
intervalos,600,7,5.77432982231531
intervalos,601,2,0.8371277499858092
intervalos,601,3,2.162573384042254
intervalos,601,4,3.714921706074527
intervalos,601,5,5.09582646965278
intervalos,601,6,5.690005882607705
intervalos,601,7,5.7759058709411075
intervalos,602,2,0.8059623723673444
intervalos,602,3,2.105661161073482
intervalos,602,4,3.6302395013472313
intervalos,602,5,5.005531369512412
intervalos,602,6,5.646804105565776
intervalos,602,7,5.780081456366168
intervalos,603,2,0.8061438786277846
intervalos,603,3,2.0584625604859106
intervalos,603,4,3.53727143842756
intervalos,603,5,4.8510886199226615
intervalos,603,6,5.560870065005684
intervalos,603,7,5.780081456366166
intervalos,604,2,0.7889055180908568
intervalos,604,3,2.021162341423544
intervalos,604,4,3.5013089865115776
intervalos,604,5,4.850601964680529
intervalos,604,6,5.58482792714721
intervalos,604,7,5.763379114665927
intervalos,605,2,0.779776172398122
intervalos,605,3,2.034732074316076
intervalos,605,4,3.4653014805632747
intervalos,605,5,4.900836300455971
intervalos,605,6,5.6394984279422005
intervalos,605,7,5.784257041791228
intervalos,606,2,0.7975722756576358
intervalos,606,3,2.0839867920992097
intervalos,606,4,3.6569230244637034
intervalos,606,5,5.025923044688115
intervalos,606,6,5.6561506124601575
intervalos,606,7,5.784257041791226
intervalos,607,2,0.8056356040312916
intervalos,607,3,2.0537559306813122
intervalos,607,4,3.539489141609252
intervalos,607,5,4.913737606561724
intervalos,607,6,5.593704920517823
intervalos,607,7,5.78268099316543
intervalos,608,2,0.779326503707424
intervalos,608,3,2.0082550545860838
intervalos,608,4,3.5331155146143263
intervalos,608,5,4.904644880575696
intervalos,608,6,5.641069743689244
intervalos,608,7,5.780081456366167
intervalos,609,2,0.8136724785349556
intervalos,609,3,2.084596402251427
intervalos,609,4,3.6007913805895333
intervalos,609,5,4.899598495533002
intervalos,609,6,5.573910104505784
intervalos,609,7,5.780081456366167
intervalos,610,2,0.7889055180908568
intervalos,610,3,2.105427494336475
intervalos,610,4,3.6673212483784914
intervalos,610,5,5.062459526471725
intervalos,610,6,5.6676193362132175
intervalos,610,7,5.796783798066408
intervalos,611,2,0.7976627512103487
intervalos,611,3,2.0635482719134575
intervalos,611,4,3.569555079116975
intervalos,611,5,4.935232334767911
intervalos,611,6,5.6046227431592515
intervalos,611,7,5.780081456366168
intervalos,612,2,0.7974456004616027
intervalos,612,3,2.0786188415011972
intervalos,612,4,3.6194549436488503
intervalos,612,5,5.006173154173763
intervalos,612,6,5.671782382342708
intervalos,612,7,5.784257041791227
intervalos,613,2,0.8369439955557143
intervalos,613,3,2.1378573964795273
intervalos,613,4,3.6529986972814195
intervalos,613,5,4.978613193931167
intervalos,613,6,5.631172335683229
intervalos,613,7,5.796783798066408
intervalos,614,2,0.779776172398122
intervalos,614,3,2.087276327389387
intervalos,614,4,3.6413117287246175
intervalos,614,5,5.052258395521631
intervalos,614,6,5.67178238234271
intervalos,614,7,5.788432627216287
intervalos,615,2,0.7797581882937804
intervalos,615,3,2.041013026633136
intervalos,615,4,3.5514289098868335
intervalos,615,5,4.896706096063184
intervalos,615,6,5.67178238234271
intervalos,615,7,5.796783798066408
intervalos,616,2,0.7685528431627147
intervalos,616,3,2.028554433079554
intervalos,616,4,3.5779680857887373
intervalos,616,5,5.000845876304302
intervalos,616,6,5.641069743689244
intervalos,616,7,5.796783798066408
intervalos,617,2,0.7786247453933489
intervalos,617,3,2.0589154296356607
intervalos,617,4,3.563854939948172
intervalos,617,5,4.940159453241267
intervalos,617,6,5.602031012776799
intervalos,617,7,5.763379114665928
intervalos,618,2,0.779326503707424
intervalos,618,3,2.0180425622200744
intervalos,618,4,3.468103326171123
intervalos,618,5,4.82686913200513
intervalos,618,6,5.59888838128272
intervalos,618,7,5.771730285516046
intervalos,619,2,0.8136724785349556
intervalos,619,3,2.094411995447594
intervalos,619,4,3.5985968651627327
intervalos,619,5,4.995470684975701
intervalos,619,6,5.64939583594822
intervalos,619,7,5.788432627216288
intervalos,620,2,0.8291398225847795
intervalos,620,3,2.121984845284637
intervalos,620,4,3.54708998407988
intervalos,620,5,4.8515178027431185
intervalos,620,6,5.5775222495236445
intervalos,620,7,5.784257041791228
intervalos,621,2,0.805817151056502
intervalos,621,3,2.117330121887333
intervalos,621,4,3.6452409269563675
intervalos,621,5,5.00549779647179
intervalos,621,6,5.674374112725156
intervalos,621,7,5.788432627216287
intervalos,622,2,0.8060712788401208
intervalos,622,3,2.0905122001713496
intervalos,622,4,3.652695640938684
intervalos,622,5,4.983091437231966
intervalos,622,6,5.624417559171291
intervalos,622,7,5.771730285516047
intervalos,623,2,0.7974456004616027
intervalos,623,3,2.095774433900819
intervalos,623,4,3.6052845439494114
intervalos,623,5,5.002745843415355
intervalos,623,6,5.67021106659567
intervalos,623,7,5.792608212641348
intervalos,624,2,0.8293413880369835
intervalos,624,3,2.1316902914389044
intervalos,624,4,3.6643186877072815
intervalos,624,5,4.991172155649807
intervalos,624,6,5.6420901583246525
intervalos,624,7,5.788432627216288
intervalos,625,2,0.851254049771509
intervalos,625,3,2.144564757891889
intervalos,625,4,3.642811873284589
intervalos,625,5,4.993721408415201
intervalos,625,6,5.650967151695264
intervalos,625,7,5.7759058709411075
intervalos,626,2,0.8293413880369835
intervalos,626,3,2.155043222811029
intervalos,626,4,3.7543720290990876
intervalos,626,5,5.1242444529489735
intervalos,626,6,5.6842715207311745
intervalos,626,7,5.800959383491469
intervalos,627,2,0.8221509519454682
intervalos,627,3,2.1757573398921966
intervalos,627,4,3.694190107322926
intervalos,627,5,5.045418114423333
intervalos,627,6,5.664476704719141
intervalos,627,7,5.775905870941108
intervalos,628,2,0.7885807772578501
intervalos,628,3,2.0593863239819874
intervalos,628,4,3.5390668014501983
intervalos,628,5,4.836370663284881
intervalos,628,6,5.5731513311147465
intervalos,628,7,5.753451895190008
intervalos,629,2,0.7965766741539413
intervalos,629,3,2.0843551454400018
intervalos,629,4,3.638240444993049
intervalos,629,5,4.998402352007041
intervalos,629,6,5.68427152073118
intervalos,629,7,5.800959383491469
intervalos,630,2,0.850699293718813
intervalos,630,3,2.164907717170422
intervalos,630,4,3.7599310552539844
intervalos,630,5,5.1093767188255566
intervalos,630,6,5.72904461352015
intervalos,630,7,5.800959383491468
intervalos,631,2,0.8136724785349556
intervalos,631,3,2.0523220970761007
intervalos,631,4,3.5585512135241113
intervalos,631,5,4.973504555010816
intervalos,631,6,5.6592932439542425
intervalos,631,7,5.800959383491468
intervalos,632,2,0.7797581882937804
intervalos,632,3,2.01982169549791
intervalos,632,4,3.448748619558458
intervalos,632,5,4.802178927503532
intervalos,632,6,5.57335920339415
intervalos,632,7,5.771730285516047
intervalos,633,2,0.7965766741539413
intervalos,633,3,2.0973311176384533
intervalos,633,4,3.625981668065764
intervalos,633,5,5.00703117722736
intervalos,633,6,5.632743651430267
intervalos,633,7,5.763379114665926
intervalos,634,2,0.8143097894870892
intervalos,634,3,2.1110334534894757
intervalos,634,4,3.632745928047145
intervalos,634,5,5.006047048178896
intervalos,634,6,5.66761933621322
intervalos,634,7,5.792608212641348
intervalos,635,2,0.7797581882937804
intervalos,635,3,2.0361964525437575
intervalos,635,4,3.5472739821640418
intervalos,635,5,4.911212595764701
intervalos,635,6,5.609806203924147
intervalos,635,7,5.763379114665927
intervalos,636,2,0.8056356040312916
intervalos,636,3,2.085186305365565
intervalos,636,4,3.623454367778308
intervalos,636,5,4.994633039448837
intervalos,636,6,5.645232789818736
intervalos,636,7,5.775905870941106
intervalos,637,2,0.7600617573655877
intervalos,637,3,2.0112801952385637
intervalos,637,4,3.508774846120079
intervalos,637,5,4.850038029967587
intervalos,637,6,5.597867966647312
intervalos,637,7,5.775905870941107
intervalos,638,2,0.7797042346595202
intervalos,638,3,2.0533356999599612
intervalos,638,4,3.560411098272962
intervalos,638,5,4.951989449277895
intervalos,638,6,5.623866658059657
intervalos,638,7,5.792608212641347
intervalos,639,2,0.8640046051077752
intervalos,639,3,2.1635263735647823
intervalos,639,4,3.633017069965859
intervalos,639,5,4.981116020729367
intervalos,639,6,5.645232789818737
intervalos,639,7,5.784257041791228
intervalos,640,2,0.8138728064390374
intervalos,640,3,2.145136152122495
intervalos,640,4,3.661994216922313
intervalos,640,5,4.969951480844859
intervalos,640,6,5.634314967177307
intervalos,640,7,5.784257041791227
intervalos,641,2,0.8054177176871709
intervalos,641,3,2.1112628832255647
intervalos,641,4,3.623663825036254
intervalos,641,5,4.9942098937365955
intervalos,641,6,5.639498427942206
intervalos,641,7,5.784257041791227
intervalos,642,2,0.8293413880369835
intervalos,642,3,2.0988489402138586
intervalos,642,4,3.635674573016574
intervalos,642,5,5.056564106860369
intervalos,642,6,5.695189343372608
intervalos,642,7,5.792608212641347
intervalos,643,2,0.8297810693998371
intervalos,643,3,2.14042556538455
intervalos,643,4,3.636355489397251
intervalos,643,5,5.003222597107635
intervalos,643,6,5.649395835948221
intervalos,643,7,5.784257041791227
intervalos,644,2,0.8707877254777731
intervalos,644,3,2.203248134622144
intervalos,644,4,3.7757171351837635
intervalos,644,5,5.089352774909965
intervalos,644,6,5.657721928207202
intervalos,644,7,5.788432627216288
intervalos,645,2,0.7700598203030499
intervalos,645,3,2.0323848716308093
intervalos,645,4,3.5244687613891883
intervalos,645,5,4.847487632297565
intervalos,645,6,5.5483809266172175
intervalos,645,7,5.763379114665927
intervalos,646,2,0.7489842599841701
intervalos,646,3,1.999109371096656
intervalos,646,4,3.5356280490236274
intervalos,646,5,4.884857209991768
intervalos,646,6,5.612948835418225
intervalos,646,7,5.770154236890249
intervalos,647,2,0.7888333596856465
intervalos,647,3,2.0863607130083537
intervalos,647,4,3.658534854900514
intervalos,647,5,5.014884268211158
intervalos,647,6,5.6577219282072
intervalos,647,7,5.7759058709411075
intervalos,648,2,0.7974456004616027
intervalos,648,3,2.096091210162036
intervalos,648,4,3.624347490636916
intervalos,648,5,4.959895003337102
intervalos,648,6,5.623866658059654
intervalos,648,7,5.784257041791227
intervalos,649,2,0.7691629959851665
intervalos,649,3,2.0550007181191936
intervalos,649,4,3.5488416516367636
intervalos,649,5,4.880605106633069
intervalos,649,6,5.627009289553735
intervalos,649,7,5.767554700090987
intervalos,650,2,0.8369439955557143
intervalos,650,3,2.088561858617199
intervalos,650,4,3.5757388420696126
intervalos,650,5,4.955857331898558
intervalos,650,6,5.6218258287888405
intervalos,650,7,5.780081456366168
intervalos,651,2,0.8296345238431255
intervalos,651,3,2.133282759193646
intervalos,651,4,3.7072175324231442
intervalos,651,5,5.036928590711768
intervalos,651,6,5.664476704719135
intervalos,651,7,5.784257041791228
intervalos,652,2,0.79771703385051
intervalos,652,3,2.0974042032408042
intervalos,652,4,3.5879491540191495
intervalos,652,5,4.896190074809382
intervalos,652,6,5.561420966117318
intervalos,652,7,5.763379114665926
intervalos,653,2,0.8060712788401208
intervalos,653,3,2.122793674216299
intervalos,653,4,3.661418266566963
intervalos,653,5,5.079190911521393
intervalos,653,6,5.688434566860668
intervalos,653,7,5.788432627216288
intervalos,654,2,0.8371644980533753
intervalos,654,3,2.110441006968816
intervalos,654,4,3.597061912504209
intervalos,654,5,4.958148678153321
intervalos,654,6,5.645232789818736
intervalos,654,7,5.780081456366168
intervalos,655,2,0.769629412801218
intervalos,655,3,2.033436358614893
intervalos,655,4,3.498749317249312
intervalos,655,5,4.864611333163031
intervalos,655,6,5.606194058906292
intervalos,655,7,5.780081456366168
intervalos,656,2,0.8295062842620149
intervalos,656,3,2.147832069766491
intervalos,656,4,3.68551662504372
intervalos,656,5,5.030194038081603
intervalos,656,6,5.634784480701084
intervalos,656,7,5.784257041791228
intervalos,657,2,0.8296345238431255
intervalos,657,3,2.1392743480613685
intervalos,657,4,3.69450059073938
intervalos,657,5,5.035998069643344
intervalos,657,6,5.623866658059658
intervalos,657,7,5.780081456366167
intervalos,658,2,0.8367969750957321
intervalos,658,3,2.089882232707297
intervalos,658,4,3.5673041946265447
intervalos,658,5,4.8907148495335475
intervalos,658,6,5.537463103975795
intervalos,658,7,5.759203529240866
intervalos,659,2,0.7888333596856465
intervalos,659,3,2.0845519517085838
intervalos,659,4,3.591714017947229
intervalos,659,5,4.9657658383927705
intervalos,659,6,5.622846243424246
intervalos,659,7,5.788432627216287
intervalos,660,2,0.8297810693998371
intervalos,660,3,2.170082746770225
intervalos,660,4,3.753985043716819
intervalos,660,5,5.081654470758071
intervalos,660,6,5.695740244484234
intervalos,660,7,5.792608212641348
intervalos,661,2,0.7962688052288456
intervalos,661,3,2.0797510390909952
intervalos,661,4,3.6119049572302995
intervalos,661,5,5.010545326419113
intervalos,661,6,5.674374112725159
intervalos,661,7,5.796783798066408
intervalos,662,2,0.8143097894870892
intervalos,662,3,2.082503842895721
intervalos,662,4,3.5956543456361225
intervalos,662,5,4.994840289356149
intervalos,662,6,5.650967151695264
intervalos,662,7,5.780081456366168
intervalos,663,2,0.779326503707424
intervalos,663,3,2.041026219113864
intervalos,663,4,3.545033845317425
intervalos,663,5,4.91963417107771
intervalos,663,6,5.627009289553736
intervalos,663,7,5.792608212641347
intervalos,664,2,0.821639548225098
intervalos,664,3,2.1165971081894375
intervalos,664,4,3.56143647726775
intervalos,664,5,4.890901721914127
intervalos,664,6,5.605643157794655
intervalos,664,7,5.780081456366167
intervalos,665,2,0.7491268636623726
intervalos,665,3,1.963995847710112
intervalos,665,4,3.441929557048387
intervalos,665,5,4.80997271598639
intervalos,665,6,5.58584834178262
intervalos,665,7,5.7759058709411075
intervalos,666,2,0.8218222131733859
intervalos,666,3,2.1431252253300843
intervalos,666,4,3.690600996881518
intervalos,666,5,5.036721340804457
intervalos,666,6,5.659293243954242
intervalos,666,7,5.792608212641348
intervalos,667,2,0.7489842599841701
intervalos,667,3,1.9855056725146987
intervalos,667,4,3.466386335815825
intervalos,667,5,4.859302945328359
intervalos,667,6,5.593704920517822
intervalos,667,7,5.771730285516047
intervalos,668,2,0.7701315426605666
intervalos,668,3,2.0284767369156453
intervalos,668,4,3.5424364899650627
intervalos,668,5,4.9219905143543095
intervalos,668,6,5.6293931476567804
intervalos,668,7,5.784257041791227
intervalos,669,2,0.8428238013205762
intervalos,669,3,2.1368098759634413
intervalos,669,4,3.6445251308857003
intervalos,669,5,4.9615341125608055
intervalos,669,6,5.617662782659347
intervalos,669,7,5.7926082126413485
intervalos,670,2,0.7788946921518815
intervalos,670,3,2.011460732430443
intervalos,670,4,3.4814802817566473
intervalos,670,5,4.873663304095593
intervalos,670,6,5.587211785250251
intervalos,670,7,5.788432627216286
intervalos,671,2,0.7796143075310533
intervalos,671,3,2.008353268928853
intervalos,671,4,3.5453518582600125
intervalos,671,5,4.963236963154111
intervalos,671,6,5.600721338274132
intervalos,671,7,5.784257041791227
intervalos,672,2,0.7959246394590296
intervalos,672,3,2.07059810602222
intervalos,672,4,3.5657035093110183
intervalos,672,5,4.921555979600269
intervalos,672,6,5.633213164954044
intervalos,672,7,5.784257041791228
intervalos,673,2,0.8443174747395122
intervalos,673,3,2.087477450782824
intervalos,673,4,3.6012004304432184
intervalos,673,5,4.9721730722289745
intervalos,673,6,5.646253204454142
intervalos,673,7,5.788432627216288
intervalos,674,2,0.8443174747395122
intervalos,674,3,2.1308199390848808
intervalos,674,4,3.6199645152760422
intervalos,674,5,4.942020495378116
intervalos,674,6,5.591582703659149
intervalos,674,7,5.780081456366167
intervalos,675,2,0.788725115409677
intervalos,675,3,2.063097298500412
intervalos,675,4,3.552005390588388
intervalos,675,5,4.932909221944616
intervalos,675,6,5.647824520201182
intervalos,675,7,5.788432627216288
intervalos,676,2,0.8297810693998371
intervalos,676,3,2.136746036141111
intervalos,676,4,3.6303907048724176
intervalos,676,5,4.982662254411509
intervalos,676,6,5.6369066975597555
intervalos,676,7,5.771730285516047
intervalos,677,2,0.7977351276153795
intervalos,677,3,2.0856214541153046
intervalos,677,4,3.6106069689918665
intervalos,677,5,4.987965290312599
intervalos,677,6,5.654579296713118
intervalos,677,7,5.780081456366167
intervalos,678,2,0.8371277499858092
intervalos,678,3,2.1329383518944445
intervalos,678,4,3.594690436346436
intervalos,678,5,4.88448163515135
intervalos,678,6,5.608234888177108
intervalos,678,7,5.792608212641347
intervalos,679,2,0.7786247453933489
intervalos,679,3,2.035301416507588
intervalos,679,4,3.5467153077822813
intervalos,679,5,5.002451412487382
intervalos,679,6,5.659293243954243
intervalos,679,7,5.805134968916528
intervalos,680,2,0.7974456004616027
intervalos,680,3,2.0841094774686595
intervalos,680,4,3.6302372977031636
intervalos,680,5,5.00160807243962
intervalos,680,6,5.6311723356832255
intervalos,680,7,5.7675547000909875
intervalos,681,2,0.8442990438194486
intervalos,681,3,2.1349303816338048
intervalos,681,4,3.649292283279076
intervalos,681,5,4.997606925418418
intervalos,681,6,5.62284624342425
intervalos,681,7,5.788432627216288
intervalos,682,2,0.8134356916869185
intervalos,682,3,2.104424395986803
intervalos,682,4,3.6821243725086394
intervalos,682,5,5.08516896253714
intervalos,682,6,5.653558882077714
intervalos,682,7,5.7759058709411075
intervalos,683,2,0.7889055180908568
intervalos,683,3,2.0244985306366043
intervalos,683,4,3.4827747565642864
intervalos,683,5,4.823949196602905
intervalos,683,6,5.543748366963954
intervalos,683,7,5.771730285516047
intervalos,684,2,0.8060712788401208
intervalos,684,3,2.103746152235088
intervalos,684,4,3.6342897575001043
intervalos,684,5,4.961119612746182
intervalos,684,6,5.631172335683226
intervalos,684,7,5.792608212641347
intervalos,685,2,0.7797042346595202
intervalos,685,3,2.030155707330984
intervalos,685,4,3.531787463888648
intervalos,685,5,4.937836340417973
intervalos,685,6,5.633764066065675
intervalos,685,7,5.7926082126413485
intervalos,686,2,0.8443174747395122
intervalos,686,3,2.097399639440503
intervalos,686,4,3.588328322359708
intervalos,686,5,4.932340737615406
intervalos,686,6,5.558829235734867
intervalos,686,7,5.7508523583907465
intervalos,687,2,0.7889055180908568
intervalos,687,3,2.066327145849776
intervalos,687,4,3.6229162114196805
intervalos,687,5,4.9929592122798825
intervalos,687,6,5.641069743689243
intervalos,687,7,5.767554700090987
intervalos,688,2,0.7797581882937804
intervalos,688,3,2.0281537793425155
intervalos,688,4,3.566422220768005
intervalos,688,5,4.957316727147356
intervalos,688,6,5.642090158324651
intervalos,688,7,5.792608212641348
intervalos,689,2,0.8371277499858092
intervalos,689,3,2.1345419002117745
intervalos,689,4,3.621668781413375
intervalos,689,5,4.993051745234127
intervalos,689,6,5.6139692500536365
intervalos,689,7,5.784257041791228
intervalos,690,2,0.8499222729444391
intervalos,690,3,2.168757415105558
intervalos,690,4,3.7334916427256113
intervalos,690,5,5.090162884504424
intervalos,690,6,5.674374112725159
intervalos,690,7,5.7926082126413485
intervalos,691,2,0.8134356916869185
intervalos,691,3,2.0737649486546648
intervalos,691,4,3.576031369405289
intervalos,691,5,4.956038509758237
intervalos,691,6,5.626458388442106
intervalos,691,7,5.780081456366167
intervalos,692,2,0.8219683285195457
intervalos,692,3,2.1333344840566157
intervalos,692,4,3.6366998212944104
intervalos,692,5,4.9576054635544295
intervalos,692,6,5.633764066065678
intervalos,692,7,5.7842570417912285
intervalos,693,2,0.7974456004616027
intervalos,693,3,2.0957421922213584
intervalos,693,4,3.629632195503392
intervalos,693,5,4.964634104525251
intervalos,693,6,5.645232789818735
intervalos,693,7,5.796783798066408
intervalos,694,2,0.7974456004616027
intervalos,694,3,2.1066644185714805
intervalos,694,4,3.6540258978185403
intervalos,694,5,5.045431309937221
intervalos,694,6,5.674374112725157
intervalos,694,7,5.792608212641347
intervalos,695,2,0.788725115409677
intervalos,695,3,2.0867728773554566
intervalos,695,4,3.628805057395362
intervalos,695,5,5.034638708341779
intervalos,695,6,5.679088059966277
intervalos,695,7,5.788432627216287
intervalos,696,2,0.788725115409677
intervalos,696,3,2.0433800623341702
intervalos,696,4,3.532686694187496
intervalos,696,5,4.914325783243036
intervalos,696,6,5.623658785780249
intervalos,696,7,5.775905870941107
intervalos,697,2,0.8141641430960396
intervalos,697,3,2.0886694034779394
intervalos,697,4,3.6201592843240764
intervalos,697,5,5.016918987214695
intervalos,697,6,5.670211066595667
intervalos,697,7,5.788432627216287
intervalos,698,2,0.7700598203030499
intervalos,698,3,1.9885766925010944
intervalos,698,4,3.461099463016367
intervalos,698,5,4.891195810254782
intervalos,698,6,5.615540565800679
intervalos,698,7,5.7759058709411075
intervalos,699,2,0.7681938114664084
intervalos,699,3,2.0617101014208057
intervalos,699,4,3.611862999256403
intervalos,699,5,4.975995992767217
intervalos,699,6,5.641069743689243
intervalos,699,7,5.7842570417912285
intervalos,700,2,0.805817151056502
intervalos,700,3,2.0788921975169536
intervalos,700,4,3.5390688700164925
intervalos,700,5,4.920934229878335
intervalos,700,6,5.608234888177102
intervalos,700,7,5.771730285516047
intervalos,701,2,0.7700598203030499
intervalos,701,3,2.02078540893164
intervalos,701,4,3.5487248324102345
intervalos,701,5,4.9235571255631845
intervalos,701,6,5.622846243424249
intervalos,701,7,5.76180306604013
intervalos,702,2,0.8297810693998371
intervalos,702,3,2.154101847647021
intervalos,702,4,3.717196361160858
intervalos,702,5,5.072991270179816
intervalos,702,6,5.625437973806699
intervalos,702,7,5.7759058709411075
intervalos,703,2,0.8293413880369835
intervalos,703,3,2.165911519025058
intervalos,703,4,3.7190932761894775
intervalos,703,5,5.080448751383779
intervalos,703,6,5.738391120414537
intervalos,703,7,5.805134968916528
intervalos,704,2,0.7889055180908568
intervalos,704,3,2.102809844200471
intervalos,704,4,3.644288629991655
intervalos,704,5,5.068431882966572
intervalos,704,6,5.658742342842609
intervalos,704,7,5.784257041791227
intervalos,705,2,0.8140366905084537
intervalos,705,3,2.09540833071423
intervalos,705,4,3.6538400480219764
intervalos,705,5,5.042337012493674
intervalos,705,6,5.659293243954241
intervalos,705,7,5.780081456366167
intervalos,706,2,0.7975722756576358
intervalos,706,3,2.0463318380252424
intervalos,706,4,3.5517792282256018
intervalos,706,5,4.939832134447306
intervalos,706,6,5.643661474071691
intervalos,706,7,5.796783798066407
intervalos,707,2,0.8143279942580394
intervalos,707,3,2.0850672787630415
intervalos,707,4,3.57714237951405
intervalos,707,5,4.9540909717753605
intervalos,707,6,5.671231481231073
intervalos,707,7,5.7842570417912285
intervalos,708,2,0.8434140807144402
intervalos,708,3,2.1757828275771756
intervalos,708,4,3.7407090990722276
intervalos,708,5,5.091267425026854
intervalos,708,6,5.659293243954241
intervalos,708,7,5.767554700090987
intervalos,709,2,0.7700598203030499
intervalos,709,3,2.0458537021766907
intervalos,709,4,3.4947999924009485
intervalos,709,5,4.826649029171247
intervalos,709,6,5.572889689870379
intervalos,709,7,5.767554700090987
intervalos,710,2,0.7889055180908568
intervalos,710,3,2.0633098510986803
intervalos,710,4,3.6042376289358535
intervalos,710,5,4.955108331277129
intervalos,710,6,5.618683197294757
intervalos,710,7,5.784257041791228
intervalos,711,2,0.7796143075310533
intervalos,711,3,2.0504043393199813
intervalos,711,4,3.6203242214710767
intervalos,711,5,5.021049534194798
intervalos,711,6,5.660864559701284
intervalos,711,7,5.788432627216287
intervalos,712,2,0.7700598203030499
intervalos,712,3,2.028049257749971
intervalos,712,4,3.5212779117039585
intervalos,712,5,4.880571876179764
intervalos,712,6,5.565376139967402
intervalos,712,7,5.767554700090986
intervalos,713,2,0.7797042346595202
intervalos,713,3,2.0420277915195775
intervalos,713,4,3.5592873781281424
intervalos,713,5,4.888269837744342
intervalos,713,6,5.592133604770784
intervalos,713,7,5.788432627216287
intervalos,714,2,0.8297993865473396
intervalos,714,3,2.090555192081531
intervalos,714,4,3.5987741527064983
intervalos,714,5,4.924781734972265
intervalos,714,6,5.625437973806696
intervalos,714,7,5.7842570417912285
intervalos,715,2,0.8051634756852311
intervalos,715,3,2.061808175582857
intervalos,715,4,3.6327530762706
intervalos,715,5,5.036205319550655
intervalos,715,6,5.702495020996173
intervalos,715,7,5.805134968916528
intervalos,716,2,0.8221509519454682
intervalos,716,3,2.0799338063471144
intervalos,716,4,3.577898000429599
intervalos,716,5,4.922472962567488
intervalos,716,6,5.623397144535879
intervalos,716,7,5.771730285516047
intervalos,717,2,0.8508842363453586
intervalos,717,3,2.1562481930204047
intervalos,717,4,3.6857443675342565
intervalos,717,5,5.022061199175668
intervalos,717,6,5.636147924168717
intervalos,717,7,5.788432627216288
intervalos,718,2,0.8041824111644948
intervalos,718,3,2.1228021192756272
intervalos,718,4,3.6272179658386805
intervalos,718,5,4.9682633132573875
intervalos,718,6,5.619703611930164
intervalos,718,7,5.771730285516047
intervalos,719,2,0.8141641430960396
intervalos,719,3,2.1065142516309705
intervalos,719,4,3.665296175958875
intervalos,719,5,5.041508012864428
intervalos,719,6,5.678537158854645
intervalos,719,7,5.775905870941107
intervalos,720,2,0.8141641430960396
intervalos,720,3,2.100000071491269
intervalos,720,4,3.5938108560079502
intervalos,720,5,4.983553850505728
intervalos,720,6,5.671782382342712
intervalos,720,7,5.796783798066408
intervalos,721,2,0.779326503707424
intervalos,721,3,2.024028755027293
intervalos,721,4,3.5227712914313374
intervalos,721,5,4.90137235664919
intervalos,721,6,5.630151921047816
intervalos,721,7,5.796783798066408
intervalos,722,2,0.8059623723673444
intervalos,722,3,2.0309269883945955
intervalos,722,4,3.5385075239246406
intervalos,722,5,4.940092649747339
intervalos,722,6,5.656150612460161
intervalos,722,7,5.792608212641347
intervalos,723,2,0.7786247453933489
intervalos,723,3,2.0343192500819445
intervalos,723,4,3.5350175796653933
intervalos,723,5,4.900313120796498
intervalos,723,6,5.642090158324652
intervalos,723,7,5.788432627216287
intervalos,724,2,0.7881837739320228
intervalos,724,3,2.0519295098870622
intervalos,724,4,3.554898086355126
intervalos,724,5,4.919352935663625
intervalos,724,6,5.619152710818535
intervalos,724,7,5.763379114665926
intervalos,725,2,0.8289015725141343
intervalos,725,3,2.129286437878628
intervalos,725,4,3.6654827574049573
intervalos,725,5,5.0634319238910726
intervalos,725,6,5.661884974336688
intervalos,725,7,5.788432627216288
intervalos,726,2,0.822187473863921
intervalos,726,3,2.113800265675467
intervalos,726,4,3.6552695583721926
intervalos,726,5,5.018129256205257
intervalos,726,6,5.639498427942209
intervalos,726,7,5.796783798066407
intervalos,727,2,0.7796143075310533
intervalos,727,3,2.0415187755987674
intervalos,727,4,3.568156614213551
intervalos,727,5,4.928329457204638
intervalos,727,6,5.5811343945414995
intervalos,727,7,5.755027943815805
intervalos,728,2,0.7888333596856465
intervalos,728,3,2.062217310137625
intervalos,728,4,3.5421163493480634
intervalos,728,5,4.9056011311044365
intervalos,728,6,5.588990973276702
intervalos,728,7,5.7759058709411075
intervalos,729,2,0.8138728064390374
intervalos,729,3,2.13012422012445
intervalos,729,4,3.7235125152275166
intervalos,729,5,5.082912653207773
intervalos,729,6,5.650416250583636
intervalos,729,7,5.788432627216287
intervalos,730,2,0.7972827161949665
intervalos,730,3,2.1046117859864806
intervalos,730,4,3.6793955986070577
intervalos,730,5,5.053825006730507
intervalos,730,6,5.665497119354547
intervalos,730,7,5.782680993165431
intervalos,731,2,0.8061438786277846
intervalos,731,3,2.150401734207095
intervalos,731,4,3.6468937276721576
intervalos,731,5,5.042645783840165
intervalos,731,6,5.675394527360565
intervalos,731,7,5.788432627216287
intervalos,732,2,0.7889055180908568
intervalos,732,3,2.0656765638874997
intervalos,732,4,3.5922111021734704
intervalos,732,5,4.981939325837713
intervalos,732,6,5.653558882077713
intervalos,732,7,5.792608212641347
intervalos,733,2,0.8061438786277846
intervalos,733,3,2.041515179286521
intervalos,733,4,3.529121982313647
intervalos,733,5,4.907702653601902
intervalos,733,6,5.633764066065674
intervalos,733,7,5.792608212641348
intervalos,734,2,0.8142551738037669
intervalos,734,3,2.1612133227849712
intervalos,734,4,3.702899632727519
intervalos,734,5,5.049226694543058
intervalos,734,6,5.650416250583631
intervalos,734,7,5.780081456366168
intervalos,735,2,0.79771703385051
intervalos,735,3,2.11290039973815
intervalos,735,4,3.6116448570182778
intervalos,735,5,4.974878599318216
intervalos,735,6,5.64209015832465
intervalos,735,7,5.800959383491468
intervalos,736,2,0.7364300068776443
intervalos,736,3,1.987665868675981
intervalos,736,4,3.464545831894795
intervalos,736,5,4.786434280291731
intervalos,736,6,5.56482523885577
intervalos,736,7,5.771730285516047
intervalos,737,2,0.8208721032570807
intervalos,737,3,2.1047355514877277
intervalos,737,4,3.5915093666402624
intervalos,737,5,4.918248737728512
intervalos,737,6,5.60462274315925
intervalos,737,7,5.796783798066408
intervalos,738,2,0.7930957764254987
intervalos,738,3,2.053609135527597
intervalos,738,4,3.521921956020959
intervalos,738,5,4.891075741368132
intervalos,738,6,5.636355796448123
intervalos,738,7,5.775905870941107
intervalos,739,2,0.8143279942580394
intervalos,739,3,2.1003348819562166
intervalos,739,4,3.6426507122564873
intervalos,739,5,4.960777610946385
intervalos,739,6,5.617662782659349
intervalos,739,7,5.780081456366166
intervalos,740,2,0.8060712788401208
intervalos,740,3,2.113225202821709
intervalos,740,4,3.61692483479166
intervalos,740,5,4.99728381365341
intervalos,740,6,5.66031365858965
intervalos,740,7,5.800959383491468
intervalos,741,2,0.8219683285195457
intervalos,741,3,2.1339376710376623
intervalos,741,4,3.7031279374667467
intervalos,741,5,5.0906309922990856
intervalos,741,6,5.682700204984136
intervalos,741,7,5.796783798066408
intervalos,742,2,0.779776172398122
intervalos,742,3,2.050508345832694
intervalos,742,4,3.5742285258890405
intervalos,742,5,4.972091928316529
intervalos,742,6,5.6967606591196445
intervalos,742,7,5.788432627216288
intervalos,743,2,0.7889415959600679
intervalos,743,3,2.0364683532659056
intervalos,743,4,3.5712653533997614
intervalos,743,5,4.947068025325438
intervalos,743,6,5.643661474071694
intervalos,743,7,5.788432627216288
intervalos,744,2,0.8143097894870892
intervalos,744,3,2.0839753313477924
intervalos,744,4,3.5793836767506075
intervalos,744,5,4.953916952321355
intervalos,744,6,5.6634562900837295
intervalos,744,7,5.788432627216288
intervalos,745,2,0.7975722756576358
intervalos,745,3,2.0509017320668743
intervalos,745,4,3.5285326539634916
intervalos,745,5,4.863935975461059
intervalos,745,6,5.579644466382316
intervalos,745,7,5.788432627216287
intervalos,746,2,0.788725115409677
intervalos,746,3,2.1194343626431515
intervalos,746,4,3.682852382139173
intervalos,746,5,5.0387892902613
intervalos,746,6,5.638947526830568
intervalos,746,7,5.780081456366167
intervalos,747,2,0.8059623723673444
intervalos,747,3,2.088481815803401
intervalos,747,4,3.630959149130929
intervalos,747,5,5.03222875708514
intervalos,747,6,5.688434566860667
intervalos,747,7,5.796783798066408
intervalos,748,2,0.8371644980533753
intervalos,748,3,2.101859010149518
intervalos,748,4,3.664089840483076
intervalos,748,5,5.065313000967339
intervalos,748,6,5.6634562900837295
intervalos,748,7,5.792608212641347
intervalos,749,2,0.8363925912519334
intervalos,749,3,2.11872432417853
intervalos,749,4,3.6190629646894377
intervalos,749,5,4.936162513249018
intervalos,749,6,5.579644466382314
intervalos,749,7,5.767554700090987
intervalos,750,2,0.7597757191702809
intervalos,750,3,2.0049315075563157
intervalos,750,4,3.539983917440634
intervalos,750,5,4.951011357337648
intervalos,750,6,5.614781792409638
intervalos,750,7,5.7759058709411075
intervalos,751,2,0.7796143075310533
intervalos,751,3,2.0801315036639525
intervalos,751,4,3.581435928175361
intervalos,751,5,4.914112496227508
intervalos,751,6,5.590562289023743
intervalos,751,7,5.788432627216287
intervalos,752,2,0.8211645113064159
intervalos,752,3,2.105737556990698
intervalos,752,4,3.6537513709946956
intervalos,752,5,4.984610134981702
intervalos,752,6,5.644212375183325
intervalos,752,7,5.791032164015551
intervalos,753,2,0.8443174747395122
intervalos,753,3,2.1701987516428654
intervalos,753,4,3.7468071518129644
intervalos,753,5,5.077195460079376
intervalos,753,6,5.636147924168717
intervalos,753,7,5.765978651465191
intervalos,754,2,0.805817151056502
intervalos,754,3,2.076006892910661
intervalos,754,4,3.613894391262858
intervalos,754,5,5.006341136519553
intervalos,754,6,5.655130197824752
intervalos,754,7,5.7759058709411075
intervalos,755,2,0.8059623723673444
intervalos,755,3,2.11607845703989
intervalos,755,4,3.6490050869619552
intervalos,755,5,4.988327327051812
intervalos,755,6,5.655599711348527
intervalos,755,7,5.784257041791227
intervalos,756,2,0.8138728064390374
intervalos,756,3,2.11618980294909
intervalos,756,4,3.684694640033729
intervalos,756,5,5.028666694434248
intervalos,756,6,5.675945428472198
intervalos,756,7,5.788432627216288
intervalos,757,2,0.7700598203030499
intervalos,757,3,2.009205596275355
intervalos,757,4,3.5419067229995567
intervalos,757,5,4.9896780424557585
intervalos,757,6,5.6244175591712855
intervalos,757,7,5.7759058709411075
intervalos,758,2,0.7889055180908568
intervalos,758,3,2.0416498540727153
intervalos,758,4,3.5652126450811616
intervalos,758,5,4.94088272440238
intervalos,758,6,5.6218258287888405
intervalos,758,7,5.788432627216287
intervalos,759,2,0.79771703385051
intervalos,759,3,2.067547868168602
intervalos,759,4,3.568604952228843
intervalos,759,5,4.96070511293156
intervalos,759,6,5.6478245202011825
intervalos,759,7,5.7759058709411075
intervalos,760,2,0.8061438786277846
intervalos,760,3,2.108568560583793
intervalos,760,4,3.65624963410565
intervalos,760,5,5.018585974958119
intervalos,760,6,5.602031012776799
intervalos,760,7,5.775905870941107
intervalos,761,2,0.8293413880369835
intervalos,761,3,2.0910917036977894
intervalos,761,4,3.510912054933066
intervalos,761,5,4.817142145957912
intervalos,761,6,5.519790504822429
intervalos,761,7,5.76180306604013
intervalos,762,2,0.7889055180908568
intervalos,762,3,2.020067444465215
intervalos,762,4,3.5038853052239736
intervalos,762,5,4.824666430655801
intervalos,762,6,5.604622743159251
intervalos,762,7,5.771730285516047
intervalos,763,2,0.8570960000983664
intervalos,763,3,2.1313023867102823
intervalos,763,4,3.6615348630556084
intervalos,763,5,5.048122496607944
intervalos,763,6,5.65615061246016
intervalos,763,7,5.7842570417912285
intervalos,764,2,0.7888333596856465
intervalos,764,3,2.0540889585232063
intervalos,764,4,3.5651285033060955
intervalos,764,5,4.917164574732816
intervalos,764,6,5.608785789288742
intervalos,764,7,5.780081456366166
intervalos,765,2,0.7976627512103487
intervalos,765,3,2.0472086402208745
intervalos,765,4,3.53377604409748
intervalos,765,5,4.8591825338543915
intervalos,765,6,5.5669474557144465
intervalos,765,7,5.77015423689025
intervalos,766,2,0.7972827161949665
intervalos,766,3,2.0718979312050974
intervalos,766,4,3.558487804508931
intervalos,766,5,4.9441752832683035
intervalos,766,6,5.597317065535681
intervalos,766,7,5.784257041791227
intervalos,767,2,0.8221509519454682
intervalos,767,3,2.1253716835370375
intervalos,767,4,3.6444934171841643
intervalos,767,5,4.992940322245096
intervalos,767,6,5.639498427942204
intervalos,767,7,5.784257041791228
intervalos,768,2,0.8293413880369835
intervalos,768,3,2.116316072832387
intervalos,768,4,3.5941603124728245
intervalos,768,5,4.933184420250486
intervalos,768,6,5.559554678881449
intervalos,768,7,5.745100724339888
intervalos,769,2,0.8295062842620149
intervalos,769,3,2.137733495376252
intervalos,769,4,3.6672290905256246
intervalos,769,5,4.985000050240638
intervalos,769,6,5.688434566860669
intervalos,769,7,5.796783798066407
intervalos,770,2,0.8143279942580394
intervalos,770,3,2.110876181971352
intervalos,770,4,3.6318772315806735
intervalos,770,5,4.962980312295714
intervalos,770,6,5.639498427942205
intervalos,770,7,5.784257041791228
intervalos,771,2,0.8369439955557143
intervalos,771,3,2.085430843920475
intervalos,771,4,3.59410701882104
intervalos,771,5,4.985810159835095
intervalos,771,6,5.65929324395424
intervalos,771,7,5.792608212641348
intervalos,772,2,0.779326503707424
intervalos,772,3,2.0339280186283393
intervalos,772,4,3.556859719058461
intervalos,772,5,4.930498928100661
intervalos,772,6,5.633213164954043
intervalos,772,7,5.775905870941107
intervalos,773,2,0.8143097894870892
intervalos,773,3,2.0575757005141786
intervalos,773,4,3.5545809226539387
intervalos,773,5,4.966923644307923
intervalos,773,6,5.639498427942201
intervalos,773,7,5.77015423689025
intervalos,774,2,0.7699522302187891
intervalos,774,3,2.0109289886944803
intervalos,774,4,3.4116462434628363
intervalos,774,5,4.776633308737741
intervalos,774,6,5.5257865079433275
intervalos,774,7,5.771730285516046
intervalos,775,2,0.7972827161949665
intervalos,775,3,2.0803952332758295
intervalos,775,4,3.636734671396743
intervalos,775,5,5.030956234216919
intervalos,775,6,5.682700204984134
intervalos,775,7,5.796783798066408
intervalos,776,2,0.7701674025299572
intervalos,776,3,2.020462191705343
intervalos,776,4,3.52078038811977
intervalos,776,5,4.909961914307988
intervalos,776,6,5.618683197294758
intervalos,776,7,5.788432627216286
intervalos,777,2,0.805817151056502
intervalos,777,3,2.1013760983254004
intervalos,777,4,3.585601968440916
intervalos,777,5,4.891726514514418
intervalos,777,6,5.607765374653331
intervalos,777,7,5.788432627216286
intervalos,778,2,0.8221509519454682
intervalos,778,3,2.108183524009186
intervalos,778,4,3.6202228985574
intervalos,778,5,5.0002544056589535
intervalos,778,6,5.632743651430269
intervalos,778,7,5.792608212641348
intervalos,779,2,0.7797042346595202
intervalos,779,3,2.0520895733746003
intervalos,779,4,3.5588952036328343
intervalos,779,5,4.923301962196733
intervalos,779,6,5.614520151165272
intervalos,779,7,5.775905870941107
intervalos,780,2,0.8511431157956866
intervalos,780,3,2.1468952909520267
intervalos,780,4,3.6680446374927826
intervalos,780,5,4.979129215184969
intervalos,780,6,5.630621434571595
intervalos,780,7,5.7926082126413485
intervalos,781,2,0.8141641430960396
intervalos,781,3,2.095349765563954
intervalos,781,4,3.5787210581164275
intervalos,781,5,4.91164893699083
intervalos,781,6,5.645232789818731
intervalos,781,7,5.780081456366168
intervalos,782,2,0.8219683285195457
intervalos,782,3,2.1014369435628564
intervalos,782,4,3.589811056808934
intervalos,782,5,4.95159383949806
intervalos,782,6,5.6426410594362855
intervalos,782,7,5.792608212641348
intervalos,783,2,0.8197750454270276
intervalos,783,3,2.095647565184616
intervalos,783,4,3.5830793816080027
intervalos,783,5,4.9180807553827215
intervalos,783,6,5.579093565270681
intervalos,783,7,5.7759058709411075
intervalos,784,2,0.7599902530078912
intervalos,784,3,2.0012673674098367
intervalos,784,4,3.543663024833817
intervalos,784,5,4.934649510020182
intervalos,784,6,5.604622743159247
intervalos,784,7,5.7759058709411075
intervalos,785,2,0.8059623723673444
intervalos,785,3,2.1101066270289244
intervalos,785,4,3.599471455849502
intervalos,785,5,4.978405944023856
intervalos,785,6,5.671782382342711
intervalos,785,7,5.7926082126413485
intervalos,786,2,0.8141641430960396
intervalos,786,3,2.1213998303601556
intervalos,786,4,3.63126539521023
intervalos,786,5,4.95820798065426
intervalos,786,6,5.622846243424249
intervalos,786,7,5.792608212641348
intervalos,787,2,0.769629412801218
intervalos,787,3,1.9835305846027595
intervalos,787,4,3.4671425871565478
intervalos,787,5,4.8807066280722475
intervalos,787,6,5.604071842047617
intervalos,787,7,5.768578188264454
intervalos,788,2,0.7879310793581866
intervalos,788,3,2.1001932284169684
intervalos,788,4,3.644129632887008
intervalos,788,5,5.05497711812476
intervalos,788,6,5.692597612990155
intervalos,788,7,5.792608212641348
intervalos,789,2,0.8061801771636042
intervalos,789,3,2.0836711071386107
intervalos,789,4,3.585275938673331
intervalos,789,5,4.949265032153867
intervalos,789,6,5.6446818887071
intervalos,789,7,5.784257041791228
intervalos,790,2,0.8061801771636042
intervalos,790,3,2.067781151820336
intervalos,790,4,3.5712770025182508
intervalos,790,5,4.918938778436319
intervalos,790,6,5.619703611930166
intervalos,790,7,5.780081456366167
intervalos,791,2,0.7889415959600679
intervalos,791,3,2.0430272231557396
intervalos,791,4,3.5615001111806626
intervalos,791,5,4.95956768454314
intervalos,791,6,5.609336690400376
intervalos,791,7,5.763379114665926
intervalos,792,2,0.7885807772578501
intervalos,792,3,2.0220690302829243
intervalos,792,4,3.53331766712381
intervalos,792,5,4.874521327149189
intervalos,792,6,5.608785789288742
intervalos,792,7,5.770154236890249
intervalos,793,2,0.8060712788401208
intervalos,793,3,2.094485395301425
intervalos,793,4,3.5920200733380403
intervalos,793,5,4.902432158331703
intervalos,793,6,5.604622743159253
intervalos,793,7,5.796783798066408
intervalos,794,2,0.7700598203030499
intervalos,794,3,2.035039095635548
intervalos,794,4,3.5297183685629916
intervalos,794,5,4.953499501130013
intervalos,794,6,5.638478013306796
intervalos,794,7,5.7759058709411075
intervalos,795,2,0.7881837739320228
intervalos,795,3,2.055970957597045
intervalos,795,4,3.5329688962500096
intervalos,795,5,4.894643498539923
intervalos,795,6,5.561890479641093
intervalos,795,7,5.755027943815805
intervalos,796,2,0.79771703385051
intervalos,796,3,2.0679938650666503
intervalos,796,4,3.5961926769223735
intervalos,796,5,4.956434119538072
intervalos,796,6,5.637927112195162
intervalos,796,7,5.7759058709411075
intervalos,797,2,0.8061801771636042
intervalos,797,3,2.1024732836537456
intervalos,797,4,3.6776118541066514
intervalos,797,5,5.043060283654787
intervalos,797,6,5.647824520201183
intervalos,797,7,5.792608212641348
intervalos,798,2,0.7884003345511748
intervalos,798,3,2.020096235409058
intervalos,798,4,3.43677884312968
intervalos,798,5,4.734750762947573
intervalos,798,6,5.497457727392905
intervalos,798,7,5.75762748061507
intervalos,799,2,0.8143279942580394
intervalos,799,3,2.0922004709944155
intervalos,799,4,3.643860083628607
intervalos,799,5,5.019858155239024
intervalos,799,6,5.646253204454143
intervalos,799,7,5.788432627216287
intervalos,800,2,0.8054177176871709
intervalos,800,3,2.071297022201567
intervalos,800,4,3.5797267882578145
intervalos,800,5,4.975345219620931
intervalos,800,6,5.683251106095769
intervalos,800,7,5.800959383491469
intervalos,801,2,0.8296345238431255
intervalos,801,3,2.1297459624174544
intervalos,801,4,3.6914556277796855
intervalos,801,5,5.046709527326341
intervalos,801,6,5.650967151695263
intervalos,801,7,5.763379114665927
intervalos,802,2,0.7788946921518815
intervalos,802,3,2.0483305629674056
intervalos,802,4,3.5398789562141593
intervalos,802,5,4.921252902774677
intervalos,802,6,5.656150612460162
intervalos,802,7,5.782680993165431
intervalos,803,2,0.7976627512103487
intervalos,803,3,2.0933100693662787
intervalos,803,4,3.538860022468817
intervalos,803,5,4.91217634728643
intervalos,803,6,5.611928420782816
intervalos,803,7,5.775905870941107
intervalos,804,2,0.8060712788401208
intervalos,804,3,2.0739975631505834
intervalos,804,4,3.5717492066187733
intervalos,804,5,4.948180869158171
intervalos,804,6,5.585378828258844
intervalos,804,7,5.775905870941107
intervalos,805,2,0.7889415959600679
intervalos,805,3,2.038124515461572
intervalos,805,4,3.531510186798414
intervalos,805,5,4.9064387766313
intervalos,805,6,5.628029704189146
intervalos,805,7,5.784257041791228
intervalos,806,2,0.8041824111644948
intervalos,806,3,2.0802467824346977
intervalos,806,4,3.6124383443019483
intervalos,806,5,4.963477443514727
intervalos,806,6,5.654109783189343
intervalos,806,7,5.788432627216288
intervalos,807,2,0.7797581882937804
intervalos,807,3,2.056465018422972
intervalos,807,4,3.582536131395224
intervalos,807,5,4.948701097440925
intervalos,807,6,5.592946147126784
intervalos,807,7,5.764402602839394
intervalos,808,2,0.8060712788401208
intervalos,808,3,2.099134026493376
intervalos,808,4,3.618002467065721
intervalos,808,5,5.003155793613708
intervalos,808,6,5.651436665219042
intervalos,808,7,5.792608212641348
intervalos,809,2,0.8219683285195457
intervalos,809,3,2.0909390697440786
intervalos,809,4,3.595569632433005
intervalos,809,5,4.960209469204491
intervalos,809,6,5.6155405658006785
intervalos,809,7,5.775905870941107
intervalos,810,2,0.8141641430960396
intervalos,810,3,2.074074389540634
intervalos,810,4,3.5726600413496556
intervalos,810,5,4.925264183185445
intervalos,810,6,5.601272239385766
intervalos,810,7,5.770154236890249
intervalos,811,2,0.8136724785349556
intervalos,811,3,2.1332047319564684
intervalos,811,4,3.716176099367405
intervalos,811,5,5.08389643966892
intervalos,811,6,5.700923705249134
intervalos,811,7,5.800959383491469
intervalos,812,2,0.8220779053420825
intervalos,812,3,2.1277241299348435
intervalos,812,4,3.664915544386342
intervalos,812,5,4.9759091543338725
intervalos,812,6,5.628029704189148
intervalos,812,7,5.788432627216288
intervalos,813,2,0.8061438786277846
intervalos,813,3,2.0979517227745847
intervalos,813,4,3.6307881612841246
intervalos,813,5,5.017501811962424
intervalos,813,6,5.682700204984134
intervalos,813,7,5.800959383491469
intervalos,814,2,0.7796143075310533
intervalos,814,3,2.044215419619243
intervalos,814,4,3.6111788287821023
intervalos,814,5,5.017346682543205
intervalos,814,6,5.646253204454143
intervalos,814,7,5.788432627216288
intervalos,815,2,0.8219683285195457
intervalos,815,3,2.088607559857586
intervalos,815,4,3.6037123828023456
intervalos,815,5,4.98923781318082
intervalos,815,6,5.652538467442303
intervalos,815,7,5.782680993165431
intervalos,816,2,0.8142551738037669
intervalos,816,3,2.069054388831778
intervalos,816,4,3.5757803729069204
intervalos,816,5,4.95185469738541
intervalos,816,6,5.617111881547718
intervalos,816,7,5.780081456366167
intervalos,817,2,0.7701674025299572
intervalos,817,3,2.027934023635362
intervalos,817,4,3.5616701634465264
intervalos,817,5,4.927245294208943
intervalos,817,6,5.628580605300777
intervalos,817,7,5.784257041791228
intervalos,818,2,0.7884003345511748
intervalos,818,3,2.0168903505173263
intervalos,818,4,3.4707595564080886
intervalos,818,5,4.8608027530433064
intervalos,818,6,5.635335381812712
intervalos,818,7,5.7926082126413485
intervalos,819,2,0.8580050439316487
intervalos,819,3,2.1549885941211104
intervalos,819,4,3.6978631837332268
intervalos,819,5,5.034953174209169
intervalos,819,6,5.6551301978247555
intervalos,819,7,5.780081456366167
intervalos,820,2,0.7797042346595202
intervalos,820,3,2.0361667807975894
intervalos,820,4,3.5571806443585583
intervalos,820,5,5.0155539313922315
intervalos,820,6,5.621274927677205
intervalos,820,7,5.771730285516047
intervalos,821,2,0.7600438816005386
intervalos,821,3,2.0193400263178574
intervalos,821,4,3.5084961303453714
intervalos,821,5,4.898252329745326
intervalos,821,6,5.594725335153233
intervalos,821,7,5.7759058709411075
intervalos,822,2,0.8138728064390374
intervalos,822,3,2.09742111845411
intervalos,822,4,3.6221183403157875
intervalos,822,5,4.951854697385411
intervalos,822,6,5.627009289553738
intervalos,822,7,5.784257041791227
intervalos,823,2,0.8218222131733859
intervalos,823,3,2.0904806511349068
intervalos,823,4,3.6066764807174385
intervalos,823,5,4.9641716912514875
intervalos,823,6,5.678537158854647
intervalos,823,7,5.796783798066408
intervalos,824,2,0.8061801771636042
intervalos,824,3,2.114000055084073
intervalos,824,4,3.6310864477266307
intervalos,824,5,4.986914700357525
intervalos,824,6,5.684271520731176
intervalos,824,7,5.788432627216288
intervalos,825,2,0.8291398225847794
intervalos,825,3,2.1166203618197836
intervalos,825,4,3.6155376635607257
intervalos,825,5,4.89726968818881
intervalos,825,6,5.614520151165268
intervalos,825,7,5.788432627216288
intervalos,826,2,0.7970836107297171
intervalos,826,3,2.019162417746446
intervalos,826,4,3.4515941077727206
intervalos,826,5,4.822424461744952
intervalos,826,6,5.533300057846302
intervalos,826,7,5.77015423689025
intervalos,827,2,0.7884003345511748
intervalos,827,3,2.077745187416033
intervalos,827,4,3.5726353178658083
intervalos,827,5,4.956887886914216
intervalos,827,6,5.637927112195162
intervalos,827,7,5.784257041791228
intervalos,828,2,0.851217072736636
intervalos,828,3,2.1661908693442933
intervalos,828,4,3.7261864444423902
intervalos,828,5,5.087752933247785
intervalos,828,6,5.666048020466178
intervalos,828,7,5.788432627216288
intervalos,829,2,0.8291398225847795
intervalos,829,3,2.150519936084729
intervalos,829,4,3.7012411069811684
intervalos,829,5,4.98476526440092
intervalos,829,6,5.607214473541699
intervalos,829,7,5.7602270174143335
intervalos,830,2,0.8138728064390374
intervalos,830,3,2.1015191184963564
intervalos,830,4,3.6307642912158893
intervalos,830,5,5.042525372366198
intervalos,830,6,5.654579296713122
intervalos,830,7,5.784257041791228
intervalos,831,2,0.8138728064390374
intervalos,831,3,2.110804333073352
intervalos,831,4,3.6304903148351273
intervalos,831,5,4.960237005136897
intervalos,831,6,5.653558882077709
intervalos,831,7,5.780081456366167
intervalos,832,2,0.8023638725843942
intervalos,832,3,2.0479379291900512
intervalos,832,4,3.5597629774714035
intervalos,832,5,4.932320702675988
intervalos,832,6,5.632192750318631
intervalos,832,7,5.7842570417912285
intervalos,833,2,0.8051634756852311
intervalos,833,3,2.0514560577492045
intervalos,833,4,3.5485986786665564
intervalos,833,5,4.976029565807839
intervalos,833,6,5.650416250583627
intervalos,833,7,5.792608212641348
intervalos,834,2,0.7884003345511748
intervalos,834,3,2.080727310843451
intervalos,834,4,3.610220882594707
intervalos,834,5,5.028573818892688
intervalos,834,6,5.684271520731178
intervalos,834,7,5.792608212641348
intervalos,835,2,0.7889415959600679
intervalos,835,3,2.1015857326848613
intervalos,835,4,3.6410283369210923
intervalos,835,5,4.966647071005007
intervalos,835,6,5.608234888177107
intervalos,835,7,5.771730285516046
intervalos,836,2,0.8143279942580394
intervalos,836,3,2.0466419411803622
intervalos,836,4,3.5343890972470966
intervalos,836,5,4.928793357970347
intervalos,836,6,5.60878578928874
intervalos,836,7,5.775905870941107
intervalos,837,2,0.7796143075310533
intervalos,837,3,2.0348217232436854
intervalos,837,4,3.535763988087124
intervalos,837,5,4.885184528785729
intervalos,837,6,5.580664881017727
intervalos,837,7,5.767554700090987
intervalos,838,2,0.7701315426605666
intervalos,838,3,1.9934154659059538
intervalos,838,4,3.450356712079491
intervalos,838,5,4.802454125809401
intervalos,838,6,5.550972656999665
intervalos,838,7,5.770154236890249
intervalos,839,2,0.8297810693998371
intervalos,839,3,2.101877698202106
intervalos,839,4,3.6194509803538177
intervalos,839,5,4.99040995951449
intervalos,839,6,5.642641059436284
intervalos,839,7,5.784257041791228
intervalos,840,2,0.805817151056502
intervalos,840,3,2.085320117664529
intervalos,840,4,3.5822128132193503
intervalos,840,5,4.9506489780111185
intervalos,840,6,5.629050118824552
intervalos,840,7,5.77432982231531
intervalos,841,2,0.779326503707424
intervalos,841,3,2.051498705078682
intervalos,841,4,3.5114164092439046
intervalos,841,5,4.870622614632085
intervalos,841,6,5.618132296183126
intervalos,841,7,5.77432982231531
intervalos,842,2,0.8138728064390374
intervalos,842,3,2.0920933911424666
intervalos,842,4,3.6158524387914768
intervalos,842,5,4.959278948136068
intervalos,842,6,5.629601019936189
intervalos,842,7,5.784257041791228
intervalos,843,2,0.7367323355285157
intervalos,843,3,1.9721170733512907
intervalos,843,4,3.509003398923202
intervalos,843,5,4.954003790754699
intervalos,843,6,5.641069743689245
intervalos,843,7,5.780081456366167
intervalos,844,2,0.7698087645469867
intervalos,844,3,2.0478652816620517
intervalos,844,4,3.557100717543834
intervalos,844,5,4.819792920162485
intervalos,844,6,5.553564387382117
intervalos,844,7,5.759203529240866
intervalos,845,2,0.7797042346595202
intervalos,845,3,2.1004237060060165
intervalos,845,4,3.6232215790472466
intervalos,845,5,5.006019512246491
intervalos,845,6,5.6468041055657725
intervalos,845,7,5.788432627216288
intervalos,846,2,0.8218222131733859
intervalos,846,3,2.114520800092248
intervalos,846,4,3.6434247792595884
intervalos,846,5,4.966021001759222
intervalos,846,6,5.655130197824754
intervalos,846,7,5.792608212641348
intervalos,847,2,0.822187473863921
intervalos,847,3,2.1226128278292786
intervalos,847,4,3.6886618796722224
intervalos,847,5,5.00148230903207
intervalos,847,6,5.613499736529857
intervalos,847,7,5.775905870941107
intervalos,848,2,0.8370542510324834
intervalos,848,3,2.1460024959055533
intervalos,848,4,3.705250385362206
intervalos,848,5,5.027784086824964
intervalos,848,6,5.657171027095572
intervalos,848,7,5.796783798066408
intervalos,849,2,0.7881837739320228
intervalos,849,3,2.102754510852951
intervalos,849,4,3.6788668091703056
intervalos,849,5,5.12033435139007
intervalos,849,6,5.719147205514132
intervalos,849,7,5.796783798066408
intervalos,850,2,0.8208721032570807
intervalos,850,3,2.076807727749606
intervalos,850,4,3.562731150444809
intervalos,850,5,4.906520263131062
intervalos,850,6,5.614989664689048
intervalos,850,7,5.771730285516046
intervalos,851,2,0.7600438816005386
intervalos,851,3,2.039030538912362
intervalos,851,4,3.601443239076945
intervalos,851,5,5.0180363806636965
intervalos,851,6,5.7108211132551565
intervalos,851,7,5.805134968916528
intervalos,852,2,0.8143097894870892
intervalos,852,3,2.079320076092889
intervalos,852,4,3.5637330958456546
intervalos,852,5,4.9449611508943905
intervalos,852,6,5.641069743689246
intervalos,852,7,5.771730285516046
intervalos,853,2,0.788725115409677
intervalos,853,3,2.0629697797299653
intervalos,853,4,3.6164627597136074
intervalos,853,5,5.0080542312500285
intervalos,853,6,5.666048020466181
intervalos,853,7,5.792608212641348
intervalos,854,2,0.8060712788401208
intervalos,854,3,2.109255581409518
intervalos,854,4,3.6269607007427807
intervalos,854,5,4.968370186630149
intervalos,854,6,5.670761967707302
intervalos,854,7,5.771730285516047
intervalos,855,2,0.8366131783667845
intervalos,855,3,2.130557156205059
intervalos,855,4,3.642339829959765
intervalos,855,5,5.027147654097194
intervalos,855,6,5.66133407322506
intervalos,855,7,5.776929359114574
intervalos,856,2,0.7972827161949665
intervalos,856,3,2.0704078937602377
intervalos,856,4,3.6128025916362008
intervalos,856,5,4.956935800373356
intervalos,856,6,5.629601019936185
intervalos,856,7,5.775905870941107
intervalos,857,2,0.8054177176871709
intervalos,857,3,2.0680828058054104
intervalos,857,4,3.559606836124973
intervalos,857,5,4.9176326825274765
intervalos,857,6,5.643661474071695
intervalos,857,7,5.784257041791227
intervalos,858,2,0.8061801771636042
intervalos,858,3,2.07664678812132
intervalos,858,4,3.5776683249722327
intervalos,858,5,4.956742890884561
intervalos,858,6,5.60045969702976
intervalos,858,7,5.7759058709411075
intervalos,859,2,0.8219683285195457
intervalos,859,3,2.0879740170275323
intervalos,859,4,3.5626918194948245
intervalos,859,5,4.883999186938172
intervalos,859,6,5.60305142741221
intervalos,859,7,5.788432627216287
intervalos,860,2,0.7797581882937804
intervalos,860,3,2.057958862553331
intervalos,860,4,3.5993925501908093
intervalos,860,5,4.987376771043971
intervalos,860,6,5.644212375183326
intervalos,860,7,5.788432627216288
intervalos,861,2,0.8370542510324834
intervalos,861,3,2.1009154368696707
intervalos,861,4,3.578729612319167
intervalos,861,5,4.916654590587229
intervalos,861,6,5.611377519671184
intervalos,861,7,5.7842570417912285
intervalos,862,2,0.8141641430960396
intervalos,862,3,2.0988506777641636
intervalos,862,4,3.5885367021002215
intervalos,862,5,4.899845013001835
intervalos,862,6,5.560870065005684
intervalos,862,7,5.740925138914829
intervalos,863,2,0.7797581882937804
intervalos,863,3,1.9939409849547562
intervalos,863,4,3.472953024160211
intervalos,863,5,4.851745087589847
intervalos,863,6,5.590562289023741
intervalos,863,7,5.788432627216287
intervalos,864,2,0.8440225515695329
intervalos,864,3,2.1835572010775905
intervalos,864,4,3.7622375694274868
intervalos,864,5,5.088803523202859
intervalos,864,6,5.693618027625564
intervalos,864,7,5.792608212641348
intervalos,865,2,0.7889415959600679
intervalos,865,3,2.0671848084073003
intervalos,865,4,3.5595739762324894
intervalos,865,5,4.967607990494831
intervalos,865,6,5.641069743689247
intervalos,865,7,5.792608212641348
intervalos,866,2,0.7975722756576358
intervalos,866,3,2.0783815374484598
intervalos,866,4,3.556475054522863
intervalos,866,5,4.939672797999134
intervalos,866,6,5.600459697029761
intervalos,866,7,5.771730285516046
intervalos,867,2,0.8143097894870892
intervalos,867,3,2.0899697786840408
intervalos,867,4,3.635661308994827
intervalos,867,5,5.055049616139587
intervalos,867,6,5.684271520731175
intervalos,867,7,5.796783798066408
intervalos,868,2,0.8442437496370732
intervalos,868,3,2.1676116780066677
intervalos,868,4,3.7139603325440844
intervalos,868,5,5.014729481379255
intervalos,868,6,5.630151921047819
intervalos,868,7,5.7785054077403695
intervalos,869,2,0.7797581882937804
intervalos,869,3,2.042106096100782
intervalos,869,4,3.531703251064377
intervalos,869,5,4.832612397181158
intervalos,869,6,5.55725791998783
intervalos,869,7,5.771730285516047
intervalos,870,2,0.8371644980533753
intervalos,870,3,2.155437654423599
intervalos,870,4,3.6787910902434273
intervalos,870,5,5.031847487723823
intervalos,870,6,5.656701513571793
intervalos,870,7,5.780081456366167
intervalos,871,2,0.779776172398122
intervalos,871,3,2.042886752823332
intervalos,871,4,3.5163039859737646
intervalos,871,5,4.891765439488624
intervalos,871,6,5.609806203924148
intervalos,871,7,5.775905870941107
intervalos,872,2,0.8295062842620149
intervalos,872,3,2.1175446681260146
intervalos,872,4,3.6217340214307763
intervalos,872,5,4.948628942013415
intervalos,872,6,5.615540565800679
intervalos,872,7,5.771730285516047
intervalos,873,2,0.8295062842620149
intervalos,873,3,2.1103666964315204
intervalos,873,4,3.61704580019783
intervalos,873,5,4.944223196727443
intervalos,873,6,5.628580605300775
intervalos,873,7,5.796783798066407
intervalos,874,2,0.7965766741539413
intervalos,874,3,2.04563988197488
intervalos,874,4,3.4809298528582606
intervalos,874,5,4.794822625151433
intervalos,874,6,5.556156117764561
intervalos,874,7,5.763379114665927
intervalos,875,2,0.8125063848866629
intervalos,875,3,2.0857734351899406
intervalos,875,4,3.5788468347815976
intervalos,875,5,4.947698420944991
intervalos,875,6,5.62939314765678
intervalos,875,7,5.788432627216288
intervalos,876,2,0.8143097894870892
intervalos,876,3,2.0985167234591757
intervalos,876,4,3.642263941179158
intervalos,876,5,5.047418115481619
intervalos,876,6,5.684271520731177
intervalos,876,7,5.788432627216288
intervalos,877,2,0.8211645113064159
intervalos,877,3,2.1440101086189123
intervalos,877,4,3.7129431163334807
intervalos,877,5,5.0784287153860745
intervalos,877,6,5.66345629008373
intervalos,877,7,5.784257041791228
intervalos,878,2,0.7885807772578501
intervalos,878,3,2.029750073949623
intervalos,878,4,3.5522253725323116
intervalos,878,5,4.904458008195119
intervalos,878,6,5.629601019936187
intervalos,878,7,5.796783798066407
intervalos,879,2,0.8283149428686898
intervalos,879,3,2.115066126374245
intervalos,879,4,3.655565918052511
intervalos,879,5,5.017655453889696
intervalos,879,6,5.637927112195164
intervalos,879,7,5.788432627216289
intervalos,880,2,0.8438566306056344
intervalos,880,3,2.164112134437066
intervalos,880,4,3.715196255340765
intervalos,880,5,5.025575690954736
intervalos,880,6,5.644212375183326
intervalos,880,7,5.784257041791228
intervalos,881,2,0.8061801771636042
intervalos,881,3,2.0801205865393158
intervalos,881,4,3.57547828562693
intervalos,881,5,4.926415149675067
intervalos,881,6,5.636906697559753
intervalos,881,7,5.792608212641348
intervalos,882,2,0.7594180935229946
intervalos,882,3,2.01632257638473
intervalos,882,4,3.4835405738066987
intervalos,882,5,4.802081725588206
intervalos,882,6,5.543197465852324
intervalos,882,7,5.7592035292408665
intervalos,883,2,0.7599902530078912
intervalos,883,3,1.9779651758230898
intervalos,883,4,3.4312674176314215
intervalos,883,5,4.855119132955532
intervalos,883,6,5.585378828258847
intervalos,883,7,5.771730285516045
intervalos,884,2,0.779326503707424
intervalos,884,3,2.0294561313851602
intervalos,884,4,3.5057162600490477
intervalos,884,5,4.886442368648116
intervalos,884,6,5.594725335153231
intervalos,884,7,5.77015423689025
intervalos,885,2,0.8220779053420824
intervalos,885,3,2.147843712271396
intervalos,885,4,3.7055767342180803
intervalos,885,5,5.026752044317361
intervalos,885,6,5.6369066975597555
intervalos,885,7,5.782680993165431
intervalos,886,2,0.7889055180908568
intervalos,886,3,2.10031804777107
intervalos,886,4,3.6402219073278026
intervalos,886,5,5.051241036019862
intervalos,886,6,5.682700204984135
intervalos,886,7,5.788432627216288
intervalos,887,2,0.7600438816005386
intervalos,887,3,1.9819425559759698
intervalos,887,4,3.4428660296599536
intervalos,887,5,4.822670979213785
intervalos,887,6,5.598888381282717
intervalos,887,7,5.755027943815805
intervalos,888,2,0.7889055180908568
intervalos,888,3,2.0717416032286695
intervalos,888,4,3.593501400862293
intervalos,888,5,4.927962870849156
intervalos,888,6,5.619703611930164
intervalos,888,7,5.792608212641348
intervalos,889,2,0.8218222131733859
intervalos,889,3,2.087781442499956
intervalos,889,4,3.5657416853427515
intervalos,889,5,4.9198210434582865
intervalos,889,6,5.563253923108728
intervalos,889,7,5.753451895190008
intervalos,890,2,0.8220779053420825
intervalos,890,3,2.131755490884392
intervalos,890,4,3.5915263822928742
intervalos,890,5,4.947563669052506
intervalos,890,6,5.6254379738066955
intervalos,890,7,5.764402602839393
intervalos,891,2,0.7888333596856465
intervalos,891,3,2.0070200089217294
intervalos,891,4,3.5072831853988866
intervalos,891,5,4.920096584351471
intervalos,891,6,5.633764066065677
intervalos,891,7,5.796783798066408
intervalos,892,2,0.8289015725141343
intervalos,892,3,2.1132642644203568
intervalos,892,4,3.6506382129946275
intervalos,892,5,5.02321900509082
intervalos,892,6,5.680108474601684
intervalos,892,7,5.792608212641348
intervalos,893,2,0.7974456004616027
intervalos,893,3,2.059533863701965
intervalos,893,4,3.5669710206250036
intervalos,893,5,4.956140031197417
intervalos,893,6,5.632192750318634
intervalos,893,7,5.759203529240866
intervalos,894,2,0.8367969750957321
intervalos,894,3,2.1882724833820006
intervalos,894,4,3.722211328400444
intervalos,894,5,5.05620172753384
intervalos,894,6,5.670211066595671
intervalos,894,7,5.788432627216287
intervalos,895,2,0.7968482692316936
intervalos,895,3,2.105989160584374
intervalos,895,4,3.6350401748542125
intervalos,895,5,4.977442192502127
intervalos,895,6,5.641069743689246
intervalos,895,7,5.7842570417912285
intervalos,896,2,0.8370542510324834
intervalos,896,3,2.118723354934471
intervalos,896,4,3.632444815751613
intervalos,896,5,4.955161939257168
intervalos,896,6,5.639498427942204
intervalos,896,7,5.7926082126413485
intervalos,897,2,0.7485920290763748
intervalos,897,3,1.9980006110730593
intervalos,897,4,3.498520844289892
intervalos,897,5,4.901700018030468
intervalos,897,6,5.632743651430267
intervalos,897,7,5.788432627216287
intervalos,898,2,0.788725115409677
intervalos,898,3,2.0353026741721227
intervalos,898,4,3.531888249219115
intervalos,898,5,4.931959810841405
intervalos,898,6,5.655130197824751
intervalos,898,7,5.792608212641348
intervalos,899,2,0.8142551738037669
intervalos,899,3,2.112306424972661
intervalos,899,4,3.6709561462594147
intervalos,899,5,5.017187346095033
intervalos,899,6,5.642090158324651
intervalos,899,7,5.784257041791228
intervalos,900,2,0.7599902530078912
intervalos,900,3,1.9932468013395246
intervalos,900,4,3.4140911696199576
intervalos,900,5,4.777998707147521
intervalos,900,6,5.587970558641293
intervalos,900,7,5.784257041791228
intervalos,901,2,0.7884003345511748
intervalos,901,3,2.055048694188008
intervalos,901,4,3.5379711110776313
intervalos,901,5,4.822463386719157
intervalos,901,6,5.539503933246612
intervalos,901,7,5.767554700090987
intervalos,902,2,0.8438566306056343
intervalos,902,3,2.09745471450407
intervalos,902,4,3.6040714984035405
intervalos,902,5,4.9610603102452435
intervalos,902,6,5.643110572960062
intervalos,902,7,5.788432627216286
intervalos,903,2,0.8297810693998371
intervalos,903,3,2.1341859983587486
intervalos,903,4,3.6689047102810313
intervalos,903,5,5.074076578080142
intervalos,903,6,5.685842836478217
intervalos,903,7,5.784257041791227
intervalos,904,2,0.8059623723673444
intervalos,904,3,2.0781057383226056
intervalos,904,4,3.6386793411108496
intervalos,904,5,4.998354438547901
intervalos,904,6,5.670211066595667
intervalos,904,7,5.800959383491469
intervalos,905,2,0.8061438786277846
intervalos,905,3,2.076130190635836
intervalos,905,4,3.6118757859599677
intervalos,905,5,4.954052046801156
intervalos,905,6,5.628580605300775
intervalos,905,7,5.788432627216287
intervalos,906,2,0.8575413185866801
intervalos,906,3,2.142632689983424
intervalos,906,4,3.652461377262389
intervalos,906,5,5.011515115049058
intervalos,906,6,5.6696601654840375
intervalos,906,7,5.788432627216288
intervalos,907,2,0.769629412801218
intervalos,907,3,1.998131251347095
intervalos,907,4,3.53576512552091
intervalos,907,5,4.919118149823907
intervalos,907,6,5.596296650900275
intervalos,907,7,5.76597865146519
intervalos,908,2,0.8283149428686898
intervalos,908,3,2.124946469111328
intervalos,908,4,3.639854060636927
intervalos,908,5,4.959789274868969
intervalos,908,6,5.599439282394349
intervalos,908,7,5.767554700090987
intervalos,909,2,0.7885807772578501
intervalos,909,3,2.0664218170262942
intervalos,909,4,3.564634880853331
intervalos,909,5,4.89536994432026
intervalos,909,6,5.625988874918329
intervalos,909,7,5.796783798066407
intervalos,910,2,0.7493050989641634
intervalos,910,3,1.9929041786703072
intervalos,910,4,3.483110961789184
intervalos,910,5,4.849107508899163
intervalos,910,6,5.580664881017719
intervalos,910,7,5.788432627216287
intervalos,911,2,0.788725115409677
intervalos,911,3,2.0538919938395135
intervalos,911,4,3.544846996654031
intervalos,911,5,4.904820387521648
intervalos,911,6,5.6054352855152505
intervalos,911,7,5.775905870941107
intervalos,912,2,0.7669005706209151
intervalos,912,3,2.018809944804878
intervalos,912,4,3.5715546278778523
intervalos,912,5,4.992544712465261
intervalos,912,6,5.632743651430267
intervalos,912,7,5.7842570417912285
intervalos,913,2,0.7885807772578501
intervalos,913,3,2.087984863890545
intervalos,913,4,3.6269599194180437
intervalos,913,5,5.019926446224897
intervalos,913,6,5.627009289553738
intervalos,913,7,5.7759058709411075
intervalos,914,2,0.7976627512103487
intervalos,914,3,2.087385314187823
intervalos,914,4,3.6149791665032733
intervalos,914,5,5.000490678990618
intervalos,914,6,5.6577219282072
intervalos,914,7,5.792608212641348
intervalos,915,2,0.8131624280223317
intervalos,915,3,2.1102542873295653
intervalos,915,4,3.6480492743942783
intervalos,915,5,4.984663742961741
intervalos,915,6,5.625437973806694
intervalos,915,7,5.784257041791227
intervalos,916,2,0.7600438816005386
intervalos,916,3,2.009768524745268
intervalos,916,4,3.465165997092237
intervalos,916,5,4.847969737923427
intervalos,916,6,5.566053525770583
intervalos,916,7,5.763379114665926
intervalos,917,2,0.8441515879251735
intervalos,917,3,2.132177681661214
intervalos,917,4,3.612600535705625
intervalos,917,5,4.967005130807685
intervalos,917,6,5.631172335683229
intervalos,917,7,5.775905870941107
intervalos,918,2,0.8142551738037669
intervalos,918,3,2.103883068916258
intervalos,918,4,3.635476981377398
intervalos,918,5,5.029504339961111
intervalos,918,6,5.636906697559755
intervalos,918,7,5.788432627216288
intervalos,919,2,0.7889415959600679
intervalos,919,3,2.033320944180944
intervalos,919,4,3.5104875253502463
intervalos,919,5,4.884809296532628
intervalos,919,6,5.625437973806692
intervalos,919,7,5.7759058709411075
intervalos,920,2,0.8060712788401208
intervalos,920,3,2.1222545760793734
intervalos,920,4,3.6671330174013392
intervalos,920,5,5.072234768565398
intervalos,920,6,5.6884345668606695
intervalos,920,7,5.78268099316543
intervalos,921,2,0.779128605846846
intervalos,921,3,2.0644860274754087
intervalos,921,4,3.596417965951488
intervalos,921,5,4.982166953271758
intervalos,921,6,5.642090158324653
intervalos,921,7,5.767554700090986
intervalos,922,2,0.788725115409677
intervalos,922,3,2.0673917744910884
intervalos,922,4,3.5724668585094648
intervalos,922,5,4.927587296008738
intervalos,922,6,5.636355796448126
intervalos,922,7,5.7759058709411075
intervalos,923,2,0.8117041505409355
intervalos,923,3,2.0874233394911976
intervalos,923,4,3.5671058929565262
intervalos,923,5,4.927380046101428
intervalos,923,6,5.666048020466178
intervalos,923,7,5.784257041791228
intervalos,924,2,0.7377988861933126
intervalos,924,3,1.9650379793639154
intervalos,924,4,3.4552940546256328
intervalos,924,5,4.841543956639753
intervalos,924,6,5.594725335153234
intervalos,924,7,5.7926082126413485
intervalos,925,2,0.779128605846846
intervalos,925,3,2.0255823488674713
intervalos,925,4,3.5620219343651494
intervalos,925,5,4.89747693809612
intervalos,925,6,5.595276236264865
intervalos,925,7,5.771730285516047
intervalos,926,2,0.7701674025299572
intervalos,926,3,2.0434514893603546
intervalos,926,4,3.599680405949273
intervalos,926,5,4.98487963876667
intervalos,926,6,5.6410697436892425
intervalos,926,7,5.771730285516047
intervalos,927,2,0.7599902530078912
intervalos,927,3,1.989830602921705
intervalos,927,4,3.3948739277504463
intervalos,927,5,4.759409573925041
intervalos,927,6,5.569747058376295
intervalos,927,7,5.765978651465189
intervalos,928,2,0.7884003345511748
intervalos,928,3,2.0795188417009642
intervalos,928,4,3.5810389192515384
intervalos,928,5,4.942342119651177
intervalos,928,6,5.633556193786272
intervalos,928,7,5.796783798066408
intervalos,929,2,0.8297810693998371
intervalos,929,3,2.1624574888378314
intervalos,929,4,3.6846736993142173
intervalos,929,5,4.933598920065108
intervalos,929,6,5.608785789288739
intervalos,929,7,5.780081456366167
intervalos,930,2,0.8056356040312916
intervalos,930,3,2.084484508206329
intervalos,930,4,3.5794512153286453
intervalos,930,5,4.950321659217157
intervalos,930,6,5.622846243424249
intervalos,930,7,5.792608212641348
intervalos,931,2,0.8060712788401208
intervalos,931,3,2.089760127708195
intervalos,931,4,3.6023422877428652
intervalos,931,5,5.0109945441789865
intervalos,931,6,5.660864559701283
intervalos,931,7,5.792608212641348
intervalos,932,2,0.779128605846846
intervalos,932,3,2.0115067689426653
intervalos,932,4,3.4391970371198592
intervalos,932,5,4.814075384446772
intervalos,932,6,5.542177051216914
intervalos,932,7,5.759203529240867
intervalos,933,2,0.8367969750957321
intervalos,933,3,2.1398422007878044
intervalos,933,4,3.6365788775271053
intervalos,933,5,4.986499857955586
intervalos,933,6,5.666048020466176
intervalos,933,7,5.788432627216288
intervalos,934,2,0.7700598203030499
intervalos,934,3,2.044487226114775
intervalos,934,4,3.528715960052022
intervalos,934,5,4.8817964855888425
intervalos,934,6,5.583807512511802
intervalos,934,7,5.757627480615069
intervalos,935,2,0.8201773967790509
intervalos,935,3,2.088149403445149
intervalos,935,4,3.573294279168953
intervalos,935,5,4.9117750429856954
intervalos,935,6,5.655130197824754
intervalos,935,7,5.780081456366167
intervalos,936,2,0.8371277499858092
intervalos,936,3,2.1334641837868324
intervalos,936,4,3.6412471699088553
intervalos,936,5,4.915796567533632
intervalos,936,6,5.569196157264663
intervalos,936,7,5.761803066040129
intervalos,937,2,0.7797581882937804
intervalos,937,3,2.0284152819973587
intervalos,937,4,3.5271653961249143
intervalos,937,5,4.872459072213246
intervalos,937,6,5.582236196764763
intervalos,937,7,5.788432627216288
intervalos,938,2,0.8296345238431255
intervalos,938,3,2.1330265216287696
intervalos,938,4,3.643977312087259
intervalos,938,5,4.997987852192418
intervalos,938,6,5.623866658059655
intervalos,938,7,5.792608212641348
intervalos,939,2,0.822187473863921
intervalos,939,3,2.106043158289258
intervalos,939,4,3.6823483280415106
intervalos,939,5,5.064884160734199
intervalos,939,6,5.694168928737194
intervalos,939,7,5.7842570417912285
intervalos,940,2,0.7797042346595202
intervalos,940,3,2.0172404575799603
intervalos,940,4,3.5184666514830263
intervalos,940,5,4.87735147274135
intervalos,940,6,5.6036023285238405
intervalos,940,7,5.778505407740371
intervalos,941,2,0.7788946921518815
intervalos,941,3,2.0495807267410715
intervalos,941,4,3.591741691179208
intervalos,941,5,4.9382508402325955
intervalos,941,6,5.617111881547723
intervalos,941,7,5.788432627216288
intervalos,942,2,0.805817151056502
intervalos,942,3,2.080922932983123
intervalos,942,4,3.631027186494569
intervalos,942,5,5.010323736093284
intervalos,942,6,5.663456290083733
intervalos,942,7,5.792608212641348
intervalos,943,2,0.8141641430960396
intervalos,943,3,2.090749664218628
intervalos,943,4,3.6062452336640427
intervalos,943,5,4.9631007237696805
intervalos,943,6,5.6442123751833275
intervalos,943,7,5.788432627216287
intervalos,944,2,0.8060712788401208
intervalos,944,3,2.065762420030752
intervalos,944,4,3.5462609275495396
intervalos,944,5,4.932875648903995
intervalos,944,6,5.618683197294754
intervalos,944,7,5.780081456366167
intervalos,945,2,0.8220779053420825
intervalos,945,3,2.1083221652751223
intervalos,945,4,3.638500528253357
intervalos,945,5,5.004500814496755
intervalos,945,6,5.659293243954242
intervalos,945,7,5.788432627216289
intervalos,946,2,0.7701674025299572
intervalos,946,3,2.0259331543665686
intervalos,946,4,3.5222159077424884
intervalos,946,5,4.942382532117329
intervalos,946,6,5.654579296713122
intervalos,946,7,5.788432627216287
intervalos,947,2,0.8289015725141344
intervalos,947,3,2.1292255426986775
intervalos,947,4,3.6525257970078804
intervalos,947,5,5.058872879265145
intervalos,947,6,5.634784480701082
intervalos,947,7,5.774329822315311
intervalos,948,2,0.7796143075310533
intervalos,948,3,2.0514969323601324
intervalos,948,4,3.5269699179739766
intervalos,948,5,4.898566795612716
intervalos,948,6,5.650416250583633
intervalos,948,7,5.800959383491469
intervalos,949,2,0.8221509519454682
intervalos,949,3,2.132295853854924
intervalos,949,4,3.653350981041375
intervalos,949,5,4.955108331277129
intervalos,949,6,5.611377519671185
intervalos,949,7,5.77432982231531
intervalos,950,2,0.8138728064390374
intervalos,950,3,2.076596494534596
intervalos,950,4,3.59798525303768
intervalos,950,5,5.002037255260077
intervalos,950,6,5.657721928207201
intervalos,950,7,5.796783798066408
intervalos,951,2,0.7876422320957379
intervalos,951,3,2.047050535687106
intervalos,951,4,3.507362086909451
intervalos,951,5,4.838651557169934
intervalos,951,6,5.589541874388332
intervalos,951,7,5.780081456366167
intervalos,952,2,0.8054177176871709
intervalos,952,3,2.0794495550982885
intervalos,952,4,3.625722344756347
intervalos,952,5,4.9690877632703625
intervalos,952,6,5.653351009798306
intervalos,952,7,5.796783798066407
intervalos,953,2,0.8297261165613208
intervalos,953,3,2.1089583138997727
intervalos,953,4,3.634772089321504
intervalos,953,5,5.031070951169988
intervalos,953,6,5.668639750848627
intervalos,953,7,5.792608212641348
intervalos,954,2,0.8502183307421937
intervalos,954,3,2.1298790375145313
intervalos,954,4,3.6503892823453024
intervalos,954,5,4.9806811433880105
intervalos,954,6,5.616091466912308
intervalos,954,7,5.7675547000909875
intervalos,955,2,0.786558546277596
intervalos,955,3,2.0225500926461453
intervalos,955,4,3.474238672175484
intervalos,955,5,4.898607208078868
intervalos,955,6,5.641069743689246
intervalos,955,7,5.796783798066408
intervalos,956,2,0.7977351276153795
intervalos,956,3,2.092410031731063
intervalos,956,4,3.614343013351193
intervalos,956,5,4.971542334022105
intervalos,956,6,5.645232789818733
intervalos,956,7,5.796783798066407
intervalos,957,2,0.79771703385051
intervalos,957,3,2.089318436101101
intervalos,957,4,3.609282105813853
intervalos,957,5,4.989846024801548
intervalos,957,6,5.650967151695264
intervalos,957,7,5.775905870941107
intervalos,958,2,0.850699293718813
intervalos,958,3,2.1196522758937832
intervalos,958,4,3.6182152083384027
intervalos,958,5,4.946686755964121
intervalos,958,6,5.6369066975597555
intervalos,958,7,5.788432627216288
intervalos,959,2,0.7673677056033941
intervalos,959,3,2.021302370483468
intervalos,959,4,3.547816490330833
intervalos,959,5,4.927052727307466
intervalos,959,6,5.619703611930166
intervalos,959,7,5.792608212641347
intervalos,960,2,0.7976627512103487
intervalos,960,3,2.095703179606353
intervalos,960,4,3.6562521461706816
intervalos,960,5,5.06259427836421
intervalos,960,6,5.700923705249133
intervalos,960,7,5.800959383491469
intervalos,961,2,0.8366131783667845
intervalos,961,3,2.1139752656263027
intervalos,961,4,3.6100705999110967
intervalos,961,5,4.970726529906749
intervalos,961,6,5.633213164954041
intervalos,961,7,5.792608212641348
intervalos,962,2,0.77948840029929
intervalos,962,3,2.028363776051523
intervalos,962,4,3.5602853072718355
intervalos,962,5,4.968865830357217
intervalos,962,6,5.6369066975597555
intervalos,962,7,5.780081456366168
intervalos,963,2,0.8367969750957321
intervalos,963,3,2.1560079213561836
intervalos,963,4,3.723736417022498
intervalos,963,5,5.076351777444296
intervalos,963,6,5.651987566330669
intervalos,963,7,5.788432627216288
intervalos,964,2,0.7600438816005386
intervalos,964,3,1.9788304752816728
intervalos,964,4,3.4485559280425195
intervalos,964,5,4.867189609352777
intervalos,964,6,5.576501834888234
intervalos,964,7,5.763379114665928
intervalos,965,2,0.8141641430960396
intervalos,965,3,2.040309707983377
intervalos,965,4,3.487832629924436
intervalos,965,5,4.875765971497687
intervalos,965,6,5.594174434041599
intervalos,965,7,5.7592035292408665
intervalos,966,2,0.8283149428686898
intervalos,966,3,2.135654711407423
intervalos,966,4,3.6977164623653644
intervalos,966,5,5.024650864407212
intervalos,966,6,5.689454981496074
intervalos,966,7,5.796783798066408
intervalos,967,2,0.8056356040312916
intervalos,967,3,2.046076462768406
intervalos,967,4,3.468012262023411
intervalos,967,5,4.83644851323329
intervalos,967,6,5.534663501313936
intervalos,967,7,5.755027943815805
intervalos,968,2,0.7976627512103487
intervalos,968,3,2.0955141428742565
intervalos,968,4,3.5833403967916557
intervalos,968,5,4.871166171818292
intervalos,968,6,5.567155327993845
intervalos,968,7,5.753451895190009
intervalos,969,2,0.788725115409677
intervalos,969,3,2.0285755460352286
intervalos,969,4,3.5522098193111673
intervalos,969,5,4.938110393819212
intervalos,969,6,5.628580605300778
intervalos,969,7,5.771730285516048
intervalos,970,2,0.822187473863921
intervalos,970,3,2.101392762324955
intervalos,970,4,3.6156112635703517
intervalos,970,5,4.936645304049515
intervalos,970,6,5.6208054141534305
intervalos,970,7,5.796783798066407
intervalos,971,2,0.8297810693998371
intervalos,971,3,2.150424261156089
intervalos,971,4,3.7115029644557764
intervalos,971,5,5.057507823442681
intervalos,971,6,5.629601019936186
intervalos,971,7,5.763379114665926
intervalos,972,2,0.7600438816005386
intervalos,972,3,2.016576979989031
intervalos,972,4,3.517667892829427
intervalos,972,5,4.898206246365449
intervalos,972,6,5.640518842577613
intervalos,972,7,5.792608212641347
intervalos,973,2,0.805817151056502
intervalos,973,3,2.057793866229228
intervalos,973,4,3.520938700914445
intervalos,973,5,4.869445918682144
intervalos,973,6,5.590562289023746
intervalos,973,7,5.78268099316543
intervalos,974,2,0.8143279942580394
intervalos,974,3,2.1044104600101776
intervalos,974,4,3.633854080195913
intervalos,974,5,5.015245502633057
intervalos,974,6,5.657721928207204
intervalos,974,7,5.788432627216287
intervalos,975,2,0.8128526668971839
intervalos,975,3,2.0590404342107282
intervalos,975,4,3.531463607129811
intervalos,975,5,4.865919918516463
intervalos,975,6,5.558621363455462
intervalos,975,7,5.7508523583907465
intervalos,976,2,0.7975722756576358
intervalos,976,3,2.0638165732431974
intervalos,976,4,3.584155518334701
intervalos,976,5,4.9329235623631345
intervalos,976,6,5.619703611930167
intervalos,976,7,5.771730285516047
intervalos,977,2,0.7974456004616027
intervalos,977,3,2.103156157911607
intervalos,977,4,3.663213807957301
intervalos,977,5,4.968142559196104
intervalos,977,6,5.6478245202011825
intervalos,977,7,5.767554700090987
intervalos,978,2,0.822187473863921
intervalos,978,3,2.1287291935464356
intervalos,978,4,3.684308839216369
intervalos,978,5,4.99351415850789
intervalos,978,6,5.642090158324654
intervalos,978,7,5.792608212641348
intervalos,979,2,0.8578381202035714
intervalos,979,3,2.197135046492173
intervalos,979,4,3.7692667998526295
intervalos,979,5,5.019188834645266
intervalos,979,6,5.629601019936185
intervalos,979,7,5.749276309764949
intervalos,980,2,0.77948840029929
intervalos,980,3,2.01829546551514
intervalos,980,4,3.5400236513287013
intervalos,980,5,4.889349793711085
intervalos,980,6,5.6394984279422005
intervalos,980,7,5.774329822315311
intervalos,981,2,0.822187473863921
intervalos,981,3,2.1416369879662893
intervalos,981,4,3.72265594187363
intervalos,981,5,5.092057157094578
intervalos,981,6,5.686863251113627
intervalos,981,7,5.780081456366167
intervalos,982,2,0.8366131783667845
intervalos,982,3,2.097525478433175
intervalos,982,4,3.618253979026393
intervalos,982,5,4.944357948619928
intervalos,982,6,5.641069743689243
intervalos,982,7,5.792608212641348
intervalos,983,2,0.8221509519454683
intervalos,983,3,2.113593825081633
intervalos,983,4,3.6174893333226055
intervalos,983,5,4.972722323936082
intervalos,983,6,5.609806203924151
intervalos,983,7,5.792608212641348
intervalos,984,2,0.7889415959600679
intervalos,984,3,2.035904350099495
intervalos,984,4,3.5019539407256266
intervalos,984,5,4.852129188983071
intervalos,984,6,5.562992281864359
intervalos,984,7,5.796783798066407
intervalos,985,2,0.7975722756576358
intervalos,985,3,2.0552547213199635
intervalos,985,4,3.5800239310877946
intervalos,985,5,4.96219058022799
intervalos,985,6,5.631172335683227
intervalos,985,7,5.780081456366168
intervalos,986,2,0.77948840029929
intervalos,986,3,2.0025969353777633
intervalos,986,4,3.4570128405067857
intervalos,986,5,4.80565415172108
intervalos,986,6,5.603051427412205
intervalos,986,7,5.7759058709411075
intervalos,987,2,0.8295062842620149
intervalos,987,3,2.1113402587805807
intervalos,987,4,3.64701951224594
intervalos,987,5,5.0050889911780665
intervalos,987,6,5.695189343372605
intervalos,987,7,5.7926082126413485
intervalos,988,2,0.7700598203030499
intervalos,988,3,2.028057011864848
intervalos,988,4,3.5450129556621928
intervalos,988,5,4.95016198018167
intervalos,988,6,5.635335381812715
intervalos,988,7,5.800959383491468
intervalos,989,2,0.8366131783667845
intervalos,989,3,2.120987548895016
intervalos,989,4,3.6419482901780103
intervalos,989,5,4.921374459153275
intervalos,989,6,5.635335381812714
intervalos,989,7,5.788432627216287
intervalos,990,2,0.8289015725141344
intervalos,990,3,2.1100882575811464
intervalos,990,4,3.6062654728900574
intervalos,990,5,4.929803535459271
intervalos,990,6,5.58168529565313
intervalos,990,7,5.780081456366167
intervalos,991,2,0.7976627512103487
intervalos,991,3,2.0422835494234883
intervalos,991,4,3.519889316361176
intervalos,991,5,4.892536624108876
intervalos,991,6,5.626458388442105
intervalos,991,7,5.792608212641348
intervalos,992,2,0.8221509519454682
intervalos,992,3,2.1674675249326625
intervalos,992,4,3.7559766536090455
intervalos,992,5,5.078179246540523
intervalos,992,6,5.658742342842611
intervalos,992,7,5.788432627216288
intervalos,993,2,0.7974456004616027
intervalos,993,3,2.0469443378858294
intervalos,993,4,3.521893263436204
intervalos,993,5,4.890694472006815
intervalos,993,6,5.58202832448536
intervalos,993,7,5.775905870941107
intervalos,994,2,0.7889055180908568
intervalos,994,3,2.047234908180187
intervalos,994,4,3.5472276681326584
intervalos,994,5,4.950374924609879
intervalos,994,6,5.673353698089748
intervalos,994,7,5.788432627216288
intervalos,995,2,0.8211645113064159
intervalos,995,3,2.103862195751388
intervalos,995,4,3.584720510886431
intervalos,995,5,4.911741469945074
intervalos,995,6,5.608785789288737
intervalos,995,7,5.768578188264453
intervalos,996,2,0.7889055180908568
intervalos,996,3,2.058546030340373
intervalos,996,4,3.5493988418069575
intervalos,996,5,4.930981376313841
intervalos,996,6,5.659293243954241
intervalos,996,7,5.800959383491469
intervalos,997,2,0.7797581882937804
intervalos,997,3,2.042663996316849
intervalos,997,4,3.5163952472017663
intervalos,997,5,4.85045822430311
intervalos,997,6,5.620724026565576
intervalos,997,7,5.788432627216287
intervalos,998,2,0.779326503707424
intervalos,998,3,2.028624421707819
intervalos,998,4,3.4953804650365723
intervalos,998,5,4.893800158492161
intervalos,998,6,5.608234888177108
intervalos,998,7,5.775905870941107
intervalos,999,2,0.73758563729758
intervalos,999,3,1.9554151628388186
intervalos,999,4,3.4125176731768496
intervalos,999,5,4.800593426259869
intervalos,999,6,5.550764784720261
intervalos,999,7,5.771730285516047
intervalos,1000,2,0.7700598203030499
intervalos,1000,3,2.023933158609923
intervalos,1000,4,3.5400312014067272
intervalos,1000,5,4.9185485205900665
intervalos,1000,6,5.632743651430264
intervalos,1000,7,5.77850540774037
