representacion,shuffle,m,mPE_null
alturas_MIDI,1,2,0.8032098373443972
alturas_MIDI,1,3,2.03542372375155
alturas_MIDI,1,4,3.5256155782464877
alturas_MIDI,1,5,4.923219539468231
alturas_MIDI,1,6,5.668711501836907
alturas_MIDI,1,7,5.820492030031574
alturas_MIDI,2,2,0.7864595015894242
alturas_MIDI,2,3,2.033566386108515
alturas_MIDI,2,4,3.5536485808642553
alturas_MIDI,2,5,4.996623098286573
alturas_MIDI,2,6,5.684784479936848
alturas_MIDI,2,7,5.82855188096832
alturas_MIDI,3,2,0.8180227368538047
alturas_MIDI,3,3,2.0611970157896784
alturas_MIDI,3,4,3.540640544728088
alturas_MIDI,3,5,4.943276426887881
alturas_MIDI,3,6,5.660675012786937
alturas_MIDI,3,7,5.820492030031575
alturas_MIDI,4,2,0.7949859057334088
alturas_MIDI,4,3,2.0388011469098144
alturas_MIDI,4,4,3.5627989988996838
alturas_MIDI,4,5,4.975841443325782
alturas_MIDI,4,6,5.656656768261951
alturas_MIDI,4,7,5.806881183441096
alturas_MIDI,5,2,0.7939742160257413
alturas_MIDI,5,3,2.022334288133739
alturas_MIDI,5,4,3.5079413840004565
alturas_MIDI,5,5,4.9650219223168
alturas_MIDI,5,6,5.6968392135118044
alturas_MIDI,5,7,5.824521955499947
alturas_MIDI,6,2,0.7949859057334088
alturas_MIDI,6,3,2.0243836771086894
alturas_MIDI,6,4,3.530792804597431
alturas_MIDI,6,5,4.933727154900588
alturas_MIDI,6,6,5.624963994680669
alturas_MIDI,6,7,5.806881183441097
alturas_MIDI,7,2,0.7950364718299909
alturas_MIDI,7,3,2.0741031895076167
alturas_MIDI,7,4,3.614093545719993
alturas_MIDI,7,5,5.054028149530508
alturas_MIDI,7,6,5.707909025134321
alturas_MIDI,7,7,5.832581806436691
alturas_MIDI,8,2,0.7772384461176127
alturas_MIDI,8,3,2.003091720206906
alturas_MIDI,8,4,3.526405058404364
alturas_MIDI,8,5,5.013026014878959
alturas_MIDI,8,6,5.707909025134323
alturas_MIDI,8,7,5.824521955499948
alturas_MIDI,9,2,0.747712446043003
alturas_MIDI,9,3,1.9606553446094628
alturas_MIDI,9,4,3.458144162218993
alturas_MIDI,9,5,4.879779192157176
alturas_MIDI,9,6,5.625495734014506
alturas_MIDI,9,7,5.804372328158086
alturas_MIDI,10,2,0.7677919605529111
alturas_MIDI,10,3,1.9981329420912202
alturas_MIDI,10,4,3.5000192890497237
alturas_MIDI,10,5,4.956901101505885
alturas_MIDI,10,6,5.6807662354118635
alturas_MIDI,10,7,5.828551880968319
alturas_MIDI,11,2,0.7680259001373962
alturas_MIDI,11,3,1.9765664352605858
alturas_MIDI,11,4,3.4456898001106557
alturas_MIDI,11,5,4.9155601496430625
alturas_MIDI,11,6,5.6641615179780835
alturas_MIDI,11,7,5.824521955499947
alturas_MIDI,12,2,0.794631894047021
alturas_MIDI,12,3,2.020071103870597
alturas_MIDI,12,4,3.502340218114965
alturas_MIDI,12,5,4.938307391220885
alturas_MIDI,12,6,5.68379955798441
alturas_MIDI,12,7,5.824521955499947
alturas_MIDI,13,2,0.7761486829151168
alturas_MIDI,13,3,2.0296369306191937
alturas_MIDI,13,4,3.5719090899181363
alturas_MIDI,13,5,5.0078234033080395
alturas_MIDI,13,6,5.713443930945584
alturas_MIDI,13,7,5.836611731905063
alturas_MIDI,14,2,0.8032098373443972
alturas_MIDI,14,3,2.090076167896799
alturas_MIDI,14,4,3.633328021793381
alturas_MIDI,14,5,5.035028818123933
alturas_MIDI,14,6,5.699340796750516
alturas_MIDI,14,7,5.8245219554999474
alturas_MIDI,15,2,0.8088386783640864
alturas_MIDI,15,3,2.061161871436737
alturas_MIDI,15,4,3.5675947737473463
alturas_MIDI,15,5,5.010471566865971
alturas_MIDI,15,6,5.688802724461834
alturas_MIDI,15,7,5.820492030031574
alturas_MIDI,16,2,0.8112652435804384
alturas_MIDI,16,3,2.047860126131295
alturas_MIDI,16,4,3.5633344019022686
alturas_MIDI,16,5,4.983342737902907
alturas_MIDI,16,6,5.690319385748107
alturas_MIDI,16,7,5.824521955499947
alturas_MIDI,17,2,0.8029731365667128
alturas_MIDI,17,3,2.0396574070570757
alturas_MIDI,17,4,3.575003515491148
alturas_MIDI,17,5,5.04829533544464
alturas_MIDI,17,6,5.7480914703841774
alturas_MIDI,17,7,5.840641657373435
alturas_MIDI,18,2,0.7338325851993553
alturas_MIDI,18,3,1.9349735194869966
alturas_MIDI,18,4,3.470228792491916
alturas_MIDI,18,5,4.966096501115345
alturas_MIDI,18,6,5.669696423789343
alturas_MIDI,18,7,5.806881183441097
alturas_MIDI,19,2,0.7680927331994799
alturas_MIDI,19,3,2.029028974840352
alturas_MIDI,19,4,3.567269900262904
alturas_MIDI,19,5,5.003900598902308
alturas_MIDI,19,6,5.679249574125588
alturas_MIDI,19,7,5.820492030031574
alturas_MIDI,20,2,0.8111295987643694
alturas_MIDI,20,3,2.0947037719731973
alturas_MIDI,20,4,3.6146369338703686
alturas_MIDI,20,5,5.001709805209688
alturas_MIDI,20,6,5.677279730220713
alturas_MIDI,20,7,5.808402253626459
alturas_MIDI,21,2,0.8111295987643694
alturas_MIDI,21,3,2.0478946493825454
alturas_MIDI,21,4,3.537308040364582
alturas_MIDI,21,5,4.989922051906469
alturas_MIDI,21,6,5.698355874798078
alturas_MIDI,21,7,5.816462104563202
alturas_MIDI,22,2,0.8336115832230598
alturas_MIDI,22,3,2.0729896699950503
alturas_MIDI,22,4,3.5229920798693724
alturas_MIDI,22,5,4.929460366966194
alturas_MIDI,22,6,5.695854291559367
alturas_MIDI,22,7,5.8245219554999474
alturas_MIDI,23,2,0.7863586651213328
alturas_MIDI,23,3,2.0316794325722656
alturas_MIDI,23,4,3.534588975369637
alturas_MIDI,23,5,4.971122782549146
alturas_MIDI,23,6,5.677732912839315
alturas_MIDI,23,7,5.832581806436691
alturas_MIDI,24,2,0.7864595015894242
alturas_MIDI,24,3,2.0473844966255776
alturas_MIDI,24,4,3.5714955275264675
alturas_MIDI,24,5,5.029128019940842
alturas_MIDI,24,6,5.711395530325471
alturas_MIDI,24,7,5.832581806436691
alturas_MIDI,25,2,0.8010781433849038
alturas_MIDI,25,3,2.0417907613995845
alturas_MIDI,25,4,3.5113798096992275
alturas_MIDI,25,5,4.924653487667677
alturas_MIDI,25,6,5.6526385237369645
alturas_MIDI,25,7,5.820492030031575
alturas_MIDI,26,2,0.7576660930295107
alturas_MIDI,26,3,1.946968125500069
alturas_MIDI,26,4,3.463285673706165
alturas_MIDI,26,5,4.953946529394393
alturas_MIDI,26,6,5.687817802509396
alturas_MIDI,26,7,5.824521955499947
alturas_MIDI,27,2,0.7680927331994799
alturas_MIDI,27,3,1.979811275308231
alturas_MIDI,27,4,3.4827421219873744
alturas_MIDI,27,5,4.89247036043921
alturas_MIDI,27,6,5.643085373400721
alturas_MIDI,27,7,5.798821332504353
alturas_MIDI,28,2,0.802804041028433
alturas_MIDI,28,3,2.1014146268312137
alturas_MIDI,28,4,3.630566534084543
alturas_MIDI,28,5,5.041626367016564
alturas_MIDI,28,6,5.727015325806812
alturas_MIDI,28,7,5.836611731905063
alturas_MIDI,29,2,0.7859552498421143
alturas_MIDI,29,3,2.0386843201277407
alturas_MIDI,29,4,3.5402468382116528
alturas_MIDI,29,5,4.960415105067536
alturas_MIDI,29,6,5.647103617925707
alturas_MIDI,29,7,5.820492030031574
alturas_MIDI,30,2,0.7774395447998416
alturas_MIDI,30,3,2.0320826665245804
alturas_MIDI,30,4,3.5573871812234845
alturas_MIDI,30,5,4.968376618526803
alturas_MIDI,30,6,5.690319385748109
alturas_MIDI,30,7,5.82855188096832
alturas_MIDI,31,2,0.7443197617022896
alturas_MIDI,31,3,1.9366713604269172
alturas_MIDI,31,4,3.4286401686669334
alturas_MIDI,31,5,4.874675355541947
alturas_MIDI,31,6,5.6179909842983715
alturas_MIDI,31,7,5.808402253626459
alturas_MIDI,32,2,0.7950364718299909
alturas_MIDI,32,3,2.0625093875438028
alturas_MIDI,32,4,3.594103350295878
alturas_MIDI,32,5,4.98510132954499
alturas_MIDI,32,6,5.683267818650573
alturas_MIDI,32,7,5.824521955499947
alturas_MIDI,33,2,0.7766852827796566
alturas_MIDI,33,3,2.025117680876437
alturas_MIDI,33,4,3.5180143870674327
alturas_MIDI,33,5,4.936471883020299
alturas_MIDI,33,6,5.697370952845643
alturas_MIDI,33,7,5.824521955499948
alturas_MIDI,34,2,0.8020936252269826
alturas_MIDI,34,3,2.0628483416558603
alturas_MIDI,34,4,3.57835560156191
alturas_MIDI,34,5,4.9774182078076805
alturas_MIDI,34,6,5.649605201164417
alturas_MIDI,34,7,5.810911108909468
alturas_MIDI,35,2,0.7680259001373962
alturas_MIDI,35,3,1.9718082332138653
alturas_MIDI,35,4,3.409718491993329
alturas_MIDI,35,5,4.854316451394842
alturas_MIDI,35,6,5.66219167407321
alturas_MIDI,35,7,5.828551880968319
alturas_MIDI,36,2,0.747712446043003
alturas_MIDI,36,3,1.9544357776912138
alturas_MIDI,36,4,3.4342054975122456
alturas_MIDI,36,5,4.890538287676848
alturas_MIDI,36,6,5.6958542915593675
alturas_MIDI,36,7,5.832581806436691
alturas_MIDI,37,2,0.7766852827796566
alturas_MIDI,37,3,2.010313120854461
alturas_MIDI,37,4,3.4760685083683027
alturas_MIDI,37,5,4.881226983419582
alturas_MIDI,37,6,5.6375504675894605
alturas_MIDI,37,7,5.812432179094831
alturas_MIDI,38,2,0.777489815171351
alturas_MIDI,38,3,2.0331327086809425
alturas_MIDI,38,4,3.540282389818922
alturas_MIDI,38,5,4.960479591677282
alturas_MIDI,38,6,5.641568712114449
alturas_MIDI,38,7,5.804372328158086
alturas_MIDI,39,2,0.8033112687626439
alturas_MIDI,39,3,2.0654070560544437
alturas_MIDI,39,4,3.6088066683802675
alturas_MIDI,39,5,5.016902567564014
alturas_MIDI,39,6,5.710410608373034
alturas_MIDI,39,7,5.8245219554999474
alturas_MIDI,40,2,0.8032098373443972
alturas_MIDI,40,3,2.045628337834775
alturas_MIDI,40,4,3.5472723406071527
alturas_MIDI,40,5,5.003692190813157
alturas_MIDI,40,6,5.719963758709279
alturas_MIDI,40,7,5.832581806436691
alturas_MIDI,41,2,0.7582492758636274
alturas_MIDI,41,3,1.975497079125265
alturas_MIDI,41,4,3.4825604837432302
alturas_MIDI,41,5,4.979730733876848
alturas_MIDI,41,6,5.6888027244618335
alturas_MIDI,41,7,5.828551880968319
alturas_MIDI,42,2,0.7852490056219685
alturas_MIDI,42,3,2.00712974583568
alturas_MIDI,42,4,3.479861329970778
alturas_MIDI,42,5,4.9349931190028125
alturas_MIDI,42,6,5.680766235411864
alturas_MIDI,42,7,5.820492030031575
alturas_MIDI,43,2,0.7107990163953897
alturas_MIDI,43,3,1.8957253141190402
alturas_MIDI,43,4,3.3888434277729362
alturas_MIDI,43,5,4.8412682310124655
alturas_MIDI,43,6,5.602371188817029
alturas_MIDI,43,7,5.81243217909483
alturas_MIDI,44,2,0.794631894047021
alturas_MIDI,44,3,2.059479762811468
alturas_MIDI,44,4,3.5647296717056336
alturas_MIDI,44,5,4.987757839142816
alturas_MIDI,44,6,5.715945514184293
alturas_MIDI,44,7,5.836611731905063
alturas_MIDI,45,2,0.724466299644938
alturas_MIDI,45,3,1.9394885211771216
alturas_MIDI,45,4,3.4064826878503762
alturas_MIDI,45,5,4.842058921065984
alturas_MIDI,45,6,5.643085373400722
alturas_MIDI,45,7,5.796312477221343
alturas_MIDI,46,2,0.7855180912083524
alturas_MIDI,46,3,2.030430150570588
alturas_MIDI,46,4,3.5498107190138954
alturas_MIDI,46,5,5.006394952131661
alturas_MIDI,46,6,5.6863011412231215
alturas_MIDI,46,7,5.832581806436691
alturas_MIDI,47,2,0.794631894047021
alturas_MIDI,47,3,2.023088643025673
alturas_MIDI,47,4,3.5146010711614877
alturas_MIDI,47,5,4.915494557836363
alturas_MIDI,47,6,5.660675012786937
alturas_MIDI,47,7,5.800342402689714
alturas_MIDI,48,2,0.7581159972145048
alturas_MIDI,48,3,1.964517973743787
alturas_MIDI,48,4,3.438234262813206
alturas_MIDI,48,5,4.883028647059826
alturas_MIDI,48,6,5.6702281631231815
alturas_MIDI,48,7,5.828551880968319
alturas_MIDI,49,2,0.7857535005343039
alturas_MIDI,49,3,2.033170691876137
alturas_MIDI,49,4,3.5299726218957814
alturas_MIDI,49,5,4.923284026077973
alturas_MIDI,49,6,5.663176596025648
alturas_MIDI,49,7,5.820492030031575
alturas_MIDI,50,2,0.7949016250169262
alturas_MIDI,50,3,2.0363163194072627
alturas_MIDI,50,4,3.561856089261116
alturas_MIDI,50,5,4.9905557519088966
alturas_MIDI,50,6,5.713443930945582
alturas_MIDI,50,7,5.828551880968319
alturas_MIDI,51,2,0.7864595015894242
alturas_MIDI,51,3,2.006497375855538
alturas_MIDI,51,4,3.4427704930198733
alturas_MIDI,51,5,4.83337537387672
alturas_MIDI,51,6,5.5872831326695245
alturas_MIDI,51,7,5.792282551752971
alturas_MIDI,52,2,0.8032774590745109
alturas_MIDI,52,3,2.058050548787054
alturas_MIDI,52,4,3.569401879911588
alturas_MIDI,52,5,4.998517265368161
alturas_MIDI,52,6,5.694337630273094
alturas_MIDI,52,7,5.820492030031576
alturas_MIDI,53,2,0.7859552498421143
alturas_MIDI,53,3,1.9957223736522296
alturas_MIDI,53,4,3.4791488112201385
alturas_MIDI,53,5,4.936886180887445
alturas_MIDI,53,6,5.682282896698137
alturas_MIDI,53,7,5.836611731905063
alturas_MIDI,54,2,0.8032098373443972
alturas_MIDI,54,3,2.0346876799311038
alturas_MIDI,54,4,3.5513753040512923
alturas_MIDI,54,5,4.935839618920504
alturas_MIDI,54,6,5.665678179264358
alturas_MIDI,54,7,5.812432179094832
alturas_MIDI,55,2,0.7861233530412814
alturas_MIDI,55,3,1.98808886560801
alturas_MIDI,55,4,3.4331190806499285
alturas_MIDI,55,5,4.887435402259835
alturas_MIDI,55,6,5.6471036179257075
alturas_MIDI,55,7,5.804372328158087
alturas_MIDI,56,2,0.7863586651213328
alturas_MIDI,56,3,2.0289669767995218
alturas_MIDI,56,4,3.515968467704958
alturas_MIDI,56,5,4.9366398671175205
alturas_MIDI,56,6,5.650136940498252
alturas_MIDI,56,7,5.816462104563203
alturas_MIDI,57,2,0.7862578217142757
alturas_MIDI,57,3,2.06940180793657
alturas_MIDI,57,4,3.61982177004759
alturas_MIDI,57,5,5.032300888990663
alturas_MIDI,57,6,5.701389197370627
alturas_MIDI,57,7,5.824521955499947
alturas_MIDI,58,2,0.7861233530412814
alturas_MIDI,58,3,2.055682702515885
alturas_MIDI,58,4,3.5956486218347297
alturas_MIDI,58,5,5.000551399715372
alturas_MIDI,58,6,5.667194840550633
alturas_MIDI,58,7,5.828551880968319
alturas_MIDI,59,2,0.7366343045455909
alturas_MIDI,59,3,1.9207681918173036
alturas_MIDI,59,4,3.3669769246828634
alturas_MIDI,59,5,4.834633107144734
alturas_MIDI,59,6,5.675763068934441
alturas_MIDI,59,7,5.8245219554999474
alturas_MIDI,60,2,0.7579993685387232
alturas_MIDI,60,3,1.9439225652288952
alturas_MIDI,60,4,3.406040426262462
alturas_MIDI,60,5,4.881316307138419
alturas_MIDI,60,6,5.682282896698137
alturas_MIDI,60,7,5.832581806436691
alturas_MIDI,61,2,0.7478121133069852
alturas_MIDI,61,3,1.9886553781029308
alturas_MIDI,61,4,3.4781706385459774
alturas_MIDI,61,5,4.9263140788453414
alturas_MIDI,61,6,5.660675012786935
alturas_MIDI,61,7,5.812432179094831
alturas_MIDI,62,2,0.7578494038604892
alturas_MIDI,62,3,1.9965365339652428
alturas_MIDI,62,4,3.4833159315193525
alturas_MIDI,62,5,4.912121626737289
alturas_MIDI,62,6,5.661206752120774
alturas_MIDI,62,7,5.8245219554999474
alturas_MIDI,63,2,0.7680259001373962
alturas_MIDI,63,3,1.9841433615342368
alturas_MIDI,63,4,3.469525217075495
alturas_MIDI,63,5,4.925201925071703
alturas_MIDI,63,6,5.683799557984412
alturas_MIDI,63,7,5.824521955499948
alturas_MIDI,64,2,0.7773557570263161
alturas_MIDI,64,3,2.0499250345769595
alturas_MIDI,64,4,3.577484276927216
alturas_MIDI,64,5,5.028262179937124
alturas_MIDI,64,6,5.664693257311921
alturas_MIDI,64,7,5.8245219554999474
alturas_MIDI,65,2,0.794631894047021
alturas_MIDI,65,3,2.0325799750145594
alturas_MIDI,65,4,3.512066374256463
alturas_MIDI,65,5,4.909259558067137
alturas_MIDI,65,6,5.648419637272727
alturas_MIDI,65,7,5.820492030031575
alturas_MIDI,66,2,0.7774395447998416
alturas_MIDI,66,3,1.9982542010984576
alturas_MIDI,66,4,3.5124778106763728
alturas_MIDI,66,5,4.9742956515989665
alturas_MIDI,66,6,5.663708335359483
alturas_MIDI,66,7,5.820492030031575
alturas_MIDI,67,2,0.7578494038604892
alturas_MIDI,67,3,1.9797952341352794
alturas_MIDI,67,4,3.440625760908648
alturas_MIDI,67,5,4.854321948417911
alturas_MIDI,67,6,5.695854291559368
alturas_MIDI,67,7,5.820492030031574
alturas_MIDI,68,2,0.766922716737933
alturas_MIDI,68,3,2.001314289958578
alturas_MIDI,68,4,3.498908613490865
alturas_MIDI,68,5,4.928556621281705
alturas_MIDI,68,6,5.683799557984412
alturas_MIDI,68,7,5.828551880968319
alturas_MIDI,69,2,0.8403827992511657
alturas_MIDI,69,3,2.081365713817011
alturas_MIDI,69,4,3.5655159476500313
alturas_MIDI,69,5,4.972053109162606
alturas_MIDI,69,6,5.660143273453101
alturas_MIDI,69,7,5.8043723281580855
alturas_MIDI,70,2,0.8023643007034174
alturas_MIDI,70,3,2.037930850348554
alturas_MIDI,70,4,3.5198297999137984
alturas_MIDI,70,5,4.961727320890435
alturas_MIDI,70,6,5.70639236384805
alturas_MIDI,70,7,5.828551880968319
alturas_MIDI,71,2,0.7680259001373962
alturas_MIDI,71,3,2.0143271141408174
alturas_MIDI,71,4,3.5402095049121916
alturas_MIDI,71,5,4.994180493800965
alturas_MIDI,71,6,5.68728606317556
alturas_MIDI,71,7,5.823000885314586
alturas_MIDI,72,2,0.7857535005343039
alturas_MIDI,72,3,1.9646621414245033
alturas_MIDI,72,4,3.471170323386469
alturas_MIDI,72,5,4.947413136405828
alturas_MIDI,72,6,5.671213085075619
alturas_MIDI,72,7,5.810911108909469
alturas_MIDI,73,2,0.7933668654870227
alturas_MIDI,73,3,2.066663762742947
alturas_MIDI,73,4,3.5912122684847945
alturas_MIDI,73,5,5.029258098357287
alturas_MIDI,73,6,5.692820968986819
alturas_MIDI,73,7,5.828551880968319
alturas_MIDI,74,2,0.7579993685387232
alturas_MIDI,74,3,1.9682109270283485
alturas_MIDI,74,4,3.412193614512664
alturas_MIDI,74,5,4.814050078330567
alturas_MIDI,74,6,5.581295044239668
alturas_MIDI,74,7,5.806881183441096
alturas_MIDI,75,2,0.7950364718299909
alturas_MIDI,75,3,2.046758496965455
alturas_MIDI,75,4,3.562842347554291
alturas_MIDI,75,5,4.9877760740318875
alturas_MIDI,75,6,5.707909025134323
alturas_MIDI,75,7,5.824521955499947
alturas_MIDI,76,2,0.7474798630339606
alturas_MIDI,76,3,1.9704809777931622
alturas_MIDI,76,4,3.458984619962102
alturas_MIDI,76,5,4.92172549648515
alturas_MIDI,76,6,5.643085373400721
alturas_MIDI,76,7,5.808402253626459
alturas_MIDI,77,2,0.7355739201430731
alturas_MIDI,77,3,1.9454369626911499
alturas_MIDI,77,4,3.419675177617308
alturas_MIDI,77,5,4.889929755489189
alturas_MIDI,77,6,5.658173429548226
alturas_MIDI,77,7,5.820492030031574
alturas_MIDI,78,2,0.7949859057334088
alturas_MIDI,78,3,2.023979489134556
alturas_MIDI,78,4,3.5207857134327893
alturas_MIDI,78,5,4.913712234282149
alturas_MIDI,78,6,5.64862027921198
alturas_MIDI,78,7,5.812432179094831
alturas_MIDI,79,2,0.7761486829151168
alturas_MIDI,79,3,2.0251143242313603
alturas_MIDI,79,4,3.5469827202221738
alturas_MIDI,79,5,4.963691471604831
alturas_MIDI,79,6,5.732018492284235
alturas_MIDI,79,7,5.828551880968319
alturas_MIDI,80,2,0.758199297778235
alturas_MIDI,80,3,1.9802025903013054
alturas_MIDI,80,4,3.4701473143293846
alturas_MIDI,80,5,4.9020013975374335
alturas_MIDI,80,6,5.641568712114449
alturas_MIDI,80,7,5.806881183441097
alturas_MIDI,81,2,0.8032774590745109
alturas_MIDI,81,3,2.0532993334959695
alturas_MIDI,81,4,3.561631803885866
alturas_MIDI,81,5,4.966934324287459
alturas_MIDI,81,6,5.665224996645761
alturas_MIDI,81,7,5.827030810782958
alturas_MIDI,82,2,0.7363692793555174
alturas_MIDI,82,3,1.8794394224844524
alturas_MIDI,82,4,3.3285948466787834
alturas_MIDI,82,5,4.789274530134277
alturas_MIDI,82,6,5.630498900491929
alturas_MIDI,82,7,5.8245219554999474
alturas_MIDI,83,2,0.7366343045455909
alturas_MIDI,83,3,1.979496006603986
alturas_MIDI,83,4,3.4752091039188313
alturas_MIDI,83,5,4.927449964531127
alturas_MIDI,83,6,5.714428852898019
alturas_MIDI,83,7,5.832581806436691
alturas_MIDI,84,2,0.7838354937735461
alturas_MIDI,84,3,2.006162554998474
alturas_MIDI,84,4,3.4894142584893544
alturas_MIDI,84,5,4.948595273812284
alturas_MIDI,84,6,5.678264652173152
alturas_MIDI,84,7,5.828551880968319
alturas_MIDI,85,2,0.7930124608610023
alturas_MIDI,85,3,2.063854488779141
alturas_MIDI,85,4,3.5948281181847057
alturas_MIDI,85,5,4.977670018600672
alturas_MIDI,85,6,5.683799557984413
alturas_MIDI,85,7,5.82855188096832
alturas_MIDI,86,2,0.8253374373567911
alturas_MIDI,86,3,2.0671716734640966
alturas_MIDI,86,4,3.5611789868783355
alturas_MIDI,86,5,4.98210335472965
alturas_MIDI,86,6,5.6943376302730915
alturas_MIDI,86,7,5.820492030031575
alturas_MIDI,87,2,0.7862578217142757
alturas_MIDI,87,3,2.0159456258631097
alturas_MIDI,87,4,3.501614474020789
alturas_MIDI,87,5,4.950455927039205
alturas_MIDI,87,6,5.713443930945582
alturas_MIDI,87,7,5.832581806436691
alturas_MIDI,88,2,0.8188732951921205
alturas_MIDI,88,3,2.05354081797341
alturas_MIDI,88,4,3.545744756058784
alturas_MIDI,88,5,4.908348571539705
alturas_MIDI,88,6,5.628529056587054
alturas_MIDI,88,7,5.820492030031574
alturas_MIDI,89,2,0.7772384461176127
alturas_MIDI,89,3,1.9939872655219177
alturas_MIDI,89,4,3.5074596646310687
alturas_MIDI,89,5,4.975911426958593
alturas_MIDI,89,6,5.670759902457016
alturas_MIDI,89,7,5.816462104563203
alturas_MIDI,90,2,0.7859552498421143
alturas_MIDI,90,3,1.9990799363544118
alturas_MIDI,90,4,3.4720854722925867
alturas_MIDI,90,5,4.866220109345871
alturas_MIDI,90,6,5.6270123953007785
alturas_MIDI,90,7,5.804372328158087
alturas_MIDI,91,2,0.7864258902042838
alturas_MIDI,91,3,2.0119406883471838
alturas_MIDI,91,4,3.520253987106664
alturas_MIDI,91,5,5.000247840178642
alturas_MIDI,91,6,5.674246407648167
alturas_MIDI,91,7,5.824521955499947
alturas_MIDI,92,2,0.7676248381103863
alturas_MIDI,92,3,2.005152891246592
alturas_MIDI,92,4,3.5157648630968965
alturas_MIDI,92,5,5.00660051120398
alturas_MIDI,92,6,5.703359041275501
alturas_MIDI,92,7,5.824521955499948
alturas_MIDI,93,2,0.7677919605529111
alturas_MIDI,93,3,2.0242833296315834
alturas_MIDI,93,4,3.5023939095573318
alturas_MIDI,93,5,4.888747618082733
alturas_MIDI,93,6,5.64611869597327
alturas_MIDI,93,7,5.820492030031575
alturas_MIDI,94,2,0.8189753286230492
alturas_MIDI,94,3,2.091477877467095
alturas_MIDI,94,4,3.591017694985405
alturas_MIDI,94,5,5.0102587669507095
alturas_MIDI,94,6,5.691836047034382
alturas_MIDI,94,7,5.816462104563203
alturas_MIDI,95,2,0.7942272041706335
alturas_MIDI,95,3,2.0213088243925563
alturas_MIDI,95,4,3.5353698204354442
alturas_MIDI,95,5,5.001470732282702
alturas_MIDI,95,6,5.702374119323064
alturas_MIDI,95,7,5.8245219554999474
alturas_MIDI,96,2,0.7855180912083524
alturas_MIDI,96,3,2.0259761875968376
alturas_MIDI,96,4,3.53054065997587
alturas_MIDI,96,5,4.941294371990088
alturas_MIDI,96,6,5.693352708320655
alturas_MIDI,96,7,5.820492030031576
alturas_MIDI,97,2,0.7676248381103863
alturas_MIDI,97,3,1.9975211291916637
alturas_MIDI,97,4,3.5327021724627214
alturas_MIDI,97,5,4.949177225070973
alturas_MIDI,97,6,5.663176596025647
alturas_MIDI,97,7,5.8245219554999474
alturas_MIDI,98,2,0.7772384461176127
alturas_MIDI,98,3,1.9726587263606346
alturas_MIDI,98,4,3.4081293325244912
alturas_MIDI,98,5,4.8372433650218944
alturas_MIDI,98,6,5.701389197370628
alturas_MIDI,98,7,5.8245219554999474
alturas_MIDI,99,2,0.802804041028433
alturas_MIDI,99,3,2.0401165952769174
alturas_MIDI,99,4,3.536864488126138
alturas_MIDI,99,5,5.001956118979615
alturas_MIDI,99,6,5.71139553032547
alturas_MIDI,99,7,5.836611731905063
alturas_MIDI,100,2,0.7680259001373962
alturas_MIDI,100,3,1.981241587717146
alturas_MIDI,100,4,3.471919218938442
alturas_MIDI,100,5,4.972383249628306
alturas_MIDI,100,6,5.737553398095496
alturas_MIDI,100,7,5.836611731905063
alturas_MIDI,101,2,0.8033112687626439
alturas_MIDI,101,3,2.0804913528457956
alturas_MIDI,101,4,3.606159399894927
alturas_MIDI,101,5,5.05627069196687
alturas_MIDI,101,6,5.724966925186702
alturas_MIDI,101,7,5.82855188096832
alturas_MIDI,102,2,0.768126148594298
alturas_MIDI,102,3,1.9979796417722953
alturas_MIDI,102,4,3.520866224486248
alturas_MIDI,102,5,4.950270038758588
alturas_MIDI,102,6,5.671744824409456
alturas_MIDI,102,7,5.8245219554999474
alturas_MIDI,103,2,0.7775065715798
alturas_MIDI,103,3,2.0059563909305416
alturas_MIDI,103,4,3.5134564609981647
alturas_MIDI,103,5,4.980066371365612
alturas_MIDI,103,6,5.735051814856784
alturas_MIDI,103,7,5.836611731905063
alturas_MIDI,104,2,0.8031083988636237
alturas_MIDI,104,3,2.0906747681881273
alturas_MIDI,104,4,3.610350338124443
alturas_MIDI,104,5,5.052715933707612
alturas_MIDI,104,6,5.695854291559367
alturas_MIDI,104,7,5.816462104563204
alturas_MIDI,105,2,0.7862578217142757
alturas_MIDI,105,3,2.022163473187151
alturas_MIDI,105,4,3.5273218979476213
alturas_MIDI,105,5,4.981927024592534
alturas_MIDI,105,6,5.668711501836906
alturas_MIDI,105,7,5.806881183441097
alturas_MIDI,106,2,0.7773557570263161
alturas_MIDI,106,3,2.0044461764587522
alturas_MIDI,106,4,3.4932777518020197
alturas_MIDI,106,5,4.963950523240764
alturas_MIDI,106,6,5.687817802509396
alturas_MIDI,106,7,5.8285518809683206
alturas_MIDI,107,2,0.8540673470845201
alturas_MIDI,107,3,2.126500137442207
alturas_MIDI,107,4,3.658585186080916
alturas_MIDI,107,5,5.0182665321306485
alturas_MIDI,107,6,5.688802724461834
alturas_MIDI,107,7,5.832581806436691
alturas_MIDI,108,2,0.7949016250169262
alturas_MIDI,108,3,2.0352263366382983
alturas_MIDI,108,4,3.5312390688833792
alturas_MIDI,108,5,5.003222083081842
alturas_MIDI,108,6,5.702374119323063
alturas_MIDI,108,7,5.824521955499947
alturas_MIDI,109,2,0.7864595015894242
alturas_MIDI,109,3,2.0239587440142697
alturas_MIDI,109,4,3.5218994052924595
alturas_MIDI,109,5,4.991550565132103
alturas_MIDI,109,6,5.699872536084352
alturas_MIDI,109,7,5.80840225362646
alturas_MIDI,110,2,0.7574494236314775
alturas_MIDI,110,3,2.014672009138258
alturas_MIDI,110,4,3.5467055967628247
alturas_MIDI,110,5,5.017568345518478
alturas_MIDI,110,6,5.726483586472975
alturas_MIDI,110,7,5.828551880968319
alturas_MIDI,111,2,0.7949859057334088
alturas_MIDI,111,3,2.044235291510409
alturas_MIDI,111,4,3.5578166066295265
alturas_MIDI,111,5,4.991234267729364
alturas_MIDI,111,6,5.679781313459426
alturas_MIDI,111,7,5.832581806436691
alturas_MIDI,112,2,0.7774395447998416
alturas_MIDI,112,3,2.0243304222167473
alturas_MIDI,112,4,3.521412036004103
alturas_MIDI,112,5,4.978424015077016
alturas_MIDI,112,6,5.719963758709279
alturas_MIDI,112,7,5.8084022536264595
alturas_MIDI,113,2,0.777489815171351
alturas_MIDI,113,3,2.018175136309365
alturas_MIDI,113,4,3.5687039573281623
alturas_MIDI,113,5,5.002523896469667
alturas_MIDI,113,6,5.671213085075618
alturas_MIDI,113,7,5.800342402689714
alturas_MIDI,114,2,0.724466299644938
alturas_MIDI,114,3,1.9184182200452813
alturas_MIDI,114,4,3.400320829775706
alturas_MIDI,114,5,4.895908883344984
alturas_MIDI,114,6,5.688802724461833
alturas_MIDI,114,7,5.820492030031575
alturas_MIDI,115,2,0.8187712545721528
alturas_MIDI,115,3,2.0954913525276786
alturas_MIDI,115,4,3.6324110364263933
alturas_MIDI,115,5,5.04858757022956
alturas_MIDI,115,6,5.721480419995554
alturas_MIDI,115,7,5.840641657373435
alturas_MIDI,116,2,0.7571993809830091
alturas_MIDI,116,3,2.001712345474636
alturas_MIDI,116,4,3.506635783791259
alturas_MIDI,116,5,4.968396289318506
alturas_MIDI,116,6,5.699872536084352
alturas_MIDI,116,7,5.820492030031575
alturas_MIDI,117,2,0.8112143782587738
alturas_MIDI,117,3,2.0593326328830233
alturas_MIDI,117,4,3.5903118478706775
alturas_MIDI,117,5,4.966096501115347
alturas_MIDI,117,6,5.674246407648167
alturas_MIDI,117,7,5.816462104563202
alturas_MIDI,118,2,0.7476127720786631
alturas_MIDI,118,3,1.9795047220264932
alturas_MIDI,118,4,3.482735924956558
alturas_MIDI,118,5,4.8976912068992
alturas_MIDI,118,6,5.654155185023241
alturas_MIDI,118,7,5.81243217909483
alturas_MIDI,119,2,0.802804041028433
alturas_MIDI,119,3,2.0227806087269053
alturas_MIDI,119,4,3.4618939362953385
alturas_MIDI,119,5,4.883940738784218
alturas_MIDI,119,6,5.632015561778203
alturas_MIDI,119,7,5.800342402689716
alturas_MIDI,120,2,0.802804041028433
alturas_MIDI,120,3,2.0758675345455755
alturas_MIDI,120,4,3.5961024708609552
alturas_MIDI,120,5,4.9718530471133535
alturas_MIDI,120,6,5.701389197370626
alturas_MIDI,120,7,5.832581806436691
alturas_MIDI,121,2,0.7774395447998416
alturas_MIDI,121,3,2.0028767901389677
alturas_MIDI,121,4,3.5052771924512975
alturas_MIDI,121,5,4.936413224139295
alturas_MIDI,121,6,5.702374119323064
alturas_MIDI,121,7,5.840641657373435
alturas_MIDI,122,2,0.7864258902042838
alturas_MIDI,122,3,2.018300903309829
alturas_MIDI,122,4,3.551357460908141
alturas_MIDI,122,5,4.963555896165322
alturas_MIDI,122,6,5.668711501836906
alturas_MIDI,122,7,5.812432179094831
alturas_MIDI,123,2,0.7855180912083524
alturas_MIDI,123,3,2.0273559351113937
alturas_MIDI,123,4,3.52714647557557
alturas_MIDI,123,5,4.918454626970923
alturas_MIDI,123,6,5.674246407648167
alturas_MIDI,123,7,5.808402253626459
alturas_MIDI,124,2,0.777489815171351
alturas_MIDI,124,3,2.0162180439994764
alturas_MIDI,124,4,3.529338956431297
alturas_MIDI,124,5,4.9455707180679775
alturas_MIDI,124,6,5.679781313459426
alturas_MIDI,124,7,5.832581806436692
alturas_MIDI,125,2,0.7861233530412814
alturas_MIDI,125,3,2.0144955701013973
alturas_MIDI,125,4,3.4954586385374715
alturas_MIDI,125,5,4.905466832077852
alturas_MIDI,125,6,5.649152018545816
alturas_MIDI,125,7,5.812432179094832
alturas_MIDI,126,2,0.7242681075169483
alturas_MIDI,126,3,1.8970680580672146
alturas_MIDI,126,4,3.331870540937851
alturas_MIDI,126,5,4.79933576974745
alturas_MIDI,126,6,5.608891016580728
alturas_MIDI,126,7,5.796312477221344
alturas_MIDI,127,2,0.7578494038604892
alturas_MIDI,127,3,1.9796710019907957
alturas_MIDI,127,4,3.469928945183509
alturas_MIDI,127,5,4.911017819003542
alturas_MIDI,127,6,5.664693257311922
alturas_MIDI,127,7,5.823000885314585
alturas_MIDI,128,2,0.7764337760122134
alturas_MIDI,128,3,2.0046028852484112
alturas_MIDI,128,4,3.500223414496689
alturas_MIDI,128,5,4.919696859161007
alturas_MIDI,128,6,5.672729746361891
alturas_MIDI,128,7,5.824521955499947
alturas_MIDI,129,2,0.7864595015894242
alturas_MIDI,129,3,2.0180817248561596
alturas_MIDI,129,4,3.5217694329990312
alturas_MIDI,129,5,4.9467207775223985
alturas_MIDI,129,6,5.709425686420598
alturas_MIDI,129,7,5.836611731905063
alturas_MIDI,130,2,0.8032098373443972
alturas_MIDI,130,3,2.073608823804609
alturas_MIDI,130,4,3.588122671609551
alturas_MIDI,130,5,4.987543934030597
alturas_MIDI,130,6,5.661206752120771
alturas_MIDI,130,7,5.812432179094831
alturas_MIDI,131,2,0.7732106743007707
alturas_MIDI,131,3,1.9830949585648028
alturas_MIDI,131,4,3.4394031982386952
alturas_MIDI,131,5,4.871785270040199
alturas_MIDI,131,6,5.680766235411863
alturas_MIDI,131,7,5.816462104563204
alturas_MIDI,132,2,0.7857535005343039
alturas_MIDI,132,3,2.0471393055828333
alturas_MIDI,132,4,3.5949381288027715
alturas_MIDI,132,5,5.004184487647334
alturas_MIDI,132,6,5.691836047034383
alturas_MIDI,132,7,5.812432179094831
alturas_MIDI,133,2,0.758199297778235
alturas_MIDI,133,3,1.9575350200538504
alturas_MIDI,133,4,3.4378363019297042
alturas_MIDI,133,5,4.933472495090764
alturas_MIDI,133,6,5.6621916740732114
alturas_MIDI,133,7,5.812432179094833
alturas_MIDI,134,2,0.8158771085407768
alturas_MIDI,134,3,2.055653496742601
alturas_MIDI,134,4,3.5206246099727294
alturas_MIDI,134,5,4.905796972543553
alturas_MIDI,134,6,5.63734982565021
alturas_MIDI,134,7,5.797300262318991
alturas_MIDI,135,2,0.7773557570263161
alturas_MIDI,135,3,2.0557514034356026
alturas_MIDI,135,4,3.611351341535057
alturas_MIDI,135,5,5.080032086853922
alturas_MIDI,135,6,5.738538320047931
alturas_MIDI,135,7,5.831060736251329
alturas_MIDI,136,2,0.7862578217142757
alturas_MIDI,136,3,2.0226544218395883
alturas_MIDI,136,4,3.547302559562378
alturas_MIDI,136,5,5.01261754474055
alturas_MIDI,136,6,5.719963758709278
alturas_MIDI,136,7,5.832581806436691
alturas_MIDI,137,2,0.7766852827796566
alturas_MIDI,137,3,2.0449927378675774
alturas_MIDI,137,4,3.573446764457896
alturas_MIDI,137,5,5.025599842610554
alturas_MIDI,137,6,5.690319385748108
alturas_MIDI,137,7,5.808402253626459
alturas_MIDI,138,2,0.8258152745864551
alturas_MIDI,138,3,2.0650787650452784
alturas_MIDI,138,4,3.5696135331665904
alturas_MIDI,138,5,5.010103520719497
alturas_MIDI,138,6,5.674246407648166
alturas_MIDI,138,7,5.816462104563203
alturas_MIDI,139,2,0.7773557570263161
alturas_MIDI,139,3,2.0150659900046843
alturas_MIDI,139,4,3.526854786643495
alturas_MIDI,139,5,4.963285850483259
alturas_MIDI,139,6,5.680766235411862
alturas_MIDI,139,7,5.820492030031575
alturas_MIDI,140,2,0.7674242661538446
alturas_MIDI,140,3,1.9768981727472528
alturas_MIDI,140,4,3.469936088876599
alturas_MIDI,140,5,4.9020797272101415
alturas_MIDI,140,6,5.683267818650574
alturas_MIDI,140,7,5.82855188096832
alturas_MIDI,141,2,0.777489815171351
alturas_MIDI,141,3,2.0252648260919384
alturas_MIDI,141,4,3.5106839888002255
alturas_MIDI,141,5,4.972131438835311
alturas_MIDI,141,6,5.6817511573643
alturas_MIDI,141,7,5.816462104563202
alturas_MIDI,142,2,0.768126148594298
alturas_MIDI,142,3,2.0263213805168436
alturas_MIDI,142,4,3.564318674318394
alturas_MIDI,142,5,4.992616467185073
alturas_MIDI,142,6,5.660675012786936
alturas_MIDI,142,7,5.812432179094831
alturas_MIDI,143,2,0.7476127720786631
alturas_MIDI,143,3,1.9410549246094622
alturas_MIDI,143,4,3.4250850696993433
alturas_MIDI,143,5,4.891241971312085
alturas_MIDI,143,6,5.647103617925706
alturas_MIDI,143,7,5.8245219554999474
alturas_MIDI,144,2,0.7676248381103863
alturas_MIDI,144,3,1.985965631239297
alturas_MIDI,144,4,3.4854075001381815
alturas_MIDI,144,5,4.924257755395279
alturas_MIDI,144,6,5.645586956639432
alturas_MIDI,144,7,5.81243217909483
alturas_MIDI,145,2,0.7862578217142757
alturas_MIDI,145,3,2.060181540326468
alturas_MIDI,145,4,3.5870711538695303
alturas_MIDI,145,5,5.023765770312598
alturas_MIDI,145,6,5.676747990886879
alturas_MIDI,145,7,5.808402253626459
alturas_MIDI,146,2,0.7859552498421143
alturas_MIDI,146,3,2.036379195696932
alturas_MIDI,146,4,3.5346389399008205
alturas_MIDI,146,5,4.922629242169643
alturas_MIDI,146,6,5.6596900908345
alturas_MIDI,146,7,5.808402253626459
alturas_MIDI,147,2,0.7676248381103863
alturas_MIDI,147,3,1.97159937126423
alturas_MIDI,147,4,3.4459770697926215
alturas_MIDI,147,5,4.8598353603685
alturas_MIDI,147,6,5.64308537340072
alturas_MIDI,147,7,5.796312477221343
alturas_MIDI,148,2,0.8261564900474632
alturas_MIDI,148,3,2.105574144983158
alturas_MIDI,148,4,3.659359808159524
alturas_MIDI,148,5,5.0374659255864795
alturas_MIDI,148,6,5.719432019375444
alturas_MIDI,148,7,5.8245219554999474
alturas_MIDI,149,2,0.7846097289933571
alturas_MIDI,149,3,2.0501210338159366
alturas_MIDI,149,4,3.543453559375344
alturas_MIDI,149,5,4.981276525603665
alturas_MIDI,149,6,5.642100451448282
alturas_MIDI,149,7,5.824521955499947
alturas_MIDI,150,2,0.8182609435728649
alturas_MIDI,150,3,2.0975122785345057
alturas_MIDI,150,4,3.5950709288393665
alturas_MIDI,150,5,5.0313705623772
alturas_MIDI,150,6,5.692820968986818
alturas_MIDI,150,7,5.8245219554999474
alturas_MIDI,151,2,0.802804041028433
alturas_MIDI,151,3,2.020989578071
alturas_MIDI,151,4,3.4876244426726752
alturas_MIDI,151,5,4.882344634216291
alturas_MIDI,151,6,5.636033806303187
alturas_MIDI,151,7,5.812432179094832
alturas_MIDI,152,2,0.7478121133069852
alturas_MIDI,152,3,1.9755792870625615
alturas_MIDI,152,4,3.4960157713952404
alturas_MIDI,152,5,4.941615835710213
alturas_MIDI,152,6,5.663176596025647
alturas_MIDI,152,7,5.828551880968319
alturas_MIDI,153,2,0.7676248381103863
alturas_MIDI,153,3,2.0023192418503464
alturas_MIDI,153,4,3.533306202526862
alturas_MIDI,153,5,4.985255139873568
alturas_MIDI,153,6,5.726483586472976
alturas_MIDI,153,7,5.828551880968319
alturas_MIDI,154,2,0.7463164000707407
alturas_MIDI,154,3,1.9291419477322924
alturas_MIDI,154,4,3.4132875117808608
alturas_MIDI,154,5,4.88554123517825
alturas_MIDI,154,6,5.68933446379567
alturas_MIDI,154,7,5.828551880968319
alturas_MIDI,155,2,0.7772384461176127
alturas_MIDI,155,3,1.9758048779318231
alturas_MIDI,155,4,3.444493852372049
alturas_MIDI,155,5,4.888863853436219
alturas_MIDI,155,6,5.634063962398313
alturas_MIDI,155,7,5.81243217909483
alturas_MIDI,156,2,0.7365680526764268
alturas_MIDI,156,3,1.9242835352274805
alturas_MIDI,156,4,3.405463236578132
alturas_MIDI,156,5,4.927696278301053
alturas_MIDI,156,6,5.72246534194799
alturas_MIDI,156,7,5.832581806436691
alturas_MIDI,157,2,0.7659191049452332
alturas_MIDI,157,3,1.9316457972985823
alturas_MIDI,157,4,3.3546606269801265
alturas_MIDI,157,5,4.864657518632613
alturas_MIDI,157,6,5.652638523736966
alturas_MIDI,157,7,5.798821332504353
alturas_MIDI,158,2,0.7766852827796566
alturas_MIDI,158,3,2.0013792683114953
alturas_MIDI,158,4,3.476740172510817
alturas_MIDI,158,5,4.918734454595514
alturas_MIDI,158,6,5.685316219270686
alturas_MIDI,158,7,5.832581806436691
alturas_MIDI,159,2,0.7862578217142757
alturas_MIDI,159,3,2.0309952043137582
alturas_MIDI,159,4,3.570227771061839
alturas_MIDI,159,5,4.9632775044433615
alturas_MIDI,159,6,5.704875702561775
alturas_MIDI,159,7,5.820492030031575
alturas_MIDI,160,2,0.7864595015894242
alturas_MIDI,160,3,2.0416294517777387
alturas_MIDI,160,4,3.504194412118795
alturas_MIDI,160,5,4.905596910494297
alturas_MIDI,160,6,5.664693257311922
alturas_MIDI,160,7,5.824521955499947
alturas_MIDI,161,2,0.747712446043003
alturas_MIDI,161,3,1.972048726563231
alturas_MIDI,161,4,3.4751302632030625
alturas_MIDI,161,5,4.967316213496895
alturas_MIDI,161,6,5.71442885289802
alturas_MIDI,161,7,5.828551880968319
alturas_MIDI,162,2,0.7773557570263161
alturas_MIDI,162,3,1.9914046703339108
alturas_MIDI,162,4,3.4587234445489985
alturas_MIDI,162,5,4.877309676036917
alturas_MIDI,162,6,5.664693257311922
alturas_MIDI,162,7,5.824521955499947
alturas_MIDI,163,2,0.8031083988636237
alturas_MIDI,163,3,2.052480631953531
alturas_MIDI,163,4,3.5400938890994427
alturas_MIDI,163,5,4.913912296331399
alturas_MIDI,163,6,5.671213085075618
alturas_MIDI,163,7,5.820492030031575
alturas_MIDI,164,2,0.7581159972145048
alturas_MIDI,164,3,1.9741379822003182
alturas_MIDI,164,4,3.4688413269428877
alturas_MIDI,164,5,4.901744089721376
alturas_MIDI,164,6,5.69183604703438
alturas_MIDI,164,7,5.827030810782957
alturas_MIDI,165,2,0.7471143016948029
alturas_MIDI,165,3,1.9355352421875514
alturas_MIDI,165,4,3.365085150196099
alturas_MIDI,165,5,4.800351358959316
alturas_MIDI,165,6,5.655140106975676
alturas_MIDI,165,7,5.824521955499947
alturas_MIDI,166,2,0.8189753286230492
alturas_MIDI,166,3,2.075720880211408
alturas_MIDI,166,4,3.5416170856915516
alturas_MIDI,166,5,4.931734987354587
alturas_MIDI,166,6,5.690319385748108
alturas_MIDI,166,7,5.800342402689714
alturas_MIDI,167,2,0.7680259001373962
alturas_MIDI,167,3,1.9780317341580482
alturas_MIDI,167,4,3.5006552111636613
alturas_MIDI,167,5,4.941842478688435
alturas_MIDI,167,6,5.680766235411862
alturas_MIDI,167,7,5.816462104563203
alturas_MIDI,168,2,0.8336457966208821
alturas_MIDI,168,3,2.092476472912525
alturas_MIDI,168,4,3.606784680112939
alturas_MIDI,168,5,5.020844712055774
alturas_MIDI,168,6,5.678264652173152
alturas_MIDI,168,7,5.816462104563203
alturas_MIDI,169,2,0.7857535005343039
alturas_MIDI,169,3,2.027248027243371
alturas_MIDI,169,4,3.5361342747724946
alturas_MIDI,169,5,4.999763889384355
alturas_MIDI,169,6,5.683799557984412
alturas_MIDI,169,7,5.832581806436691
alturas_MIDI,170,2,0.768126148594298
alturas_MIDI,170,3,2.006674753696164
alturas_MIDI,170,4,3.4888276384389063
alturas_MIDI,170,5,4.90920056848046
alturas_MIDI,170,6,5.65915835150066
alturas_MIDI,170,7,5.8084022536264595
alturas_MIDI,171,2,0.7775065715798
alturas_MIDI,171,3,2.0314290508897144
alturas_MIDI,171,4,3.5357569208688386
alturas_MIDI,171,5,4.999117451515927
alturas_MIDI,171,6,5.686301141223123
alturas_MIDI,171,7,5.836611731905063
alturas_MIDI,172,2,0.777489815171351
alturas_MIDI,172,3,2.0105049751410675
alturas_MIDI,172,4,3.5182886087988705
alturas_MIDI,172,5,4.969553258910192
alturas_MIDI,172,6,5.703890780609338
alturas_MIDI,172,7,5.832581806436691
alturas_MIDI,173,2,0.802804041028433
alturas_MIDI,173,3,2.0580287251347356
alturas_MIDI,173,4,3.584410017844654
alturas_MIDI,173,5,5.032961169922058
alturas_MIDI,173,6,5.695854291559367
alturas_MIDI,173,7,5.820492030031575
alturas_MIDI,174,2,0.7674242661538446
alturas_MIDI,174,3,1.9975291368498131
alturas_MIDI,174,4,3.502002549168123
alturas_MIDI,174,5,4.940776576635464
alturas_MIDI,174,6,5.67326148569573
alturas_MIDI,174,7,5.828551880968319
alturas_MIDI,175,2,0.7770876040440087
alturas_MIDI,175,3,2.0185768572830316
alturas_MIDI,175,4,3.5451220435920106
alturas_MIDI,175,5,4.978962563631867
alturas_MIDI,175,6,5.6797813134594275
alturas_MIDI,175,7,5.824521955499947
alturas_MIDI,176,2,0.758199297778235
alturas_MIDI,176,3,2.0073446231385863
alturas_MIDI,176,4,3.5237549915140187
alturas_MIDI,176,5,4.974393652063378
alturas_MIDI,176,6,5.67022816312318
alturas_MIDI,176,7,5.812432179094831
alturas_MIDI,177,2,0.7947836238455784
alturas_MIDI,177,3,2.04442699192558
alturas_MIDI,177,4,3.5525911512254638
alturas_MIDI,177,5,5.025646094331226
alturas_MIDI,177,6,5.713443930945581
alturas_MIDI,177,7,5.828551880968319
alturas_MIDI,178,2,0.777489815171351
alturas_MIDI,178,3,2.009124591176925
alturas_MIDI,178,4,3.466569788924387
alturas_MIDI,178,5,4.904825891232483
alturas_MIDI,178,6,5.676747990886878
alturas_MIDI,178,7,5.824521955499947
alturas_MIDI,179,2,0.7949859057334088
alturas_MIDI,179,3,2.0482531222588096
alturas_MIDI,179,4,3.544513132152712
alturas_MIDI,179,5,4.9974652063781555
alturas_MIDI,179,6,5.687817802509397
alturas_MIDI,179,7,5.808402253626459
alturas_MIDI,180,2,0.766922716737933
alturas_MIDI,180,3,1.9907964114526677
alturas_MIDI,180,4,3.5145824466764752
alturas_MIDI,180,5,4.945784953885871
alturas_MIDI,180,6,5.686301141223122
alturas_MIDI,180,7,5.832581806436691
alturas_MIDI,181,2,0.7939742160257413
alturas_MIDI,181,3,2.045741612380314
alturas_MIDI,181,4,3.5729005176802566
alturas_MIDI,181,5,5.052212312121627
alturas_MIDI,181,6,5.725498664520539
alturas_MIDI,181,7,5.82855188096832
alturas_MIDI,182,2,0.794631894047021
alturas_MIDI,182,3,2.02362962510473
alturas_MIDI,182,4,3.4884893070028857
alturas_MIDI,182,5,4.948265133346582
alturas_MIDI,182,6,5.660143273453098
alturas_MIDI,182,7,5.81243217909483
alturas_MIDI,183,2,0.8110108991580327
alturas_MIDI,183,3,2.0793367123764703
alturas_MIDI,183,4,3.584269869808307
alturas_MIDI,183,5,5.009987616071693
alturas_MIDI,183,6,5.682282896698137
alturas_MIDI,183,7,5.8245219554999474
alturas_MIDI,184,2,0.7829260852286262
alturas_MIDI,184,3,2.00624966699831
alturas_MIDI,184,4,3.4612175693534213
alturas_MIDI,184,5,4.912451767202987
alturas_MIDI,184,6,5.691836047034381
alturas_MIDI,184,7,5.82855188096832
alturas_MIDI,185,2,0.747313709967273
alturas_MIDI,185,3,1.913940958035405
alturas_MIDI,185,4,3.3720405982245714
alturas_MIDI,185,5,4.854064640601853
alturas_MIDI,185,6,5.66567817926436
alturas_MIDI,185,7,5.828551880968319
alturas_MIDI,186,2,0.7864258902042838
alturas_MIDI,186,3,2.018470581009643
alturas_MIDI,186,4,3.4825269925324056
alturas_MIDI,186,5,4.959149140965311
alturas_MIDI,186,6,5.6712130850756175
alturas_MIDI,186,7,5.816462104563203
alturas_MIDI,187,2,0.758199297778235
alturas_MIDI,187,3,1.9819795390669224
alturas_MIDI,187,4,3.4951762699247593
alturas_MIDI,187,5,4.9638397849103475
alturas_MIDI,187,6,5.677279730220715
alturas_MIDI,187,7,5.820492030031574
alturas_MIDI,188,2,0.8110108991580327
alturas_MIDI,188,3,2.094032194601596
alturas_MIDI,188,4,3.6444297537317616
alturas_MIDI,188,5,5.075651912582881
alturas_MIDI,188,6,5.717462175470568
alturas_MIDI,188,7,5.828551880968319
alturas_MIDI,189,2,0.7478121133069852
alturas_MIDI,189,3,1.955545810850318
alturas_MIDI,189,4,3.4668659896631637
alturas_MIDI,189,5,4.930604598691874
alturas_MIDI,189,6,5.6631765960256475
alturas_MIDI,189,7,5.832581806436691
alturas_MIDI,190,2,0.7926242045455117
alturas_MIDI,190,3,1.9955934513237883
alturas_MIDI,190,4,3.4770891089217533
alturas_MIDI,190,5,4.921971810255074
alturas_MIDI,190,6,5.642100451448285
alturas_MIDI,190,7,5.8245219554999474
alturas_MIDI,191,2,0.69222325824376
alturas_MIDI,191,3,1.8175127741293773
alturas_MIDI,191,4,3.2792390376769873
alturas_MIDI,191,5,4.825818160842081
alturas_MIDI,191,6,5.64308537340072
alturas_MIDI,191,7,5.812432179094831
alturas_MIDI,192,2,0.7864595015894242
alturas_MIDI,192,3,2.0335823154043977
alturas_MIDI,192,4,3.563188357432774
alturas_MIDI,192,5,5.007577089538112
alturas_MIDI,192,6,5.677732912839314
alturas_MIDI,192,7,5.82855188096832
alturas_MIDI,193,2,0.7582492758636274
alturas_MIDI,193,3,1.9920585423709416
alturas_MIDI,193,4,3.481221421412222
alturas_MIDI,193,5,4.916142100901751
alturas_MIDI,193,6,5.648620279211981
alturas_MIDI,193,7,5.820492030031575
alturas_MIDI,194,2,0.7950533268066823
alturas_MIDI,194,3,2.009888555677283
alturas_MIDI,194,4,3.4841924751860964
alturas_MIDI,194,5,4.884573333589684
alturas_MIDI,194,6,5.628982239205654
alturas_MIDI,194,7,5.804372328158087
alturas_MIDI,195,2,0.7476127720786631
alturas_MIDI,195,3,1.9813266473909272
alturas_MIDI,195,4,3.4685462824974014
alturas_MIDI,195,5,4.907062936645778
alturas_MIDI,195,6,5.660143273453101
alturas_MIDI,195,7,5.816462104563203
alturas_MIDI,196,2,0.7468816247860568
alturas_MIDI,196,3,1.9513846323165436
alturas_MIDI,196,4,3.443499116882692
alturas_MIDI,196,5,4.916174509559462
alturas_MIDI,196,6,5.696839213511805
alturas_MIDI,196,7,5.820492030031575
alturas_MIDI,197,2,0.7764337760122134
alturas_MIDI,197,3,2.0064798913686808
alturas_MIDI,197,4,3.5198302239037553
alturas_MIDI,197,5,4.981230273882994
alturas_MIDI,197,6,5.685316219270685
alturas_MIDI,197,7,5.820492030031575
alturas_MIDI,198,2,0.7775065715798
alturas_MIDI,198,3,1.9914697869698763
alturas_MIDI,198,4,3.47233375071514
alturas_MIDI,198,5,4.924051865617283
alturas_MIDI,198,6,5.661206752120774
alturas_MIDI,198,7,5.816462104563203
alturas_MIDI,199,2,0.7944464251081313
alturas_MIDI,199,3,2.016007154340519
alturas_MIDI,199,4,3.5372011569588038
alturas_MIDI,199,5,4.916736790026451
alturas_MIDI,199,6,5.678264652173151
alturas_MIDI,199,7,5.832581806436692
alturas_MIDI,200,2,0.7569159481256729
alturas_MIDI,200,3,1.9332941483407797
alturas_MIDI,200,4,3.4071628984955744
alturas_MIDI,200,5,4.868830697928702
alturas_MIDI,200,6,5.667194840550633
alturas_MIDI,200,7,5.824521955499948
alturas_MIDI,201,2,0.7579993685387232
alturas_MIDI,201,3,1.9603515876892554
alturas_MIDI,201,4,3.4543163148653724
alturas_MIDI,201,5,4.983491051208425
alturas_MIDI,201,6,5.665678179264358
alturas_MIDI,201,7,5.804372328158087
alturas_MIDI,202,2,0.7363692793555174
alturas_MIDI,202,3,1.9585911733629153
alturas_MIDI,202,4,3.4680696558678332
alturas_MIDI,202,5,4.920809012934651
alturas_MIDI,202,6,5.669696423789344
alturas_MIDI,202,7,5.824521955499947
alturas_MIDI,203,2,0.8110108991580327
alturas_MIDI,203,3,2.094122403522346
alturas_MIDI,203,4,3.574172453833033
alturas_MIDI,203,5,5.035655585200666
alturas_MIDI,203,6,5.7144288528980205
alturas_MIDI,203,7,5.824521955499947
alturas_MIDI,204,2,0.777489815171351
alturas_MIDI,204,3,2.0265931189990227
alturas_MIDI,204,4,3.5389927103163545
alturas_MIDI,204,5,4.94139060584619
alturas_MIDI,204,6,5.672729746361894
alturas_MIDI,204,7,5.8245219554999474
alturas_MIDI,205,2,0.7578494038604892
alturas_MIDI,205,3,1.9892014012106927
alturas_MIDI,205,4,3.466168076028715
alturas_MIDI,205,5,4.9177706141273845
alturas_MIDI,205,6,5.679781313459427
alturas_MIDI,205,7,5.824521955499947
alturas_MIDI,206,2,0.794631894047021
alturas_MIDI,206,3,2.0581233781118393
alturas_MIDI,206,4,3.5603554665607695
alturas_MIDI,206,5,4.953630231991657
alturas_MIDI,206,6,5.666209918598196
alturas_MIDI,206,7,5.820492030031575
alturas_MIDI,207,2,0.8033112687626439
alturas_MIDI,207,3,2.060684742551998
alturas_MIDI,207,4,3.5933207004320504
alturas_MIDI,207,5,5.045084560714044
alturas_MIDI,207,6,5.732018492284234
alturas_MIDI,207,7,5.824521955499947
alturas_MIDI,208,2,0.7097447304684359
alturas_MIDI,208,3,1.8835658287631596
alturas_MIDI,208,4,3.371158336086851
alturas_MIDI,208,5,4.87394948280385
alturas_MIDI,208,6,5.65415518502324
alturas_MIDI,208,7,5.812432179094831
alturas_MIDI,209,2,0.7773557570263161
alturas_MIDI,209,3,1.9875463201715529
alturas_MIDI,209,4,3.46879454561417
alturas_MIDI,209,5,4.916258336255235
alturas_MIDI,209,6,5.645586956639432
alturas_MIDI,209,7,5.796312477221342
alturas_MIDI,210,2,0.7774395447998416
alturas_MIDI,210,3,2.0319927090413206
alturas_MIDI,210,4,3.56618291569755
alturas_MIDI,210,5,4.933499076019733
alturas_MIDI,210,6,5.6606750127869345
alturas_MIDI,210,7,5.828551880968319
alturas_MIDI,211,2,0.7949859057334088
alturas_MIDI,211,3,2.074560992906627
alturas_MIDI,211,4,3.5911135296152956
alturas_MIDI,211,5,5.040444229610111
alturas_MIDI,211,6,5.713443930945582
alturas_MIDI,211,7,5.820492030031575
alturas_MIDI,212,2,0.7863586651213328
alturas_MIDI,212,3,2.0100133069055497
alturas_MIDI,212,4,3.486399116711858
alturas_MIDI,212,5,4.935257667661809
alturas_MIDI,212,6,5.668711501836905
alturas_MIDI,212,7,5.820492030031575
alturas_MIDI,213,2,0.7242681075169483
alturas_MIDI,213,3,1.924038614942802
alturas_MIDI,213,4,3.399263654432021
alturas_MIDI,213,5,4.875861884774509
alturas_MIDI,213,6,5.717462175470568
alturas_MIDI,213,7,5.840641657373435
alturas_MIDI,214,2,0.8032098373443972
alturas_MIDI,214,3,1.9999316309051367
alturas_MIDI,214,4,3.4533036665567383
alturas_MIDI,214,5,4.93873409624836
alturas_MIDI,214,6,5.645586956639434
alturas_MIDI,214,7,5.800342402689714
alturas_MIDI,215,2,0.7549971769557604
alturas_MIDI,215,3,1.9341073124052608
alturas_MIDI,215,4,3.4159673187760684
alturas_MIDI,215,5,4.846071049190551
alturas_MIDI,215,6,5.6260274733483415
alturas_MIDI,215,7,5.798821332504353
alturas_MIDI,216,2,0.758199297778235
alturas_MIDI,216,3,1.9974389295123751
alturas_MIDI,216,4,3.4797390006651066
alturas_MIDI,216,5,4.9220793688629865
alturas_MIDI,216,6,5.65342280375015
alturas_MIDI,216,7,5.808402253626459
alturas_MIDI,217,2,0.734247374156602
alturas_MIDI,217,3,1.9261592898022695
alturas_MIDI,217,4,3.378383431588254
alturas_MIDI,217,5,4.806340375664287
alturas_MIDI,217,6,5.626480655966944
alturas_MIDI,217,7,5.806881183441097
alturas_MIDI,218,2,0.8187712545721528
alturas_MIDI,218,3,2.062903950443578
alturas_MIDI,218,4,3.5800664428666096
alturas_MIDI,218,5,5.016986394259788
alturas_MIDI,218,6,5.7310335703318
alturas_MIDI,218,7,5.832581806436691
alturas_MIDI,219,2,0.8033112687626439
alturas_MIDI,219,3,2.048140546084844
alturas_MIDI,219,4,3.606995567010171
alturas_MIDI,219,5,5.001290010319477
alturas_MIDI,219,6,5.706392363848048
alturas_MIDI,219,7,5.828551880968319
alturas_MIDI,220,2,0.768126148594298
alturas_MIDI,220,3,2.003268196385627
alturas_MIDI,220,4,3.537708580873119
alturas_MIDI,220,5,5.006064811665958
alturas_MIDI,220,6,5.7119272696593075
alturas_MIDI,220,7,5.836611731905063
alturas_MIDI,221,2,0.758199297778235
alturas_MIDI,221,3,1.9813128423685469
alturas_MIDI,221,4,3.459866281436419
alturas_MIDI,221,5,4.931534925305336
alturas_MIDI,221,6,5.666209918598196
alturas_MIDI,221,7,5.824521955499947
alturas_MIDI,222,2,0.7680259001373962
alturas_MIDI,222,3,1.9925359579939275
alturas_MIDI,222,4,3.4692381485640835
alturas_MIDI,222,5,4.907309250415703
alturas_MIDI,222,6,5.629513978539492
alturas_MIDI,222,7,5.796312477221342
alturas_MIDI,223,2,0.766922716737933
alturas_MIDI,223,3,1.996052956885057
alturas_MIDI,223,4,3.4806710527125806
alturas_MIDI,223,5,4.930850912461801
alturas_MIDI,223,6,5.632547301112039
alturas_MIDI,223,7,5.796312477221343
alturas_MIDI,224,2,0.7582492758636274
alturas_MIDI,224,3,1.9825253152303315
alturas_MIDI,224,4,3.471737465383243
alturas_MIDI,224,5,4.856205121453369
alturas_MIDI,224,6,5.581748226858269
alturas_MIDI,224,7,5.79076148156761
alturas_MIDI,225,2,0.7579993685387232
alturas_MIDI,225,3,1.9783435264984588
alturas_MIDI,225,4,3.488312403387594
alturas_MIDI,225,5,4.992468153879555
alturas_MIDI,225,6,5.699872536084353
alturas_MIDI,225,7,5.832581806436691
alturas_MIDI,226,2,0.7679256448622243
alturas_MIDI,226,3,2.0110157429230053
alturas_MIDI,226,4,3.4926889215715113
alturas_MIDI,226,5,4.921400853042517
alturas_MIDI,226,6,5.695854291559366
alturas_MIDI,226,7,5.824521955499947
alturas_MIDI,227,2,0.7365680526764268
alturas_MIDI,227,3,1.9149943346388114
alturas_MIDI,227,4,3.4075159701740456
alturas_MIDI,227,5,4.86179401405983
alturas_MIDI,227,6,5.6878178025093975
alturas_MIDI,227,7,5.824521955499947
alturas_MIDI,228,2,0.7864258902042838
alturas_MIDI,228,3,1.9931544335831013
alturas_MIDI,228,4,3.4255154985955394
alturas_MIDI,228,5,4.82778374745911
alturas_MIDI,228,6,5.615942583678261
alturas_MIDI,228,7,5.820492030031575
alturas_MIDI,229,2,0.8112652435804384
alturas_MIDI,229,3,2.0490598228133416
alturas_MIDI,229,4,3.543537454174171
alturas_MIDI,229,5,4.967562527266825
alturas_MIDI,229,6,5.697370952845642
alturas_MIDI,229,7,5.832581806436691
alturas_MIDI,230,2,0.8033112687626439
alturas_MIDI,230,3,2.0358316685167854
alturas_MIDI,230,4,3.510675723449346
alturas_MIDI,230,5,4.9410604653804935
alturas_MIDI,230,6,5.661206752120773
alturas_MIDI,230,7,5.836611731905063
alturas_MIDI,231,2,0.7582492758636274
alturas_MIDI,231,3,1.9826175856537471
alturas_MIDI,231,4,3.455456652592969
alturas_MIDI,231,5,4.8668803902772675
alturas_MIDI,231,6,5.625495734014504
alturas_MIDI,231,7,5.820492030031574
alturas_MIDI,232,2,0.7478121133069852
alturas_MIDI,232,3,1.946100467740627
alturas_MIDI,232,4,3.430192645621572
alturas_MIDI,232,5,4.885407095641369
alturas_MIDI,232,6,5.7038907806093375
alturas_MIDI,232,7,5.832581806436691
alturas_MIDI,233,2,0.7861233530412814
alturas_MIDI,233,3,2.0397178527304485
alturas_MIDI,233,4,3.5421524201486903
alturas_MIDI,233,5,4.9650219223168
alturas_MIDI,233,6,5.695854291559367
alturas_MIDI,233,7,5.820492030031576
alturas_MIDI,234,2,0.7769032204759208
alturas_MIDI,234,3,2.021643528576375
alturas_MIDI,234,4,3.5292435771876693
alturas_MIDI,234,5,4.964830206307444
alturas_MIDI,234,6,5.668711501836908
alturas_MIDI,234,7,5.816462104563204
alturas_MIDI,235,2,0.7864258902042838
alturas_MIDI,235,3,2.0543822016368365
alturas_MIDI,235,4,3.5710396128981245
alturas_MIDI,235,5,5.0203327444298935
alturas_MIDI,235,6,5.703890780609336
alturas_MIDI,235,7,5.8245219554999474
alturas_MIDI,236,2,0.7857535005343039
alturas_MIDI,236,3,2.0231384169999345
alturas_MIDI,236,4,3.5251230268242657
alturas_MIDI,236,5,4.931572830986112
alturas_MIDI,236,6,5.699872536084351
alturas_MIDI,236,7,5.828551880968319
alturas_MIDI,237,2,0.8020936252269826
alturas_MIDI,237,3,2.0604308977433248
alturas_MIDI,237,4,3.5427819266668417
alturas_MIDI,237,5,4.983821191674123
alturas_MIDI,237,6,5.672729746361892
alturas_MIDI,237,7,5.816462104563202
alturas_MIDI,238,2,0.7770876040440087
alturas_MIDI,238,3,2.0500975537375012
alturas_MIDI,238,4,3.570468239266166
alturas_MIDI,238,5,5.022039587328234
alturas_MIDI,238,6,5.671213085075618
alturas_MIDI,238,7,5.828551880968319
alturas_MIDI,239,2,0.7775065715798
alturas_MIDI,239,3,2.0069184723411526
alturas_MIDI,239,4,3.4706369526130847
alturas_MIDI,239,5,4.909627273507938
alturas_MIDI,239,6,5.679781313459424
alturas_MIDI,239,7,5.824521955499947
alturas_MIDI,240,2,0.7680259001373962
alturas_MIDI,240,3,1.9653529297751908
alturas_MIDI,240,4,3.4248308828836
alturas_MIDI,240,5,4.887811794446208
alturas_MIDI,240,6,5.676747990886878
alturas_MIDI,240,7,5.824521955499947
alturas_MIDI,241,2,0.758199297778235
alturas_MIDI,241,3,1.9491749572821253
alturas_MIDI,241,4,3.417775151026537
alturas_MIDI,241,5,4.907286730607167
alturas_MIDI,241,6,5.6702281631231815
alturas_MIDI,241,7,5.8245219554999474
alturas_MIDI,242,2,0.747712446043003
alturas_MIDI,242,3,1.950504135756802
alturas_MIDI,242,4,3.431961262927742
alturas_MIDI,242,5,4.897891268948453
alturas_MIDI,242,6,5.675231329600604
alturas_MIDI,242,7,5.816462104563202
alturas_MIDI,243,2,0.768126148594298
alturas_MIDI,243,3,2.0017495185960716
alturas_MIDI,243,4,3.5237857390630256
alturas_MIDI,243,5,4.996423036237321
alturas_MIDI,243,6,5.685316219270685
alturas_MIDI,243,7,5.812432179094831
alturas_MIDI,244,2,0.7949016250169262
alturas_MIDI,244,3,2.0540588601727334
alturas_MIDI,244,4,3.5419006971720908
alturas_MIDI,244,5,5.029736552128502
alturas_MIDI,244,6,5.716930436136731
alturas_MIDI,244,7,5.836611731905063
alturas_MIDI,245,2,0.7582492758636274
alturas_MIDI,245,3,1.9579371627921587
alturas_MIDI,245,4,3.4804495662021493
alturas_MIDI,245,5,4.929013991147015
alturas_MIDI,245,6,5.652638523736966
alturas_MIDI,245,7,5.808402253626458
alturas_MIDI,246,2,0.8017890551169031
alturas_MIDI,246,3,2.034053537118755
alturas_MIDI,246,4,3.5505974686736237
alturas_MIDI,246,5,4.924285772226879
alturas_MIDI,246,6,5.660675012786934
alturas_MIDI,246,7,5.828551880968319
alturas_MIDI,247,2,0.8029731365667128
alturas_MIDI,247,3,2.049632134950201
alturas_MIDI,247,4,3.5116538804464335
alturas_MIDI,247,5,4.914972701361307
alturas_MIDI,247,6,5.6596900908345
alturas_MIDI,247,7,5.828551880968319
alturas_MIDI,248,2,0.7861233530412814
alturas_MIDI,248,3,1.9758467589837807
alturas_MIDI,248,4,3.4207575794569607
alturas_MIDI,248,5,4.837269945950859
alturas_MIDI,248,6,5.6436171127345585
alturas_MIDI,248,7,5.80840225362646
alturas_MIDI,249,2,0.7468816247860568
alturas_MIDI,249,3,1.9518645357264537
alturas_MIDI,249,4,3.4533107178059232
alturas_MIDI,249,5,4.925007360045514
alturas_MIDI,249,6,5.674246407648166
alturas_MIDI,249,7,5.824521955499947
alturas_MIDI,250,2,0.7107331453009125
alturas_MIDI,250,3,1.931177768414027
alturas_MIDI,250,4,3.43244392465006
alturas_MIDI,250,5,4.893000562954163
alturas_MIDI,250,6,5.657641690214389
alturas_MIDI,250,7,5.816462104563203
alturas_MIDI,251,2,0.7862578217142757
alturas_MIDI,251,3,2.022027827070727
alturas_MIDI,251,4,3.5014993188708186
alturas_MIDI,251,5,4.88616943815761
alturas_MIDI,251,6,5.617990984298372
alturas_MIDI,251,7,5.816462104563204
alturas_MIDI,252,2,0.7863586651213328
alturas_MIDI,252,3,2.040266845473596
alturas_MIDI,252,4,3.5655672032408754
alturas_MIDI,252,5,5.001011618597513
alturas_MIDI,252,6,5.7038907806093375
alturas_MIDI,252,7,5.832581806436691
alturas_MIDI,253,2,0.8023643007034174
alturas_MIDI,253,3,2.041832037990968
alturas_MIDI,253,4,3.585944677547995
alturas_MIDI,253,5,5.0159259892298795
alturas_MIDI,253,6,5.694337630273093
alturas_MIDI,253,7,5.824521955499947
alturas_MIDI,254,2,0.7859552498421143
alturas_MIDI,254,3,2.0213363423110184
alturas_MIDI,254,4,3.5271328806918234
alturas_MIDI,254,5,4.968266210902063
alturas_MIDI,254,6,5.721480419995553
alturas_MIDI,254,7,5.832581806436691
alturas_MIDI,255,2,0.7677919605529111
alturas_MIDI,255,3,2.0378211203960945
alturas_MIDI,255,4,3.578430580683465
alturas_MIDI,255,5,5.011849374495571
alturas_MIDI,255,6,5.7295169090455245
alturas_MIDI,255,7,5.840641657373435
alturas_MIDI,256,2,0.7581159972145048
alturas_MIDI,256,3,1.9521888384511508
alturas_MIDI,256,4,3.441664362011037
alturas_MIDI,256,5,4.879914767596687
alturas_MIDI,256,6,5.666209918598194
alturas_MIDI,256,7,5.820492030031576
alturas_MIDI,257,2,0.7761486829151168
alturas_MIDI,257,3,2.0326292456443467
alturas_MIDI,257,4,3.545324415175847
alturas_MIDI,257,5,4.967376308280532
alturas_MIDI,257,6,5.680766235411863
alturas_MIDI,257,7,5.816462104563202
alturas_MIDI,258,2,0.7936874431078149
alturas_MIDI,258,3,2.0382856154820517
alturas_MIDI,258,4,3.5701599909101303
alturas_MIDI,258,5,4.9858888398759955
alturas_MIDI,258,6,5.664693257311921
alturas_MIDI,258,7,5.820492030031575
alturas_MIDI,259,2,0.7950533268066823
alturas_MIDI,259,3,2.01628615999023
alturas_MIDI,259,4,3.5331441853491725
alturas_MIDI,259,5,4.985133407497021
alturas_MIDI,259,6,5.721480419995554
alturas_MIDI,259,7,5.832581806436692
alturas_MIDI,260,2,0.758199297778235
alturas_MIDI,260,3,1.9793649647069735
alturas_MIDI,260,4,3.505712865301808
alturas_MIDI,260,5,4.952448094585203
alturas_MIDI,260,6,5.674246407648167
alturas_MIDI,260,7,5.816462104563203
alturas_MIDI,261,2,0.7677919605529111
alturas_MIDI,261,3,1.9635325435812507
alturas_MIDI,261,4,3.478634107157344
alturas_MIDI,261,5,4.939748249557596
alturas_MIDI,261,6,5.6390671288757375
alturas_MIDI,261,7,5.816462104563203
alturas_MIDI,262,2,0.7582492758636274
alturas_MIDI,262,3,1.9871348591182803
alturas_MIDI,262,4,3.514836903184873
alturas_MIDI,262,5,4.986915731051235
alturas_MIDI,262,6,5.717462175470566
alturas_MIDI,262,7,5.828551880968319
alturas_MIDI,263,2,0.7581159972145048
alturas_MIDI,263,3,1.9852628718288243
alturas_MIDI,263,4,3.469180252646766
alturas_MIDI,263,5,4.899385311931536
alturas_MIDI,263,6,5.63504888435075
alturas_MIDI,263,7,5.804372328158087
alturas_MIDI,264,2,0.7459838141161641
alturas_MIDI,264,3,1.9667500048942983
alturas_MIDI,264,4,3.4132998899473814
alturas_MIDI,264,5,4.828714074072572
alturas_MIDI,264,6,5.636565545637025
alturas_MIDI,264,7,5.820492030031574
alturas_MIDI,265,2,0.7674242661538446
alturas_MIDI,265,3,1.961991612228299
alturas_MIDI,265,4,3.4401597805042683
alturas_MIDI,265,5,4.939869981934142
alturas_MIDI,265,6,5.667194840550633
alturas_MIDI,265,7,5.8245219554999474
alturas_MIDI,266,2,0.7362201819223613
alturas_MIDI,266,3,1.9021379470256128
alturas_MIDI,266,4,3.3716646707728026
alturas_MIDI,266,5,4.869482632820204
alturas_MIDI,266,6,5.644602034686995
alturas_MIDI,266,7,5.824521955499947
alturas_MIDI,267,2,0.7864258902042838
alturas_MIDI,267,3,2.0260081291774146
alturas_MIDI,267,4,3.5181392329079846
alturas_MIDI,267,5,4.92335950673385
alturas_MIDI,267,6,5.653623445689402
alturas_MIDI,267,7,5.816462104563203
alturas_MIDI,268,2,0.7774395447998416
alturas_MIDI,268,3,2.0406376605830436
alturas_MIDI,268,4,3.5310097113024046
alturas_MIDI,268,5,4.976888005292728
alturas_MIDI,268,6,5.703890780609338
alturas_MIDI,268,7,5.812432179094832
alturas_MIDI,269,2,0.7582492758636274
alturas_MIDI,269,3,1.9719100604009105
alturas_MIDI,269,4,3.4541398002416726
alturas_MIDI,269,5,4.874497920207876
alturas_MIDI,269,6,5.651653601784529
alturas_MIDI,269,7,5.824521955499947
alturas_MIDI,270,2,0.7855180912083524
alturas_MIDI,270,3,2.0762626608488186
alturas_MIDI,270,4,3.6007400122476416
alturas_MIDI,270,5,5.035618010225563
alturas_MIDI,270,6,5.676216251553041
alturas_MIDI,270,7,5.820492030031574
alturas_MIDI,271,2,0.7861233530412814
alturas_MIDI,271,3,2.034906432305959
alturas_MIDI,271,4,3.569638867878326
alturas_MIDI,271,5,4.96053134042102
alturas_MIDI,271,6,5.652638523736966
alturas_MIDI,271,7,5.8084022536264595
alturas_MIDI,272,2,0.7942272041706335
alturas_MIDI,272,3,1.9912504299878664
alturas_MIDI,272,4,3.458149807565083
alturas_MIDI,272,5,4.913665982561472
alturas_MIDI,272,6,5.683799557984409
alturas_MIDI,272,7,5.82855188096832
alturas_MIDI,273,2,0.7571993809830091
alturas_MIDI,273,3,1.979540899892267
alturas_MIDI,273,4,3.4483440390103466
alturas_MIDI,273,5,4.874442110343702
alturas_MIDI,273,6,5.638082206923299
alturas_MIDI,273,7,5.812432179094831
alturas_MIDI,274,2,0.7679256448622243
alturas_MIDI,274,3,1.999705722602112
alturas_MIDI,274,4,3.486094408288239
alturas_MIDI,274,5,4.95725497388372
alturas_MIDI,274,6,5.682282896698139
alturas_MIDI,274,7,5.832581806436692
alturas_MIDI,275,2,0.7775065715798
alturas_MIDI,275,3,1.986329583811858
alturas_MIDI,275,4,3.4904071801657603
alturas_MIDI,275,5,4.8883992427279646
alturas_MIDI,275,6,5.648620279211981
alturas_MIDI,275,7,5.820492030031576
alturas_MIDI,276,2,0.7468816247860568
alturas_MIDI,276,3,1.9543745038290243
alturas_MIDI,276,4,3.41772486448424
alturas_MIDI,276,5,4.895843291538285
alturas_MIDI,276,6,5.671213085075618
alturas_MIDI,276,7,5.824521955499947
alturas_MIDI,277,2,0.7680259001373962
alturas_MIDI,277,3,1.9954471734529782
alturas_MIDI,277,4,3.485724557212302
alturas_MIDI,277,5,4.959697578369337
alturas_MIDI,277,6,5.701389197370627
alturas_MIDI,277,7,5.812432179094832
alturas_MIDI,278,2,0.7680927331994799
alturas_MIDI,278,3,2.007245025262943
alturas_MIDI,278,4,3.494194597567144
alturas_MIDI,278,5,4.9571584093219405
alturas_MIDI,278,6,5.67326148569573
alturas_MIDI,278,7,5.820492030031574
alturas_MIDI,279,2,0.777489815171351
alturas_MIDI,279,3,2.0279157883007204
alturas_MIDI,279,4,3.4995559167311714
alturas_MIDI,279,5,4.998083627414987
alturas_MIDI,279,6,5.6888027244618335
alturas_MIDI,279,7,5.824521955499947
alturas_MIDI,280,2,0.7846097289933571
alturas_MIDI,280,3,2.0063461127856805
alturas_MIDI,280,4,3.510727280557395
alturas_MIDI,280,5,4.9456169697886505
alturas_MIDI,280,6,5.664693257311922
alturas_MIDI,280,7,5.810911108909468
alturas_MIDI,281,2,0.7582659348499964
alturas_MIDI,281,3,1.9363998511218492
alturas_MIDI,281,4,3.375302704012743
alturas_MIDI,281,5,4.835395449660976
alturas_MIDI,281,6,5.639598868209573
alturas_MIDI,281,7,5.8245219554999474
alturas_MIDI,282,2,0.7857535005343039
alturas_MIDI,282,3,2.041087328190716
alturas_MIDI,282,4,3.610392819074988
alturas_MIDI,282,5,5.0351253826857105
alturas_MIDI,282,6,5.676747990886878
alturas_MIDI,282,7,5.812432179094831
alturas_MIDI,283,2,0.7241359647952339
alturas_MIDI,283,3,1.9636544949035093
alturas_MIDI,283,4,3.5339695939798332
alturas_MIDI,283,5,5.037167863072815
alturas_MIDI,283,6,5.645586956639434
alturas_MIDI,283,7,5.808402253626458
alturas_MIDI,284,2,0.7949016250169262
alturas_MIDI,284,3,2.0813811463222773
alturas_MIDI,284,4,3.6050658307364762
alturas_MIDI,284,5,5.040826118819548
alturas_MIDI,284,6,5.717462175470568
alturas_MIDI,284,7,5.82855188096832
alturas_MIDI,285,2,0.7478121133069852
alturas_MIDI,285,3,1.9599769216246237
alturas_MIDI,285,4,3.4893592755590808
alturas_MIDI,285,5,4.915346244530844
alturas_MIDI,285,6,5.662644856691813
alturas_MIDI,285,7,5.812432179094831
alturas_MIDI,286,2,0.7862578217142757
alturas_MIDI,286,3,2.0315849121898095
alturas_MIDI,286,4,3.548717724763683
alturas_MIDI,286,5,4.9533321694779895
alturas_MIDI,286,6,5.680766235411864
alturas_MIDI,286,7,5.832581806436691
alturas_MIDI,287,2,0.747712446043003
alturas_MIDI,287,3,1.9568275028927358
alturas_MIDI,287,4,3.4336531261881
alturas_MIDI,287,5,4.882893071620318
alturas_MIDI,287,6,5.660675012786936
alturas_MIDI,287,7,5.820492030031575
alturas_MIDI,288,2,0.767190231016089
alturas_MIDI,288,3,1.985761609186893
alturas_MIDI,288,4,3.477250183099041
alturas_MIDI,288,5,4.928581789096471
alturas_MIDI,288,6,5.686301141223124
alturas_MIDI,288,7,5.832581806436691
alturas_MIDI,289,2,0.777489815171351
alturas_MIDI,289,3,2.016761787458619
alturas_MIDI,289,4,3.5206470802593146
alturas_MIDI,289,5,4.964938095621026
alturas_MIDI,289,6,5.659158351500662
alturas_MIDI,289,7,5.794791407035981
alturas_MIDI,290,2,0.7949859057334088
alturas_MIDI,290,3,2.0215571254206277
alturas_MIDI,290,4,3.5183382442418227
alturas_MIDI,290,5,4.979466185217852
alturas_MIDI,290,6,5.721480419995554
alturas_MIDI,290,7,5.832581806436691
alturas_MIDI,291,2,0.7674242661538446
alturas_MIDI,291,3,1.9790752488321677
alturas_MIDI,291,4,3.4874847601243655
alturas_MIDI,291,5,4.930856409484865
alturas_MIDI,291,6,5.687817802509397
alturas_MIDI,291,7,5.828551880968319
alturas_MIDI,292,2,0.7677919605529111
alturas_MIDI,292,3,2.0109708986915367
alturas_MIDI,292,4,3.531332055552829
alturas_MIDI,292,5,4.939799998301331
alturas_MIDI,292,6,5.655671846309515
alturas_MIDI,292,7,5.828551880968319
alturas_MIDI,293,2,0.8032098373443972
alturas_MIDI,293,3,2.0417449649358357
alturas_MIDI,293,4,3.5542621150606553
alturas_MIDI,293,5,4.957086989786502
alturas_MIDI,293,6,5.688802724461834
alturas_MIDI,293,7,5.828551880968319
alturas_MIDI,294,2,0.7862578217142757
alturas_MIDI,294,3,2.0503458753088983
alturas_MIDI,294,4,3.5719655629414078
alturas_MIDI,294,5,4.950553927503615
alturas_MIDI,294,6,5.619960828203247
alturas_MIDI,294,7,5.796312477221342
alturas_MIDI,295,2,0.7947836238455784
alturas_MIDI,295,3,2.019358186168919
alturas_MIDI,295,4,3.5462181858186734
alturas_MIDI,295,5,4.9886098360835724
alturas_MIDI,295,6,5.655140106975677
alturas_MIDI,295,7,5.820492030031575
alturas_MIDI,296,2,0.802804041028433
alturas_MIDI,296,3,2.03367142893228
alturas_MIDI,296,4,3.5246411617754063
alturas_MIDI,296,5,4.916240101366164
alturas_MIDI,296,6,5.6812979747457
alturas_MIDI,296,7,5.828551880968319
alturas_MIDI,297,2,0.7772384461176127
alturas_MIDI,297,3,2.024601722492176
alturas_MIDI,297,4,3.515273599676537
alturas_MIDI,297,5,4.914914042480302
alturas_MIDI,297,6,5.597368022339607
alturas_MIDI,297,7,5.768102998942737
alturas_MIDI,298,2,0.7478121133069852
alturas_MIDI,298,3,1.9625560234353832
alturas_MIDI,298,4,3.4551985471996103
alturas_MIDI,298,5,4.9265979675903715
alturas_MIDI,298,6,5.6461186959732705
alturas_MIDI,298,7,5.81243217909483
alturas_MIDI,299,2,0.7944464251081313
alturas_MIDI,299,3,2.0472743104267352
alturas_MIDI,299,4,3.6024195380174455
alturas_MIDI,299,5,5.072115389212695
alturas_MIDI,299,6,5.708893947086762
alturas_MIDI,299,7,5.8245219554999474
alturas_MIDI,300,2,0.7680927331994799
alturas_MIDI,300,3,2.021331450943693
alturas_MIDI,300,4,3.522454578844236
alturas_MIDI,300,5,4.906797282789824
alturas_MIDI,300,6,5.641568712114445
alturas_MIDI,300,7,5.804372328158088
alturas_MIDI,301,2,0.7761486829151168
alturas_MIDI,301,3,1.9983055204869857
alturas_MIDI,301,4,3.508923175797174
alturas_MIDI,301,5,4.950618414113361
alturas_MIDI,301,6,5.6878178025093975
alturas_MIDI,301,7,5.832581806436692
alturas_MIDI,302,2,0.7680259001373962
alturas_MIDI,302,3,1.9633831443734449
alturas_MIDI,302,4,3.432754258017899
alturas_MIDI,302,5,4.913983715866844
alturas_MIDI,302,6,5.691836047034383
alturas_MIDI,302,7,5.816462104563204
alturas_MIDI,303,2,0.8182609435728649
alturas_MIDI,303,3,2.0911629394724267
alturas_MIDI,303,4,3.6420971699753872
alturas_MIDI,303,5,5.046764822683417
alturas_MIDI,303,6,5.6968392135118044
alturas_MIDI,303,7,5.832581806436691
alturas_MIDI,304,2,0.7770876040440087
alturas_MIDI,304,3,2.0195119102242822
alturas_MIDI,304,4,3.507621807986649
alturas_MIDI,304,5,4.96388603663102
alturas_MIDI,304,6,5.671744824409456
alturas_MIDI,304,7,5.832581806436691
alturas_MIDI,305,2,0.7949859057334088
alturas_MIDI,305,3,2.0335902943914808
alturas_MIDI,305,4,3.4681952851891276
alturas_MIDI,305,5,4.872501691541442
alturas_MIDI,305,6,5.621477489489522
alturas_MIDI,305,7,5.796312477221343
alturas_MIDI,306,2,0.8031083988636237
alturas_MIDI,306,3,2.037530659639309
alturas_MIDI,306,4,3.537626817851703
alturas_MIDI,306,5,4.961209856241487
alturas_MIDI,306,6,5.665224996645759
alturas_MIDI,306,7,5.816462104563203
alturas_MIDI,307,2,0.7679256448622243
alturas_MIDI,307,3,1.9978346546361438
alturas_MIDI,307,4,3.4953052983021027
alturas_MIDI,307,5,4.945183331835477
alturas_MIDI,307,6,5.718978836756843
alturas_MIDI,307,7,5.828551880968319
alturas_MIDI,308,2,0.7774395447998416
alturas_MIDI,308,3,2.0301553196325606
alturas_MIDI,308,4,3.5814607637237574
alturas_MIDI,308,5,5.008107292053065
alturas_MIDI,308,6,5.709425686420597
alturas_MIDI,308,7,5.832581806436692
alturas_MIDI,309,2,0.7857535005343039
alturas_MIDI,309,3,2.02302553043047
alturas_MIDI,309,4,3.501530404847248
alturas_MIDI,309,5,4.954430480188673
alturas_MIDI,309,6,5.690319385748109
alturas_MIDI,309,7,5.808402253626458
alturas_MIDI,310,2,0.802804041028433
alturas_MIDI,310,3,2.0847505111180484
alturas_MIDI,310,4,3.6242940692521266
alturas_MIDI,310,5,5.021044774105027
alturas_MIDI,310,6,5.695322552225529
alturas_MIDI,310,7,5.828551880968319
alturas_MIDI,311,2,0.7947836238455784
alturas_MIDI,311,3,2.0917912414220488
alturas_MIDI,311,4,3.6449142728951083
alturas_MIDI,311,5,5.0688586934671065
alturas_MIDI,311,6,5.74710654843174
alturas_MIDI,311,7,5.836611731905063
alturas_MIDI,312,2,0.7864258902042838
alturas_MIDI,312,3,2.0189659885276754
alturas_MIDI,312,4,3.482909924762152
alturas_MIDI,312,5,4.858951285475711
alturas_MIDI,312,6,5.655140106975676
alturas_MIDI,312,7,5.8084022536264595
alturas_MIDI,313,2,0.8110108991580327
alturas_MIDI,313,3,2.0508290088009913
alturas_MIDI,313,4,3.5591790975279562
alturas_MIDI,313,5,5.0068271541822
alturas_MIDI,313,6,5.701389197370626
alturas_MIDI,313,7,5.828551880968319
alturas_MIDI,314,2,0.8026011004598558
alturas_MIDI,314,3,2.0661674258028055
alturas_MIDI,314,4,3.541851512808579
alturas_MIDI,314,5,4.9683766185268015
alturas_MIDI,314,6,5.671744824409456
alturas_MIDI,314,7,5.812432179094832
alturas_MIDI,315,2,0.747712446043003
alturas_MIDI,315,3,1.9495907195575068
alturas_MIDI,315,4,3.4342244303451483
alturas_MIDI,315,5,4.883675084928259
alturas_MIDI,315,6,5.642100451448283
alturas_MIDI,315,7,5.820492030031574
alturas_MIDI,316,2,0.8264123487279358
alturas_MIDI,316,3,2.0631475581206202
alturas_MIDI,316,4,3.543319876432558
alturas_MIDI,316,5,4.978884233959159
alturas_MIDI,316,6,5.666741657932033
alturas_MIDI,316,7,5.820492030031575
alturas_MIDI,317,2,0.7766852827796566
alturas_MIDI,317,3,2.0226135181995772
alturas_MIDI,317,4,3.502306130830409
alturas_MIDI,317,5,4.947581120503047
alturas_MIDI,317,6,5.699872536084353
alturas_MIDI,317,7,5.82855188096832
alturas_MIDI,318,2,0.7770876040440087
alturas_MIDI,318,3,2.011680482590208
alturas_MIDI,318,4,3.4726566317099947
alturas_MIDI,318,5,4.908910852006693
alturas_MIDI,318,6,5.64862027921198
alturas_MIDI,318,7,5.812432179094832
alturas_MIDI,319,2,0.7471143016948029
alturas_MIDI,319,3,1.9806490416688423
alturas_MIDI,319,4,3.5170306298091334
alturas_MIDI,319,5,4.940976638684717
alturas_MIDI,319,6,5.666209918598195
alturas_MIDI,319,7,5.808402253626459
alturas_MIDI,320,2,0.7774395447998416
alturas_MIDI,320,3,2.0104365136666145
alturas_MIDI,320,4,3.4971914146426064
alturas_MIDI,320,5,4.947575623479985
alturas_MIDI,320,6,5.668711501836906
alturas_MIDI,320,7,5.816462104563204
alturas_MIDI,321,2,0.777489815171351
alturas_MIDI,321,3,2.0517353945524706
alturas_MIDI,321,4,3.5772544546128353
alturas_MIDI,321,5,5.046415011426011
alturas_MIDI,321,6,5.717462175470569
alturas_MIDI,321,7,5.836611731905063
alturas_MIDI,322,2,0.7775065715798
alturas_MIDI,322,3,2.0230275078215767
alturas_MIDI,322,4,3.558502170860678
alturas_MIDI,322,5,4.977288129391239
alturas_MIDI,322,6,5.652106784403128
alturas_MIDI,322,7,5.804372328158086
alturas_MIDI,323,2,0.7364852336887782
alturas_MIDI,323,3,1.9534950073638266
alturas_MIDI,323,4,3.4609784969473854
alturas_MIDI,323,5,4.859829863345435
alturas_MIDI,323,6,5.607906094628289
alturas_MIDI,323,7,5.800342402689715
alturas_MIDI,324,2,0.7679256448622243
alturas_MIDI,324,3,2.005669854361529
alturas_MIDI,324,4,3.4912400032058244
alturas_MIDI,324,5,4.909789429876416
alturas_MIDI,324,6,5.683799557984412
alturas_MIDI,324,7,5.820492030031574
alturas_MIDI,325,2,0.7859552498421143
alturas_MIDI,325,3,2.067072715637193
alturas_MIDI,325,4,3.5976151310750804
alturas_MIDI,325,5,5.017432770078967
alturas_MIDI,325,6,5.679781313459427
alturas_MIDI,325,7,5.8245219554999474
alturas_MIDI,326,2,0.7855180912083524
alturas_MIDI,326,3,2.0441830594737147
alturas_MIDI,326,4,3.5651756365122393
alturas_MIDI,326,5,5.009483994485705
alturas_MIDI,326,6,5.697824135464241
alturas_MIDI,326,7,5.840641657373435
alturas_MIDI,327,2,0.7773557570263161
alturas_MIDI,327,3,2.01883554552965
alturas_MIDI,327,4,3.5351236776607444
alturas_MIDI,327,5,4.948395211763026
alturas_MIDI,327,6,5.6817511573643005
alturas_MIDI,327,7,5.820492030031574
alturas_MIDI,328,2,0.7474798630339606
alturas_MIDI,328,3,1.9541818461479579
alturas_MIDI,328,4,3.400716501191453
alturas_MIDI,328,5,4.862111416659526
alturas_MIDI,328,6,5.672729746361893
alturas_MIDI,328,7,5.816462104563203
alturas_MIDI,329,2,0.7680259001373962
alturas_MIDI,329,3,1.9893724563922226
alturas_MIDI,329,4,3.4683976214411656
alturas_MIDI,329,5,4.963361331139133
alturas_MIDI,329,6,5.702374119323065
alturas_MIDI,329,7,5.836611731905063
alturas_MIDI,330,2,0.7468816247860568
alturas_MIDI,330,3,1.9666060786881672
alturas_MIDI,330,4,3.473377306160055
alturas_MIDI,330,5,4.950275535781654
alturas_MIDI,330,6,5.679781313459426
alturas_MIDI,330,7,5.824521955499947
alturas_MIDI,331,2,0.7766852827796566
alturas_MIDI,331,3,2.0017355057216144
alturas_MIDI,331,4,3.485132623578016
alturas_MIDI,331,5,4.916588476720933
alturas_MIDI,331,6,5.691836047034382
alturas_MIDI,331,7,5.816462104563202
alturas_MIDI,332,2,0.7769032204759208
alturas_MIDI,332,3,2.008795641023775
alturas_MIDI,332,4,3.5039368286843313
alturas_MIDI,332,5,4.919677519074981
alturas_MIDI,332,6,5.617711785643882
alturas_MIDI,332,7,5.798821332504353
alturas_MIDI,333,2,0.7677919605529111
alturas_MIDI,333,3,2.008539955388198
alturas_MIDI,333,4,3.5124943798021095
alturas_MIDI,333,5,4.925867703026166
alturas_MIDI,333,6,5.68683288055696
alturas_MIDI,333,7,5.8245219554999474
alturas_MIDI,334,2,0.8031083988636237
alturas_MIDI,334,3,2.044373570555137
alturas_MIDI,334,4,3.5502267568644714
alturas_MIDI,334,5,4.99642303623732
alturas_MIDI,334,6,5.67576306893444
alturas_MIDI,334,7,5.828551880968319
alturas_MIDI,335,2,0.8112652435804384
alturas_MIDI,335,3,2.0637038525247418
alturas_MIDI,335,4,3.5601935095635366
alturas_MIDI,335,5,4.974147338293449
alturas_MIDI,335,6,5.667194840550635
alturas_MIDI,335,7,5.808402253626459
alturas_MIDI,336,2,0.758199297778235
alturas_MIDI,336,3,1.989746163603126
alturas_MIDI,336,4,3.5182509442238956
alturas_MIDI,336,5,4.980112623086284
alturas_MIDI,336,6,5.692820968986819
alturas_MIDI,336,7,5.82855188096832
alturas_MIDI,337,2,0.7862578217142757
alturas_MIDI,337,3,2.00667238676213
alturas_MIDI,337,4,3.516232224659846
alturas_MIDI,337,5,4.991602313875841
alturas_MIDI,337,6,5.7159455141842965
alturas_MIDI,337,7,5.836611731905063
alturas_MIDI,338,2,0.7562488325329455
alturas_MIDI,338,3,1.965620007375571
alturas_MIDI,338,4,3.411290588645154
alturas_MIDI,338,5,4.883856912088443
alturas_MIDI,338,6,5.684784479936848
alturas_MIDI,338,7,5.836611731905063
alturas_MIDI,339,2,0.7468816247860568
alturas_MIDI,339,3,1.9687608025243617
alturas_MIDI,339,4,3.478705843704528
alturas_MIDI,339,5,4.914462169638056
alturas_MIDI,339,6,5.635580623684588
alturas_MIDI,339,7,5.816462104563204
alturas_MIDI,340,2,0.8029731365667128
alturas_MIDI,340,3,2.0699528798565847
alturas_MIDI,340,4,3.565082118535823
alturas_MIDI,340,5,4.970633334731802
alturas_MIDI,340,6,5.648620279211981
alturas_MIDI,340,7,5.816462104563204
alturas_MIDI,341,2,0.8032774590745109
alturas_MIDI,341,3,2.0733004912829647
alturas_MIDI,341,4,3.577444107511339
alturas_MIDI,341,5,4.976687943243473
alturas_MIDI,341,6,5.659158351500663
alturas_MIDI,341,7,5.820492030031575
alturas_MIDI,342,2,0.8264123487279358
alturas_MIDI,342,3,2.1210572430404837
alturas_MIDI,342,4,3.662310856799702
alturas_MIDI,342,5,5.086093936208538
alturas_MIDI,342,6,5.6863011412231215
alturas_MIDI,342,7,5.828551880968319
alturas_MIDI,343,2,0.7770876040440087
alturas_MIDI,343,3,2.037833483267961
alturas_MIDI,343,4,3.558196969184102
alturas_MIDI,343,5,4.9945106342666605
alturas_MIDI,343,6,5.71192726965931
alturas_MIDI,343,7,5.82855188096832
alturas_MIDI,344,2,0.7674242661538446
alturas_MIDI,344,3,2.0039201436396943
alturas_MIDI,344,4,3.513402067109297
alturas_MIDI,344,5,4.9913450060597855
alturas_MIDI,344,6,5.702374119323063
alturas_MIDI,344,7,5.820492030031576
alturas_MIDI,345,2,0.7855180912083524
alturas_MIDI,345,3,1.9758904641432664
alturas_MIDI,345,4,3.4705309134950624
alturas_MIDI,345,5,4.891590346666856
alturas_MIDI,345,6,5.658173429548227
alturas_MIDI,345,7,5.828551880968319
alturas_MIDI,346,2,0.7772384461176127
alturas_MIDI,346,3,2.005903076310066
alturas_MIDI,346,4,3.5084535110706754
alturas_MIDI,346,5,4.955374649865095
alturas_MIDI,346,6,5.689334463795671
alturas_MIDI,346,7,5.824521955499947
alturas_MIDI,347,2,0.7864258902042838
alturas_MIDI,347,3,1.9808400852394965
alturas_MIDI,347,4,3.4509425685630566
alturas_MIDI,347,5,4.903572664996265
alturas_MIDI,347,6,5.682282896698137
alturas_MIDI,347,7,5.812432179094831
alturas_MIDI,348,2,0.774218655375603
alturas_MIDI,348,3,2.0545536763021714
alturas_MIDI,348,4,3.6366217758904127
alturas_MIDI,348,5,5.059798869297157
alturas_MIDI,348,6,5.718447097423004
alturas_MIDI,348,7,5.836611731905063
alturas_MIDI,349,2,0.7582492758636274
alturas_MIDI,349,3,1.9888818649867783
alturas_MIDI,349,4,3.495565016481679
alturas_MIDI,349,5,4.93355082476347
alturas_MIDI,349,6,5.643538556019322
alturas_MIDI,349,7,5.816462104563203
alturas_MIDI,350,2,0.7773557570263161
alturas_MIDI,350,3,2.0232076770040375
alturas_MIDI,350,4,3.5344506409208742
alturas_MIDI,350,5,5.002458304662969
alturas_MIDI,350,6,5.710410608373034
alturas_MIDI,350,7,5.824521955499947
alturas_MIDI,351,2,0.7680259001373962
alturas_MIDI,351,3,1.9950421690254994
alturas_MIDI,351,4,3.4836235563663216
alturas_MIDI,351,5,4.909757351924382
alturas_MIDI,351,6,5.701389197370626
alturas_MIDI,351,7,5.832581806436691
alturas_MIDI,352,2,0.8184650895597729
alturas_MIDI,352,3,2.0860392736224087
alturas_MIDI,352,4,3.604349056028274
alturas_MIDI,352,5,5.020010950004091
alturas_MIDI,352,6,5.67924957412559
alturas_MIDI,352,7,5.820492030031574
alturas_MIDI,353,2,0.7855180912083524
alturas_MIDI,353,3,2.0147799776201074
alturas_MIDI,353,4,3.516256151784985
alturas_MIDI,353,5,4.9102233985352655
alturas_MIDI,353,6,5.639067128875738
alturas_MIDI,353,7,5.8084022536264595
alturas_MIDI,354,2,0.7864595015894242
alturas_MIDI,354,3,1.9829687156272449
alturas_MIDI,354,4,3.4074971402640473
alturas_MIDI,354,5,4.806394973424858
alturas_MIDI,354,6,5.627997317253217
alturas_MIDI,354,7,5.820492030031575
alturas_MIDI,355,2,0.7674242661538446
alturas_MIDI,355,3,2.0008844244382673
alturas_MIDI,355,4,3.5168270277144766
alturas_MIDI,355,5,4.9319168145147705
alturas_MIDI,355,6,5.680766235411864
alturas_MIDI,355,7,5.816462104563203
alturas_MIDI,356,2,0.8032774590745109
alturas_MIDI,356,3,2.014926021518937
alturas_MIDI,356,4,3.5208298788541916
alturas_MIDI,356,5,5.005114814260794
alturas_MIDI,356,6,5.699872536084353
alturas_MIDI,356,7,5.8245219554999474
alturas_MIDI,357,2,0.8189753286230492
alturas_MIDI,357,3,2.0673781115645653
alturas_MIDI,357,4,3.608483906543567
alturas_MIDI,357,5,5.075121710067926
alturas_MIDI,357,6,5.745589887145465
alturas_MIDI,357,7,5.82855188096832
alturas_MIDI,358,2,0.7855180912083524
alturas_MIDI,358,3,2.0402015531620497
alturas_MIDI,358,4,3.5418414402380383
alturas_MIDI,358,5,4.9889917252930065
alturas_MIDI,358,6,5.6878178025093975
alturas_MIDI,358,7,5.832581806436691
alturas_MIDI,359,2,0.7949859057334088
alturas_MIDI,359,3,2.018283915601628
alturas_MIDI,359,4,3.546932466421771
alturas_MIDI,359,5,5.00501824969902
alturas_MIDI,359,6,5.666209918598195
alturas_MIDI,359,7,5.820492030031575
alturas_MIDI,360,2,0.8329271444361228
alturas_MIDI,360,3,2.0742180351432205
alturas_MIDI,360,4,3.6164709754647335
alturas_MIDI,360,5,5.073427605035595
alturas_MIDI,360,6,5.747106548431739
alturas_MIDI,360,7,5.836611731905063
alturas_MIDI,361,2,0.768126148594298
alturas_MIDI,361,3,1.9900688330889453
alturas_MIDI,361,4,3.481723250391343
alturas_MIDI,361,5,4.918888264924098
alturas_MIDI,361,6,5.676747990886878
alturas_MIDI,361,7,5.8245219554999474
alturas_MIDI,362,2,0.8032774590745109
alturas_MIDI,362,3,2.088238218249176
alturas_MIDI,362,4,3.58728289867548
alturas_MIDI,362,5,5.023125160172908
alturas_MIDI,362,6,5.688802724461834
alturas_MIDI,362,7,5.824521955499947
alturas_MIDI,363,2,0.8260029530717166
alturas_MIDI,363,3,2.095825226794637
alturas_MIDI,363,4,3.5849989976147105
alturas_MIDI,363,5,4.980978463090003
alturas_MIDI,363,6,5.68933446379567
alturas_MIDI,363,7,5.840641657373435
alturas_MIDI,364,2,0.7576660930295107
alturas_MIDI,364,3,1.9852757138056543
alturas_MIDI,364,4,3.50799453259563
alturas_MIDI,364,5,4.92467172255675
alturas_MIDI,364,6,5.674246407648169
alturas_MIDI,364,7,5.828551880968319
alturas_MIDI,365,2,0.7859552498421143
alturas_MIDI,365,3,2.0067975695491413
alturas_MIDI,365,4,3.44463427183751
alturas_MIDI,365,5,4.883507100831041
alturas_MIDI,365,6,5.638082206923299
alturas_MIDI,365,7,5.812432179094832
alturas_MIDI,366,2,0.7662871754235056
alturas_MIDI,366,3,1.973881878405138
alturas_MIDI,366,4,3.469008771807914
alturas_MIDI,366,5,4.928460056719924
alturas_MIDI,366,6,5.688802724461833
alturas_MIDI,366,7,5.820492030031574
alturas_MIDI,367,2,0.7571993809830091
alturas_MIDI,367,3,1.9610571126212604
alturas_MIDI,367,4,3.450721396833187
alturas_MIDI,367,5,4.947250980037348
alturas_MIDI,367,6,5.667726579884469
alturas_MIDI,367,7,5.812432179094831
alturas_MIDI,368,2,0.8262758964071533
alturas_MIDI,368,3,2.0813628839356277
alturas_MIDI,368,4,3.6099085508244992
alturas_MIDI,368,5,5.022337649841898
alturas_MIDI,368,6,5.660675012786936
alturas_MIDI,368,7,5.8043723281580855
alturas_MIDI,369,2,0.7773557570263161
alturas_MIDI,369,3,1.9924311884267776
alturas_MIDI,369,4,3.449673991045634
alturas_MIDI,369,5,4.8801148296459385
alturas_MIDI,369,6,5.647103617925705
alturas_MIDI,369,7,5.812432179094832
alturas_MIDI,370,2,0.7680259001373962
alturas_MIDI,370,3,1.9903357800417447
alturas_MIDI,370,4,3.5065587746175297
alturas_MIDI,370,5,4.985515296706458
alturas_MIDI,370,6,5.657641690214388
alturas_MIDI,370,7,5.832581806436691
alturas_MIDI,371,2,0.7477788916300419
alturas_MIDI,371,3,1.9562908819079237
alturas_MIDI,371,4,3.4271450033983477
alturas_MIDI,371,5,4.891636598387527
alturas_MIDI,371,6,5.640583790162009
alturas_MIDI,371,7,5.804372328158087
alturas_MIDI,372,2,0.8032098373443972
alturas_MIDI,372,3,2.029442097784817
alturas_MIDI,372,4,3.5330412243462876
alturas_MIDI,372,5,4.96892649183346
alturas_MIDI,372,6,5.678796391506988
alturas_MIDI,372,7,5.824521955499947
alturas_MIDI,373,2,0.7864258902042838
alturas_MIDI,373,3,2.023749281199616
alturas_MIDI,373,4,3.517411379882486
alturas_MIDI,373,5,4.9674324488503805
alturas_MIDI,373,6,5.702374119323063
alturas_MIDI,373,7,5.816462104563203
alturas_MIDI,374,2,0.8239713149297463
alturas_MIDI,374,3,2.071050659525111
alturas_MIDI,374,4,3.5690330408732645
alturas_MIDI,374,5,5.032225408334784
alturas_MIDI,374,6,5.721480419995553
alturas_MIDI,374,7,5.832581806436692
alturas_MIDI,375,2,0.8032098373443972
alturas_MIDI,375,3,2.049480135895566
alturas_MIDI,375,4,3.540995310692014
alturas_MIDI,375,5,4.996869412056505
alturas_MIDI,375,6,5.7109423477068715
alturas_MIDI,375,7,5.828551880968319
alturas_MIDI,376,2,0.7773557570263161
alturas_MIDI,376,3,2.032956756220802
alturas_MIDI,376,4,3.559141637724356
alturas_MIDI,376,5,4.965966422698898
alturas_MIDI,376,6,5.664161517978084
alturas_MIDI,376,7,5.8245219554999474
alturas_MIDI,377,2,0.8112652435804384
alturas_MIDI,377,3,2.0375343424097765
alturas_MIDI,377,4,3.5387460130849275
alturas_MIDI,377,5,4.928231977839071
alturas_MIDI,377,6,5.686832880556959
alturas_MIDI,377,7,5.832581806436691
alturas_MIDI,378,2,0.768126148594298
alturas_MIDI,378,3,1.9829522389846665
alturas_MIDI,378,4,3.4442613170857292
alturas_MIDI,378,5,4.863725756116521
alturas_MIDI,378,6,5.631030639825765
alturas_MIDI,378,7,5.820492030031575
alturas_MIDI,379,2,0.7680927331994799
alturas_MIDI,379,3,2.0071188149928343
alturas_MIDI,379,4,3.5323575782210193
alturas_MIDI,379,5,4.994432304593953
alturas_MIDI,379,6,5.6621916740732114
alturas_MIDI,379,7,5.828551880968319
alturas_MIDI,380,2,0.810671703953432
alturas_MIDI,380,3,2.0503241108720487
alturas_MIDI,380,4,3.6215481180819213
alturas_MIDI,380,5,5.045149047323788
alturas_MIDI,380,6,5.699340796750517
alturas_MIDI,380,7,5.820492030031574
alturas_MIDI,381,2,0.768126148594298
alturas_MIDI,381,3,2.03578993243203
alturas_MIDI,381,4,3.5684983596682427
alturas_MIDI,381,5,4.991886202620863
alturas_MIDI,381,6,5.6631765960256475
alturas_MIDI,381,7,5.820492030031575
alturas_MIDI,382,2,0.8188732951921205
alturas_MIDI,382,3,2.109255940140066
alturas_MIDI,382,4,3.600194384039461
alturas_MIDI,382,5,5.012235655531116
alturas_MIDI,382,6,5.706392363848049
alturas_MIDI,382,7,5.832581806436691
alturas_MIDI,383,2,0.7680927331994799
alturas_MIDI,383,3,1.9598681928498418
alturas_MIDI,383,4,3.480389485932161
alturas_MIDI,383,5,4.949888149549152
alturas_MIDI,383,6,5.660675012786936
alturas_MIDI,383,7,5.820492030031575
alturas_MIDI,384,2,0.747712446043003
alturas_MIDI,384,3,1.9777809822933339
alturas_MIDI,384,4,3.4409932918885735
alturas_MIDI,384,5,4.922629242169643
alturas_MIDI,384,6,5.680766235411863
alturas_MIDI,384,7,5.82855188096832
alturas_MIDI,385,2,0.7581159972145048
alturas_MIDI,385,3,1.9674776106276042
alturas_MIDI,385,4,3.4449311090658177
alturas_MIDI,385,5,4.906280923337831
alturas_MIDI,385,6,5.682282896698137
alturas_MIDI,385,7,5.8084022536264595
alturas_MIDI,386,2,0.7764337760122134
alturas_MIDI,386,3,2.031363571158823
alturas_MIDI,386,4,3.525825120157555
alturas_MIDI,386,5,4.937505707121234
alturas_MIDI,386,6,5.682282896698138
alturas_MIDI,386,7,5.8245219554999474
alturas_MIDI,387,2,0.7769032204759208
alturas_MIDI,387,3,1.9884689184983648
alturas_MIDI,387,4,3.4522197430056534
alturas_MIDI,387,5,4.877904365161616
alturas_MIDI,387,6,5.636565545637025
alturas_MIDI,387,7,5.816462104563202
alturas_MIDI,388,2,0.7864258902042838
alturas_MIDI,388,3,2.045097993028535
alturas_MIDI,388,4,3.560724910050079
alturas_MIDI,388,5,4.995571039296568
alturas_MIDI,388,6,5.67022816312318
alturas_MIDI,388,7,5.816462104563203
alturas_MIDI,389,2,0.8033112687626439
alturas_MIDI,389,3,2.0486436766899505
alturas_MIDI,389,4,3.5674994634479256
alturas_MIDI,389,5,4.991634391827874
alturas_MIDI,389,6,5.670228163123181
alturas_MIDI,389,7,5.816462104563203
alturas_MIDI,390,2,0.8187712545721528
alturas_MIDI,390,3,2.0783235894686287
alturas_MIDI,390,4,3.6027639031134275
alturas_MIDI,390,5,5.000559745755269
alturas_MIDI,390,6,5.69835587479808
alturas_MIDI,390,7,5.8245219554999474
alturas_MIDI,391,2,0.8112652435804384
alturas_MIDI,391,3,2.1203102583360236
alturas_MIDI,391,4,3.6652827929730796
alturas_MIDI,391,5,5.078346327861487
alturas_MIDI,391,6,5.703890780609338
alturas_MIDI,391,7,5.8245219554999474
alturas_MIDI,392,2,0.7214575492788171
alturas_MIDI,392,3,1.92186738231652
alturas_MIDI,392,4,3.414920347167683
alturas_MIDI,392,5,4.859053347060555
alturas_MIDI,392,6,5.659158351500663
alturas_MIDI,392,7,5.820492030031574
alturas_MIDI,393,2,0.7679256448622243
alturas_MIDI,393,3,2.0052292793553903
alturas_MIDI,393,4,3.4991077200934853
alturas_MIDI,393,5,4.932131050332665
alturas_MIDI,393,6,5.667726579884469
alturas_MIDI,393,7,5.832581806436691
alturas_MIDI,394,2,0.7857535005343039
alturas_MIDI,394,3,2.0269386974149683
alturas_MIDI,394,4,3.54323097953265
alturas_MIDI,394,5,4.963187850018847
alturas_MIDI,394,6,5.663176596025649
alturas_MIDI,394,7,5.820492030031575
alturas_MIDI,395,2,0.7947836238455784
alturas_MIDI,395,3,2.060509694404052
alturas_MIDI,395,4,3.5682303983991552
alturas_MIDI,395,5,4.972635060421297
alturas_MIDI,395,6,5.659158351500663
alturas_MIDI,395,7,5.816462104563203
alturas_MIDI,396,2,0.8405887158066438
alturas_MIDI,396,3,2.126688118667536
alturas_MIDI,396,4,3.659716520966177
alturas_MIDI,396,5,5.036541095996085
alturas_MIDI,396,6,5.714960592231857
alturas_MIDI,396,7,5.836611731905063
alturas_MIDI,397,2,0.7680259001373962
alturas_MIDI,397,3,1.9905811697390865
alturas_MIDI,397,4,3.4250777981684135
alturas_MIDI,397,5,4.812863879803676
alturas_MIDI,397,6,5.635502066969351
alturas_MIDI,397,7,5.812432179094832
alturas_MIDI,398,2,0.7944464251081313
alturas_MIDI,398,3,2.02702502397296
alturas_MIDI,398,4,3.530563341124699
alturas_MIDI,398,5,4.959801075856809
alturas_MIDI,398,6,5.649073461830581
alturas_MIDI,398,7,5.8084022536264595
alturas_MIDI,399,2,0.7769032204759208
alturas_MIDI,399,3,2.022795602692362
alturas_MIDI,399,4,3.5345807050250913
alturas_MIDI,399,5,4.9915884708128795
alturas_MIDI,399,6,5.6687115018369045
alturas_MIDI,399,7,5.812432179094831
alturas_MIDI,400,2,0.802804041028433
alturas_MIDI,400,3,2.061004438656041
alturas_MIDI,400,4,3.600419248437215
alturas_MIDI,400,5,5.034241307792923
alturas_MIDI,400,6,5.690851125081943
alturas_MIDI,400,7,5.816462104563203
alturas_MIDI,401,2,0.7773557570263161
alturas_MIDI,401,3,2.0366151583742322
alturas_MIDI,401,4,3.5526158315924348
alturas_MIDI,401,5,5.032230905357853
alturas_MIDI,401,6,5.7480914703841774
alturas_MIDI,401,7,5.828551880968319
alturas_MIDI,402,2,0.7576660930295107
alturas_MIDI,402,3,1.9817967957655533
alturas_MIDI,402,4,3.488664886784052
alturas_MIDI,402,5,4.911145048403154
alturas_MIDI,402,6,5.667726579884471
alturas_MIDI,402,7,5.828551880968319
alturas_MIDI,403,2,0.7944464251081313
alturas_MIDI,403,3,2.0158354178634093
alturas_MIDI,403,4,3.499062900507757
alturas_MIDI,403,5,4.937105583022728
alturas_MIDI,403,6,5.664693257311922
alturas_MIDI,403,7,5.816462104563204
alturas_MIDI,404,2,0.768126148594298
alturas_MIDI,404,3,1.9887697323571751
alturas_MIDI,404,4,3.4574427932913374
alturas_MIDI,404,5,4.910287554439335
alturas_MIDI,404,6,5.6782646521731515
alturas_MIDI,404,7,5.832581806436691
alturas_MIDI,405,2,0.747712446043003
alturas_MIDI,405,3,1.939572432086322
alturas_MIDI,405,4,3.421606563214776
alturas_MIDI,405,5,4.876792211387972
alturas_MIDI,405,6,5.650136940498253
alturas_MIDI,405,7,5.8084022536264595
alturas_MIDI,406,2,0.802804041028433
alturas_MIDI,406,3,2.0204219807496684
alturas_MIDI,406,4,3.514273696721852
alturas_MIDI,406,5,4.97790215860196
alturas_MIDI,406,6,5.691304307700546
alturas_MIDI,406,7,5.832581806436692
alturas_MIDI,407,2,0.7859552498421143
alturas_MIDI,407,3,1.9993206920745914
alturas_MIDI,407,4,3.4560210336930326
alturas_MIDI,407,5,4.838090195645255
alturas_MIDI,407,6,5.603887850103303
alturas_MIDI,407,7,5.796312477221342
alturas_MIDI,408,2,0.766922716737933
alturas_MIDI,408,3,2.01015719950179
alturas_MIDI,408,4,3.548892769308039
alturas_MIDI,408,5,4.999195781188632
alturas_MIDI,408,6,5.682282896698137
alturas_MIDI,408,7,5.812432179094832
alturas_MIDI,409,2,0.8180227368538047
alturas_MIDI,409,3,2.0452874861530983
alturas_MIDI,409,4,3.5775973257945335
alturas_MIDI,409,5,4.9785220155414285
alturas_MIDI,409,6,5.652106784403129
alturas_MIDI,409,7,5.816462104563203
alturas_MIDI,410,2,0.7674242661538446
alturas_MIDI,410,3,1.9795643233210676
alturas_MIDI,410,4,3.4741579939835843
alturas_MIDI,410,5,4.9252536738154395
alturas_MIDI,410,6,5.678264652173151
alturas_MIDI,410,7,5.82855188096832
alturas_MIDI,411,2,0.8101966974779332
alturas_MIDI,411,3,2.0696249487964584
alturas_MIDI,411,4,3.5950431501254587
alturas_MIDI,411,5,4.969888896398954
alturas_MIDI,411,6,5.703359041275502
alturas_MIDI,411,7,5.824521955499947
alturas_MIDI,412,2,0.810671703953432
alturas_MIDI,412,3,2.027976896708777
alturas_MIDI,412,4,3.530752967843263
alturas_MIDI,412,5,4.999447591981625
alturas_MIDI,412,6,5.680766235411862
alturas_MIDI,412,7,5.828551880968319
alturas_MIDI,413,2,0.810671703953432
alturas_MIDI,413,3,2.0557107940736348
alturas_MIDI,413,4,3.506918300482601
alturas_MIDI,413,5,4.870617306402384
alturas_MIDI,413,6,5.622261769502706
alturas_MIDI,413,7,5.818970959846213
alturas_MIDI,414,2,0.7857535005343039
alturas_MIDI,414,3,2.051839106291315
alturas_MIDI,414,4,3.6000200870544825
alturas_MIDI,414,5,5.01432438763889
alturas_MIDI,414,6,5.7144288528980205
alturas_MIDI,414,7,5.816462104563202
alturas_MIDI,415,2,0.7864595015894242
alturas_MIDI,415,3,2.0067781748410303
alturas_MIDI,415,4,3.488896790325127
alturas_MIDI,415,5,4.966412467812405
alturas_MIDI,415,6,5.688602082522583
alturas_MIDI,415,7,5.832581806436691
alturas_MIDI,416,2,0.7659191049452332
alturas_MIDI,416,3,1.977247737957287
alturas_MIDI,416,4,3.484360450066999
alturas_MIDI,416,5,4.917868614591797
alturas_MIDI,416,6,5.684784479936848
alturas_MIDI,416,7,5.828551880968319
alturas_MIDI,417,2,0.8033112687626439
alturas_MIDI,417,3,2.0645542536379704
alturas_MIDI,417,4,3.606401979710817
alturas_MIDI,417,5,5.077364252504286
alturas_MIDI,417,6,5.707909025134322
alturas_MIDI,417,7,5.820492030031574
alturas_MIDI,418,2,0.7578494038604893
alturas_MIDI,418,3,1.9993487360254223
alturas_MIDI,418,4,3.5475242614222684
alturas_MIDI,418,5,5.008675400248793
alturas_MIDI,418,6,5.719963758709278
alturas_MIDI,418,7,5.832581806436691
alturas_MIDI,419,2,0.7944464251081313
alturas_MIDI,419,3,2.0455751006773744
alturas_MIDI,419,4,3.582157429263927
alturas_MIDI,419,5,5.005748514263224
alturas_MIDI,419,6,5.699872536084352
alturas_MIDI,419,7,5.836611731905063
alturas_MIDI,420,2,0.7474798630339606
alturas_MIDI,420,3,1.9424675037738284
alturas_MIDI,420,4,3.440295366094532
alturas_MIDI,420,5,4.907793201209983
alturas_MIDI,420,6,5.68379955798441
alturas_MIDI,420,7,5.82855188096832
alturas_MIDI,421,2,0.7769032204759208
alturas_MIDI,421,3,2.01079628431169
alturas_MIDI,421,4,3.5123025047984466
alturas_MIDI,421,5,4.934741638915498
alturas_MIDI,421,6,5.679781313459426
alturas_MIDI,421,7,5.820492030031574
alturas_MIDI,422,2,0.8331325102529268
alturas_MIDI,422,3,2.1312531053324766
alturas_MIDI,422,4,3.6683998288372868
alturas_MIDI,422,5,5.034027402680705
alturas_MIDI,422,6,5.6641615179780835
alturas_MIDI,422,7,5.810911108909469
alturas_MIDI,423,2,0.7750916781726734
alturas_MIDI,423,3,1.9978191203424598
alturas_MIDI,423,4,3.497931318551564
alturas_MIDI,423,5,4.947031247196394
alturas_MIDI,423,6,5.683267818650573
alturas_MIDI,423,7,5.816462104563203
alturas_MIDI,424,2,0.7864258902042838
alturas_MIDI,424,3,2.021178103575345
alturas_MIDI,424,4,3.46073526735215
alturas_MIDI,424,5,4.847693734687445
alturas_MIDI,424,6,5.590316455242074
alturas_MIDI,424,7,5.8084022536264595
alturas_MIDI,425,2,0.747712446043003
alturas_MIDI,425,3,1.9526987702727674
alturas_MIDI,425,4,3.4761603344978336
alturas_MIDI,425,5,4.9437745514508
alturas_MIDI,425,6,5.678264652173153
alturas_MIDI,425,7,5.824521955499947
alturas_MIDI,426,2,0.8177504525736705
alturas_MIDI,426,3,2.0829481146532602
alturas_MIDI,426,4,3.579310766931955
alturas_MIDI,426,5,4.995110820414422
alturas_MIDI,426,6,5.710410608373035
alturas_MIDI,426,7,5.832581806436691
alturas_MIDI,427,2,0.8261564900474632
alturas_MIDI,427,3,2.1055262123855383
alturas_MIDI,427,4,3.6145805572040537
alturas_MIDI,427,5,5.059663293857645
alturas_MIDI,427,6,5.692820968986821
alturas_MIDI,427,7,5.832581806436692
alturas_MIDI,428,2,0.7574494236314775
alturas_MIDI,428,3,1.9241543172357742
alturas_MIDI,428,4,3.388194144635641
alturas_MIDI,428,5,4.8604311546901515
alturas_MIDI,428,6,5.674246407648168
alturas_MIDI,428,7,5.832581806436692
alturas_MIDI,429,2,0.7680927331994799
alturas_MIDI,429,3,1.9864988821740706
alturas_MIDI,429,4,3.4644074202437953
alturas_MIDI,429,5,4.929770836640191
alturas_MIDI,429,6,5.667194840550633
alturas_MIDI,429,7,5.808402253626458
alturas_MIDI,430,2,0.7864595015894242
alturas_MIDI,430,3,2.012872599063229
alturas_MIDI,430,4,3.5014648138543514
alturas_MIDI,430,5,4.926067765075419
alturas_MIDI,430,6,5.708893947086759
alturas_MIDI,430,7,5.828551880968319
alturas_MIDI,431,2,0.7769032204759208
alturas_MIDI,431,3,2.0108252338288515
alturas_MIDI,431,4,3.5084278618792815
alturas_MIDI,431,5,4.933480841130661
alturas_MIDI,431,6,5.668179762503071
alturas_MIDI,431,7,5.818970959846213
alturas_MIDI,432,2,0.7949859057334088
alturas_MIDI,432,3,2.0518302394026784
alturas_MIDI,432,4,3.581577330857205
alturas_MIDI,432,5,5.024139313482141
alturas_MIDI,432,6,5.65665676826195
alturas_MIDI,432,7,5.8028512579727245
alturas_MIDI,433,2,0.7764337760122134
alturas_MIDI,433,3,2.0603652454963486
alturas_MIDI,433,4,3.5522226277945737
alturas_MIDI,433,5,4.9880099806414835
alturas_MIDI,433,6,5.687817802509397
alturas_MIDI,433,7,5.832581806436691
alturas_MIDI,434,2,0.7574494236314775
alturas_MIDI,434,3,1.9529140849306086
alturas_MIDI,434,4,3.402163879891253
alturas_MIDI,434,5,4.816978069513091
alturas_MIDI,434,6,5.639067128875736
alturas_MIDI,434,7,5.820492030031574
alturas_MIDI,435,2,0.7855180912083524
alturas_MIDI,435,3,2.042005774920125
alturas_MIDI,435,4,3.6140859617734526
alturas_MIDI,435,5,5.036153709763584
alturas_MIDI,435,6,5.7400549813342066
alturas_MIDI,435,7,5.828551880968319
alturas_MIDI,436,2,0.766922716737933
alturas_MIDI,436,3,2.0447408676671825
alturas_MIDI,436,4,3.5745595138011277
alturas_MIDI,436,5,4.97991256103703
alturas_MIDI,436,6,5.681751157364301
alturas_MIDI,436,7,5.816462104563204
alturas_MIDI,437,2,0.7582659348499964
alturas_MIDI,437,3,1.9676474043002836
alturas_MIDI,437,4,3.4296933713617745
alturas_MIDI,437,5,4.878077846281898
alturas_MIDI,437,6,5.622994150775794
alturas_MIDI,437,7,5.820492030031574
alturas_MIDI,438,2,0.7862578217142757
alturas_MIDI,438,3,2.02692111327028
alturas_MIDI,438,4,3.5155482485981797
alturas_MIDI,438,5,4.904400930024884
alturas_MIDI,438,6,5.627997317253216
alturas_MIDI,438,7,5.836611731905063
alturas_MIDI,439,2,0.7936874431078149
alturas_MIDI,439,3,2.0097369274782784
alturas_MIDI,439,4,3.5214604002586
alturas_MIDI,439,5,4.979382358522076
alturas_MIDI,439,6,5.743088303906754
alturas_MIDI,439,7,5.82855188096832
alturas_MIDI,440,2,0.7863586651213328
alturas_MIDI,440,3,2.007217971050501
alturas_MIDI,440,4,3.5149100575211865
alturas_MIDI,440,5,4.954430480188674
alturas_MIDI,440,6,5.689334463795671
alturas_MIDI,440,7,5.82855188096832
alturas_MIDI,441,2,0.8255934412680046
alturas_MIDI,441,3,2.097735183907495
alturas_MIDI,441,4,3.6172413544896105
alturas_MIDI,441,5,5.0437723448911465
alturas_MIDI,441,6,5.721480419995553
alturas_MIDI,441,7,5.82855188096832
alturas_MIDI,442,2,0.8600032395620314
alturas_MIDI,442,3,2.141261238479908
alturas_MIDI,442,4,3.6407041313748816
alturas_MIDI,442,5,5.013813525209967
alturas_MIDI,442,6,5.693352708320655
alturas_MIDI,442,7,5.816462104563204
alturas_MIDI,443,2,0.8032098373443972
alturas_MIDI,443,3,2.058071941053808
alturas_MIDI,443,4,3.528277077462866
alturas_MIDI,443,5,4.9861099858311535
alturas_MIDI,443,6,5.701389197370626
alturas_MIDI,443,7,5.836611731905063
alturas_MIDI,444,2,0.7864595015894242
alturas_MIDI,444,3,2.008046339289892
alturas_MIDI,444,4,3.5409410888611084
alturas_MIDI,444,5,4.964803625378476
alturas_MIDI,444,6,5.689334463795671
alturas_MIDI,444,7,5.828551880968319
alturas_MIDI,445,2,0.8261564900474632
alturas_MIDI,445,3,2.1097330544415325
alturas_MIDI,445,4,3.6260490098406413
alturas_MIDI,445,5,5.00181186679453
alturas_MIDI,445,6,5.719963758709279
alturas_MIDI,445,7,5.832581806436691
alturas_MIDI,446,2,0.7942272041706335
alturas_MIDI,446,3,2.0401755288503276
alturas_MIDI,446,4,3.5019522631702213
alturas_MIDI,446,5,4.926087435867123
alturas_MIDI,446,6,5.680766235411861
alturas_MIDI,446,7,5.828551880968319
alturas_MIDI,447,2,0.7468816247860568
alturas_MIDI,447,3,1.9724243966532344
alturas_MIDI,447,4,3.4930273053200582
alturas_MIDI,447,5,4.945817031837903
alturas_MIDI,447,6,5.674246407648167
alturas_MIDI,447,7,5.802851257972725
alturas_MIDI,448,2,0.777489815171351
alturas_MIDI,448,3,2.0231776531503582
alturas_MIDI,448,4,3.5159012781942764
alturas_MIDI,448,5,4.954024859067098
alturas_MIDI,448,6,5.663176596025649
alturas_MIDI,448,7,5.8084022536264595
alturas_MIDI,449,2,0.7857535005343039
alturas_MIDI,449,3,2.086786861052526
alturas_MIDI,449,4,3.644575488321493
alturas_MIDI,449,5,5.031830781259345
alturas_MIDI,449,6,5.723982003234265
alturas_MIDI,449,7,5.828551880968319
alturas_MIDI,450,2,0.7680927331994799
alturas_MIDI,450,3,2.0055273355079417
alturas_MIDI,450,4,3.531930031920628
alturas_MIDI,450,5,4.943988456563017
alturas_MIDI,450,6,5.655671846309515
alturas_MIDI,450,7,5.81243217909483
alturas_MIDI,451,2,0.7939742160257413
alturas_MIDI,451,3,2.057395884927894
alturas_MIDI,451,4,3.6007049101685897
alturas_MIDI,451,5,5.011267423236878
alturas_MIDI,451,6,5.66567817926436
alturas_MIDI,451,7,5.820492030031575
alturas_MIDI,452,2,0.7582659348499964
alturas_MIDI,452,3,1.9715725154550316
alturas_MIDI,452,4,3.425161648889806
alturas_MIDI,452,5,4.890758020517807
alturas_MIDI,452,6,5.6712130850756175
alturas_MIDI,452,7,5.820492030031575
alturas_MIDI,453,2,0.7857535005343039
alturas_MIDI,453,3,1.9945654483451323
alturas_MIDI,453,4,3.475719665169657
alturas_MIDI,453,5,4.90577039161458
alturas_MIDI,453,6,5.6471036179257075
alturas_MIDI,453,7,5.808402253626459
alturas_MIDI,454,2,0.7770876040440087
alturas_MIDI,454,3,2.023561525749927
alturas_MIDI,454,4,3.5516327031872303
alturas_MIDI,454,5,4.9663020601876635
alturas_MIDI,454,6,5.6782646521731515
alturas_MIDI,454,7,5.836611731905063
alturas_MIDI,455,2,0.7857535005343039
alturas_MIDI,455,3,2.0574097043242223
alturas_MIDI,455,4,3.578777306184234
alturas_MIDI,455,5,4.961843556243917
alturas_MIDI,455,6,5.653091706355566
alturas_MIDI,455,7,5.800342402689715
alturas_MIDI,456,2,0.777489815171351
alturas_MIDI,456,3,1.9940823205841107
alturas_MIDI,456,4,3.479295022945294
alturas_MIDI,456,5,4.9399300767177765
alturas_MIDI,456,6,5.6712130850756175
alturas_MIDI,456,7,5.820492030031574
alturas_MIDI,457,2,0.7949016250169262
alturas_MIDI,457,3,2.0036935746777735
alturas_MIDI,457,4,3.4972157039794225
alturas_MIDI,457,5,4.956938676480988
alturas_MIDI,457,6,5.693352708320656
alturas_MIDI,457,7,5.800342402689714
alturas_MIDI,458,2,0.767190231016089
alturas_MIDI,458,3,1.9789594780676132
alturas_MIDI,458,4,3.465866310602358
alturas_MIDI,458,5,4.902977975871566
alturas_MIDI,458,6,5.6812979747457
alturas_MIDI,458,7,5.828551880968319
alturas_MIDI,459,2,0.7581159972145048
alturas_MIDI,459,3,1.9771020088191662
alturas_MIDI,459,4,3.439438406245684
alturas_MIDI,459,5,4.9042705209027595
alturas_MIDI,459,6,5.66772657988447
alturas_MIDI,459,7,5.820492030031575
alturas_MIDI,460,2,0.7680927331994799
alturas_MIDI,460,3,2.0014007390011166
alturas_MIDI,460,4,3.5115941437451177
alturas_MIDI,460,5,4.979614498523366
alturas_MIDI,460,6,5.717462175470568
alturas_MIDI,460,7,5.824521955499947
alturas_MIDI,461,2,0.7578494038604893
alturas_MIDI,461,3,2.0164230290975045
alturas_MIDI,461,4,3.5674952580531114
alturas_MIDI,461,5,5.027745820485134
alturas_MIDI,461,6,5.745589887145465
alturas_MIDI,461,7,5.836611731905063
alturas_MIDI,462,2,0.747712446043003
alturas_MIDI,462,3,1.9653320685520774
alturas_MIDI,462,4,3.4818898020624465
alturas_MIDI,462,5,4.912251705153735
alturas_MIDI,462,6,5.668711501836907
alturas_MIDI,462,7,5.828551880968319
alturas_MIDI,463,2,0.7677919605529111
alturas_MIDI,463,3,2.000196739833635
alturas_MIDI,463,4,3.490771471297065
alturas_MIDI,463,5,4.90204215223504
alturas_MIDI,463,6,5.659690090834499
alturas_MIDI,463,7,5.820492030031574
alturas_MIDI,464,2,0.7478121133069852
alturas_MIDI,464,3,1.9116691467088556
alturas_MIDI,464,4,3.358745168261973
alturas_MIDI,464,5,4.788387606224655
alturas_MIDI,464,6,5.624510812062067
alturas_MIDI,464,7,5.816462104563202
alturas_MIDI,465,2,0.7950533268066823
alturas_MIDI,465,3,2.0453224153235188
alturas_MIDI,465,4,3.550770062830432
alturas_MIDI,465,5,4.963588304823036
alturas_MIDI,465,6,5.658173429548225
alturas_MIDI,465,7,5.820492030031574
alturas_MIDI,466,2,0.7478121133069852
alturas_MIDI,466,3,1.9449734944758188
alturas_MIDI,466,4,3.3825926555352206
alturas_MIDI,466,5,4.827815825411145
alturas_MIDI,466,6,5.6446020346869945
alturas_MIDI,466,7,5.820492030031575
alturas_MIDI,467,2,0.7094645607022099
alturas_MIDI,467,3,1.872825346962231
alturas_MIDI,467,4,3.325617119813766
alturas_MIDI,467,5,4.754932687165225
alturas_MIDI,467,6,5.612456078487112
alturas_MIDI,467,7,5.804372328158086
alturas_MIDI,468,2,0.7950364718299909
alturas_MIDI,468,3,2.0104938253764906
alturas_MIDI,468,4,3.5094323626839348
alturas_MIDI,468,5,4.937487472232161
alturas_MIDI,468,6,5.641115529495847
alturas_MIDI,468,7,5.788252626284598
alturas_MIDI,469,2,0.7562488325329455
alturas_MIDI,469,3,1.968561046116431
alturas_MIDI,469,4,3.4425484324806046
alturas_MIDI,469,5,4.836857414692021
alturas_MIDI,469,6,5.625495734014507
alturas_MIDI,469,7,5.808402253626459
alturas_MIDI,470,2,0.7241359647952339
alturas_MIDI,470,3,1.938506838863701
alturas_MIDI,470,4,3.43607035748011
alturas_MIDI,470,5,4.8475691532940655
alturas_MIDI,470,6,5.666741657932031
alturas_MIDI,470,7,5.820492030031574
alturas_MIDI,471,2,0.7842394937370052
alturas_MIDI,471,3,2.070015370416285
alturas_MIDI,471,4,3.575775225151219
alturas_MIDI,471,5,4.956603038992219
alturas_MIDI,471,6,5.690319385748107
alturas_MIDI,471,7,5.824521955499947
alturas_MIDI,472,2,0.7947836238455784
alturas_MIDI,472,3,2.028202307492901
alturas_MIDI,472,4,3.5036816517853455
alturas_MIDI,472,5,4.943872551915212
alturas_MIDI,472,6,5.6807662354118635
alturas_MIDI,472,7,5.80840225362646
alturas_MIDI,473,2,0.7679256448622243
alturas_MIDI,473,3,2.014817812249541
alturas_MIDI,473,4,3.5062959643458287
alturas_MIDI,473,5,4.934709230257785
alturas_MIDI,473,6,5.696839213511805
alturas_MIDI,473,7,5.816462104563203
alturas_MIDI,474,2,0.7774395447998416
alturas_MIDI,474,3,2.0206007747995165
alturas_MIDI,474,4,3.552173250171807
alturas_MIDI,474,5,5.004966500955278
alturas_MIDI,474,6,5.713443930945583
alturas_MIDI,474,7,5.828551880968319
alturas_MIDI,475,2,0.8329271444361228
alturas_MIDI,475,3,2.092860106508972
alturas_MIDI,475,4,3.6550830691552725
alturas_MIDI,475,5,5.0650338895257825
alturas_MIDI,475,6,5.631030639825764
alturas_MIDI,475,7,5.804372328158088
alturas_MIDI,476,2,0.767190231016089
alturas_MIDI,476,3,1.9246448145406112
alturas_MIDI,476,4,3.3807961486035314
alturas_MIDI,476,5,4.9014460272077125
alturas_MIDI,476,6,5.685316219270685
alturas_MIDI,476,7,5.804372328158087
alturas_MIDI,477,2,0.7679256448622243
alturas_MIDI,477,3,1.9948993543182227
alturas_MIDI,477,4,3.4917019976840122
alturas_MIDI,477,5,4.968776742625312
alturas_MIDI,477,6,5.655671846309515
alturas_MIDI,477,7,5.804372328158086
alturas_MIDI,478,2,0.7474798630339606
alturas_MIDI,478,3,1.9443823040766055
alturas_MIDI,478,4,3.417855937833575
alturas_MIDI,478,5,4.856028791316253
alturas_MIDI,478,6,5.6541551850232405
alturas_MIDI,478,7,5.828551880968319
alturas_MIDI,479,2,0.777489815171351
alturas_MIDI,479,3,2.0033683379137788
alturas_MIDI,479,4,3.450798698176049
alturas_MIDI,479,5,4.926714202943854
alturas_MIDI,479,6,5.706924103181886
alturas_MIDI,479,7,5.82855188096832
alturas_MIDI,480,2,0.7579993685387232
alturas_MIDI,480,3,1.9660930499142502
alturas_MIDI,480,4,3.4426946081611605
alturas_MIDI,480,5,4.898797863649779
alturas_MIDI,480,6,5.651121862450692
alturas_MIDI,480,7,5.832581806436692
alturas_MIDI,481,2,0.7677919605529111
alturas_MIDI,481,3,1.9869779574576185
alturas_MIDI,481,4,3.435883723216588
alturas_MIDI,481,5,4.93803590963619
alturas_MIDI,481,6,5.644070295353157
alturas_MIDI,481,7,5.820492030031575
alturas_MIDI,482,2,0.7680927331994799
alturas_MIDI,482,3,2.022840021690693
alturas_MIDI,482,4,3.5386278946275507
alturas_MIDI,482,5,4.962341680806835
alturas_MIDI,482,6,5.663708335359486
alturas_MIDI,482,7,5.816462104563204
alturas_MIDI,483,2,0.7680927331994799
alturas_MIDI,483,3,1.9883214789057568
alturas_MIDI,483,4,3.465914164016636
alturas_MIDI,483,5,4.898603298623589
alturas_MIDI,483,6,5.65764169021439
alturas_MIDI,483,7,5.800342402689714
alturas_MIDI,484,2,0.7769032204759208
alturas_MIDI,484,3,2.0290027518433287
alturas_MIDI,484,4,3.4950107374451647
alturas_MIDI,484,5,4.909343384762911
alturas_MIDI,484,6,5.648620279211981
alturas_MIDI,484,7,5.8245219554999474
alturas_MIDI,485,2,0.7565991058190646
alturas_MIDI,485,3,1.9700636653800025
alturas_MIDI,485,4,3.4635963936080594
alturas_MIDI,485,5,4.888411980593967
alturas_MIDI,485,6,5.678264652173152
alturas_MIDI,485,7,5.816462104563203
alturas_MIDI,486,2,0.7864595015894242
alturas_MIDI,486,3,2.0301709197856868
alturas_MIDI,486,4,3.555740154384987
alturas_MIDI,486,5,5.030756533166476
alturas_MIDI,486,6,5.714428852898019
alturas_MIDI,486,7,5.828551880968319
alturas_MIDI,487,2,0.8029731365667128
alturas_MIDI,487,3,2.032338008427538
alturas_MIDI,487,4,3.485253039870035
alturas_MIDI,487,5,4.877472163111071
alturas_MIDI,487,6,5.651121862450693
alturas_MIDI,487,7,5.828551880968319
alturas_MIDI,488,2,0.7863586651213328
alturas_MIDI,488,3,2.050876849305483
alturas_MIDI,488,4,3.5815590918812164
alturas_MIDI,488,5,4.987874074496299
alturas_MIDI,488,6,5.671744824409456
alturas_MIDI,488,7,5.816462104563203
alturas_MIDI,489,2,0.7855180912083524
alturas_MIDI,489,3,2.010557562070138
alturas_MIDI,489,4,3.5000345003487503
alturas_MIDI,489,5,5.009425004899027
alturas_MIDI,489,6,5.719963758709279
alturas_MIDI,489,7,5.82855188096832
alturas_MIDI,490,2,0.8405887158066438
alturas_MIDI,490,3,2.119720071584542
alturas_MIDI,490,4,3.6616659807636154
alturas_MIDI,490,5,5.0083591028460575
alturas_MIDI,490,6,5.6712130850756175
alturas_MIDI,490,7,5.802851257972725
alturas_MIDI,491,2,0.8032774590745109
alturas_MIDI,491,3,2.0746645587459542
alturas_MIDI,491,4,3.598619545466844
alturas_MIDI,491,5,5.029122522917777
alturas_MIDI,491,6,5.710410608373034
alturas_MIDI,491,7,5.82855188096832
alturas_MIDI,492,2,0.7679256448622243
alturas_MIDI,492,3,1.9890375649649192
alturas_MIDI,492,4,3.460729808014008
alturas_MIDI,492,5,4.911469691845787
alturas_MIDI,492,6,5.69987253608435
alturas_MIDI,492,7,5.836611731905063
alturas_MIDI,493,2,0.7578494038604893
alturas_MIDI,493,3,1.9718330621916635
alturas_MIDI,493,4,3.4560529081490063
alturas_MIDI,493,5,4.889492056415581
alturas_MIDI,493,6,5.62701239530078
alturas_MIDI,493,7,5.804372328158086
alturas_MIDI,494,2,0.7478121133069852
alturas_MIDI,494,3,1.9600378156952003
alturas_MIDI,494,4,3.4564592911398924
alturas_MIDI,494,5,4.9401498095587355
alturas_MIDI,494,6,5.671744824409455
alturas_MIDI,494,7,5.828551880968319
alturas_MIDI,495,2,0.7863586651213328
alturas_MIDI,495,3,2.0085813985915455
alturas_MIDI,495,4,3.5018928428337457
alturas_MIDI,495,5,4.954165931529674
alturas_MIDI,495,6,5.70085745803679
alturas_MIDI,495,7,5.832581806436691
alturas_MIDI,496,2,0.8112652435804384
alturas_MIDI,496,3,2.066662009875478
alturas_MIDI,496,4,3.584280132417077
alturas_MIDI,496,5,5.033361294020566
alturas_MIDI,496,6,5.731033570331798
alturas_MIDI,496,7,5.824521955499947
alturas_MIDI,497,2,0.8331325102529268
alturas_MIDI,497,3,2.105558649302136
alturas_MIDI,497,4,3.6439345938074994
alturas_MIDI,497,5,5.098371137329102
alturas_MIDI,497,6,5.721480419995554
alturas_MIDI,497,7,5.812432179094831
alturas_MIDI,498,2,0.8023643007034174
alturas_MIDI,498,3,2.058588713888509
alturas_MIDI,498,4,3.561328137644103
alturas_MIDI,498,5,4.951962707888291
alturas_MIDI,498,6,5.65165360178453
alturas_MIDI,498,7,5.824521955499947
alturas_MIDI,499,2,0.7235411775393311
alturas_MIDI,499,3,1.9356150895442286
alturas_MIDI,499,4,3.3890935668523565
alturas_MIDI,499,5,4.8401840940704215
alturas_MIDI,499,6,5.616927505630697
alturas_MIDI,499,7,5.798821332504353
alturas_MIDI,500,2,0.7680927331994799
alturas_MIDI,500,3,2.01179204559252
alturas_MIDI,500,4,3.5436233745892234
alturas_MIDI,500,5,5.0325862136383215
alturas_MIDI,500,6,5.744073225859191
alturas_MIDI,500,7,5.832581806436691
alturas_MIDI,501,2,0.8029731365667128
alturas_MIDI,501,3,2.0738133198013644
alturas_MIDI,501,4,3.565249273302191
alturas_MIDI,501,5,4.949725993180672
alturas_MIDI,501,6,5.678264652173152
alturas_MIDI,501,7,5.816462104563204
alturas_MIDI,502,2,0.743287107240594
alturas_MIDI,502,3,1.9862011999394242
alturas_MIDI,502,4,3.4911634742259388
alturas_MIDI,502,5,4.908291325772902
alturas_MIDI,502,6,5.634517145016913
alturas_MIDI,502,7,5.790761481567608
alturas_MIDI,503,2,0.7773557570263161
alturas_MIDI,503,3,2.0282619145847938
alturas_MIDI,503,4,3.5608742686401214
alturas_MIDI,503,5,5.014892165128945
alturas_MIDI,503,6,5.731033570331798
alturas_MIDI,503,7,5.824521955499947
alturas_MIDI,504,2,0.7666217050616564
alturas_MIDI,504,3,2.0245572186482854
alturas_MIDI,504,4,3.5317518195165847
alturas_MIDI,504,5,4.974993838211139
alturas_MIDI,504,6,5.686301141223122
alturas_MIDI,504,7,5.812432179094831
alturas_MIDI,505,2,0.7861233530412814
alturas_MIDI,505,3,2.051118975088686
alturas_MIDI,505,4,3.566580751562087
alturas_MIDI,505,5,4.969810566726245
alturas_MIDI,505,6,5.682282896698137
alturas_MIDI,505,7,5.828551880968319
alturas_MIDI,506,2,0.7770876040440087
alturas_MIDI,506,3,2.034005392916161
alturas_MIDI,506,4,3.56069590927311
alturas_MIDI,506,5,5.008689243311755
alturas_MIDI,506,6,5.721480419995554
alturas_MIDI,506,7,5.832581806436691
alturas_MIDI,507,2,0.8033112687626439
alturas_MIDI,507,3,2.050103367513617
alturas_MIDI,507,4,3.5708439080707413
alturas_MIDI,507,5,4.994910758365169
alturas_MIDI,507,6,5.691836047034381
alturas_MIDI,507,7,5.820492030031575
alturas_MIDI,508,2,0.768126148594298
alturas_MIDI,508,3,1.9751628996980959
alturas_MIDI,508,4,3.476862124281151
alturas_MIDI,508,5,4.925007360045512
alturas_MIDI,508,6,5.660675012786936
alturas_MIDI,508,7,5.820492030031574
alturas_MIDI,509,2,0.7864595015894242
alturas_MIDI,509,3,2.0576247324047183
alturas_MIDI,509,4,3.568180005073668
alturas_MIDI,509,5,4.998981876076417
alturas_MIDI,509,6,5.699872536084351
alturas_MIDI,509,7,5.8285518809683206
alturas_MIDI,510,2,0.7582659348499964
alturas_MIDI,510,3,1.9757234400948867
alturas_MIDI,510,4,3.448885683092938
alturas_MIDI,510,5,4.908045012002974
alturas_MIDI,510,6,5.659158351500663
alturas_MIDI,510,7,5.836611731905063
alturas_MIDI,511,2,0.7862578217142757
alturas_MIDI,511,3,1.9965658941706272
alturas_MIDI,511,4,3.4902841073376156
alturas_MIDI,511,5,4.8958053858575115
alturas_MIDI,511,6,5.6551401069756775
alturas_MIDI,511,7,5.820492030031575
alturas_MIDI,512,2,0.8111295987643694
alturas_MIDI,512,3,2.0821325948387335
alturas_MIDI,512,4,3.5959126962580843
alturas_MIDI,512,5,4.991150441033593
alturas_MIDI,512,6,5.691836047034382
alturas_MIDI,512,7,5.832581806436691
alturas_MIDI,513,2,0.7852490056219685
alturas_MIDI,513,3,2.037016808260993
alturas_MIDI,513,4,3.5800401581521877
alturas_MIDI,513,5,4.991737889315348
alturas_MIDI,513,6,5.67068134574178
alturas_MIDI,513,7,5.8245219554999474
alturas_MIDI,514,2,0.7950533268066823
alturas_MIDI,514,3,2.0633663148036367
alturas_MIDI,514,4,3.579406558632642
alturas_MIDI,514,5,5.001611804745275
alturas_MIDI,514,6,5.733535153570509
alturas_MIDI,514,7,5.828551880968319
alturas_MIDI,515,2,0.7478121133069852
alturas_MIDI,515,3,1.9719903606093088
alturas_MIDI,515,4,3.4445694947041408
alturas_MIDI,515,5,4.861077923264262
alturas_MIDI,515,6,5.628529056587054
alturas_MIDI,515,7,5.8084022536264595
alturas_MIDI,516,2,0.7863586651213328
alturas_MIDI,516,3,2.014751805582953
alturas_MIDI,516,4,3.5229684548044586
alturas_MIDI,516,5,4.960266791762016
alturas_MIDI,516,6,5.675763068934439
alturas_MIDI,516,7,5.816462104563202
alturas_MIDI,517,2,0.7579993685387232
alturas_MIDI,517,3,2.0287206072038515
alturas_MIDI,517,4,3.5401432287040353
alturas_MIDI,517,5,5.019932620331383
alturas_MIDI,517,6,5.6772797302207145
alturas_MIDI,517,7,5.816462104563203
alturas_MIDI,518,2,0.7764337760122134
alturas_MIDI,518,3,2.0185558435276527
alturas_MIDI,518,4,3.535120611284622
alturas_MIDI,518,5,4.969540521044183
alturas_MIDI,518,6,5.6551401069756775
alturas_MIDI,518,7,5.816462104563203
alturas_MIDI,519,2,0.794631894047021
alturas_MIDI,519,3,2.06453179150803
alturas_MIDI,519,4,3.6334771466947657
alturas_MIDI,519,5,5.072613513775614
alturas_MIDI,519,6,5.728000247759251
alturas_MIDI,519,7,5.832581806436691
alturas_MIDI,520,2,0.7861233530412814
alturas_MIDI,520,3,2.049958460564732
alturas_MIDI,520,4,3.561450366668454
alturas_MIDI,520,5,4.9636914716048315
alturas_MIDI,520,6,5.659690090834499
alturas_MIDI,520,7,5.816462104563204
alturas_MIDI,521,2,0.768126148594298
alturas_MIDI,521,3,1.991629741711012
alturas_MIDI,521,4,3.4702869865115193
alturas_MIDI,521,5,4.918332894594373
alturas_MIDI,521,6,5.656656768261952
alturas_MIDI,521,7,5.82855188096832
alturas_MIDI,522,2,0.7949016250169262
alturas_MIDI,522,3,2.021630984220113
alturas_MIDI,522,4,3.476651263451315
alturas_MIDI,522,5,4.860217249577935
alturas_MIDI,522,6,5.64407029535316
alturas_MIDI,522,7,5.820492030031575
alturas_MIDI,523,2,0.7680259001373962
alturas_MIDI,523,3,1.9905101907426241
alturas_MIDI,523,4,3.453328330965555
alturas_MIDI,523,5,4.910675271377512
alturas_MIDI,523,6,5.679781313459425
alturas_MIDI,523,7,5.820492030031575
alturas_MIDI,524,2,0.7852490056219685
alturas_MIDI,524,3,2.0523642547125527
alturas_MIDI,524,4,3.559971846029722
alturas_MIDI,524,5,5.017936391664951
alturas_MIDI,524,6,5.693352708320655
alturas_MIDI,524,7,5.816462104563204
alturas_MIDI,525,2,0.7770876040440087
alturas_MIDI,525,3,2.035745864212693
alturas_MIDI,525,4,3.565512142201081
alturas_MIDI,525,5,5.016120554256073
alturas_MIDI,525,6,5.70639236384805
alturas_MIDI,525,7,5.804372328158086
alturas_MIDI,526,2,0.7358225156309992
alturas_MIDI,526,3,1.9336656453621737
alturas_MIDI,526,4,3.4392546404724214
alturas_MIDI,526,5,4.89481090333998
alturas_MIDI,526,6,5.659158351500663
alturas_MIDI,526,7,5.808402253626459
alturas_MIDI,527,2,0.7773557570263161
alturas_MIDI,527,3,1.9989178282415088
alturas_MIDI,527,4,3.473695565082988
alturas_MIDI,527,5,4.875493838628035
alturas_MIDI,527,6,5.667194840550633
alturas_MIDI,527,7,5.836611731905063
alturas_MIDI,528,2,0.7474798630339606
alturas_MIDI,528,3,1.986506541210646
alturas_MIDI,528,4,3.5011498038972295
alturas_MIDI,528,5,4.923735898920222
alturas_MIDI,528,6,5.677732912839315
alturas_MIDI,528,7,5.824521955499948
alturas_MIDI,529,2,0.7857535005343039
alturas_MIDI,529,3,2.0062095892644205
alturas_MIDI,529,4,3.474052199060557
alturas_MIDI,529,5,4.902740338847212
alturas_MIDI,529,6,5.649605201164417
alturas_MIDI,529,7,5.824521955499947
alturas_MIDI,530,2,0.7949016250169262
alturas_MIDI,530,3,2.0437749775368848
alturas_MIDI,530,4,3.5501480388975057
alturas_MIDI,530,5,4.935787870176764
alturas_MIDI,530,6,5.657641690214389
alturas_MIDI,530,7,5.816462104563203
alturas_MIDI,531,2,0.8029731365667128
alturas_MIDI,531,3,2.0292873625916625
alturas_MIDI,531,4,3.5004698015033138
alturas_MIDI,531,5,4.899817844687755
alturas_MIDI,531,6,5.660675012786936
alturas_MIDI,531,7,5.832581806436691
alturas_MIDI,532,2,0.8189413182780759
alturas_MIDI,532,3,2.062639606190909
alturas_MIDI,532,4,3.5665878778190656
alturas_MIDI,532,5,4.974347400342703
alturas_MIDI,532,6,5.668711501836906
alturas_MIDI,532,7,5.832581806436692
alturas_MIDI,533,2,0.7861233530412814
alturas_MIDI,533,3,2.0427446030785292
alturas_MIDI,533,4,3.5515958260544482
alturas_MIDI,533,5,5.0090431156895905
alturas_MIDI,533,6,5.711927269659308
alturas_MIDI,533,7,5.8245219554999474
alturas_MIDI,534,2,0.7582492758636274
alturas_MIDI,534,3,1.9542379993977068
alturas_MIDI,534,4,3.4431737880087967
alturas_MIDI,534,5,4.919431205305053
alturas_MIDI,534,6,5.678264652173152
alturas_MIDI,534,7,5.836611731905063
alturas_MIDI,535,2,0.7680927331994799
alturas_MIDI,535,3,2.014766333469068
alturas_MIDI,535,4,3.5263455852521455
alturas_MIDI,535,5,4.952136189008576
alturas_MIDI,535,6,5.6812979747457
alturas_MIDI,535,7,5.816462104563203
alturas_MIDI,536,2,0.7565991058190646
alturas_MIDI,536,3,1.975315843321174
alturas_MIDI,536,4,3.444704993656149
alturas_MIDI,536,5,4.830122854457247
alturas_MIDI,536,6,5.616927505630697
alturas_MIDI,536,7,5.796312477221343
alturas_MIDI,537,2,0.7582492758636274
alturas_MIDI,537,3,1.9914812113582054
alturas_MIDI,537,4,3.462695060648799
alturas_MIDI,537,5,4.907993263259237
alturas_MIDI,537,6,5.683799557984412
alturas_MIDI,537,7,5.820492030031575
alturas_MIDI,538,2,0.7864258902042838
alturas_MIDI,538,3,2.044612985854736
alturas_MIDI,538,4,3.5133145414238913
alturas_MIDI,538,5,4.915397993274584
alturas_MIDI,538,6,5.675763068934442
alturas_MIDI,538,7,5.812432179094832
alturas_MIDI,539,2,0.7849462251933295
alturas_MIDI,539,3,2.041971851396148
alturas_MIDI,539,4,3.559660545046122
alturas_MIDI,539,5,4.933927216949844
alturas_MIDI,539,6,5.6933527083206545
alturas_MIDI,539,7,5.832581806436692
alturas_MIDI,540,2,0.7864595015894242
alturas_MIDI,540,3,2.0366675812156894
alturas_MIDI,540,4,3.5467172108895704
alturas_MIDI,540,5,5.012444063620266
alturas_MIDI,540,6,5.706392363848048
alturas_MIDI,540,7,5.820492030031575
alturas_MIDI,541,2,0.7947836238455784
alturas_MIDI,541,3,2.0454496181968627
alturas_MIDI,541,4,3.5605555406875222
alturas_MIDI,541,5,4.961437935122341
alturas_MIDI,541,6,5.67879639150699
alturas_MIDI,541,7,5.82855188096832
alturas_MIDI,542,2,0.7646133847648681
alturas_MIDI,542,3,1.9775220424215814
alturas_MIDI,542,4,3.45287926591771
alturas_MIDI,542,5,4.878034443578059
alturas_MIDI,542,6,5.6596900908345
alturas_MIDI,542,7,5.8245219554999474
alturas_MIDI,543,2,0.7774395447998416
alturas_MIDI,543,3,2.0280185763336074
alturas_MIDI,543,4,3.5382484426353944
alturas_MIDI,543,5,4.968874743089721
alturas_MIDI,543,6,5.664693257311923
alturas_MIDI,543,7,5.820492030031574
alturas_MIDI,544,2,0.768126148594298
alturas_MIDI,544,3,1.9950761819587577
alturas_MIDI,544,4,3.5181374311418057
alturas_MIDI,544,5,4.953960372457355
alturas_MIDI,544,6,5.672729746361893
alturas_MIDI,544,7,5.812432179094831
alturas_MIDI,545,2,0.8110108991580327
alturas_MIDI,545,3,2.080507872857777
alturas_MIDI,545,4,3.562790037480594
alturas_MIDI,545,5,4.945118845225732
alturas_MIDI,545,6,5.6712130850756175
alturas_MIDI,545,7,5.820492030031574
alturas_MIDI,546,2,0.8336115832230598
alturas_MIDI,546,3,2.05048414276914
alturas_MIDI,546,4,3.5371911381495935
alturas_MIDI,546,5,5.024469453947837
alturas_MIDI,546,6,5.714960592231856
alturas_MIDI,546,7,5.828551880968319
alturas_MIDI,547,2,0.7571993809830091
alturas_MIDI,547,3,2.005903016862826
alturas_MIDI,547,4,3.5007212612512832
alturas_MIDI,547,5,4.938785844992098
alturas_MIDI,547,6,5.671213085075621
alturas_MIDI,547,7,5.832581806436691
alturas_MIDI,548,2,0.7824206134156726
alturas_MIDI,548,3,2.061372518772103
alturas_MIDI,548,4,3.5295397028403404
alturas_MIDI,548,5,4.962993615698335
alturas_MIDI,548,6,5.659158351500662
alturas_MIDI,548,7,5.816462104563203
alturas_MIDI,549,2,0.7933668654870227
alturas_MIDI,549,3,2.0046005371603624
alturas_MIDI,549,4,3.4471936071692912
alturas_MIDI,549,5,4.8564051835026225
alturas_MIDI,549,6,5.633532223064478
alturas_MIDI,549,7,5.812432179094832
alturas_MIDI,550,2,0.7750916781726734
alturas_MIDI,550,3,2.009659921948478
alturas_MIDI,550,4,3.481376626191695
alturas_MIDI,550,5,4.9115411113812275
alturas_MIDI,550,6,5.658173429548224
alturas_MIDI,550,7,5.816462104563203
alturas_MIDI,551,2,0.7569159481256729
alturas_MIDI,551,3,2.009910007693763
alturas_MIDI,551,4,3.4912003731692662
alturas_MIDI,551,5,4.992564718441332
alturas_MIDI,551,6,5.707909025134322
alturas_MIDI,551,7,5.828551880968319
alturas_MIDI,552,2,0.777489815171351
alturas_MIDI,552,3,2.0230568021809257
alturas_MIDI,552,4,3.5053774638950776
alturas_MIDI,552,5,4.945817031837906
alturas_MIDI,552,6,5.690319385748106
alturas_MIDI,552,7,5.832581806436691
alturas_MIDI,553,2,0.802804041028433
alturas_MIDI,553,3,2.0854301621598257
alturas_MIDI,553,4,3.6258227864870634
alturas_MIDI,553,5,5.06140221470802
alturas_MIDI,553,6,5.7038907806093375
alturas_MIDI,553,7,5.82855188096832
alturas_MIDI,554,2,0.7679256448622243
alturas_MIDI,554,3,2.016282004338577
alturas_MIDI,554,4,3.4980633820230795
alturas_MIDI,554,5,4.97249948498179
alturas_MIDI,554,6,5.707909025134323
alturas_MIDI,554,7,5.816462104563203
alturas_MIDI,555,2,0.7676248381103863
alturas_MIDI,555,3,1.9790833274721467
alturas_MIDI,555,4,3.464975320356024
alturas_MIDI,555,5,4.961093620888006
alturas_MIDI,555,6,5.675231329600603
alturas_MIDI,555,7,5.8245219554999474
alturas_MIDI,556,2,0.7949016250169262
alturas_MIDI,556,3,2.058425771526117
alturas_MIDI,556,4,3.504771525092009
alturas_MIDI,556,5,4.922591336488869
alturas_MIDI,556,6,5.707909025134322
alturas_MIDI,556,7,5.824521955499948
alturas_MIDI,557,2,0.8033112687626439
alturas_MIDI,557,3,2.044576822405082
alturas_MIDI,557,4,3.536687909495177
alturas_MIDI,557,5,4.973081436240477
alturas_MIDI,557,6,5.682282896698138
alturas_MIDI,557,7,5.820492030031575
alturas_MIDI,558,2,0.7864595015894242
alturas_MIDI,558,3,2.057906883176198
alturas_MIDI,558,4,3.517011245621362
alturas_MIDI,558,5,4.950102054661368
alturas_MIDI,558,6,5.675231329600602
alturas_MIDI,558,7,5.832581806436691
alturas_MIDI,559,2,0.7754776570769937
alturas_MIDI,559,3,1.9691066965205664
alturas_MIDI,559,4,3.433565322113765
alturas_MIDI,559,5,4.8763541816086855
alturas_MIDI,559,6,5.617459244964536
alturas_MIDI,559,7,5.8189709598462125
alturas_MIDI,560,2,0.7680927331994799
alturas_MIDI,560,3,1.9984674854285818
alturas_MIDI,560,4,3.5334369530864773
alturas_MIDI,560,5,4.955085264097005
alturas_MIDI,560,6,5.694337630273093
alturas_MIDI,560,7,5.816462104563202
alturas_MIDI,561,2,0.7680927331994799
alturas_MIDI,561,3,2.056565442117072
alturas_MIDI,561,4,3.570137273423723
alturas_MIDI,561,5,4.976268148353261
alturas_MIDI,561,6,5.675763068934439
alturas_MIDI,561,7,5.824521955499947
alturas_MIDI,562,2,0.7680259001373962
alturas_MIDI,562,3,2.0006576604178896
alturas_MIDI,562,4,3.464139987049819
alturas_MIDI,562,5,4.924755549252518
alturas_MIDI,562,6,5.650136940498255
alturas_MIDI,562,7,5.806881183441098
alturas_MIDI,563,2,0.7950364718299909
alturas_MIDI,563,3,2.0320370638284126
alturas_MIDI,563,4,3.4996089360924647
alturas_MIDI,563,5,4.919236640278866
alturas_MIDI,563,6,5.632547301112039
alturas_MIDI,563,7,5.820492030031575
alturas_MIDI,564,2,0.7770876040440087
alturas_MIDI,564,3,1.9530460106735936
alturas_MIDI,564,4,3.4104784189172688
alturas_MIDI,564,5,4.8860532028041295
alturas_MIDI,564,6,5.677279730220715
alturas_MIDI,564,7,5.832581806436691
alturas_MIDI,565,2,0.7676248381103863
alturas_MIDI,565,3,1.9714921307174724
alturas_MIDI,565,4,3.4426768456844363
alturas_MIDI,565,5,4.851934272398543
alturas_MIDI,565,6,5.606921172675854
alturas_MIDI,565,7,5.796312477221344
alturas_MIDI,566,2,0.777489815171351
alturas_MIDI,566,3,1.988064486193483
alturas_MIDI,566,4,3.5057141132052365
alturas_MIDI,566,5,4.950973722393827
alturas_MIDI,566,6,5.686301141223123
alturas_MIDI,566,7,5.8245219554999474
alturas_MIDI,567,2,0.8112821982918802
alturas_MIDI,567,3,2.087866265230279
alturas_MIDI,567,4,3.6382243953449693
alturas_MIDI,567,5,5.056638738113341
alturas_MIDI,567,6,5.703890780609338
alturas_MIDI,567,7,5.8245219554999474
alturas_MIDI,568,2,0.7680259001373962
alturas_MIDI,568,3,1.9806830275697374
alturas_MIDI,568,4,3.5026035558465334
alturas_MIDI,568,5,4.936271820971044
alturas_MIDI,568,6,5.6677265798844685
alturas_MIDI,568,7,5.820492030031575
alturas_MIDI,569,2,0.7855180912083524
alturas_MIDI,569,3,2.042630148721341
alturas_MIDI,569,4,3.548260945291955
alturas_MIDI,569,5,4.956886927737249
alturas_MIDI,569,6,5.668711501836907
alturas_MIDI,569,7,5.828551880968319
alturas_MIDI,570,2,0.8538084051389705
alturas_MIDI,570,3,2.142348537078047
alturas_MIDI,570,4,3.6736353757737925
alturas_MIDI,570,5,5.087788041240871
alturas_MIDI,570,6,5.736036736809222
alturas_MIDI,570,7,5.8245219554999474
alturas_MIDI,571,2,0.7677919605529111
alturas_MIDI,571,3,1.9840281668648307
alturas_MIDI,571,4,3.4951885803196907
alturas_MIDI,571,5,4.877536649720816
alturas_MIDI,571,6,5.624963994680666
alturas_MIDI,571,7,5.804372328158086
alturas_MIDI,572,2,0.7364852336887782
alturas_MIDI,572,3,1.9392801938889332
alturas_MIDI,572,4,3.4091094468718848
alturas_MIDI,572,5,4.899197987748284
alturas_MIDI,572,6,5.675231329600605
alturas_MIDI,572,7,5.820492030031574
alturas_MIDI,573,2,0.7864258902042838
alturas_MIDI,573,3,2.0100173841748816
alturas_MIDI,573,4,3.554704923187776
alturas_MIDI,573,5,4.978910814888127
alturas_MIDI,573,6,5.667194840550635
alturas_MIDI,573,7,5.82855188096832
alturas_MIDI,574,2,0.7766852827796566
alturas_MIDI,574,3,1.9674355203907683
alturas_MIDI,574,4,3.490137906547044
alturas_MIDI,574,5,4.935871696872538
alturas_MIDI,574,6,5.672729746361891
alturas_MIDI,574,7,5.828551880968319
alturas_MIDI,575,2,0.8189413182780758
alturas_MIDI,575,3,2.0786736696988153
alturas_MIDI,575,4,3.6031800872716975
alturas_MIDI,575,5,4.992216673792238
alturas_MIDI,575,6,5.725498664520536
alturas_MIDI,575,7,5.832581806436691
alturas_MIDI,576,2,0.758199297778235
alturas_MIDI,576,3,1.9767874633196927
alturas_MIDI,576,4,3.4799133485130302
alturas_MIDI,576,5,4.968324869783066
alturas_MIDI,576,6,5.680766235411863
alturas_MIDI,576,7,5.8084022536264595
alturas_MIDI,577,2,0.7365680526764268
alturas_MIDI,577,3,1.921249532488822
alturas_MIDI,577,4,3.384793332705858
alturas_MIDI,577,5,4.8420447472973445
alturas_MIDI,577,6,5.650136940498256
alturas_MIDI,577,7,5.828551880968319
alturas_MIDI,578,2,0.7949016250169262
alturas_MIDI,578,3,2.0408056892059476
alturas_MIDI,578,4,3.5615087577250963
alturas_MIDI,578,5,4.98968991190518
alturas_MIDI,578,6,5.6702281631231815
alturas_MIDI,578,7,5.8245219554999474
alturas_MIDI,579,2,0.7362201819223613
alturas_MIDI,579,3,1.9245174091566064
alturas_MIDI,579,4,3.392749402953251
alturas_MIDI,579,5,4.858807033290627
alturas_MIDI,579,6,5.649605201164417
alturas_MIDI,579,7,5.820492030031575
alturas_MIDI,580,2,0.7680927331994799
alturas_MIDI,580,3,1.9904988456816908
alturas_MIDI,580,4,3.451757032953579
alturas_MIDI,580,5,4.902558180981355
alturas_MIDI,580,6,5.688802724461833
alturas_MIDI,580,7,5.8245219554999474
alturas_MIDI,581,2,0.7774395447998416
alturas_MIDI,581,3,2.0313590591039334
alturas_MIDI,581,4,3.5000921367652884
alturas_MIDI,581,5,4.921247042713936
alturas_MIDI,581,6,5.669696423789344
alturas_MIDI,581,7,5.820492030031575
alturas_MIDI,582,2,0.767190231016089
alturas_MIDI,582,3,1.9213121489111988
alturas_MIDI,582,4,3.3892031887504586
alturas_MIDI,582,5,4.904922455794264
alturas_MIDI,582,6,5.668711501836906
alturas_MIDI,582,7,5.82855188096832
alturas_MIDI,583,2,0.7766852827796566
alturas_MIDI,583,3,1.9598378526959381
alturas_MIDI,583,4,3.4164254873191973
alturas_MIDI,583,5,4.878473578554298
alturas_MIDI,583,6,5.6596900908345
alturas_MIDI,583,7,5.812432179094831
alturas_MIDI,584,2,0.7852490056219685
alturas_MIDI,584,3,2.0015155565704807
alturas_MIDI,584,4,3.5082114597461125
alturas_MIDI,584,5,4.943536583720771
alturas_MIDI,584,6,5.684784479936848
alturas_MIDI,584,7,5.824521955499948
alturas_MIDI,585,2,0.7949859057334088
alturas_MIDI,585,3,2.0485885032450053
alturas_MIDI,585,4,3.578343744607005
alturas_MIDI,585,5,4.959051140500899
alturas_MIDI,585,6,5.667194840550634
alturas_MIDI,585,7,5.810911108909469
alturas_MIDI,586,2,0.7680927331994799
alturas_MIDI,586,3,1.9629640773730452
alturas_MIDI,586,4,3.4521136415174616
alturas_MIDI,586,5,4.877788129808133
alturas_MIDI,586,6,5.64058379016201
alturas_MIDI,586,7,5.8084022536264595
alturas_MIDI,587,2,0.766922716737933
alturas_MIDI,587,3,1.9697573588158852
alturas_MIDI,587,4,3.4307238143553245
alturas_MIDI,587,5,4.855564180607996
alturas_MIDI,587,6,5.648620279211979
alturas_MIDI,587,7,5.828551880968319
alturas_MIDI,588,2,0.8111295987643694
alturas_MIDI,588,3,2.058387299988569
alturas_MIDI,588,4,3.5671129093267093
alturas_MIDI,588,5,4.981048446722809
alturas_MIDI,588,6,5.639067128875736
alturas_MIDI,588,7,5.816462104563202
alturas_MIDI,589,2,0.7666217050616564
alturas_MIDI,589,3,1.9949992228525617
alturas_MIDI,589,4,3.4324502998508266
alturas_MIDI,589,5,4.879030692703895
alturas_MIDI,589,6,5.62951397853949
alturas_MIDI,589,7,5.800342402689714
alturas_MIDI,590,2,0.7944464251081313
alturas_MIDI,590,3,2.054905846061844
alturas_MIDI,590,4,3.5698172432818005
alturas_MIDI,590,5,4.938152144989671
alturas_MIDI,590,6,5.677732912839313
alturas_MIDI,590,7,5.828551880968319
alturas_MIDI,591,2,0.7569159481256729
alturas_MIDI,591,3,1.9811455819145327
alturas_MIDI,591,4,3.474593095063192
alturas_MIDI,591,5,4.932890543832072
alturas_MIDI,591,6,5.719963758709279
alturas_MIDI,591,7,5.832581806436691
alturas_MIDI,592,2,0.8184650895597729
alturas_MIDI,592,3,2.0839743987196444
alturas_MIDI,592,4,3.6264503154364283
alturas_MIDI,592,5,5.050389564575481
alturas_MIDI,592,6,5.705407441895613
alturas_MIDI,592,7,5.832581806436691
alturas_MIDI,593,2,0.7862578217142757
alturas_MIDI,593,3,2.068981319677495
alturas_MIDI,593,4,3.6157029138568193
alturas_MIDI,593,5,5.06807668015916
alturas_MIDI,593,6,5.71996375870928
alturas_MIDI,593,7,5.828551880968319
alturas_MIDI,594,2,0.7364852336887782
alturas_MIDI,594,3,1.931026420444425
alturas_MIDI,594,4,3.362426153579311
alturas_MIDI,594,5,4.799173613378973
alturas_MIDI,594,6,5.628529056587056
alturas_MIDI,594,7,5.808402253626459
alturas_MIDI,595,2,0.7366343045455909
alturas_MIDI,595,3,1.963160478258796
alturas_MIDI,595,4,3.4923919684056983
alturas_MIDI,595,5,4.985553202387235
alturas_MIDI,595,6,5.699340796750515
alturas_MIDI,595,7,5.820492030031575
alturas_MIDI,596,2,0.8188732951921205
alturas_MIDI,596,3,2.0948078411821727
alturas_MIDI,596,4,3.62630026746447
alturas_MIDI,596,5,5.052594201331064
alturas_MIDI,596,6,5.74960813167045
alturas_MIDI,596,7,5.832581806436691
alturas_MIDI,597,2,0.7933668654870227
alturas_MIDI,597,3,2.0369488587882056
alturas_MIDI,597,4,3.5444384320333864
alturas_MIDI,597,5,5.007828900331106
alturas_MIDI,597,6,5.711927269659309
alturas_MIDI,597,7,5.828551880968319
alturas_MIDI,598,2,0.7862578217142757
alturas_MIDI,598,3,2.040192880966728
alturas_MIDI,598,4,3.5445906906345646
alturas_MIDI,598,5,4.975329475699902
alturas_MIDI,598,6,5.722997081281828
alturas_MIDI,598,7,5.836611731905063
alturas_MIDI,599,2,0.7864595015894242
alturas_MIDI,599,3,2.0289760931402596
alturas_MIDI,599,4,3.5541519075185164
alturas_MIDI,599,5,4.97482585411392
alturas_MIDI,599,6,5.656656768261951
alturas_MIDI,599,7,5.800342402689714
alturas_MIDI,600,2,0.7659191049452332
alturas_MIDI,600,3,2.0003808017441784
alturas_MIDI,600,4,3.487958248057149
alturas_MIDI,600,5,4.95298379412322
alturas_MIDI,600,6,5.682282896698138
alturas_MIDI,600,7,5.8245219554999474
alturas_MIDI,601,2,0.8029731365667128
alturas_MIDI,601,3,2.0311966312756473
alturas_MIDI,601,4,3.554256791121433
alturas_MIDI,601,5,4.99057398679797
alturas_MIDI,601,6,5.709425686420596
alturas_MIDI,601,7,5.824521955499947
alturas_MIDI,602,2,0.7474798630339606
alturas_MIDI,602,3,1.961925152606354
alturas_MIDI,602,4,3.4442684257296343
alturas_MIDI,602,5,4.904716896721943
alturas_MIDI,602,6,5.69835587479808
alturas_MIDI,602,7,5.820492030031575
alturas_MIDI,603,2,0.7476127720786631
alturas_MIDI,603,3,1.9377763260013703
alturas_MIDI,603,4,3.390601739189533
alturas_MIDI,603,5,4.881794760909636
alturas_MIDI,603,6,5.647103617925705
alturas_MIDI,603,7,5.808402253626459
alturas_MIDI,604,2,0.747313709967273
alturas_MIDI,604,3,1.9721902733819272
alturas_MIDI,604,4,3.474653277109143
alturas_MIDI,604,5,4.893162719322642
alturas_MIDI,604,6,5.6295139785394905
alturas_MIDI,604,7,5.81091110890947
alturas_MIDI,605,2,0.7949859057334088
alturas_MIDI,605,3,2.0211517823251897
alturas_MIDI,605,4,3.5540271303828233
alturas_MIDI,605,5,5.00165805646595
alturas_MIDI,605,6,5.651121862450691
alturas_MIDI,605,7,5.812432179094831
alturas_MIDI,606,2,0.7476127720786631
alturas_MIDI,606,3,1.9554506718717326
alturas_MIDI,606,4,3.4784153349598768
alturas_MIDI,606,5,5.000545902692307
alturas_MIDI,606,6,5.7224653419479905
alturas_MIDI,606,7,5.828551880968319
alturas_MIDI,607,2,0.7674242661538446
alturas_MIDI,607,3,1.9865663477674773
alturas_MIDI,607,4,3.4912170629935884
alturas_MIDI,607,5,4.905997034592806
alturas_MIDI,607,6,5.610407677867
alturas_MIDI,607,7,5.7922825517529715
alturas_MIDI,608,2,0.7864595015894242
alturas_MIDI,608,3,2.0394951431072714
alturas_MIDI,608,4,3.587926726327249
alturas_MIDI,608,5,5.030918689534957
alturas_MIDI,608,6,5.720948680661715
alturas_MIDI,608,7,5.82855188096832
alturas_MIDI,609,2,0.7103872744445632
alturas_MIDI,609,3,1.892024389965556
alturas_MIDI,609,4,3.371542560944311
alturas_MIDI,609,5,4.846381518864547
alturas_MIDI,609,6,5.630045717873327
alturas_MIDI,609,7,5.808402253626459
alturas_MIDI,610,2,0.7679256448622243
alturas_MIDI,610,3,2.0301155072657435
alturas_MIDI,610,4,3.5762534859821153
alturas_MIDI,610,5,5.01685631584334
alturas_MIDI,610,6,5.685316219270685
alturas_MIDI,610,7,5.820492030031575
alturas_MIDI,611,2,0.747712446043003
alturas_MIDI,611,3,1.9783633853545903
alturas_MIDI,611,4,3.459213681964751
alturas_MIDI,611,5,4.879514643498179
alturas_MIDI,611,6,5.631030639825766
alturas_MIDI,611,7,5.8028512579727245
alturas_MIDI,612,2,0.7862578217142757
alturas_MIDI,612,3,2.0099627089423207
alturas_MIDI,612,4,3.500774190740696
alturas_MIDI,612,5,4.944816721591634
alturas_MIDI,612,6,5.7038907806093375
alturas_MIDI,612,7,5.8245219554999474
alturas_MIDI,613,2,0.7950364718299909
alturas_MIDI,613,3,1.996431647547242
alturas_MIDI,613,4,3.477123889827067
alturas_MIDI,613,5,4.878668143580487
alturas_MIDI,613,6,5.661659934739373
alturas_MIDI,613,7,5.8084022536264595
alturas_MIDI,614,2,0.794631894047021
alturas_MIDI,614,3,2.0292725817092947
alturas_MIDI,614,4,3.507881399435056
alturas_MIDI,614,5,4.95914914096531
alturas_MIDI,614,6,5.707909025134323
alturas_MIDI,614,7,5.840641657373435
alturas_MIDI,615,2,0.8326875139255192
alturas_MIDI,615,3,2.114796095372312
alturas_MIDI,615,4,3.6264514056602075
alturas_MIDI,615,5,5.0253622055862
alturas_MIDI,615,6,5.679781313459427
alturas_MIDI,615,7,5.832581806436691
alturas_MIDI,616,2,0.7362201819223613
alturas_MIDI,616,3,1.9352539203331383
alturas_MIDI,616,4,3.4047913739222886
alturas_MIDI,616,5,4.8883419969611595
alturas_MIDI,616,6,5.677279730220715
alturas_MIDI,616,7,5.824521955499947
alturas_MIDI,617,2,0.7863586651213328
alturas_MIDI,617,3,2.0629518436011174
alturas_MIDI,617,4,3.5940784816779585
alturas_MIDI,617,5,5.005548452213968
alturas_MIDI,617,6,5.699872536084351
alturas_MIDI,617,7,5.832581806436691
alturas_MIDI,618,2,0.7466156635584084
alturas_MIDI,618,3,1.9530512063795522
alturas_MIDI,618,4,3.4562231855170737
alturas_MIDI,618,5,4.909627273507935
alturas_MIDI,618,6,5.614957661725825
alturas_MIDI,618,7,5.800342402689715
alturas_MIDI,619,2,0.7680259001373962
alturas_MIDI,619,3,1.9818528481756348
alturas_MIDI,619,4,3.4858775560752746
alturas_MIDI,619,5,4.903056305544275
alturas_MIDI,619,6,5.664693257311921
alturas_MIDI,619,7,5.828551880968319
alturas_MIDI,620,2,0.8099082248093454
alturas_MIDI,620,3,2.0883729372905537
alturas_MIDI,620,4,3.622976330019113
alturas_MIDI,620,5,5.057847456448764
alturas_MIDI,620,6,5.728000247759251
alturas_MIDI,620,7,5.832581806436691
alturas_MIDI,621,2,0.7582492758636274
alturas_MIDI,621,3,1.9956315775422666
alturas_MIDI,621,4,3.461419165965788
alturas_MIDI,621,5,4.875661822725255
alturas_MIDI,621,6,5.64611869597327
alturas_MIDI,621,7,5.820492030031575
alturas_MIDI,622,2,0.8398163763076607
alturas_MIDI,622,3,2.122621501783923
alturas_MIDI,622,4,3.6340247207294807
alturas_MIDI,622,5,5.016875986635046
alturas_MIDI,622,6,5.698355874798077
alturas_MIDI,622,7,5.828551880968319
alturas_MIDI,623,2,0.7864595015894242
alturas_MIDI,623,3,1.9917680349161533
alturas_MIDI,623,4,3.4508075423764604
alturas_MIDI,623,5,4.924095268321123
alturas_MIDI,623,6,5.6863011412231215
alturas_MIDI,623,7,5.828551880968319
alturas_MIDI,624,2,0.8023643007034174
alturas_MIDI,624,3,2.0202667987878384
alturas_MIDI,624,4,3.489481985507954
alturas_MIDI,624,5,4.941610338687151
alturas_MIDI,624,6,5.6782646521731515
alturas_MIDI,624,7,5.828551880968319
alturas_MIDI,625,2,0.7478121133069852
alturas_MIDI,625,3,1.9760282336869375
alturas_MIDI,625,4,3.483483624324017
alturas_MIDI,625,5,4.940833822402269
alturas_MIDI,625,6,5.680766235411861
alturas_MIDI,625,7,5.82855188096832
alturas_MIDI,626,2,0.7474798630339606
alturas_MIDI,626,3,1.9671631635684639
alturas_MIDI,626,4,3.4448663215285653
alturas_MIDI,626,5,4.89356284342115
alturas_MIDI,626,6,5.71139553032547
alturas_MIDI,626,7,5.824521955499947
alturas_MIDI,627,2,0.7650822383252949
alturas_MIDI,627,3,1.9795902350900028
alturas_MIDI,627,4,3.4325223724746414
alturas_MIDI,627,5,4.855190968144134
alturas_MIDI,627,6,5.666209918598193
alturas_MIDI,627,7,5.824521955499947
alturas_MIDI,628,2,0.8261564900474632
alturas_MIDI,628,3,2.084402580523941
alturas_MIDI,628,4,3.566117818681727
alturas_MIDI,628,5,4.993398480493018
alturas_MIDI,628,6,5.682282896698138
alturas_MIDI,628,7,5.812432179094831
alturas_MIDI,629,2,0.7772384461176127
alturas_MIDI,629,3,1.9995625248307338
alturas_MIDI,629,4,3.4649260607395718
alturas_MIDI,629,5,4.903540256338556
alturas_MIDI,629,6,5.675763068934441
alturas_MIDI,629,7,5.8245219554999474
alturas_MIDI,630,2,0.8112652435804384
alturas_MIDI,630,3,2.024963726414229
alturas_MIDI,630,4,3.5378497920183727
alturas_MIDI,630,5,4.98563153205994
alturas_MIDI,630,6,5.651653601784529
alturas_MIDI,630,7,5.812432179094831
alturas_MIDI,631,2,0.7576660930295107
alturas_MIDI,631,3,1.9607357277019697
alturas_MIDI,631,4,3.403127856309394
alturas_MIDI,631,5,4.832370893916671
alturas_MIDI,631,6,5.651121862450693
alturas_MIDI,631,7,5.808402253626459
alturas_MIDI,632,2,0.7773557570263161
alturas_MIDI,632,3,2.0222816617343
alturas_MIDI,632,4,3.5303143811953483
alturas_MIDI,632,5,4.938934158297615
alturas_MIDI,632,6,5.64862027921198
alturas_MIDI,632,7,5.790761481567609
alturas_MIDI,633,2,0.8033112687626439
alturas_MIDI,633,3,2.01534130832555
alturas_MIDI,633,4,3.526367433391601
alturas_MIDI,633,5,4.939846250022005
alturas_MIDI,633,6,5.68523766255545
alturas_MIDI,633,7,5.816462104563203
alturas_MIDI,634,2,0.8095857462732179
alturas_MIDI,634,3,2.063664267165132
alturas_MIDI,634,4,3.5619585994382628
alturas_MIDI,634,5,4.980448260575048
alturas_MIDI,634,6,5.702374119323065
alturas_MIDI,634,7,5.824521955499947
alturas_MIDI,635,2,0.794631894047021
alturas_MIDI,635,3,2.0519521506580274
alturas_MIDI,635,4,3.5819148409851573
alturas_MIDI,635,5,5.008442929541828
alturas_MIDI,635,6,5.725498664520538
alturas_MIDI,635,7,5.820492030031575
alturas_MIDI,636,2,0.7775065715798
alturas_MIDI,636,3,2.012900828914032
alturas_MIDI,636,4,3.4950143388911266
alturas_MIDI,636,5,4.912969231851934
alturas_MIDI,636,6,5.679781313459427
alturas_MIDI,636,7,5.816462104563202
alturas_MIDI,637,2,0.7363692793555174
alturas_MIDI,637,3,1.9638545194272015
alturas_MIDI,637,4,3.455966663299535
alturas_MIDI,637,5,4.9128143163263935
alturas_MIDI,637,6,5.664693257311923
alturas_MIDI,637,7,5.800342402689715
alturas_MIDI,638,2,0.7476127720786631
alturas_MIDI,638,3,1.9996993553587477
alturas_MIDI,638,4,3.5141740095978777
alturas_MIDI,638,5,4.987395620725082
alturas_MIDI,638,6,5.673261485695731
alturas_MIDI,638,7,5.8245219554999474
alturas_MIDI,639,2,0.8406573480943202
alturas_MIDI,639,3,2.0993532015503273
alturas_MIDI,639,4,3.5900135493363794
alturas_MIDI,639,5,4.978348534421141
alturas_MIDI,639,6,5.666209918598196
alturas_MIDI,639,7,5.816462104563203
alturas_MIDI,640,2,0.7680927331994799
alturas_MIDI,640,3,2.0211464849646203
alturas_MIDI,640,4,3.539722057941318
alturas_MIDI,640,5,4.946282747743113
alturas_MIDI,640,6,5.7038907806093375
alturas_MIDI,640,7,5.832581806436691
alturas_MIDI,641,2,0.8020936252269826
alturas_MIDI,641,3,2.002322746876557
alturas_MIDI,641,4,3.465649865347798
alturas_MIDI,641,5,4.897710877690903
alturas_MIDI,641,6,5.635048884350749
alturas_MIDI,641,7,5.802851257972725
alturas_MIDI,642,2,0.766922716737933
alturas_MIDI,642,3,1.9781284125708083
alturas_MIDI,642,4,3.4896109817222745
alturas_MIDI,642,5,4.909375462714944
alturas_MIDI,642,6,5.66219167407321
alturas_MIDI,642,7,5.832581806436691
alturas_MIDI,643,2,0.7862578217142757
alturas_MIDI,643,3,1.9863508005867958
alturas_MIDI,643,4,3.4495527983226513
alturas_MIDI,643,5,4.899766095944014
alturas_MIDI,643,6,5.668711501836906
alturas_MIDI,643,7,5.8245219554999474
alturas_MIDI,644,2,0.794631894047021
alturas_MIDI,644,3,2.001052566948536
alturas_MIDI,644,4,3.442042494767297
alturas_MIDI,644,5,4.841728780600283
alturas_MIDI,644,6,5.607906094628292
alturas_MIDI,644,7,5.796312477221343
alturas_MIDI,645,2,0.7680927331994799
alturas_MIDI,645,3,1.9981662963136801
alturas_MIDI,645,4,3.4642488068765664
alturas_MIDI,645,5,4.883610598318517
alturas_MIDI,645,6,5.658173429548227
alturas_MIDI,645,7,5.804372328158086
alturas_MIDI,646,2,0.7774395447998416
alturas_MIDI,646,3,2.012701433999166
alturas_MIDI,646,4,3.5122997025828493
alturas_MIDI,646,5,4.9900382872599485
alturas_MIDI,646,6,5.668711501836908
alturas_MIDI,646,7,5.816462104563204
alturas_MIDI,647,2,0.8032098373443972
alturas_MIDI,647,3,2.0464724798222553
alturas_MIDI,647,4,3.548010690967429
alturas_MIDI,647,5,4.963361331139134
alturas_MIDI,647,6,5.7048757025617745
alturas_MIDI,647,7,5.820492030031574
alturas_MIDI,648,2,0.8111295987643694
alturas_MIDI,648,3,2.05602189025159
alturas_MIDI,648,4,3.5223772830741047
alturas_MIDI,648,5,4.9746775408084
alturas_MIDI,648,6,5.674246407648168
alturas_MIDI,648,7,5.812432179094832
alturas_MIDI,649,2,0.7466156635584084
alturas_MIDI,649,3,1.9764524476620435
alturas_MIDI,649,4,3.5158125432983844
alturas_MIDI,649,5,4.9712710958546635
alturas_MIDI,649,6,5.719963758709278
alturas_MIDI,649,7,5.836611731905063
alturas_MIDI,650,2,0.768126148594298
alturas_MIDI,650,3,2.0239690477835612
alturas_MIDI,650,4,3.560955744905722
alturas_MIDI,650,5,4.975356056628872
alturas_MIDI,650,6,5.690319385748108
alturas_MIDI,650,7,5.824521955499947
alturas_MIDI,651,2,0.7863586651213328
alturas_MIDI,651,3,2.023014793433458
alturas_MIDI,651,4,3.517839603867962
alturas_MIDI,651,5,5.001593569856206
alturas_MIDI,651,6,5.71139553032547
alturas_MIDI,651,7,5.820492030031575
alturas_MIDI,652,2,0.7859552498421143
alturas_MIDI,652,3,2.008853817824302
alturas_MIDI,652,4,3.4835996934427675
alturas_MIDI,652,5,4.875624247750157
alturas_MIDI,652,6,5.635048884350753
alturas_MIDI,652,7,5.808402253626459
alturas_MIDI,653,2,0.767190231016089
alturas_MIDI,653,3,1.9954816495771588
alturas_MIDI,653,4,3.525154828662331
alturas_MIDI,653,5,4.990573986797968
alturas_MIDI,653,6,5.707909025134325
alturas_MIDI,653,7,5.840641657373435
alturas_MIDI,654,2,0.7677919605529111
alturas_MIDI,654,3,1.9565709572712517
alturas_MIDI,654,4,3.410922264504818
alturas_MIDI,654,5,4.873005313127426
alturas_MIDI,654,6,5.674246407648165
alturas_MIDI,654,7,5.824521955499947
alturas_MIDI,655,2,0.8110108991580327
alturas_MIDI,655,3,2.0819728291485293
alturas_MIDI,655,4,3.6327251743309747
alturas_MIDI,655,5,5.03811786047798
alturas_MIDI,655,6,5.720948680661717
alturas_MIDI,655,7,5.820492030031574
alturas_MIDI,656,2,0.7864258902042838
alturas_MIDI,656,3,1.998711329524704
alturas_MIDI,656,4,3.5042285810479394
alturas_MIDI,656,5,4.990173862699459
alturas_MIDI,656,6,5.706924103181885
alturas_MIDI,656,7,5.824521955499947
alturas_MIDI,657,2,0.802804041028433
alturas_MIDI,657,3,2.0526403200033996
alturas_MIDI,657,4,3.57327150197679
alturas_MIDI,657,5,5.000351337666117
alturas_MIDI,657,6,5.664693257311922
alturas_MIDI,657,7,5.828551880968319
alturas_MIDI,658,2,0.7761486829151168
alturas_MIDI,658,3,1.9781604327016185
alturas_MIDI,658,4,3.4339457609512105
alturas_MIDI,658,5,4.8775559898068455
alturas_MIDI,658,6,5.647103617925706
alturas_MIDI,658,7,5.820492030031576
alturas_MIDI,659,2,0.8112652435804384
alturas_MIDI,659,3,2.060032539187358
alturas_MIDI,659,4,3.530102227673657
alturas_MIDI,659,5,4.956156663173039
alturas_MIDI,659,6,5.6878178025093975
alturas_MIDI,659,7,5.824521955499947
alturas_MIDI,660,2,0.7950364718299909
alturas_MIDI,660,3,2.0075139274866953
alturas_MIDI,660,4,3.509898301859525
alturas_MIDI,660,5,4.935723383567019
alturas_MIDI,660,6,5.672729746361893
alturas_MIDI,660,7,5.820492030031575
alturas_MIDI,661,2,0.768126148594298
alturas_MIDI,661,3,1.9992332912674058
alturas_MIDI,661,4,3.5162898002573377
alturas_MIDI,661,5,4.976511613106355
alturas_MIDI,661,6,5.657641690214387
alturas_MIDI,661,7,5.820492030031574
alturas_MIDI,662,2,0.7861233530412814
alturas_MIDI,662,3,2.024283084098995
alturas_MIDI,662,4,3.5014125363557143
alturas_MIDI,662,5,4.922159134438327
alturas_MIDI,662,6,5.691836047034382
alturas_MIDI,662,7,5.832581806436692
alturas_MIDI,663,2,0.758199297778235
alturas_MIDI,663,3,1.9605505986890217
alturas_MIDI,663,4,3.4555236458991376
alturas_MIDI,663,5,4.923741395943288
alturas_MIDI,663,6,5.659158351500663
alturas_MIDI,663,7,5.831060736251329
alturas_MIDI,664,2,0.7364852336887782
alturas_MIDI,664,3,1.9473797981502607
alturas_MIDI,664,4,3.4312972807468767
alturas_MIDI,664,5,4.820486576051671
alturas_MIDI,664,6,5.627012395300779
alturas_MIDI,664,7,5.814941034377841
alturas_MIDI,665,2,0.7950364718299909
alturas_MIDI,665,3,2.002837766320539
alturas_MIDI,665,4,3.45958878431541
alturas_MIDI,665,5,4.884703412006134
alturas_MIDI,665,6,5.6621916740732114
alturas_MIDI,665,7,5.816462104563203
alturas_MIDI,666,2,0.7939742160257413
alturas_MIDI,666,3,2.0301341994922297
alturas_MIDI,666,4,3.494457378486756
alturas_MIDI,666,5,4.913098205071422
alturas_MIDI,666,6,5.668711501836908
alturas_MIDI,666,7,5.820492030031575
alturas_MIDI,667,2,0.7565991058190646
alturas_MIDI,667,3,1.9763586918667417
alturas_MIDI,667,4,3.448387523750719
alturas_MIDI,667,5,4.887747307836461
alturas_MIDI,667,6,5.636033806303186
alturas_MIDI,667,7,5.808402253626459
alturas_MIDI,668,2,0.7862578217142757
alturas_MIDI,668,3,2.0040249467974545
alturas_MIDI,668,4,3.496883300547493
alturas_MIDI,668,5,4.984151332139822
alturas_MIDI,668,6,5.707909025134324
alturas_MIDI,668,7,5.828551880968319
alturas_MIDI,669,2,0.7950533268066823
alturas_MIDI,669,3,2.062170937269233
alturas_MIDI,669,4,3.5394195812086164
alturas_MIDI,669,5,4.9934964809574245
alturas_MIDI,669,6,5.683267818650574
alturas_MIDI,669,7,5.8285518809683206
alturas_MIDI,670,2,0.7571993809830091
alturas_MIDI,670,3,1.98517139694831
alturas_MIDI,670,4,3.480305187385871
alturas_MIDI,670,5,4.910823253977353
alturas_MIDI,670,6,5.687817802509396
alturas_MIDI,670,7,5.82855188096832
alturas_MIDI,671,2,0.724466299644938
alturas_MIDI,671,3,1.922354252617065
alturas_MIDI,671,4,3.4057268683800292
alturas_MIDI,671,5,4.87910034563103
alturas_MIDI,671,6,5.664693257311921
alturas_MIDI,671,7,5.824521955499947
alturas_MIDI,672,2,0.7770876040440087
alturas_MIDI,672,3,2.0372190425648475
alturas_MIDI,672,4,3.594906174076045
alturas_MIDI,672,5,5.009619569925217
alturas_MIDI,672,6,5.699872536084352
alturas_MIDI,672,7,5.820492030031575
alturas_MIDI,673,2,0.7950364718299909
alturas_MIDI,673,3,2.012664281467157
alturas_MIDI,673,4,3.4698559888958123
alturas_MIDI,673,5,4.927449964531126
alturas_MIDI,673,6,5.699872536084352
alturas_MIDI,673,7,5.832581806436691
alturas_MIDI,674,2,0.747712446043003
alturas_MIDI,674,3,1.946737280768405
alturas_MIDI,674,4,3.389560923874033
alturas_MIDI,674,5,4.827182125408713
alturas_MIDI,674,6,5.599869605578322
alturas_MIDI,674,7,5.808402253626459
alturas_MIDI,675,2,0.8263611806186717
alturas_MIDI,675,3,2.1300198935550805
alturas_MIDI,675,4,3.6714166794080185
alturas_MIDI,675,5,5.085997371646759
alturas_MIDI,675,6,5.70085745803679
alturas_MIDI,675,7,5.828551880968319
alturas_MIDI,676,2,0.7674242661538446
alturas_MIDI,676,3,1.9932366028042117
alturas_MIDI,676,4,3.5262247783221716
alturas_MIDI,676,5,4.963025693650368
alturas_MIDI,676,6,5.657641690214388
alturas_MIDI,676,7,5.794791407035981
alturas_MIDI,677,2,0.8108582711213994
alturas_MIDI,677,3,2.067167857593863
alturas_MIDI,677,4,3.558337702993955
alturas_MIDI,677,5,4.973895527500457
alturas_MIDI,677,6,5.671744824409457
alturas_MIDI,677,7,5.8245219554999474
alturas_MIDI,678,2,0.7772384461176127
alturas_MIDI,678,3,2.031942482800884
alturas_MIDI,678,4,3.534828264479477
alturas_MIDI,678,5,4.940833822402268
alturas_MIDI,678,6,5.680766235411863
alturas_MIDI,678,7,5.808402253626458
alturas_MIDI,679,2,0.747313709967273
alturas_MIDI,679,3,1.977143819608487
alturas_MIDI,679,4,3.427575937847256
alturas_MIDI,679,5,4.854614513908507
alturas_MIDI,679,6,5.660675012786936
alturas_MIDI,679,7,5.816462104563203
alturas_MIDI,680,2,0.766922716737933
alturas_MIDI,680,3,2.0284269045305754
alturas_MIDI,680,4,3.5566912120204908
alturas_MIDI,680,5,4.959433029710339
alturas_MIDI,680,6,5.632547301112039
alturas_MIDI,680,7,5.800342402689713
alturas_MIDI,681,2,0.7774395447998416
alturas_MIDI,681,3,2.006993728486694
alturas_MIDI,681,4,3.511492344716601
alturas_MIDI,681,5,4.96481636324448
alturas_MIDI,681,6,5.722997081281827
alturas_MIDI,681,7,5.840641657373435
alturas_MIDI,682,2,0.7582492758636274
alturas_MIDI,682,3,1.978907060266811
alturas_MIDI,682,4,3.4804251244814552
alturas_MIDI,682,5,4.921279120665971
alturas_MIDI,682,6,5.667726579884471
alturas_MIDI,682,7,5.816462104563202
alturas_MIDI,683,2,0.7362201819223613
alturas_MIDI,683,3,1.9445200231861102
alturas_MIDI,683,4,3.429065973029574
alturas_MIDI,683,5,4.895675307441065
alturas_MIDI,683,6,5.679781313459426
alturas_MIDI,683,7,5.8245219554999474
alturas_MIDI,684,2,0.7846097289933571
alturas_MIDI,684,3,2.0146439904634645
alturas_MIDI,684,4,3.4710823755601075
alturas_MIDI,684,5,4.883158725476268
alturas_MIDI,684,6,5.626027473348342
alturas_MIDI,684,7,5.812432179094831
alturas_MIDI,685,2,0.7761486829151168
alturas_MIDI,685,3,2.020994819700425
alturas_MIDI,685,4,3.5059751534693557
alturas_MIDI,685,5,4.931186549950565
alturas_MIDI,685,6,5.672729746361893
alturas_MIDI,685,7,5.828551880968319
alturas_MIDI,686,2,0.7863586651213328
alturas_MIDI,686,3,1.9932138436394728
alturas_MIDI,686,4,3.4764995518702198
alturas_MIDI,686,5,4.935063102635622
alturas_MIDI,686,6,5.667726579884469
alturas_MIDI,686,7,5.832581806436691
alturas_MIDI,687,2,0.7478121133069852
alturas_MIDI,687,3,1.9836082650077727
alturas_MIDI,687,4,3.4737458705267534
alturas_MIDI,687,5,4.953598154039621
alturas_MIDI,687,6,5.659158351500664
alturas_MIDI,687,7,5.802851257972725
alturas_MIDI,688,2,0.7578494038604893
alturas_MIDI,688,3,1.9834481363014194
alturas_MIDI,688,4,3.4656001871756192
alturas_MIDI,688,5,4.961965288620464
alturas_MIDI,688,6,5.719963758709278
alturas_MIDI,688,7,5.828551880968319
alturas_MIDI,689,2,0.8112821982918802
alturas_MIDI,689,3,2.0664400717449247
alturas_MIDI,689,4,3.554142248138614
alturas_MIDI,689,5,4.982458663010121
alturas_MIDI,689,6,5.655140106975678
alturas_MIDI,689,7,5.800342402689714
alturas_MIDI,690,2,0.7949016250169262
alturas_MIDI,690,3,2.0615921246350517
alturas_MIDI,690,4,3.596048398786079
alturas_MIDI,690,5,5.053162309526791
alturas_MIDI,690,6,5.723982003234264
alturas_MIDI,690,7,5.840641657373435
alturas_MIDI,691,2,0.7674242661538446
alturas_MIDI,691,3,1.982009145777696
alturas_MIDI,691,4,3.5025080794300694
alturas_MIDI,691,5,4.958231552217858
alturas_MIDI,691,6,5.686301141223122
alturas_MIDI,691,7,5.81494103437784
alturas_MIDI,692,2,0.7244332694527171
alturas_MIDI,692,3,1.9282514148325205
alturas_MIDI,692,4,3.4449782571383585
alturas_MIDI,692,5,4.927701775324117
alturas_MIDI,692,6,5.66772657988447
alturas_MIDI,692,7,5.804372328158087
alturas_MIDI,693,2,0.7772384461176127
alturas_MIDI,693,3,1.9952080026423817
alturas_MIDI,693,4,3.4958199895214985
alturas_MIDI,693,5,4.961475510097442
alturas_MIDI,693,6,5.6782646521731515
alturas_MIDI,693,7,5.824521955499947
alturas_MIDI,694,2,0.8112143782587738
alturas_MIDI,694,3,2.077685917806606
alturas_MIDI,694,4,3.586548878070475
alturas_MIDI,694,5,5.003570458436611
alturas_MIDI,694,6,5.688802724461833
alturas_MIDI,694,7,5.820492030031574
alturas_MIDI,695,2,0.7766852827796566
alturas_MIDI,695,3,2.010609193080331
alturas_MIDI,695,4,3.5027226461081487
alturas_MIDI,695,5,4.976073914032748
alturas_MIDI,695,6,5.721480419995554
alturas_MIDI,695,7,5.836611731905063
alturas_MIDI,696,2,0.7232767514210734
alturas_MIDI,696,3,1.9427061633498162
alturas_MIDI,696,4,3.4236034486633207
alturas_MIDI,696,5,4.929519025847199
alturas_MIDI,696,6,5.6727297463618935
alturas_MIDI,696,7,5.828551880968319
alturas_MIDI,697,2,0.7468816247860568
alturas_MIDI,697,3,1.951650511990409
alturas_MIDI,697,4,3.4035311869849476
alturas_MIDI,697,5,4.883074898780497
alturas_MIDI,697,6,5.684784479936848
alturas_MIDI,697,7,5.82855188096832
alturas_MIDI,698,2,0.7581159972145048
alturas_MIDI,698,3,1.9733070745469397
alturas_MIDI,698,4,3.4808451639824556
alturas_MIDI,698,5,4.955244571448653
alturas_MIDI,698,6,5.715945514184293
alturas_MIDI,698,7,5.828551880968319
alturas_MIDI,699,2,0.7772384461176127
alturas_MIDI,699,3,2.0126783950477227
alturas_MIDI,699,4,3.5111717664690816
alturas_MIDI,699,5,4.949093398375202
alturas_MIDI,699,6,5.6888027244618335
alturas_MIDI,699,7,5.820492030031575
alturas_MIDI,700,2,0.777489815171351
alturas_MIDI,700,3,2.03633828038763
alturas_MIDI,700,4,3.5850599259986375
alturas_MIDI,700,5,5.048909364655362
alturas_MIDI,700,6,5.701389197370625
alturas_MIDI,700,7,5.828551880968319
alturas_MIDI,701,2,0.7950364718299909
alturas_MIDI,701,3,2.063185681517492
alturas_MIDI,701,4,3.6077475511621344
alturas_MIDI,701,5,5.0489694594389976
alturas_MIDI,701,6,5.695322552225529
alturas_MIDI,701,7,5.824521955499947
alturas_MIDI,702,2,0.7578494038604893
alturas_MIDI,702,3,1.9744526970209797
alturas_MIDI,702,4,3.4720388098949924
alturas_MIDI,702,5,4.928924667428178
alturas_MIDI,702,6,5.612909261105712
alturas_MIDI,702,7,5.798821332504354
alturas_MIDI,703,2,0.7766852827796566
alturas_MIDI,703,3,1.982329229503991
alturas_MIDI,703,4,3.4272423825485347
alturas_MIDI,703,5,4.866732407677428
alturas_MIDI,703,6,5.666209918598197
alturas_MIDI,703,7,5.828551880968319
alturas_MIDI,704,2,0.7772384461176127
alturas_MIDI,704,3,2.0161673871978683
alturas_MIDI,704,4,3.5437436257276627
alturas_MIDI,704,5,5.010737220721926
alturas_MIDI,704,6,5.739070059381768
alturas_MIDI,704,7,5.832581806436692
alturas_MIDI,705,2,0.8111295987643694
alturas_MIDI,705,3,2.077869548734234
alturas_MIDI,705,4,3.5712511470734136
alturas_MIDI,705,5,4.9773343811119055
alturas_MIDI,705,6,5.670228163123181
alturas_MIDI,705,7,5.812432179094831
alturas_MIDI,706,2,0.7766852827796566
alturas_MIDI,706,3,2.008444699388326
alturas_MIDI,706,4,3.5355142870974
alturas_MIDI,706,5,4.9780001590663705
alturas_MIDI,706,6,5.70639236384805
alturas_MIDI,706,7,5.836611731905063
alturas_MIDI,707,2,0.7769032204759208
alturas_MIDI,707,3,1.9978649226005551
alturas_MIDI,707,4,3.5127952277313805
alturas_MIDI,707,5,4.969274867188228
alturas_MIDI,707,6,5.718447097423006
alturas_MIDI,707,7,5.828551880968319
alturas_MIDI,708,2,0.8032098373443972
alturas_MIDI,708,3,2.0832393535004154
alturas_MIDI,708,4,3.6179266985129024
alturas_MIDI,708,5,5.0515337963011575
alturas_MIDI,708,6,5.718447097423006
alturas_MIDI,708,7,5.828551880968319
alturas_MIDI,709,2,0.7677919605529111
alturas_MIDI,709,3,2.005498798431482
alturas_MIDI,709,4,3.535357209175677
alturas_MIDI,709,5,4.989721989857212
alturas_MIDI,709,6,5.690319385748107
alturas_MIDI,709,7,5.804372328158086
alturas_MIDI,710,2,0.8189413182780758
alturas_MIDI,710,3,2.0637591061408314
alturas_MIDI,710,4,3.528729364453278
alturas_MIDI,710,5,4.964416239145971
alturas_MIDI,710,6,5.688802724461834
alturas_MIDI,710,7,5.832581806436691
alturas_MIDI,711,2,0.7773557570263161
alturas_MIDI,711,3,2.022961350617255
alturas_MIDI,711,4,3.574421388550238
alturas_MIDI,711,5,4.995110820414424
alturas_MIDI,711,6,5.708693305147511
alturas_MIDI,711,7,5.824521955499947
alturas_MIDI,712,2,0.7947836238455784
alturas_MIDI,712,3,2.051023951398031
alturas_MIDI,712,4,3.5645259164063225
alturas_MIDI,712,5,4.964803625378475
alturas_MIDI,712,6,5.679781313459425
alturas_MIDI,712,7,5.808402253626459
alturas_MIDI,713,2,0.7770876040440087
alturas_MIDI,713,3,2.0241262739667945
alturas_MIDI,713,4,3.483727294228418
alturas_MIDI,713,5,4.92342509854055
alturas_MIDI,713,6,5.683799557984412
alturas_MIDI,713,7,5.816462104563203
alturas_MIDI,714,2,0.7452185825996135
alturas_MIDI,714,3,1.931113455207305
alturas_MIDI,714,4,3.3963627251212216
alturas_MIDI,714,5,4.845204878481159
alturas_MIDI,714,6,5.642100451448285
alturas_MIDI,714,7,5.8245219554999474
alturas_MIDI,715,2,0.758199297778235
alturas_MIDI,715,3,2.0139418234905784
alturas_MIDI,715,4,3.5248456838321522
alturas_MIDI,715,5,4.95055942452668
alturas_MIDI,715,6,5.653623445689403
alturas_MIDI,715,7,5.824521955499947
alturas_MIDI,716,2,0.7677919605529111
alturas_MIDI,716,3,1.9605274147455505
alturas_MIDI,716,4,3.448826528082145
alturas_MIDI,716,5,4.8935307654691185
alturas_MIDI,716,6,5.634063962398313
alturas_MIDI,716,7,5.820492030031575
alturas_MIDI,717,2,0.7926242045455117
alturas_MIDI,717,3,2.049692599656374
alturas_MIDI,717,4,3.5441396431595362
alturas_MIDI,717,5,4.953313934588923
alturas_MIDI,717,6,5.6556718463095175
alturas_MIDI,717,7,5.794791407035981
alturas_MIDI,718,2,0.7579993685387232
alturas_MIDI,718,3,2.0015177062088796
alturas_MIDI,718,4,3.4975058253437608
alturas_MIDI,718,5,4.933345265691151
alturas_MIDI,718,6,5.669243241170744
alturas_MIDI,718,7,5.8245219554999474
alturas_MIDI,719,2,0.747313709967273
alturas_MIDI,719,3,1.9525977079626164
alturas_MIDI,719,4,3.4290295585840997
alturas_MIDI,719,5,4.859719125015017
alturas_MIDI,719,6,5.632015561778202
alturas_MIDI,719,7,5.816462104563202
alturas_MIDI,720,2,0.777489815171351
alturas_MIDI,720,3,1.9896489836683513
alturas_MIDI,720,4,3.4643519009284796
alturas_MIDI,720,5,4.920716840198984
alturas_MIDI,720,6,5.651121862450692
alturas_MIDI,720,7,5.824521955499947
alturas_MIDI,721,2,0.7680259001373962
alturas_MIDI,721,3,1.9869265187217167
alturas_MIDI,721,4,3.486126043182253
alturas_MIDI,721,5,4.9502810328047175
alturas_MIDI,721,6,5.67371466831433
alturas_MIDI,721,7,5.828551880968319
alturas_MIDI,722,2,0.8031083988636237
alturas_MIDI,722,3,2.058394818389065
alturas_MIDI,722,4,3.581224146051597
alturas_MIDI,722,5,5.006018559945291
alturas_MIDI,722,6,5.690319385748106
alturas_MIDI,722,7,5.824521955499948
alturas_MIDI,723,2,0.8020936252269826
alturas_MIDI,723,3,2.0667378997791586
alturas_MIDI,723,4,3.55393078520403
alturas_MIDI,723,5,4.972835122470553
alturas_MIDI,723,6,5.680766235411863
alturas_MIDI,723,7,5.81243217909483
alturas_MIDI,724,2,0.7950533268066823
alturas_MIDI,724,3,2.0584828595299323
alturas_MIDI,724,4,3.5998003589527836
alturas_MIDI,724,5,5.005930341423405
alturas_MIDI,724,6,5.682282896698137
alturas_MIDI,724,7,5.8245219554999474
alturas_MIDI,725,2,0.7774395447998416
alturas_MIDI,725,3,2.0356393181357806
alturas_MIDI,725,4,3.5535093793650407
alturas_MIDI,725,5,4.960693496789493
alturas_MIDI,725,6,5.664161517978086
alturas_MIDI,725,7,5.8245219554999474
alturas_MIDI,726,2,0.7833977010758473
alturas_MIDI,726,3,2.0121705663390514
alturas_MIDI,726,4,3.5279763782838436
alturas_MIDI,726,5,4.910287554439334
alturas_MIDI,726,6,5.668179762503072
alturas_MIDI,726,7,5.8230008853145865
alturas_MIDI,727,2,0.7864258902042838
alturas_MIDI,727,3,2.0058900934261477
alturas_MIDI,727,4,3.5245542619063577
alturas_MIDI,727,5,4.988809898132827
alturas_MIDI,727,6,5.676216251553041
alturas_MIDI,727,7,5.816462104563203
alturas_MIDI,728,2,0.7772384461176127
alturas_MIDI,728,3,2.0138187981319895
alturas_MIDI,728,4,3.5081029075706964
alturas_MIDI,728,5,4.947329309710056
alturas_MIDI,728,6,5.66772657988447
alturas_MIDI,728,7,5.82855188096832
alturas_MIDI,729,2,0.8112143782587738
alturas_MIDI,729,3,2.0813586191928204
alturas_MIDI,729,4,3.652531326049521
alturas_MIDI,729,5,5.060729195910617
alturas_MIDI,729,6,5.7119272696593075
alturas_MIDI,729,7,5.824521955499948
alturas_MIDI,730,2,0.7772384461176127
alturas_MIDI,730,3,1.9946393096116737
alturas_MIDI,730,4,3.5258642177897355
alturas_MIDI,730,5,4.933066873969189
alturas_MIDI,730,6,5.693352708320657
alturas_MIDI,730,7,5.836611731905063
alturas_MIDI,731,2,0.7942272041706335
alturas_MIDI,731,3,2.0367669840097284
alturas_MIDI,731,4,3.5069687935412905
alturas_MIDI,731,5,4.923935960969478
alturas_MIDI,731,6,5.682282896698136
alturas_MIDI,731,7,5.828551880968319
alturas_MIDI,732,2,0.8029731365667128
alturas_MIDI,732,3,2.0924224604516404
alturas_MIDI,732,4,3.619059987206842
alturas_MIDI,732,5,5.082022818497288
alturas_MIDI,732,6,5.734520075522946
alturas_MIDI,732,7,5.832581806436691
alturas_MIDI,733,2,0.802804041028433
alturas_MIDI,733,3,2.048874456258913
alturas_MIDI,733,4,3.556025266751282
alturas_MIDI,733,5,4.954774463717334
alturas_MIDI,733,6,5.664161517978085
alturas_MIDI,733,7,5.808402253626459
alturas_MIDI,734,2,0.7949016250169262
alturas_MIDI,734,3,2.0751156496832923
alturas_MIDI,734,4,3.56344425335551
alturas_MIDI,734,5,4.944351005686426
alturas_MIDI,734,6,5.665678179264359
alturas_MIDI,734,7,5.832581806436692
alturas_MIDI,735,2,0.7829260852286262
alturas_MIDI,735,3,1.9885775305218985
alturas_MIDI,735,4,3.4902598235310593
alturas_MIDI,735,5,4.962243680342423
alturas_MIDI,735,6,5.655140106975677
alturas_MIDI,735,7,5.832581806436691
alturas_MIDI,736,2,0.7360379314141821
alturas_MIDI,736,3,1.9265655715202281
alturas_MIDI,736,4,3.401161860767373
alturas_MIDI,736,5,4.871655191623753
alturas_MIDI,736,6,5.659158351500662
alturas_MIDI,736,7,5.816462104563204
alturas_MIDI,737,2,0.7772384461176127
alturas_MIDI,737,3,2.006835237480513
alturas_MIDI,737,4,3.4889668110382916
alturas_MIDI,737,5,4.901938654747567
alturas_MIDI,737,6,5.648620279211981
alturas_MIDI,737,7,5.82855188096832
alturas_MIDI,738,2,0.7244332694527171
alturas_MIDI,738,3,1.9116836481377375
alturas_MIDI,738,4,3.381915363844891
alturas_MIDI,738,5,4.85019358493986
alturas_MIDI,738,6,5.646118695973269
alturas_MIDI,738,7,5.812432179094832
alturas_MIDI,739,2,0.7774395447998416
alturas_MIDI,739,3,2.022722204570263
alturas_MIDI,739,4,3.508245350106172
alturas_MIDI,739,5,4.9258538599632
alturas_MIDI,739,6,5.648620279211981
alturas_MIDI,739,7,5.816462104563203
alturas_MIDI,740,2,0.7680927331994799
alturas_MIDI,740,3,2.0099841940736294
alturas_MIDI,740,4,3.52967530062957
alturas_MIDI,740,5,4.981405168117477
alturas_MIDI,740,6,5.679781313459426
alturas_MIDI,740,7,5.824521955499947
alturas_MIDI,741,2,0.7862578217142757
alturas_MIDI,741,3,2.0246668763446203
alturas_MIDI,741,4,3.5279718363057113
alturas_MIDI,741,5,4.985436967033749
alturas_MIDI,741,6,5.6702281631231815
alturas_MIDI,741,7,5.808402253626459
alturas_MIDI,742,2,0.8029731365667128
alturas_MIDI,742,3,2.0306608545557396
alturas_MIDI,742,4,3.527296576288437
alturas_MIDI,742,5,4.978865999070087
alturas_MIDI,742,6,5.706924103181886
alturas_MIDI,742,7,5.816462104563203
alturas_MIDI,743,2,0.794631894047021
alturas_MIDI,743,3,2.0244356912217203
alturas_MIDI,743,4,3.5230612448081455
alturas_MIDI,743,5,4.970289020497462
alturas_MIDI,743,6,5.699872536084352
alturas_MIDI,743,7,5.820492030031574
alturas_MIDI,744,2,0.7582492758636274
alturas_MIDI,744,3,1.9818246748877422
alturas_MIDI,744,4,3.434704162098607
alturas_MIDI,744,5,4.915281757921102
alturas_MIDI,744,6,5.671744824409456
alturas_MIDI,744,7,5.812432179094831
alturas_MIDI,745,2,0.8032774590745109
alturas_MIDI,745,3,2.0618297074669965
alturas_MIDI,745,4,3.5431771443167714
alturas_MIDI,745,5,4.936691615861257
alturas_MIDI,745,6,5.674246407648167
alturas_MIDI,745,7,5.8245219554999474
alturas_MIDI,746,2,0.7680259001373962
alturas_MIDI,746,3,1.9804813431186408
alturas_MIDI,746,4,3.429170132070677
alturas_MIDI,746,5,4.881910996263118
alturas_MIDI,746,6,5.659690090834499
alturas_MIDI,746,7,5.816462104563203
alturas_MIDI,747,2,0.7581159972145048
alturas_MIDI,747,3,1.988936441950451
alturas_MIDI,747,4,3.4680878284311323
alturas_MIDI,747,5,4.867448498472997
alturas_MIDI,747,6,5.635048884350751
alturas_MIDI,747,7,5.816462104563202
alturas_MIDI,748,2,0.7677919605529111
alturas_MIDI,748,3,1.9880911825450778
alturas_MIDI,748,4,3.5246166472566456
alturas_MIDI,748,5,4.973947276244196
alturas_MIDI,748,6,5.700857458036791
alturas_MIDI,748,7,5.816462104563203
alturas_MIDI,749,2,0.7770876040440087
alturas_MIDI,749,3,1.9877739225084965
alturas_MIDI,749,4,3.462722556578565
alturas_MIDI,749,5,4.881962745006854
alturas_MIDI,749,6,5.633532223064476
alturas_MIDI,749,7,5.812432179094831
alturas_MIDI,750,2,0.7674242661538446
alturas_MIDI,750,3,2.024054165184759
alturas_MIDI,750,4,3.5191670486707585
alturas_MIDI,750,5,4.954844447350144
alturas_MIDI,750,6,5.723982003234265
alturas_MIDI,750,7,5.8245219554999474
alturas_MIDI,751,2,0.810671703953432
alturas_MIDI,751,3,2.0516325875433274
alturas_MIDI,751,4,3.563203791544495
alturas_MIDI,751,5,5.020080933636898
alturas_MIDI,751,6,5.7029058586569015
alturas_MIDI,751,7,5.824521955499947
alturas_MIDI,752,2,0.7576660930295107
alturas_MIDI,752,3,2.000693036752093
alturas_MIDI,752,4,3.5287610719441407
alturas_MIDI,752,5,5.001561491904175
alturas_MIDI,752,6,5.684784479936848
alturas_MIDI,752,7,5.820492030031575
alturas_MIDI,753,2,0.7774395447998416
alturas_MIDI,753,3,1.9978067989045953
alturas_MIDI,753,4,3.435297824675051
alturas_MIDI,753,5,4.919204562326832
alturas_MIDI,753,6,5.707909025134324
alturas_MIDI,753,7,5.828551880968319
alturas_MIDI,754,2,0.7476127720786631
alturas_MIDI,754,3,1.9927405453736349
alturas_MIDI,754,4,3.466286600620817
alturas_MIDI,754,5,4.9067327961800755
alturas_MIDI,754,6,5.679249574125588
alturas_MIDI,754,7,5.816462104563203
alturas_MIDI,755,2,0.7680259001373962
alturas_MIDI,755,3,1.9903509336384337
alturas_MIDI,755,4,3.445392998824491
alturas_MIDI,755,5,4.896109276099915
alturas_MIDI,755,6,5.649605201164418
alturas_MIDI,755,7,5.828551880968319
alturas_MIDI,756,2,0.8189753286230492
alturas_MIDI,756,3,2.0704936509617706
alturas_MIDI,756,4,3.5925740800202086
alturas_MIDI,756,5,5.000881540181069
alturas_MIDI,756,6,5.692820968986818
alturas_MIDI,756,7,5.820492030031574
alturas_MIDI,757,2,0.7358225156309992
alturas_MIDI,757,3,1.9320834343138336
alturas_MIDI,757,4,3.4099305678646923
alturas_MIDI,757,5,4.835893574223893
alturas_MIDI,757,6,5.617459244964536
alturas_MIDI,757,7,5.8084022536264595
alturas_MIDI,758,2,0.7476127720786631
alturas_MIDI,758,3,1.9630639337721132
alturas_MIDI,758,4,3.453620129610809
alturas_MIDI,758,5,4.89044061791811
alturas_MIDI,758,6,5.650136940498254
alturas_MIDI,758,7,5.816462104563202
alturas_MIDI,759,2,0.7362201819223613
alturas_MIDI,759,3,1.9585690020159343
alturas_MIDI,759,4,3.484687230723981
alturas_MIDI,759,5,4.939897998765742
alturas_MIDI,759,6,5.633532223064475
alturas_MIDI,759,7,5.81243217909483
alturas_MIDI,760,2,0.7754776570769937
alturas_MIDI,760,3,2.0113216816801454
alturas_MIDI,760,4,3.503612057617805
alturas_MIDI,760,5,4.938915923408543
alturas_MIDI,760,6,5.6631765960256475
alturas_MIDI,760,7,5.836611731905063
alturas_MIDI,761,2,0.7244332694527171
alturas_MIDI,761,3,1.9397622670471135
alturas_MIDI,761,4,3.437408030415131
alturas_MIDI,761,5,4.911935407750998
alturas_MIDI,761,6,5.614957661725825
alturas_MIDI,761,7,5.816462104563203
alturas_MIDI,762,2,0.724466299644938
alturas_MIDI,762,3,1.9481897739543772
alturas_MIDI,762,4,3.429504210695328
alturas_MIDI,762,5,4.807135126838239
alturas_MIDI,762,6,5.605936250723416
alturas_MIDI,762,7,5.820492030031575
alturas_MIDI,763,2,0.8260029530717166
alturas_MIDI,763,3,2.0489824586475525
alturas_MIDI,763,4,3.5341158682884557
alturas_MIDI,763,5,4.968040981038037
alturas_MIDI,763,6,5.689334463795671
alturas_MIDI,763,7,5.828551880968319
alturas_MIDI,764,2,0.8180227368538047
alturas_MIDI,764,3,2.108686409888628
alturas_MIDI,764,4,3.6367873133952426
alturas_MIDI,764,5,5.049537567634726
alturas_MIDI,764,6,5.6853162192706845
alturas_MIDI,764,7,5.8245219554999474
alturas_MIDI,765,2,0.758199297778235
alturas_MIDI,765,3,2.0058082392761514
alturas_MIDI,765,4,3.4863062443329054
alturas_MIDI,765,5,4.895443167439779
alturas_MIDI,765,6,5.634517145016913
alturas_MIDI,765,7,5.812432179094831
alturas_MIDI,766,2,0.8263611806186717
alturas_MIDI,766,3,2.075349408286879
alturas_MIDI,766,4,3.5601719955102062
alturas_MIDI,766,5,4.995278804511643
alturas_MIDI,766,6,5.6863011412231215
alturas_MIDI,766,7,5.8245219554999474
alturas_MIDI,767,2,0.7754776570769937
alturas_MIDI,767,3,2.034369182509995
alturas_MIDI,767,4,3.545273531186221
alturas_MIDI,767,5,5.007758916698292
alturas_MIDI,767,6,5.699872536084353
alturas_MIDI,767,7,5.816462104563204
alturas_MIDI,768,2,0.8026011004598558
alturas_MIDI,768,3,2.021986897660074
alturas_MIDI,768,4,3.5106743764050243
alturas_MIDI,768,5,4.955220839536515
alturas_MIDI,768,6,5.680766235411862
alturas_MIDI,768,7,5.808402253626459
alturas_MIDI,769,2,0.7097447304684359
alturas_MIDI,769,3,1.8977510917284315
alturas_MIDI,769,4,3.369152708059616
alturas_MIDI,769,5,4.830024853992836
alturas_MIDI,769,6,5.625495734014507
alturas_MIDI,769,7,5.804372328158087
alturas_MIDI,770,2,0.8017890551169031
alturas_MIDI,770,3,2.058775891858329
alturas_MIDI,770,4,3.522539122213744
alturas_MIDI,770,5,4.969255196396528
alturas_MIDI,770,6,5.674246407648166
alturas_MIDI,770,7,5.828551880968319
alturas_MIDI,771,2,0.724466299644938
alturas_MIDI,771,3,1.9589100316217025
alturas_MIDI,771,4,3.4484604802503265
alturas_MIDI,771,5,4.944536893967041
alturas_MIDI,771,6,5.693352708320655
alturas_MIDI,771,7,5.832581806436691
alturas_MIDI,772,2,0.8099082248093454
alturas_MIDI,772,3,2.0224379358734095
alturas_MIDI,772,4,3.451206991920172
alturas_MIDI,772,5,4.828726811938578
alturas_MIDI,772,6,5.652638523736965
alturas_MIDI,772,7,5.824521955499947
alturas_MIDI,773,2,0.8110108991580327
alturas_MIDI,773,3,2.099901568874796
alturas_MIDI,773,4,3.589296101282723
alturas_MIDI,773,5,5.009494988531838
alturas_MIDI,773,6,5.6968392135118044
alturas_MIDI,773,7,5.832581806436692
alturas_MIDI,774,2,0.8033112687626439
alturas_MIDI,774,3,2.0370061271255917
alturas_MIDI,774,4,3.542111384587919
alturas_MIDI,774,5,4.937227315399276
alturas_MIDI,774,6,5.693352708320655
alturas_MIDI,774,7,5.824521955499947
alturas_MIDI,775,2,0.8033112687626439
alturas_MIDI,775,3,2.0761339315016922
alturas_MIDI,775,4,3.610484216073311
alturas_MIDI,775,5,5.0560706299176115
alturas_MIDI,775,6,5.739070059381769
alturas_MIDI,775,7,5.832581806436692
alturas_MIDI,776,2,0.7769032204759208
alturas_MIDI,776,3,2.011526445657087
alturas_MIDI,776,4,3.535191594112905
alturas_MIDI,776,5,4.947277560966319
alturas_MIDI,776,6,5.679249574125589
alturas_MIDI,776,7,5.816462104563203
alturas_MIDI,777,2,0.8099082248093454
alturas_MIDI,777,3,2.04463608842742
alturas_MIDI,777,4,3.533834272996558
alturas_MIDI,777,5,4.981760476397946
alturas_MIDI,777,6,5.7054074418956136
alturas_MIDI,777,7,5.836611731905063
alturas_MIDI,778,2,0.7571993809830091
alturas_MIDI,778,3,1.9794303891008072
alturas_MIDI,778,4,3.47798653175192
alturas_MIDI,778,5,4.918352565386079
alturas_MIDI,778,6,5.6968392135118044
alturas_MIDI,778,7,5.832581806436691
alturas_MIDI,779,2,0.8334405040369917
alturas_MIDI,779,3,2.0843787864054155
alturas_MIDI,779,4,3.5804312381788943
alturas_MIDI,779,5,4.9876474315180745
alturas_MIDI,779,6,5.665678179264357
alturas_MIDI,779,7,5.832581806436691
alturas_MIDI,780,2,0.766922716737933
alturas_MIDI,780,3,1.995553455008988
alturas_MIDI,780,4,3.5312834481947437
alturas_MIDI,780,5,5.013883508842778
alturas_MIDI,780,6,5.717462175470566
alturas_MIDI,780,7,5.820492030031575
alturas_MIDI,781,2,0.7769032204759208
alturas_MIDI,781,3,2.015771800421101
alturas_MIDI,781,4,3.492289468223306
alturas_MIDI,781,5,4.897635397035028
alturas_MIDI,781,6,5.6330004837306396
alturas_MIDI,781,7,5.812432179094831
alturas_MIDI,782,2,0.7864258902042838
alturas_MIDI,782,3,1.9869710132345266
alturas_MIDI,782,4,3.503765894842838
alturas_MIDI,782,5,4.925305422559176
alturas_MIDI,782,6,5.678264652173151
alturas_MIDI,782,7,5.832581806436692
alturas_MIDI,783,2,0.7365680526764268
alturas_MIDI,783,3,1.96022043135258
alturas_MIDI,783,4,3.45768357385445
alturas_MIDI,783,5,4.946501044681438
alturas_MIDI,783,6,5.6812979747457
alturas_MIDI,783,7,5.824521955499947
alturas_MIDI,784,2,0.7774395447998416
alturas_MIDI,784,3,2.007207415926687
alturas_MIDI,784,4,3.519487234790578
alturas_MIDI,784,5,4.988401427994417
alturas_MIDI,784,6,5.7109423477068715
alturas_MIDI,784,7,5.820492030031575
alturas_MIDI,785,2,0.7679256448622243
alturas_MIDI,785,3,1.9905027526261283
alturas_MIDI,785,4,3.4901627657984333
alturas_MIDI,785,5,4.911605267285297
alturas_MIDI,785,6,5.689334463795672
alturas_MIDI,785,7,5.836611731905063
alturas_MIDI,786,2,0.7680259001373962
alturas_MIDI,786,3,2.006335928990526
alturas_MIDI,786,4,3.5056999827634567
alturas_MIDI,786,5,4.941428511526968
alturas_MIDI,786,6,5.671213085075617
alturas_MIDI,786,7,5.810911108909469
alturas_MIDI,787,2,0.8014505690700628
alturas_MIDI,787,3,2.0165431090135453
alturas_MIDI,787,4,3.5284951775369784
alturas_MIDI,787,5,4.939529952619266
alturas_MIDI,787,6,5.6797813134594275
alturas_MIDI,787,7,5.836611731905064
alturas_MIDI,788,2,0.7772384461176127
alturas_MIDI,788,3,2.0000413753393294
alturas_MIDI,788,4,3.4754204801875774
alturas_MIDI,788,5,4.921214964761903
alturas_MIDI,788,6,5.671213085075618
alturas_MIDI,788,7,5.816462104563203
alturas_MIDI,789,2,0.7775065715798
alturas_MIDI,789,3,2.007550838814927
alturas_MIDI,789,4,3.506188831447625
alturas_MIDI,789,5,4.956712033502761
alturas_MIDI,789,6,5.650590123116855
alturas_MIDI,789,7,5.816462104563203
alturas_MIDI,790,2,0.8026011004598558
alturas_MIDI,790,3,2.085331613592945
alturas_MIDI,790,4,3.6256741622523703
alturas_MIDI,790,5,5.044302547406097
alturas_MIDI,790,6,5.736036736809221
alturas_MIDI,790,7,5.82855188096832
alturas_MIDI,791,2,0.768126148594298
alturas_MIDI,791,3,2.0130196907816873
alturas_MIDI,791,4,3.5021534676851367
alturas_MIDI,791,5,4.933150700664963
alturas_MIDI,791,6,5.641568712114447
alturas_MIDI,791,7,5.812432179094831
alturas_MIDI,792,2,0.8101966974779332
alturas_MIDI,792,3,2.0788085605079702
alturas_MIDI,792,4,3.589359156175005
alturas_MIDI,792,5,4.953242845759152
alturas_MIDI,792,6,5.667194840550633
alturas_MIDI,792,7,5.808402253626459
alturas_MIDI,793,2,0.768126148594298
alturas_MIDI,793,3,2.0161641104418573
alturas_MIDI,793,4,3.5026081035535763
alturas_MIDI,793,5,4.8781379410655346
alturas_MIDI,793,6,5.662191674073211
alturas_MIDI,793,7,5.820492030031576
alturas_MIDI,794,2,0.7949016250169262
alturas_MIDI,794,3,2.05893728813549
alturas_MIDI,794,4,3.564575061197492
alturas_MIDI,794,5,5.002840193872402
alturas_MIDI,794,6,5.68379955798441
alturas_MIDI,794,7,5.816462104563202
alturas_MIDI,795,2,0.7942272041706335
alturas_MIDI,795,3,2.0098843365975037
alturas_MIDI,795,4,3.52953627858617
alturas_MIDI,795,5,4.976784507805249
alturas_MIDI,795,6,5.713443930945584
alturas_MIDI,795,7,5.836611731905064
alturas_MIDI,796,2,0.7582492758636274
alturas_MIDI,796,3,1.9952317666645603
alturas_MIDI,796,4,3.5092021226118315
alturas_MIDI,796,5,4.950553927503613
alturas_MIDI,796,6,5.6772797302207145
alturas_MIDI,796,7,5.832581806436691
alturas_MIDI,797,2,0.747712446043003
alturas_MIDI,797,3,1.9679669591044253
alturas_MIDI,797,4,3.4796634236481587
alturas_MIDI,797,5,4.9152245121543015
alturas_MIDI,797,6,5.627997317253218
alturas_MIDI,797,7,5.794791407035983
alturas_MIDI,798,2,0.7859552498421143
alturas_MIDI,798,3,2.0564766792807436
alturas_MIDI,798,4,3.5970274774378828
alturas_MIDI,798,5,5.007052384046226
alturas_MIDI,798,6,5.695854291559368
alturas_MIDI,798,7,5.824521955499947
alturas_MIDI,799,2,0.7862578217142757
alturas_MIDI,799,3,2.0212037914706027
alturas_MIDI,799,4,3.5720936774852383
alturas_MIDI,799,5,5.050299910150964
alturas_MIDI,799,6,5.734520075522946
alturas_MIDI,799,7,5.832581806436691
alturas_MIDI,800,2,0.7859552498421143
alturas_MIDI,800,3,2.028742344575481
alturas_MIDI,800,4,3.473664433220349
alturas_MIDI,800,5,4.84483716304036
alturas_MIDI,800,6,5.640052050828173
alturas_MIDI,800,7,5.816462104563203
alturas_MIDI,801,2,0.7746720205929679
alturas_MIDI,801,3,1.9796467642500684
alturas_MIDI,801,4,3.4366901229101043
alturas_MIDI,801,5,4.8562106184764335
alturas_MIDI,801,6,5.641568712114448
alturas_MIDI,801,7,5.8245219554999474
alturas_MIDI,802,2,0.7366177418550166
alturas_MIDI,802,3,1.954508965321025
alturas_MIDI,802,4,3.4673004818440862
alturas_MIDI,802,5,4.93388096522917
alturas_MIDI,802,6,5.707909025134324
alturas_MIDI,802,7,5.832581806436691
alturas_MIDI,803,2,0.777489815171351
alturas_MIDI,803,3,2.015027686189482
alturas_MIDI,803,4,3.5296941657571574
alturas_MIDI,803,5,5.005618435846779
alturas_MIDI,803,6,5.729516909045523
alturas_MIDI,803,7,5.832581806436691
alturas_MIDI,804,2,0.8171035718837685
alturas_MIDI,804,3,2.0896786153739666
alturas_MIDI,804,4,3.5563515514738264
alturas_MIDI,804,5,4.967464526802412
alturas_MIDI,804,6,5.66199103213396
alturas_MIDI,804,7,5.816462104563203
alturas_MIDI,805,2,0.7679256448622243
alturas_MIDI,805,3,2.0095381037687043
alturas_MIDI,805,4,3.497334546076035
alturas_MIDI,805,5,4.90211213586785
alturas_MIDI,805,6,5.6656781792643605
alturas_MIDI,805,7,5.8245219554999474
alturas_MIDI,806,2,0.7766852827796566
alturas_MIDI,806,3,2.0083452863412274
alturas_MIDI,806,4,3.52935697493469
alturas_MIDI,806,5,4.98767950947011
alturas_MIDI,806,6,5.72800024775925
alturas_MIDI,806,7,5.828551880968319
alturas_MIDI,807,2,0.7680259001373962
alturas_MIDI,807,3,2.0269328456656304
alturas_MIDI,807,4,3.5768146213276832
alturas_MIDI,807,5,5.014265398052212
alturas_MIDI,807,6,5.74407322585919
alturas_MIDI,807,7,5.836611731905063
alturas_MIDI,808,2,0.8031083988636237
alturas_MIDI,808,3,2.0330073021573907
alturas_MIDI,808,4,3.536767428097672
alturas_MIDI,808,5,4.938417798845624
alturas_MIDI,808,6,5.669696423789343
alturas_MIDI,808,7,5.820492030031575
alturas_MIDI,809,2,0.8032774590745109
alturas_MIDI,809,3,2.055146343898248
alturas_MIDI,809,4,3.5662622809708173
alturas_MIDI,809,5,5.020411074102599
alturas_MIDI,809,6,5.701389197370626
alturas_MIDI,809,7,5.816462104563202
alturas_MIDI,810,2,0.8026011004598558
alturas_MIDI,810,3,2.050925634634754
alturas_MIDI,810,4,3.551610233172711
alturas_MIDI,810,5,4.97944101740308
alturas_MIDI,810,6,5.679781313459427
alturas_MIDI,810,7,5.816462104563203
alturas_MIDI,811,2,0.7578494038604892
alturas_MIDI,811,3,1.956943632911158
alturas_MIDI,811,4,3.430518829155537
alturas_MIDI,811,5,4.931708406425618
alturas_MIDI,811,6,5.678264652173152
alturas_MIDI,811,7,5.808402253626459
alturas_MIDI,812,2,0.7857535005343039
alturas_MIDI,812,3,2.0423369783862464
alturas_MIDI,812,4,3.5505855352449998
alturas_MIDI,812,5,4.977120145294015
alturas_MIDI,812,6,5.691836047034382
alturas_MIDI,812,7,5.828551880968319
alturas_MIDI,813,2,0.7863586651213328
alturas_MIDI,813,3,2.0101980128174923
alturas_MIDI,813,4,3.4615756373488056
alturas_MIDI,813,5,4.869755527519099
alturas_MIDI,813,6,5.671744824409455
alturas_MIDI,813,7,5.820492030031575
alturas_MIDI,814,2,0.7861233530412814
alturas_MIDI,814,3,2.004056839506214
alturas_MIDI,814,4,3.479763380720061
alturas_MIDI,814,5,4.921577183179636
alturas_MIDI,814,6,5.676747990886878
alturas_MIDI,814,7,5.832581806436692
alturas_MIDI,815,2,0.7478121133069852
alturas_MIDI,815,3,1.9614797381020477
alturas_MIDI,815,4,3.466906504823101
alturas_MIDI,815,5,4.907877027905756
alturas_MIDI,815,6,5.616474323012098
alturas_MIDI,815,7,5.788252626284599
alturas_MIDI,816,2,0.7366343045455909
alturas_MIDI,816,3,1.899332885596956
alturas_MIDI,816,4,3.363535033706681
alturas_MIDI,816,5,4.801951855353351
alturas_MIDI,816,6,5.618775264311557
alturas_MIDI,816,7,5.806881183441097
alturas_MIDI,817,2,0.7862578217142757
alturas_MIDI,817,3,2.003213943488152
alturas_MIDI,817,4,3.515302323199489
alturas_MIDI,817,5,4.917848943800093
alturas_MIDI,817,6,5.659158351500662
alturas_MIDI,817,7,5.820492030031574
alturas_MIDI,818,2,0.7773557570263161
alturas_MIDI,818,3,1.999984449752155
alturas_MIDI,818,4,3.4745350404877384
alturas_MIDI,818,5,4.935645053894313
alturas_MIDI,818,6,5.671213085075617
alturas_MIDI,818,7,5.8245219554999474
alturas_MIDI,819,2,0.7864258902042838
alturas_MIDI,819,3,1.997918203369402
alturas_MIDI,819,4,3.48844168240697
alturas_MIDI,819,5,4.896378991076303
alturas_MIDI,819,6,5.628982239205652
alturas_MIDI,819,7,5.804372328158087
alturas_MIDI,820,2,0.7770876040440087
alturas_MIDI,820,3,1.9988031233221202
alturas_MIDI,820,4,3.4403131723993496
alturas_MIDI,820,5,4.869290916810848
alturas_MIDI,820,6,5.644070295353158
alturas_MIDI,820,7,5.8245219554999474
alturas_MIDI,821,2,0.8158771085407768
alturas_MIDI,821,3,2.0684812387499485
alturas_MIDI,821,4,3.5889835413378757
alturas_MIDI,821,5,5.060807525583326
alturas_MIDI,821,6,5.707909025134323
alturas_MIDI,821,7,5.824521955499947
alturas_MIDI,822,2,0.7680259001373962
alturas_MIDI,822,3,1.919318348761738
alturas_MIDI,822,4,3.331109849753667
alturas_MIDI,822,5,4.784445461732896
alturas_MIDI,822,6,5.636033806303189
alturas_MIDI,822,7,5.816462104563202
alturas_MIDI,823,2,0.7864595015894242
alturas_MIDI,823,3,2.0349338727528856
alturas_MIDI,823,4,3.5715787787798474
alturas_MIDI,823,5,4.973565387034759
alturas_MIDI,823,6,5.669696423789344
alturas_MIDI,823,7,5.81494103437784
alturas_MIDI,824,2,0.8188732951921205
alturas_MIDI,824,3,2.0824396811571977
alturas_MIDI,824,4,3.589873617946444
alturas_MIDI,824,5,5.014478197967472
alturas_MIDI,824,6,5.679781313459427
alturas_MIDI,824,7,5.820492030031574
alturas_MIDI,825,2,0.7569159481256729
alturas_MIDI,825,3,1.9767594100835173
alturas_MIDI,825,4,3.471178840179244
alturas_MIDI,825,5,4.92802641876675
alturas_MIDI,825,6,5.684784479936847
alturas_MIDI,825,7,5.820492030031574
alturas_MIDI,826,2,0.7466156635584084
alturas_MIDI,826,3,1.9726139493179624
alturas_MIDI,826,4,3.468391551006253
alturas_MIDI,826,5,4.918474297762625
alturas_MIDI,826,6,5.658626612166824
alturas_MIDI,826,7,5.816462104563204
alturas_MIDI,827,2,0.8112143782587738
alturas_MIDI,827,3,2.089448731904027
alturas_MIDI,827,4,3.573430334696626
alturas_MIDI,827,5,4.976027662312076
alturas_MIDI,827,6,5.703890780609338
alturas_MIDI,827,7,5.8245219554999474
alturas_MIDI,828,2,0.7680259001373962
alturas_MIDI,828,3,2.0299481476729495
alturas_MIDI,828,4,3.526797718902637
alturas_MIDI,828,5,4.960815229166043
alturas_MIDI,828,6,5.672729746361893
alturas_MIDI,828,7,5.820492030031575
alturas_MIDI,829,2,0.7863586651213328
alturas_MIDI,829,3,2.052462544114578
alturas_MIDI,829,4,3.5804383166137974
alturas_MIDI,829,5,5.037717736379473
alturas_MIDI,829,6,5.691836047034381
alturas_MIDI,829,7,5.832581806436691
alturas_MIDI,830,2,0.777489815171351
alturas_MIDI,830,3,2.009505751998891
alturas_MIDI,830,4,3.5460934858211024
alturas_MIDI,830,5,5.005264563468943
alturas_MIDI,830,6,5.719963758709278
alturas_MIDI,830,7,5.8285518809683206
alturas_MIDI,831,2,0.7582492758636274
alturas_MIDI,831,3,2.024365492463402
alturas_MIDI,831,4,3.536724129545997
alturas_MIDI,831,5,5.034473447794211
alturas_MIDI,831,6,5.73907005938177
alturas_MIDI,831,7,5.832581806436691
alturas_MIDI,832,2,0.7474798630339606
alturas_MIDI,832,3,1.9661330663758083
alturas_MIDI,832,4,3.4261707532430945
alturas_MIDI,832,5,4.903256367593529
alturas_MIDI,832,6,5.656125028928114
alturas_MIDI,832,7,5.816462104563203
alturas_MIDI,833,2,0.794631894047021
alturas_MIDI,833,3,2.0409044760340427
alturas_MIDI,833,4,3.554763374432203
alturas_MIDI,833,5,4.959083549158611
alturas_MIDI,833,6,5.690319385748107
alturas_MIDI,833,7,5.824521955499947
alturas_MIDI,834,2,0.7846097289933571
alturas_MIDI,834,3,2.017103982982383
alturas_MIDI,834,4,3.500095233890107
alturas_MIDI,834,5,4.945997423095458
alturas_MIDI,834,6,5.689787646414272
alturas_MIDI,834,7,5.840641657373435
alturas_MIDI,835,2,0.767190231016089
alturas_MIDI,835,3,1.9896928644702536
alturas_MIDI,835,4,3.4729915955496518
alturas_MIDI,835,5,4.891036412239764
alturas_MIDI,835,6,5.636033806303187
alturas_MIDI,835,7,5.820492030031574
alturas_MIDI,836,2,0.7581159972145048
alturas_MIDI,836,3,2.002355511752533
alturas_MIDI,836,4,3.517239857443423
alturas_MIDI,836,5,4.938702018296326
alturas_MIDI,836,6,5.702374119323063
alturas_MIDI,836,7,5.824521955499947
alturas_MIDI,837,2,0.7838354937735461
alturas_MIDI,837,3,2.0161589870573398
alturas_MIDI,837,4,3.5307559340579378
alturas_MIDI,837,5,4.921982804301207
alturas_MIDI,837,6,5.6737146683143305
alturas_MIDI,837,7,5.8245219554999474
alturas_MIDI,838,2,0.767190231016089
alturas_MIDI,838,3,2.009085266449278
alturas_MIDI,838,4,3.492109499387713
alturas_MIDI,838,5,4.91803626798334
alturas_MIDI,838,6,5.6571099508805505
alturas_MIDI,838,7,5.824521955499947
alturas_MIDI,839,2,0.7863586651213328
alturas_MIDI,839,3,2.0170942221284998
alturas_MIDI,839,4,3.499427183342454
alturas_MIDI,839,5,4.9699533830087
alturas_MIDI,839,6,5.706392363848049
alturas_MIDI,839,7,5.8245219554999474
alturas_MIDI,840,2,0.7476127720786631
alturas_MIDI,840,3,1.9641727842789436
alturas_MIDI,840,4,3.458755132166992
alturas_MIDI,840,5,4.879850280986942
alturas_MIDI,840,6,5.687817802509397
alturas_MIDI,840,7,5.828551880968319
alturas_MIDI,841,2,0.8112821982918802
alturas_MIDI,841,3,2.076844145567378
alturas_MIDI,841,4,3.5715757948119364
alturas_MIDI,841,5,5.009676815692021
alturas_MIDI,841,6,5.678264652173153
alturas_MIDI,841,7,5.824521955499947
alturas_MIDI,842,2,0.7477788916300419
alturas_MIDI,842,3,1.9784843743417337
alturas_MIDI,842,4,3.4822704940090228
alturas_MIDI,842,5,4.968092729781776
alturas_MIDI,842,6,5.692820968986819
alturas_MIDI,842,7,5.8245219554999474
alturas_MIDI,843,2,0.768126148594298
alturas_MIDI,843,3,2.0056702095387164
alturas_MIDI,843,4,3.546747672314024
alturas_MIDI,843,5,5.0068468249739055
alturas_MIDI,843,6,5.714960592231858
alturas_MIDI,843,7,5.82855188096832
alturas_MIDI,844,2,0.794631894047021
alturas_MIDI,844,3,2.039105113536432
alturas_MIDI,844,4,3.559033930324135
alturas_MIDI,844,5,4.985831594109195
alturas_MIDI,844,6,5.654608367641839
alturas_MIDI,844,7,5.820492030031574
alturas_MIDI,845,2,0.7680927331994799
alturas_MIDI,845,3,1.9720257484672115
alturas_MIDI,845,4,3.492519369580477
alturas_MIDI,845,5,4.957738924678002
alturas_MIDI,845,6,5.7144288528980205
alturas_MIDI,845,7,5.82855188096832
alturas_MIDI,846,2,0.794631894047021
alturas_MIDI,846,3,2.048481041547333
alturas_MIDI,846,4,3.564500053763867
alturas_MIDI,846,5,4.984603204982066
alturas_MIDI,846,6,5.694337630273093
alturas_MIDI,846,7,5.832581806436691
alturas_MIDI,847,2,0.7576660930295107
alturas_MIDI,847,3,1.96754199519032
alturas_MIDI,847,4,3.4475035604971414
alturas_MIDI,847,5,4.880250405085447
alturas_MIDI,847,6,5.694337630273094
alturas_MIDI,847,7,5.832581806436692
alturas_MIDI,848,2,0.768126148594298
alturas_MIDI,848,3,2.0427066319650558
alturas_MIDI,848,4,3.5836295401232174
alturas_MIDI,848,5,5.0399923567678675
alturas_MIDI,848,6,5.698887614131916
alturas_MIDI,848,7,5.81243217909483
alturas_MIDI,849,2,0.8017890551169031
alturas_MIDI,849,3,2.0356024089989675
alturas_MIDI,849,4,3.545338394541631
alturas_MIDI,849,5,4.991932454341537
alturas_MIDI,849,6,5.68478447993685
alturas_MIDI,849,7,5.804372328158086
alturas_MIDI,850,2,0.777489815171351
alturas_MIDI,850,3,2.0232923872371256
alturas_MIDI,850,4,3.537037833044381
alturas_MIDI,850,5,4.999433748918664
alturas_MIDI,850,6,5.691836047034382
alturas_MIDI,850,7,5.820492030031574
alturas_MIDI,851,2,0.794631894047021
alturas_MIDI,851,3,2.031712761507733
alturas_MIDI,851,4,3.536099769463047
alturas_MIDI,851,5,4.9613454316809955
alturas_MIDI,851,6,5.723982003234264
alturas_MIDI,851,7,5.828551880968319
alturas_MIDI,852,2,0.7773557570263161
alturas_MIDI,852,3,2.002252788382461
alturas_MIDI,852,4,3.4521009594493663
alturas_MIDI,852,5,4.9354114779903915
alturas_MIDI,852,6,5.697370952845642
alturas_MIDI,852,7,5.824521955499947
alturas_MIDI,853,2,0.7579993685387232
alturas_MIDI,853,3,1.9586436376278975
alturas_MIDI,853,4,3.4200877952183917
alturas_MIDI,853,5,4.8374521038167195
alturas_MIDI,853,6,5.659158351500663
alturas_MIDI,853,7,5.824521955499947
alturas_MIDI,854,2,0.7864595015894242
alturas_MIDI,854,3,2.026769857553287
alturas_MIDI,854,4,3.5306779589576007
alturas_MIDI,854,5,4.969056570249903
alturas_MIDI,854,6,5.715945514184292
alturas_MIDI,854,7,5.82855188096832
alturas_MIDI,855,2,0.7680259001373962
alturas_MIDI,855,3,1.9506088216510282
alturas_MIDI,855,4,3.423178893456035
alturas_MIDI,855,5,4.865754393440661
alturas_MIDI,855,6,5.628529056587055
alturas_MIDI,855,7,5.797300262318991
alturas_MIDI,856,2,0.7571993809830091
alturas_MIDI,856,3,1.9886704050705442
alturas_MIDI,856,4,3.481165411061484
alturas_MIDI,856,5,4.9537322935765
alturas_MIDI,856,6,5.704875702561775
alturas_MIDI,856,7,5.832581806436691
alturas_MIDI,857,2,0.7773557570263161
alturas_MIDI,857,3,1.989176084010043
alturas_MIDI,857,4,3.4584108762658468
alturas_MIDI,857,5,4.908528962797256
alturas_MIDI,857,6,5.688802724461835
alturas_MIDI,857,7,5.816462104563204
alturas_MIDI,858,2,0.794631894047021
alturas_MIDI,858,3,2.0248456083640702
alturas_MIDI,858,4,3.5461169852685988
alturas_MIDI,858,5,4.969572929701895
alturas_MIDI,858,6,5.695854291559366
alturas_MIDI,858,7,5.824521955499947
alturas_MIDI,859,2,0.7522397838295921
alturas_MIDI,859,3,1.9243786467956798
alturas_MIDI,859,4,3.3978690743177062
alturas_MIDI,859,5,4.858905033755039
alturas_MIDI,859,6,5.617459244964533
alturas_MIDI,859,7,5.804372328158087
alturas_MIDI,860,2,0.8031083988636237
alturas_MIDI,860,3,2.07053412351447
alturas_MIDI,860,4,3.610840575892367
alturas_MIDI,860,5,5.0415046346400185
alturas_MIDI,860,6,5.703890780609337
alturas_MIDI,860,7,5.823000885314586
alturas_MIDI,861,2,0.7949859057334088
alturas_MIDI,861,3,2.059958674910573
alturas_MIDI,861,4,3.5993525389099825
alturas_MIDI,861,5,5.0264798563829105
alturas_MIDI,861,6,5.718978836756843
alturas_MIDI,861,7,5.832581806436692
alturas_MIDI,862,2,0.8264294043614674
alturas_MIDI,862,3,2.11434551410285
alturas_MIDI,862,4,3.7027097006600407
alturas_MIDI,862,5,5.102870395970459
alturas_MIDI,862,6,5.702374119323064
alturas_MIDI,862,7,5.820492030031575
alturas_MIDI,863,2,0.7849462251933295
alturas_MIDI,863,3,1.98921481487531
alturas_MIDI,863,4,3.44471954176389
alturas_MIDI,863,5,4.894900227058818
alturas_MIDI,863,6,5.663176596025648
alturas_MIDI,863,7,5.816462104563202
alturas_MIDI,864,2,0.7773557570263161
alturas_MIDI,864,3,1.9900865767148774
alturas_MIDI,864,4,3.4993535574211356
alturas_MIDI,864,5,4.939051498848049
alturas_MIDI,864,6,5.649605201164416
alturas_MIDI,864,7,5.81243217909483
alturas_MIDI,865,2,0.777489815171351
alturas_MIDI,865,3,2.0005495124512174
alturas_MIDI,865,4,3.465476066627558
alturas_MIDI,865,5,4.957790673421739
alturas_MIDI,865,6,5.706924103181885
alturas_MIDI,865,7,5.8245219554999474
alturas_MIDI,866,2,0.7107331453009125
alturas_MIDI,866,3,1.9180031002619655
alturas_MIDI,866,4,3.415359206443764
alturas_MIDI,866,5,4.876722227755161
alturas_MIDI,866,6,5.658173429548226
alturas_MIDI,866,7,5.8245219554999474
alturas_MIDI,867,2,0.7562488325329455
alturas_MIDI,867,3,1.970188156628621
alturas_MIDI,867,4,3.465080185392476
alturas_MIDI,867,5,4.920129391917228
alturas_MIDI,867,6,5.667194840550633
alturas_MIDI,867,7,5.8245219554999474
alturas_MIDI,868,2,0.7770876040440087
alturas_MIDI,868,3,1.9669600244855392
alturas_MIDI,868,4,3.4446678944544753
alturas_MIDI,868,5,4.87922207800758
alturas_MIDI,868,6,5.62701239530078
alturas_MIDI,868,7,5.800342402689716
alturas_MIDI,869,2,0.7942272041706335
alturas_MIDI,869,3,2.0402928373584794
alturas_MIDI,869,4,3.5537760810446577
alturas_MIDI,869,5,5.012501309387073
alturas_MIDI,869,6,5.751124792956724
alturas_MIDI,869,7,5.836611731905063
alturas_MIDI,870,2,0.7674242661538446
alturas_MIDI,870,3,1.9987856776230035
alturas_MIDI,870,4,3.46327881194363
alturas_MIDI,870,5,4.914364169173646
alturas_MIDI,870,6,5.642100451448283
alturas_MIDI,870,7,5.804372328158087
alturas_MIDI,871,2,0.7950533268066823
alturas_MIDI,871,3,2.0682071054910445
alturas_MIDI,871,4,3.5951754198863375
alturas_MIDI,871,5,5.03254720276059
alturas_MIDI,871,6,5.726483586472976
alturas_MIDI,871,7,5.8245219554999474
alturas_MIDI,872,2,0.7857535005343039
alturas_MIDI,872,3,2.0141773726013192
alturas_MIDI,872,4,3.5204846552768525
alturas_MIDI,872,5,4.98182496300769
alturas_MIDI,872,6,5.698355874798078
alturas_MIDI,872,7,5.8189709598462125
alturas_MIDI,873,2,0.7949859057334088
alturas_MIDI,873,3,2.071689325135897
alturas_MIDI,873,4,3.5707619625724605
alturas_MIDI,873,5,5.018880561341375
alturas_MIDI,873,6,5.718447097423003
alturas_MIDI,873,7,5.832581806436691
alturas_MIDI,874,2,0.7574494236314775
alturas_MIDI,874,3,1.9755951120180355
alturas_MIDI,874,4,3.456702666005604
alturas_MIDI,874,5,4.907216746974358
alturas_MIDI,874,6,5.660143273453099
alturas_MIDI,874,7,5.8245219554999474
alturas_MIDI,875,2,0.7942272041706335
alturas_MIDI,875,3,2.0574543126807354
alturas_MIDI,875,4,3.5788040030955455
alturas_MIDI,875,5,4.996144644515361
alturas_MIDI,875,6,5.690319385748109
alturas_MIDI,875,7,5.812432179094831
alturas_MIDI,876,2,0.7862578217142757
alturas_MIDI,876,3,2.0158750948836817
alturas_MIDI,876,4,3.5446578344307684
alturas_MIDI,876,5,4.982639054267672
alturas_MIDI,876,6,5.6807662354118635
alturas_MIDI,876,7,5.820492030031575
alturas_MIDI,877,2,0.8112143782587738
alturas_MIDI,877,3,2.0883480579781546
alturas_MIDI,877,4,3.6143188396486203
alturas_MIDI,877,5,5.0285278337930785
alturas_MIDI,877,6,5.691836047034381
alturas_MIDI,877,7,5.796312477221341
alturas_MIDI,878,2,0.7770876040440087
alturas_MIDI,878,3,2.048999307244773
alturas_MIDI,878,4,3.515324408647672
alturas_MIDI,878,5,4.90884526019999
alturas_MIDI,878,6,5.610407677867001
alturas_MIDI,878,7,5.804372328158087
alturas_MIDI,879,2,0.7366177418550166
alturas_MIDI,879,3,1.9682638600059057
alturas_MIDI,879,4,3.4735968826251535
alturas_MIDI,879,5,4.976823518682982
alturas_MIDI,879,6,5.7063923638480505
alturas_MIDI,879,7,5.824521955499947
alturas_MIDI,880,2,0.7750916781726734
alturas_MIDI,880,3,1.9935824164899145
alturas_MIDI,880,4,3.445081865061129
alturas_MIDI,880,5,4.852655860217177
alturas_MIDI,880,6,5.667726579884469
alturas_MIDI,880,7,5.8245219554999474
alturas_MIDI,881,2,0.747712446043003
alturas_MIDI,881,3,1.9859377147234794
alturas_MIDI,881,4,3.4813499538957426
alturas_MIDI,881,5,4.944136769868533
alturas_MIDI,881,6,5.674246407648167
alturas_MIDI,881,7,5.820492030031574
alturas_MIDI,882,2,0.747712446043003
alturas_MIDI,882,3,1.9454321049528671
alturas_MIDI,882,4,3.395584931050783
alturas_MIDI,882,5,4.834529609657259
alturas_MIDI,882,6,5.6340639623983115
alturas_MIDI,882,7,5.824521955499947
alturas_MIDI,883,2,0.7947836238455784
alturas_MIDI,883,3,2.0394776185624663
alturas_MIDI,883,4,3.5445293645911473
alturas_MIDI,883,5,5.000345840643052
alturas_MIDI,883,6,5.707909025134321
alturas_MIDI,883,7,5.832581806436691
alturas_MIDI,884,2,0.7471143016948029
alturas_MIDI,884,3,1.9707677447341974
alturas_MIDI,884,4,3.4664668086937827
alturas_MIDI,884,5,4.901349462645933
alturas_MIDI,884,6,5.694337630273093
alturas_MIDI,884,7,5.828551880968319
alturas_MIDI,885,2,0.7855180912083524
alturas_MIDI,885,3,2.033557251881633
alturas_MIDI,885,4,3.5312063119201222
alturas_MIDI,885,5,4.9908203005678935
alturas_MIDI,885,6,5.7199637587092775
alturas_MIDI,885,7,5.836611731905063
alturas_MIDI,886,2,0.7579993685387232
alturas_MIDI,886,3,1.989327960205748
alturas_MIDI,886,4,3.4603369867712006
alturas_MIDI,886,5,4.9154818199703545
alturas_MIDI,886,6,5.616474323012099
alturas_MIDI,886,7,5.81243217909483
alturas_MIDI,887,2,0.7863586651213328
alturas_MIDI,887,3,2.0247777993799443
alturas_MIDI,887,4,3.5419967314079575
alturas_MIDI,887,5,5.014860087176911
alturas_MIDI,887,6,5.675231329600603
alturas_MIDI,887,7,5.812432179094832
alturas_MIDI,888,2,0.794631894047021
alturas_MIDI,888,3,2.0180282539808005
alturas_MIDI,888,4,3.468592752883192
alturas_MIDI,888,5,4.842542871860262
alturas_MIDI,888,6,5.647103617925706
alturas_MIDI,888,7,5.81494103437784
alturas_MIDI,889,2,0.7578494038604893
alturas_MIDI,889,3,1.969758706141768
alturas_MIDI,889,4,3.4799564005505257
alturas_MIDI,889,5,4.887481653980509
alturas_MIDI,889,6,5.632346659172786
alturas_MIDI,889,7,5.820492030031574
alturas_MIDI,890,2,0.7758299839072976
alturas_MIDI,890,3,1.9889261848146316
alturas_MIDI,890,4,3.493666317168898
alturas_MIDI,890,5,4.894158968448478
alturas_MIDI,890,6,5.67576306893444
alturas_MIDI,890,7,5.832581806436691
alturas_MIDI,891,2,0.8263611806186717
alturas_MIDI,891,3,2.10503279522099
alturas_MIDI,891,4,3.629829660138922
alturas_MIDI,891,5,5.039462154252912
alturas_MIDI,891,6,5.735051814856782
alturas_MIDI,891,7,5.832581806436691
alturas_MIDI,892,2,0.7949016250169262
alturas_MIDI,892,3,2.0013811019482666
alturas_MIDI,892,4,3.4721605583733286
alturas_MIDI,892,5,4.934475654353868
alturas_MIDI,892,6,5.683799557984411
alturas_MIDI,892,7,5.808402253626459
alturas_MIDI,893,2,0.7746720205929679
alturas_MIDI,893,3,2.0493938335424544
alturas_MIDI,893,4,3.5957437471994655
alturas_MIDI,893,5,5.0224732252814075
alturas_MIDI,893,6,5.68683288055696
alturas_MIDI,893,7,5.820492030031575
alturas_MIDI,894,2,0.768126148594298
alturas_MIDI,894,3,2.037812967974309
alturas_MIDI,894,4,3.530275112187722
alturas_MIDI,894,5,4.954942447814554
alturas_MIDI,894,6,5.646118695973269
alturas_MIDI,894,7,5.816462104563203
alturas_MIDI,895,2,0.7680927331994799
alturas_MIDI,895,3,1.9438958293876698
alturas_MIDI,895,4,3.417682866559973
alturas_MIDI,895,5,4.8893102292554
alturas_MIDI,895,6,5.653623445689402
alturas_MIDI,895,7,5.824521955499947
alturas_MIDI,896,2,0.7578494038604893
alturas_MIDI,896,3,2.004150456641614
alturas_MIDI,896,4,3.5124766719177156
alturas_MIDI,896,5,4.985055077824313
alturas_MIDI,896,6,5.726483586472975
alturas_MIDI,896,7,5.836611731905063
alturas_MIDI,897,2,0.7578494038604893
alturas_MIDI,897,3,1.9656249075207888
alturas_MIDI,897,4,3.4235334904450956
alturas_MIDI,897,5,4.836139557288144
alturas_MIDI,897,6,5.671213085075618
alturas_MIDI,897,7,5.820492030031575
alturas_MIDI,898,2,0.7863586651213328
alturas_MIDI,898,3,2.0377593005349492
alturas_MIDI,898,4,3.5411625955808916
alturas_MIDI,898,5,4.930624269483578
alturas_MIDI,898,6,5.635580623684587
alturas_MIDI,898,7,5.812432179094831
alturas_MIDI,899,2,0.7582659348499964
alturas_MIDI,899,3,2.0121702878536
alturas_MIDI,899,4,3.5009492489737615
alturas_MIDI,899,5,4.8958950402820225
alturas_MIDI,899,6,5.666209918598196
alturas_MIDI,899,7,5.820492030031575
alturas_MIDI,900,2,0.7864258902042838
alturas_MIDI,900,3,2.028601002661527
alturas_MIDI,900,4,3.5411752558025427
alturas_MIDI,900,5,4.98212852254442
alturas_MIDI,900,6,5.709425686420597
alturas_MIDI,900,7,5.820492030031575
alturas_MIDI,901,2,0.7774395447998416
alturas_MIDI,901,3,2.003056639726702
alturas_MIDI,901,4,3.4710113632440476
alturas_MIDI,901,5,4.8905903671262605
alturas_MIDI,901,6,5.650136940498255
alturas_MIDI,901,7,5.8084022536264595
alturas_MIDI,902,2,0.7476127720786631
alturas_MIDI,902,3,1.9443860876084234
alturas_MIDI,902,4,3.36000991959653
alturas_MIDI,902,5,4.739507784809605
alturas_MIDI,902,6,5.580763304905831
alturas_MIDI,902,7,5.800342402689714
alturas_MIDI,903,2,0.7947836238455784
alturas_MIDI,903,3,2.0241380058505842
alturas_MIDI,903,4,3.5311284886368264
alturas_MIDI,903,5,5.009955207413983
alturas_MIDI,903,6,5.737553398095495
alturas_MIDI,903,7,5.832581806436692
alturas_MIDI,904,2,0.7582492758636274
alturas_MIDI,904,3,1.9234750229787139
alturas_MIDI,904,4,3.360204175322306
alturas_MIDI,904,5,4.809997195508388
alturas_MIDI,904,6,5.5948664391008975
alturas_MIDI,904,7,5.8084022536264595
alturas_MIDI,905,2,0.7774395447998416
alturas_MIDI,905,3,1.948433457011384
alturas_MIDI,905,4,3.404047748949401
alturas_MIDI,905,5,4.853916327296336
alturas_MIDI,905,6,5.628529056587053
alturas_MIDI,905,7,5.820492030031576
alturas_MIDI,906,2,0.777489815171351
alturas_MIDI,906,3,2.0125447679582185
alturas_MIDI,906,4,3.5221733542690234
alturas_MIDI,906,5,5.002420398982188
alturas_MIDI,906,6,5.6897876464142705
alturas_MIDI,906,7,5.832581806436691
alturas_MIDI,907,2,0.777489815171351
alturas_MIDI,907,3,1.9855058191140091
alturas_MIDI,907,4,3.456016053718053
alturas_MIDI,907,5,4.852255736118667
alturas_MIDI,907,6,5.611924339153276
alturas_MIDI,907,7,5.804372328158088
alturas_MIDI,908,2,0.747712446043003
alturas_MIDI,908,3,1.9573040614433237
alturas_MIDI,908,4,3.4100107577050407
alturas_MIDI,908,5,4.908923589872699
alturas_MIDI,908,6,5.607906094628291
alturas_MIDI,908,7,5.800342402689714
alturas_MIDI,909,2,0.7863586651213328
alturas_MIDI,909,3,2.021919660324113
alturas_MIDI,909,4,3.512719770962195
alturas_MIDI,909,5,4.902894149175796
alturas_MIDI,909,6,5.643085373400721
alturas_MIDI,909,7,5.808402253626459
alturas_MIDI,910,2,0.7944464251081313
alturas_MIDI,910,3,2.018287168867296
alturas_MIDI,910,4,3.5162963398663094
alturas_MIDI,910,5,4.924485503570457
alturas_MIDI,910,6,5.634063962398314
alturas_MIDI,910,7,5.812432179094831
alturas_MIDI,911,2,0.8032098373443972
alturas_MIDI,911,3,2.069658003455461
alturas_MIDI,911,4,3.582645982788023
alturas_MIDI,911,5,5.011183596541107
alturas_MIDI,911,6,5.702374119323065
alturas_MIDI,911,7,5.827030810782958
alturas_MIDI,912,2,0.7949016250169262
alturas_MIDI,912,3,2.0213857921620684
alturas_MIDI,912,4,3.4886092865453757
alturas_MIDI,912,5,4.837490009497494
alturas_MIDI,912,6,5.627997317253216
alturas_MIDI,912,7,5.820492030031574
alturas_MIDI,913,2,0.802804041028433
alturas_MIDI,913,3,2.0726643657308554
alturas_MIDI,913,4,3.6137327361673024
alturas_MIDI,913,5,5.058364921097712
alturas_MIDI,913,6,5.739070059381768
alturas_MIDI,913,7,5.824521955499947
alturas_MIDI,914,2,0.8032098373443972
alturas_MIDI,914,3,2.043658017303894
alturas_MIDI,914,4,3.5359916493905303
alturas_MIDI,914,5,4.909389305777907
alturas_MIDI,914,6,5.618975906250809
alturas_MIDI,914,7,5.800342402689715
alturas_MIDI,915,2,0.7864595015894242
alturas_MIDI,915,3,2.039462783795271
alturas_MIDI,915,4,3.537056367262077
alturas_MIDI,915,5,4.970219036864655
alturas_MIDI,915,6,5.722997081281828
alturas_MIDI,915,7,5.82855188096832
alturas_MIDI,916,2,0.7864258902042838
alturas_MIDI,916,3,2.013776229012425
alturas_MIDI,916,4,3.4735543329738814
alturas_MIDI,916,5,4.885181865777348
alturas_MIDI,916,6,5.637550467589462
alturas_MIDI,916,7,5.812432179094831
alturas_MIDI,917,2,0.7859552498421143
alturas_MIDI,917,3,2.0510650509174884
alturas_MIDI,917,4,3.597781513096504
alturas_MIDI,917,5,5.025897905124217
alturas_MIDI,917,6,5.68683288055696
alturas_MIDI,917,7,5.808402253626459
alturas_MIDI,918,2,0.7680259001373962
alturas_MIDI,918,3,2.0158389920832445
alturas_MIDI,918,4,3.5175555260337656
alturas_MIDI,918,5,4.989113457669553
alturas_MIDI,918,6,5.690319385748108
alturas_MIDI,918,7,5.836611731905063
alturas_MIDI,919,2,0.833303626047614
alturas_MIDI,919,3,2.1256038286752648
alturas_MIDI,919,4,3.6488591309970597
alturas_MIDI,919,5,5.087063273699728
alturas_MIDI,919,6,5.70085745803679
alturas_MIDI,919,7,5.832581806436691
alturas_MIDI,920,2,0.8108582711213994
alturas_MIDI,920,3,2.03532535073291
alturas_MIDI,920,4,3.5085665793476766
alturas_MIDI,920,5,4.9049224557942575
alturas_MIDI,920,6,5.657641690214388
alturas_MIDI,920,7,5.804372328158086
alturas_MIDI,921,2,0.8239713149297463
alturas_MIDI,921,3,2.0568030250946228
alturas_MIDI,921,4,3.583732517533419
alturas_MIDI,921,5,5.0017601180507905
alturas_MIDI,921,6,5.6702281631231815
alturas_MIDI,921,7,5.8043723281580855
alturas_MIDI,922,2,0.7774395447998416
alturas_MIDI,922,3,2.016526000840514
alturas_MIDI,922,4,3.506556728397756
alturas_MIDI,922,5,4.932484922710501
alturas_MIDI,922,6,5.672729746361892
alturas_MIDI,922,7,5.8245219554999474
alturas_MIDI,923,2,0.8029731365667128
alturas_MIDI,923,3,2.08346866153778
alturas_MIDI,923,4,3.661915500857364
alturas_MIDI,923,5,5.087141603372437
alturas_MIDI,923,6,5.6968392135118044
alturas_MIDI,923,7,5.8245219554999474
alturas_MIDI,924,2,0.7772384461176127
alturas_MIDI,924,3,2.0250215623396968
alturas_MIDI,924,4,3.5513281895443294
alturas_MIDI,924,5,5.015143975921938
alturas_MIDI,924,6,5.698887614131914
alturas_MIDI,924,7,5.836611731905063
alturas_MIDI,925,2,0.7659191049452332
alturas_MIDI,925,3,1.9875498478335987
alturas_MIDI,925,4,3.4921652496754003
alturas_MIDI,925,5,4.896909193591257
alturas_MIDI,925,6,5.6410369727806104
alturas_MIDI,925,7,5.82855188096832
alturas_MIDI,926,2,0.8188732951921205
alturas_MIDI,926,3,2.099124915209843
alturas_MIDI,926,4,3.6093943835671882
alturas_MIDI,926,5,5.0216449602527895
alturas_MIDI,926,6,5.671213085075618
alturas_MIDI,926,7,5.8245219554999474
alturas_MIDI,927,2,0.7362201819223613
alturas_MIDI,927,3,1.9545779890609436
alturas_MIDI,927,4,3.4294924726123557
alturas_MIDI,927,5,4.848132869663685
alturas_MIDI,927,6,5.6365655456370245
alturas_MIDI,927,7,5.820492030031575
alturas_MIDI,928,2,0.8108582711213994
alturas_MIDI,928,3,2.074515172345513
alturas_MIDI,928,4,3.605869697886137
alturas_MIDI,928,5,5.010905204819146
alturas_MIDI,928,6,5.7094256864205954
alturas_MIDI,928,7,5.824521955499947
alturas_MIDI,929,2,0.7581159972145048
alturas_MIDI,929,3,2.011033961472994
alturas_MIDI,929,4,3.5639301858343644
alturas_MIDI,929,5,5.010388845367156
alturas_MIDI,929,6,5.707909025134323
alturas_MIDI,929,7,5.820492030031575
alturas_MIDI,930,2,0.758199297778235
alturas_MIDI,930,3,1.9477821303422438
alturas_MIDI,930,4,3.4235604176153553
alturas_MIDI,930,5,4.872897423813841
alturas_MIDI,930,6,5.6807662354118635
alturas_MIDI,930,7,5.808402253626459
alturas_MIDI,931,2,0.7677919605529111
alturas_MIDI,931,3,1.978884833643587
alturas_MIDI,931,4,3.4296742126027953
alturas_MIDI,931,5,4.876565568409749
alturas_MIDI,931,6,5.69183604703438
alturas_MIDI,931,7,5.82855188096832
alturas_MIDI,932,2,0.8317628505511689
alturas_MIDI,932,3,2.09203264675307
alturas_MIDI,932,4,3.6236085881901134
alturas_MIDI,932,5,5.021593211509054
alturas_MIDI,932,6,5.682282896698136
alturas_MIDI,932,7,5.8245219554999474
alturas_MIDI,933,2,0.7947836238455784
alturas_MIDI,933,3,2.0488130019594544
alturas_MIDI,933,4,3.5591888173661745
alturas_MIDI,933,5,5.035623507248633
alturas_MIDI,933,6,5.698355874798078
alturas_MIDI,933,7,5.824521955499947
alturas_MIDI,934,2,0.747712446043003
alturas_MIDI,934,3,1.948001035610229
alturas_MIDI,934,4,3.4168943156389546
alturas_MIDI,934,5,4.8286426545371315
alturas_MIDI,934,6,5.6214774894895205
alturas_MIDI,934,7,5.796312477221344
alturas_MIDI,935,2,0.7677919605529111
alturas_MIDI,935,3,1.9803559802542026
alturas_MIDI,935,4,3.4625042647151036
alturas_MIDI,935,5,4.914494247590093
alturas_MIDI,935,6,5.659158351500663
alturas_MIDI,935,7,5.816462104563203
alturas_MIDI,936,2,0.8110108991580327
alturas_MIDI,936,3,2.0305041220868043
alturas_MIDI,936,4,3.550244457014529
alturas_MIDI,936,5,4.9801447010383155
alturas_MIDI,936,6,5.678264652173152
alturas_MIDI,936,7,5.8245219554999474
alturas_MIDI,937,2,0.8182609435728649
alturas_MIDI,937,3,2.0877401345789632
alturas_MIDI,937,4,3.6036682970869567
alturas_MIDI,937,5,5.0136779497704556
alturas_MIDI,937,6,5.655140106975676
alturas_MIDI,937,7,5.8245219554999474
alturas_MIDI,938,2,0.8033112687626439
alturas_MIDI,938,3,2.0521351348141756
alturas_MIDI,938,4,3.540348745947568
alturas_MIDI,938,5,4.928962242403276
alturas_MIDI,938,6,5.640052050828174
alturas_MIDI,938,7,5.816462104563202
alturas_MIDI,939,2,0.7772384461176127
alturas_MIDI,939,3,2.0125260229442943
alturas_MIDI,939,4,3.5138615359131036
alturas_MIDI,939,5,4.942146038225167
alturas_MIDI,939,6,5.670228163123182
alturas_MIDI,939,7,5.824521955499947
alturas_MIDI,940,2,0.802804041028433
alturas_MIDI,940,3,2.035787328302142
alturas_MIDI,940,4,3.564417265225281
alturas_MIDI,940,5,4.976571707889989
alturas_MIDI,940,6,5.6436171127345585
alturas_MIDI,940,7,5.800342402689715
alturas_MIDI,941,2,0.7864595015894242
alturas_MIDI,941,3,2.0035974052576853
alturas_MIDI,941,4,3.4638378115220925
alturas_MIDI,941,5,4.871933583345712
alturas_MIDI,941,6,5.643085373400721
alturas_MIDI,941,7,5.824521955499947
alturas_MIDI,942,2,0.7773557570263161
alturas_MIDI,942,3,2.021705100662404
alturas_MIDI,942,4,3.5534593349901087
alturas_MIDI,942,5,4.986045499221408
alturas_MIDI,942,6,5.683799557984412
alturas_MIDI,942,7,5.808402253626459
alturas_MIDI,943,2,0.7770876040440087
alturas_MIDI,943,3,1.9829413073226314
alturas_MIDI,943,4,3.4768560384621443
alturas_MIDI,943,5,4.953048280732962
alturas_MIDI,943,6,5.686301141223121
alturas_MIDI,943,7,5.812432179094831
alturas_MIDI,944,2,0.7576660930295107
alturas_MIDI,944,3,1.9672829164999526
alturas_MIDI,944,4,3.4829616813233613
alturas_MIDI,944,5,4.910139241133819
alturas_MIDI,944,6,5.6390671288757375
alturas_MIDI,944,7,5.828551880968319
alturas_MIDI,945,2,0.777489815171351
alturas_MIDI,945,3,1.9744546003224515
alturas_MIDI,945,4,3.454157769269734
alturas_MIDI,945,5,4.917324238308205
alturas_MIDI,945,6,5.680766235411864
alturas_MIDI,945,7,5.808402253626459
alturas_MIDI,946,2,0.7474798630339606
alturas_MIDI,946,3,1.9447802406615737
alturas_MIDI,946,4,3.4519512232635536
alturas_MIDI,946,5,4.93486304058637
alturas_MIDI,946,6,5.652106784403129
alturas_MIDI,946,7,5.800342402689713
alturas_MIDI,947,2,0.7857535005343039
alturas_MIDI,947,3,2.0154175694947427
alturas_MIDI,947,4,3.4756470694403823
alturas_MIDI,947,5,4.898519471927817
alturas_MIDI,947,6,5.647103617925707
alturas_MIDI,947,7,5.820492030031574
alturas_MIDI,948,2,0.7243672068735176
alturas_MIDI,948,3,1.9050932271109482
alturas_MIDI,948,4,3.373653513163154
alturas_MIDI,948,5,4.825991641962368
alturas_MIDI,948,6,5.614957661725823
alturas_MIDI,948,7,5.806881183441096
alturas_MIDI,949,2,0.8029731365667128
alturas_MIDI,949,3,2.046587616977237
alturas_MIDI,949,4,3.581590179873618
alturas_MIDI,949,5,4.985249642850505
alturas_MIDI,949,6,5.676747990886878
alturas_MIDI,949,7,5.816462104563203
alturas_MIDI,950,2,0.7861233530412814
alturas_MIDI,950,3,2.036118917849079
alturas_MIDI,950,4,3.544366564153607
alturas_MIDI,950,5,4.996501365910029
alturas_MIDI,950,6,5.719963758709279
alturas_MIDI,950,7,5.832581806436691
alturas_MIDI,951,2,0.8023643007034174
alturas_MIDI,951,3,2.0712173859433074
alturas_MIDI,951,4,3.6359791122601317
alturas_MIDI,951,5,4.989275944743709
alturas_MIDI,951,6,5.687286063175558
alturas_MIDI,951,7,5.816462104563203
alturas_MIDI,952,2,0.758199297778235
alturas_MIDI,952,3,1.98963689152947
alturas_MIDI,952,4,3.4694930597042433
alturas_MIDI,952,5,4.947283057989385
alturas_MIDI,952,6,5.678264652173151
alturas_MIDI,952,7,5.824521955499947
alturas_MIDI,953,2,0.768126148594298
alturas_MIDI,953,3,1.9916418951261903
alturas_MIDI,953,4,3.436214803932714
alturas_MIDI,953,5,4.8195507524151475
alturas_MIDI,953,6,5.612456078487114
alturas_MIDI,953,7,5.816462104563203
alturas_MIDI,954,2,0.8180227368538047
alturas_MIDI,954,3,2.0818185726928173
alturas_MIDI,954,4,3.5940136738789623
alturas_MIDI,954,5,4.997489268995967
alturas_MIDI,954,6,5.671213085075618
alturas_MIDI,954,7,5.828551880968319
alturas_MIDI,955,2,0.7478121133069852
alturas_MIDI,955,3,1.997886441251913
alturas_MIDI,955,4,3.52814479207741
alturas_MIDI,955,5,4.976306054034038
alturas_MIDI,955,6,5.666209918598195
alturas_MIDI,955,7,5.820492030031575
alturas_MIDI,956,2,0.7949016250169262
alturas_MIDI,956,3,2.013552168658933
alturas_MIDI,956,4,3.5119601755319163
alturas_MIDI,956,5,4.981908789703462
alturas_MIDI,956,6,5.656125028928114
alturas_MIDI,956,7,5.820492030031574
alturas_MIDI,957,2,0.7772384461176127
alturas_MIDI,957,3,1.994631895418272
alturas_MIDI,957,4,3.473496533449698
alturas_MIDI,957,5,4.852655860217178
alturas_MIDI,957,6,5.651121862450693
alturas_MIDI,957,7,5.816462104563203
alturas_MIDI,958,2,0.8032774590745109
alturas_MIDI,958,3,2.076778938988024
alturas_MIDI,958,4,3.583532696112942
alturas_MIDI,958,5,4.995692771673113
alturas_MIDI,958,6,5.700857458036789
alturas_MIDI,958,7,5.816462104563203
alturas_MIDI,959,2,0.7579993685387232
alturas_MIDI,959,3,1.9754487494732327
alturas_MIDI,959,4,3.424343038038565
alturas_MIDI,959,5,4.892948814210427
alturas_MIDI,959,6,5.629513978539491
alturas_MIDI,959,7,5.820492030031575
alturas_MIDI,960,2,0.7679256448622243
alturas_MIDI,960,3,2.042733247798381
alturas_MIDI,960,4,3.5451591057257534
alturas_MIDI,960,5,4.962127444988941
alturas_MIDI,960,6,5.685316219270685
alturas_MIDI,960,7,5.828551880968319
alturas_MIDI,961,2,0.7949016250169262
alturas_MIDI,961,3,2.0308101433128005
alturas_MIDI,961,4,3.5283278185016576
alturas_MIDI,961,5,5.01782015631147
alturas_MIDI,961,6,5.713443930945582
alturas_MIDI,961,7,5.820492030031575
alturas_MIDI,962,2,0.8184650895597729
alturas_MIDI,962,3,2.066457121973083
alturas_MIDI,962,4,3.5641362633189395
alturas_MIDI,962,5,4.980964620027038
alturas_MIDI,962,6,5.693352708320655
alturas_MIDI,962,7,5.820492030031576
alturas_MIDI,963,2,0.777489815171351
alturas_MIDI,963,3,2.0202848895106102
alturas_MIDI,963,4,3.547476391042389
alturas_MIDI,963,5,5.038201687173757
alturas_MIDI,963,6,5.7295169090455245
alturas_MIDI,963,7,5.836611731905063
alturas_MIDI,964,2,0.7680927331994799
alturas_MIDI,964,3,1.957914575342052
alturas_MIDI,964,4,3.4117940293460887
alturas_MIDI,964,5,4.872521031627471
alturas_MIDI,964,6,5.660675012786936
alturas_MIDI,964,7,5.8084022536264595
alturas_MIDI,965,2,0.7950533268066823
alturas_MIDI,965,3,2.075060499133024
alturas_MIDI,965,4,3.64078280786621
alturas_MIDI,965,5,5.035675255992368
alturas_MIDI,965,6,5.7054074418956136
alturas_MIDI,965,7,5.832581806436691
alturas_MIDI,966,2,0.7468816247860568
alturas_MIDI,966,3,1.9342152480333101
alturas_MIDI,966,4,3.4283327400244756
alturas_MIDI,966,5,4.934527403097604
alturas_MIDI,966,6,5.68379955798441
alturas_MIDI,966,7,5.812432179094833
alturas_MIDI,967,2,0.7950364718299909
alturas_MIDI,967,3,2.056224585947364
alturas_MIDI,967,4,3.5654759250575276
alturas_MIDI,967,5,5.0098393027661725
alturas_MIDI,967,6,5.675231329600603
alturas_MIDI,967,7,5.820492030031575
alturas_MIDI,968,2,0.7950364718299909
alturas_MIDI,968,3,2.0481311786217633
alturas_MIDI,968,4,3.5555774242202127
alturas_MIDI,968,5,4.9716209071120625
alturas_MIDI,968,6,5.705407441895612
alturas_MIDI,968,7,5.82855188096832
alturas_MIDI,969,2,0.7766852827796566
alturas_MIDI,969,3,1.9809847962086287
alturas_MIDI,969,4,3.4401268834487597
alturas_MIDI,969,5,4.900762014364178
alturas_MIDI,969,6,5.6380822069233
alturas_MIDI,969,7,5.820492030031576
alturas_MIDI,970,2,0.7364852336887782
alturas_MIDI,970,3,1.928754763344607
alturas_MIDI,970,4,3.400801777284116
alturas_MIDI,970,5,4.867550560057842
alturas_MIDI,970,6,5.64058379016201
alturas_MIDI,970,7,5.812432179094832
alturas_MIDI,971,2,0.7477788916300419
alturas_MIDI,971,3,2.0049861574724526
alturas_MIDI,971,4,3.540658931439661
alturas_MIDI,971,5,5.0263818559184985
alturas_MIDI,971,6,5.690851125081944
alturas_MIDI,971,7,5.800342402689715
alturas_MIDI,972,2,0.8026011004598558
alturas_MIDI,972,3,2.0917122437830438
alturas_MIDI,972,4,3.6119720742730568
alturas_MIDI,972,5,5.008605416615984
alturas_MIDI,972,6,5.710410608373034
alturas_MIDI,972,7,5.816462104563203
alturas_MIDI,973,2,0.8111295987643694
alturas_MIDI,973,3,2.033701060078474
alturas_MIDI,973,4,3.541370898311816
alturas_MIDI,973,5,4.987595682774338
alturas_MIDI,973,6,5.714960592231856
alturas_MIDI,973,7,5.82855188096832
alturas_MIDI,974,2,0.8112652435804384
alturas_MIDI,974,3,2.066958739447343
alturas_MIDI,974,4,3.6061792604466976
alturas_MIDI,974,5,4.989948632835437
alturas_MIDI,974,6,5.663176596025646
alturas_MIDI,974,7,5.824521955499947
alturas_MIDI,975,2,0.7579993685387232
alturas_MIDI,975,3,1.9677081387626576
alturas_MIDI,975,4,3.431615316279578
alturas_MIDI,975,5,4.869910773750312
alturas_MIDI,975,6,5.666209918598196
alturas_MIDI,975,7,5.816462104563203
alturas_MIDI,976,2,0.7861233530412814
alturas_MIDI,976,3,2.0364144542033773
alturas_MIDI,976,4,3.571189777873764
alturas_MIDI,976,5,5.002854036935363
alturas_MIDI,976,6,5.687817802509396
alturas_MIDI,976,7,5.812432179094833
alturas_MIDI,977,2,0.8263611806186717
alturas_MIDI,977,3,2.1003862716622694
alturas_MIDI,977,4,3.628141281029206
alturas_MIDI,977,5,4.996423366942997
alturas_MIDI,977,6,5.6631765960256475
alturas_MIDI,977,7,5.816462104563202
alturas_MIDI,978,2,0.7857535005343039
alturas_MIDI,978,3,1.9923564513020617
alturas_MIDI,978,4,3.421502287198815
alturas_MIDI,978,5,4.84481892815129
alturas_MIDI,978,6,5.591833116528348
alturas_MIDI,978,7,5.8043723281580855
alturas_MIDI,979,2,0.8264123487279358
alturas_MIDI,979,3,2.099304965746477
alturas_MIDI,979,4,3.608016382274167
alturas_MIDI,979,5,5.011783782688869
alturas_MIDI,979,6,5.684784479936849
alturas_MIDI,979,7,5.8245219554999474
alturas_MIDI,980,2,0.747712446043003
alturas_MIDI,980,3,1.9495733151158912
alturas_MIDI,980,4,3.421371731558416
alturas_MIDI,980,5,4.9216610098754074
alturas_MIDI,980,6,5.666209918598196
alturas_MIDI,980,7,5.832581806436691
alturas_MIDI,981,2,0.7576660930295107
alturas_MIDI,981,3,1.9915034422018807
alturas_MIDI,981,4,3.4679288831826116
alturas_MIDI,981,5,4.898925093049392
alturas_MIDI,981,6,5.691836047034381
alturas_MIDI,981,7,5.828551880968319
alturas_MIDI,982,2,0.7677919605529111
alturas_MIDI,982,3,1.9997095808265415
alturas_MIDI,982,4,3.535575541423368
alturas_MIDI,982,5,4.970056880496173
alturas_MIDI,982,6,5.6702281631231815
alturas_MIDI,982,7,5.816462104563202
alturas_MIDI,983,2,0.7571993809830091
alturas_MIDI,983,3,1.9639009437427557
alturas_MIDI,983,4,3.443588191695752
alturas_MIDI,983,5,4.872153316186671
alturas_MIDI,983,6,5.707909025134323
alturas_MIDI,983,7,5.832581806436691
alturas_MIDI,984,2,0.7861233530412814
alturas_MIDI,984,3,1.9925183349561273
alturas_MIDI,984,4,3.496617689756056
alturas_MIDI,984,5,4.960693496789497
alturas_MIDI,984,6,5.694337630273093
alturas_MIDI,984,7,5.828551880968319
alturas_MIDI,985,2,0.7862578217142757
alturas_MIDI,985,3,2.0021351228822257
alturas_MIDI,985,4,3.473187806573987
alturas_MIDI,985,5,4.868309172159322
alturas_MIDI,985,6,5.625495734014506
alturas_MIDI,985,7,5.7922825517529715
alturas_MIDI,986,2,0.747313709967273
alturas_MIDI,986,3,1.9668636189344886
alturas_MIDI,986,4,3.4296661419543257
alturas_MIDI,986,5,4.823343478404435
alturas_MIDI,986,6,5.598884683625884
alturas_MIDI,986,7,5.800342402689715
alturas_MIDI,987,2,0.7936874431078149
alturas_MIDI,987,3,2.0321694740082057
alturas_MIDI,987,4,3.5145145504668087
alturas_MIDI,987,5,4.889854274833316
alturas_MIDI,987,6,5.612456078487114
alturas_MIDI,987,7,5.80840225362646
alturas_MIDI,988,2,0.7862578217142757
alturas_MIDI,988,3,2.0198276275739504
alturas_MIDI,988,4,3.5441386681808615
alturas_MIDI,988,5,4.957836925142413
alturas_MIDI,988,6,5.66567817926436
alturas_MIDI,988,7,5.820492030031575
alturas_MIDI,989,2,0.7774395447998416
alturas_MIDI,989,3,2.0537577088722676
alturas_MIDI,989,4,3.5871470298902803
alturas_MIDI,989,5,5.001211680646768
alturas_MIDI,989,6,5.663176596025646
alturas_MIDI,989,7,5.8245219554999474
alturas_MIDI,990,2,0.7680927331994799
alturas_MIDI,990,3,2.019926420052228
alturas_MIDI,990,4,3.526638866839392
alturas_MIDI,990,5,4.930720834045356
alturas_MIDI,990,6,5.682282896698139
alturas_MIDI,990,7,5.832581806436691
alturas_MIDI,991,2,0.768126148594298
alturas_MIDI,991,3,2.025596841467365
alturas_MIDI,991,4,3.5662536490113803
alturas_MIDI,991,5,5.0157441620697005
alturas_MIDI,991,6,5.703890780609338
alturas_MIDI,991,7,5.828551880968319
alturas_MIDI,992,2,0.8112652435804384
alturas_MIDI,992,3,2.077077020841946
alturas_MIDI,992,4,3.629437150040261
alturas_MIDI,992,5,5.0310487679513995
alturas_MIDI,992,6,5.745589887145465
alturas_MIDI,992,7,5.828551880968319
alturas_MIDI,993,2,0.768126148594298
alturas_MIDI,993,3,1.9338258373408743
alturas_MIDI,993,4,3.406178363594756
alturas_MIDI,993,5,4.818858393531714
alturas_MIDI,993,6,5.664693257311922
alturas_MIDI,993,7,5.82855188096832
alturas_MIDI,994,2,0.7574494236314775
alturas_MIDI,994,3,1.938274923073252
alturas_MIDI,994,4,3.373766582104557
alturas_MIDI,994,5,4.809921714852514
alturas_MIDI,994,6,5.5692403106647115
alturas_MIDI,994,7,5.800342402689714
alturas_MIDI,995,2,0.766922716737933
alturas_MIDI,995,3,2.0162432507327326
alturas_MIDI,995,4,3.513209663015857
alturas_MIDI,995,5,4.937421880425462
alturas_MIDI,995,6,5.650389481177603
alturas_MIDI,995,7,5.816462104563202
alturas_MIDI,996,2,0.8258152745864551
alturas_MIDI,996,3,2.0953121908911303
alturas_MIDI,996,4,3.6150441886988363
alturas_MIDI,996,5,4.985967169548703
alturas_MIDI,996,6,5.699872536084352
alturas_MIDI,996,7,5.824521955499947
alturas_MIDI,997,2,0.8111295987643694
alturas_MIDI,997,3,2.0516749435637407
alturas_MIDI,997,4,3.551660312386726
alturas_MIDI,997,5,5.010285347879679
alturas_MIDI,997,6,5.726483586472976
alturas_MIDI,997,7,5.820492030031575
alturas_MIDI,998,2,0.747313709967273
alturas_MIDI,998,3,1.957427376715728
alturas_MIDI,998,4,3.449085278955153
alturas_MIDI,998,5,4.848979369581374
alturas_MIDI,998,6,5.649605201164416
alturas_MIDI,998,7,5.812432179094831
alturas_MIDI,999,2,0.7680259001373962
alturas_MIDI,999,3,2.0135914532291896
alturas_MIDI,999,4,3.4923374550383577
alturas_MIDI,999,5,4.9502376301008795
alturas_MIDI,999,6,5.702374119323065
alturas_MIDI,999,7,5.828551880968319
alturas_MIDI,1000,2,0.7363692793555174
alturas_MIDI,1000,3,1.9097571021990039
alturas_MIDI,1000,4,3.328518011025311
alturas_MIDI,1000,5,4.765854600464728
alturas_MIDI,1000,6,5.587814872003364
alturas_MIDI,1000,7,5.81243217909483
intervalos,1,2,0.7471213306837545
intervalos,1,3,1.9192214325198924
intervalos,1,4,3.372657846695607
intervalos,1,5,4.707656717499132
intervalos,1,6,5.546378313104494
intervalos,1,7,5.775579824540418
intervalos,2,2,0.7093459851389899
intervalos,2,3,1.8607771451627872
intervalos,2,4,3.279609010206471
intervalos,2,5,4.6469298670057535
intervalos,2,6,5.517102264650462
intervalos,2,7,5.781147003854949
intervalos,3,2,0.7103403884375702
intervalos,3,3,1.8946059626605831
intervalos,3,4,3.337564743187116
intervalos,3,5,4.796926778397936
intervalos,3,6,5.617929186437544
intervalos,3,7,5.809438725510459
intervalos,4,2,0.7366303056331991
intervalos,4,3,1.908524137259893
intervalos,4,4,3.2696018101705735
intervalos,4,5,4.655910736845239
intervalos,4,6,5.555224723938183
intervalos,4,7,5.797313701943813
intervalos,5,2,0.7775853377306512
intervalos,5,3,1.9784776201059913
intervalos,5,4,3.3639130973231297
intervalos,5,5,4.744794698723891
intervalos,5,6,5.554438164041241
intervalos,5,7,5.7932720274215965
intervalos,6,2,0.7367302592973651
intervalos,6,3,1.932579630997116
intervalos,6,4,3.362305527264179
intervalos,6,5,4.715380728562583
intervalos,6,6,5.58211435723213
intervalos,6,7,5.797313701943813
intervalos,7,2,0.7241285865191337
intervalos,7,3,1.8871316097454152
intervalos,7,4,3.2847876849138973
intervalos,7,5,4.659275156812367
intervalos,7,6,5.520677690108902
intervalos,7,7,5.779621499062634
intervalos,8,2,0.7367302592973651
intervalos,8,3,1.9051172708674446
intervalos,8,4,3.340033567893537
intervalos,8,5,4.732885966612852
intervalos,8,6,5.5710911510024435
intervalos,8,7,5.785188678377166
intervalos,9,2,0.746268569429352
intervalos,9,3,1.9125747871275334
intervalos,9,4,3.3239621739743037
intervalos,9,5,4.654710958101525
intervalos,9,6,5.514060124279738
intervalos,9,7,5.767496475495988
intervalos,10,2,0.7682286709081425
intervalos,10,3,1.9712122185757974
intervalos,10,4,3.3767597989311176
intervalos,10,5,4.661611010778671
intervalos,10,6,5.508841188513016
intervalos,10,7,5.789230352899381
intervalos,11,2,0.7478733596412785
intervalos,11,3,1.915756098854981
intervalos,11,4,3.3415368092500146
intervalos,11,5,4.738914596205635
intervalos,11,6,5.543336172733774
intervalos,11,7,5.771538150018202
intervalos,12,2,0.7476728558924577
intervalos,12,3,1.9643432451847729
intervalos,12,4,3.395833388681993
intervalos,12,5,4.776251586034834
intervalos,12,6,5.581659857222198
intervalos,12,7,5.801355376466028
intervalos,13,2,0.7108373420979117
intervalos,13,3,1.8869407884947131
intervalos,13,4,3.247165114419141
intervalos,13,5,4.666164097522967
intervalos,13,6,5.5613090046796305
intervalos,13,7,5.799829871673712
intervalos,14,2,0.6928829215832799
intervalos,14,3,1.8697954811219362
intervalos,14,4,3.2359316059476897
intervalos,14,5,4.661160931045544
intervalos,14,6,5.542802887646059
intervalos,14,7,5.805397050988243
intervalos,15,2,0.7952667374854804
intervalos,15,3,2.010883892855298
intervalos,15,4,3.4384715205782843
intervalos,15,5,4.773684220868242
intervalos,15,6,5.535809606884743
intervalos,15,7,5.789230352899381
intervalos,16,2,0.7658740575377928
intervalos,16,3,1.9482086819192614
intervalos,16,4,3.3862089009467566
intervalos,16,5,4.795105346027976
intervalos,16,6,5.574054506295386
intervalos,16,7,5.7932720274215965
intervalos,17,2,0.7101415607117272
intervalos,17,3,1.869907300630125
intervalos,17,4,3.263892333584272
intervalos,17,5,4.62449164896198
intervalos,17,6,5.5206776901089
intervalos,17,7,5.7932720274215965
intervalos,18,2,0.7366303056331991
intervalos,18,3,1.9190994423519498
intervalos,18,4,3.3452249015562994
intervalos,18,5,4.691526327702629
intervalos,18,6,5.517233099336772
intervalos,18,7,5.787704848107064
intervalos,19,2,0.7107379645771481
intervalos,19,3,1.8728113117914467
intervalos,19,4,3.2300708385932984
intervalos,19,5,4.6198981365943785
intervalos,19,6,5.551929308758229
intervalos,19,7,5.801355376466028
intervalos,20,2,0.7572004526080645
intervalos,20,3,1.9190799197167914
intervalos,20,4,3.3531811160496146
intervalos,20,5,4.781987133785347
intervalos,20,6,5.571091151002443
intervalos,20,7,5.779621499062633
intervalos,21,2,0.7584073426019478
intervalos,21,3,1.931548543456371
intervalos,21,4,3.3763215620142515
intervalos,21,5,4.781156467988528
intervalos,21,6,5.57861771685147
intervalos,21,7,5.797313701943812
intervalos,22,2,0.7561939568734317
intervalos,22,3,1.9095770672985402
intervalos,22,4,3.2852155458143075
intervalos,22,5,4.635852016816159
intervalos,22,6,5.523186545391911
intervalos,22,7,5.7796214990626344
intervalos,23,2,0.7476728558924577
intervalos,23,3,1.9117409128728997
intervalos,23,4,3.3348430824507207
intervalos,23,5,4.684136733043862
intervalos,23,6,5.5448572429191305
intervalos,23,7,5.797313701943813
intervalos,24,2,0.7776864639587084
intervalos,24,3,1.9471659704981068
intervalos,24,4,3.314178495397289
intervalos,24,5,4.668814423960834
intervalos,24,6,5.532365016112612
intervalos,24,7,5.793272027421596
intervalos,25,2,0.6911475649153009
intervalos,25,3,1.8493255531571013
intervalos,25,4,3.2999200987117407
intervalos,25,5,4.700612628357119
intervalos,25,6,5.512669888780686
intervalos,25,7,5.769021980288303
intervalos,26,2,0.7367302592973651
intervalos,26,3,1.883107832901246
intervalos,26,4,3.271749164593492
intervalos,26,5,4.668212166478833
intervalos,26,6,5.578617716851473
intervalos,26,7,5.795788197151496
intervalos,27,2,0.7366969421558329
intervalos,27,3,1.9174991530335288
intervalos,27,4,3.3573879349427616
intervalos,27,5,4.7375282748350775
intervalos,27,6,5.5277497559479984
intervalos,27,7,5.789230352899382
intervalos,28,2,0.7479234813418589
intervalos,28,3,1.9204912008156758
intervalos,28,4,3.3487431015761717
intervalos,28,5,4.741305451797505
intervalos,28,6,5.597779559095682
intervalos,28,7,5.7932720274215965
intervalos,29,2,0.7243943999285574
intervalos,29,3,1.8811286538046377
intervalos,29,4,3.2665570849025873
intervalos,29,5,4.629052658733732
intervalos,29,6,5.519156619923542
intervalos,29,7,5.789230352899382
intervalos,30,2,0.7682790857347424
intervalos,30,3,1.9475694317951446
intervalos,30,4,3.3699265364552926
intervalos,30,5,4.777684177649407
intervalos,30,6,5.584623212515142
intervalos,30,7,5.805397050988244
intervalos,31,2,0.7363970542821767
intervalos,31,3,1.9436979242050645
intervalos,31,4,3.3699250007572292
intervalos,31,5,4.734273280844218
intervalos,31,6,5.559989159694975
intervalos,31,7,5.793272027421597
intervalos,32,2,0.7476728558924577
intervalos,32,3,1.9383156611349963
intervalos,32,4,3.3287117664519
intervalos,32,5,4.7208716586612045
intervalos,32,6,5.604318339847066
intervalos,32,7,5.813480400032675
intervalos,33,2,0.7366303056331991
intervalos,33,3,1.9248401498040448
intervalos,33,4,3.3478946798047238
intervalos,33,5,4.714507974321658
intervalos,33,6,5.4900114061558165
intervalos,33,7,5.782137668792532
intervalos,34,2,0.7579045915706685
intervalos,34,3,1.908789043892819
intervalos,34,4,3.3074946537289867
intervalos,34,5,4.6814849665413245
intervalos,34,6,5.559989159694976
intervalos,34,7,5.773063654810518
intervalos,35,2,0.7479401881988783
intervalos,35,3,1.9416825689974098
intervalos,35,4,3.386339859618027
intervalos,35,5,4.771896731158801
intervalos,35,6,5.587665352885862
intervalos,35,7,5.797313701943812
intervalos,36,2,0.7245438991499014
intervalos,36,3,1.9098582104934398
intervalos,36,4,3.3180179282009217
intervalos,36,5,4.699620560113403
intervalos,36,6,5.5180900497481105
intervalos,36,7,5.793272027421597
intervalos,37,2,0.7769784341649241
intervalos,37,3,2.002293013039753
intervalos,37,4,3.406350762716946
intervalos,37,5,4.762447709966989
intervalos,37,6,5.549874953485153
intervalos,37,7,5.789230352899382
intervalos,38,2,0.7676908054223712
intervalos,38,3,1.974900980832912
intervalos,38,4,3.3916404131388567
intervalos,38,5,4.7857250712554205
intervalos,38,6,5.5745877913831
intervalos,38,7,5.7932720274215965
intervalos,39,2,0.6923377403126566
intervalos,39,3,1.8686076919621435
intervalos,39,4,3.2760334313602604
intervalos,39,5,4.6791785122854
intervalos,39,6,5.529725326143295
intervalos,39,7,5.785188678377166
intervalos,40,2,0.7365303452494213
intervalos,40,3,1.9016897976467937
intervalos,40,4,3.248262011891701
intervalos,40,5,4.578860380116156
intervalos,40,6,5.473306369586087
intervalos,40,7,5.785188678377167
intervalos,41,2,0.7479401881988783
intervalos,41,3,1.9297110046618473
intervalos,41,4,3.3474649173190936
intervalos,41,5,4.7442741008426
intervalos,41,6,5.5564137342365365
intervalos,41,7,5.793272027421597
intervalos,42,2,0.7682790857347424
intervalos,42,3,1.9596368341810095
intervalos,42,4,3.3721232850026834
intervalos,42,5,4.7277212821489165
intervalos,42,6,5.561763504689566
intervalos,42,7,5.797313701943812
intervalos,43,2,0.734896706373237
intervalos,43,3,1.913577707253368
intervalos,43,4,3.309371368938264
intervalos,43,5,4.7152319853634275
intervalos,43,6,5.526683185772569
intervalos,43,7,5.759413126451555
intervalos,44,2,0.733695335148967
intervalos,44,3,1.871770005770496
intervalos,44,4,3.2003147052764693
intervalos,44,5,4.555714426230846
intervalos,44,6,5.464258733551692
intervalos,44,7,5.773063654810518
intervalos,45,2,0.6923377403126566
intervalos,45,3,1.8396118747895938
intervalos,45,4,3.218205289756533
intervalos,45,5,4.621678364472931
intervalos,45,6,5.490797966052761
intervalos,45,7,5.748278767822492
intervalos,46,2,0.7583738311858802
intervalos,46,3,1.9463756900912204
intervalos,46,4,3.3780946578051183
intervalos,46,5,4.758194880842235
intervalos,46,6,5.584168712505206
intervalos,46,7,5.815996569762574
intervalos,47,2,0.7242781123931896
intervalos,47,3,1.8508399899322296
intervalos,47,4,3.175810062715949
intervalos,47,5,4.52699900359022
intervalos,47,6,5.457772002408842
intervalos,47,7,5.764980305766088
intervalos,48,2,0.7479401881988783
intervalos,48,3,1.9242008155425279
intervalos,48,4,3.3677837002563753
intervalos,48,5,4.755020076901427
intervalos,48,6,5.596712988920257
intervalos,48,7,5.7932720274215965
intervalos,49,2,0.7362304237641479
intervalos,49,3,1.8910940350982306
intervalos,49,4,3.2456266759650716
intervalos,49,5,4.609315003047118
intervalos,49,6,5.531700896338592
intervalos,49,7,5.797313701943813
intervalos,50,2,0.7678757188282984
intervalos,50,3,1.966698807233716
intervalos,50,4,3.3756490582548344
intervalos,50,5,4.79353160470938
intervalos,50,6,5.621959111905917
intervalos,50,7,5.793272027421597
intervalos,51,2,0.7577034432579299
intervalos,51,3,1.9436158315536698
intervalos,51,4,3.369296781414379
intervalos,51,5,4.74601839370751
intervalos,51,6,5.493455996927947
intervalos,51,7,5.7553714519293395
intervalos,52,2,0.7366303056331991
intervalos,52,3,1.9084228087431065
intervalos,52,4,3.32154710766467
intervalos,52,5,4.702401010342358
intervalos,52,6,5.561510229880335
intervalos,52,7,5.801355376466027
intervalos,53,2,0.7477898197081125
intervalos,53,3,1.9391615832635614
intervalos,53,4,3.3675738346552793
intervalos,53,5,4.722524735563135
intervalos,53,6,5.554438164041239
intervalos,53,7,5.775579824540419
intervalos,54,2,0.7574687356054106
intervalos,54,3,1.9428835776030748
intervalos,54,4,3.417864079378868
intervalos,54,5,4.806913383544291
intervalos,54,6,5.579072216861405
intervalos,54,7,5.805397050988245
intervalos,55,2,0.7366969421558329
intervalos,55,3,1.9229006453045996
intervalos,55,4,3.3243692616673135
intervalos,55,5,4.622480932229942
intervalos,55,6,5.477135069853755
intervalos,55,7,5.764980305766087
intervalos,56,2,0.7674722414683594
intervalos,56,3,1.9577474696421235
intervalos,56,4,3.3472910079514264
intervalos,56,5,4.708090503973484
intervalos,56,6,5.543790672743706
intervalos,56,7,5.7710033101634695
intervalos,57,2,0.7583738311858802
intervalos,57,3,1.938272141380291
intervalos,57,4,3.3647310379511977
intervalos,57,5,4.741973159543139
intervalos,57,6,5.543869457821485
intervalos,57,7,5.797313701943812
intervalos,58,2,0.7101415607117272
intervalos,58,3,1.8800765153560595
intervalos,58,4,3.304564326767593
intervalos,58,5,4.638175095995104
intervalos,58,6,5.457107882634819
intervalos,58,7,5.779621499062634
intervalos,59,2,0.7242781123931896
intervalos,59,3,1.9132680987339603
intervalos,59,4,3.317250775646134
intervalos,59,5,4.676150702669319
intervalos,59,6,5.488438286361927
intervalos,59,7,5.757887621659238
intervalos,60,2,0.7862424770053668
intervalos,60,3,1.9940195580548896
intervalos,60,4,3.431410023255625
intervalos,60,5,4.751457143078245
intervalos,60,6,5.545643802816082
intervalos,60,7,5.775579824540419
intervalos,61,2,0.758072194250097
intervalos,61,3,1.9263399089160238
intervalos,61,4,3.3660617066674288
intervalos,61,5,4.780516858282703
intervalos,61,6,5.57610886156846
intervalos,61,7,5.801355376466028
intervalos,62,2,0.7666144848406199
intervalos,62,3,1.982562571765249
intervalos,62,4,3.4040615379455845
intervalos,62,5,4.785687055703104
intervalos,62,6,5.594204133637246
intervalos,62,7,5.801355376466028
intervalos,63,2,0.7362304237641479
intervalos,63,3,1.9099299148875206
intervalos,63,4,3.3128208191785937
intervalos,63,5,4.67377957488594
intervalos,63,6,5.525695400674922
intervalos,63,7,5.809438725510459
intervalos,64,2,0.7341292759155469
intervalos,64,3,1.8888928942516174
intervalos,64,4,3.2497541721969925
intervalos,64,5,4.5787361668089375
intervalos,64,6,5.466033078546287
intervalos,64,7,5.737679249048162
intervalos,65,2,0.723480467665767
intervalos,65,3,1.8540576379717983
intervalos,65,4,3.240435863107392
intervalos,65,5,4.663540760724481
intervalos,65,6,5.531246396328656
intervalos,65,7,5.793272027421596
intervalos,66,2,0.7479234813418589
intervalos,66,3,1.9157296484060375
intervalos,66,4,3.3295375685925146
intervalos,66,5,4.71299538592718
intervalos,66,6,5.5577335792211935
intervalos,66,7,5.789230352899382
intervalos,67,2,0.7865129830642659
intervalos,67,3,1.9509103449193494
intervalos,67,4,3.3297423570078997
intervalos,67,5,4.659042343941513
intervalos,67,6,5.4810862102443485
intervalos,67,7,5.777105329332735
intervalos,68,2,0.7367302592973651
intervalos,68,3,1.9411504370273323
intervalos,68,4,3.370160834922213
intervalos,68,5,4.724279722676731
intervalos,68,6,5.570557865914729
intervalos,68,7,5.787704848107064
intervalos,69,2,0.7446620373221877
intervalos,69,3,1.9271472049105518
intervalos,69,4,3.2955593537693932
intervalos,69,5,4.656279849792135
intervalos,69,6,5.53552959660626
intervalos,69,7,5.803871546195928
intervalos,70,2,0.78461839027571
intervalos,70,3,1.9457792957054314
intervalos,70,4,3.3556861184017768
intervalos,70,5,4.721409358155364
intervalos,70,6,5.541080592259996
intervalos,70,7,5.797313701943813
intervalos,71,2,0.7574687356054106
intervalos,71,3,1.9284803739712675
intervalos,71,4,3.33456454421974
intervalos,71,5,4.753924095637904
intervalos,71,6,5.547418147810672
intervalos,71,7,5.789230352899381
intervalos,72,2,0.7682286709081425
intervalos,72,3,1.9708213562584356
intervalos,72,4,3.4130267038298046
intervalos,72,5,4.758740835028096
intervalos,72,6,5.578617716851473
intervalos,72,7,5.791746522629281
intervalos,73,2,0.7225327094617746
intervalos,73,3,1.890248658348559
intervalos,73,4,3.268886134455955
intervalos,73,5,4.605296758522131
intervalos,73,6,5.4959648522109585
intervalos,73,7,5.797313701943813
intervalos,74,2,0.7477898197081125
intervalos,74,3,1.8937433484289672
intervalos,74,4,3.306660180924614
intervalos,74,5,4.665729202648187
intervalos,74,6,5.57306672119774
intervalos,74,7,5.811954895240358
intervalos,75,2,0.7579045915706685
intervalos,75,3,1.9499785445351896
intervalos,75,4,3.3732470260007905
intervalos,75,5,4.716042923351755
intervalos,75,6,5.532767466514017
intervalos,75,7,5.761929296181455
intervalos,76,2,0.7682790857347424
intervalos,76,3,1.9953534153784103
intervalos,76,4,3.467965744501741
intervalos,76,5,4.83240354356868
intervalos,76,6,5.578084431763757
intervalos,76,7,5.805397050988243
intervalos,77,2,0.7584073426019478
intervalos,77,3,1.9657194753732867
intervalos,77,4,3.3840951354874385
intervalos,77,5,4.784599776335143
intervalos,77,6,5.5690367957293665
intervalos,77,7,5.793272027421597
intervalos,78,2,0.7479401881988783
intervalos,78,3,1.9525686541563305
intervalos,78,4,3.3850913297708582
intervalos,78,5,4.748804688557176
intervalos,78,6,5.557480304411965
intervalos,78,7,5.813480400032675
intervalos,79,2,0.7367302592973651
intervalos,79,3,1.9261214368140371
intervalos,79,4,3.370199967049166
intervalos,79,5,4.749601411693473
intervalos,79,6,5.575121076470814
intervalos,79,7,5.797313701943812
intervalos,80,2,0.7363970542821767
intervalos,80,3,1.8914706558765262
intervalos,80,4,3.2977995836687666
intervalos,80,5,4.7077594065789
intervalos,80,6,5.577096646666112
intervalos,80,7,5.776570489478
intervalos,81,2,0.7674722414683594
intervalos,81,3,1.9883107349827556
intervalos,81,4,3.5079489373456383
intervalos,81,5,4.874503602319068
intervalos,81,6,5.618916971535192
intervalos,81,7,5.797313701943812
intervalos,82,2,0.8114911321511276
intervalos,82,3,1.9789809244948562
intervalos,82,4,3.3893046231833317
intervalos,82,5,4.781170682840556
intervalos,82,6,5.556413734236538
intervalos,82,7,5.797313701943812
intervalos,83,2,0.7244774569018029
intervalos,83,3,1.8422107125206866
intervalos,83,4,3.227456461672162
intervalos,83,5,4.563537498554211
intervalos,83,6,5.467020863643935
intervalos,83,7,5.781147003854951
intervalos,84,2,0.7237297775085434
intervalos,84,3,1.9045913746981746
intervalos,84,4,3.337318476346283
intervalos,84,5,4.719767422705982
intervalos,84,6,5.541815102548409
intervalos,84,7,5.789230352899381
intervalos,85,2,0.7221501097655418
intervalos,85,3,1.901101763268753
intervalos,85,4,3.3447347992337724
intervalos,85,5,4.749173469839827
intervalos,85,6,5.595803988900388
intervalos,85,7,5.805397050988244
intervalos,86,2,0.7225327094617746
intervalos,86,3,1.8888551469869523
intervalos,86,4,3.2845883037024266
intervalos,86,5,4.63734168846305
intervalos,86,6,5.464057508350992
intervalos,86,7,5.756896956721656
intervalos,87,2,0.6930811201807139
intervalos,87,3,1.8270194966550526
intervalos,87,4,3.1868306556370922
intervalos,87,5,4.5526274560437745
intervalos,87,6,5.51915661992354
intervalos,87,7,5.80943872551046
intervalos,88,2,0.7242781123931896
intervalos,88,3,1.89769584275268
intervalos,88,4,3.267603054812493
intervalos,88,5,4.642767615501896
intervalos,88,6,5.537251891992326
intervalos,88,7,5.789230352899382
intervalos,89,2,0.7676908054223712
intervalos,89,3,1.9247739115390512
intervalos,89,4,3.3355601127638033
intervalos,89,5,4.712329118246211
intervalos,89,6,5.559989159694976
intervalos,89,7,5.79174652262928
intervalos,90,2,0.7106385804523127
intervalos,90,3,1.8827119853936356
intervalos,90,4,3.3237146700980467
intervalos,90,5,4.715296327226638
intervalos,90,6,5.58971970815894
intervalos,90,7,5.7932720274215965
intervalos,91,2,0.7950632846269803
intervalos,91,3,1.9552007760514267
intervalos,91,4,3.3339293178224905
intervalos,91,5,4.644376716691187
intervalos,91,6,5.4740929294830325
intervalos,91,7,5.779621499062634
intervalos,92,2,0.7774842045436888
intervalos,92,3,1.9985141648883311
intervalos,92,4,3.4231640362789775
intervalos,92,5,4.821721909373062
intervalos,92,6,5.600087189177991
intervalos,92,7,5.797313701943813
intervalos,93,2,0.7366303056331991
intervalos,93,3,1.9460807612778523
intervalos,93,4,3.3789200159216204
intervalos,93,5,4.736101643380832
intervalos,93,6,5.5582668643089095
intervalos,93,7,5.801355376466027
intervalos,94,2,0.7774842045436888
intervalos,94,3,1.9923279376305754
intervalos,94,4,3.4205125599883033
intervalos,94,5,4.771966917642717
intervalos,94,6,5.572078936100088
intervalos,94,7,5.801355376466027
intervalos,95,2,0.7478733596412785
intervalos,95,3,1.9340002123212725
intervalos,95,4,3.3652252095365665
intervalos,95,5,4.70702702530581
intervalos,95,6,5.519943179820484
intervalos,95,7,5.795788197151495
intervalos,96,2,0.7366969421558329
intervalos,96,3,1.92832787116529
intervalos,96,4,3.3410850510391623
intervalos,96,5,4.678104007704798
intervalos,96,6,5.494242556824891
intervalos,96,7,5.797313701943813
intervalos,97,2,0.7583068060747675
intervalos,97,3,1.9208915347259832
intervalos,97,4,3.2871942889003627
intervalos,97,5,4.642684654230618
intervalos,97,6,5.4974859223963195
intervalos,97,7,5.7932720274215965
intervalos,98,2,0.7478733596412785
intervalos,98,3,1.9749518876789274
intervalos,98,4,3.446345262293909
intervalos,98,5,4.848929372622975
intervalos,98,6,5.6214258268182045
intervalos,98,7,5.805397050988243
intervalos,99,2,0.7245438991499014
intervalos,99,3,1.8600401078787436
intervalos,99,4,3.2425366536918063
intervalos,99,5,4.640122470356251
intervalos,99,6,5.54691159819221
intervalos,99,7,5.78114700385495
intervalos,100,2,0.7676908054223712
intervalos,100,3,1.9484060811748054
intervalos,100,4,3.326135884581669
intervalos,100,5,4.666019231281442
intervalos,100,6,5.463725448463979
intervalos,100,7,5.76597097070367
intervalos,101,2,0.7363970542821767
intervalos,101,3,1.9203507460522822
intervalos,101,4,3.325005253493749
intervalos,101,5,4.74353653827729
intervalos,101,6,5.575121076470812
intervalos,101,7,5.789230352899382
intervalos,102,2,0.7243943999285574
intervalos,102,3,1.901463840217005
intervalos,102,4,3.3076138780157063
intervalos,102,5,4.69508853233416
intervalos,102,6,5.551929308758229
intervalos,102,7,5.789230352899382
intervalos,103,2,0.7582062627097245
intervalos,103,3,1.9297459686941896
intervalos,103,4,3.358552584617615
intervalos,103,5,4.705594433691236
intervalos,103,6,5.532767466514018
intervalos,103,7,5.763454800973771
intervalos,104,2,0.7242781123931896
intervalos,104,3,1.9108686180771086
intervalos,104,4,3.342719383559948
intervalos,104,5,4.739537689896547
intervalos,104,6,5.624467967188928
intervalos,104,7,5.8079132207181425
intervalos,105,2,0.7678757188282984
intervalos,105,3,1.983974586982375
intervalos,105,4,3.4655339576219375
intervalos,105,5,4.840808813901305
intervalos,105,6,5.61336597588146
intervalos,105,7,5.813480400032675
intervalos,106,2,0.7771807632121246
intervalos,106,3,1.9315656054512544
intervalos,106,4,3.332081607693397
intervalos,106,5,4.704272569723507
intervalos,106,6,5.550862738582804
intervalos,106,7,5.817522074554891
intervalos,107,2,0.7952328306430712
intervalos,107,3,2.0147616293381385
intervalos,107,4,3.433996846275704
intervalos,107,5,4.7874617706251925
intervalos,107,6,5.541281817460698
intervalos,107,7,5.789230352899382
intervalos,108,2,0.7366969421558329
intervalos,108,3,1.9281218600278356
intervalos,108,4,3.333170378663466
intervalos,108,5,4.717242702095469
intervalos,108,6,5.572078936100089
intervalos,108,7,5.793272027421596
intervalos,109,2,0.7674722414683594
intervalos,109,3,1.9574915169420763
intervalos,109,4,3.335509603523615
intervalos,109,5,4.704286784575535
intervalos,109,6,5.536596166781685
intervalos,109,7,5.801355376466027
intervalos,110,2,0.7557911662249321
intervalos,110,3,1.9159270702117583
intervalos,110,4,3.3283673018071833
intervalos,110,5,4.6798264922225465
intervalos,110,6,5.532234181426306
intervalos,110,7,5.783663173584849
intervalos,111,2,0.7101415607117272
intervalos,111,3,1.8266683078310564
intervalos,111,4,3.213370484683745
intervalos,111,5,4.631315916145123
intervalos,111,6,5.492721486639529
intervalos,111,7,5.770012645225887
intervalos,112,2,0.7366969421558329
intervalos,112,3,1.9284831883581375
intervalos,112,4,3.396602655588052
intervalos,112,5,4.8154114254441795
intervalos,112,6,5.605839410032427
intervalos,112,7,5.821563749077106
intervalos,113,2,0.7237297775085434
intervalos,113,3,1.8648304083988354
intervalos,113,4,3.244427279004326
intervalos,113,5,4.689483440038986
intervalos,113,6,5.508054628616073
intervalos,113,7,5.7932720274215965
intervalos,114,2,0.7582062627097245
intervalos,114,3,1.9324683090389154
intervalos,114,4,3.365996549030848
intervalos,114,5,4.72195519680161
intervalos,114,6,5.538318462167752
intervalos,114,7,5.774054319748101
intervalos,115,2,0.746268569429352
intervalos,115,3,1.9318234549539763
intervalos,115,4,3.3586497375229194
intervalos,115,5,4.672529337466794
intervalos,115,6,5.5307131112409404
intervalos,115,7,5.7932720274215965
intervalos,116,2,0.7583738311858802
intervalos,116,3,1.978071565743045
intervalos,116,4,3.4014578969436915
intervalos,116,5,4.741351837581135
intervalos,116,6,5.523186545391914
intervalos,116,7,5.791746522629281
intervalos,117,2,0.7681446423651528
intervalos,117,3,1.9820424853482141
intervalos,117,4,3.427143533591199
intervalos,117,5,4.775999377019729
intervalos,117,6,5.560976944792623
intervalos,117,7,5.767496475495987
intervalos,118,2,0.7473386226950005
intervalos,118,3,1.888269470772909
intervalos,118,4,3.2549280980565616
intervalos,118,5,4.6720570903681935
intervalos,118,6,5.53679739198239
intervalos,118,7,5.78114700385495
intervalos,119,2,0.7583068060747675
intervalos,119,3,1.9414068399258182
intervalos,119,4,3.3682447880762068
intervalos,119,5,4.797372676331161
intervalos,119,6,5.564019085163345
intervalos,119,7,5.799829871673712
intervalos,120,2,0.7774842045436888
intervalos,120,3,1.982788362756442
intervalos,120,4,3.3896123613769813
intervalos,120,5,4.7693754201116
intervalos,120,6,5.553502428552119
intervalos,120,7,5.7932720274215965
intervalos,121,2,0.6925525323607232
intervalos,121,3,1.8631576240899512
intervalos,121,4,3.2883789356357678
intervalos,121,5,4.694588963931929
intervalos,121,6,5.572078936100091
intervalos,121,7,5.809438725510459
intervalos,122,2,0.7345297239452897
intervalos,122,3,1.9284727701588227
intervalos,122,4,3.369266426700904
intervalos,122,5,4.699606013597134
intervalos,122,6,5.528737541045646
intervalos,122,7,5.779621499062634
intervalos,123,2,0.7242781123931896
intervalos,123,3,1.9203660217179834
intervalos,123,4,3.3462098520730654
intervalos,123,5,4.683612255540917
intervalos,123,6,5.515581194465102
intervalos,123,7,5.781147003854948
intervalos,124,2,0.7366303056331991
intervalos,124,3,1.9254409312344705
intervalos,124,4,3.343741954755733
intervalos,124,5,4.721461256895462
intervalos,124,6,5.577428706553122
intervalos,124,7,5.81752207455489
intervalos,125,2,0.7681446423651528
intervalos,125,3,1.9914185939584834
intervalos,125,4,3.42475381787739
intervalos,125,5,4.746503747257716
intervalos,125,6,5.599300629281046
intervalos,125,7,5.817522074554891
intervalos,126,2,0.7106385804523127
intervalos,126,3,1.8426104691118301
intervalos,126,4,3.225552412336902
intervalos,126,5,4.674674914210211
intervalos,126,6,5.500982562776976
intervalos,126,7,5.745762598092593
intervalos,127,2,0.7367302592973651
intervalos,127,3,1.9202022916608512
intervalos,127,4,3.343718598279091
intervalos,127,5,4.708083242142591
intervalos,127,6,5.541360602538475
intervalos,127,7,5.779621499062634
intervalos,128,2,0.7479234813418589
intervalos,128,3,1.951892553346813
intervalos,128,4,3.3982330524942252
intervalos,128,5,4.798176684152835
intervalos,128,6,5.6426420243354904
intervalos,128,7,5.809438725510459
intervalos,129,2,0.7674722414683594
intervalos,129,3,1.9624768798790677
intervalos,129,4,3.3683247457330667
intervalos,129,5,4.730800990505095
intervalos,129,6,5.543869457821484
intervalos,129,7,5.813480400032675
intervalos,130,2,0.777652755989128
intervalos,130,3,1.9575886077844
intervalos,130,4,3.3593414309683514
intervalos,130,5,4.674603287661625
intervalos,130,6,5.427456119248632
intervalos,130,7,5.743246428362693
intervalos,131,2,0.7681446423651528
intervalos,131,3,1.9415766496027473
intervalos,131,4,3.313766214606293
intervalos,131,5,4.701576189166254
intervalos,131,6,5.607814980227724
intervalos,131,7,5.817522074554891
intervalos,132,2,0.7073551890703156
intervalos,132,3,1.8150042561129975
intervalos,132,4,3.207944964566857
intervalos,132,5,4.601354328977147
intervalos,132,6,5.479845150337469
intervalos,132,7,5.747288102884909
intervalos,133,2,0.7366303056331991
intervalos,133,3,1.9070867163171157
intervalos,133,4,3.2866360788385403
intervalos,133,5,4.695769014867155
intervalos,133,6,5.56957008081708
intervalos,133,7,5.833688772643753
intervalos,134,2,0.7866651207787051
intervalos,134,3,2.0112653807680725
intervalos,134,4,3.4145661801269545
intervalos,134,5,4.73363256273797
intervalos,134,6,5.536596166781688
intervalos,134,7,5.7892303528993825
intervalos,135,2,0.7367302592973651
intervalos,135,3,1.881884623656663
intervalos,135,4,3.2632166501235313
intervalos,135,5,4.6997748162690245
intervalos,135,6,5.55694701932425
intervalos,135,7,5.801355376466027
intervalos,136,2,0.7245272888653885
intervalos,136,3,1.8762074200729075
intervalos,136,4,3.236084168756687
intervalos,136,5,4.603537589608631
intervalos,136,6,5.471785299400725
intervalos,136,7,5.7417209235703766
intervalos,137,2,0.7352302480345796
intervalos,137,3,1.8955535356013236
intervalos,137,4,3.3295150949879724
intervalos,137,5,4.727435130473296
intervalos,137,6,5.6209713268082675
intervalos,137,7,5.7932720274215965
intervalos,138,2,0.734896706373237
intervalos,138,3,1.899023333788114
intervalos,138,4,3.3301110636466245
intervalos,138,5,4.748744087921517
intervalos,138,6,5.581126572134482
intervalos,138,7,5.797313701943812
intervalos,139,2,0.7471213306837545
intervalos,139,3,1.9477419044986717
intervalos,139,4,3.3701040052167865
intervalos,139,5,4.758642550504374
intervalos,139,6,5.56097694479262
intervalos,139,7,5.777105329332734
intervalos,140,2,0.7105060580101337
intervalos,140,3,1.8344039477006067
intervalos,140,4,3.1890577361621353
intervalos,140,5,4.575969599767762
intervalos,140,6,5.518623334835826
intervalos,140,7,5.793272027421597
intervalos,141,2,0.7366969421558329
intervalos,141,3,1.8649377744827578
intervalos,141,4,3.2678761721355123
intervalos,141,5,4.648088772922302
intervalos,141,6,5.504024703147702
intervalos,141,7,5.78114700385495
intervalos,142,2,0.7363970542821767
intervalos,142,3,1.8894811356464247
intervalos,142,4,3.27246278782402
intervalos,142,5,4.668808579340124
intervalos,142,6,5.544857242919134
intervalos,142,7,5.7796214990626344
intervalos,143,2,0.7345297239452897
intervalos,143,3,1.8686805493751029
intervalos,143,4,3.2687914559376976
intervalos,143,5,4.656007581304299
intervalos,143,6,5.494242556824891
intervalos,143,7,5.7553714519293395
intervalos,144,2,0.7465863222023585
intervalos,144,3,1.9173675715627772
intervalos,144,4,3.3115854823710182
intervalos,144,5,4.621304070233809
intervalos,144,6,5.442509250946692
intervalos,144,7,5.732646909588364
intervalos,145,2,0.7584073426019478
intervalos,145,3,1.950680498286088
intervalos,145,4,3.391603640777051
intervalos,145,5,4.682847371671979
intervalos,145,6,5.497284697195618
intervalos,145,7,5.777105329332734
intervalos,146,2,0.7478733596412785
intervalos,146,3,1.920905135460253
intervalos,146,4,3.3161532749148552
intervalos,146,5,4.703098363408991
intervalos,146,6,5.570557865914726
intervalos,146,7,5.783663173584849
intervalos,147,2,0.7479234813418589
intervalos,147,3,1.9238431082204848
intervalos,147,4,3.304175260970745
intervalos,147,5,4.619162898046438
intervalos,147,6,5.496218127020186
intervalos,147,7,5.78923035289938
intervalos,148,2,0.7682958902937904
intervalos,148,3,1.9773639872186786
intervalos,148,4,3.3885953768522192
intervalos,148,5,4.766451739639949
intervalos,148,6,5.539839532353114
intervalos,148,7,5.787704848107065
intervalos,149,2,0.7860564751097561
intervalos,149,3,1.9818520110147329
intervalos,149,4,3.3675577282943823
intervalos,149,5,4.720633332833882
intervalos,149,6,5.482887290708194
intervalos,149,7,5.7649803057660876
intervalos,150,2,0.758072194250097
intervalos,150,3,1.9607978281200735
intervalos,150,4,3.3893712216172838
intervalos,150,5,4.726151282057879
intervalos,150,6,5.540294032363047
intervalos,150,7,5.801355376466028
intervalos,151,2,0.7231978660610687
intervalos,151,3,1.9024842743484907
intervalos,151,4,3.3180786509086095
intervalos,151,5,4.660894175514168
intervalos,151,6,5.524174330489558
intervalos,151,7,5.7649803057660876
intervalos,152,2,0.7583738311858802
intervalos,152,3,1.9431668513515228
intervalos,152,4,3.3478869861335245
intervalos,152,5,4.730314196890223
intervalos,152,6,5.57709664666611
intervalos,152,7,5.779621499062634
intervalos,153,2,0.7776864639587084
intervalos,153,3,1.9876581784221565
intervalos,153,4,3.42643635667807
intervalos,153,5,4.713541340113041
intervalos,153,6,5.518623334835826
intervalos,153,7,5.777105329332735
intervalos,154,2,0.7662611455768956
intervalos,154,3,1.9615882416402413
intervalos,154,4,3.391624263496998
intervalos,154,5,4.752790762150554
intervalos,154,6,5.576108861568463
intervalos,154,7,5.797313701943813
intervalos,155,2,0.7477898197081125
intervalos,155,3,1.92583701754107
intervalos,155,4,3.334024054883567
intervalos,155,5,4.701155177479257
intervalos,155,6,5.511350043796027
intervalos,155,7,5.786179343314748
intervalos,156,2,0.7244774569018029
intervalos,156,3,1.9027902355692314
intervalos,156,4,3.2521058543456185
intervalos,156,5,4.629779858714597
intervalos,156,6,5.540827317450762
intervalos,156,7,5.7932720274215965
intervalos,157,2,0.758072194250097
intervalos,157,3,1.9370815388116576
intervalos,157,4,3.3246221208565405
intervalos,157,5,4.716178560099307
intervalos,157,6,5.533300751601733
intervalos,157,7,5.785188678377166
intervalos,158,2,0.7754600767733801
intervalos,158,3,1.9907006526193203
intervalos,158,4,3.412239372936368
intervalos,158,5,4.770174246641051
intervalos,158,6,5.587997412772876
intervalos,158,7,5.793272027421597
intervalos,159,2,0.7479234813418589
intervalos,159,3,1.8839193970886794
intervalos,159,4,3.252579495774778
intervalos,159,5,4.659028129089489
intervalos,159,6,5.532234181426303
intervalos,159,7,5.799829871673713
intervalos,160,2,0.7245272888653885
intervalos,160,3,1.8446014383397533
intervalos,160,4,3.1814821903563724
intervalos,160,5,4.563726999040916
intervalos,160,6,5.448313521409655
intervalos,160,7,5.7513297774071255
intervalos,161,2,0.7239458123025975
intervalos,161,3,1.9001766212991618
intervalos,161,4,3.3204898994638006
intervalos,161,5,4.781150955032067
intervalos,161,6,5.602797269661703
intervalos,161,7,5.80943872551046
intervalos,162,2,0.7676908054223712
intervalos,162,3,1.9596908487379756
intervalos,162,4,3.3899391407002857
intervalos,162,5,4.760929608616046
intervalos,162,6,5.570557865914727
intervalos,162,7,5.801355376466029
intervalos,163,2,0.7465863222023585
intervalos,163,3,1.907434605023403
intervalos,163,4,3.2528284732055073
intervalos,163,5,4.64711806582189
intervalos,163,6,5.527216470860284
intervalos,163,7,5.779621499062634
intervalos,164,2,0.7365303452494213
intervalos,164,3,1.922970629133829
intervalos,164,4,3.3029122588082114
intervalos,164,5,4.668833820105081
intervalos,164,6,5.530713111240943
intervalos,164,7,5.805397050988243
intervalos,165,2,0.7241285865191337
intervalos,165,3,1.8875788340068287
intervalos,165,4,3.310518094737923
intervalos,165,5,4.691952520681846
intervalos,165,6,5.542601662445358
intervalos,165,7,5.793272027421597
intervalos,166,2,0.7241285865191337
intervalos,166,3,1.9014685642720053
intervalos,166,4,3.3021269658792263
intervalos,166,5,4.667913571680097
intervalos,166,6,5.491401641654869
intervalos,166,7,5.807913220718143
intervalos,167,2,0.7583738311858802
intervalos,167,3,1.9352230428901618
intervalos,167,4,3.310486927415694
intervalos,167,5,4.627327402994755
intervalos,167,6,5.437004775918986
intervalos,167,7,5.771538150018203
intervalos,168,2,0.7090143702010385
intervalos,168,3,1.8118607411637533
intervalos,168,4,3.1749171568122323
intervalos,168,5,4.545157950658726
intervalos,168,6,5.4879570508827396
intervalos,168,7,5.777105329332735
intervalos,169,2,0.7244774569018029
intervalos,169,3,1.9086591631915426
intervalos,169,4,3.3025164949664148
intervalos,169,5,4.7120651044500725
intervalos,169,6,5.544323957831419
intervalos,169,7,5.789230352899382
intervalos,170,2,0.7245438991499014
intervalos,170,3,1.907733264779845
intervalos,170,4,3.335639244338561
intervalos,170,5,4.724449302084801
intervalos,170,6,5.576108861568464
intervalos,170,7,5.787704848107064
intervalos,171,2,0.723480467665767
intervalos,171,3,1.9283528380304624
intervalos,171,4,3.351315046857365
intervalos,171,5,4.779835267349287
intervalos,171,6,5.6068271951300765
intervalos,171,7,5.807913220718143
intervalos,172,2,0.7478733596412785
intervalos,172,3,1.9266963226877543
intervalos,172,4,3.2952213102594876
intervalos,172,5,4.67606078837691
intervalos,172,6,5.511096768986796
intervalos,172,7,5.789230352899382
intervalos,173,2,0.7479234813418589
intervalos,173,3,1.8938741841204834
intervalos,173,4,3.311817058241696
intervalos,173,5,4.773730606651877
intervalos,173,6,5.624467967188926
intervalos,173,7,5.805397050988243
intervalos,174,2,0.7775853377306512
intervalos,174,3,1.9585935568433066
intervalos,174,4,3.3559033730359444
intervalos,174,5,4.727489770948631
intervalos,174,6,5.522119975216484
intervalos,174,7,5.75537145192934
intervalos,175,2,0.7362304237641479
intervalos,175,3,1.8836641720729421
intervalos,175,4,3.3088617339099713
intervalos,175,5,4.726211882693536
intervalos,175,6,5.5310451711279525
intervalos,175,7,5.771538150018202
intervalos,176,2,0.7243943999285574
intervalos,176,3,1.875553714470512
intervalos,176,4,3.2536178811077403
intervalos,176,5,4.65974981611389
intervalos,176,6,5.508841188513018
intervalos,176,7,5.7700126452258855
intervalos,177,2,0.7242781123931896
intervalos,177,3,1.8917972164168702
intervalos,177,4,3.304996991269264
intervalos,177,5,4.661790954903105
intervalos,177,6,5.568049010631717
intervalos,177,7,5.805397050988243
intervalos,178,2,0.6930811201807139
intervalos,178,3,1.811639728103581
intervalos,178,4,3.2399821461617893
intervalos,178,5,4.695303057461197
intervalos,178,6,5.565006870260993
intervalos,178,7,5.805397050988243
intervalos,179,2,0.7758313759241469
intervalos,179,3,1.9964114137053963
intervalos,179,4,3.45798827274989
intervalos,179,5,4.850873975762896
intervalos,179,6,5.616941401339896
intervalos,179,7,5.7973137019438115
intervalos,180,2,0.7577034432579299
intervalos,180,3,1.9773195974760671
intervalos,180,4,3.419582412996128
intervalos,180,5,4.797243660940495
intervalos,180,6,5.563485800075634
intervalos,180,7,5.787704848107065
intervalos,181,2,0.7678757188282984
intervalos,181,3,1.9544487855235912
intervalos,181,4,3.3641191561495583
intervalos,181,5,4.715207852998894
intervalos,181,6,5.527801805556527
intervalos,181,7,5.787704848107064
intervalos,182,2,0.758072194250097
intervalos,182,3,1.9384091857840176
intervalos,182,4,3.3202767266671875
intervalos,182,5,4.7101067336619895
intervalos,182,6,5.52820425595793
intervalos,182,7,5.7932720274215965
intervalos,183,2,0.7681446423651528
intervalos,183,3,1.9963157634437592
intervalos,183,4,3.4538094670510318
intervalos,183,5,4.789336518945436
intervalos,183,6,5.5816598572221965
intervalos,183,7,5.777105329332733
intervalos,184,2,0.7583738311858802
intervalos,184,3,1.9537923074859074
intervalos,184,4,3.3434960010002253
intervalos,184,5,4.74115086397764
intervalos,184,6,5.545845028016781
intervalos,184,7,5.785188678377166
intervalos,185,2,0.7360304424794006
intervalos,185,3,1.931962042744632
intervalos,185,4,3.3826092315230243
intervalos,185,5,4.74458028913647
intervalos,185,6,5.602797269661705
intervalos,185,7,5.805397050988243
intervalos,186,2,0.7681446423651528
intervalos,186,3,1.9539043567189425
intervalos,186,4,3.351939498860381
intervalos,186,5,4.724592532327494
intervalos,186,6,5.57360000628545
intervalos,186,7,5.785188678377166
intervalos,187,2,0.7242781123931896
intervalos,187,3,1.8719608931312595
intervalos,187,4,3.2808718662170877
intervalos,187,5,4.72239979306427
intervalos,187,6,5.560976944792621
intervalos,187,7,5.785188678377166
intervalos,188,2,0.7865129830642659
intervalos,188,3,1.979716747307116
intervalos,188,4,3.3946108318032358
intervalos,188,5,4.790840405444347
intervalos,188,6,5.615420331154535
intervalos,188,7,5.801355376466028
intervalos,189,2,0.7681446423651528
intervalos,189,3,1.9647922323399003
intervalos,189,4,3.354436090458309
intervalos,189,5,4.686897787128569
intervalos,189,6,5.552917093855878
intervalos,189,7,5.797313701943813
intervalos,190,2,0.7363970542821767
intervalos,190,3,1.8719856697137784
intervalos,190,4,3.2739461693692045
intervalos,190,5,4.686580572921767
intervalos,190,6,5.510108983889149
intervalos,190,7,5.775579824540418
intervalos,191,2,0.7367302592973651
intervalos,191,3,1.9344300029328108
intervalos,191,4,3.3642471929690023
intervalos,191,5,4.706834638058262
intervalos,191,6,5.5239731052888565
intervalos,191,7,5.777105329332734
intervalos,192,2,0.7682286709081425
intervalos,192,3,1.9661495026109248
intervalos,192,4,3.3315856144567526
intervalos,192,5,4.64298214062893
intervalos,192,6,5.460403297814774
intervalos,192,7,5.771538150018203
intervalos,193,2,0.7582062627097245
intervalos,193,3,1.954773557593423
intervalos,193,4,3.389131907083859
intervalos,193,5,4.7526741898830025
intervalos,193,6,5.573066721197738
intervalos,193,7,5.789230352899382
intervalos,194,2,0.7241285865191337
intervalos,194,3,1.8990114074509459
intervalos,194,4,3.290464530616044
intervalos,194,5,4.673073851587992
intervalos,194,6,5.530713111240942
intervalos,194,7,5.797313701943812
intervalos,195,2,0.7479401881988783
intervalos,195,3,1.9138173459796106
intervalos,195,4,3.3290594520967978
intervalos,195,5,4.709789519455187
intervalos,195,6,5.541815102548411
intervalos,195,7,5.789230352899382
intervalos,196,2,0.758072194250097
intervalos,196,3,1.9519782625065654
intervalos,196,4,3.417642401864063
intervalos,196,5,4.8007751118506095
intervalos,196,6,5.5690367957293665
intervalos,196,7,5.802346041403609
intervalos,197,2,0.7479234813418589
intervalos,197,3,1.8849259394320397
intervalos,197,4,3.249536453379772
intervalos,197,5,4.6443303309075565
intervalos,197,6,5.510563483899081
intervalos,197,7,5.7796214990626344
intervalos,198,2,0.7579045915706685
intervalos,198,3,1.9296070279931192
intervalos,198,4,3.2963363816625812
intervalos,198,5,4.611058964247786
intervalos,198,6,5.5206776901089025
intervalos,198,7,5.793272027421597
intervalos,199,2,0.722881953732514
intervalos,199,3,1.8787434955884308
intervalos,199,4,3.26508355177472
intervalos,199,5,4.668959094268191
intervalos,199,6,5.462990938175564
intervalos,199,7,5.773063654810518
intervalos,200,2,0.7475224602812404
intervalos,200,3,1.9249453777996393
intervalos,200,4,3.328561362018177
intervalos,200,5,4.725633757576068
intervalos,200,6,5.565994655358645
intervalos,200,7,5.79174652262928
intervalos,201,2,0.7678757188282984
intervalos,201,3,1.9550734830934153
intervalos,201,4,3.369154706894123
intervalos,201,5,4.701663332237432
intervalos,201,6,5.550661513382102
intervalos,201,7,5.775579824540417
intervalos,202,2,0.7584073426019478
intervalos,202,3,1.9637329977439535
intervalos,202,4,3.3851982039784345
intervalos,202,5,4.700139192995637
intervalos,202,6,5.518090049748114
intervalos,202,7,5.771538150018202
intervalos,203,2,0.7583738311858802
intervalos,203,3,1.9428482369362614
intervalos,203,4,3.3525643248621004
intervalos,203,5,4.733295952386918
intervalos,203,6,5.54432395783142
intervalos,203,7,5.801355376466028
intervalos,204,2,0.7666144848406199
intervalos,204,3,1.9891467247397125
intervalos,204,4,3.4075511596804597
intervalos,204,5,4.756735933430775
intervalos,204,6,5.59222856344195
intervalos,204,7,5.809438725510459
intervalos,205,2,0.7245438991499014
intervalos,205,3,1.8919942857625733
intervalos,205,4,3.2812522010678578
intervalos,205,5,4.6913553310843765
intervalos,205,6,5.5352763217970296
intervalos,205,7,5.781147003854951
intervalos,206,2,0.7674722414683594
intervalos,206,3,1.965479122993728
intervalos,206,4,3.3300954301634196
intervalos,206,5,4.655112573644269
intervalos,206,6,5.525695400674923
intervalos,206,7,5.785188678377166
intervalos,207,2,0.7681446423651528
intervalos,207,3,1.9204488297508728
intervalos,207,4,3.3259850701605354
intervalos,207,5,4.678960270620863
intervalos,207,6,5.515126694455167
intervalos,207,7,5.789230352899381
intervalos,208,2,0.7106385804523127
intervalos,208,3,1.8335796469007182
intervalos,208,4,3.1653868691571163
intervalos,208,5,4.540375269468667
intervalos,208,6,5.467222088844635
intervalos,208,7,5.793272027421597
intervalos,209,2,0.7477898197081125
intervalos,209,3,1.9593326282244128
intervalos,209,4,3.433620461331712
intervalos,209,5,4.8663238830264035
intervalos,209,6,5.633061103213383
intervalos,209,7,5.799829871673712
intervalos,210,2,0.7476728558924577
intervalos,210,3,1.9003370049475463
intervalos,210,4,3.335895770610688
intervalos,210,5,4.689128873608352
intervalos,210,6,5.499994777679327
intervalos,210,7,5.771538150018203
intervalos,211,2,0.7577034432579299
intervalos,211,3,1.9505985131910943
intervalos,211,4,3.341963947997363
intervalos,211,5,4.687345456790705
intervalos,211,6,5.523719830479628
intervalos,211,7,5.783663173584849
intervalos,212,2,0.76398764848235
intervalos,212,3,1.9827575971422198
intervalos,212,4,3.4167679778258595
intervalos,212,5,4.775331337609847
intervalos,212,6,5.609869335500801
intervalos,212,7,5.805397050988243
intervalos,213,2,0.7776864639587084
intervalos,213,3,1.9853327454443783
intervalos,213,4,3.384829680055039
intervalos,213,5,4.721974592945858
intervalos,213,6,5.5456438028160795
intervalos,213,7,5.789230352899382
intervalos,214,2,0.777652755989128
intervalos,214,3,1.9580840199787408
intervalos,214,4,3.385534803251764
intervalos,214,5,4.747060395692266
intervalos,214,6,5.553904878953525
intervalos,214,7,5.787704848107066
intervalos,215,2,0.7479234813418589
intervalos,215,3,1.9461497255739755
intervalos,215,4,3.3662676887778957
intervalos,215,5,4.770203228633563
intervalos,215,6,5.5579348044218975
intervalos,215,7,5.771538150018203
intervalos,216,2,0.7244774569018029
intervalos,216,3,1.926330961861694
intervalos,216,4,3.3111371841601263
intervalos,216,5,4.664287713203887
intervalos,216,6,5.546631587913728
intervalos,216,7,5.801355376466029
intervalos,217,2,0.7479234813418589
intervalos,217,3,1.9368304723702774
intervalos,217,4,3.312467924969784
intervalos,217,5,4.674381500703697
intervalos,217,6,5.521665475206552
intervalos,217,7,5.781147003854951
intervalos,218,2,0.758072194250097
intervalos,218,3,1.9399625079983525
intervalos,218,4,3.424588094372035
intervalos,218,5,4.856681150061993
intervalos,218,6,5.640133169052479
intervalos,218,7,5.817522074554891
intervalos,219,2,0.7866651207787051
intervalos,219,3,1.9702483318489985
intervalos,219,4,3.3902155781859036
intervalos,219,5,4.802726668011657
intervalos,219,6,5.588198637973579
intervalos,219,7,5.799829871673711
intervalos,220,2,0.7574687356054106
intervalos,220,3,1.944348861582406
intervalos,220,4,3.349654111454261
intervalos,220,5,4.696820050411713
intervalos,220,6,5.54161387734771
intervalos,220,7,5.787704848107064
intervalos,221,2,0.722881953732514
intervalos,221,3,1.8272352587195024
intervalos,221,4,3.1992645403914093
intervalos,221,5,4.611458614791478
intervalos,221,6,5.4935080465364745
intervalos,221,7,5.781147003854951
intervalos,222,2,0.7239458123025975
intervalos,222,3,1.8249148133452473
intervalos,222,4,3.140713987017566
intervalos,222,5,4.503557575850187
intervalos,222,6,5.428775964233293
intervalos,222,7,5.7563621168669235
intervalos,223,2,0.7366969421558329
intervalos,223,3,1.8885647195467152
intervalos,223,4,3.2890538531529305
intervalos,223,5,4.665428945028649
intervalos,223,6,5.49021263135652
intervalos,223,7,5.751329777407125
intervalos,224,2,0.7357970969588479
intervalos,224,3,1.8945858327627871
intervalos,224,4,3.2920288831555267
intervalos,224,5,4.669612587161799
intervalos,224,6,5.538772962177686
intervalos,224,7,5.777105329332735
intervalos,225,2,0.758072194250097
intervalos,225,3,1.9657809994739281
intervalos,225,4,3.388268110228754
intervalos,225,5,4.792099013094809
intervalos,225,6,5.591161993266524
intervalos,225,7,5.797313701943812
intervalos,226,2,0.7583738311858802
intervalos,226,3,1.9411408004801751
intervalos,226,4,3.3570445598026115
intervalos,226,5,4.712070732946156
intervalos,226,6,5.573398781084747
intervalos,226,7,5.809438725510459
intervalos,227,2,0.7478733596412785
intervalos,227,3,1.8925308190739152
intervalos,227,4,3.2107986876357444
intervalos,227,5,4.519766406822307
intervalos,227,6,5.433461614912301
intervalos,227,7,5.7649803057660876
intervalos,228,2,0.7478733596412785
intervalos,228,3,1.9206075554196405
intervalos,228,4,3.275595819083415
intervalos,228,5,4.654220423259096
intervalos,228,6,5.541281817460695
intervalos,228,7,5.7690219802883025
intervalos,229,2,0.7244774569018029
intervalos,229,3,1.8648046570784516
intervalos,229,4,3.2255306710326543
intervalos,229,5,4.550823759129178
intervalos,229,6,5.445551391317418
intervalos,229,7,5.771538150018203
intervalos,230,2,0.734896706373237
intervalos,230,3,1.8734492728324184
intervalos,230,4,3.285564236952548
intervalos,230,5,4.682950837487928
intervalos,230,6,5.519689905011258
intervalos,230,7,5.764445465911355
intervalos,231,2,0.733695335148967
intervalos,231,3,1.8862028270468494
intervalos,231,4,3.2768584053139893
intervalos,231,5,4.641069376756374
intervalos,231,6,5.532234181426303
intervalos,231,7,5.78114700385495
intervalos,232,2,0.7478733596412785
intervalos,232,3,1.9480146138675505
intervalos,232,4,3.3268149872218093
intervalos,232,5,4.713429949137714
intervalos,232,6,5.5380384518892685
intervalos,232,7,5.797313701943812
intervalos,233,2,0.7243943999285574
intervalos,233,3,1.8905048459528162
intervalos,233,4,3.323696109093844
intervalos,233,5,4.702056029759991
intervalos,233,6,5.539839532353112
intervalos,233,7,5.767496475495986
intervalos,234,2,0.7244774569018029
intervalos,234,3,1.8690308859805194
intervalos,234,4,3.2877611620305873
intervalos,234,5,4.69418801171767
intervalos,234,6,5.5422696025583456
intervalos,234,7,5.76597097070367
intervalos,235,2,0.7241285865191337
intervalos,235,3,1.875235096363056
intervalos,235,4,3.264190000473216
intervalos,235,5,4.6105102683266885
intervalos,235,6,5.481619495332061
intervalos,235,7,5.760938631243873
intervalos,236,2,0.777652755989128
intervalos,236,3,1.9699329322712202
intervalos,236,4,3.4358421743300034
intervalos,236,5,4.8542117377548895
intervalos,236,6,5.597045048807267
intervalos,236,7,5.801355376466028
intervalos,237,2,0.7471213306837545
intervalos,237,3,1.9010791027781409
intervalos,237,4,3.2639794558053734
intervalos,237,5,4.649354244876246
intervalos,237,6,5.545390528006848
intervalos,237,7,5.80943872551046
intervalos,238,2,0.7108042169913453
intervalos,238,3,1.8690818232090318
intervalos,238,4,3.269993534550845
intervalos,238,5,4.669865127841148
intervalos,238,6,5.588198637973576
intervalos,238,7,5.805397050988244
intervalos,239,2,0.7771807632121246
intervalos,239,3,1.9804533834592875
intervalos,239,4,3.389615000114544
intervalos,239,5,4.663572599991845
intervalos,239,6,5.491733701541881
intervalos,239,7,5.785188678377166
intervalos,240,2,0.7243943999285574
intervalos,240,3,1.9317346701184361
intervalos,240,4,3.3810171860537346
intervalos,240,5,4.836389285497815
intervalos,240,6,5.61640811625218
intervalos,240,7,5.8215637490771055
intervalos,241,2,0.7471213306837545
intervalos,241,3,1.9064759597184564
intervalos,241,4,3.325798960825863
intervalos,241,5,4.724630547879807
intervalos,241,6,5.568835570528666
intervalos,241,7,5.785188678377164
intervalos,242,2,0.7773493494664618
intervalos,242,3,1.9622640278980217
intervalos,242,4,3.3931858807723425
intervalos,242,5,4.764761094389566
intervalos,242,6,5.576895421465407
intervalos,242,7,5.787704848107066
intervalos,243,2,0.7366303056331991
intervalos,243,3,1.888002343069361
intervalos,243,4,3.227634499558725
intervalos,243,5,4.591518100364762
intervalos,243,6,5.490413856557223
intervalos,243,7,5.771538150018203
intervalos,244,2,0.7477898197081125
intervalos,244,3,1.9464470320563259
intervalos,244,4,3.350524762451001
intervalos,244,5,4.737935518873907
intervalos,244,6,5.583635427417492
intervalos,244,7,5.7932720274215965
intervalos,245,2,0.7583738311858802
intervalos,245,3,1.9290574809812824
intervalos,245,4,3.3566520852197774
intervalos,245,5,4.663642786475763
intervalos,245,6,5.463777498072506
intervalos,245,7,5.775579824540418
intervalos,246,2,0.6931306657378918
intervalos,246,3,1.8245758362242561
intervalos,246,4,3.216162517928462
intervalos,246,5,4.686222817552041
intervalos,246,6,5.6012761994763425
intervalos,246,7,5.813480400032675
intervalos,247,2,0.7479401881988783
intervalos,247,3,1.9456561971077702
intervalos,247,4,3.3769677464460464
intervalos,247,5,4.708674142047416
intervalos,247,6,5.575907636367761
intervalos,247,7,5.809438725510459
intervalos,248,2,0.7244774569018029
intervalos,248,3,1.868005047070808
intervalos,248,4,3.2749327175441083
intervalos,248,5,4.67493263618178
intervalos,248,6,5.525162115587207
intervalos,248,7,5.7973137019438115
intervalos,249,2,0.7471213306837545
intervalos,249,3,1.9025400813250943
intervalos,249,4,3.3019198769906675
intervalos,249,5,4.698290325914353
intervalos,249,6,5.512617839172158
intervalos,249,7,5.785188678377166
intervalos,250,2,0.7952328306430712
intervalos,250,3,1.9639084808050962
intervalos,250,4,3.3783065447704987
intervalos,250,5,4.78028811830364
intervalos,250,6,5.56328457487493
intervalos,250,7,5.777105329332735
intervalos,251,2,0.7465863222023585
intervalos,251,3,1.9146655316153396
intervalos,251,4,3.2904991401051698
intervalos,251,5,4.573129959481825
intervalos,251,6,5.459162237907894
intervalos,251,7,5.769021980288303
intervalos,252,2,0.6931306657378918
intervalos,252,3,1.8434870661053178
intervalos,252,4,3.2637892634379178
intervalos,252,5,4.683463180677516
intervalos,252,6,5.559001374597325
intervalos,252,7,5.774054319748101
intervalos,253,2,0.7773493494664618
intervalos,253,3,1.9897420242385977
intervalos,253,4,3.3965851776225504
intervalos,253,5,4.742700027859764
intervalos,253,6,5.549874953485154
intervalos,253,7,5.789230352899382
intervalos,254,2,0.7863946428090924
intervalos,254,3,1.9822154371984333
intervalos,254,4,3.385071202373057
intervalos,254,5,4.718959673656749
intervalos,254,6,5.533554026410963
intervalos,254,7,5.782137668792532
intervalos,255,2,0.7682790857347424
intervalos,255,3,1.9788249078481153
intervalos,255,4,3.4097269853822203
intervalos,255,5,4.802572743520283
intervalos,255,6,5.58092534693378
intervalos,255,7,5.809438725510459
intervalos,256,2,0.7366969421558329
intervalos,256,3,1.866715009243724
intervalos,256,4,3.1905182958958616
intervalos,256,5,4.5271266017707
intervalos,256,6,5.49041385655722
intervalos,256,7,5.793272027421597
intervalos,257,2,0.735530371474798
intervalos,257,3,1.9273419482255578
intervalos,257,4,3.3333407141730427
intervalos,257,5,4.658691518738439
intervalos,257,6,5.475815224869096
intervalos,257,7,5.769021980288303
intervalos,258,2,0.7584073426019478
intervalos,258,3,1.9582209953500695
intervalos,258,4,3.4066060210436557
intervalos,258,5,4.762175441479152
intervalos,258,6,5.604851624934781
intervalos,258,7,5.813480400032676
intervalos,259,2,0.7583738311858802
intervalos,259,3,1.9500382883513585
intervalos,259,4,3.3642560466478746
intervalos,259,5,4.780316216343446
intervalos,259,6,5.604318339847065
intervalos,259,7,5.805397050988243
intervalos,260,2,0.7866482173681728
intervalos,260,3,1.9902363835948773
intervalos,260,4,3.394870649192773
intervalos,260,5,4.698005614303404
intervalos,260,6,5.536797391982391
intervalos,260,7,5.749804272614808
intervalos,261,2,0.7477898197081125
intervalos,261,3,1.938425899925678
intervalos,261,4,3.369408241002393
intervalos,261,5,4.758875363375234
intervalos,261,6,5.599300629281044
intervalos,261,7,5.7932720274215965
intervalos,262,2,0.7577034432579299
intervalos,262,3,1.919386180279811
intervalos,262,4,3.3534843329227697
intervalos,262,5,4.769866618282511
intervalos,262,6,5.551929308758229
intervalos,262,7,5.799829871673712
intervalos,263,2,0.7366969421558329
intervalos,263,3,1.909047695373317
intervalos,263,4,3.321561486796508
intervalos,263,5,4.724518048504056
intervalos,263,6,5.5393062472654
intervalos,263,7,5.760938631243872
intervalos,264,2,0.7105060580101337
intervalos,264,3,1.9001775397654013
intervalos,264,4,3.3223073708749467
intervalos,264,5,4.723697193003223
intervalos,264,6,5.575374351280045
intervalos,264,7,5.785188678377165
intervalos,265,2,0.7865975059667154
intervalos,265,3,2.005479666816065
intervalos,265,4,3.4446312997689423
intervalos,265,5,4.7757790072719875
intervalos,265,6,5.564019085163344
intervalos,265,7,5.785188678377166
intervalos,266,2,0.746268569429352
intervalos,266,3,1.9456807336427826
intervalos,266,4,3.383742437305267
intervalos,266,5,4.747735365268793
intervalos,266,6,5.543668232620786
intervalos,266,7,5.7836631735848485
intervalos,267,2,0.746268569429352
intervalos,267,3,1.9166930418657546
intervalos,267,4,3.3344036698409463
intervalos,267,5,4.742093804702489
intervalos,267,6,5.562751289787216
intervalos,267,7,5.793272027421597
intervalos,268,2,0.7865975059667154
intervalos,268,3,2.000236508498996
intervalos,268,4,3.3952072601319667
intervalos,268,5,4.759182876194155
intervalos,268,6,5.571877710899387
intervalos,268,7,5.79174652262928
intervalos,269,2,0.7950632846269803
intervalos,269,3,2.0287735218045158
intervalos,269,4,3.4518716821950983
intervalos,269,5,4.779148940195583
intervalos,269,6,5.562296789777278
intervalos,269,7,5.761929296181454
intervalos,270,2,0.7682286709081425
intervalos,270,3,1.9909169419346857
intervalos,270,4,3.444368355013417
intervalos,270,5,4.791404315709791
intervalos,270,6,5.543336172733772
intervalos,270,7,5.793272027421597
intervalos,271,2,0.7243943999285574
intervalos,271,3,1.916317600956983
intervalos,271,4,3.326050772111833
intervalos,271,5,4.75187051372557
intervalos,271,6,5.562498014977984
intervalos,271,7,5.785188678377167
intervalos,272,2,0.7242781123931896
intervalos,272,3,1.8673351699928535
intervalos,272,4,3.2367826320867703
intervalos,272,5,4.643130883828087
intervalos,272,6,5.574587791383099
intervalos,272,7,5.80943872551046
intervalos,273,2,0.758072194250097
intervalos,273,3,1.9528402506927067
intervalos,273,4,3.446701911109596
intervalos,273,5,4.856545181650197
intervalos,273,6,5.627510107559649
intervalos,273,7,5.805397050988243
intervalos,274,2,0.7479234813418589
intervalos,274,3,1.9594121345666191
intervalos,274,4,3.3848708648631027
intervalos,274,5,4.766464182763064
intervalos,274,6,5.58462321251514
intervalos,274,7,5.809438725510459
intervalos,275,2,0.7473386226950005
intervalos,275,3,1.9323174939000425
intervalos,275,4,3.2960909277468486
intervalos,275,5,4.637180147622053
intervalos,275,6,5.4773362950544575
intervalos,275,7,5.773063654810518
intervalos,276,2,0.7239458123025975
intervalos,276,3,1.9347127763862006
intervalos,276,4,3.3894599304758337
intervalos,276,5,4.7567765040796886
intervalos,276,6,5.55694701932425
intervalos,276,7,5.797313701943812
intervalos,277,2,0.7579045915706685
intervalos,277,3,1.9271382309749228
intervalos,277,4,3.318140386128676
intervalos,277,5,4.644045619296604
intervalos,277,6,5.546832813114429
intervalos,277,7,5.8215637490771055
intervalos,278,2,0.7357970969588479
intervalos,278,3,1.885191370594787
intervalos,278,4,3.2633968517390204
intervalos,278,5,4.6658976736558335
intervalos,278,6,5.543336172733771
intervalos,278,7,5.77306365481052
intervalos,279,2,0.7244774569018029
intervalos,279,3,1.8915700065347922
intervalos,279,4,3.295107610041347
intervalos,279,5,4.760307954989803
intervalos,279,6,5.619450256622906
intervalos,279,7,5.829647098121536
intervalos,280,2,0.7362304237641479
intervalos,280,3,1.8873994930251943
intervalos,280,4,3.270373891378837
intervalos,280,5,4.6386088824694545
intervalos,280,6,5.49748592239632
intervalos,280,7,5.752855282199441
intervalos,281,2,0.7243943999285574
intervalos,281,3,1.8755879422983304
intervalos,281,4,3.2580882330859806
intervalos,281,5,4.610394027723377
intervalos,281,6,5.499006992581682
intervalos,281,7,5.785188678377166
intervalos,282,2,0.7363970542821767
intervalos,282,3,1.912815802399139
intervalos,282,4,3.363304664109195
intervalos,282,5,4.711867233732051
intervalos,282,6,5.512617839172157
intervalos,282,7,5.793272027421597
intervalos,283,2,0.758072194250097
intervalos,283,3,1.913860656828575
intervalos,283,4,3.283153447805689
intervalos,283,5,4.672276796787451
intervalos,283,6,5.528204255957933
intervalos,283,7,5.78366317358485
intervalos,284,2,0.7476728558924577
intervalos,284,3,1.9115735051643552
intervalos,284,4,3.3315893202696634
intervalos,284,5,4.724364124012675
intervalos,284,6,5.556413734236537
intervalos,284,7,5.783663173584849
intervalos,285,2,0.7362304237641479
intervalos,285,3,1.8875581608573069
intervalos,285,4,3.283048992685484
intervalos,285,5,4.686967973612487
intervalos,285,6,5.5387729621776876
intervalos,285,7,5.801355376466029
intervalos,286,2,0.7367302592973651
intervalos,286,3,1.8795560956639008
intervalos,286,4,3.2708634736022857
intervalos,286,5,4.635729931592146
intervalos,286,6,5.521132190118838
intervalos,286,7,5.789230352899382
intervalos,287,2,0.7479401881988783
intervalos,287,3,1.9662967813947079
intervalos,287,4,3.3893458932328393
intervalos,287,5,4.7801898337799145
intervalos,287,6,5.56804901063172
intervalos,287,7,5.805397050988244
intervalos,288,2,0.7682790857347424
intervalos,288,3,1.9716201146361751
intervalos,288,4,3.382475001503107
intervalos,288,5,4.784404647352355
intervalos,288,6,5.600821699466409
intervalos,288,7,5.813480400032675
intervalos,289,2,0.7237297775085434
intervalos,289,3,1.868435938244433
intervalos,289,4,3.2556558646845715
intervalos,289,5,4.652787499980282
intervalos,289,6,5.578416491650771
intervalos,289,7,5.801355376466028
intervalos,290,2,0.7101415607117272
intervalos,290,3,1.8216370297732785
intervalos,290,4,3.160195339009827
intervalos,290,5,4.528453315366412
intervalos,290,6,5.438024825468386
intervalos,290,7,5.74728810288491
intervalos,291,2,0.7862424770053668
intervalos,291,3,1.9983184667145446
intervalos,291,4,3.4434165125023615
intervalos,291,5,4.819798782916064
intervalos,291,6,5.616408116252184
intervalos,291,7,5.809438725510459
intervalos,292,2,0.746268569429352
intervalos,292,3,1.9125831411257288
intervalos,292,4,3.3022952069583695
intervalos,292,5,4.671142023235433
intervalos,292,6,5.551396023670516
intervalos,292,7,5.789230352899382
intervalos,293,2,0.7244774569018029
intervalos,293,3,1.865774654760442
intervalos,293,4,3.222548519603616
intervalos,293,5,4.567010120557575
intervalos,293,6,5.446617961492844
intervalos,293,7,5.737679249048161
intervalos,294,2,0.7357970969588479
intervalos,294,3,1.9270616256544726
intervalos,294,4,3.3530800649124237
intervalos,294,5,4.751992267285344
intervalos,294,6,5.601809484564053
intervalos,294,7,5.797313701943812
intervalos,295,2,0.777652755989128
intervalos,295,3,1.9784133037015048
intervalos,295,4,3.4251432948102853
intervalos,295,5,4.801041867381981
intervalos,295,6,5.597779559095684
intervalos,295,7,5.801355376466028
intervalos,296,2,0.7243943999285574
intervalos,296,3,1.9116261425692294
intervalos,296,4,3.2819943879418503
intervalos,296,5,4.618541576084434
intervalos,296,6,5.498473707493967
intervalos,296,7,5.771538150018203
intervalos,297,2,0.7478733596412785
intervalos,297,3,1.91768673264466
intervalos,297,4,3.3640053547060105
intervalos,297,5,4.73015123883904
intervalos,297,6,5.548685943186805
intervalos,297,7,5.775579824540419
intervalos,298,2,0.7774842045436888
intervalos,298,3,1.9820692455871707
intervalos,298,4,3.386381154779203
intervalos,298,5,4.749076625380769
intervalos,298,6,5.588198637973577
intervalos,298,7,5.8079132207181425
intervalos,299,2,0.7582062627097245
intervalos,299,3,1.9795680577611536
intervalos,299,4,3.4517823064029636
intervalos,299,5,4.783231858248024
intervalos,299,6,5.5965905487973355
intervalos,299,7,5.8079132207181425
intervalos,300,2,0.7479401881988783
intervalos,300,3,1.9115032360128719
intervalos,300,4,3.3302829955885698
intervalos,300,5,4.73325067500371
intervalos,300,6,5.580138787036836
intervalos,300,7,5.779621499062634
intervalos,301,2,0.7774842045436888
intervalos,301,3,1.9521077205617938
intervalos,301,4,3.362681904787689
intervalos,301,5,4.755654173650787
intervalos,301,6,5.600288414378694
intervalos,301,7,5.813480400032675
intervalos,302,2,0.7106385804523127
intervalos,302,3,1.8837644200737875
intervalos,302,4,3.2871228775991512
intervalos,302,5,4.672184356884432
intervalos,302,6,5.494443782025596
intervalos,302,7,5.775579824540419
intervalos,303,2,0.7471213306837545
intervalos,303,3,1.8957310106069571
intervalos,303,4,3.257025866993716
intervalos,303,5,4.614392876104116
intervalos,303,6,5.507066843518423
intervalos,303,7,5.779621499062634
intervalos,304,2,0.7672200119803199
intervalos,304,3,1.9684580649232246
intervalos,304,4,3.3696446824704807
intervalos,304,5,4.748473591162586
intervalos,304,6,5.560522444782688
intervalos,304,7,5.805397050988243
intervalos,305,2,0.7866482173681728
intervalos,305,3,2.0387618123292044
intervalos,305,4,3.503898280695634
intervalos,305,5,4.832110130062162
intervalos,305,6,5.58819863797358
intervalos,305,7,5.801355376466028
intervalos,306,2,0.746268569429352
intervalos,306,3,1.9178608391835748
intervalos,306,4,3.3316505660956084
intervalos,306,5,4.705344634747127
intervalos,306,6,5.557401519334185
intervalos,306,7,5.797313701943812
intervalos,307,2,0.7245272888653885
intervalos,307,3,1.9050882647134646
intervalos,307,4,3.278396240822794
intervalos,307,5,4.639010281887575
intervalos,307,6,5.513072339182091
intervalos,307,7,5.777105329332735
intervalos,308,2,0.7579045915706685
intervalos,308,3,1.9436934258532579
intervalos,308,4,3.3684142752897546
intervalos,308,5,4.744977052919317
intervalos,308,6,5.5527158686551745
intervalos,308,7,5.805397050988244
intervalos,309,2,0.7583738311858802
intervalos,309,3,1.983635326391824
intervalos,309,4,3.348862578460773
intervalos,309,5,4.602807950070778
intervalos,309,6,5.472038574209955
intervalos,309,7,5.777105329332735
intervalos,310,2,0.7245272888653885
intervalos,310,3,1.8958057941871802
intervalos,310,4,3.304121696313702
intervalos,310,5,4.667317158818806
intervalos,310,6,5.529725326143294
intervalos,310,7,5.789230352899382
intervalos,311,2,0.734896706373237
intervalos,311,3,1.930441430523623
intervalos,311,4,3.326585044219606
intervalos,311,5,4.6842474606907025
intervalos,311,6,5.513605624269802
intervalos,311,7,5.760938631243873
intervalos,312,2,0.7103403884375702
intervalos,312,3,1.8488314229797147
intervalos,312,4,3.2419356405019277
intervalos,312,5,4.61954589418112
intervalos,312,6,5.530057386030305
intervalos,312,7,5.797313701943812
intervalos,313,2,0.7557911662249321
intervalos,313,3,1.9948916978242024
intervalos,313,4,3.4600964987160707
intervalos,313,5,4.793173517675413
intervalos,313,6,5.516114479552817
intervalos,313,7,5.789230352899382
intervalos,314,2,0.734896706373237
intervalos,314,3,1.8980959137673783
intervalos,314,4,3.3119892764682906
intervalos,314,5,4.721998509185765
intervalos,314,6,5.631540033028022
intervalos,314,7,5.785188678377166
intervalos,315,2,0.735530371474798
intervalos,315,3,1.9108915769933017
intervalos,315,4,3.31859567544096
intervalos,315,5,4.721493759491312
intervalos,315,6,5.568835570528661
intervalos,315,7,5.783663173584849
intervalos,316,2,0.7478733596412785
intervalos,316,3,1.932952695378026
intervalos,316,4,3.3007735149344635
intervalos,316,5,4.635478078931331
intervalos,316,6,5.480098425146699
intervalos,316,7,5.777105329332735
intervalos,317,2,0.733695335148967
intervalos,317,3,1.8823631849458309
intervalos,317,4,3.2912571444362495
intervalos,317,5,4.656664263137002
intervalos,317,6,5.495763627010252
intervalos,317,7,5.760938631243873
intervalos,318,2,0.7769784341649241
intervalos,318,3,1.9778475945808283
intervalos,318,4,3.3895544148422254
intervalos,318,5,4.745657535452311
intervalos,318,6,5.55482227353678
intervalos,318,7,5.783663173584849
intervalos,319,2,0.7352302480345796
intervalos,319,3,1.9087418360540245
intervalos,319,4,3.338975410966933
intervalos,319,5,4.724182878217674
intervalos,319,6,5.59374963362731
intervalos,319,7,5.797313701943812
intervalos,320,2,0.7363970542821767
intervalos,320,3,1.9022142219627187
intervalos,320,4,3.2955482555692117
intervalos,320,5,4.690941272418511
intervalos,320,6,5.499461492591612
intervalos,320,7,5.797313701943813
intervalos,321,2,0.7366969421558329
intervalos,321,3,1.9146583466019378
intervalos,321,4,3.297339970633492
intervalos,321,5,4.597886111529823
intervalos,321,6,5.468743159030001
intervalos,321,7,5.7553714519293395
intervalos,322,2,0.7221501097655418
intervalos,322,3,1.8727964633915692
intervalos,322,4,3.270290158365023
intervalos,322,5,4.667614645217117
intervalos,322,6,5.530258611231009
intervalos,322,7,5.793272027421597
intervalos,323,2,0.6931306657378918
intervalos,323,3,1.850485467649738
intervalos,323,4,3.2928946334299694
intervalos,323,5,4.6917379955548135
intervalos,323,6,5.543336172733771
intervalos,323,7,5.813480400032675
intervalos,324,2,0.7478733596412785
intervalos,324,3,1.9316825331564236
intervalos,324,4,3.3585587663258223
intervalos,324,5,4.752880013114477
intervalos,324,6,5.599300629281046
intervalos,324,7,5.817522074554891
intervalos,325,2,0.735530371474798
intervalos,325,3,1.884584270373945
intervalos,325,4,3.293050263881215
intervalos,325,5,4.697804972364152
intervalos,325,6,5.525162115587207
intervalos,325,7,5.805397050988244
intervalos,326,2,0.7476728558924577
intervalos,326,3,1.9347931756694
intervalos,326,4,3.3766065294879715
intervalos,326,5,4.782499476974936
intervalos,326,6,5.601809484564056
intervalos,326,7,5.7932720274215965
intervalos,327,2,0.7245438991499014
intervalos,327,3,1.9120480045045007
intervalos,327,4,3.3523144567167074
intervalos,327,5,4.763491460826173
intervalos,327,6,5.587665352885865
intervalos,327,7,5.81752207455489
intervalos,328,2,0.7367302592973651
intervalos,328,3,1.9172148784981138
intervalos,328,4,3.367639921887707
intervalos,328,5,4.723085788553724
intervalos,328,6,5.527216470860284
intervalos,328,7,5.769021980288303
intervalos,329,2,0.7678757188282984
intervalos,329,3,2.006844061481141
intervalos,329,4,3.45559032429931
intervalos,329,5,4.852346022994451
intervalos,329,6,5.601809484564056
intervalos,329,7,5.801355376466028
intervalos,330,2,0.7754600767733801
intervalos,330,3,1.970804025318503
intervalos,330,4,3.346990816892746
intervalos,330,5,4.686276465166569
intervalos,330,6,5.577096646666109
intervalos,330,7,5.813480400032675
intervalos,331,2,0.7366969421558329
intervalos,331,3,1.9044836723272265
intervalos,331,4,3.3070300859291994
intervalos,331,5,4.716800213725552
intervalos,331,6,5.532566241313315
intervalos,331,7,5.7755798245404195
intervalos,332,2,0.7674722414683594
intervalos,332,3,1.9767551592600925
intervalos,332,4,3.4000965464959294
intervalos,332,5,4.753854240818227
intervalos,332,6,5.593216348539598
intervalos,332,7,5.775579824540419
intervalos,333,2,0.7366969421558329
intervalos,333,3,1.9046064437640182
intervalos,333,4,3.3180427444636313
intervalos,333,5,4.661160931045543
intervalos,333,6,5.483140565517424
intervalos,333,7,5.754836612074607
intervalos,334,2,0.7471213306837545
intervalos,334,3,1.899351937476806
intervalos,334,4,3.308472884509006
intervalos,334,5,4.718180906600029
intervalos,334,6,5.535276321797026
intervalos,334,7,5.7932720274215965
intervalos,335,2,0.7244774569018029
intervalos,335,3,1.8882938310577417
intervalos,335,4,3.2826593457965156
intervalos,335,5,4.637798632499664
intervalos,335,6,5.474626214570747
intervalos,335,7,5.763454800973772
intervalos,336,2,0.7862424770053668
intervalos,336,3,2.0014247452515845
intervalos,336,4,3.403008813538868
intervalos,336,5,4.72261739159078
intervalos,336,6,5.50686561831772
intervalos,336,7,5.7836631735848485
intervalos,337,2,0.7237297775085434
intervalos,337,3,1.8503287148424714
intervalos,337,4,3.2337323252962333
intervalos,337,5,4.637681487753196
intervalos,337,6,5.532767466514018
intervalos,337,7,5.805397050988244
intervalos,338,2,0.7582062627097245
intervalos,338,3,1.9314719422256115
intervalos,338,4,3.329539985309638
intervalos,338,5,4.673947714229345
intervalos,338,6,5.516114479552816
intervalos,338,7,5.7973137019438115
intervalos,339,2,0.723480467665767
intervalos,339,3,1.8570950617049524
intervalos,339,4,3.219370978573944
intervalos,339,5,4.597867823786
intervalos,339,6,5.5040247031477
intervalos,339,7,5.779621499062633
intervalos,340,2,0.7672200119803199
intervalos,340,3,1.9036625479996934
intervalos,340,4,3.242766860261622
intervalos,340,5,4.5882112076338055
intervalos,340,6,5.502503632962338
intervalos,340,7,5.767496475495987
intervalos,341,2,0.7773493494664618
intervalos,341,3,1.975858603594469
intervalos,341,4,3.4027306228229275
intervalos,341,5,4.853726384204679
intervalos,341,6,5.656252870925968
intervalos,341,7,5.8215637490771055
intervalos,342,2,0.7572004526080645
intervalos,342,3,1.9618363681618498
intervalos,342,4,3.3934567868709533
intervalos,342,5,4.7929728757361625
intervalos,342,6,5.551396023670516
intervalos,342,7,5.751329777407124
intervalos,343,2,0.7582062627097245
intervalos,343,3,1.9159560042097734
intervalos,343,4,3.331529053560826
intervalos,343,5,4.708693538191664
intervalos,343,6,5.592761848529665
intervalos,343,7,5.817522074554891
intervalos,344,2,0.7241285865191337
intervalos,344,3,1.9019163966712493
intervalos,344,4,3.3119482878361084
intervalos,344,5,4.691284812936212
intervalos,344,6,5.552917093855876
intervalos,344,7,5.797313701943812
intervalos,345,2,0.7682790857347424
intervalos,345,3,1.9672355288102423
intervalos,345,4,3.4159127827280105
intervalos,345,5,4.82476800673297
intervalos,345,6,5.611390405686164
intervalos,345,7,5.793272027421597
intervalos,346,2,0.722881953732514
intervalos,346,3,1.8525232434604355
intervalos,346,4,3.2013519000864856
intervalos,346,5,4.582896008241802
intervalos,346,6,5.50937447360073
intervalos,346,7,5.789230352899382
intervalos,347,2,0.7357970969588479
intervalos,347,3,1.893165069925447
intervalos,347,4,3.262064156780724
intervalos,347,5,4.620623472161202
intervalos,347,6,5.50250363296234
intervalos,347,7,5.785188678377166
intervalos,348,2,0.7479401881988783
intervalos,348,3,1.9542182459415272
intervalos,348,4,3.409856834261857
intervalos,348,5,4.8414516125462255
intervalos,348,6,5.61488704606682
intervalos,348,7,5.797313701943812
intervalos,349,2,0.7476728558924577
intervalos,349,3,1.9683095256065324
intervalos,349,4,3.3663110811535457
intervalos,349,5,4.712957370374868
intervalos,349,6,5.519943179820485
intervalos,349,7,5.785188678377167
intervalos,350,2,0.7468705695219284
intervalos,350,3,1.9540595493491146
intervalos,350,4,3.3015012035526494
intervalos,350,5,4.614234215392454
intervalos,350,6,5.4826860655074885
intervalos,350,7,5.763454800973772
intervalos,351,2,0.7108373420979117
intervalos,351,3,1.8673244234938935
intervalos,351,4,3.276822064725678
intervalos,351,5,4.668000383087037
intervalos,351,6,5.497284697195617
intervalos,351,7,5.744237093300275
intervalos,352,2,0.7366303056331991
intervalos,352,3,1.889179464476039
intervalos,352,4,3.2007789333987224
intervalos,352,5,4.536537939074442
intervalos,352,6,5.446617961492845
intervalos,352,7,5.7755798245404195
intervalos,353,2,0.7093459851389899
intervalos,353,3,1.8303224855996327
intervalos,353,4,3.1586638348823586
intervalos,353,5,4.5109962119742
intervalos,353,6,5.434781459896959
intervalos,353,7,5.790221017836964
intervalos,354,2,0.7363970542821767
intervalos,354,3,1.8882830149186813
intervalos,354,4,3.2567394731844397
intervalos,354,5,4.5828766120975555
intervalos,354,6,5.478577354961341
intervalos,354,7,5.813480400032675
intervalos,355,2,0.7774842045436888
intervalos,355,3,1.9657767935211883
intervalos,355,4,3.415745752214229
intervalos,355,5,4.8177628254190665
intervalos,355,6,5.625989037374291
intervalos,355,7,5.8215637490771055
intervalos,356,2,0.7245272888653885
intervalos,356,3,1.8633498543155276
intervalos,356,4,3.2716092461867383
intervalos,356,5,4.66327918648533
intervalos,356,6,5.568049010631717
intervalos,356,7,5.801355376466027
intervalos,357,2,0.7231978660610687
intervalos,357,3,1.8953040028142558
intervalos,357,4,3.3092629329937755
intervalos,357,5,4.636947666415442
intervalos,357,6,5.483673850605136
intervalos,357,7,5.767496475495988
intervalos,358,2,0.7241285865191337
intervalos,358,3,1.9102807397386865
intervalos,358,4,3.3063372558381845
intervalos,358,5,4.7028724807047855
intervalos,358,6,5.592560623328961
intervalos,358,7,5.789230352899382
intervalos,359,2,0.7479234813418589
intervalos,359,3,1.9010863436380436
intervalos,359,4,3.280721793008882
intervalos,359,5,4.578780142521575
intervalos,359,6,5.420689377827293
intervalos,359,7,5.736153744255845
intervalos,360,2,0.7245272888653885
intervalos,360,3,1.8915993631557912
intervalos,360,4,3.285486805286671
intervalos,360,5,4.657693821998643
intervalos,360,6,5.534743036709314
intervalos,360,7,5.785188678377167
intervalos,361,2,0.7366969421558329
intervalos,361,3,1.9298324394325699
intervalos,361,4,3.3549534600822115
intervalos,361,5,4.695775967888285
intervalos,361,6,5.512617839172159
intervalos,361,7,5.767496475495987
intervalos,362,2,0.7771807632121246
intervalos,362,3,1.9815003596133973
intervalos,362,4,3.389442791855844
intervalos,362,5,4.783554253747051
intervalos,362,6,5.580138787036832
intervalos,362,7,5.801355376466029
intervalos,363,2,0.7363970542821767
intervalos,363,3,1.8701188105509778
intervalos,363,4,3.225799401844694
intervalos,363,5,4.592836559268768
intervalos,363,6,5.471785299400725
intervalos,363,7,5.785188678377167
intervalos,364,2,0.7082513761159859
intervalos,364,3,1.8037550060918106
intervalos,364,4,3.1543365249362703
intervalos,364,5,4.549654402442642
intervalos,364,6,5.468996433839229
intervalos,364,7,5.779621499062634
intervalos,365,2,0.7245272888653885
intervalos,365,3,1.873787201228983
intervalos,365,4,3.2400217950499073
intervalos,365,5,4.568358310836203
intervalos,365,6,5.475080714580677
intervalos,365,7,5.793272027421597
intervalos,366,2,0.7366303056331991
intervalos,366,3,1.9085723679562956
intervalos,366,4,3.341844855112143
intervalos,366,5,4.724584162096178
intervalos,366,6,5.591695278354235
intervalos,366,7,5.817522074554891
intervalos,367,2,0.7771807632121246
intervalos,367,3,1.9989076438005362
intervalos,367,4,3.439327971408972
intervalos,367,5,4.796038700904559
intervalos,367,6,5.562952514987919
intervalos,367,7,5.771538150018203
intervalos,368,2,0.6918088902239691
intervalos,368,3,1.8280932744040415
intervalos,368,4,3.21389643750349
intervalos,368,5,4.572754038539404
intervalos,368,6,5.459948797804839
intervalos,368,7,5.763454800973771
intervalos,369,2,0.7244774569018029
intervalos,369,3,1.8850551422928634
intervalos,369,4,3.273823849588117
intervalos,369,5,4.614298441716049
intervalos,369,6,5.521665475206551
intervalos,369,7,5.7932720274215965
intervalos,370,2,0.7583738311858802
intervalos,370,3,1.9836717557654149
intervalos,370,4,3.415177688703155
intervalos,370,5,4.775168379558668
intervalos,370,6,5.557733579221195
intervalos,370,7,5.78114700385495
intervalos,371,2,0.758072194250097
intervalos,371,3,1.9395501762056413
intervalos,371,4,3.2833175448870238
intervalos,371,5,4.608093086423919
intervalos,371,6,5.447072461502781
intervalos,371,7,5.753845947137024
intervalos,372,2,0.7476728558924577
intervalos,372,3,1.924628445903898
intervalos,372,4,3.345453166206393
intervalos,372,5,4.672658352857463
intervalos,372,6,5.452623457156511
intervalos,372,7,5.751329777407125
intervalos,373,2,0.7241285865191337
intervalos,373,3,1.8787392374526097
intervalos,373,4,3.2722523801028367
intervalos,373,5,4.635781830332241
intervalos,373,6,5.536797391982388
intervalos,373,7,5.7932720274215965
intervalos,374,2,0.7866482173681728
intervalos,374,3,1.9683306089323576
intervalos,374,4,3.351051632864038
intervalos,374,5,4.686683262001535
intervalos,374,6,5.512416613971456
intervalos,374,7,5.777105329332734
intervalos,375,2,0.7107379645771481
intervalos,375,3,1.8628066094445195
intervalos,375,4,3.264238404671448
intervalos,375,5,4.608857970292858
intervalos,375,6,5.500781337576274
intervalos,375,7,5.752855282199441
intervalos,376,2,0.746268569429352
intervalos,376,3,1.9295252858105076
intervalos,376,4,3.315968516613204
intervalos,376,5,4.6953677309886555
intervalos,376,6,5.547366098202142
intervalos,376,7,5.767496475495987
intervalos,377,2,0.7239458123025975
intervalos,377,3,1.9035799336608883
intervalos,377,4,3.2979016444953952
intervalos,377,5,4.750858602133748
intervalos,377,6,5.58819863797358
intervalos,377,7,5.809438725510459
intervalos,378,2,0.746268569429352
intervalos,378,3,1.9291457764126494
intervalos,378,4,3.3228471310613945
intervalos,378,5,4.662172510973121
intervalos,378,6,5.55099357326911
intervalos,378,7,5.771538150018203
intervalos,379,2,0.7365303452494213
intervalos,379,3,1.9397934087996036
intervalos,379,4,3.3451011640703254
intervalos,379,5,4.7169251562244225
intervalos,379,6,5.530713111240942
intervalos,379,7,5.801355376466028
intervalos,380,2,0.7106385804523127
intervalos,380,3,1.894599957032635
intervalos,380,4,3.3498404889602402
intervalos,380,5,4.771435178308881
intervalos,380,6,5.550207013372166
intervalos,380,7,5.777105329332735
intervalos,381,2,0.7774842045436888
intervalos,381,3,1.9686680293759498
intervalos,381,4,3.3284831170361926
intervalos,381,5,4.662680334067055
intervalos,381,6,5.459494297794906
intervalos,381,7,5.7321120697336285
intervalos,382,2,0.7479401881988783
intervalos,382,3,1.9521196917842563
intervalos,382,4,3.402458226466012
intervalos,382,5,4.736855054132981
intervalos,382,6,5.550408238572869
intervalos,382,7,5.791746522629281
intervalos,383,2,0.7471213306837545
intervalos,383,3,1.9023301182104964
intervalos,383,4,3.2789635490869773
intervalos,383,5,4.660202667068247
intervalos,383,6,5.502302407761634
intervalos,383,7,5.805397050988243
intervalos,384,2,0.758072194250097
intervalos,384,3,1.9274887183123792
intervalos,384,4,3.3328955955592066
intervalos,384,5,4.697052863282572
intervalos,384,6,5.5216654752065475
intervalos,384,7,5.793272027421597
intervalos,385,2,0.734896706373237
intervalos,385,3,1.900914002020665
intervalos,385,4,3.2732796085852747
intervalos,385,5,4.671226092907133
intervalos,385,6,5.521464250005847
intervalos,385,7,5.795788197151496
intervalos,386,2,0.7245438991499014
intervalos,386,3,1.900774591043805
intervalos,386,4,3.3383964040924847
intervalos,386,5,4.774189302226937
intervalos,386,6,5.579151001939188
intervalos,386,7,5.795788197151496
intervalos,387,2,0.7479234813418589
intervalos,387,3,1.9327996362095134
intervalos,387,4,3.376082388838131
intervalos,387,5,4.794722681557535
intervalos,387,6,5.576563361578395
intervalos,387,7,5.783663173584849
intervalos,388,2,0.7244774569018029
intervalos,388,3,1.8861742696138115
intervalos,388,4,3.2781940670849887
intervalos,388,5,4.634384151384511
intervalos,388,6,5.484460410502082
intervalos,388,7,5.759413126451555
intervalos,389,2,0.7479234813418589
intervalos,389,3,1.891943373338837
intervalos,389,4,3.259528576779583
intervalos,389,5,4.632066253497788
intervalos,389,6,5.500982562776976
intervalos,389,7,5.777105329332735
intervalos,390,2,0.758072194250097
intervalos,390,3,1.956389206738409
intervalos,390,4,3.3061853813988544
intervalos,390,5,4.6892073147839755
intervalos,390,6,5.554438164041241
intervalos,390,7,5.793272027421597
intervalos,391,2,0.7681446423651528
intervalos,391,3,1.9080936208638717
intervalos,391,4,3.2770026722369834
intervalos,391,5,4.62562675417824
intervalos,391,6,5.473358419194613
intervalos,391,7,5.771538150018203
intervalos,392,2,0.7866482173681728
intervalos,392,3,1.993106105669117
intervalos,392,4,3.333987105012875
intervalos,392,5,4.675529049043074
intervalos,392,6,5.535809606884742
intervalos,392,7,5.778095994270317
intervalos,393,2,0.7237297775085434
intervalos,393,3,1.9080033712674154
intervalos,393,4,3.299522101472795
intervalos,393,5,4.7071110949775115
intervalos,393,6,5.564552370251061
intervalos,393,7,5.797313701943812
intervalos,394,2,0.7244774569018029
intervalos,394,3,1.8696573947245552
intervalos,394,4,3.2555082249488585
intervalos,394,5,4.640559114105456
intervalos,394,6,5.506865618317721
intervalos,394,7,5.789230352899382
intervalos,395,2,0.7767423483753921
intervalos,395,3,1.9348681115404869
intervalos,395,4,3.3398730908044056
intervalos,395,5,4.7520905518090695
intervalos,395,6,5.568503510641654
intervalos,395,7,5.7932720274215965
intervalos,396,2,0.7478733596412785
intervalos,396,3,1.9196056662613303
intervalos,396,4,3.2954425999465413
intervalos,396,5,4.66497709356661
intervalos,396,6,5.519156619923541
intervalos,396,7,5.78114700385495
intervalos,397,2,0.7244774569018029
intervalos,397,3,1.9163362474899808
intervalos,397,4,3.3487034826354565
intervalos,397,5,4.756859133686726
intervalos,397,6,5.584168712505204
intervalos,397,7,5.813480400032676
intervalos,398,2,0.7682286709081425
intervalos,398,3,1.8936623620627395
intervalos,398,4,3.2590442326374283
intervalos,398,5,4.6153595103127305
intervalos,398,6,5.507066843518425
intervalos,398,7,5.781147003854951
intervalos,399,2,0.7761688390672226
intervalos,399,3,1.9805679720691187
intervalos,399,4,3.416383032614506
intervalos,399,5,4.782972055737781
intervalos,399,6,5.579937561836132
intervalos,399,7,5.801355376466029
intervalos,400,2,0.7237297775085434
intervalos,400,3,1.887361602804943
intervalos,400,4,3.325663147233731
intervalos,400,5,4.742075516958664
intervalos,400,6,5.5456438028160795
intervalos,400,7,5.801355376466028
intervalos,401,2,0.7681446423651528
intervalos,401,3,1.968306599104712
intervalos,401,4,3.3973456194515785
intervalos,401,5,4.760435553170282
intervalos,401,6,5.563485800075632
intervalos,401,7,5.7932720274215965
intervalos,402,2,0.7365303452494213
intervalos,402,3,1.91007286708579
intervalos,402,4,3.313554593296611
intervalos,402,5,4.634091069542237
intervalos,402,6,5.506533558430709
intervalos,402,7,5.777105329332734
intervalos,403,2,0.777652755989128
intervalos,403,3,1.9654908742783248
intervalos,403,4,3.325141973764384
intervalos,403,5,4.684876376147843
intervalos,403,6,5.517635549738176
intervalos,403,7,5.789230352899382
intervalos,404,2,0.758072194250097
intervalos,404,3,1.9640558454655517
intervalos,404,4,3.3832292405855617
intervalos,404,5,4.770813856346876
intervalos,404,6,5.596258488910324
intervalos,404,7,5.8079132207181425
intervalos,405,2,0.7771807632121246
intervalos,405,3,1.9931134544036604
intervalos,405,4,3.4438648999645975
intervalos,405,5,4.763944643444771
intervalos,405,6,5.560443659704908
intervalos,405,7,5.7932720274215965
intervalos,406,2,0.7237297775085434
intervalos,406,3,1.8824779250082668
intervalos,406,4,3.2919460346287823
intervalos,406,5,4.700222154266918
intervalos,406,6,5.533755251611665
intervalos,406,7,5.789230352899382
intervalos,407,2,0.7459172896108015
intervalos,407,3,1.8983252033971936
intervalos,407,4,3.2883440774212933
intervalos,407,5,4.6899313258257465
intervalos,407,6,5.578084431763757
intervalos,407,7,5.7932720274215965
intervalos,408,2,0.7577034432579299
intervalos,408,3,1.9039440912738872
intervalos,408,4,3.2894715824500085
intervalos,408,5,4.647555593523799
intervalos,408,6,5.508054628616072
intervalos,408,7,5.789230352899381
intervalos,409,2,0.7365303452494213
intervalos,409,3,1.9149295758489542
intervalos,409,4,3.2628581077994445
intervalos,409,5,4.642851353509354
intervalos,409,6,5.5347430367093144
intervalos,409,7,5.797313701943812
intervalos,410,2,0.7367302592973651
intervalos,410,3,1.9085486701474725
intervalos,410,4,3.3111786899227242
intervalos,410,5,4.719445358871198
intervalos,410,6,5.5634858000756315
intervalos,410,7,5.797313701943812
intervalos,411,2,0.7363970542821767
intervalos,411,3,1.8822567172404314
intervalos,411,4,3.273953064892287
intervalos,411,5,4.587920535862529
intervalos,411,6,5.45361124225416
intervalos,411,7,5.749804272614807
intervalos,412,2,0.7106385804523127
intervalos,412,3,1.8737409898420998
intervalos,412,4,3.2470406033779016
intervalos,412,5,4.603882570190999
intervalos,412,6,5.498805767380977
intervalos,412,7,5.789230352899382
intervalos,413,2,0.7583738311858802
intervalos,413,3,1.9606157380847034
intervalos,413,4,3.390884609293912
intervalos,413,5,4.765354318311759
intervalos,413,6,5.574054506295386
intervalos,413,7,5.797313701943812
intervalos,414,2,0.7471213306837545
intervalos,414,3,1.915277426883723
intervalos,414,4,3.3743237468071223
intervalos,414,5,4.768280102176562
intervalos,414,6,5.555959234226603
intervalos,414,7,5.809438725510459
intervalos,415,2,0.7584073426019478
intervalos,415,3,1.962021779732797
intervalos,415,4,3.386620723816612
intervalos,415,5,4.723061987853437
intervalos,415,6,5.55945587460726
intervalos,415,7,5.777105329332734
intervalos,416,2,0.7583738311858802
intervalos,416,3,1.9308979078786606
intervalos,416,4,3.373634848818997
intervalos,416,5,4.79097493379148
intervalos,416,6,5.601809484564057
intervalos,416,7,5.797313701943813
intervalos,417,2,0.7681446423651528
intervalos,417,3,1.9518082886068653
intervalos,417,4,3.387178531600442
intervalos,417,5,4.710339546532848
intervalos,417,6,5.5599891596949735
intervalos,417,7,5.809438725510459
intervalos,418,2,0.7479234813418589
intervalos,418,3,1.9174594482998497
intervalos,418,4,3.329498027380654
intervalos,418,5,4.699992746459784
intervalos,418,6,5.560976944792621
intervalos,418,7,5.809438725510459
intervalos,419,2,0.7367302592973651
intervalos,419,3,1.8916737697013561
intervalos,419,4,3.2736452869666275
intervalos,419,5,4.725046046610338
intervalos,419,6,5.5640190851633475
intervalos,419,7,5.797313701943812
intervalos,420,2,0.7101415607117272
intervalos,420,3,1.8508050662898705
intervalos,420,4,3.232024834076815
intervalos,420,5,4.68143306780123
intervalos,420,6,5.578617716851473
intervalos,420,7,5.801355376466029
intervalos,421,2,0.7103403884375702
intervalos,421,3,1.8472037876315968
intervalos,421,4,3.1861560712253327
intervalos,421,5,4.561829781176945
intervalos,421,6,5.44859353168814
intervalos,421,7,5.774054319748102
intervalos,422,2,0.7681446423651528
intervalos,422,3,1.9841012807405918
intervalos,422,4,3.3938558156441334
intervalos,422,5,4.726562376232372
intervalos,422,6,5.5241743304895605
intervalos,422,7,5.7973137019438115
intervalos,423,2,0.7557911662249321
intervalos,423,3,1.912010556677553
intervalos,423,4,3.317939383847047
intervalos,423,5,4.726548493044586
intervalos,423,6,5.538772962177686
intervalos,423,7,5.787704848107064
intervalos,424,2,0.7366303056331991
intervalos,424,3,1.905522385027615
intervalos,424,4,3.308840764455988
intervalos,424,5,4.692871660706404
intervalos,424,6,5.542400437244652
intervalos,424,7,5.783663173584849
intervalos,425,2,0.7582062627097245
intervalos,425,3,1.913401091176125
intervalos,425,4,3.3034534457261135
intervalos,425,5,4.675616192114257
intervalos,425,6,5.510362258698376
intervalos,425,7,5.797313701943812
intervalos,426,2,0.7105060580101337
intervalos,426,3,1.8642726991901781
intervalos,426,4,3.285656625019313
intervalos,426,5,4.678913196818695
intervalos,426,6,5.544122732630715
intervalos,426,7,5.7973137019438115
intervalos,427,2,0.7479234813418589
intervalos,427,3,1.9423840747124597
intervalos,427,4,3.347454853329201
intervalos,427,5,4.67385846326542
intervalos,427,6,5.546378313104496
intervalos,427,7,5.787704848107064
intervalos,428,2,0.7681446423651528
intervalos,428,3,1.9579680422966228
intervalos,428,4,3.386875915884102
intervalos,428,5,4.790607260909252
intervalos,428,6,5.606372695120139
intervalos,428,7,5.797313701943813
intervalos,429,2,0.7108373420979117
intervalos,429,3,1.8690199596889234
intervalos,429,4,3.2594436318946807
intervalos,429,5,4.605301278617789
intervalos,429,6,5.475001929502898
intervalos,429,7,5.78114700385495
intervalos,430,2,0.7479234813418589
intervalos,430,3,1.918761419080404
intervalos,430,4,3.2961843155198762
intervalos,430,5,4.6680118562038215
intervalos,430,6,5.533755251611668
intervalos,430,7,5.777105329332734
intervalos,431,2,0.7242781123931896
intervalos,431,3,1.8615356868336979
intervalos,431,4,3.2526621495745345
intervalos,431,5,4.661253370948563
intervalos,431,6,5.491401641654869
intervalos,431,7,5.765970970703671
intervalos,432,2,0.7099095615954495
intervalos,432,3,1.8520074645345155
intervalos,432,4,3.248934162048226
intervalos,432,5,4.708777607863369
intervalos,432,6,5.533352801210261
intervalos,432,7,5.801355376466028
intervalos,433,2,0.7363970542821767
intervalos,433,3,1.9409637641895823
intervalos,433,4,3.3727800700538157
intervalos,433,5,4.750663473150962
intervalos,433,6,5.57207893610009
intervalos,433,7,5.801355376466027
intervalos,434,2,0.7583738311858802
intervalos,434,3,1.9774065279551405
intervalos,434,4,3.4048238174983294
intervalos,434,5,4.77850096025844
intervalos,434,6,5.607814980227725
intervalos,434,7,5.805397050988243
intervalos,435,2,0.7242781123931896
intervalos,435,3,1.9109942962749982
intervalos,435,4,3.3421723996370845
intervalos,435,5,4.71699534270834
intervalos,435,6,5.5634858000756315
intervalos,435,7,5.801355376466028
intervalos,436,2,0.7108373420979117
intervalos,436,3,1.8715709103540916
intervalos,436,4,3.2464681693483803
intervalos,436,5,4.616707700591357
intervalos,436,6,5.490413856557222
intervalos,436,7,5.775579824540418
intervalos,437,2,0.7943170482536699
intervalos,437,3,2.028119119587945
intervalos,437,4,3.4481984129434524
intervalos,437,5,4.757509217017021
intervalos,437,6,5.561964729890269
intervalos,437,7,5.801355376466028
intervalos,438,2,0.7365303452494213
intervalos,438,3,1.935341012152945
intervalos,438,4,3.381269157030893
intervalos,438,5,4.7891818155859545
intervalos,438,6,5.619450256622904
intervalos,438,7,5.813480400032675
intervalos,439,2,0.7579045915706685
intervalos,439,3,1.9450837816031263
intervalos,439,4,3.337709960315293
intervalos,439,5,4.741709477411245
intervalos,439,6,5.585689782690569
intervalos,439,7,5.787704848107064
intervalos,440,2,0.7582062627097245
intervalos,440,3,1.9551717561035573
intervalos,440,4,3.349667039479501
intervalos,440,5,4.671487219942427
intervalos,440,6,5.482887290708193
intervalos,440,7,5.759413126451556
intervalos,441,2,0.7479401881988783
intervalos,441,3,1.9312037516232128
intervalos,441,4,3.3700112800913486
intervalos,441,5,4.736988280809539
intervalos,441,6,5.5493416683974415
intervalos,441,7,5.801355376466029
intervalos,442,2,0.7478733596412785
intervalos,442,3,1.952662341698659
intervalos,442,4,3.369604990273738
intervalos,442,5,4.751184518236111
intervalos,442,6,5.5660734404364245
intervalos,442,7,5.79174652262928
intervalos,443,2,0.7674722414683594
intervalos,443,3,1.9617259805766833
intervalos,443,4,3.3733877060408997
intervalos,443,5,4.728894380063009
intervalos,443,6,5.538318462167751
intervalos,443,7,5.777105329332734
intervalos,444,2,0.7477898197081125
intervalos,444,3,1.9030468250204862
intervalos,444,4,3.2927858169247104
intervalos,444,5,4.665860766503946
intervalos,444,6,5.5040247031477
intervalos,444,7,5.771538150018203
intervalos,445,2,0.7357970969588479
intervalos,445,3,1.919177199672499
intervalos,445,4,3.3247671756098582
intervalos,445,5,4.6450879529456035
intervalos,445,6,5.528204255957933
intervalos,445,7,5.785188678377166
intervalos,446,2,0.7231978660610687
intervalos,446,3,1.8758777630632126
intervalos,446,4,3.275013934800339
intervalos,446,5,4.666047525255415
intervalos,446,6,5.530713111240943
intervalos,446,7,5.753845947137025
intervalos,447,2,0.6930811201807139
intervalos,447,3,1.8468278943611802
intervalos,447,4,3.2708240876149026
intervalos,447,5,4.698555641381062
intervalos,447,6,5.57557557648075
intervalos,447,7,5.785188678377167
intervalos,448,2,0.7367302592973651
intervalos,448,3,1.9033488313962375
intervalos,448,4,3.307385805691124
intervalos,448,5,4.7146801865568575
intervalos,448,6,5.538571736976985
intervalos,448,7,5.789230352899382
intervalos,449,2,0.7473386226950005
intervalos,449,3,1.9190611559293818
intervalos,449,4,3.2880128237622315
intervalos,449,5,4.63047103549628
intervalos,449,6,5.501314622663988
intervalos,449,7,5.783663173584849
intervalos,450,2,0.7082513761159859
intervalos,450,3,1.8655716551646166
intervalos,450,4,3.273066280911001
intervalos,450,5,4.644886979342108
intervalos,450,6,5.516114479552818
intervalos,450,7,5.7649803057660876
intervalos,451,2,0.7678757188282984
intervalos,451,3,1.9591900131208226
intervalos,451,4,3.365332190908331
intervalos,451,5,4.707160222496381
intervalos,451,6,5.531779681416371
intervalos,451,7,5.769021980288303
intervalos,452,2,0.7099095615954495
intervalos,452,3,1.8131674764205985
intervalos,452,4,3.148143806482251
intervalos,452,5,4.4816562784324745
intervalos,452,6,5.427910619258567
intervalos,452,7,5.755371451929339
intervalos,453,2,0.7241285865191337
intervalos,453,3,1.8838218547152021
intervalos,453,4,3.309377931106696
intervalos,453,5,4.659279229704169
intervalos,453,6,5.564473585173281
intervalos,453,7,5.809438725510459
intervalos,454,2,0.7681446423651528
intervalos,454,3,1.9512971965558596
intervalos,454,4,3.3500638868920976
intervalos,454,5,4.734533083354457
intervalos,454,6,5.585689782690566
intervalos,454,7,5.817522074554891
intervalos,455,2,0.7468705695219284
intervalos,455,3,1.9613350972568562
intervalos,455,4,3.3622554663864994
intervalos,455,5,4.756159255009484
intervalos,455,6,5.584168712505204
intervalos,455,7,5.801355376466029
intervalos,456,2,0.7584073426019478
intervalos,456,3,1.9417805669557648
intervalos,456,4,3.347180271504072
intervalos,456,5,4.679216196173475
intervalos,456,6,5.533755251611666
intervalos,456,7,5.785188678377166
intervalos,457,2,0.6911475649153009
intervalos,457,3,1.8855401774522504
intervalos,457,4,3.350271843468519
intervalos,457,5,4.824488808078478
intervalos,457,6,5.643629809433138
intervalos,457,7,5.813480400032675
intervalos,458,2,0.7473386226950005
intervalos,458,3,1.9407275625905398
intervalos,458,4,3.310320470560196
intervalos,458,5,4.67768950183508
intervalos,458,6,5.507066843518425
intervalos,458,7,5.789230352899382
intervalos,459,2,0.7357970969588479
intervalos,459,3,1.911369113105976
intervalos,459,4,3.3457001980888834
intervalos,459,5,4.723794037462283
intervalos,459,6,5.551396023670514
intervalos,459,7,5.809438725510459
intervalos,460,2,0.7952667374854804
intervalos,460,3,2.0031511763451926
intervalos,460,4,3.408155730992689
intervalos,460,5,4.773847178919427
intervalos,460,6,5.5801387870368355
intervalos,460,7,5.7892303528993825
intervalos,461,2,0.7366969421558329
intervalos,461,3,1.8814323550785326
intervalos,461,4,3.220431452181963
intervalos,461,5,4.576685024453591
intervalos,461,6,5.426721608960215
intervalos,461,7,5.743246428362694
intervalos,462,2,0.7352302480345796
intervalos,462,3,1.9266936813021127
intervalos,462,4,3.3742755070878765
intervalos,462,5,4.771896731158799
intervalos,462,6,5.571344425811674
intervalos,462,7,5.801355376466028
intervalos,463,2,0.7241285865191337
intervalos,463,3,1.8865620215697088
intervalos,463,4,3.2897956270834694
intervalos,463,5,4.761890398203951
intervalos,463,6,5.631540033028023
intervalos,463,7,5.813480400032676
intervalos,464,2,0.7459172896108015
intervalos,464,3,1.923568802267431
intervalos,464,4,3.3418132964692733
intervalos,464,5,4.776438344786302
intervalos,464,6,5.5365961667816865
intervalos,464,7,5.767496475495987
intervalos,465,2,0.6931306657378918
intervalos,465,3,1.8311162799779521
intervalos,465,4,3.2689513538071657
intervalos,465,5,4.7401703465812455
intervalos,465,6,5.57841649165077
intervalos,465,7,5.7796214990626344
intervalos,466,2,0.7245272888653885
intervalos,466,3,1.8495906894874323
intervalos,466,4,3.186384502997465
intervalos,466,5,4.5850613127937105
intervalos,466,6,5.4662863533555175
intervalos,466,7,5.77306365481052
intervalos,467,2,0.7473386226950005
intervalos,467,3,1.9259485974926678
intervalos,467,4,3.32317866651126
intervalos,467,5,4.72081845825054
intervalos,467,6,5.584168712505204
intervalos,467,7,5.813480400032675
intervalos,468,2,0.7241285865191337
intervalos,468,3,1.8708201722412496
intervalos,468,4,3.268612974566645
intervalos,468,5,4.6904320026284
intervalos,468,6,5.542601662445355
intervalos,468,7,5.783663173584849
intervalos,469,2,0.7239458123025975
intervalos,469,3,1.8996182483894306
intervalos,469,4,3.3086394426144485
intervalos,469,5,4.7457052523925025
intervalos,469,6,5.560976944792621
intervalos,469,7,5.782137668792534
intervalos,470,2,0.7476728558924577
intervalos,470,3,1.9368196029259614
intervalos,470,4,3.3766260216609227
intervalos,470,5,4.823213661558623
intervalos,470,6,5.537785177080039
intervalos,470,7,5.751329777407125
intervalos,471,2,0.734896706373237
intervalos,471,3,1.8843764741475546
intervalos,471,4,3.2709995018954756
intervalos,471,5,4.6709005084690105
intervalos,471,6,5.518422109635123
intervalos,471,7,5.770012645225886
intervalos,472,2,0.7682958902937904
intervalos,472,3,1.9846406615428416
intervalos,472,4,3.3641440424977005
intervalos,472,5,4.714362972350056
intervalos,472,6,5.574587791383099
intervalos,472,7,5.783663173584849
intervalos,473,2,0.7682958902937904
intervalos,473,3,1.9913260743763443
intervalos,473,4,3.4384566805105514
intervalos,473,5,4.82014816805447
intervalos,473,6,5.617929186437545
intervalos,473,7,5.813480400032674
intervalos,474,2,0.6927342554425935
intervalos,474,3,1.8423237231750411
intervalos,474,4,3.2379510556533306
intervalos,474,5,4.608783379252897
intervalos,474,6,5.498473707493965
intervalos,474,7,5.785188678377166
intervalos,475,2,0.7106385804523127
intervalos,475,3,1.799866534414234
intervalos,475,4,3.1098002252979278
intervalos,475,5,4.445848084202905
intervalos,475,6,5.392427849940164
intervalos,475,7,5.752320442344707
intervalos,476,2,0.6925525323607232
intervalos,476,3,1.8185569140055549
intervalos,476,4,3.221891299540907
intervalos,476,5,4.627614554162695
intervalos,476,6,5.506079058420778
intervalos,476,7,5.763454800973772
intervalos,477,2,0.7682790857347424
intervalos,477,3,1.9551591401631614
intervalos,477,4,3.3414896985822535
intervalos,477,5,4.648055493590269
intervalos,477,6,5.50501248824535
intervalos,477,7,5.797313701943813
intervalos,478,2,0.7108373420979117
intervalos,478,3,1.8452125455674357
intervalos,478,4,3.206120537307428
intervalos,478,5,4.5715164603680005
intervalos,478,6,5.496043637288738
intervalos,478,7,5.787704848107065
intervalos,479,2,0.7363970542821767
intervalos,479,3,1.9222870385031536
intervalos,479,4,3.334211614068868
intervalos,479,5,4.674503585927712
intervalos,479,6,5.512871113981389
intervalos,479,7,5.751329777407124
intervalos,480,2,0.7363970542821767
intervalos,480,3,1.9108022420033042
intervalos,480,4,3.3486330494114527
intervalos,480,5,4.7452071240549385
intervalos,480,6,5.57709664666611
intervalos,480,7,5.805397050988244
intervalos,481,2,0.7244774569018029
intervalos,481,3,1.9332356967044693
intervalos,481,4,3.3375396816982557
intervalos,481,5,4.800509796383901
intervalos,481,6,5.576895421465405
intervalos,481,7,5.781147003854949
intervalos,482,2,0.7583068060747675
intervalos,482,3,1.963077050531373
intervalos,482,4,3.414695889367251
intervalos,482,5,4.7891231022188245
intervalos,482,6,5.601809484564054
intervalos,482,7,5.825605423599322
intervalos,483,2,0.7366969421558329
intervalos,483,3,1.9309361654073838
intervalos,483,4,3.3704718620060072
intervalos,483,5,4.77384684725518
intervalos,483,6,5.583180927407558
intervalos,483,7,5.801355376466028
intervalos,484,2,0.758072194250097
intervalos,484,3,1.9656861439176694
intervalos,484,4,3.3842082971474583
intervalos,484,5,4.785538312503951
intervalos,484,6,5.56957008081708
intervalos,484,7,5.785188678377166
intervalos,485,2,0.7239458123025975
intervalos,485,3,1.8914196636928169
intervalos,485,4,3.2850304736097566
intervalos,485,5,4.720242082007501
intervalos,485,6,5.543336172733773
intervalos,485,7,5.789230352899381
intervalos,486,2,0.7678757188282984
intervalos,486,3,1.9392235650779583
intervalos,486,4,3.331789984786947
intervalos,486,5,4.70042442290947
intervalos,486,6,5.5367973919823905
intervalos,486,7,5.793272027421597
intervalos,487,2,0.7341292759155469
intervalos,487,3,1.8695698429372214
intervalos,487,4,3.2939141456233436
intervalos,487,5,4.702075757568485
intervalos,487,6,5.540092807162345
intervalos,487,7,5.777105329332734
intervalos,488,2,0.7583738311858802
intervalos,488,3,1.961805244503229
intervalos,488,4,3.429930786062486
intervalos,488,5,4.767704718794327
intervalos,488,6,5.575121076470817
intervalos,488,7,5.786179343314748
intervalos,489,2,0.7583068060747675
intervalos,489,3,1.9613636893225963
intervalos,489,4,3.402303440790512
intervalos,489,5,4.774221473158547
intervalos,489,6,5.574587791383101
intervalos,489,7,5.785188678377166
intervalos,490,2,0.7471213306837545
intervalos,490,3,1.9584817016798248
intervalos,490,4,3.391371913722558
intervalos,490,5,4.7688689215427145
intervalos,490,6,5.558013589499678
intervalos,490,7,5.78114700385495
intervalos,491,2,0.7478733596412785
intervalos,491,3,1.9176791903865662
intervalos,491,4,3.2953285933237155
intervalos,491,5,4.665718508399502
intervalos,491,6,5.540827317450761
intervalos,491,7,5.7690219802883025
intervalos,492,2,0.7360304424794006
intervalos,492,3,1.888017355821795
intervalos,492,4,3.2652328321834334
intervalos,492,5,4.690262207095703
intervalos,492,6,5.549874953485154
intervalos,492,7,5.777105329332735
intervalos,493,2,0.7479401881988783
intervalos,493,3,1.9198791885135305
intervalos,493,4,3.355181525032669
intervalos,493,5,4.762044654359575
intervalos,493,6,5.566527940446356
intervalos,493,7,5.787704848107065
intervalos,494,2,0.7582062627097245
intervalos,494,3,1.9562797065671025
intervalos,494,4,3.388991604469347
intervalos,494,5,4.837089164175055
intervalos,494,6,5.612911475871524
intervalos,494,7,5.805397050988243
intervalos,495,2,0.7473386226950005
intervalos,495,3,1.9528475586806722
intervalos,495,4,3.3881175196834206
intervalos,495,5,4.764241798178842
intervalos,495,6,5.582647642319844
intervalos,495,7,5.813480400032675
intervalos,496,2,0.735530371474798
intervalos,496,3,1.8988661018056483
intervalos,496,4,3.288754698131637
intervalos,496,5,4.671204947888458
intervalos,496,6,5.497485922396318
intervalos,496,7,5.789230352899381
intervalos,497,2,0.7476728558924577
intervalos,497,3,1.9617141493902022
intervalos,497,4,3.390116948600835
intervalos,497,5,4.74659332988588
intervalos,497,6,5.55291709385588
intervalos,497,7,5.789230352899382
intervalos,498,2,0.7106385804523127
intervalos,498,3,1.8436721182189078
intervalos,498,4,3.210160289147597
intervalos,498,5,4.6174780974167575
intervalos,498,6,5.485396145991204
intervalos,498,7,5.763454800973771
intervalos,499,2,0.7572004526080645
intervalos,499,3,1.9123025240376887
intervalos,499,4,3.265157113747431
intervalos,499,5,4.589471827827853
intervalos,499,6,5.474092929483032
intervalos,499,7,5.78366317358485
intervalos,500,2,0.7476728558924577
intervalos,500,3,1.935108592448279
intervalos,500,4,3.359283962470001
intervalos,500,5,4.720691191734302
intervalos,500,6,5.564019085163348
intervalos,500,7,5.809438725510458
intervalos,501,2,0.7773493494664618
intervalos,501,3,1.962311933794717
intervalos,501,4,3.3540681053941004
intervalos,501,5,4.69330962898066
intervalos,501,6,5.521665475206549
intervalos,501,7,5.7755798245404195
intervalos,502,2,0.7366969421558329
intervalos,502,3,1.8942939278890698
intervalos,502,4,3.283355548670686
intervalos,502,5,4.695892540155837
intervalos,502,6,5.619450256622903
intervalos,502,7,5.817522074554891
intervalos,503,2,0.7242781123931896
intervalos,503,3,1.8845927984381474
intervalos,503,4,3.3154354203877476
intervalos,503,5,4.750801190437186
intervalos,503,6,5.621425826818203
intervalos,503,7,5.813480400032675
intervalos,504,2,0.7479234813418589
intervalos,504,3,1.9395081233197127
intervalos,504,4,3.327896513283193
intervalos,504,5,4.69028082650377
intervalos,504,6,5.510811229725811
intervalos,504,7,5.789230352899382
intervalos,505,2,0.7106385804523127
intervalos,505,3,1.8598974062779767
intervalos,505,4,3.2414165559103263
intervalos,505,5,4.58579887535902
intervalos,505,6,5.449913376672798
intervalos,505,7,5.774054319748102
intervalos,506,2,0.777652755989128
intervalos,506,3,1.929124928295875
intervalos,506,4,3.315571604564046
intervalos,506,5,4.701393834970822
intervalos,506,6,5.517102264650465
intervalos,506,7,5.78114700385495
intervalos,507,2,0.7584073426019478
intervalos,507,3,1.9422095672597433
intervalos,507,4,3.355134675877607
intervalos,507,5,4.731938728548488
intervalos,507,6,5.568049010631717
intervalos,507,7,5.79174652262928
intervalos,508,2,0.7577034432579299
intervalos,508,3,1.9093608952149137
intervalos,508,4,3.29460805595144
intervalos,508,5,4.671725661309366
intervalos,508,6,5.545845028016782
intervalos,508,7,5.801355376466027
intervalos,509,2,0.7108042169913453
intervalos,509,3,1.8321131193190432
intervalos,509,4,3.278008901041848
intervalos,509,5,4.721862540773962
intervalos,509,6,5.521464250005846
intervalos,509,7,5.751329777407125
intervalos,510,2,0.7352302480345796
intervalos,510,3,1.9077414242580035
intervalos,510,4,3.296549255103561
intervalos,510,5,4.681647924592508
intervalos,510,6,5.543134947533069
intervalos,510,7,5.78366317358485
intervalos,511,2,0.7242781123931896
intervalos,511,3,1.8494277614779944
intervalos,511,4,3.1683399148829423
intervalos,511,5,4.551791608954739
intervalos,511,6,5.490413856557224
intervalos,511,7,5.789230352899382
intervalos,512,2,0.7366303056331991
intervalos,512,3,1.9724405618054546
intervalos,512,4,3.454552908780263
intervalos,512,5,4.8646193545882355
intervalos,512,6,5.647659734901511
intervalos,512,7,5.81752207455489
intervalos,513,2,0.7557911662249321
intervalos,513,3,1.9294053442658408
intervalos,513,4,3.357882744912681
intervalos,513,5,4.715856164600283
intervalos,513,6,5.51816883482589
intervalos,513,7,5.760938631243873
intervalos,514,2,0.7579045915706685
intervalos,514,3,1.970647647799552
intervalos,514,4,3.4196083242433684
intervalos,514,5,4.8021949286778245
intervalos,514,6,5.585689782690567
intervalos,514,7,5.7932720274215965
intervalos,515,2,0.7367302592973651
intervalos,515,3,1.9058258654492573
intervalos,515,4,3.3159279844783893
intervalos,515,5,4.70328764777107
intervalos,515,6,5.528204255957931
intervalos,515,7,5.805397050988243
intervalos,516,2,0.7468705695219284
intervalos,516,3,1.9056701427135532
intervalos,516,4,3.378249945524638
intervalos,516,5,4.811416981619482
intervalos,516,6,5.639599883964767
intervalos,516,7,5.801355376466027
intervalos,517,2,0.7682790857347424
intervalos,517,3,1.9920008512269274
intervalos,517,4,3.4411616662134836
intervalos,517,5,4.844821213805585
intervalos,517,6,5.604318339847065
intervalos,517,7,5.8079132207181425
intervalos,518,2,0.8115252402269773
intervalos,518,3,2.0403963722303695
intervalos,518,4,3.4710394025561366
intervalos,518,5,4.780843990002013
intervalos,518,6,5.591695278354236
intervalos,518,7,5.805397050988244
intervalos,519,2,0.7108042169913453
intervalos,519,3,1.8388453530044582
intervalos,519,4,3.197390067805367
intervalos,519,5,4.557456638557087
intervalos,519,6,5.502302407761635
intervalos,519,7,5.786179343314748
intervalos,520,2,0.7105060580101337
intervalos,520,3,1.8450510110111176
intervalos,520,4,3.261455597452036
intervalos,520,5,4.688842390268491
intervalos,520,6,5.537251891992324
intervalos,520,7,5.787704848107065
intervalos,521,2,0.7584073426019478
intervalos,521,3,1.9695338941351543
intervalos,521,4,3.4069590141704444
intervalos,521,5,4.792972875736163
intervalos,521,6,5.586677567788217
intervalos,521,7,5.789230352899382
intervalos,522,2,0.7241285865191337
intervalos,522,3,1.8855773865922887
intervalos,522,4,3.278165024092371
intervalos,522,5,4.635952711410879
intervalos,522,6,5.5473660982021435
intervalos,522,7,5.813480400032675
intervalos,523,2,0.7568985759557065
intervalos,523,3,1.9649722849298044
intervalos,523,4,3.3755966847535057
intervalos,523,5,4.761681386033388
intervalos,523,6,5.584168712505206
intervalos,523,7,5.809438725510459
intervalos,524,2,0.7357970969588479
intervalos,524,3,1.908321496304345
intervalos,524,4,3.304202395328249
intervalos,524,5,4.671375167770533
intervalos,524,6,5.516901039449759
intervalos,524,7,5.789230352899382
intervalos,525,2,0.7582062627097245
intervalos,525,3,1.9278621036030241
intervalos,525,4,3.341864723977802
intervalos,525,5,4.694687248455656
intervalos,525,6,5.580672072124547
intervalos,525,7,5.801355376466027
intervalos,526,2,0.7241285865191337
intervalos,526,3,1.8521897954815407
intervalos,526,4,3.2206337497715656
intervalos,526,5,4.57431708560931
intervalos,526,6,5.475815224869097
intervalos,526,7,5.771538150018202
intervalos,527,2,0.7584073426019478
intervalos,527,3,1.9453472301849044
intervalos,527,4,3.333111146999803
intervalos,527,5,4.693778025943605
intervalos,527,6,5.500982562776974
intervalos,527,7,5.782137668792532
intervalos,528,2,0.7357970969588479
intervalos,528,3,1.8836542687207714
intervalos,528,4,3.243475285117962
intervalos,528,5,4.599701699279076
intervalos,528,6,5.49649813729867
intervalos,528,7,5.793272027421597
intervalos,529,2,0.7678757188282984
intervalos,529,3,1.9310016498658054
intervalos,529,4,3.379383238992085
intervalos,529,5,4.736936382069445
intervalos,529,6,5.539839532353113
intervalos,529,7,5.781147003854949
intervalos,530,2,0.735530371474798
intervalos,530,3,1.8819608135186758
intervalos,530,4,3.2458487335766533
intervalos,530,5,4.61397330448179
intervalos,530,6,5.555959234226601
intervalos,530,7,5.80943872551046
intervalos,531,2,0.795165014597641
intervalos,531,3,2.010344305307831
intervalos,531,4,3.455412631572578
intervalos,531,5,4.825273088091665
intervalos,531,6,5.581659857222199
intervalos,531,7,5.786179343314749
intervalos,532,2,0.7366303056331991
intervalos,532,3,1.9303255433662452
intervalos,532,4,3.374613160403401
intervalos,532,5,4.735550176238504
intervalos,532,6,5.556212509035832
intervalos,532,7,5.801355376466028
intervalos,533,2,0.7676908054223712
intervalos,533,3,1.9620013417166926
intervalos,533,4,3.362830783764651
intervalos,533,5,4.778953811212796
intervalos,533,6,5.614432546056888
intervalos,533,7,5.813480400032675
intervalos,534,2,0.735530371474798
intervalos,534,3,1.9105681228863416
intervalos,534,4,3.3171264232604365
intervalos,534,5,4.736703569198587
intervalos,534,6,5.552715868655176
intervalos,534,7,5.805397050988243
intervalos,535,2,0.7583738311858802
intervalos,535,3,1.9600400933992204
intervalos,535,4,3.3732958230139083
intervalos,535,5,4.789389526085956
intervalos,535,6,5.608348265315439
intervalos,535,7,5.825605423599322
intervalos,536,2,0.7865129830642659
intervalos,536,3,2.0365889878720638
intervalos,536,4,3.4606655696387754
intervalos,536,5,4.7771555117150495
intervalos,536,6,5.52417433048956
intervalos,536,7,5.785188678377166
intervalos,537,2,0.7583068060747675
intervalos,537,3,1.9573103296744276
intervalos,537,4,3.3978688334974647
intervalos,537,5,4.77539049818084
intervalos,537,6,5.608348265315439
intervalos,537,7,5.797313701943813
intervalos,538,2,0.7086495086620137
intervalos,538,3,1.853696925020793
intervalos,538,4,3.268857867426777
intervalos,538,5,4.643649848374567
intervalos,538,6,5.495964852210958
intervalos,538,7,5.760403791389138
intervalos,539,2,0.7666144848406199
intervalos,539,3,1.9463521550496214
intervalos,539,4,3.347595726636534
intervalos,539,5,4.707040908493592
intervalos,539,6,5.4954315671232425
intervalos,539,7,5.760938631243873
intervalos,540,2,0.7479234813418589
intervalos,540,3,1.9128694511417994
intervalos,540,4,3.294634856542704
intervalos,540,5,4.675743905834351
intervalos,540,6,5.566527940446356
intervalos,540,7,5.785188678377166
intervalos,541,2,0.7583068060747675
intervalos,541,3,1.9417728833268404
intervalos,541,4,3.3699370464752314
intervalos,541,5,4.791837770519904
intervalos,541,6,5.598767344193329
intervalos,541,7,5.805397050988243
intervalos,542,2,0.7237297775085434
intervalos,542,3,1.890013029031958
intervalos,542,4,3.2572037176021396
intervalos,542,5,4.643798591573722
intervalos,542,6,5.49773919720555
intervalos,542,7,5.767496475495986
intervalos,543,2,0.7221501097655418
intervalos,543,3,1.8694188124050561
intervalos,543,4,3.2314094009009633
intervalos,543,5,4.55965522244102
intervalos,543,6,5.445551391317415
intervalos,543,7,5.739204753840478
intervalos,544,2,0.7367302592973651
intervalos,544,3,1.9051645956910044
intervalos,544,4,3.295947857188543
intervalos,544,5,4.672010372920319
intervalos,544,6,5.541360602538475
intervalos,544,7,5.805397050988243
intervalos,545,2,0.7363970542821767
intervalos,545,3,1.9256360934565409
intervalos,545,4,3.320695116143861
intervalos,545,5,4.6753159639807045
intervalos,545,6,5.57861771685147
intervalos,545,7,5.805397050988243
intervalos,546,2,0.7475224602812404
intervalos,546,3,1.9012835996394033
intervalos,546,4,3.289273484653534
intervalos,546,5,4.672042543851926
intervalos,546,6,5.511350043796028
intervalos,546,7,5.789230352899382
intervalos,547,2,0.7577034432579299
intervalos,547,3,1.9276702427412313
intervalos,547,4,3.2854616171872992
intervalos,547,5,4.661472300631638
intervalos,547,6,5.56804901063172
intervalos,547,7,5.78114700385495
intervalos,548,2,0.7367302592973651
intervalos,548,3,1.9121256475875126
intervalos,548,4,3.3302621797861627
intervalos,548,5,4.703442235590936
intervalos,548,6,5.52298532019121
intervalos,548,7,5.78114700385495
intervalos,549,2,0.7073551890703156
intervalos,549,3,1.8512299757987767
intervalos,549,4,3.210847262951164
intervalos,549,5,4.541827945246017
intervalos,549,6,5.470517504024595
intervalos,549,7,5.79174652262928
intervalos,550,2,0.7465863222023585
intervalos,550,3,1.9019552550186936
intervalos,550,4,3.2756237744032664
intervalos,550,5,4.62771283868642
intervalos,550,6,5.494443782025596
intervalos,550,7,5.78114700385495
intervalos,551,2,0.7093459851389899
intervalos,551,3,1.8686323350395242
intervalos,551,4,3.2605766236333102
intervalos,551,5,4.581634961034358
intervalos,551,6,5.460228808083325
intervalos,551,7,5.745762598092593
intervalos,552,2,0.735530371474798
intervalos,552,3,1.93546727030795
intervalos,552,4,3.349561246076206
intervalos,552,5,4.732302328538922
intervalos,552,6,5.541080592259992
intervalos,552,7,5.7836631735848485
intervalos,553,2,0.7865975059667154
intervalos,553,3,2.01551808424614
intervalos,553,4,3.415172041183351
intervalos,553,5,4.776543559476682
intervalos,553,6,5.5584680895096135
intervalos,553,7,5.799829871673711
intervalos,554,2,0.7366969421558329
intervalos,554,3,1.9104128820748145
intervalos,554,4,3.2787156885625763
intervalos,554,5,4.648271127117731
intervalos,554,6,5.5241743304895605
intervalos,554,7,5.7690219802883025
intervalos,555,2,0.7468705695219284
intervalos,555,3,1.9177248752972853
intervalos,555,4,3.2981294752885058
intervalos,555,5,4.658504759986971
intervalos,555,6,5.550941523660583
intervalos,555,7,5.789230352899382
intervalos,556,2,0.7579045915706685
intervalos,556,3,1.940287889707094
intervalos,556,4,3.376942847690792
intervalos,556,5,4.748313374846644
intervalos,556,6,5.564019085163346
intervalos,556,7,5.801355376466028
intervalos,557,2,0.7363970542821767
intervalos,557,3,1.8990291411887088
intervalos,557,4,3.2750582129724704
intervalos,557,5,4.64085252761197
intervalos,557,6,5.489347286381793
intervalos,557,7,5.773063654810519
intervalos,558,2,0.7242781123931896
intervalos,558,3,1.9097165378930234
intervalos,558,4,3.3464138305400244
intervalos,558,5,4.705187521316652
intervalos,558,6,5.517434324537476
intervalos,558,7,5.773063654810519
intervalos,559,2,0.7459172896108015
intervalos,559,3,1.9080670099717738
intervalos,559,4,3.315456207836973
intervalos,559,5,4.740936338850606
intervalos,559,6,5.582114357232132
intervalos,559,7,5.789230352899382
intervalos,560,2,0.7583738311858802
intervalos,560,3,1.969551724381786
intervalos,560,4,3.4186072750906953
intervalos,560,5,4.81198640484139
intervalos,560,6,5.588198637973577
intervalos,560,7,5.794262692359179
intervalos,561,2,0.7681446423651528
intervalos,561,3,1.953677789293749
intervalos,561,4,3.3800178995850083
intervalos,561,5,4.80070492536669
intervalos,561,6,5.581458632021493
intervalos,561,7,5.799829871673712
intervalos,562,2,0.7568985759557065
intervalos,562,3,1.9344593883195906
intervalos,562,4,3.3278377549189653
intervalos,562,5,4.669904560603648
intervalos,562,6,5.492721486639531
intervalos,562,7,5.773063654810519
intervalos,563,2,0.7769784341649241
intervalos,563,3,1.9993357338679645
intervalos,563,4,3.4133329786031115
intervalos,563,5,4.746256387870589
intervalos,563,6,5.537583951879336
intervalos,563,7,5.757887621659238
intervalos,564,2,0.7365303452494213
intervalos,564,3,1.9286099161031642
intervalos,564,4,3.3195740611294386
intervalos,564,5,4.684627570064539
intervalos,564,6,5.5277497559479984
intervalos,564,7,5.795788197151497
intervalos,565,2,0.7245438991499014
intervalos,565,3,1.9061210116947112
intervalos,565,4,3.28834100826237
intervalos,565,5,4.639813181308828
intervalos,565,6,5.521665475206551
intervalos,565,7,5.783663173584849
intervalos,566,2,0.7583068060747675
intervalos,566,3,1.9425251726523132
intervalos,566,4,3.379320568894347
intervalos,566,5,4.809423337014319
intervalos,566,6,5.605839410032427
intervalos,566,7,5.805397050988243
intervalos,567,2,0.7682790857347424
intervalos,567,3,1.9377077628698898
intervalos,567,4,3.3589685896794146
intervalos,567,5,4.7988571666858295
intervalos,567,6,5.619450256622906
intervalos,567,7,5.8215637490771055
intervalos,568,2,0.7362304237641479
intervalos,568,3,1.9203873353987757
intervalos,568,4,3.305505218991601
intervalos,568,5,4.654486847126222
intervalos,568,6,5.513072339182094
intervalos,568,7,5.78923035289938
intervalos,569,2,0.7682790857347424
intervalos,569,3,1.9574827769974266
intervalos,569,4,3.375435577638986
intervalos,569,5,4.7862060202495815
intervalos,569,6,5.579151001939186
intervalos,569,7,5.801355376466028
intervalos,570,2,0.7360304424794006
intervalos,570,3,1.9271076011714443
intervalos,570,4,3.3262913384358264
intervalos,570,5,4.726801033723936
intervalos,570,6,5.582647642319844
intervalos,570,7,5.813480400032675
intervalos,571,2,0.7363970542821767
intervalos,571,3,1.8950531485320823
intervalos,571,4,3.22209819207047
intervalos,571,5,4.568306412096105
intervalos,571,6,5.453077957166446
intervalos,571,7,5.767496475495987
intervalos,572,2,0.7774842045436888
intervalos,572,3,1.926055492173183
intervalos,572,4,3.3434851661522322
intervalos,572,5,4.714208716194433
intervalos,572,6,5.568503510641653
intervalos,572,7,5.781147003854951
intervalos,573,2,0.7362304237641479
intervalos,573,3,1.9360470024350502
intervalos,573,4,3.3443476733877113
intervalos,573,5,4.675212166500514
intervalos,573,6,5.498473707493966
intervalos,573,7,5.761929296181455
intervalos,574,2,0.7479401881988783
intervalos,574,3,1.930537525446363
intervalos,574,4,3.254729096844612
intervalos,574,5,4.565152328824594
intervalos,574,6,5.467554148731652
intervalos,574,7,5.756896956721656
intervalos,575,2,0.723480467665767
intervalos,575,3,1.8893450840306083
intervalos,575,4,3.2653464727753523
intervalos,575,5,4.621982803892372
intervalos,575,6,5.552917093855878
intervalos,575,7,5.801355376466027
intervalos,576,2,0.78461839027571
intervalos,576,3,2.004101783476919
intervalos,576,4,3.452261193093366
intervalos,576,5,4.7414047560040125
intervalos,576,6,5.536062881693971
intervalos,576,7,5.795788197151495
intervalos,577,2,0.7242781123931896
intervalos,577,3,1.8938687348322434
intervalos,577,4,3.2911817324458568
intervalos,577,5,4.700689220073302
intervalos,577,6,5.503036918050052
intervalos,577,7,5.767496475495987
intervalos,578,2,0.7352302480345796
intervalos,578,3,1.9206989621808417
intervalos,578,4,3.286571092494336
intervalos,578,5,4.6522221496501714
intervalos,578,6,5.500982562776973
intervalos,578,7,5.777105329332734
intervalos,579,2,0.7476728558924577
intervalos,579,3,1.925131027413421
intervalos,579,4,3.3384571569254753
intervalos,579,5,4.669113018759566
intervalos,579,6,5.507066843518423
intervalos,579,7,5.787704848107064
intervalos,580,2,0.7242781123931896
intervalos,580,3,1.9224002609794764
intervalos,580,4,3.370178955701268
intervalos,580,5,4.761190519526713
intervalos,580,6,5.544857242919137
intervalos,580,7,5.790221017836964
intervalos,581,2,0.7574687356054106
intervalos,581,3,1.9750792797882764
intervalos,581,4,3.4123846627791834
intervalos,581,5,4.782499476974936
intervalos,581,6,5.602342769651771
intervalos,581,7,5.7836631735848485
intervalos,582,2,0.7366969421558329
intervalos,582,3,1.9401218148694703
intervalos,582,4,3.3766337780407225
intervalos,582,5,4.756724605339593
intervalos,582,6,5.603785054759351
intervalos,582,7,5.805397050988243
intervalos,583,2,0.7221501097655418
intervalos,583,3,1.9012261554638192
intervalos,583,4,3.290323949803148
intervalos,583,5,4.670333826982343
intervalos,583,6,5.543336172733773
intervalos,583,7,5.791746522629281
intervalos,584,2,0.7577034432579299
intervalos,584,3,1.9443963064127998
intervalos,584,4,3.3703872086855355
intervalos,584,5,4.754245491644607
intervalos,584,6,5.5531703686651115
intervalos,584,7,5.7836631735848485
intervalos,585,2,0.7101415607117272
intervalos,585,3,1.880347490448103
intervalos,585,4,3.2704282842044474
intervalos,585,5,4.681563523256561
intervalos,585,6,5.552383808768164
intervalos,585,7,5.80943872551046
intervalos,586,2,0.7471213306837545
intervalos,586,3,1.9075076546612166
intervalos,586,4,3.2971276146876822
intervalos,586,5,4.655891009036748
intervalos,586,6,5.514925469254466
intervalos,586,7,5.809438725510459
intervalos,587,2,0.7105060580101337
intervalos,587,3,1.8922084609457297
intervalos,587,4,3.274251413891361
intervalos,587,5,4.7023169406706575
intervalos,587,6,5.589186423071226
intervalos,587,7,5.801355376466029
intervalos,588,2,0.7950632846269803
intervalos,588,3,2.00884547918252
intervalos,588,4,3.4674978180999094
intervalos,588,5,4.836038460294741
intervalos,588,6,5.567515725544004
intervalos,588,7,5.785188678377166
intervalos,589,2,0.7366969421558329
intervalos,589,3,1.8924624855175634
intervalos,589,4,3.2991475774341774
intervalos,589,5,4.675790291617982
intervalos,589,6,5.557480304411963
intervalos,589,7,5.782137668792533
intervalos,590,2,0.7680269943561371
intervalos,590,3,1.965132788032317
intervalos,590,4,3.385998093588598
intervalos,590,5,4.730533126573298
intervalos,590,6,5.553450378943593
intervalos,590,7,5.786179343314747
intervalos,591,2,0.7366303056331991
intervalos,591,3,1.8920385075261563
intervalos,591,4,3.297293836189119
intervalos,591,5,4.6503184193374185
intervalos,591,6,5.5171022646504655
intervalos,591,7,5.76597097070367
intervalos,592,2,0.7577034432579299
intervalos,592,3,1.9097556708868573
intervalos,592,4,3.287657769544118
intervalos,592,5,4.655052059062237
intervalos,592,6,5.5402940323630485
intervalos,592,7,5.797313701943812
intervalos,593,2,0.7476728558924577
intervalos,593,3,1.965062265625411
intervalos,593,4,3.4173225134097636
intervalos,593,5,4.793876469752134
intervalos,593,6,5.601608259363354
intervalos,593,7,5.795788197151496
intervalos,594,2,0.7243943999285574
intervalos,594,3,1.908132698213931
intervalos,594,4,3.3232462318543625
intervalos,594,5,4.762608896289258
intervalos,594,6,5.570557865914728
intervalos,594,7,5.763454800973771
intervalos,595,2,0.7479234813418589
intervalos,595,3,1.9443532885622286
intervalos,595,4,3.3789050805676832
intervalos,595,5,4.801210006725384
intervalos,595,6,5.630018962842661
intervalos,595,7,5.821563749077106
intervalos,596,2,0.7583068060747675
intervalos,596,3,1.9552984017077346
intervalos,596,4,3.4406317448881705
intervalos,596,5,4.845073754484932
intervalos,596,6,5.620971326808269
intervalos,596,7,5.797313701943812
intervalos,597,2,0.7245438991499014
intervalos,597,3,1.894585100862209
intervalos,597,4,3.309577741281171
intervalos,597,5,4.696404551681181
intervalos,597,6,5.516114479552815
intervalos,597,7,5.7836631735848485
intervalos,598,2,0.7577034432579299
intervalos,598,3,1.9503202350019035
intervalos,598,4,3.3712903976384827
intervalos,598,5,4.733600060142116
intervalos,598,6,5.5926830634518865
intervalos,598,7,5.791746522629279
intervalos,599,2,0.6927342554425935
intervalos,599,3,1.8107286881425613
intervalos,599,4,3.1778820992216485
intervalos,599,5,4.579721535965233
intervalos,599,6,5.499994777679328
intervalos,599,7,5.781147003854951
intervalos,600,2,0.7473386226950005
intervalos,600,3,1.9531435796591252
intervalos,600,4,3.335800302043276
intervalos,600,5,4.73153193171352
intervalos,600,6,5.567515725544007
intervalos,600,7,5.785188678377165
intervalos,601,2,0.7582062627097245
intervalos,601,3,1.9178363499130708
intervalos,601,4,3.3261235614837577
intervalos,601,5,4.763314287922965
intervalos,601,6,5.614887046066823
intervalos,601,7,5.813480400032675
intervalos,602,2,0.7476728558924577
intervalos,602,3,1.8892983058448474
intervalos,602,4,3.252031693037656
intervalos,602,5,4.606628323877743
intervalos,602,6,5.491200416454167
intervalos,602,7,5.75537145192934
intervalos,603,2,0.7574687356054106
intervalos,603,3,1.9351776863400958
intervalos,603,4,3.3331435898386994
intervalos,603,5,4.686380262646758
intervalos,603,6,5.456452157424184
intervalos,603,7,5.757887621659238
intervalos,604,2,0.7674722414683594
intervalos,604,3,1.9438293513982285
intervalos,604,4,3.3648460997467926
intervalos,604,5,4.74293428079529
intervalos,604,6,5.572078936100089
intervalos,604,7,5.809438725510459
intervalos,605,2,0.7680269943561371
intervalos,605,3,1.970613060337599
intervalos,605,4,3.403950195947046
intervalos,605,5,4.800613593864096
intervalos,605,6,5.586677567788217
intervalos,605,7,5.7932720274215965
intervalos,606,2,0.7577034432579299
intervalos,606,3,1.954171153681653
intervalos,606,4,3.364087466678127
intervalos,606,5,4.748842372445245
intervalos,606,6,5.549673728284451
intervalos,606,7,5.769021980288303
intervalos,607,2,0.7477898197081125
intervalos,607,3,1.9611460562391405
intervalos,607,4,3.4209738969558803
intervalos,607,5,4.8440891641967365
intervalos,607,6,5.614887046066821
intervalos,607,7,5.817522074554891
intervalos,608,2,0.7473386226950005
intervalos,608,3,1.906638424068728
intervalos,608,4,3.265124491548037
intervalos,608,5,4.568819863686119
intervalos,608,6,5.476601784766041
intervalos,608,7,5.771538150018203
intervalos,609,2,0.7858366242270355
intervalos,609,3,2.013993255826311
intervalos,609,4,3.469682346723076
intervalos,609,5,4.915969895984338
intervalos,609,6,5.67031821752638
intervalos,609,7,5.817522074554891
intervalos,610,2,0.7473386226950005
intervalos,610,3,1.9149547981288289
intervalos,610,4,3.305263385564767
intervalos,610,5,4.6632781869930096
intervalos,610,6,5.517635549738178
intervalos,610,7,5.771538150018202
intervalos,611,2,0.7366969421558329
intervalos,611,3,1.8711666874658734
intervalos,611,4,3.251071358384524
intervalos,611,5,4.651849295475716
intervalos,611,6,5.521997535093561
intervalos,611,7,5.756896956721657
intervalos,612,2,0.7680269943561371
intervalos,612,3,1.9599794522428278
intervalos,612,4,3.367715248073186
intervalos,612,5,4.713354465821956
intervalos,612,6,5.548887168387507
intervalos,612,7,5.795788197151496
intervalos,613,2,0.758072194250097
intervalos,613,3,1.9869957462313856
intervalos,613,4,3.47199265047338
intervalos,613,5,4.8468754590464
intervalos,613,6,5.633061103213385
intervalos,613,7,5.805397050988243
intervalos,614,2,0.7583068060747675
intervalos,614,3,1.973862692408505
intervalos,614,4,3.4470296861619483
intervalos,614,5,4.836906809979625
intervalos,614,6,5.619983541710619
intervalos,614,7,5.813480400032675
intervalos,615,2,0.7245438991499014
intervalos,615,3,1.904729188188674
intervalos,615,4,3.3165699292991744
intervalos,615,5,4.7154786814220655
intervalos,615,6,5.593749633627313
intervalos,615,7,5.7973137019438115
intervalos,616,2,0.7366969421558329
intervalos,616,3,1.9007397190281268
intervalos,616,4,3.320441552559183
intervalos,616,5,4.767949004781975
intervalos,616,6,5.600821699466406
intervalos,616,7,5.813480400032675
intervalos,617,2,0.7365303452494213
intervalos,617,3,1.90235783881022
intervalos,617,4,3.308049260093309
intervalos,617,5,4.710443012348797
intervalos,617,6,5.589186423071226
intervalos,617,7,5.805397050988244
intervalos,618,2,0.7473386226950005
intervalos,618,3,1.905709774542332
intervalos,618,4,3.286797948993216
intervalos,618,5,4.666643938116707
intervalos,618,6,5.490212631356521
intervalos,618,7,5.745762598092593
intervalos,619,2,0.7681446423651528
intervalos,619,3,1.9313473772761247
intervalos,619,4,3.3659055195658434
intervalos,619,5,4.824637551277634
intervalos,619,6,5.6451508796185
intervalos,619,7,5.825605423599321
intervalos,620,2,0.7245438991499014
intervalos,620,3,1.9000329950927122
intervalos,620,4,3.2846499913411416
intervalos,620,5,4.635780058603329
intervalos,620,6,5.516114479552814
intervalos,620,7,5.797313701943812
intervalos,621,2,0.7561939568734317
intervalos,621,3,1.9389506222487611
intervalos,621,4,3.37432340513693
intervalos,621,5,4.701967887196493
intervalos,621,6,5.4944437820255905
intervalos,621,7,5.78114700385495
intervalos,622,2,0.7583068060747675
intervalos,622,3,1.980562825344051
intervalos,622,4,3.3922411759057423
intervalos,622,5,4.781579228549952
intervalos,622,6,5.600288414378696
intervalos,622,7,5.799829871673712
intervalos,623,2,0.7775853377306512
intervalos,623,3,2.0077127549024545
intervalos,623,4,3.4349083750844414
intervalos,623,5,4.798072886672642
intervalos,623,6,5.570103365904795
intervalos,623,7,5.777105329332735
intervalos,624,2,0.7231978660610687
intervalos,624,3,1.8739291483789187
intervalos,624,4,3.2880126960679816
intervalos,624,5,4.636845640664154
intervalos,624,6,5.458226502418776
intervalos,624,7,5.7457625980925915
intervalos,625,2,0.7363970542821767
intervalos,625,3,1.9132480761650543
intervalos,625,4,3.3466216104023885
intervalos,625,5,4.724738418251797
intervalos,625,6,5.5478993832898595
intervalos,625,7,5.793272027421597
intervalos,626,2,0.7341292759155469
intervalos,626,3,1.9128852294408496
intervalos,626,4,3.3278056741371334
intervalos,626,5,4.746587816929415
intervalos,626,6,5.5615102298803345
intervalos,626,7,5.793272027421596
intervalos,627,2,0.7666144848406199
intervalos,627,3,1.9700785791667899
intervalos,627,4,3.3853699900683214
intervalos,627,5,4.753859753774691
intervalos,627,6,5.56097694479262
intervalos,627,7,5.811954895240358
intervalos,628,2,0.7479234813418589
intervalos,628,3,1.9567883687021543
intervalos,628,4,3.377338034657769
intervalos,628,5,4.734817794965414
intervalos,628,6,5.562498014977984
intervalos,628,7,5.7973137019438115
intervalos,629,2,0.7096443756320245
intervalos,629,3,1.8280726887056828
intervalos,629,4,3.1596535335520826
intervalos,629,5,4.517250392606946
intervalos,629,6,5.473105144385383
intervalos,629,7,5.769021980288303
intervalos,630,2,0.7477898197081125
intervalos,630,3,1.9253914290804557
intervalos,630,4,3.3336122745208234
intervalos,630,5,4.751838011129721
intervalos,630,6,5.632527818125672
intervalos,630,7,5.817522074554891
intervalos,631,2,0.758072194250097
intervalos,631,3,1.9300717504873626
intervalos,631,4,3.2944410131913098
intervalos,631,5,4.64657244330027
intervalos,631,6,5.5216654752065475
intervalos,631,7,5.789230352899382
intervalos,632,2,0.7362304237641479
intervalos,632,3,1.9171264506767245
intervalos,632,4,3.3039072714040585
intervalos,632,5,4.666970962619493
intervalos,632,6,5.4702642292153625
intervalos,632,7,5.738669913985744
intervalos,633,2,0.7103403884375702
intervalos,633,3,1.8394475437581166
intervalos,633,4,3.265297794634441
intervalos,633,5,4.676275645168187
intervalos,633,6,5.555224723938184
intervalos,633,7,5.7932720274215965
intervalos,634,2,0.7108042169913453
intervalos,634,3,1.8556843242289345
intervalos,634,4,3.2292076539634835
intervalos,634,5,4.581414591286614
intervalos,634,6,5.436302530082322
intervalos,634,7,5.771538150018203
intervalos,635,2,0.7244774569018029
intervalos,635,3,1.8601805062490608
intervalos,635,4,3.195082338095078
intervalos,635,5,4.551811754481095
intervalos,635,6,5.466767588834704
intervalos,635,7,5.771538150018203
intervalos,636,2,0.7366969421558329
intervalos,636,3,1.8872318925300664
intervalos,636,4,3.2632608708122315
intervalos,636,5,4.6349681211226885
intervalos,636,6,5.496498137298669
intervalos,636,7,5.789230352899382
intervalos,637,2,0.7352302480345796
intervalos,637,3,1.908564813760362
intervalos,637,4,3.328578035506755
intervalos,637,5,4.714479876281847
intervalos,637,6,5.552917093855879
intervalos,637,7,5.815996569762574
intervalos,638,2,0.7352302480345796
intervalos,638,3,1.9214737288430515
intervalos,638,4,3.355530237933144
intervalos,638,5,4.721928322701843
intervalos,638,6,5.5831809274075574
intervalos,638,7,5.793272027421597
intervalos,639,2,0.7583738311858802
intervalos,639,3,1.96796307431646
intervalos,639,4,3.410161972543689
intervalos,639,5,4.772835267327604
intervalos,639,6,5.564473585173278
intervalos,639,7,5.7973137019438115
intervalos,640,2,0.7583068060747675
intervalos,640,3,1.973682560057399
intervalos,640,4,3.4060971915129037
intervalos,640,5,4.789144131697885
intervalos,640,6,5.580138787036834
intervalos,640,7,5.79174652262928
intervalos,641,2,0.7366303056331991
intervalos,641,3,1.9077534471160644
intervalos,641,4,3.299489380462679
intervalos,641,5,4.694687248455659
intervalos,641,6,5.580138787036834
intervalos,641,7,5.809438725510459
intervalos,642,2,0.7241285865191337
intervalos,642,3,1.8759873301628092
intervalos,642,4,3.2872511044487545
intervalos,642,5,4.639085649663717
intervalos,642,6,5.483472625404436
intervalos,642,7,5.770012645225886
intervalos,643,2,0.7584073426019478
intervalos,643,3,1.9688745973977135
intervalos,643,4,3.393991234410415
intervalos,643,5,4.729517473753919
intervalos,643,6,5.589186423071226
intervalos,643,7,5.805397050988243
intervalos,644,2,0.7366969421558329
intervalos,644,3,1.906529388400074
intervalos,644,4,3.296004860385384
intervalos,644,5,4.684824477407746
intervalos,644,6,5.565006870260994
intervalos,644,7,5.7932720274215965
intervalos,645,2,0.7217341288860042
intervalos,645,3,1.851771392481586
intervalos,645,4,3.2106048412665156
intervalos,645,5,4.612320343119474
intervalos,645,6,5.555425949138887
intervalos,645,7,5.813480400032675
intervalos,646,2,0.7245272888653885
intervalos,646,3,1.9049396628581623
intervalos,646,4,3.303489548194331
intervalos,646,5,4.727981084659158
intervalos,646,6,5.5907074932565894
intervalos,646,7,5.787704848107065
intervalos,647,2,0.7477898197081125
intervalos,647,3,1.930730980171123
intervalos,647,4,3.313069188918879
intervalos,647,5,4.690805304006714
intervalos,647,6,5.533221966523951
intervalos,647,7,5.756896956721658
intervalos,648,2,0.7475224602812404
intervalos,648,3,1.9022042792596976
intervalos,648,4,3.2843132522008425
intervalos,648,5,4.666139965158434
intervalos,648,6,5.493455996927947
intervalos,648,7,5.7513297774071255
intervalos,649,2,0.7479234813418589
intervalos,649,3,1.9108574194207637
intervalos,649,4,3.283573548579417
intervalos,649,5,4.70461821363436
intervalos,649,6,5.577096646666108
intervalos,649,7,5.809438725510459
intervalos,650,2,0.7950632846269803
intervalos,650,3,1.974153577808777
intervalos,650,4,3.3893442947186467
intervalos,650,5,4.719819321446081
intervalos,650,6,5.544323957831419
intervalos,650,7,5.771538150018204
intervalos,651,2,0.7363970542821767
intervalos,651,3,1.891228291171278
intervalos,651,4,3.318350783164484
intervalos,651,5,4.761597316361682
intervalos,651,6,5.589186423071228
intervalos,651,7,5.7932720274215965
intervalos,652,2,0.7680269943561371
intervalos,652,3,1.982688372141448
intervalos,652,4,3.398555943581103
intervalos,652,5,4.805670292416426
intervalos,652,6,5.588783972669819
intervalos,652,7,5.789230352899382
intervalos,653,2,0.7221501097655418
intervalos,653,3,1.875913868191465
intervalos,653,4,3.26896472501181
intervalos,653,5,4.690771693010441
intervalos,653,6,5.555425949138888
intervalos,653,7,5.793272027421597
intervalos,654,2,0.7477898197081125
intervalos,654,3,1.9429817609838262
intervalos,654,4,3.3967325297075344
intervalos,654,5,4.782440316403947
intervalos,654,6,5.527749755947998
intervalos,654,7,5.773063654810518
intervalos,655,2,0.722881953732514
intervalos,655,3,1.8680576356827852
intervalos,655,4,3.265110275819015
intervalos,655,5,4.664244712293519
intervalos,655,6,5.5688355705286625
intervalos,655,7,5.809438725510459
intervalos,656,2,0.7678757188282984
intervalos,656,3,1.9692972035415248
intervalos,656,4,3.4254254443469536
intervalos,656,5,4.784451033135984
intervalos,656,6,5.594737418724959
intervalos,656,7,5.793272027421597
intervalos,657,2,0.6928829215832799
intervalos,657,3,1.8435324202164836
intervalos,657,4,3.2325906349519524
intervalos,657,5,4.611289035383405
intervalos,657,6,5.503491418059986
intervalos,657,7,5.75537145192934
intervalos,658,2,0.7577034432579299
intervalos,658,3,1.9268524172128945
intervalos,658,4,3.3048065318850326
intervalos,658,5,4.624277123834943
intervalos,658,6,5.507600128606139
intervalos,658,7,5.79174652262928
intervalos,659,2,0.7245272888653885
intervalos,659,3,1.899070746420395
intervalos,659,4,3.3036109372682225
intervalos,659,5,4.59722665847589
intervalos,659,6,5.463192163376266
intervalos,659,7,5.778095994270317
intervalos,660,2,0.7471213306837545
intervalos,660,3,1.9119084821926455
intervalos,660,4,3.287897319926507
intervalos,660,5,4.6401107152516685
intervalos,660,6,5.439597945262278
intervalos,660,7,5.760938631243873
intervalos,661,2,0.7952328306430712
intervalos,661,3,2.017755825616406
intervalos,661,4,3.4222431503764885
intervalos,661,5,4.7605085969290535
intervalos,661,6,5.584168712505206
intervalos,661,7,5.797313701943812
intervalos,662,2,0.7345297239452897
intervalos,662,3,1.8929573265752213
intervalos,662,4,3.2576602056683646
intervalos,662,5,4.642659297926045
intervalos,662,6,5.483472625404434
intervalos,662,7,5.783663173584849
intervalos,663,2,0.7577034432579299
intervalos,663,3,1.9178746659007766
intervalos,663,4,3.301975881051929
intervalos,663,5,4.61217193158456
intervalos,663,6,5.465701018659273
intervalos,663,7,5.777105329332733
intervalos,664,2,0.7478733596412785
intervalos,664,3,1.9190397742503478
intervalos,664,4,3.389465054270477
intervalos,664,5,4.799990831837423
intervalos,664,6,5.612378190783811
intervalos,664,7,5.809438725510459
intervalos,665,2,0.7245272888653885
intervalos,665,3,1.8662037846211421
intervalos,665,4,3.2806935638116026
intervalos,665,5,4.65732360065132
intervalos,665,6,5.50678683323994
intervalos,665,7,5.771538150018202
intervalos,666,2,0.7477898197081125
intervalos,666,3,1.9597673509816393
intervalos,666,4,3.3980417034974875
intervalos,666,5,4.794742077701782
intervalos,666,6,5.594282918715027
intervalos,666,7,5.789230352899381
intervalos,667,2,0.7367302592973651
intervalos,667,3,1.9026370751486978
intervalos,667,4,3.2917981141739707
intervalos,667,5,4.657752982569632
intervalos,667,6,5.538571736976983
intervalos,667,7,5.791746522629281
intervalos,668,2,0.7366303056331991
intervalos,668,3,1.9104086274708045
intervalos,668,4,3.3482989665542067
intervalos,668,5,4.772135388650366
intervalos,668,6,5.561964729890273
intervalos,668,7,5.756896956721656
intervalos,669,2,0.7863946428090924
intervalos,669,3,1.9783183689906332
intervalos,669,4,3.3767734781300827
intervalos,669,5,4.751578540283721
intervalos,669,6,5.566982440456291
intervalos,669,7,5.795788197151496
intervalos,670,2,0.7479234813418589
intervalos,670,3,1.9422721081194865
intervalos,670,4,3.361283577351047
intervalos,670,5,4.721461256895465
intervalos,670,6,5.523186545391914
intervalos,670,7,5.777105329332733
intervalos,671,2,0.7775853377306512
intervalos,671,3,1.9707952115211191
intervalos,671,4,3.348053989615762
intervalos,671,5,4.693371229108638
intervalos,671,6,5.548353883299791
intervalos,671,7,5.8079132207181425
intervalos,672,2,0.7584073426019478
intervalos,672,3,1.930714040291369
intervalos,672,4,3.3634156607709937
intervalos,672,5,4.755330029277332
intervalos,672,6,5.539306247265401
intervalos,672,7,5.79174652262928
intervalos,673,2,0.7241285865191337
intervalos,673,3,1.865610527180659
intervalos,673,4,3.260152139568106
intervalos,673,5,4.664258595481304
intervalos,673,6,5.5377851770800355
intervalos,673,7,5.771538150018202
intervalos,674,2,0.7478733596412785
intervalos,674,3,1.9177325266265663
intervalos,674,4,3.3338244372168546
intervalos,674,5,4.714558101332842
intervalos,674,6,5.528737541045646
intervalos,674,7,5.782137668792533
intervalos,675,2,0.7212847387803814
intervalos,675,3,1.8682403613205725
intervalos,675,4,3.231586972494963
intervalos,675,5,4.605312304530718
intervalos,675,6,5.489224846258871
intervalos,675,7,5.78114700385495
intervalos,676,2,0.7773493494664618
intervalos,676,3,1.9575742272266177
intervalos,676,4,3.3545317527001455
intervalos,676,5,4.723431100800336
intervalos,676,6,5.532566241313315
intervalos,676,7,5.81752207455489
intervalos,677,2,0.7775853377306512
intervalos,677,3,1.9953905879720009
intervalos,677,4,3.4804772439203338
intervalos,677,5,4.836589927437067
intervalos,677,6,5.593749633627313
intervalos,677,7,5.80943872551046
intervalos,678,2,0.7108373420979117
intervalos,678,3,1.878466082185906
intervalos,678,4,3.315979863984546
intervalos,678,5,4.727318558205741
intervalos,678,6,5.538370511776279
intervalos,678,7,5.767496475495986
intervalos,679,2,0.7473386226950005
intervalos,679,3,1.9586750440750864
intervalos,679,4,3.433463685609185
intervalos,679,5,4.824918189996789
intervalos,679,6,5.649180805086874
intervalos,679,7,5.809438725510459
intervalos,680,2,0.7676908054223712
intervalos,680,3,1.9612495972006645
intervalos,680,4,3.417489084956677
intervalos,680,5,4.779783368609192
intervalos,680,6,5.606827195130076
intervalos,680,7,5.801355376466028
intervalos,681,2,0.7774842045436888
intervalos,681,3,1.983870232104271
intervalos,681,4,3.3606827825271033
intervalos,681,5,4.730067169167341
intervalos,681,6,5.54835388329979
intervalos,681,7,5.773063654810518
intervalos,682,2,0.7245272888653885
intervalos,682,3,1.9247621147210574
intervalos,682,4,3.3506667891149253
intervalos,682,5,4.723995011065778
intervalos,682,6,5.537583951879334
intervalos,682,7,5.781147003854951
intervalos,683,2,0.7476728558924577
intervalos,683,3,1.927122247081551
intervalos,683,4,3.3329483779298954
intervalos,683,5,4.713938103895887
intervalos,683,6,5.587665352885867
intervalos,683,7,5.80943872551046
intervalos,684,2,0.7582062627097245
intervalos,684,3,1.9224859309520235
intervalos,684,4,3.3510440753119597
intervalos,684,5,4.753644896983411
intervalos,684,6,5.531779681416371
intervalos,684,7,5.7649803057660876
intervalos,685,2,0.7366303056331991
intervalos,685,3,1.893632824565601
intervalos,685,4,3.2827658696833373
intervalos,685,5,4.630279095452587
intervalos,685,6,5.446136726013657
intervalos,685,7,5.74728810288491
intervalos,686,2,0.7775853377306512
intervalos,686,3,1.9919338093898125
intervalos,686,4,3.3975081728604137
intervalos,686,5,4.746587816929413
intervalos,686,6,5.579151001939186
intervalos,686,7,5.797313701943812
intervalos,687,2,0.7357970969588479
intervalos,687,3,1.9173608391789931
intervalos,687,4,3.3370932842907366
intervalos,687,5,4.710909301418997
intervalos,687,6,5.535730821806959
intervalos,687,7,5.789230352899382
intervalos,688,2,0.7468705695219284
intervalos,688,3,1.9090233190270802
intervalos,688,4,3.292928007187406
intervalos,688,5,4.667913571680098
intervalos,688,6,5.503036918050051
intervalos,688,7,5.7932720274215965
intervalos,689,2,0.7101415607117272
intervalos,689,3,1.8571277968540314
intervalos,689,4,3.2591870669262266
intervalos,689,5,4.674476898466579
intervalos,689,6,5.536596166781689
intervalos,689,7,5.772528814955786
intervalos,690,2,0.7568985759557065
intervalos,690,3,1.959623405578495
intervalos,690,4,3.423018735899459
intervalos,690,5,4.796195698795418
intervalos,690,6,5.585156497602854
intervalos,690,7,5.799829871673711
intervalos,691,2,0.7583738311858802
intervalos,691,3,1.9578826595031114
intervalos,691,4,3.376506844986216
intervalos,691,5,4.761434358310502
intervalos,691,6,5.593216348539598
intervalos,691,7,5.813480400032675
intervalos,692,2,0.7584073426019478
intervalos,692,3,1.9133536957688109
intervalos,692,4,3.281953820026428
intervalos,692,5,4.616062462389449
intervalos,692,6,5.494775841912604
intervalos,692,7,5.763454800973771
intervalos,693,2,0.7243943999285574
intervalos,693,3,1.8555757835456708
intervalos,693,4,3.259854931335424
intervalos,693,5,4.675996114849456
intervalos,693,6,5.550408238572867
intervalos,693,7,5.78114700385495
intervalos,694,2,0.7674722414683594
intervalos,694,3,1.9928609974144396
intervalos,694,4,3.479870525000569
intervalos,694,5,4.824645921508955
intervalos,694,6,5.609869335500801
intervalos,694,7,5.805397050988244
intervalos,695,2,0.7217341288860042
intervalos,695,3,1.8483354457182175
intervalos,695,4,3.2021557970992705
intervalos,695,5,4.566062882493209
intervalos,695,6,5.514593409367453
intervalos,695,7,5.789230352899382
intervalos,696,2,0.7365303452494213
intervalos,696,3,1.917896687410587
intervalos,696,4,3.3036934366547066
intervalos,696,5,4.646916315482212
intervalos,696,6,5.522452035103494
intervalos,696,7,5.774054319748102
intervalos,697,2,0.7672200119803199
intervalos,697,3,1.9351963350807546
intervalos,697,4,3.3333347682568033
intervalos,697,5,4.737054062737417
intervalos,697,6,5.578084431763757
intervalos,697,7,5.7932720274215965
intervalos,698,2,0.7363970542821767
intervalos,698,3,1.904111866823958
intervalos,698,4,3.284428545571887
intervalos,698,5,4.626514079625483
intervalos,698,6,5.442106800545286
intervalos,698,7,5.763454800973771
intervalos,699,2,0.7471213306837545
intervalos,699,3,1.8891115350743546
intervalos,699,4,3.3033777403557965
intervalos,699,5,4.674084014305386
intervalos,699,6,5.600821699466407
intervalos,699,7,5.793272027421597
intervalos,700,2,0.7245438991499014
intervalos,700,3,1.905884231644001
intervalos,700,4,3.345592186437424
intervalos,700,5,4.799161606105275
intervalos,700,6,5.627510107559653
intervalos,700,7,5.811954895240358
intervalos,701,2,0.7561939568734317
intervalos,701,3,1.9902461404748129
intervalos,701,4,3.3999756942209474
intervalos,701,5,4.735247176883728
intervalos,701,6,5.528737541045647
intervalos,701,7,5.76345480097377
intervalos,702,2,0.7865975059667154
intervalos,702,3,2.01335096870961
intervalos,702,4,3.464549077505722
intervalos,702,5,4.810743429253139
intervalos,702,6,5.557480304411963
intervalos,702,7,5.7973137019438115
intervalos,703,2,0.7584073426019478
intervalos,703,3,1.969957186765642
intervalos,703,4,3.401387505110155
intervalos,703,5,4.765447089879022
intervalos,703,6,5.516114479552816
intervalos,703,7,5.75788762165924
intervalos,704,2,0.7362304237641479
intervalos,704,3,1.8952284184702313
intervalos,704,4,3.3005600666405
intervalos,704,5,4.710792729151448
intervalos,704,6,5.573600006285453
intervalos,704,7,5.805397050988242
intervalos,705,2,0.7239458123025975
intervalos,705,3,1.8829439182481071
intervalos,705,4,3.2245763784155854
intervalos,705,5,4.59390003793644
intervalos,705,6,5.533755251611666
intervalos,705,7,5.801355376466029
intervalos,706,2,0.7242781123931896
intervalos,706,3,1.8919604902953167
intervalos,706,4,3.2386546841175554
intervalos,706,5,4.610841365721273
intervalos,706,6,5.530511886040238
intervalos,706,7,5.805397050988243
intervalos,707,2,0.7584073426019478
intervalos,707,3,1.9227196995277673
intervalos,707,4,3.309031737467129
intervalos,707,5,4.685451312326216
intervalos,707,6,5.547164873001441
intervalos,707,7,5.7846538385224315
intervalos,708,2,0.7682286709081425
intervalos,708,3,2.0268048334014486
intervalos,708,4,3.4970356938160223
intervalos,708,5,4.850361964237551
intervalos,708,6,5.601276199476342
intervalos,708,7,5.801355376466027
intervalos,709,2,0.7096443756320245
intervalos,709,3,1.8570908892463462
intervalos,709,4,3.24227085966338
intervalos,709,5,4.640610897305936
intervalos,709,6,5.496498137298671
intervalos,709,7,5.789230352899382
intervalos,710,2,0.7579045915706685
intervalos,710,3,1.9398896339520164
intervalos,710,4,3.381590935878987
intervalos,710,5,4.801494718336339
intervalos,710,6,5.626976822471936
intervalos,710,7,5.813480400032675
intervalos,711,2,0.7572004526080645
intervalos,711,3,1.9099877085357024
intervalos,711,4,3.256070680876069
intervalos,711,5,4.617700877235496
intervalos,711,6,5.494443782025596
intervalos,711,7,5.777105329332735
intervalos,712,2,0.7475224602812404
intervalos,712,3,1.914064747077086
intervalos,712,4,3.322169595761726
intervalos,712,5,4.696825563368179
intervalos,712,6,5.56706122553407
intervalos,712,7,5.801355376466027
intervalos,713,2,0.7237297775085434
intervalos,713,3,1.8987781367928063
intervalos,713,4,3.302891517216793
intervalos,713,5,4.704213740816761
intervalos,713,6,5.572078936100088
intervalos,713,7,5.7836631735848485
intervalos,714,2,0.758072194250097
intervalos,714,3,1.9604595078012628
intervalos,714,4,3.3831487429991696
intervalos,714,5,4.726426739484814
intervalos,714,6,5.563284574874928
intervalos,714,7,5.813480400032675
intervalos,715,2,0.7365303452494213
intervalos,715,3,1.91558144900942
intervalos,715,4,3.325228317084616
intervalos,715,5,4.706559627835185
intervalos,715,6,5.5226532603042005
intervalos,715,7,5.775579824540419
intervalos,716,2,0.7316240208693596
intervalos,716,3,1.82038210401595
intervalos,716,4,3.2136917077003204
intervalos,716,5,4.610556654110317
intervalos,716,6,5.497940422406252
intervalos,716,7,5.785188678377166
intervalos,717,2,0.7863946428090924
intervalos,717,3,1.9833269410049381
intervalos,717,4,3.4063593557816936
intervalos,717,5,4.7663296544159355
intervalos,717,6,5.588198637973578
intervalos,717,7,5.79174652262928
intervalos,718,2,0.7243943999285574
intervalos,718,3,1.8759350162170285
intervalos,718,4,3.2911535602436164
intervalos,718,5,4.697767620140319
intervalos,718,6,5.575575576480748
intervalos,718,7,5.805397050988244
intervalos,719,2,0.7243943999285574
intervalos,719,3,1.8750105822783583
intervalos,719,4,3.296816843886706
intervalos,719,5,4.730384383374143
intervalos,719,6,5.581458632021491
intervalos,719,7,5.829647098121537
intervalos,720,2,0.7360304424794006
intervalos,720,3,1.904659063338751
intervalos,720,4,3.3183803306106237
intervalos,720,5,4.739083067213281
intervalos,720,6,5.617929186437543
intervalos,720,7,5.799829871673711
intervalos,721,2,0.7568985759557065
intervalos,721,3,1.9693404188533572
intervalos,721,4,3.4072823625655735
intervalos,721,5,4.790392735782214
intervalos,721,6,5.575042291393033
intervalos,721,7,5.809438725510458
intervalos,722,2,0.7478733596412785
intervalos,722,3,1.9286779910573901
intervalos,722,4,3.360445963487611
intervalos,722,5,4.697959228519773
intervalos,722,6,5.540827317450762
intervalos,722,7,5.786179343314748
intervalos,723,2,0.7106385804523127
intervalos,723,3,1.8595151940685726
intervalos,723,4,3.22733923954944
intervalos,723,5,4.628911177365468
intervalos,723,6,5.555425949138887
intervalos,723,7,5.789230352899382
intervalos,724,2,0.7583738311858802
intervalos,724,3,1.9557359839987944
intervalos,724,4,3.3535062196201464
intervalos,724,5,4.684401716846322
intervalos,724,6,5.525162115587207
intervalos,724,7,5.801355376466027
intervalos,725,2,0.7476728558924577
intervalos,725,3,1.9199317663129325
intervalos,725,4,3.300657564311512
intervalos,725,5,4.691938637494064
intervalos,725,6,5.593216348539597
intervalos,725,7,5.813480400032675
intervalos,726,2,0.7362304237641479
intervalos,726,3,1.8928102121713268
intervalos,726,4,3.273135121208406
intervalos,726,5,4.6467069716474025
intervalos,726,6,5.502503632962337
intervalos,726,7,5.785188678377166
intervalos,727,2,0.7548844846235827
intervalos,727,3,1.9460641286397244
intervalos,727,4,3.340805581070981
intervalos,727,5,4.679645909756027
intervalos,727,6,5.491200416454169
intervalos,727,7,5.7649803057660876
intervalos,728,2,0.735530371474798
intervalos,728,3,1.89833568637759
intervalos,728,4,3.2671263309946075
intervalos,728,5,4.638444599893224
intervalos,728,6,5.466487578556222
intervalos,728,7,5.760938631243872
intervalos,729,2,0.7367302592973651
intervalos,729,3,1.9309849602540328
intervalos,729,4,3.315700466872132
intervalos,729,5,4.64393796504924
intervalos,729,6,5.477790795064391
intervalos,729,7,5.749804272614808
intervalos,730,2,0.8114911321511276
intervalos,730,3,2.045345105178709
intervalos,730,4,3.4727924451380012
intervalos,730,5,4.812111347340259
intervalos,730,6,5.560443659704909
intervalos,730,7,5.775579824540417
intervalos,731,2,0.7357970969588479
intervalos,731,3,1.9054222627384114
intervalos,731,4,3.287603628755644
intervalos,731,5,4.668212498143075
intervalos,731,6,5.532234181426303
intervalos,731,7,5.78366317358485
intervalos,732,2,0.6931306657378918
intervalos,732,3,1.8283460927411033
intervalos,732,4,3.1786080491406166
intervalos,732,5,4.578794025709357
intervalos,732,6,5.4969526373086035
intervalos,732,7,5.801355376466028
intervalos,733,2,0.7101415607117272
intervalos,733,3,1.8315495043682828
intervalos,733,4,3.20195767327544
intervalos,733,5,4.5764497720257475
intervalos,733,6,5.4919349267425845
intervalos,733,7,5.78114700385495
intervalos,734,2,0.7108373420979117
intervalos,734,3,1.848065753753947
intervalos,734,4,3.2108485647973146
intervalos,734,5,4.55723208037793
intervalos,734,6,5.480177210224479
intervalos,734,7,5.775579824540418
intervalos,735,2,0.7478733596412785
intervalos,735,3,1.9187960403624746
intervalos,735,4,3.2904954623348974
intervalos,735,5,4.654873916152705
intervalos,735,6,5.507066843518421
intervalos,735,7,5.785188678377166
intervalos,736,2,0.7681446423651528
intervalos,736,3,1.9788645446062023
intervalos,736,4,3.4452372534904185
intervalos,736,5,4.816899988690645
intervalos,736,6,5.593216348539598
intervalos,736,7,5.813480400032675
intervalos,737,2,0.7244774569018029
intervalos,737,3,1.9097529918453757
intervalos,737,4,3.3535404597360206
intervalos,737,5,4.753859422110448
intervalos,737,6,5.557733579221192
intervalos,737,7,5.774054319748102
intervalos,738,2,0.758072194250097
intervalos,738,3,1.9512219125198633
intervalos,738,4,3.349938226686438
intervalos,738,5,4.690093952212682
intervalos,738,6,5.534743036709312
intervalos,738,7,5.789230352899382
intervalos,739,2,0.7565630850254921
intervalos,739,3,1.9406365019559082
intervalos,739,4,3.3696927536155887
intervalos,739,5,4.729437145309776
intervalos,739,6,5.548887168387505
intervalos,739,7,5.789230352899382
intervalos,740,2,0.7479234813418589
intervalos,740,3,1.9475191912749672
intervalos,740,4,3.3718320532012034
intervalos,740,5,4.749963262809478
intervalos,740,6,5.569823355626311
intervalos,740,7,5.775579824540417
intervalos,741,2,0.7366303056331991
intervalos,741,3,1.9190453431858907
intervalos,741,4,3.3231133463497695
intervalos,741,5,4.732582967258075
intervalos,741,6,5.5745877913831
intervalos,741,7,5.805397050988243
intervalos,742,2,0.7773493494664618
intervalos,742,3,1.9785554140184665
intervalos,742,4,3.380159485068683
intervalos,742,5,4.759725756980536
intervalos,742,6,5.559455874607258
intervalos,742,7,5.789230352899382
intervalos,743,2,0.7478733596412785
intervalos,743,3,1.9158424553830067
intervalos,743,4,3.304378174322657
intervalos,743,5,4.662178023929583
intervalos,743,6,5.54062609225006
intervalos,743,7,5.813480400032676
intervalos,744,2,0.7108373420979117
intervalos,744,3,1.854601972567083
intervalos,744,4,3.262627402549236
intervalos,744,5,4.645381366452116
intervalos,744,6,5.54584502801678
intervalos,744,7,5.805397050988243
intervalos,745,2,0.7477898197081125
intervalos,745,3,1.9621972931610787
intervalos,745,4,3.433368544726636
intervalos,745,5,4.835454822220808
intervalos,745,6,5.600288414378693
intervalos,745,7,5.797313701943812
intervalos,746,2,0.7584073426019478
intervalos,746,3,1.9526121816341662
intervalos,746,4,3.363049639585535
intervalos,746,5,4.756512821947794
intervalos,746,6,5.554236938840537
intervalos,746,7,5.787704848107064
intervalos,747,2,0.7367302592973651
intervalos,747,3,1.8986275882853976
intervalos,747,4,3.3064532694630366
intervalos,747,5,4.689521455591298
intervalos,747,6,5.555959234226601
intervalos,747,7,5.7973137019438115
intervalos,748,2,0.7678757188282984
intervalos,748,3,1.9895537939319894
intervalos,748,4,3.437158492327456
intervalos,748,5,4.747592135026098
intervalos,748,6,5.583180927407558
intervalos,748,7,5.805397050988245
intervalos,749,2,0.7823314613382875
intervalos,749,3,1.9727049498226648
intervalos,749,4,3.338842420728598
intervalos,749,5,4.701782675726214
intervalos,749,6,5.528737541045644
intervalos,749,7,5.793272027421596
intervalos,750,2,0.7239458123025975
intervalos,750,3,1.8718454996111769
intervalos,750,4,3.2294039629013183
intervalos,750,5,4.636714853544584
intervalos,750,6,5.521665475206551
intervalos,750,7,5.793272027421597
intervalos,751,2,0.7365303452494213
intervalos,751,3,1.8754731955153217
intervalos,751,4,3.2122221415180863
intervalos,751,5,4.572129527638307
intervalos,751,6,5.502354457370163
intervalos,751,7,5.777105329332735
intervalos,752,2,0.7775853377306512
intervalos,752,3,1.9952207025181852
intervalos,752,4,3.423771144669471
intervalos,752,5,4.811216339680229
intervalos,752,6,5.607360480217791
intervalos,752,7,5.805397050988243
intervalos,753,2,0.7949276336453082
intervalos,753,3,2.001597195294491
intervalos,753,4,3.3983085368376216
intervalos,753,5,4.775293538182164
intervalos,753,6,5.609336050413088
intervalos,753,7,5.795788197151496
intervalos,754,2,0.7108042169913453
intervalos,754,3,1.8782974121076068
intervalos,754,4,3.3024693711057624
intervalos,754,5,4.7212789027000355
intervalos,754,6,5.5619647298902715
intervalos,754,7,5.777105329332734
intervalos,755,2,0.7244774569018029
intervalos,755,3,1.8977456727668742
intervalos,755,4,3.3093584319597285
intervalos,755,5,4.710027845282507
intervalos,755,6,5.499994777679329
intervalos,755,7,5.779621499062633
intervalos,756,2,0.7357970969588479
intervalos,756,3,1.9255000600134209
intervalos,756,4,3.342077818812064
intervalos,756,5,4.732937865352949
intervalos,756,6,5.587210852875929
intervalos,756,7,5.813480400032675
intervalos,757,2,0.7583738311858802
intervalos,757,3,1.950189863352806
intervalos,757,4,3.3438442967341877
intervalos,757,5,4.6903181787275985
intervalos,757,6,5.52417433048956
intervalos,757,7,5.7932720274215965
intervalos,758,2,0.7767423483753921
intervalos,758,3,1.9429603167166232
intervalos,758,4,3.314734667256565
intervalos,758,5,4.60967993419411
intervalos,758,6,5.462003153077914
intervalos,758,7,5.751329777407124
intervalos,759,2,0.7471213306837545
intervalos,759,3,1.9028103535026475
intervalos,759,4,3.326469271498294
intervalos,759,5,4.734350729159031
intervalos,759,6,5.560976944792621
intervalos,759,7,5.789230352899382
intervalos,760,2,0.7245272888653885
intervalos,760,3,1.9004245887139566
intervalos,760,4,3.3330742290673934
intervalos,760,5,4.718584932213773
intervalos,760,6,5.549874953485154
intervalos,760,7,5.781147003854951
intervalos,761,2,0.6918088902239691
intervalos,761,3,1.816886200190852
intervalos,761,4,3.200635533824197
intervalos,761,5,4.61185327731309
intervalos,761,6,5.520729739717431
intervalos,761,7,5.789230352899382
intervalos,762,2,0.7105060580101337
intervalos,762,3,1.8555026343617431
intervalos,762,4,3.2475813749496383
intervalos,762,5,4.619298866458234
intervalos,762,6,5.515659979542884
intervalos,762,7,5.771538150018203
intervalos,763,2,0.7475224602812404
intervalos,763,3,1.9010571404771819
intervalos,763,4,3.3195068053916064
intervalos,763,5,4.698519065893414
intervalos,763,6,5.5705578659147275
intervalos,763,7,5.801355376466028
intervalos,764,2,0.7473386226950005
intervalos,764,3,1.9273510388418937
intervalos,764,4,3.3473596495759383
intervalos,764,5,4.706975126565713
intervalos,764,6,5.553450378943591
intervalos,764,7,5.7973137019438115
intervalos,765,2,0.7565630850254921
intervalos,765,3,1.9126014375650906
intervalos,765,4,3.2624899173227364
intervalos,765,5,4.620121248077357
intervalos,765,6,5.486383931088848
intervalos,765,7,5.75537145192934
intervalos,766,2,0.7476728558924577
intervalos,766,3,1.8989297326274295
intervalos,766,4,3.287438836045141
intervalos,766,5,4.694855719463304
intervalos,766,6,5.552182583567463
intervalos,766,7,5.779621499062634
intervalos,767,2,0.7367302592973651
intervalos,767,3,1.918168280034207
intervalos,767,4,3.324494649008368
intervalos,767,5,4.675043695492867
intervalos,767,6,5.514593409367455
intervalos,767,7,5.783663173584849
intervalos,768,2,0.7245438991499014
intervalos,768,3,1.8857918701504695
intervalos,768,4,3.2572685358731217
intervalos,768,5,4.67689696713019
intervalos,768,6,5.547366098202147
intervalos,768,7,5.799829871673712
intervalos,769,2,0.7678757188282984
intervalos,769,3,1.9679782312215708
intervalos,769,4,3.3816763526222613
intervalos,769,5,4.716919643267955
intervalos,769,6,5.519943179820487
intervalos,769,7,5.751329777407124
intervalos,770,2,0.7242781123931896
intervalos,770,3,1.8220849121740401
intervalos,770,4,3.1546095885179506
intervalos,770,5,4.540277316609179
intervalos,770,6,5.474626214570744
intervalos,770,7,5.797313701943813
intervalos,771,2,0.7583068060747675
intervalos,771,3,1.9043406792723157
intervalos,771,4,3.252381097524678
intervalos,771,5,4.598254892812478
intervalos,771,6,5.4509011617704495
intervalos,771,7,5.797313701943813
intervalos,772,2,0.7244774569018029
intervalos,772,3,1.8865551646334673
intervalos,772,4,3.300500410726399
intervalos,772,5,4.680610772235733
intervalos,772,6,5.523719830479626
intervalos,772,7,5.765970970703671
intervalos,773,2,0.7366969421558329
intervalos,773,3,1.9188516860923004
intervalos,773,4,3.3251173469737094
intervalos,773,5,4.767482715711773
intervalos,773,6,5.594737418724961
intervalos,773,7,5.79174652262928
intervalos,774,2,0.7099095615954495
intervalos,774,3,1.8491871796861192
intervalos,774,4,3.277610897775431
intervalos,774,5,4.693165074212916
intervalos,774,6,5.583635427417494
intervalos,774,7,5.805397050988243
intervalos,775,2,0.7093459851389899
intervalos,775,3,1.8424709857267993
intervalos,775,4,3.232563848397699
intervalos,775,5,4.651321629033677
intervalos,775,6,5.562498014977985
intervalos,775,7,5.771538150018203
intervalos,776,2,0.777652755989128
intervalos,776,3,1.9816726721417135
intervalos,776,4,3.402110090227179
intervalos,776,5,4.696689263292137
intervalos,776,6,5.53428853669938
intervalos,776,7,5.764980305766088
intervalos,777,2,0.7866651207787051
intervalos,777,3,1.9829822054181152
intervalos,777,4,3.4189141179877196
intervalos,777,5,4.8049293247873885
intervalos,777,6,5.560976944792622
intervalos,777,7,5.790221017836964
intervalos,778,2,0.777652755989128
intervalos,778,3,1.9598927553825813
intervalos,778,4,3.356196110202976
intervalos,778,5,4.6965673941927495
intervalos,778,6,5.502756907771568
intervalos,778,7,5.801355376466028
intervalos,779,2,0.7241285865191337
intervalos,779,3,1.8746428356162328
intervalos,779,4,3.269472743605473
intervalos,779,5,4.666760178720014
intervalos,779,6,5.570557865914726
intervalos,779,7,5.809438725510459
intervalos,780,2,0.7741428941026207
intervalos,780,3,1.952751904069264
intervalos,780,4,3.3586984028857647
intervalos,780,5,4.657201399887687
intervalos,780,6,5.500528062767041
intervalos,780,7,5.760938631243872
intervalos,781,2,0.7479234813418589
intervalos,781,3,1.9328109409804355
intervalos,781,4,3.337088469016168
intervalos,781,5,4.7331004917398865
intervalos,781,6,5.55694701932425
intervalos,781,7,5.813480400032675
intervalos,782,2,0.7202856072254036
intervalos,782,3,1.8698163390070766
intervalos,782,4,3.2499792644001646
intervalos,782,5,4.581621077846575
intervalos,782,6,5.477790795064392
intervalos,782,7,5.752320442344708
intervalos,783,2,0.7366303056331991
intervalos,783,3,1.900808186561039
intervalos,783,4,3.301479440245888
intervalos,783,5,4.715777607885047
intervalos,783,6,5.595270703812672
intervalos,783,7,5.799829871673711
intervalos,784,2,0.7579045915706685
intervalos,784,3,1.9540766691143716
intervalos,784,4,3.3745492230128313
intervalos,784,5,4.731369305326577
intervalos,784,6,5.59222856344195
intervalos,784,7,5.797313701943813
intervalos,785,2,0.7583068060747675
intervalos,785,3,1.9714802689749462
intervalos,785,4,3.424726782522155
intervalos,785,5,4.832034430621781
intervalos,785,6,5.6083482653154375
intervalos,785,7,5.825605423599321
intervalos,786,2,0.7676908054223712
intervalos,786,3,1.956408750387277
intervalos,786,4,3.3908108406885282
intervalos,786,5,4.713028996923453
intervalos,786,6,5.5458450280167835
intervalos,786,7,5.809438725510459
intervalos,787,2,0.7584073426019478
intervalos,787,3,1.9251949557071306
intervalos,787,4,3.271319998851398
intervalos,787,5,4.602921780603096
intervalos,787,6,5.512084554084443
intervalos,787,7,5.763454800973773
intervalos,788,2,0.7366969421558329
intervalos,788,3,1.9228709194708777
intervalos,788,4,3.341841408374456
intervalos,788,5,4.737455346615926
intervalos,788,6,5.549673728284452
intervalos,788,7,5.787704848107064
intervalos,789,2,0.7471213306837545
intervalos,789,3,1.9492117443812553
intervalos,789,4,3.388586989421854
intervalos,789,5,4.757047332502861
intervalos,789,6,5.559455874607262
intervalos,789,7,5.79174652262928
intervalos,790,2,0.7943170482536699
intervalos,790,3,2.009834168467206
intervalos,790,4,3.471464019042023
intervalos,790,5,4.832571682912083
intervalos,790,6,5.58971970815894
intervalos,790,7,5.793272027421596
intervalos,791,2,0.7553546854643556
intervalos,791,3,1.9598405538116792
intervalos,791,4,3.3578515133375917
intervalos,791,5,4.706456938755417
intervalos,791,6,5.528737541045649
intervalos,791,7,5.783663173584849
intervalos,792,2,0.7239458123025975
intervalos,792,3,1.8646110773358031
intervalos,792,4,3.2295434174926534
intervalos,792,5,4.623843337360594
intervalos,792,6,5.488892786371861
intervalos,792,7,5.75537145192934
intervalos,793,2,0.7476728558924577
intervalos,793,3,1.9360980603033804
intervalos,793,4,3.329135298874332
intervalos,793,5,4.725395431748747
intervalos,793,6,5.542881672723838
intervalos,793,7,5.78114700385495
intervalos,794,2,0.7579045915706685
intervalos,794,3,1.9132884810425836
intervalos,794,4,3.2829704986237846
intervalos,794,5,4.642068513560836
intervalos,794,6,5.5362641068946745
intervalos,794,7,5.80943872551046
intervalos,795,2,0.722881953732514
intervalos,795,3,1.879532594109762
intervalos,795,4,3.3005901778030267
intervalos,795,5,4.676210971640731
intervalos,795,6,5.518168834825893
intervalos,795,7,5.741720923570376
intervalos,796,2,0.7245272888653885
intervalos,796,3,1.8676118589063446
intervalos,796,4,3.2398393441890097
intervalos,796,5,4.638016658039578
intervalos,796,6,5.481750330018369
intervalos,796,7,5.759413126451555
intervalos,797,2,0.7475224602812404
intervalos,797,3,1.9197635330901817
intervalos,797,4,3.2737619071492072
intervalos,797,5,4.651108212307068
intervalos,797,6,5.554438164041238
intervalos,797,7,5.787704848107064
intervalos,798,2,0.7362304237641479
intervalos,798,3,1.90812604044744
intervalos,798,4,3.3383346680430206
intervalos,798,5,4.690178469088246
intervalos,798,6,5.552917093855877
intervalos,798,7,5.805397050988243
intervalos,799,2,0.7475224602812404
intervalos,799,3,1.9325769365695398
intervalos,799,4,3.309777614726937
intervalos,799,5,4.732801896941152
intervalos,799,6,5.594282918715026
intervalos,799,7,5.797313701943812
intervalos,800,2,0.722881953732514
intervalos,800,3,1.8408011178511177
intervalos,800,4,3.203480605788247
intervalos,800,5,4.597938010269919
intervalos,800,6,5.497485922396317
intervalos,800,7,5.78114700385495
intervalos,801,2,0.7478733596412785
intervalos,801,3,1.9441888076384608
intervalos,801,4,3.3972604997951565
intervalos,801,5,4.776194506002517
intervalos,801,6,5.572533436110023
intervalos,801,7,5.797313701943812
intervalos,802,2,0.8033953711278061
intervalos,802,3,2.001422983743099
intervalos,802,4,3.4087389349009496
intervalos,802,5,4.78677026217927
intervalos,802,6,5.5667812152555864
intervalos,802,7,5.785188678377166
intervalos,803,2,0.7773493494664618
intervalos,803,3,1.984150375371099
intervalos,803,4,3.393782367585127
intervalos,803,5,4.745295598282682
intervalos,803,6,5.575121076470814
intervalos,803,7,5.797313701943812
intervalos,804,2,0.7584073426019478
intervalos,804,3,1.9207795731216664
intervalos,804,4,3.3263547541907594
intervalos,804,5,4.651218939953912
intervalos,804,6,5.503823477946996
intervalos,804,7,5.785188678377166
intervalos,805,2,0.7245438991499014
intervalos,805,3,1.8731729939272064
intervalos,805,4,3.2638603777440967
intervalos,805,5,4.599364641724165
intervalos,805,6,5.4564521574241835
intervalos,805,7,5.771538150018203
intervalos,806,2,0.7366303056331991
intervalos,806,3,1.897550748058748
intervalos,806,4,3.253957941767951
intervalos,806,5,4.594670434761844
intervalos,806,6,5.477336295054459
intervalos,806,7,5.789230352899382
intervalos,807,2,0.7366969421558329
intervalos,807,3,1.9491386798468961
intervalos,807,4,3.412078793410432
intervalos,807,5,4.847328641665003
intervalos,807,6,5.6355699584963945
intervalos,807,7,5.821563749077106
intervalos,808,2,0.7682286709081425
intervalos,808,3,1.9813293681315796
intervalos,808,4,3.467244101680989
intervalos,808,5,4.88032321974128
intervalos,808,6,5.6083482653154375
intervalos,808,7,5.805397050988244
intervalos,809,2,0.7681446423651528
intervalos,809,3,1.9853226172962162
intervalos,809,4,3.412665693238708
intervalos,809,5,4.728697804384044
intervalos,809,6,5.522784094990505
intervalos,809,7,5.774054319748102
intervalos,810,2,0.7479401881988783
intervalos,810,3,1.9717502086041536
intervalos,810,4,3.4094220512979785
intervalos,810,5,4.797438789923284
intervalos,810,6,5.604318339847064
intervalos,810,7,5.813480400032675
intervalos,811,2,0.7365303452494213
intervalos,811,3,1.9241247387837885
intervalos,811,4,3.3402562256308657
intervalos,811,5,4.704902925245315
intervalos,811,6,5.547899383289856
intervalos,811,7,5.785188678377165
intervalos,812,2,0.7244774569018029
intervalos,812,3,1.9023979055621911
intervalos,812,4,3.3188284072281053
intervalos,812,5,4.669270463854283
intervalos,812,6,5.477589569863689
intervalos,812,7,5.767496475495987
intervalos,813,2,0.7107379645771481
intervalos,813,3,1.890930406546368
intervalos,813,4,3.304561609592431
intervalos,813,5,4.658593565878955
intervalos,813,6,5.546631587913728
intervalos,813,7,5.7932720274215965
intervalos,814,2,0.758072194250097
intervalos,814,3,1.9729125185600667
intervalos,814,4,3.3957075766254947
intervalos,814,5,4.748375306638862
intervalos,814,6,5.55925464940656
intervalos,814,7,5.793272027421597
intervalos,815,2,0.7775853377306512
intervalos,815,3,2.0174783080928833
intervalos,815,4,3.518368016640713
intervalos,815,5,4.917266187522867
intervalos,815,6,5.628043392647363
intervalos,815,7,5.795788197151495
intervalos,816,2,0.7362304237641479
intervalos,816,3,1.8945266611752636
intervalos,816,4,3.3071981424156682
intervalos,816,5,4.702822022029357
intervalos,816,6,5.550941523660584
intervalos,816,7,5.795788197151496
intervalos,817,2,0.7682286709081425
intervalos,817,3,1.976208485915421
intervalos,817,4,3.4367104928419505
intervalos,817,5,4.815415498335972
intervalos,817,6,5.600288414378694
intervalos,817,7,5.781147003854951
intervalos,818,2,0.7465863222023585
intervalos,818,3,1.894312620415053
intervalos,818,4,3.2673639986525354
intervalos,818,5,4.611896474157625
intervalos,818,6,5.467222088844639
intervalos,818,7,5.752855282199442
intervalos,819,2,0.7245272888653885
intervalos,819,3,1.8631022554249597
intervalos,819,4,3.281080840476553
intervalos,819,5,4.690953715541629
intervalos,819,6,5.559001374597325
intervalos,819,7,5.789230352899382
intervalos,820,2,0.7475224602812404
intervalos,820,3,1.9178047702696834
intervalos,820,4,3.307007412933157
intervalos,820,5,4.720948913705873
intervalos,820,6,5.537785177080038
intervalos,820,7,5.785188678377166
intervalos,821,2,0.7579045915706685
intervalos,821,3,1.9626979831211477
intervalos,821,4,3.3957364221035924
intervalos,821,5,4.851230313922434
intervalos,821,6,5.61237819078381
intervalos,821,7,5.793272027421596
intervalos,822,2,0.7584073426019478
intervalos,822,3,1.9068226513688136
intervalos,822,4,3.281984119282499
intervalos,822,5,4.700170587191064
intervalos,822,6,5.538117236967049
intervalos,822,7,5.785188678377165
intervalos,823,2,0.7776864639587084
intervalos,823,3,1.9707468488062814
intervalos,823,4,3.389540815096617
intervalos,823,5,4.748641730505994
intervalos,823,6,5.528204255957928
intervalos,823,7,5.785188678377165
intervalos,824,2,0.7583738311858802
intervalos,824,3,1.934607365220011
intervalos,824,4,3.342239391332054
intervalos,824,5,4.6500194928744385
intervalos,824,6,5.480884985043644
intervalos,824,7,5.749804272614808
intervalos,825,2,0.7105060580101337
intervalos,825,3,1.8722626719048956
intervalos,825,4,3.255853094488635
intervalos,825,5,4.652651863232725
intervalos,825,6,5.5312463963286564
intervalos,825,7,5.811954895240358
intervalos,826,2,0.7239458123025975
intervalos,826,3,1.848059848746933
intervalos,826,4,3.2114091021893643
intervalos,826,5,4.625691427705695
intervalos,826,6,5.460482082892553
intervalos,826,7,5.7563621168669235
intervalos,827,2,0.7345297239452897
intervalos,827,3,1.8882335346219368
intervalos,827,4,3.296062286484715
intervalos,827,5,4.691802669082264
intervalos,827,6,5.519156619923539
intervalos,827,7,5.801355376466028
intervalos,828,2,0.7231978660610687
intervalos,828,3,1.9046452560556122
intervalos,828,4,3.3390033867444124
intervalos,828,5,4.738272129224955
intervalos,828,6,5.55291709385588
intervalos,828,7,5.791746522629281
intervalos,829,2,0.777652755989128
intervalos,829,3,1.9935924192644277
intervalos,829,4,3.4627125472082696
intervalos,829,5,4.8487751164673565
intervalos,829,6,5.60736048021779
intervalos,829,7,5.813480400032675
intervalos,830,2,0.7239458123025975
intervalos,830,3,1.8376586322988977
intervalos,830,4,3.187741008327875
intervalos,830,5,4.536349342730898
intervalos,830,6,5.397192285696952
intervalos,830,7,5.751329777407124
intervalos,831,2,0.7479401881988783
intervalos,831,3,1.9181684905112308
intervalos,831,4,3.317260719393469
intervalos,831,5,4.623110956087503
intervalos,831,6,5.47890941484835
intervalos,831,7,5.746753263030175
intervalos,832,2,0.7108042169913453
intervalos,832,3,1.9043020081094617
intervalos,832,4,3.3416904313402447
intervalos,832,5,4.769232521533149
intervalos,832,6,5.603330554749418
intervalos,832,7,5.811954895240358
intervalos,833,2,0.7241285865191337
intervalos,833,3,1.855218031768967
intervalos,833,4,3.197443346424737
intervalos,833,5,4.543858887898968
intervalos,833,6,5.446539176415064
intervalos,833,7,5.781147003854951
intervalos,834,2,0.7459172896108015
intervalos,834,3,1.9136259158434221
intervalos,834,4,3.31331343017868
intervalos,834,5,4.658434905167293
intervalos,834,6,5.53079189631872
intervalos,834,7,5.7796214990626344
intervalos,835,2,0.7465863222023585
intervalos,835,3,1.94666098973337
intervalos,835,4,3.371162418990083
intervalos,835,5,4.7262495665816076
intervalos,835,6,5.52417433048956
intervalos,835,7,5.775579824540418
intervalos,836,2,0.7357970969588479
intervalos,836,3,1.8962160855667787
intervalos,836,4,3.269070667284725
intervalos,836,5,4.648171734193578
intervalos,836,6,5.438610160164628
intervalos,836,7,5.751329777407125
intervalos,837,2,0.7365303452494213
intervalos,837,3,1.9348784598252582
intervalos,837,4,3.3547387337270975
intervalos,837,5,4.736517142111361
intervalos,837,6,5.5922285634419495
intervalos,837,7,5.801355376466027
intervalos,838,2,0.7244774569018029
intervalos,838,3,1.8789723753205958
intervalos,838,4,3.2429952797120896
intervalos,838,5,4.587499524175532
intervalos,838,6,5.4490480316980765
intervalos,838,7,5.739204753840478
intervalos,839,2,0.7231978660610687
intervalos,839,3,1.8899041646290122
intervalos,839,4,3.314283174408343
intervalos,839,5,4.699004419443623
intervalos,839,6,5.544857242919135
intervalos,839,7,5.801355376466028
intervalos,840,2,0.7366303056331991
intervalos,840,3,1.9025955303167883
intervalos,840,4,3.2804332470539315
intervalos,840,5,4.610835852764807
intervalos,840,6,5.462737663366334
intervalos,840,7,5.756896956721656
intervalos,841,2,0.7245272888653885
intervalos,841,3,1.8801441659936273
intervalos,841,4,3.2955378731979534
intervalos,841,5,4.684471903330245
intervalos,841,6,5.499994777679329
intervalos,841,7,5.785188678377166
intervalos,842,2,0.7682790857347424
intervalos,842,3,1.939785774344578
intervalos,842,4,3.398802762615441
intervalos,842,5,4.766716723442412
intervalos,842,6,5.593015123338895
intervalos,842,7,5.787704848107064
intervalos,843,2,0.7245438991499014
intervalos,843,3,1.8875274497215628
intervalos,843,4,3.2925515325790906
intervalos,843,5,4.679405480535554
intervalos,843,6,5.541815102548411
intervalos,843,7,5.775579824540418
intervalos,844,2,0.7465863222023585
intervalos,844,3,1.9129153706525375
intervalos,844,4,3.3313469008625627
intervalos,844,5,4.724052422762336
intervalos,844,6,5.57610886156846
intervalos,844,7,5.797313701943813
intervalos,845,2,0.735530371474798
intervalos,845,3,1.8741071913770115
intervalos,845,4,3.2163503322278966
intervalos,845,5,4.612535199910749
intervalos,845,6,5.499006992581681
intervalos,845,7,5.778095994270317
intervalos,846,2,0.7682286709081425
intervalos,846,3,1.9871468488546502
intervalos,846,4,3.4410546900832757
intervalos,846,5,4.8205688480772215
intervalos,846,6,5.581659857222195
intervalos,846,7,5.795788197151496
intervalos,847,2,0.7479401881988783
intervalos,847,3,1.9112448613110862
intervalos,847,4,3.3176116155106796
intervalos,847,5,4.7085897407114725
intervalos,847,6,5.558721364318844
intervalos,847,7,5.793272027421597
intervalos,848,2,0.7565630850254921
intervalos,848,3,1.899107507188527
intervalos,848,4,3.3032130619285156
intervalos,848,5,4.706962351778355
intervalos,848,6,5.582647642319846
intervalos,848,7,5.799829871673712
intervalos,849,2,0.7574687356054106
intervalos,849,3,1.9611716140908102
intervalos,849,4,3.3588513201630747
intervalos,849,5,4.693957940582047
intervalos,849,6,5.5201444050211865
intervalos,849,7,5.760938631243871
intervalos,850,2,0.7363970542821767
intervalos,850,3,1.9466169351914333
intervalos,850,4,3.4027427974856126
intervalos,850,5,4.752776215634284
intervalos,850,6,5.585689782690568
intervalos,850,7,5.801355376466027
intervalos,851,2,0.7366969421558329
intervalos,851,3,1.9584237960772723
intervalos,851,4,3.4429471705907875
intervalos,851,5,4.837452764165489
intervalos,851,6,5.615420331154534
intervalos,851,7,5.813480400032675
intervalos,852,2,0.7243943999285574
intervalos,852,3,1.8906664222281515
intervalos,852,4,3.2842252370761065
intervalos,852,5,4.623259699286661
intervalos,852,6,5.520144405021188
intervalos,852,7,5.793272027421597
intervalos,853,2,0.7584073426019478
intervalos,853,3,1.9422483710830156
intervalos,853,4,3.373059302152697
intervalos,853,5,4.740922455662825
intervalos,853,6,5.582647642319845
intervalos,853,7,5.805397050988245
intervalos,854,2,0.7582062627097245
intervalos,854,3,1.9702939482102857
intervalos,854,4,3.449352489369224
intervalos,854,5,4.7791295440513375
intervalos,854,6,5.582647642319846
intervalos,854,7,5.797313701943812
intervalos,855,2,0.6929985406149266
intervalos,855,3,1.8499831873647772
intervalos,855,4,3.2569686726833247
intervalos,855,5,4.664044070354267
intervalos,855,6,5.544122732630717
intervalos,855,7,5.7649803057660876
intervalos,856,2,0.7096443756320245
intervalos,856,3,1.8937615969902861
intervalos,856,4,3.327837378800552
intervalos,856,5,4.731332729838933
intervalos,856,6,5.567515725544003
intervalos,856,7,5.797313701943812
intervalos,857,2,0.7363970542821767
intervalos,857,3,1.899640318585653
intervalos,857,4,3.2986808262230105
intervalos,857,5,4.740410112473232
intervalos,857,6,5.583434202216789
intervalos,857,7,5.793272027421597
intervalos,858,2,0.7572004526080645
intervalos,858,3,1.9329442108653234
intervalos,858,4,3.3280001358872093
intervalos,858,5,4.707689220094981
intervalos,858,6,5.578084431763758
intervalos,858,7,5.805397050988245
intervalos,859,2,0.7245272888653885
intervalos,859,3,1.9217166750856545
intervalos,859,4,3.3563073070252103
intervalos,859,5,4.7240790807374795
intervalos,859,6,5.5391050220647
intervalos,859,7,5.79174652262928
intervalos,860,2,0.7459172896108015
intervalos,860,3,1.9426418913569063
intervalos,860,4,3.366376818863064
intervalos,860,5,4.723575771107697
intervalos,860,6,5.546832813114429
intervalos,860,7,5.771538150018203
intervalos,861,2,0.7476728558924577
intervalos,861,3,1.9319864473278248
intervalos,861,4,3.381666650626067
intervalos,861,5,4.76439749439913
intervalos,861,6,5.544857242919134
intervalos,861,7,5.773063654810519
intervalos,862,2,0.6929985406149266
intervalos,862,3,1.8560821294369685
intervalos,862,4,3.2606537166803204
intervalos,862,5,4.666975035511293
intervalos,862,6,5.531045171127952
intervalos,862,7,5.789230352899382
intervalos,863,2,0.7568985759557065
intervalos,863,3,1.947858694630663
intervalos,863,4,3.377568991956231
intervalos,863,5,4.826836135161571
intervalos,863,6,5.609336050413085
intervalos,863,7,5.795788197151496
intervalos,864,2,0.7237297775085434
intervalos,864,3,1.883258916552902
intervalos,864,4,3.2257731606623823
intervalos,864,5,4.625508741846021
intervalos,864,6,5.523719830479629
intervalos,864,7,5.80943872551046
intervalos,865,2,0.7365303452494213
intervalos,865,3,1.9034778161855805
intervalos,865,4,3.302682416055773
intervalos,865,5,4.695751058787573
intervalos,865,6,5.590174208168875
intervalos,865,7,5.813480400032675
intervalos,866,2,0.7471213306837545
intervalos,866,3,1.9696183639877796
intervalos,866,4,3.377267377266375
intervalos,866,5,4.719781969222248
intervalos,866,6,5.503491418059987
intervalos,866,7,5.7796214990626344
intervalos,867,2,0.7479234813418589
intervalos,867,3,1.9560441059037459
intervalos,867,4,3.4337105141502744
intervalos,867,5,4.8013587499245425
intervalos,867,6,5.560976944792624
intervalos,867,7,5.7932720274215965
intervalos,868,2,0.7360304424794006
intervalos,868,3,1.9253055510024992
intervalos,868,4,3.344574693795565
intervalos,868,5,4.722469647883944
intervalos,868,6,5.523186545391916
intervalos,868,7,5.785188678377166
intervalos,869,2,0.7584073426019478
intervalos,869,3,1.9138802276050648
intervalos,869,4,3.2814211737243286
intervalos,869,5,4.616218846628273
intervalos,869,6,5.494697056834826
intervalos,869,7,5.747288102884909
intervalos,870,2,0.7674722414683594
intervalos,870,3,1.9605019211559067
intervalos,870,4,3.392395120304079
intervalos,870,5,4.771649703435916
intervalos,870,6,5.585858743439518
intervalos,870,7,5.786179343314749
intervalos,871,2,0.7678757188282984
intervalos,871,3,1.95766363173758
intervalos,871,4,3.3685534847740795
intervalos,871,5,4.759976857595216
intervalos,871,6,5.5673145003433016
intervalos,871,7,5.791746522629281
intervalos,872,2,0.758072194250097
intervalos,872,3,1.9304632916718467
intervalos,872,4,3.338412837932719
intervalos,872,5,4.71784429624898
intervalos,872,6,5.5418151025484095
intervalos,872,7,5.799829871673711
intervalos,873,2,0.7479234813418589
intervalos,873,3,1.9183588919551546
intervalos,873,4,3.352417808497143
intervalos,873,5,4.738629884594684
intervalos,873,6,5.573600006285454
intervalos,873,7,5.809438725510459
intervalos,874,2,0.7101415607117272
intervalos,874,3,1.84431790069653
intervalos,874,4,3.201090536955584
intervalos,874,5,4.570722147302694
intervalos,874,6,5.460683308093256
intervalos,874,7,5.761929296181456
intervalos,875,2,0.7237297775085434
intervalos,875,3,1.9024221215428527
intervalos,875,4,3.37456998159041
intervalos,875,5,4.774384431209728
intervalos,875,6,5.572078936100091
intervalos,875,7,5.801355376466027
intervalos,876,2,0.7582062627097245
intervalos,876,3,1.95072850909968
intervalos,876,4,3.363688962511452
intervalos,876,5,4.764755581433102
intervalos,876,6,5.576108861568462
intervalos,876,7,5.801355376466027
intervalos,877,2,0.7366969421558329
intervalos,877,3,1.9071468808910277
intervalos,877,4,3.294353564633975
intervalos,877,5,4.673331905223806
intervalos,877,6,5.516114479552817
intervalos,877,7,5.777105329332735
intervalos,878,2,0.7761688390672226
intervalos,878,3,1.9459851309377976
intervalos,878,4,3.316221912154364
intervalos,878,5,4.693702326503221
intervalos,878,6,5.531700896338591
intervalos,878,7,5.789230352899382
intervalos,879,2,0.7475224602812404
intervalos,879,3,1.8923637032880536
intervalos,879,4,3.2738548250674118
intervalos,879,5,4.663681910428501
intervalos,879,6,5.5237198304796244
intervalos,879,7,5.789230352899382
intervalos,880,2,0.7473386226950005
intervalos,880,3,1.943511319270569
intervalos,880,4,3.4032398448258183
intervalos,880,5,4.7600803234111675
intervalos,880,6,5.584168712505206
intervalos,880,7,5.799829871673712
intervalos,881,2,0.7767423483753921
intervalos,881,3,1.9247108139115947
intervalos,881,4,3.302633549561971
intervalos,881,5,4.627614554162693
intervalos,881,6,5.476803009966746
intervalos,881,7,5.801355376466027
intervalos,882,2,0.7678757188282984
intervalos,882,3,1.9163407572991922
intervalos,882,4,3.300298066573047
intervalos,882,5,4.613099110176192
intervalos,882,6,5.5060002733429965
intervalos,882,7,5.759413126451556
intervalos,883,2,0.7475224602812404
intervalos,883,3,1.9314638713425651
intervalos,883,4,3.337837429664689
intervalos,883,5,4.7543395943684335
intervalos,883,6,5.5796055019491195
intervalos,883,7,5.809438725510459
intervalos,884,2,0.7366303056331991
intervalos,884,3,1.9070813867607588
intervalos,884,4,3.271098179718391
intervalos,884,5,4.627655311450244
intervalos,884,6,5.442438860432298
intervalos,884,7,5.753845947137024
intervalos,885,2,0.7662611455768956
intervalos,885,3,1.9255860807528693
intervalos,885,4,3.3803127688564043
intervalos,885,5,4.774197672458258
intervalos,885,6,5.542348387636124
intervalos,885,7,5.78114700385495
intervalos,886,2,0.7676908054223712
intervalos,886,3,2.0031304196464363
intervalos,886,4,3.4445630940678122
intervalos,886,5,4.814833300326709
intervalos,886,6,5.5995539040902775
intervalos,886,7,5.7932720274215965
intervalos,887,2,0.7366303056331991
intervalos,887,3,1.9156935994489899
intervalos,887,4,3.3311750256120125
intervalos,887,5,4.694733965903533
intervalos,887,6,5.543869457821487
intervalos,887,7,5.78114700385495
intervalos,888,2,0.7681446423651528
intervalos,888,3,1.9554865404233637
intervalos,888,4,3.35025312610222
intervalos,888,5,4.718979069800999
intervalos,888,6,5.522452035103492
intervalos,888,7,5.777105329332735
intervalos,889,2,0.7950632846269803
intervalos,889,3,2.0031768961809586
intervalos,889,4,3.4385486944657453
intervalos,889,5,4.8537965706886
intervalos,889,6,5.613899260969174
intervalos,889,7,5.805397050988243
intervalos,890,2,0.7105060580101337
intervalos,890,3,1.8407402882280701
intervalos,890,4,3.199416989430108
intervalos,890,5,4.544631839820971
intervalos,890,6,5.450114601873501
intervalos,890,7,5.74728810288491
intervalos,891,2,0.7682958902937904
intervalos,891,3,2.0122116385821367
intervalos,891,4,3.497129629505844
intervalos,891,5,4.846693104850972
intervalos,891,6,5.611390405686161
intervalos,891,7,5.797313701943812
intervalos,892,2,0.7479401881988783
intervalos,892,3,1.9284101843275299
intervalos,892,4,3.3087708865012764
intervalos,892,5,4.643795402634624
intervalos,892,6,5.504024703147699
intervalos,892,7,5.789230352899381
intervalos,893,2,0.7478733596412785
intervalos,893,3,1.9203556085423725
intervalos,893,4,3.2880577956834487
intervalos,893,5,4.589904594619426
intervalos,893,6,5.484862860903487
intervalos,893,7,5.773063654810519
intervalos,894,2,0.7579045915706685
intervalos,894,3,1.9579335692734365
intervalos,894,4,3.379590672917565
intervalos,894,5,4.703793060794011
intervalos,894,6,5.4650452934486395
intervalos,894,7,5.760938631243872
intervalos,895,2,0.7242781123931896
intervalos,895,3,1.8987205477838858
intervalos,895,4,3.295569850898207
intervalos,895,5,4.668654207644886
intervalos,895,6,5.536062881693973
intervalos,895,7,5.793272027421597
intervalos,896,2,0.7105060580101337
intervalos,896,3,1.8684770786805114
intervalos,896,4,3.254407786976052
intervalos,896,5,4.673714901358485
intervalos,896,6,5.563485800075631
intervalos,896,7,5.805397050988243
intervalos,897,2,0.7775853377306512
intervalos,897,3,1.971925123934024
intervalos,897,4,3.341507795393007
intervalos,897,5,4.6551333869987035
intervalos,897,6,5.511279653281634
intervalos,897,7,5.782137668792533
intervalos,898,2,0.7771807632121246
intervalos,898,3,1.968023033848124
intervalos,898,4,3.382085178514516
intervalos,898,5,4.772835267327608
intervalos,898,6,5.562043514968048
intervalos,898,7,5.79174652262928
intervalos,899,2,0.7682790857347424
intervalos,899,3,1.9968757399680157
intervalos,899,4,3.4631707006243535
intervalos,899,5,4.862169670089621
intervalos,899,6,5.604117114646361
intervalos,899,7,5.801355376466029
intervalos,900,2,0.7477898197081125
intervalos,900,3,1.892525671202324
intervalos,900,4,3.299924492392195
intervalos,900,5,4.7091218117095535
intervalos,900,6,5.5345418115086105
intervalos,900,7,5.797313701943812
intervalos,901,2,0.7090143702010385
intervalos,901,3,1.8605194510367058
intervalos,901,4,3.264507703298203
intervalos,901,5,4.6427545090502935
intervalos,901,6,5.5061311080293045
intervalos,901,7,5.7609386312438735
intervalos,902,2,0.7866651207787051
intervalos,902,3,2.0371721821950577
intervalos,902,4,3.512703570663736
intervalos,902,5,4.901913147572898
intervalos,902,6,5.618462471525259
intervalos,902,7,5.793272027421597
intervalos,903,2,0.7363970542821767
intervalos,903,3,1.8812266177097494
intervalos,903,4,3.314307135087462
intervalos,903,5,4.739536249831882
intervalos,903,6,5.529322875741891
intervalos,903,7,5.781147003854951
intervalos,904,2,0.7108373420979117
intervalos,904,3,1.8857576711013802
intervalos,904,4,3.2427491253526757
intervalos,904,5,4.631498958359082
intervalos,904,6,5.479695974745294
intervalos,904,7,5.783663173584849
intervalos,905,2,0.7362304237641479
intervalos,905,3,1.8808567558977798
intervalos,905,4,3.2368531950798123
intervalos,905,5,4.616344100600924
intervalos,905,6,5.502835692849349
intervalos,905,7,5.749804272614807
intervalos,906,2,0.7366303056331991
intervalos,906,3,1.9171027044293216
intervalos,906,4,3.329400412070865
intervalos,906,5,4.6987518787642735
intervalos,906,6,5.5063323332300085
intervalos,906,7,5.779621499062634
intervalos,907,2,0.7476728558924577
intervalos,907,3,1.9343461986525041
intervalos,907,4,3.3667099055222933
intervalos,907,5,4.715731222101413
intervalos,907,6,5.550941523660583
intervalos,907,7,5.797313701943812
intervalos,908,2,0.7477898197081125
intervalos,908,3,1.9323587304352503
intervalos,908,4,3.332102974730405
intervalos,908,5,4.716318933067148
intervalos,908,6,5.553904878953525
intervalos,908,7,5.7932720274215965
intervalos,909,2,0.7244774569018029
intervalos,909,3,1.9260909702118676
intervalos,909,4,3.333805133143944
intervalos,909,5,4.70898551163351
intervalos,909,6,5.548887168387505
intervalos,909,7,5.775579824540419
intervalos,910,2,0.7478733596412785
intervalos,910,3,1.9253869908738288
intervalos,910,4,3.339804191104167
intervalos,910,5,4.704138041376376
intervalos,910,6,5.553983664031306
intervalos,910,7,5.797313701943812
intervalos,911,2,0.7225327094617746
intervalos,911,3,1.8913542457730883
intervalos,911,4,3.2685970262492976
intervalos,911,5,4.653546870892752
intervalos,911,6,5.545845028016781
intervalos,911,7,5.7932720274215965
intervalos,912,2,0.7682790857347424
intervalos,912,3,1.9735183648502288
intervalos,912,4,3.4204393972178564
intervalos,912,5,4.757994570567227
intervalos,912,6,5.568049010631718
intervalos,912,7,5.779621499062634
intervalos,913,2,0.7362304237641479
intervalos,913,3,1.8992422675388339
intervalos,913,4,3.35016461855882
intervalos,913,5,4.77655765878909
intervalos,913,6,5.57266427079633
intervalos,913,7,5.795788197151496
intervalos,914,2,0.7231978660610687
intervalos,914,3,1.895625639356021
intervalos,914,4,3.334432276760885
intervalos,914,5,4.73445419497498
intervalos,914,6,5.5513960236705175
intervalos,914,7,5.797313701943813
intervalos,915,2,0.7242781123931896
intervalos,915,3,1.8964278397511376
intervalos,915,4,3.3190095000177715
intervalos,915,5,4.655263842454036
intervalos,915,6,5.506000273342997
intervalos,915,7,5.787704848107065
intervalos,916,2,0.7582062627097245
intervalos,916,3,2.00109938923987
intervalos,916,4,3.394201668490535
intervalos,916,5,4.7398209614428355
intervalos,916,6,5.5619647298902715
intervalos,916,7,5.785188678377166
intervalos,917,2,0.7583068060747675
intervalos,917,3,1.9368852053724799
intervalos,917,4,3.3147228324052773
intervalos,917,5,4.670013871040304
intervalos,917,6,5.490413856557221
intervalos,917,7,5.771538150018202
intervalos,918,2,0.758072194250097
intervalos,918,3,1.9354131603408589
intervalos,918,4,3.352124904360465
intervalos,918,5,4.714740455528269
intervalos,918,6,5.563485800075632
intervalos,918,7,5.797313701943812
intervalos,919,2,0.7577034432579299
intervalos,919,3,1.9137710362591132
intervalos,919,4,3.2821077038236073
intervalos,919,5,4.6604756235746185
intervalos,919,6,5.518168834825894
intervalos,919,7,5.769021980288304
intervalos,920,2,0.746268569429352
intervalos,920,3,1.9073368560531097
intervalos,920,4,3.3332559501666377
intervalos,920,5,4.711025542022308
intervalos,920,6,5.516647764640532
intervalos,920,7,5.775579824540418
intervalos,921,2,0.7681446423651528
intervalos,921,3,1.956472239182322
intervalos,921,4,3.3496312155559744
intervalos,921,5,4.6699298013686015
intervalos,921,6,5.485116135712717
intervalos,921,7,5.769021980288303
intervalos,922,2,0.7107379645771481
intervalos,922,3,1.870170063229523
intervalos,922,4,3.223498474020303
intervalos,922,5,4.520007474384866
intervalos,922,6,5.43001702414017
intervalos,922,7,5.756362116866923
intervalos,923,2,0.7475224602812404
intervalos,923,3,1.962796049639073
intervalos,923,4,3.3912580272566335
intervalos,923,5,4.812326204131533
intervalos,923,6,5.586476342587513
intervalos,923,7,5.789230352899382
intervalos,924,2,0.7086495086620137
intervalos,924,3,1.8689919547780356
intervalos,924,4,3.2844863889837868
intervalos,924,5,4.706625409763062
intervalos,924,6,5.580138787036834
intervalos,924,7,5.817522074554891
intervalos,925,2,0.7476728558924577
intervalos,925,3,1.9347545447046048
intervalos,925,4,3.401613709218844
intervalos,925,5,4.812863456421836
intervalos,925,6,5.602797269661707
intervalos,925,7,5.801355376466028
intervalos,926,2,0.7479401881988783
intervalos,926,3,1.941286143080532
intervalos,926,4,3.36491420291485
intervalos,926,5,4.734053242760718
intervalos,926,6,5.57360000628545
intervalos,926,7,5.801355376466028
intervalos,927,2,0.7245272888653885
intervalos,927,3,1.8613740995519807
intervalos,927,4,3.2239382491151853
intervalos,927,5,4.60781388776943
intervalos,927,6,5.486917216176565
intervalos,927,7,5.789230352899381
intervalos,928,2,0.7774842045436888
intervalos,928,3,1.9659145146476038
intervalos,928,4,3.3452672099583154
intervalos,928,5,4.71891328787312
intervalos,928,6,5.583635427417491
intervalos,928,7,5.809438725510459
intervalos,929,2,0.7212847387803814
intervalos,929,3,1.8607211889619655
intervalos,929,4,3.271418666088118
intervalos,929,5,4.651971049035489
intervalos,929,6,5.523719830479626
intervalos,929,7,5.764980305766087
intervalos,930,2,0.7244774569018029
intervalos,930,3,1.8906690521063771
intervalos,930,4,3.3356914202105896
intervalos,930,5,4.770371699641206
intervalos,930,6,5.588198637973582
intervalos,930,7,5.805397050988244
intervalos,931,2,0.7360304424794006
intervalos,931,3,1.8928312649357069
intervalos,931,4,3.316735623370853
intervalos,931,5,4.759581086673178
intervalos,931,6,5.602342769651771
intervalos,931,7,5.813480400032675
intervalos,932,2,0.7366303056331991
intervalos,932,3,1.9300170727450234
intervalos,932,4,3.3607744852271018
intervalos,932,5,4.7382468884600035
intervalos,932,6,5.528204255957933
intervalos,932,7,5.763454800973771
intervalos,933,2,0.7866482173681728
intervalos,933,3,2.0038097137475708
intervalos,933,4,3.4459738319194506
intervalos,933,5,4.8192849996618055
intervalos,933,6,5.5942829187150265
intervalos,933,7,5.813480400032675
intervalos,934,2,0.7479234813418589
intervalos,934,3,1.916820439820052
intervalos,934,4,3.3105997702239773
intervalos,934,5,4.658153934783893
intervalos,934,6,5.527216470860283
intervalos,934,7,5.805397050988244
intervalos,935,2,0.8032763304306467
intervalos,935,3,1.9690172231206042
intervalos,935,4,3.406802267864948
intervalos,935,5,4.8066144570813085
intervalos,935,6,5.5705578659147275
intervalos,935,7,5.809438725510459
intervalos,936,2,0.7366303056331991
intervalos,936,3,1.9176318788670166
intervalos,936,4,3.3185883034607757
intervalos,936,5,4.6825861290970705
intervalos,936,6,5.5362641068946745
intervalos,936,7,5.78114700385495
intervalos,937,2,0.7352302480345796
intervalos,937,3,1.9239165390109556
intervalos,937,4,3.329083057636506
intervalos,937,5,4.710237189117323
intervalos,937,6,5.586677567788217
intervalos,937,7,5.8215637490771055
intervalos,938,2,0.7681446423651528
intervalos,938,3,1.9960608607262598
intervalos,938,4,3.443680367451496
intervalos,938,5,4.788949449918955
intervalos,938,6,5.589186423071226
intervalos,938,7,5.797313701943813
intervalos,939,2,0.7243943999285574
intervalos,939,3,1.9116608426301382
intervalos,939,4,3.354789939945002
intervalos,939,5,4.794044940759782
intervalos,939,6,5.5706099155232565
intervalos,939,7,5.805397050988243
intervalos,940,2,0.7865975059667154
intervalos,940,3,2.0231821135168073
intervalos,940,4,3.431092396620066
intervalos,940,5,4.781650523434297
intervalos,940,6,5.553904878953525
intervalos,940,7,5.781147003854951
intervalos,941,2,0.7245272888653885
intervalos,941,3,1.924820066896611
intervalos,941,4,3.3570260373121084
intervalos,941,5,4.769497505335613
intervalos,941,6,5.588198637973577
intervalos,941,7,5.813480400032675
intervalos,942,2,0.7582062627097245
intervalos,942,3,1.9442286462480602
intervalos,942,4,3.3455440212314187
intervalos,942,5,4.674894952293711
intervalos,942,6,5.526814020458876
intervalos,942,7,5.78114700385495
intervalos,943,2,0.7473386226950005
intervalos,943,3,1.9361955395144206
intervalos,943,4,3.3766909201697386
intervalos,943,5,4.756225036937363
intervalos,943,6,5.5387729621776876
intervalos,943,7,5.771538150018202
intervalos,944,2,0.7577034432579299
intervalos,944,3,1.9970370469506602
intervalos,944,4,3.4580185481800094
intervalos,944,5,4.8201533493466915
intervalos,944,6,5.577629931753825
intervalos,944,7,5.799829871673712
intervalos,945,2,0.7362304237641479
intervalos,945,3,1.8911233668421519
intervalos,945,4,3.2861305708480195
intervalos,945,5,4.706015113713988
intervalos,945,6,5.549472503083748
intervalos,945,7,5.785188678377165
intervalos,946,2,0.7242781123931896
intervalos,946,3,1.9393676090278544
intervalos,946,4,3.3805432393143158
intervalos,946,5,4.793658871225621
intervalos,946,6,5.572078936100088
intervalos,946,7,5.7973137019438115
intervalos,947,2,0.7366969421558329
intervalos,947,3,1.8991145358856378
intervalos,947,4,3.301163936365955
intervalos,947,5,4.675109809084987
intervalos,947,6,5.496498137298671
intervalos,947,7,5.7690219802883025
intervalos,948,2,0.7682286709081425
intervalos,948,3,1.9784712229417192
intervalos,948,4,3.413132845700802
intervalos,948,5,4.782220278320446
intervalos,948,6,5.574841066192331
intervalos,948,7,5.793272027421597
intervalos,949,2,0.7366303056331991
intervalos,949,3,1.9140858376764673
intervalos,949,4,3.3428387323816295
intervalos,949,5,4.705958033681673
intervalos,949,6,5.540827317450761
intervalos,949,7,5.773063654810518
intervalos,950,2,0.735530371474798
intervalos,950,3,1.863743638939818
intervalos,950,4,3.26387923849134
intervalos,950,5,4.6802208459344
intervalos,950,6,5.514593409367457
intervalos,950,7,5.797313701943813
intervalos,951,2,0.777652755989128
intervalos,951,3,1.9623985073601768
intervalos,951,4,3.4011737041287033
intervalos,951,5,4.762271954273971
intervalos,951,6,5.555425949138886
intervalos,951,7,5.805397050988244
intervalos,952,2,0.7577034432579299
intervalos,952,3,1.9795189520652043
intervalos,952,4,3.415841561818492
intervalos,952,5,4.7784487298541
intervalos,952,6,5.614432546056886
intervalos,952,7,5.813480400032675
intervalos,953,2,0.7479401881988783
intervalos,953,3,1.8968887284844493
intervalos,953,4,3.268791506815474
intervalos,953,5,4.6163247044566775
intervalos,953,6,5.476199334364636
intervalos,953,7,5.785188678377166
intervalos,954,2,0.7479234813418589
intervalos,954,3,1.8829759419356709
intervalos,954,4,3.2601239722714666
intervalos,954,5,4.622741843140605
intervalos,954,6,5.50151584786469
intervalos,954,7,5.761929296181454
intervalos,955,2,0.7367302592973651
intervalos,955,3,1.896274900138562
intervalos,955,4,3.296864943115254
intervalos,955,5,4.662367524416291
intervalos,955,6,5.494242556824891
intervalos,955,7,5.760403791389138
intervalos,956,2,0.7584073426019478
intervalos,956,3,1.915708246637666
intervalos,956,4,3.31990119477701
intervalos,956,5,4.729404974378169
intervalos,956,6,5.573066721197738
intervalos,956,7,5.789230352899381
intervalos,957,2,0.7366303056331991
intervalos,957,3,1.9254933370361702
intervalos,957,4,3.2993652713452817
intervalos,957,5,4.644083303184675
intervalos,957,6,5.478122854951405
intervalos,957,7,5.748278767822493
intervalos,958,2,0.7584073426019478
intervalos,958,3,1.9498497252112714
intervalos,958,4,3.3518663000558435
intervalos,958,5,4.72461082007132
intervalos,958,6,5.563817859962643
intervalos,958,7,5.789230352899381
intervalos,959,2,0.6930811201807139
intervalos,959,3,1.8102550338151815
intervalos,959,4,3.2080176429784903
intervalos,959,5,4.560484448173172
intervalos,959,6,5.439799170462978
intervalos,959,7,5.7553714519293395
intervalos,960,2,0.7243943999285574
intervalos,960,3,1.892302415969039
intervalos,960,4,3.3055613034058307
intervalos,960,5,4.680929426507203
intervalos,960,6,5.57861771685147
intervalos,960,7,5.7932720274215965
intervalos,961,2,0.7242781123931896
intervalos,961,3,1.8566203592339652
intervalos,961,4,3.23987616848044
intervalos,961,5,4.6613096742446976
intervalos,961,6,5.528737541045648
intervalos,961,7,5.789230352899382
intervalos,962,2,0.7366303056331991
intervalos,962,3,1.889484743833093
intervalos,962,4,3.2358872707603403
intervalos,962,5,4.593557799089311
intervalos,962,6,5.492520261438828
intervalos,962,7,5.797313701943812
intervalos,963,2,0.7478733596412785
intervalos,963,3,1.9476990635882738
intervalos,963,4,3.36104927523446
intervalos,963,5,4.752439936947479
intervalos,963,6,5.568503510641654
intervalos,963,7,5.779621499062634
intervalos,964,2,0.6929985406149266
intervalos,964,3,1.7926865368727454
intervalos,964,4,3.140346817325476
intervalos,964,5,4.490860043630309
intervalos,964,6,5.430218249340872
intervalos,964,7,5.747288102884909
intervalos,965,2,0.7239458123025975
intervalos,965,3,1.8674367473945548
intervalos,965,4,3.2760556048854155
intervalos,965,5,4.674984534921879
intervalos,965,6,5.5599891596949735
intervalos,965,7,5.799829871673712
intervalos,966,2,0.7459172896108015
intervalos,966,3,1.9021162845630721
intervalos,966,4,3.2924870365757433
intervalos,966,5,4.6581659803796
intervalos,966,6,5.54457170365815
intervalos,966,7,5.791746522629281
intervalos,967,2,0.7366969421558329
intervalos,967,3,1.8791830007748094
intervalos,967,4,3.3069034194560594
intervalos,967,5,4.775673460917367
intervalos,967,6,5.595270703812674
intervalos,967,7,5.805397050988244
intervalos,968,2,0.7360304424794006
intervalos,968,3,1.911136629217018
intervalos,968,4,3.3381134412956235
intervalos,968,5,4.723044031773856
intervalos,968,6,5.629485677754948
intervalos,968,7,5.813480400032675
intervalos,969,2,0.7774842045436888
intervalos,969,3,1.9727010190247487
intervalos,969,4,3.4106423774605648
intervalos,969,5,4.776693742740504
intervalos,969,6,5.5765633615783985
intervalos,969,7,5.7973137019438115
intervalos,970,2,0.7583738311858802
intervalos,970,3,1.9487495101261616
intervalos,970,4,3.3541719427321923
intervalos,970,5,4.742854284015385
intervalos,970,6,5.575121076470816
intervalos,970,7,5.7796214990626344
intervalos,971,2,0.7243943999285574
intervalos,971,3,1.880646768253691
intervalos,971,4,3.259243995364763
intervalos,971,5,4.620912372203571
intervalos,971,6,5.524707615577276
intervalos,971,7,5.789230352899382
intervalos,972,2,0.7761688390672226
intervalos,972,3,1.96044255440323
intervalos,972,4,3.3714288878386895
intervalos,972,5,4.687275154767171
intervalos,972,6,5.484661635702786
intervalos,972,7,5.748278767822491
intervalos,973,2,0.7360304424794006
intervalos,973,3,1.901769783397262
intervalos,973,4,3.301472525462196
intervalos,973,5,4.684965958776009
intervalos,973,6,5.516245314239125
intervalos,973,7,5.769021980288303
intervalos,974,2,0.7108373420979117
intervalos,974,3,1.8693584856035035
intervalos,974,4,3.259686308751037
intervalos,974,5,4.659964341240923
intervalos,974,6,5.480378435425181
intervalos,974,7,5.756896956721656
intervalos,975,2,0.7476728558924577
intervalos,975,3,1.9401763073707465
intervalos,975,4,3.3251249225806725
intervalos,975,5,4.6914156000557865
intervalos,975,6,5.520677690108901
intervalos,975,7,5.773063654810517
intervalos,976,2,0.7244774569018029
intervalos,976,3,1.8885880709274472
intervalos,976,4,3.25246136345908
intervalos,976,5,4.63859511482129
intervalos,976,6,5.533755251611667
intervalos,976,7,5.7973137019438115
intervalos,977,2,0.777652755989128
intervalos,977,3,2.015209402087181
intervalos,977,4,3.457774938225188
intervalos,977,5,4.809862304780891
intervalos,977,6,5.5564137342365365
intervalos,977,7,5.801355376466028
intervalos,978,2,0.7478733596412785
intervalos,978,3,1.9449095695722116
intervalos,978,4,3.3988696239509655
intervalos,978,5,4.81064658479408
intervalos,978,6,5.588731923061292
intervalos,978,7,5.7973137019438115
intervalos,979,2,0.7468705695219284
intervalos,979,3,1.9410623510532798
intervalos,979,4,3.4129194890539956
intervalos,979,5,4.8052607538462215
intervalos,979,6,5.6693304324287315
intervalos,979,7,5.813480400032675
intervalos,980,2,0.7583738311858802
intervalos,980,3,1.9582633939284964
intervalos,980,4,3.3696675175319184
intervalos,980,5,4.679282309765594
intervalos,980,6,5.5423483876361255
intervalos,980,7,5.773063654810518
intervalos,981,2,0.7475224602812404
intervalos,981,3,1.9321450036204997
intervalos,981,4,3.3142230363679652
intervalos,981,5,4.685790779952117
intervalos,981,6,5.519611119933477
intervalos,981,7,5.7649803057660876
intervalos,982,2,0.7242781123931896
intervalos,982,3,1.8938843264717864
intervalos,982,4,3.3121386270590447
intervalos,982,5,4.710475514944646
intervalos,982,6,5.588198637973579
intervalos,982,7,5.803871546195927
intervalos,983,2,0.7366303056331991
intervalos,983,3,1.8816236531532362
intervalos,983,4,3.2873102719117653
intervalos,983,5,4.723514838807796
intervalos,983,6,5.5327674665140165
intervalos,983,7,5.777105329332733
intervalos,984,2,0.7242781123931896
intervalos,984,3,1.9005030100773692
intervalos,984,4,3.312447431991621
intervalos,984,5,4.71264600078877
intervalos,984,6,5.539306247265399
intervalos,984,7,5.7932720274215965
intervalos,985,2,0.7107379645771481
intervalos,985,3,1.8359925047642296
intervalos,985,4,3.213129249853706
intervalos,985,5,4.638885007724466
intervalos,985,6,5.535276321797028
intervalos,985,7,5.789230352899382
intervalos,986,2,0.7103403884375702
intervalos,986,3,1.85259544121907
intervalos,986,4,3.18747436770392
intervalos,986,5,4.542429183045242
intervalos,986,6,5.437823600267683
intervalos,986,7,5.759413126451556
intervalos,987,2,0.7754600767733801
intervalos,987,3,1.9731644908733346
intervalos,987,4,3.3855430063135326
intervalos,987,5,4.7858047363710785
intervalos,987,6,5.610857120598447
intervalos,987,7,5.805397050988244
intervalos,988,2,0.7357970969588479
intervalos,988,3,1.9097074766085698
intervalos,988,4,3.3279445604957574
intervalos,988,5,4.678143131657535
intervalos,988,6,5.506533558430711
intervalos,988,7,5.752855282199441
intervalos,989,2,0.7366969421558329
intervalos,989,3,1.8941072342661371
intervalos,989,4,3.3234150453093236
intervalos,989,5,4.689709322743191
intervalos,989,6,5.542802887646058
intervalos,989,7,5.785188678377166
intervalos,990,2,0.7360304424794006
intervalos,990,3,1.9116022987576817
intervalos,990,4,3.2885869920486885
intervalos,990,5,4.664654366403344
intervalos,990,6,5.5473660982021435
intervalos,990,7,5.795788197151497
intervalos,991,2,0.7243943999285574
intervalos,991,3,1.8864335923848286
intervalos,991,4,3.288771698905234
intervalos,991,5,4.657608312262275
intervalos,991,6,5.560775719591919
intervalos,991,7,5.797313701943813
intervalos,992,2,0.7476728558924577
intervalos,992,3,1.9258123987002922
intervalos,992,4,3.3365841999668326
intervalos,992,5,4.728122566027421
intervalos,992,6,5.572078936100089
intervalos,992,7,5.801355376466028
intervalos,993,2,0.7360304424794006
intervalos,993,3,1.9100416486880476
intervalos,993,4,3.300246488398701
intervalos,993,5,4.656175720647701
intervalos,993,6,5.532234181426306
intervalos,993,7,5.795788197151496
intervalos,994,2,0.7367302592973651
intervalos,994,3,1.9264386299424388
intervalos,994,4,3.3526324109913057
intervalos,994,5,4.733166605332006
intervalos,994,6,5.541080592259995
intervalos,994,7,5.764980305766087
intervalos,995,2,0.7366969421558329
intervalos,995,3,1.8837514531575517
intervalos,995,4,3.3027515913416416
intervalos,995,5,4.72514807236162
intervalos,995,6,5.566527940446357
intervalos,995,7,5.801355376466027
intervalos,996,2,0.7245272888653885
intervalos,996,3,1.9113035556843991
intervalos,996,4,3.348593064310029
intervalos,996,5,4.749200459479214
intervalos,996,6,5.576108861568461
intervalos,996,7,5.78923035289938
intervalos,997,2,0.7367302592973651
intervalos,997,3,1.922255398650466
intervalos,997,4,3.3260719057556574
intervalos,997,5,4.691584071063437
intervalos,997,6,5.5710911510024435
intervalos,997,7,5.805397050988243
intervalos,998,2,0.7952328306430712
intervalos,998,3,2.0372399133630714
intervalos,998,4,3.464429906294722
intervalos,998,5,4.798261085488779
intervalos,998,6,5.583102142329779
intervalos,998,7,5.797313701943812
intervalos,999,2,0.7366303056331991
intervalos,999,3,1.8946301784167465
intervalos,999,4,3.219448036095225
intervalos,999,5,4.543013509137709
intervalos,999,6,5.424011528476504
intervalos,999,7,5.759413126451555
intervalos,1000,2,0.7096443756320245
intervalos,1000,3,1.8620270513564072
intervalos,1000,4,3.283830246912403
intervalos,1000,5,4.715394611750367
intervalos,1000,6,5.512084554084444
intervalos,1000,7,5.7973137019438115
