b,PPn,RRn,TTn,PR,RT,PT,TPn
3,1050,1050,1072,183,380.5,555,1605
4,1061,1061,1067,183.5,387.25,561,1622
5,1044,1045,1061,180.25,394,569,1622
6,1034,1031,1030.5,179.125,400,565,1611
7,1020,1021,1026.75,181.062,397.5,561,1597.5
8,1035,1019,1013.375,165.531,395,544.5,1587.75
9,1050,1015,1017.688,150,392,528,1568.875
10,1038.5,1018.5,1016.844,164,389,572,1578.438
11,1022.25,1014.75,997.422,173.5,369.5,561,1588
12,1022.125,1018.375,1001.711,178.25,351.75,533,1563.5
13,1019.562,1023.188,1031.355,186.125,359.375,547,1570.75
14,959.781,1025.594,1061,254.062,379.688,561,1596.375
15,1079.891,1026.797,1061,202.031,400,550,1622
16,1200,1027.398,1127.5,150,389,539,1739
17,1033,1032.699,1194,145,375.5,611.5,1733
18,1066.5,1024.85,1124.5,192,387.75,625.25,1736
19,1100,1015.425,1055,182.5,400,604.625,1739
20,1072,1010.212,1016.5,213.25,392,616.312,1656
21,1069,1005.106,1013.75,195.625,393.5,594.656,1647.5
22,1066,1002.553,1003.875,192.312,395,573,1639
23,958,987.277,974.438,251.656,389,623,1581
24,1029,985.638,975.719,223.328,372,586.5,1615.5
25,1100,975.819,987.859,255.664,380.5,550,1650
26,1105.5,968.91,971.93,197.332,389,536,1641.5
27,1111,967.455,1007.965,170.666,425,570.5,1633
28,955.5,967.227,1044,144,407,635.25,1566.5
29,1038.75,961.114,986,144,389,570.625,1597.25
30,1122,964.057,956.5,144,355.5,518.312,1628
31,1041.5,962.528,950.75,144,330.75,484.156,1519.5
32,1009.75,967.264,1008.375,144,365.375,511.078,1517.75
33,987.875,970.132,1066,144.5,400,538,1508.875
34,979.938,971.066,1019,145,389,534,1507.438
35,978.969,971.533,1001,145,389,534,1512.219
36,975.484,974.767,986.5,145,400,539,1511.609
37,974.242,970.883,973.75,145,394,539,1505.805
38,978.621,979.442,986.875,144.5,388,527,1516.402
39,969.811,970.721,965.938,144,400,544,1502.701
40,968.405,968.36,971.969,145,397.5,528,1504.351
41,973.203,973.18,977.484,144,395,539,1513.175
42,969.601,970.09,972.242,144,400,544,1512.088
43,968.301,968.045,969.121,145,400,545,1511.544
44,967.65,967.523,968.061,144,400,544,1511.272
45,961.325,958.761,964.53,144,400,544,1508.136
46,955.663,957.381,954.765,144.5,400,550,1501.568
47,950.331,947.69,952.383,145,400,545,1498.284
48,950.166,951.845,951.191,144.5,403,550,1499.142
49,950.083,950.923,944.596,144,406,550,1493.571
50,952.541,953.461,958.798,144,394,538,1502.285
51,951.271,954.231,956.899,145,402.5,556,1506.643
52,948.135,946.615,953.449,150,412.25,561,1508.821
53,954.568,953.808,951.725,144,411.625,566,1512.411
54,954.784,951.904,953.862,144,414.312,555,1511.705
55,957.892,959.452,957.431,144.5,412.656,556,1514.353
56,953.946,957.226,956.216,145,411.828,556,1512.676
57,954.973,953.613,953.108,150,411.414,561,1511.838
58,946.986,946.306,940.554,144,405.707,555,1497.419
59,945.493,945.653,939.777,144,400,544,1490.21
60,939.747,939.327,942.388,145,394,539,1487.105
61,936.373,933.663,937.694,144,406,550,1485.052
62,932.187,933.332,927.347,144,400.5,550,1476.026
63,929.593,927.666,924.674,144,395,539,1468.513
64,928.797,927.833,926.337,141.5,395,534,1465.257
65,925.398,924.916,926.668,140.25,395,534,1463.128
66,918.699,920.958,921.834,142.125,400,539,1459.564
67,917.35,918.979,916.417,144,400,544,1457.282
68,922.675,920.49,916.709,145,394,539,1456.641
69,922.337,924.245,922.354,145,389,528,1456.321
70,919.669,917.622,922.177,145,389,534,1456.16
71,918.334,919.811,919.089,144.5,400,539,1455.58
72,917.167,918.406,912.544,144,394,538,1449.79
73,919.584,917.203,917.272,145,391.5,528,1449.895
74,915.792,917.101,914.136,144.5,389,528,1444.448
75,913.396,911.551,915.568,144,391.5,527,1444.224
76,909.198,908.275,907.784,141.5,394,533,1438.612
77,904.599,907.138,900.892,143.25,389,528,1430.306
78,902.299,903.569,900.446,145,383,525,1426.153
79,898.65,898.784,903.223,145,386,529,1427.076
80,896.325,896.892,893.112,144,389,533,1421.538
81,895.662,895.446,894.056,145,383.5,527.5,1419.269
82,891.831,889.223,888.528,144,380.75,522.25,1412.135
83,887.916,889.112,888.764,144,379.375,522.125,1409.067
84,885.458,886.556,885.882,144,378.188,522.062,1407.034
85,884.229,884.778,887.441,145,380.594,525.031,1409.017
86,886.614,883.889,882.72,145,379.297,528,1407.508
87,882.307,880.944,880.36,142,378.648,522.5,1401.254
88,880.154,879.472,881.68,140.5,380.824,522.25,1400.627
89,881.577,884.236,882.34,142.75,378.912,522.125,1402.814
90,885.288,886.618,883.17,145,375.456,519.562,1404.407
91,887.144,887.309,886.085,145,374.228,518.281,1405.203
92,888.072,882.655,884.543,144,376.114,514.641,1402.602
93,888.536,888.827,889.271,141.5,376.557,515.32,1403.801
94,891.268,891.414,889.136,140.25,374.279,513.16,1404.4
95,893.134,893.207,892.068,139.625,373.139,512.08,1405.2
96,891.067,890.603,893.034,138.812,375.57,514.04,1405.1
97,889.534,892.802,891.017,141.906,373.785,515.52,1405.05
98,889.267,890.901,890.008,145,372.892,516.26,1405.525
99,889.133,889.95,889.504,145,372.446,516.63,1405.763
100,889.067,886.475,889.252,145,375.223,516.815,1405.881
101,886.033,884.738,886.126,142,376.612,516.908,1402.941
102,885.017,884.369,882.063,140.5,374.306,513.954,1398.97
103,887.008,886.684,885.532,139.75,373.153,512.477,1399.485
104,888.004,887.342,887.266,138.875,373.076,511.738,1399.743
105,882.502,885.671,882.133,141.938,369.538,511.369,1393.871
106,885.751,887.336,888.566,145,370.769,514.185,1399.936
107,887.376,888.168,888.783,145,371.385,515.592,1402.968
108,888.188,885.584,885.892,145,371.692,513.296,1401.484
109,888.594,889.792,887.446,144.5,369.346,512.148,1400.742
110,888.797,889.396,890.723,144,370.673,514.074,1402.871
111,885.898,886.698,884.361,144,368.337,512.537,1398.435
112,884.449,884.849,884.181,145,367.668,512.269,1396.718
113,881.225,881.424,880.59,145,366.834,511.634,1392.859
114,882.612,879.212,882.295,145,369.917,511.317,1393.929
115,877.306,878.606,877.148,144.5,368.459,511.159,1388.465
116,883.153,878.303,880.074,144,370.229,508.079,1391.232
117,877.577,878.152,876.037,141.5,368.115,506.54,1384.116
118,874.788,875.076,874.518,140.25,367.557,506.27,1381.058
119,876.394,876.538,875.759,139.625,366.779,505.635,1382.029
120,877.197,877.269,874.38,139.312,363.889,502.817,1380.015
121,877.099,880.134,878.69,142.156,362.445,504.409,1381.507
122,880.549,879.067,880.845,145,364.222,504.704,1385.254
123,881.775,881.034,882.422,142,365.611,505.352,1387.127
124,882.387,882.017,882.711,140.5,366.306,505.676,1388.063
125,880.194,880.008,882.856,139.75,369.153,508.338,1388.532
126,882.097,881.504,880.428,138.875,368.076,506.669,1388.766
127,882.548,882.752,881.714,138.938,367.038,505.835,1388.383
128,880.274,882.876,879.857,141.469,364.019,505.417,1385.691
129,881.637,880.438,881.928,144,365.51,505.709,1387.346
130,885.319,884.719,884.964,141.5,365.755,505.354,1390.673
131,887.159,889.36,886.982,142.75,363.377,505.177,1392.336
132,890.58,889.18,887.991,144,362.189,502.589,1393.168
133,889.79,889.09,893.996,141.5,367.094,506.794,1396.584
134,886.395,889.045,888.998,143.25,367.047,509.397,1395.792
135,885.197,886.022,885.999,145,367.024,510.199,1395.396
136,887.099,885.011,881.999,144,364.012,505.099,1392.198
137,885.049,881.006,882.5,138.5,365.506,502.55,1387.599
138,878.525,882.503,880.25,141.75,363.253,504.275,1382.8
139,881.262,877.251,884.625,145,370.626,507.637,1388.9
140,879.131,880.126,878.312,142,368.813,506.819,1385.95
141,878.566,882.063,878.156,143.5,364.907,506.409,1384.975
142,886.783,885.031,886.078,145,365.953,505.705,1392.487
143,884.891,884.516,887.539,142,368.977,508.352,1393.244
144,886.946,886.758,890.77,140.5,372.988,512.176,1399.122
145,890.473,890.379,895.385,139.75,377.994,517.088,1407.561
146,895.236,898.189,895.192,142.375,374.997,517.044,1412.28
147,900.618,899.095,903.096,145,378.999,519.522,1420.14
148,905.809,907.547,912.548,144.5,383.999,526.261,1432.07
149,911.405,909.274,914.774,144,389,533,1441.035
150,913.702,916.137,896.387,144.5,395,533,1426.018
151,929.351,930.068,939.694,145,392,533,1452.009
152,928.176,929.034,933.847,144,389,533,1456.504
153,931.088,931.017,933.423,145,389,534,1461.752
154,932.044,929.509,927.712,144,389,533,1458.376
155,924.522,925.754,925.356,144,386.5,530.5,1451.688
156,923.261,921.377,918.178,144,382.25,528,1445.344
157,922.63,924.689,920.089,144.5,377.125,522.5,1442.172
158,925.315,925.844,926.544,145,377.562,522.25,1446.086
159,929.158,929.922,930.272,144,377.781,522.625,1451.043
160,931.579,931.461,926.136,145,372.391,516.812,1448.022
161,935.289,935.231,938.068,144,375.195,519.406,1454.511
162,942.645,939.615,941.034,144,376.598,517.703,1460.255
163,946.322,944.808,945.517,141,377.299,516.852,1463.128
164,948.161,947.404,953.259,139.5,383.149,521.926,1470.064
165,954.581,954.702,951.629,139.25,389,527,1473.532
166,957.79,960.351,956.315,141.625,380.5,521.5,1475.266
167,964.895,963.675,961.657,144,376.25,516.25,1479.133
168,973.948,976.338,975.329,144.5,374.125,516.625,1489.566
169,978.974,977.169,976.664,145,373.062,513.812,1492.283
170,980.987,980.084,979.832,142,372.531,512.406,1493.142
171,976.493,979.042,973.416,143.5,366.766,509.203,1485.571
172,971.747,972.521,975.708,145,369.883,513.102,1484.785
173,971.873,969.761,970.854,144,370.941,512.051,1483.893
174,969.437,970.88,977.427,144,377.471,520.025,1489.446
175,962.218,963.44,960.714,144,374.735,528,1480.723
176,961.609,962.22,960.857,145,373.368,522.5,1479.362
177,961.805,961.61,958.428,145,370.184,516.75,1476.181
178,952.902,955.805,945.714,144,360.092,508.375,1460.09
179,959.951,958.403,961.857,150,363.546,509.688,1469.045
180,960.476,962.701,944.929,144,345.773,493.844,1454.023
181,888.238,947.851,947.464,150,345.386,552.922,1441.011
182,963.619,948.925,945.732,164,342.193,534.961,1498.506
183,1039,952.463,958.866,174,348.597,536.98,1493.753
184,1022.5,959.231,943.433,159,332.798,539,1480.376
185,991.75,963.116,974.717,144,344.399,522.5,1473.688
186,892.875,962.058,962.358,150,344.7,592.25,1464.844
187,1013.438,961.529,956.179,147,339.35,535.125,1538.422
188,1134,961.264,966.59,144,344.675,564.562,1612
189,1089,955.632,961.295,147,350.337,535.281,1581
190,1044,958.316,964.147,150,356.169,523.641,1527
191,986,962.658,951.074,150,344.584,522.82,1488.5
192,968,956.329,956.537,169.5,344.792,528.41,1486.25
193,969.8,961.665,966.768,176.95,349.896,534,1498.625
194,962.4,958.332,958.384,180.675,349.948,539.4,1494.012
195,973.4,954.166,948.692,165.337,344.474,534.4,1483.706
196,931.2,941.083,949.346,150,352.737,542.2,1461.353
197,929.6,951.042,955.173,186,356.869,550,1486.177
198,956.3,950.521,950.087,187.5,356.434,547.5,1507.088
199,961.65,953.26,958.043,182.75,361.217,545,1509.044
200,922.325,954.13,948.522,216.375,355.609,544,1496.022
201,972.662,957.565,960.761,202.188,358.804,547,1534.511
202,966.831,956.783,955.38,192.594,357.402,550,1517.256
203,960.916,953.391,952.69,185.297,356.701,539,1503.128
204,955.458,954.696,953.845,184.648,355.851,534,1496.064
205,972.229,954.848,957.423,167.324,358.425,539,1498.032
206,972.114,960.924,956.711,150,354.213,517,1482.516
207,975.057,969.462,972.856,145,357.606,511.5,1483.258
208,976.529,973.231,977.928,145,362.303,511.25,1486.129
209,957.764,975.615,972.464,144,359.152,525.125,1482.064
210,984.382,976.808,969.232,147,351.576,539,1493.532
211,972.691,979.904,979.116,150,350.788,530.5,1488.266
212,977.846,984.452,981.558,164,347.894,526.75,1497.133
213,991.923,981.226,987.779,157,354.447,518.875,1507.067
214,990.461,982.113,979.889,150,352.223,506.438,1495.033
215,967.231,983.056,981.945,144,351.112,520.219,1486.517
216,992.115,980.028,982.472,144,353.556,534,1501.758
217,982.058,976.514,977.236,144,354.278,517,1486.879
218,960.529,974.257,977.618,145,357.639,528,1482.44
219,966.264,976.129,972.309,164.5,353.819,539,1494.22
220,969.132,974.064,974.655,174.25,354.41,534,1502.61
221,971.066,970.032,970.827,175.625,355.205,539,1504.305
222,966.033,966.016,968.914,176.812,358.102,533,1502.152
223,963.517,963.508,964.957,177.406,359.551,539,1501.076
224,981.758,964.754,965.478,160.703,360.276,539,1503.038
225,974.379,965.877,966.239,144,360.638,522,1487.519
226,970.19,966.439,966.62,144,360.819,514,1479.76
227,974.095,974.719,972.31,145,358.409,510,1481.88
228,967.547,981.86,983.155,150,359.705,524.5,1490.94
229,997.774,990.93,991.577,150,360.352,539,1514.97
230,1028,995.465,992.789,150,357.676,522,1509.985
231,1025,1008.732,1013.394,150,362.338,519.5,1524.492
232,1035,1023.866,1026.197,150,364.669,515.25,1540.246
233,1045,1031.433,1029.599,144,362.835,510.625,1542.123
234,1038,1040.717,1039.799,145,361.917,510.812,1549.062
235,1045,1050,1050,150,361.959,508.406,1558.031
236,1061,1055,1056,144,364.479,512.703,1559.515
237,1044,1050,1055,150,365.74,525.852,1571.758
238,1045,1067,1067,150,365.87,539,1588.379
239,1089,1067,1066,150,365.935,525,1605
240,1055,1050,1050,145,366.467,565.5,1589
241,1099.5,1061,1062,147.5,366.734,541.25,1625
242,1144,1055,1055,150,363.867,526.125,1661
243,1034,1049.5,1052.5,150,365.433,532.562,1611
244,1045,1044,1050,147,366.217,539,1589
245,1056,1030.5,1033,144,366.108,541.5,1558
246,1028,1015.25,1016.5,161,366.054,544,1551
247,1014,1007.625,1005.75,169.5,363.527,544,1545
248,1021,1003.812,1008.375,159.75,367.764,539,1547.5
249,1028,998.906,990.188,150,358.882,536,1520.75
250,1033.5,1002.453,1003.594,150,359.941,533,1535.375
251,1039,1009.227,1009.797,150,360.47,524.5,1531.188
252,1025,1007.613,1007.898,155,360.735,517.75,1526.594
253,1026.5,1014.807,1017.949,150,363.868,514.375,1532.797
254,1028,1018.403,1019.975,144,365.434,526.688,1532.898
255,1036.5,1020.702,1015.487,147,360.217,539,1541.449
256,1045,1021.351,1021.744,150,360.608,525,1537.225
257,1017,1021.675,1021.872,150,360.804,534.5,1535.112
258,1019.5,1016.338,1019.436,161,363.902,544,1548.056
259,1023.75,1011.169,1015.218,155.5,367.951,539,1549.028
260,1028,1000.084,996.609,150,364.476,525,1524.514
261,1008,994.042,995.304,150,365.738,521,1514.757
262,982,991.521,997.652,150,371.869,541,1515.879
263,1007.5,993.261,987.826,147.5,366.434,561,1527.439
264,1033,988.13,982.913,145,361.217,533.5,1505.72
265,997,988.565,988.457,150,361.109,536.25,1502.86
266,1001.4,988.783,991.728,155.6,364.054,539,1518.43
267,1003.3,991.391,992.864,161.2,365.527,528.2,1520.315
268,999.15,990.196,993.432,150,368.764,522.1,1515.657
269,991.075,987.098,985.716,144,367.382,516.55,1504.829
270,990.038,987.549,987.358,145,367.191,513.775,1502.414
271,984.019,982.774,979.679,144,364.095,509.388,1492.707
272,975.009,977.387,978.84,144,365.548,513.194,1487.854
273,957.005,972.194,969.92,150,363.274,526.097,1482.927
274,981.502,972.097,857.46,147,248.637,539,1383.463
275,975.751,975.048,1034.23,144,307.818,529,1436.232
276,988.876,985.024,1211,152,336.909,520,1474.616
277,985.938,986.512,1100,145,351.955,518.5,1487.308
278,973.969,990.756,1050,150,361.977,536.75,1502.154
279,992.484,997.878,1025,163.5,364.489,555,1528.577
280,1012.742,1001.939,1015.5,156.75,365.744,544,1539.288
281,1033,1003.97,1010.25,150,365.872,530,1530.644
282,1027.5,1009.985,1013.625,150,366.436,520.5,1531.822
283,1008.25,1015.992,1017.812,144,366.718,532.25,1532.411
284,1029.125,1016.496,1017.406,144,366.859,544,1546.706
285,1050,1019.248,1022.703,144,369.93,530.5,1542.853
286,1019.5,1023.624,1022.352,144,368.465,540.25,1540.926
287,1037.25,1022.812,1025.176,147,370.732,550,1559.463
288,1055,1025.406,1023.588,150,368.866,533.5,1552.232
289,1028,1021.203,1019.794,150,367.433,522.25,1542.616
290,1031,1030.102,1026.897,145,364.217,516.625,1543.808
291,1034,1034.551,1038.448,150,368.108,519.312,1552.404
292,1039,1028.275,1050,150,370.054,518.156,1548.202
293,1036.5,1033.638,1041.5,145,368.027,517.078,1549.101
294,1034,1033.319,1037.75,150,367.514,517.039,1549.55
295,1033,1025.159,1026.875,150,366.757,514.02,1541.275
296,1027.5,1026.08,1030.438,145,369.878,518.51,1543.138
297,1013.75,1027.04,1026.219,150,368.439,531.755,1544.069
298,1034.875,1027.52,1029.609,150,370.22,545,1561.034
299,1056,1027.76,1025.805,150,368.11,528,1552.517
300,1033,1030.38,1032.402,145,370.055,522,1551.259
301,1034,1029.19,1030.201,144,371.027,519.5,1547.629
302,1025.5,1025.595,1026.101,145,371.514,520.75,1543.315
303,1029.25,1029.297,1024.55,150,366.757,516.375,1544.157
304,1033,1028.649,1028.775,150,366.878,516.688,1544.579
305,1028,1025.324,1025.388,150,366.939,513.844,1541.789
306,1028,1029.662,1026.694,144,363.97,512.422,1540.395
307,1028,1028.831,1029.847,150,364.985,514.211,1542.197
308,1028,1025.416,1025.923,150,365.492,512.605,1540.099
309,1025.5,1023.708,1024.462,145,366.246,511.803,1537.049
310,1026.25,1025.854,1028.731,144,369.123,514.401,1540.525
311,1021.625,1020.927,1022.865,145,371.062,515.701,1537.262
312,1019.312,1021.963,1016.933,144,366.031,513.35,1532.631
313,1009.656,1024.482,1024.966,150,366.515,528.675,1538.316
314,1026.828,1018.241,1017.983,147.5,366.258,544,1546.658
315,1044,1014.62,1014.492,145,366.129,527.5,1534.329
316,1014,1015.31,1021.246,145,372.064,541.25,1536.664
317,1029,1016.155,1013.623,147.5,369.532,555,1548.832
318,1044,1011.078,1012.311,150,370.766,552.5,1538.416
319,1041.5,1011.039,1017.156,150,376.883,550,1555.208
320,1039,1008.019,1003.078,150,371.942,533,1538.604
321,1022.5,1007.01,1004.039,150,368.971,524.5,1530.302
322,1000.25,1006.005,1008.019,150,370.985,537.25,1529.151
323,1013.625,1003.002,1004.01,150,371.993,550,1539.576
324,1012.312,1004.501,1004.505,150,371.996,533.5,1533.788
325,1006.156,1004.751,1002.252,145,369.498,525.25,1525.394
326,1006.078,1002.375,1004.126,150,371.249,521.125,1524.197
327,1003.039,1001.188,999.063,144,369.125,516.062,1517.598
328,1001.52,1003.594,999.532,144,365.062,513.531,1514.299
329,1000.76,1001.797,1002.766,150,366.031,515.266,1515.65
330,1000.38,997.898,998.383,150,366.516,513.133,1513.325
331,983.69,998.949,1002.191,144,369.758,531.566,1515.162
332,994.345,1005.475,1001.096,164,365.379,550,1532.581
333,1016.672,1005.237,1008.548,157,368.689,545,1546.791
334,1039,1005.619,1004.274,150,367.345,528,1534.395
335,1025,1013.809,1010.637,145,364.172,522.5,1531.198
336,1024,1015.405,1016.318,156,365.086,519.25,1535.099
337,1020,1013.202,1016.659,150,368.543,518.125,1534.049
338,1013,1012.101,1013.83,145,370.272,520.062,1531.025
339,1001,1014.051,1012.415,150,368.636,532.031,1532.012
340,1020,1010.025,1014.707,147,373.318,544,1546.506
341,1039,1008.013,1004.354,144,369.659,527.5,1531.253
342,1003,1004.006,1002.177,145,367.829,535.75,1521.127
343,1018,1004.503,1001.088,147.5,364.415,544,1532.563
344,1033,999.752,1000.544,150,365.207,527.5,1521.782
345,1000,999.876,997.772,145,363.104,533.25,1513.891
346,1014,999.938,998.886,147.5,362.052,539,1526.445
347,1028,999.969,1001.943,150,364.026,527.5,1521.223
348,1014,996.984,1000.972,150,368.013,521.75,1518.611
349,1009.5,1003.992,1003.486,144,367.506,519.375,1520.306
350,1010.25,1007.496,1007.243,150,367.253,518.188,1524.153
351,1005.125,1003.748,1003.621,150,367.127,517.594,1520.576
352,1008.062,1007.374,1007.311,150,367.063,517.297,1524.288
353,1009.531,1006.687,1006.655,150,367.032,514.648,1523.644
354,1004.766,1005.844,1008.828,145,370.016,518.824,1523.322
355,991.383,1005.922,1004.414,150,368.508,531.912,1523.161
356,993.191,1002.961,1002.207,166.5,367.754,545,1534.081
357,1004.596,992.98,989.603,158.25,364.377,550,1530.54
358,991.298,985.49,989.302,150,368.188,536,1515.27
359,968.149,978.745,978.151,150,367.594,540,1502.135
360,986.574,975.873,975.075,147.5,366.797,544,1509.068
361,968.287,979.436,976.538,145,363.899,541.5,1499.034
362,987.144,975.718,979.769,144.5,367.949,539,1510.517
363,979.572,976.859,976.384,144,367.475,528,1499.758
364,978.786,977.43,976.692,150,366.737,522,1496.879
365,972.393,971.715,968.846,150,363.869,516.5,1486.94
366,972.696,969.357,967.923,150,362.434,510.75,1482.47
367,969.348,968.179,967.462,144,361.717,508.375,1477.235
368,968.174,970.089,969.731,145,361.359,509.688,1477.617
369,975.587,976.545,973.865,150,358.679,507.844,1483.309
370,979.794,977.272,978.433,150,359.84,506.422,1486.154
371,981.397,983.136,983.716,144,360.42,508.711,1490.077
372,987.698,986.068,986.358,150,360.71,507.355,1495.039
373,996.849,998.534,998.679,145,360.855,509.178,1506.019
374,987.425,1001.767,1002.34,150,361.427,524.089,1511.51
375,1010.212,1003.884,1003.67,150,361.214,539,1527.755
376,1033,1010.442,1010.335,150,361.107,539,1527.877
377,1038.5,1013.221,1013.167,150,361.053,539,1541.439
378,1044,1015.11,1020.584,150,366.527,544.5,1540.219
379,1036,1024.055,1021.292,166.5,363.763,550,1556.11
380,1028,1023.528,1022.146,158.25,362.382,544,1561.555
381,1056,1022.764,1024.573,150,364.191,530,1549.777
382,1042,1025.382,1026.286,150,365.095,523,1546.889
383,1028,1029.191,1027.143,150,363.048,517,1545.444
384,1033,1023.095,1022.072,150,362.024,514,1536.722
385,1030,1025.048,1024.536,150,361.512,512.5,1537.361
386,1029,1026.524,1026.268,150,361.256,511.75,1538.181
387,1028,1021.762,1021.634,150,361.128,508.875,1533.09
388,1022.5,1018.881,1021.817,145,364.064,509.938,1530.545
389,1019.75,1017.94,1021.908,144,368.032,512.969,1531.773
390,1017.875,1017.47,1013.954,144,364.516,509.484,1526.886
391,1014.438,1016.735,1017.977,145,365.758,513.242,1527.443
392,1018.719,1019.868,1019.989,150,365.879,514.621,1533.222
393,1022.859,1020.934,1023.994,150,368.939,515.811,1538.611
394,1019.93,1021.467,1020.497,145,367.97,516.405,1536.305
395,1009.965,1024.733,1021.249,150,364.485,527.703,1537.653
396,1035.482,1026.367,1030.124,147.5,368.242,539,1557.826
397,1061,1024.183,1020.562,145,364.621,525,1542.913
398,1027.5,1026.092,1026.781,150,365.311,537.5,1543.457
399,1041.75,1024.046,1024.891,150,366.155,550,1558.228
400,1056,1020.523,1017.945,150,363.578,528,1543.114
401,1042,1023.761,1028.473,145,368.289,522.5,1544.057
402,1028,1028.881,1025.236,144,364.644,530.75,1541.529
403,1041.5,1025.44,1026.618,144.5,365.822,539,1554.264
404,1055,1029.22,1026.809,145,363.411,522,1546.632
405,1034,1023.11,1024.905,144,365.206,517,1537.316
406,1031,1025.555,1025.952,145,365.603,514,1538.158
407,1028,1026.278,1026.976,145,366.301,515.5,1538.579
408,1028,1027.139,1027.488,150,366.651,516.25,1541.79
409,1028,1033.069,1030.244,150,363.825,513.625,1545.895
410,1039,1030.535,1032.122,150,365.413,515.312,1545.447
411,1028,1037.267,1038.061,150,366.206,516.156,1553.224
412,1044,1044,1044,150,369.103,516.578,1565.612
413,1061,1056,1061,145,371.052,516.789,1569.306
414,1056,1055,1056,144,369.026,516.895,1562.653
415,1039,1045,1053,150,368.013,516.947,1564.826
416,1050,1050,1050,150,364.506,511.474,1562.913
417,1055,1050,1044,145,365.753,514.237,1562.457
418,1045,1050,1056,150,366.377,512.618,1561.728
419,1050,1044,1044,144,366.688,512.309,1564.364
420,1055,1056,1056,145,369.344,514.655,1565.682
421,1050,1050,1055,145,365.672,510.327,1563.841
422,1056,1055,1045,144,368.836,516.164,1567.921
423,1050,1056,1066,150,370.418,516.082,1569.96
424,1056,1050,1050,144,368.709,513.541,1565.48
425,1050,1050,1045,144,370.355,515.27,1568.74
426,1055,1056,1061,145,368.677,516.135,1567.87
427,1050,1055,1050,150,364.839,513.568,1558.935
428,1039,1044,1044.5,150,365.919,512.284,1554.468
429,1039,1044.5,1041.75,144,363.46,511.642,1552.234
430,1039,1045,1040.375,150,365.23,514.321,1551.117
431,1033,1042,1039.688,150,366.115,529.66,1553.558
432,1055.5,1043,1044.844,147,369.557,545,1574.279
433,1078,1044,1050,144,368.279,531,1595
434,1044,1050,1044,150,367.139,523.5,1586.5
435,1062,1062,1061,150,369.57,520.25,1584.75
436,1066,1061,1067,145,371.285,521.625,1584.375
437,1061,1066,1067,150,374.642,521.812,1589.688
438,1073,1067,1072,144,370.321,518.906,1595
439,1072,1078,1066,150,371.661,520.953,1588
440,1066,1066,1073,150,374.33,523.977,1589
441,1073,1073,1077,150,373.665,527,1600
442,1077,1077,1073,150,375.333,524.5,1600
443,1067,1062,1066,145,370.666,520.25,1589
444,1067,1072,1061,150,374.333,524.125,1594.5
445,1072,1072,1084,150,373.167,528,1600
446,1078,1078,1072,150,370.083,522.5,1600
447,1066,1066,1061,150,368.042,536.25,1594.5
448,1039,1073,1072,150,370.021,550,1589
449,1106,1072,1078,150,368.51,533.5,1628
450,1072,1072,1067,150,370.755,539.25,1589
451,1050,1072,1078,150,368.878,545,1595
452,1100,1078,1072,150,370.439,533.5,1617
453,1067,1067,1072,150,371.719,525.25,1589
454,1061,1055,1056,144,374.86,526.625,1589
455,1061,1067,1072,150,373.43,528,1589
456,1056,1056,1050,150,372.715,525,1586
457,1061,1061,1061,150,372.857,524,1587.5
458,1066,1066,1067,150,375.429,523.5,1589
459,1061,1056,1061,145,379.714,525.75,1586.5
460,1056,1055,1061,144,378.857,528,1587.75
461,1033,1067,1061,144,375.429,556,1589
462,1095,1061,1055,144,376.714,555.5,1611
463,1039,1072,1078,147,377.357,555,1594
464,1111,1084,1084,150,380.179,528,1639
465,1078,1078,1083,150,376.089,533,1611
466,1066,1066,1055,150,377.045,530.5,1588
467,1056,1056,1062,150,374.522,528,1585.5
468,1033,1061,1055,163.5,376.261,550,1598.25
469,1056,1055,1061,156.75,377.131,555,1611
470,1077,1050,1050,150,374.565,528,1605
471,1056,1056,1050,150,373.283,525,1591.5
472,1056,1056,1056,150,369.641,520.5,1578.75
473,1050,1050,1044,150,370.821,521.25,1575.375
474,1050,1050,1056,150,374.41,521.625,1573.688
475,1050,1044,1050,144,373.205,535.812,1575.344
476,1072.5,1061,1055,144,372.603,550,1593.172
477,1095,1061,1061,144,372.301,536,1611
478,1061,1067,1067,150,374.651,529,1602.5
479,1072,1067,1072,145,373.325,539.5,1594
480,1050,1083,1078,147.5,375.163,550,1600
481,1095,1067,1072,150,379.081,527,1622
482,1066,1061,1067,145,381.041,528,1594
483,1061,1061,1061,145,382.52,528,1589
484,1056,1055,1056,144,383.26,528,1583.5
485,1050,1050,1050,144,380.63,528,1577.75
486,1050,1050,1044,144,379.315,528,1572.375
487,1039,1045,1045,150,381.658,528,1575.188
488,1041.5,1044,1050,167,379.329,567,1590.094
489,1044,1045,1036.5,155.5,376.164,561,1605
490,1067,1034,1034.75,144,379.582,547,1577.5
491,1022,1022.5,1014.375,150,372.791,533,1552.25
492,1017,1016.75,1015.688,166.5,372.396,550,1559.625
493,1025,1010.875,1021.844,160.75,383.698,555,1571.312
494,1033,997.438,1010.922,155,395,550,1560.656
495,966.5,993.219,896.961,145,300,556,1449.828
496,952.75,988.109,1015.48,211.5,328,595,1511.414
497,956.875,985.555,1134,255.75,333.5,617,1555.707
498,1028.438,987.277,978,222.375,252.75,489,1600
499,1100,988.139,1081,202.688,309.875,519.5,1572.5
500,1012.1,983.069,1184,219.744,360.438,550,1572.25
501,1038.45,980.535,1058.5,184.872,363.219,533,1576.525
502,1064.8,976.267,904.25,150,253.609,430,1421.262
503,1037.9,977.134,1052.125,150,309.805,473,1474.131
504,1004.95,974.567,1200,150,346.402,503,1489.566
505,968.975,967.783,1080.5,150,364.701,533,1491.783
506,981.987,964.392,1029.25,147,382.351,561,1515.391
507,968.494,962.696,981.125,144,400,544,1496.196
508,964.747,961.848,968.562,150,383.5,530.5,1487.098
509,971.373,967.424,973.281,150,377.75,523.75,1491.049
510,980.187,980.712,983.641,145,374.875,522.875,1501.024
511,993.093,990.356,1000.32,150,381.938,527.938,1520.012
512,999.047,998.178,997.16,144,389,533,1523.506
513,1008.023,1010.089,1001.58,145,375,522,1525.753
514,1018.012,1019.044,1020.29,150,373.5,522,1537.877
515,1028,1034.522,1035.145,150,372.75,536,1554.938
516,1053,1050,1050,147,372.375,550,1574.469
517,1078,1044,1044,144,374.688,538.5,1594
518,1050,1056,1061,150,373.344,527,1585.5
519,1055,1055,1050,150,372.672,522,1576.25
520,1050,1045,1045,145,369.836,519.5,1577.125
521,1061,1066,1061,150,373.918,520.75,1583.062
522,1067,1061,1072,144,373.459,521.875,1589
523,1055,1061,1056,150,369.729,518.938,1583.5
524,1062,1062,1055,150,376.365,525.969,1599.75
525,1083,1083,1100,150,379.682,533,1616
526,1072,1072,1072,150,375.841,533,1605
527,1061,1061,1050,150,374.421,528,1594.5
528,1061,1061,1062,150,373.21,525,1591.75
529,1067,1067,1066,150,378.605,546,1589
530,1039,1072,1084,150,378.303,567,1606
531,1039,1072,1078,150,378.151,528,1603
532,1039,1072,1072,164,378.076,561,1600
533,1083,1078,1078,171,375.038,556,1639
534,1067,1067,1061,160.5,376.519,550,1617
535,1100,1072,1078,150,371.259,528,1628
536,1067,1067,1055,150,374.63,528,1611
537,1066,1066,1078,150,376.315,528,1594
538,1067,1061,1061,144,382.657,533.5,1589
539,1061,1067,1078,150,389,539,1600
540,1061,1061,1044,150,380.5,544.5,1591.5
541,1033,1061,1061,150,376.25,550,1598.75
542,1084,1056,1056,150,377.125,539,1606
543,1061,1061,1067,150,371.562,528,1589
544,1067,1067,1055,150,374.781,525,1586
545,1061,1055,1067,144,376.391,526.5,1590
546,1066,1072,1072,150,382.695,528,1594
547,1061,1061,1072,150,389,539,1600
548,1067,1067,1061,150,386.5,533,1600
549,1028,1061,1062,147.5,387.25,567,1595
550,1122,1084,1088,145,388,533,1655
551,1072,1077,1067,150,385.5,528,1600
552,1078,1078,1083,150,381.75,533,1611
553,1083,1078,1073,145,379.875,547,1606
554,1045,1083,1083,147.5,386.938,561,1606
555,1111,1078,1094,150,394,544,1655
556,1089,1089,1073,150,391.5,528,1617
557,1072,1072,1083,150,389,539,1611
558,1083,1083,1089,150,395,545,1628
559,1084,1084,1072,150,391.5,533,1617
560,1078,1078,1083,150,388,538,1616
561,1066,1066,1062,150,377.5,534,1600
562,1078,1078,1061,150,380.75,534,1595
563,1072,1072,1089,150,379.375,534,1606
564,1067,1067,1061,150,392.688,528,1595
565,1050,1072,1100,150,406,530.5,1628
566,1100,1078,1055,150,392,533,1633
567,1061,1061,1056,150,393.5,528,1589
568,1078,1072,1089,144,395,539,1617
569,1066,1072,1061,150,383.5,534,1600
570,1062,1056,1044,144,386.25,533.5,1597
571,1061,1061,1078,144,389,533,1594
572,1072,1072,1078,144,395,539,1611
573,1078,1078,1061,144,389,533.5,1600
574,1077,1078,1083,145,389,528,1605
575,1078,1078,1084,145,389,534,1612
576,1078,1083,1094,150,400,550,1628
577,1089,1089,1072,150,394,533,1622
578,1072,1067,1072,145,388,533,1605
579,1050,1083,1089,147.5,394,572,1622
580,1100,1072,1061,150,388.5,533,1633
581,1072,1067,1067,145,388.75,528,1600
582,1078,1083,1089,150,389,539,1617
583,1072,1072,1072,150,389,539,1611
584,1078,1073,1067,145,386,528,1606
585,1078,1083,1083,150,390,533,1611
586,1078,1078,1089,150,394,544,1622
587,1083,1083,1083,150,394,544,1627
588,1083,1078,1078,145,394,539,1622
589,1078,1083,1084,150,395,545,1623
590,1039,1067,1066,150,394,572,1611
591,1100,1072,1067,150,389,539,1639
592,1039,1067,1072,150,394,572,1611
593,1100,1072,1072,150,394,544,1644
594,1072,1067,1073,145,400,545,1617
595,1072,1077,1055,150,391.5,528,1600
596,1078,1078,1083,150,401.75,533,1611
597,1083,1083,1112,150,398.375,562,1645
598,1089,1089,1072,150,395,545,1634
599,1089,1089,1089,150,395,545,1634
600,1084,1084,1077,150,388,538,1622
601,1050,1083,1095,150,400,544,1633
602,1111,1078,1078,150,400,550,1661
603,1083,1083,1083,150,400,550,1633
604,1050,1083,1083,150,400,547,1633
605,1117,1084,1078,150,394,544,1661
606,1072,1072,1078,150,400,550,1622
607,1083,1078,1067,145,389,534,1617
608,1056,1089,1100,147.5,400,539,1634
609,1111,1083,1077,150,394,544,1655
610,1078,1072,1073,144,395,539,1617
611,1066,1072,1077,150,400,550,1616
612,1078,1078,1084,150,406,556,1634
613,1045,1072,1055,150,389,566,1611
614,1100,1073,1078,150,394,544,1644
615,1077,1072,1078,145,400,545,1622
616,1067,1072,1050,150,394.5,528,1595
617,1067,1067,1078,150,389,539,1606
618,1039,1072,1088,147.5,405,536,1627
619,1105,1067,1050,145,388,533,1638
620,1067,1072,1078,150,394,544,1611
621,1078,1078,1084,150,400,550,1628
622,1038,1072,1066,164,394,558,1616
623,1084,1078,1072,173.5,388,566,1650
624,1072,1077,1084,161.75,395,560.5,1650
625,1117,1084,1094,150,405,555,1672
626,1077,1077,1078,150,406,556,1633
627,1073,1067,1072,144,408.5,555,1628
628,1066,1072,1072,150,409.75,561,1627
629,1073,1073,1073,150,401.875,561,1634
630,1066,1061,1044,145,394,539,1605
631,1061,1066,1078,150,406,556,1617
632,1073,1073,1078,150,403,561,1634
633,1072,1072,1061,150,400,550,1622
634,1072,1072,1072,150,400,550,1622
635,1089,1089,1094,150,405,555,1644
636,1089,1089,1089,150,405,555,1644
637,1083,1083,1067,150,389,539,1622
638,1083,1083,1100,150,406,556,1639
639,1089,1084,1089,145,400.5,556,1645
640,1078,1083,1067,150,395,545,1623
641,1083,1078,1077,145,394,539,1622
642,1073,1078,1100,150,399.5,566,1639
643,1089,1089,1078,150,405,555,1644
644,1083,1077,1067,144,395,539,1622
645,1050,1084,1083,160.5,394,572,1622
646,1078,1077,1089,155.25,406,555.5,1661
647,1111,1084,1067,150,389,539,1650
648,1078,1078,1077,150,388,538,1616
649,1077,1077,1089,150,400,550,1627
650,1039,1073,1078,150,405,544.5,1628
651,1100,1066,1050,150,389,539,1639
652,1067,1067,1078,150,400,550,1617
653,1072,1072,1072,150,400,550,1622
654,1072,1067,1056,145,389,534,1606
655,1073,1072,1083,144,400,544,1617
656,1072,1078,1078,150,400,550,1622
657,1078,1078,1078,150,400,550,1628
658,1066,1066,1061,150,395,545,1611
659,1078,1078,1089,150,406,556,1634
660,1078,1078,1061,150,389,539,1617
661,1050,1078,1083,150,394,572,1622
662,1100,1072,1089,150,397,561,1661
663,1066,1066,1055,150,400,550,1616
664,1073,1073,1073,150,400,550,1623
665,1083,1083,1094,150,405.5,561,1644
666,1089,1089,1089,150,405.75,561,1650
667,1072,1072,1067,150,406,556,1628
668,1083,1083,1089,150,408.5,562,1645
669,1062,1095,1094,147.5,412.25,561.5,1656
670,1127,1089,1094,145,406.125,561,1688
671,1084,1089,1073,150,400,550,1634
672,1094,1089,1105,145,408,561,1655
673,1095,1100,1100,150,407,566,1661
674,1094,1088,1078,144,406,550,1644
675,1083,1089,1094,150,411.5,561,1644
676,1045,1078,1084,150,408.25,558,1645
677,1111,1078,1066,150,405,555,1666
678,1078,1078,1084,150,405,561,1639
679,1072,1072,1066,150,405,555,1627
680,1072,1072,1056,150,389,539,1611
681,1078,1078,1089,150,400,550,1628
682,1083,1083,1083,150,400,550,1633
683,1089,1089,1078,150,389,539,1628
684,1089,1083,1094,144,400,544,1633
685,1089,1095,1106,150,400,561,1650
686,1094,1094,1083,150,400,550,1644
687,1095,1095,1078,150,405.5,533,1628
688,1094,1094,1122,150,411.25,561,1655
689,1067,1100,1106,150,402.625,552.5,1667
690,1128,1095,1072,150,394,544,1672
691,1089,1089,1095,150,400,550,1639
692,1094,1094,1105,150,408.5,561,1655
693,1094,1089,1095,145,404.25,562,1656
694,1078,1083,1066,150,400,550,1628
695,1039,1072,1072,164,400,567,1622
696,1072,1067,1073,157,406,553,1656
697,1095,1067,1050,150,389,539,1634
698,1061,1061,1066,150,394,544,1605
699,1039,1072,1078,147,400,541.5,1622
700,1111,1072,1067,144,395,539,1650
701,1078,1084,1089,150,400,550,1628
702,1089,1089,1083,150,394,544,1633
703,1077,1077,1078,150,395,545,1622
704,1084,1084,1094,150,405,555,1639
705,1094,1094,1095,150,406,556,1650
706,1095,1095,1083,150,394,544,1639
707,1094,1088,1106,144,408.5,556,1650
708,1094,1100,1111,150,415.75,573,1667
709,1100,1100,1100,150,415.875,573,1673
710,1084,1084,1077,150,416.438,566,1650
711,1083,1083,1084,150,419.219,567,1650
712,1078,1078,1083,150,420.609,572,1650
713,1083,1083,1083,150,421.305,572,1655
714,1084,1084,1084,150,424.652,572,1656
715,1088,1083,1089,145,426.326,573,1661
716,1084,1089,1089,150,424.163,570,1662
717,1094,1089,1083,145,425.582,567,1661
718,1100,1100,1105,145,423.791,572,1672
719,1089,1094,1089,150,417.395,572,1661
720,1089,1089,1078,150,414.198,561,1650
721,1100,1100,1100,150,418.599,561,1661
722,1094,1094,1106,150,406.799,573,1667
723,1089,1089,1061,150,395,545,1634
724,1089,1089,1116,150,405.5,572,1661
725,1095,1095,1089,150,410.75,566,1661
726,1089,1089,1089,150,411.375,566,1655
727,1088,1088,1084,150,413.688,562,1650
728,1084,1084,1088,150,412.344,566,1650
729,1083,1083,1078,150,409.172,561,1644
730,1083,1083,1078,150,406,556,1639
731,1089,1089,1072,150,389,539,1628
732,1100,1100,1122,150,403,561,1661
733,1106,1106,1112,150,393,567,1673
734,1100,1100,1066,150,393.5,533,1633
735,1100,1100,1111,150,394,544,1644
736,1105,1105,1128,150,397,567,1672
737,1100,1100,1083,150,400,550,1650
738,1095,1095,1078,150,402.5,533,1628
739,1089,1089,1111,150,405,555,1644
740,1061,1094,1100,147.5,410.5,558,1655
741,1122,1084,1089,145,408.25,561,1683
742,1072,1077,1067,150,406,556,1628
743,1078,1078,1072,150,400,550,1628
744,1083,1083,1089,150,406,556,1639
745,1073,1073,1072,150,405,555,1628
746,1077,1077,1084,150,402.5,562,1639
747,1050,1084,1072,150,400,547.5,1634
748,1117,1083,1066,150,406,533,1650
749,1050,1083,1112,150,411,549.5,1645
750,1117,1084,1088,150,411,566,1683
751,1100,1100,1095,150,400,561,1661
752,1094,1094,1072,150,389,539,1633
753,1106,1106,1122,150,405,555,1661
754,1100,1100,1106,150,405,561,1661
755,1100,1100,1094,150,405,555,1655
756,1089,1089,1100,150,405,566,1655
757,1089,1089,1078,150,405,555,1644
758,1094,1094,1100,150,405.5,561,1655
759,1094,1094,1089,150,406,556,1650
760,1095,1095,1106,150,411.5,567,1662
761,1094,1094,1094,150,402.75,567,1661
762,1095,1095,1072,150,394,544,1639
763,1094,1094,1111,150,402.5,561,1655
764,1089,1089,1089,150,401.25,561,1650
765,1089,1083,1072,144,400,544,1633
766,1078,1084,1089,150,405,555,1633
767,1094,1094,1095,150,406,556,1650
768,1100,1100,1100,150,406,556,1656
769,1095,1095,1083,150,394,544,1639
770,1100,1100,1095,150,389,539,1639
771,1100,1100,1122,150,395.1,561,1661
772,1111,1108,1098.2,147,401.2,548.2,1659.2
773,1105,1108,1101.8,150,395,545,1650
774,1089,1089,1094,150,400,550,1639
775,1084,1084,1084,150,400,550,1634
776,1077,1072,1061,145,389,534,1611
777,1061,1066,1072,150,395,545,1606
778,1062,1062,1050,150,389,533,1595
779,1070,1055,1055,147,389,566,1588
780,1078,1049.5,1045,144,389,533,1611
781,1038,1044,1055,150,400,550,1588
782,1039,1045,1044.5,156,397.5,539,1580.5
783,1050,1036.5,1041.25,153,395,547,1598.25
784,1061,1037.75,1037.625,150,405,555,1616
785,1039,1043.875,1043.812,150,400,550,1589
786,1050,1050,1050,150,400,550,1600
787,1066,1072,1083,156,411,567,1633
788,1084,1078,1089,150,414,572,1656
789,1094,1094,1089,150,412.5,567,1661
790,1100,1100,1094,150,417.75,561,1661
791,1111,1111,1123,150,417.375,573,1684
792,1117,1117,1111,150,414.188,567,1684
793,1100,1100,1094,150,409.594,561,1661
794,1106,1106,1100,150,405,555,1661
795,1105,1105,1122,150,408,572,1677
796,1111,1111,1100,150,406.5,561,1672
797,1095,1095,1089,150,405,555,1650
798,1089,1089,1100,150,394.5,566,1655
799,1088,1088,1056,150,400.25,534,1622
800,1078,1078,1100,150,406,556,1634
801,1084,1084,1078,150,400,550,1634
802,1083,1083,1072,150,389,539,1622
803,1089,1089,1089,150,389,539,1628
804,1094,1094,1105,150,400,550,1644
805,1100,1100,1078,150,403,528,1628
806,1111,1111,1139,150,406,556,1667
807,1117,1117,1122,150,408.5,561,1678
808,1117,1117,1117,150,398.75,561,1678
809,1116,1116,1094,150,389,539,1655
810,1111,1111,1128,150,406,556,1667
811,1123,1123,1128,150,408.5,561,1684
812,1100,1100,1100,150,404.25,561,1661
813,1100,1100,1089,150,400,550,1650
814,1100,1100,1105,150,405,555,1655
815,1105,1105,1100,150,400,550,1655
816,1106,1106,1111,150,405,555,1661
817,1111,1111,1111,150,405,555,1666
818,1117,1117,1128,150,408,566,1683
819,1111,1111,1106,150,401,561,1672
820,1116,1111,1094,145,394,539,1655
821,1111,1116,1128,150,406,556,1667
822,1123,1123,1122,150,405,555,1678
823,1122,1122,1122,150,405,555,1677
824,1089,1111,1106,150,400,572,1661
825,1144,1122,1128,150,406,556,1700
826,1117,1117,1122,150,408.5,561,1678
827,1117,1117,1117,150,398.75,561,1678
828,1122,1122,1100,150,389,539,1661
829,1111,1111,1133,150,400,561,1672
830,1117,1117,1117,150,397,561,1678
831,1100,1100,1083,150,394,544,1644
832,1094,1088,1089,144,395,539,1633
833,1089,1095,1105,150,405,555,1644
834,1089,1089,1084,150,400,550,1639
835,1094,1089,1078,145,389,534,1628
836,1100,1105,1122,150,406,556,1656
837,1106,1106,1105,150,405,555,1661
838,1111,1111,1089,150,408,533,1644
839,1089,1117,1145,164,409.5,561,1678
840,1133,1133,1133,157,404.75,555.5,1722
841,1150,1122,1111,150,400,550,1700
842,1122,1122,1122,150,400,550,1672
843,1117,1117,1117,150,400,550,1667
844,1122,1122,1117,150,395,545,1667
845,1111,1111,1111,150,395,545,1656
846,1106,1106,1116,150,405,555,1661
847,1117,1117,1123,150,408,561,1678
848,1105,1105,1105,150,401,561,1666
849,1106,1106,1089,150,394,544,1650
850,1100,1100,1106,150,400,550,1650
851,1100,1100,1116,150,403,566,1666
852,1105,1105,1095,150,406,556,1661
853,1100,1100,1089,150,395,545,1645
854,1095,1095,1100,150,400,550,1645
855,1072,1105,1111,150,406,552.5,1661
856,1139,1106,1105,150,405,555,1694
857,1100,1100,1084,150,389,539,1639
858,1094,1094,1111,150,406,556,1650
859,1067,1100,1105,153,394.5,547.5,1661
860,1122,1095,1067,156,391.25,539,1661
861,1095,1089,1094,150,388,538,1633
862,1088,1088,1112,150,394,562,1650
863,1100,1100,1088,150,400,550,1650
864,1100,1100,1089,150,389,539,1639
865,1100,1100,1106,150,395,545,1645
866,1100,1100,1117,150,400,562,1662
867,1112,1112,1105,150,405,555,1667
868,1094,1094,1078,150,389,539,1633
869,1106,1100,1122,144,400,555,1661
870,1100,1106,1106,150,397,561,1661
871,1094,1094,1077,150,394,544,1638
872,1089,1089,1100,150,405,555,1644
873,1100,1100,1112,150,408,567,1667
874,1100,1100,1094,150,398.5,561,1661
875,1100,1100,1078,150,389,539,1639
876,1100,1094,1105,144,400,544,1644
877,1094,1100,1111,150,403,561,1655
878,1089,1089,1084,150,406,556,1645
879,1095,1089,1072,144,389,533,1628
880,1083,1089,1094,150,394,544,1627
881,1083,1083,1095,150,406,556,1639
882,1045,1078,1061,166.5,389,572,1617
883,1078,1078,1078,158.25,389,572,1650
884,1111,1078,1083,150,394,544,1655
885,1083,1083,1083,150,394,544,1627
886,1094,1094,1100,150,400,550,1644
887,1084,1084,1095,150,400,561,1645
888,1094,1094,1083,150,400,550,1644
889,1100,1100,1106,150,406,556,1656
890,1067,1100,1105,150,406,556,1661
891,1133,1100,1095,150,406,556,1689
892,1089,1089,1083,150,400,550,1639
893,1089,1083,1089,144,406,550,1639
894,1089,1095,1100,150,405.5,561,1650
895,1067,1100,1094,147.5,405,553,1655
896,1127,1089,1084,145,400,545,1672
897,1100,1105,1100,150,395,545,1645
898,1095,1100,1116,155,397.5,566,1661
899,1094,1089,1078,150,400,550,1644
900,1100,1100,1095,150,395,545,1645
901,1084,1084,1094,150,405,555,1639
902,1094,1094,1106,150,402.5,567,1661
903,1094,1094,1077,150,400,550,1644
904,1100,1100,1095,150,395,545,1645
905,1117,1117,1139,150,397.5,567,1684
906,1100,1128,1111,150,400,558.5,1678
907,1133,1105,1105,150,400,550,1683
908,1112,1112,1112,150,400,550,1662
909,1105,1105,1111,150,406,556,1661
910,1128,1128,1127,150,405,555,1683
911,1111,1111,1095,150,389,539,1650
912,1106,1106,1122,150,405,555,1661
913,1127,1122,1133,145,399.5,561,1688
914,1117,1122,1100,150,394,544,1661
915,1117,1117,1128,150,405,555,1672
916,1111,1111,1111,150,405,555,1666
917,1116,1116,1111,150,400,550,1666
918,1112,1112,1106,150,394,544,1656
919,1111,1111,1117,150,400,550,1661
920,1105,1105,1116,150,400,561,1666
921,1111,1111,1100,150,400,550,1661
922,1111,1111,1100,150,389,539,1650
923,1106,1106,1123,150,406,556,1662
924,1106,1106,1105,150,405,555,1661
925,1105,1105,1089,150,389,539,1644
926,1100,1100,1100,150,389,539,1639
927,1095,1095,1111,150,405,555,1650
928,1094,1094,1100,150,402.5,561,1655
929,1100,1100,1089,150,400,550,1650
930,1094,1094,1083,150,389,539,1633
931,1100,1095,1106,145,400,545,1645
932,1089,1094,1094,150,400,550,1639
933,1100,1100,1100,150,400,550,1650
934,1095,1089,1084,144,395,539,1634
935,1083,1089,1100,150,406,556,1639
936,1100,1100,1105,150,403,561,1661
937,1100,1095,1084,145,400,545,1645
938,1100,1105,1094,150,389,539,1639
939,1111,1111,1122,150,400,550,1661
940,1117,1117,1122,150,405,555,1672
941,1111,1111,1100,150,394,544,1655
942,1117,1117,1117,150,394,544,1661
943,1083,1116,1133,150,397,547,1677
944,1144,1111,1100,150,400,550,1694
945,1106,1106,1095,150,389,539,1645
946,1100,1100,1111,150,400,550,1650
947,1111,1111,1128,150,402.5,567,1678
948,1117,1117,1105,150,405,555,1672
949,1105,1105,1089,150,389,539,1644
950,1106,1106,1117,150,400,550,1656
951,1105,1100,1105,145,405,550,1655
952,1100,1100,1095,145,400,545,1645
953,1100,1100,1105,145,405,550,1650
954,1106,1111,1117,150,402.5,561,1667
955,1111,1111,1100,150,400,550,1661
956,1072,1100,1111,150,402.5,552.5,1661
957,1123,1095,1089,150,405,555,1678
958,1105,1105,1106,150,406,556,1661
959,1100,1100,1089,150,395,545,1645
960,1106,1106,1111,150,400,550,1656
961,1105,1105,1111,150,406,556,1661
962,1072,1106,1094,150,394,545,1650
963,1128,1094,1084,150,400,534,1662
964,1100,1100,1122,150,406,556,1656
965,1106,1106,1105,150,405,555,1661
966,1100,1094,1084,144,395,539,1639
967,1100,1106,1105,150,394,544,1644
968,1105,1105,1117,150,406,556,1661
969,1095,1095,1089,150,400,550,1645
970,1100,1100,1094,150,394,544,1644
971,1105,1100,1106,145,400,545,1650
972,1106,1111,1111,150,400,550,1656
973,1105,1105,1117,150,400,562,1667
974,1100,1100,1088,150,400,550,1650
975,1106,1106,1100,150,394,544,1650
976,1111,1111,1123,150,406,556,1667
977,1100,1100,1094,150,400,550,1650
978,1111,1106,1106,145,400,545,1656
979,1089,1094,1100,150,406,556,1645
980,1100,1100,1111,150,400,567,1667
981,1106,1106,1083,150,394,544,1650
982,1100,1100,1095,150,389,539,1639
983,1105,1105,1111,150,395,545,1650
984,1111,1111,1116,150,400,550,1661
985,1100,1100,1095,150,395,545,1645
986,1111,1111,1105,150,389,539,1650
987,1123,1117,1128,144,400,544,1667
988,1105,1111,1117,150,406,556,1661
989,1111,1111,1105,150,400,550,1661
990,1117,1117,1106,150,389,539,1656
991,1111,1111,1122,150,400,550,1661
992,1117,1117,1122,150,405,555,1672
993,1111,1111,1106,150,400,550,1661
994,1117,1117,1111,150,394,544,1661
995,1111,1111,1117,150,400,550,1661
996,1111,1111,1116,150,405,555,1666
997,1111,1111,1095,150,389,539,1650
998,1105,1100,1111,145,400,545,1650
999,1100,1105,1105,150,400,550,1650
1000,1100,1100,1106,150,406,556,1656
1001,1100,1100,1089,150,395,545,1645
1002,1100,1100,1100,150,395,545,1645
1003,1112,1112,1117,150,400,550,1662
1004,1105,1100,1100,145,400,545,1650
1005,1095,1094,1083,144,389,533,1628
1006,1100,1106,1117,150,400,550,1650
1007,1100,1100,1111,150,400,561,1661
1008,1105,1105,1094,150,400,550,1655
1009,1095,1095,1095,150,400,550,1645
1010,1100,1100,1222.5,150,400,550,1647.5
1011,1100,1100,1158.25,150,400,550,1650
1012,1100,1100,1094,150,394,544,1644
1013,1100,1100,1094,150,388,538,1638
1014,1105,1105,1117,150,400,550,1655
1015,1072,1106,1106,150,400,547,1656
1016,1134,1100,1094,150,394,544,1678
1017,1100,1094,1089,144,389,533,1633
1018,1089,1095,1106,150,400,550,1639
1019,1088,1094,1100,156,406,562,1650
1020,1095,1089,1072,150,389,539,1634
1021,1094,1094,1105,150,400,550,1644
1022,1100,1100,1106,150,406,556,1656
1023,1100,1100,1094,150,400,550,1650
1024,1095,1095,1089,150,394,544,1639
1025,1066,1094,1100,166.5,400,566.5,1644
1026,1084,1089,1095,158.25,406,552.25,1673
1027,1128,1095,1077,150,388,538,1666
1028,1094,1094,1106,150,400,550,1644
1029,1106,1106,1111,150,405,555,1661
1030,1105,1100,1095,145,400,545,1650
1031,1106,1105,1105,144,400,544,1650
1032,1111,1111,1117,144,406,550,1661
1033,1111,1111,1111,144,406,550,1661
1034,1111,1117,1111,150,400,550,1661
1035,1111,1111,1100,150,389,539,1650
1036,1095,1100,1111,155,400,555,1650
1037,1100,1095,1095,150,400,550,1650
1038,1072,1100,1088,150,388,566,1638
1039,1133,1105,1117,150,400,550,1683
1040,1111,1111,1111,150,400,550,1661
1041,1106,1111,1106,155,395,550,1656
1042,1105,1100,1094,150,389,539,1644
1043,1106,1106,1117,150,400,550,1656
1044,1105,1105,1111,150,406,556,1661
1045,1100,1100,1083,150,389,539,1639
1046,1112,1112,1123,150,400,550,1662
1047,1105,1105,1116,150,400,561,1666
1048,1117,1117,1106,150,400,550,1667
1049,1111,1111,1100,150,389,539,1650
1050,1122,1122,1122,150,389,539,1661
1051,1117,1117,1128,150,400,550,1667
1052,1105,1105,1105,150,400,550,1655
1053,1084,1117,1111,150,394,552.5,1661
1054,1150,1117,1128,150,405,555,1705
1055,1111,1111,1106,150,400,550,1661
1056,1111,1111,1100,150,389,539,1650
1057,1111,1111,1116,150,394,544,1655
1058,1111,1111,1117,150,400,550,1661
1059,1100,1100,1095,150,395,545,1645
1060,1106,1106,1100,150,389,539,1645
1061,1111,1111,1122,150,400,550,1661
1062,1116,1116,1122,150,406,556,1672
1063,1123,1123,1111,150,394,544,1667
1064,1122,1122,1122,150,394,544,1666
1065,1128,1128,1139,150,405,555,1683
1066,1127,1127,1111,150,389,539,1666
1067,1123,1123,1128,150,394,544,1667
1068,1116,1116,1122,150,400,550,1666
1069,1117,1117,1111,150,394,544,1661
1070,1100,1100,1095,150,389,539,1639
1071,1111,1106,1105,145,388,533,1644
1072,1106,1111,1123,150,400,550,1656
1073,1111,1111,1116,150,405,555,1666
1074,1111,1105,1095,144,395,539,1650
1075,1105,1111,1111,150,395,545,1650
1076,1112,1112,1122,150,405,555,1667
1077,1111,1111,1100,150,394,544,1655
1078,1111,1111,1117,150,400,550,1661
1079,1122,1116,1128,144,397,556,1678
1080,1117,1123,1105,150,394,544,1661
1081,1077,1111,1106,150,389,573,1650
1082,1150,1116,1127,150,400,550,1700
1083,1078,1106,1100,150,394,572,1650
1084,1128,1100,1106,150,400,550,1678
1085,1117,1117,1111,150,394,544,1661
1086,1111,1105,1117,144,406,550,1661
1087,1111,1117,1111,150,400,550,1661
1088,1083,1117,1105,150,388,572,1655
1089,1150,1116,1123,150,395,545,1695
1090,1117,1117,1127,150,405,555,1672
1091,1122,1117,1117,145,405,550,1672
1092,1117,1122,1111,150,394,544,1661
1093,1111,1111,1117,150,400,550,1661
1094,1105,1105,1117,150,394.5,562,1667
1095,1106,1106,1083,150,389,539,1645
1096,1106,1106,1105,150,388,538,1644
1097,1111,1116,1128,155,400,555,1666
1098,1116,1111,1111,150,400,550,1666
1099,1106,1106,1100,150,394,544,1650
1100,1078,1111,1117,152.5,400,549.5,1661
1101,1139,1111,1111,155,400,555,1694
1102,1122,1111,1106,144,395,539,1661
1103,1111,1117,1122,150,400,550,1661
1104,1117,1117,1128,150,400,561,1678
1105,1116,1116,1105,150,400,550,1666
1106,1111,1111,1106,150,395,545,1656
1107,1123,1123,1116,150,388,538,1661
1108,1111,1111,1123,150,400,550,1661
1109,1116,1116,1111,150,395,545,1661
1110,1111,1111,1100,150,395,534,1645
1111,1117,1117,1128,150,395,545,1662
1112,1117,1117,1122,150,400,550,1667
1113,1111,1111,1105,150,394,544,1655
1114,1111,1111,1106,150,389,539,1650
1115,1078,1111,1122,166.5,400,558.5,1661
1116,1111,1111,1106,158.25,395,548.75,1689
1117,1144,1111,1105,150,389,539,1683
1118,1078,1111,1117,150,395,544.5,1656
1119,1150,1117,1122,150,400,550,1700
1120,1122,1122,1117,150,395,545,1667
1121,1111,1111,1116,150,400,550,1661
1122,1112,1112,1106,150,394,544,1656
1123,1072,1105,1100,150,389,572,1644
1124,1150,1117,1122,150,394,544,1694
1125,1116,1122,1128,156,400,556,1672
1126,1128,1122,1122,150,400,550,1678
1127,1128,1128,1128,150,400,550,1678
1128,1128,1128,1117,150,389,539,1667
1129,1094,1128,1139,150,400,544.5,1678
1130,1161,1127,1127,150,400,550,1711
1131,1123,1123,1111,150,388,538,1661
1132,1122,1122,1134,150,400,550,1672
1133,1111,1111,1111,150,400,550,1661
1134,1111,1111,1117,150,406,556,1667
1135,1089,1117,1100,150,389,567,1656
1136,1144,1116,1127,150,400,550,1694
1137,1117,1117,1123,150,406,556,1673
1138,1094,1094,1083,150,395,545,1639
1139,1106,1106,1111,150,400,550,1656
1140,1111,1111,1111,150,400,550,1661
1141,1117,1117,1111,150,394,544,1661
1142,1116,1116,1111,150,389,539,1655
1143,1134,1134,1150,150,405,555,1689
1144,1122,1122,1117,150,400,550,1672
1145,1122,1122,1111,150,389,539,1661
1146,1095,1122,1128,150,395,572,1667
1147,1155,1128,1133,150,400,550,1705
1148,1128,1128,1134,150,406,556,1684
1149,1122,1122,1116,150,400,550,1672
1150,1128,1128,1122,150,394,544,1672
1151,1111,1111,1117,150,400,550,1661
1152,1117,1117,1117,150,400,550,1667
1153,1116,1116,1105,150,389,539,1655
1154,1123,1123,1134,150,400,550,1673
1155,1116,1116,1116,150,400,550,1666
1156,1111,1111,1106,150,395,545,1656
1157,1117,1117,1111,150,389,539,1656
1158,1117,1111,1128,144,406,550,1667
1159,1105,1111,1100,150,395,545,1650
1160,1089,1117,1122,153,400,550.5,1667
1161,1128,1106,1106,156,400,556,1684
1162,1122,1116,1111,150,395,545,1667
1163,1111,1111,1111,150,395,545,1656
1164,1111,1111,1105,150,389,539,1650
1165,1117,1117,1123,150,395,545,1662
1166,1122,1122,1116,150,389,539,1661
1167,1111,1111,1117,150,395,545,1656
1168,1128,1123,1122,145,394,539,1667
1169,1122,1127,1128,150,395,545,1667
1170,1123,1123,1128,150,400,550,1673
1171,1122,1122,1116,150,394,544,1666
1172,1128,1128,1128,150,394,544,1672
1173,1122,1122,1122,150,394,544,1666
1174,1117,1117,1123,150,400,550,1667
1175,1111,1111,1105,150,394,544,1655
1176,1122,1122,1122,150,394,544,1666
1177,1117,1117,1123,150,400,550,1667
1178,1116,1116,1111,150,395,545,1661
1179,1117,1111,1105,144,389,533,1650
1180,1122,1128,1139,150,400,550,1672
1181,1117,1117,1117,150,400,550,1667
1182,1122,1122,1111,150,389,539,1661
1183,1128,1128,1133,150,394,544,1672
1184,1094,1122,1134,152.5,406,547,1678
1185,1156,1133,1122,155,395,550,1706
1186,1128,1123,1116,150,388,538,1666
1187,1127,1127,1134,150,395,545,1672
1188,1117,1117,1122,150,400,550,1667
1189,1117,1117,1117,150,400,550,1667
1190,1116,1116,1111,150,395,545,1661
1191,1123,1117,1122,144,400,544,1667
1192,1116,1122,1122,150,400,550,1666
1193,1122,1122,1128,150,406,556,1678
1194,1128,1128,1117,150,395,545,1673
1195,1122,1122,1127,150,400,550,1672
1196,1123,1123,1123,150,400,550,1673
1197,1116,1116,1111,150,395,545,1661
1198,1123,1123,1116,150,388,538,1661
1199,1116,1116,1134,150,406,556,1672
1200,1111,1106,1105,145,405,550,1661
1201,1100,1111,1095,156,389,545,1645
1202,1111,1105,1105,150,389,539,1650
1203,1106,1106,1123,150,406,556,1662
1204,1106,1106,1105,150,405,555,1661
1205,1111,1111,1095,150,389,539,1650
1206,1111,1111,1116,150,394,544,1655
1207,1111,1111,1117,150,400,550,1661
1208,1111,1111,1111,150,400,550,1661
1209,1111,1111,1100,150,389,539,1650
1210,1122,1117,1128,145,400,545,1667
1211,1117,1122,1116,150,394,544,1661
1212,1122,1122,1123,150,395,545,1667
1213,1117,1117,1105,150,394.5,533,1650
1214,1117,1117,1128,150,394,544,1661
1215,1116,1116,1128,150,406,556,1672
1216,1117,1117,1111,150,400,550,1667
1217,1072,1111,1105,150,394,553,1655
1218,1150,1111,1123,150,406,556,1706
1219,1106,1106,1100,150,400,550,1656
1220,1100,1100,1089,150,389,539,1639
1221,1094,1100,1105,156,394,550,1644
1222,1083,1105,1117,153,406,547.5,1667
1223,1128,1100,1089,150,395,545,1673
1224,1117,1111,1116,144,400,544,1661
1225,1111,1117,1123,150,406,556,1667
1226,1083,1117,1111,150,400,550.5,1667
1227,1150,1116,1111,150,395,545,1695
1228,1123,1123,1128,150,400,550,1673
1229,1116,1116,1116,150,400,550,1666
1230,1128,1128,1122,150,394,544,1672
1231,1111,1111,1117,150,400,550,1661
1232,1122,1122,1117,150,395,545,1667
1233,1123,1123,1122,150,394,544,1667
1234,1122,1122,1122,150,394,544,1666
1235,1122,1122,1128,150,400,550,1672
1236,1122,1122,1122,150,400,550,1672
1237,1111,1117,1106,156,389,545,1656
1238,1123,1117,1122,150,394,544,1667
1239,1127,1127,1133,150,400,550,1677
1240,1117,1117,1111,150,394,544,1661
1241,1111,1111,1112,150,395,545,1656
1242,1111,1111,1116,150,400,550,1661
1243,1117,1117,1111,150,394,544,1661
1244,1117,1117,1123,150,400,550,1667
1245,1111,1111,1100,150,389,539,1650
1246,1117,1117,1103,150,406,556,1656
1247,1123,1123,1106,150,389,539,1662
1248,1116,1116,1122,150,395,545,1661
1249,1128,1128,1128,150,395,545,1673
1250,1122,1122,1122,150,395,545,1667
1251,1117,1117,1122,150,400,550,1667
1252,1094,1128,1117,147,389,573,1667
1253,1162,1122,1133,144,400,544,1706
1254,1116,1122,1122,150,400,550,1666
1255,1117,1117,1111,150,394,544,1661
1256,1128,1128,1123,150,389,539,1667
1257,1122,1122,1127,150,394,544,1666
1258,1128,1128,1139,150,405,555,1683
1259,1094,1127,1117,150,395,547,1672
1260,1172,1139,1133,150,389,539,1711
1261,1134,1134,1150,150,405,555,1689
1262,1133,1133,1122,150,394,544,1677
1263,1128,1128,1134,150,400,550,1678
1264,1139,1139,1139,150,400,550,1689
1265,1139,1139,1133,150,394,544,1683
1266,1133,1133,1139,150,400,550,1683
1267,1122,1122,1117,150,395,545,1667
1268,1133,1133,1127,150,389,539,1672
1269,1128,1128,1139,150,400,550,1678
1270,1122,1122,1117,150,395,545,1667
1271,1123,1123,1122,150,394,544,1667
1272,1122,1122,1133,150,405,555,1677
1273,1117,1117,1112,150,400,550,1667
1274,1116,1116,1105,150,389,539,1655
1275,1117,1111,1117,144,395,539,1656
1276,1078,1111,1122,144,406,539,1661
1277,1150,1117,1106,144,395,539,1689
1278,1111,1117,1111,150,389,539,1650
1279,1122,1122,1127,150,394,544,1666
1280,1122,1122,1123,150,395,545,1667
1281,1128,1128,1127,150,394,544,1672
1282,1122,1122,1117,150,389,539,1661
1283,1117,1117,1122,150,394,544,1661
1284,1117,1117,1123,150,400,550,1667
1285,1116,1116,1111,150,395,545,1661
1286,1122,1122,1122,150,395,545,1667
1287,1123,1123,1128,150,400,550,1673
1288,1127,1127,1122,150,395,545,1672
1289,1100,1100,1100,150,395,545,1645
1290,1123,1117,1128,144,406,550,1673
1291,1111,1117,1105,150,394,544,1655
1292,1111,1111,1106,150,389,539,1650
1293,1094,1122,1122,150,389,567,1661
1294,1134,1106,1111,150,394,544,1678
1295,1111,1111,1117,150,400,550,1661
1296,1100,1100,1089,150,389,539,1639
1297,1089,1089,1089,150,389,539,1628
1298,1061,1094,1105,150,400,541.5,1644
1299,1128,1095,1089,150,394,544,1672
1300,1100,1100,1106,150,400,550,1650
1301,1111,1111,1111,150,400,550,1661
1302,1116,1116,1111,150,395,545,1661
1303,1078,1111,1111,150,395,547.5,1656
1304,1156,1123,1128,150,400,550,1706
1305,1127,1127,1127,150,400,550,1677
1306,1128,1128,1128,150,400,550,1678
1307,1128,1128,1117,150,389,539,1667
1308,1128,1128,1139,150,400,550,1678
1309,1122,1122,1122,150,400,550,1672
1310,1133,1128,1128,145,400,545,1678
1311,1117,1122,1116,150,394,544,1661
1312,1122,1122,1128,150,400,550,1672
1313,1122,1122,1122,150,400,550,1672
1314,1117,1117,1112,150,395,545,1662
1315,1128,1128,1122,150,389,539,1667
1316,1117,1117,1116,150,388,538,1655
1317,1111,1111,1117,150,394,544,1655
1318,1116,1116,1117,150,395,545,1661
1319,1123,1117,1128,144,406,550,1673
1320,1116,1122,1116,150,400,550,1666
1321,1117,1117,1106,150,389,539,1656
1322,1117,1111,1122,144,400,544,1661
1323,1116,1122,1122,150,400,550,1666
1324,1122,1122,1122,150,400,550,1672
1325,1123,1123,1112,150,389,539,1662
1326,1111,1111,1111,150,389,539,1650
1327,1116,1116,1127,150,400,550,1666
1328,1123,1128,1128,155,400,555,1678
1329,1122,1117,1106,150,389,539,1661
1330,1128,1128,1133,150,394,544,1672
1331,1133,1133,1133,150,394,544,1677
1332,1133,1133,1134,150,395,545,1678
1333,1123,1123,1116,150,388,538,1661
1334,1122,1122,1139,150,405,555,1677
1335,1122,1128,1117,156,394,550,1672
1336,1122,1111,1117,145,400,545,1667
1337,1122,1127,1122,150,395,545,1667
1338,1117,1117,1122,150,400,550,1667
1339,1117,1117,1117,150,400,550,1667
1340,1116,1116,1111,150,395,545,1661
1341,1117,1117,1117,150,395,545,1662
1342,1117,1117,1122,150,400,550,1667
1343,1116,1116,1111,150,395,545,1661
1344,1117,1112,1111,145,394,539,1656
1345,1106,1111,1122,150,405,555,1661
1346,1105,1105,1100,150,400,550,1655
1347,1106,1106,1095,150,389,539,1645
1348,1105,1105,1111,150,395,545,1650
1349,1111,1111,1111,150,395,545,1656
1350,1106,1106,1100,150,389,539,1645
1351,1111,1111,1117,150,395,545,1656
1352,1117,1117,1116,150,394,544,1661
1353,1128,1128,1122,150,388,538,1666
1354,1122,1122,1123,150,389,539,1661
1355,1128,1128,1133,150,394,544,1672
1356,1133,1133,1128,150,389,539,1672
1357,1122,1122,1128,150,395,545,1667
1358,1128,1128,1133,150,400,550,1678
1359,1133,1133,1133,150,400,550,1683
1360,1134,1128,1134,144,406,550,1684
1361,1122,1128,1111,150,389,539,1661
1362,1122,1122,1133,150,400,550,1672
1363,1122,1122,1128,150,406,556,1678
1364,1117,1117,1111,150,400,550,1667
1365,1117,1117,1105,150,388,538,1655
1366,1116,1116,1128,150,400,550,1666
1367,1122,1122,1111,150,389,539,1661
1368,1117,1117,1111,150,394.5,533,1650
1369,1128,1122,1139,144,400,544,1672
1370,1128,1139,1134,155,395,550,1678
1371,1116,1111,1105,150,389,539,1655
1372,1123,1123,1134,150,400,550,1673
1373,1122,1122,1122,150,400,550,1672
1374,1128,1128,1122,150,394,544,1672
1375,1094,1127,1122,150,389,572,1666
1376,1161,1128,1134,150,395,545,1706
1377,1122,1122,1122,150,395,545,1667
1378,1128,1123,1122,145,394,539,1667
1379,1133,1138,1139,150,395,545,1678
1380,1128,1128,1128,150,395,545,1673
1381,1139,1139,1139,150,395,545,1684
1382,1133,1133,1138,150,400,550,1683
1383,1134,1134,1139,150,405,555,1689
1384,1128,1128,1111,150,388,538,1666
1385,1144,1144,1145,150,389,539,1683
1386,1106,1139,1144,164,394,558.5,1683
1387,1138,1133,1139,157,400,551.25,1716
1388,1156,1128,1122,150,394,544,1700
1389,1122,1128,1123,156,389,545,1667
1390,1134,1122,1133,144,400,544,1678
1391,1116,1122,1117,150,395,545,1661
1392,1117,1117,1111,150,389,539,1656
1393,1122,1122,1139,150,406,556,1678
1394,1133,1133,1122,150,395,545,1678
1395,1123,1117,1117,144,395,539,1662
1396,1122,1128,1127,150,394,544,1666
1397,1122,1122,1123,150,395,545,1667
1398,1106,1106,1100,150,389,539,1645
1399,1127,1127,1133,150,395,545,1672
1400,1117,1117,1117,150,395,545,1662
1401,1111,1111,1105,150,389,539,1650
1402,1117,1111,1122,144,400,544,1661
1403,1111,1117,1117,150,400,550,1661
1404,1122,1122,1128,150,406,556,1678
1405,1117,1111,1100,144,395,539,1656
1406,1128,1134,1133,150,394,544,1672
1407,1139,1139,1145,150,400,550,1689
1408,1127,1127,1127,150,400,550,1677
1409,1123,1123,1117,150,394,544,1667
1410,1133,1133,1133,150,394,544,1677
1411,1133,1133,1134,150,395,545,1678
1412,1128,1128,1127,150,394,544,1672
1413,1089,1122,1123,150,395,544,1667
1414,1167,1134,1133,150,394,544,1711
1415,1122,1122,1128,150,400,550,1672
1416,1128,1128,1116,150,388,538,1666
1417,1088,1122,1123,150,389,573,1661
1418,1150,1116,1122,150,395,545,1695
1419,1117,1117,1122,150,400,550,1667
1420,1111,1111,1106,150,395,545,1656
1421,1117,1117,1111,150,389,539,1656
1422,1117,1117,1128,150,400,550,1667
1423,1122,1122,1116,150,394,544,1666
1424,1116,1116,1117,150,395,545,1661
1425,1128,1128,1128,150,395,545,1673
1426,1128,1128,1133,150,400,550,1678
1427,1128,1128,1122,150,394,544,1672
1428,1128,1122,1128,144,400,544,1672
1429,1122,1128,1128,150,400,550,1672
1430,1128,1128,1122,150,394,544,1672
1431,1127,1127,1128,150,395,545,1672
1432,1089,1123,1122,147,394,544.5,1667
1433,1156,1116,1122,144,400,544,1700
1434,1122,1128,1117,150,389,539,1661
1435,1117,1117,1122,150,394,544,1661
1436,1122,1122,1122,150,394,544,1666
1437,1122,1122,1128,150,400,550,1672
1438,1122,1122,1122,150,400,550,1672
1439,1134,1134,1134,150,400,550,1684
1440,1111,1111,1111,150,400,550,1661
1441,1128,1128,1122,150,394,544,1672
1442,1133,1133,1133,150,394,544,1677
1443,1128,1128,1128,150,394,544,1672
1444,1127,1127,1128,150,395,545,1672
1445,1106,1134,1139,150,400,547.5,1684
1446,1161,1133,1133,150,400,550,1711
1447,1139,1139,1133,150,394,544,1683
1448,1133,1133,1139,150,400,550,1683
1449,1139,1139,1139,150,400,550,1689
1450,1145,1150,1145,155,395,550,1695
1451,1144,1139,1144,150,400,550,1694
1452,1145,1145,1139,150,394,544,1689
1453,1150,1150,1156,150,400,550,1700
1454,1150,1150,1150,150,400,550,1700
1455,1144,1144,1138,150,394,544,1688
1456,1139,1139,1134,150,389,539,1678
1457,1144,1144,1150,150,395,545,1689
1458,1139,1139,1133,150,389,539,1678
1459,1128,1128,1133,150,394,544,1672
1460,1139,1139,1139,150,394,544,1683
1461,1139,1139,1145,150,400,550,1689
1462,1133,1133,1128,150,395,545,1678
1463,1133,1133,1133,150,395,545,1678
1464,1128,1128,1133,150,400,550,1678
1465,1128,1128,1122,150,394,544,1672
1466,1122,1122,1123,150,395,545,1667
1467,1134,1134,1127,150,388,538,1672
1468,1133,1133,1145,150,400,550,1683
1469,1133,1133,1133,150,400,550,1683
1470,1134,1134,1122,150,388,538,1672
1471,1138,1138,1145,150,395,545,1683
1472,1139,1139,1139,150,395,545,1684
1473,1145,1145,1150,150,400,550,1695
1474,1128,1128,1122,150,394,544,1672
1475,1100,1105,1083,155,397,527,1627
1476,1105,1100,1128,150,400,550,1655
1477,1089,1089,1078,150,389,539,1628
1478,1028,1061,1063,153.8,391,574,1602
1479,1081.4,1056,1048,157.6,387,540.6,1622
1480,1057.6,1050,1050,150,393.5,533,1590.6
1481,1044,1044,1061,150,400,550,1594
1482,1052.5,1039,1041.5,150,406,547,1589
1483,1061,1033.5,1031.75,150,394,544,1605
1484,1044.5,1024.75,1021.875,156,388,544,1580.5
1485,1028,1026.375,1021.938,144,383,528,1565.25
1486,1044.5,1027.188,1030.469,147,386,561,1582.625
1487,1061,1024.594,1026.234,150,389,539,1600
1488,1047,1028.797,1032.617,150,389,539,1589
1489,1033,1042.398,1046.809,150,395,545,1597.5
1490,1056,1056,1061,150,400,550,1606
1491,1072,1072,1072,150,400,550,1622
1492,1083,1083,1083,150,400,550,1633
1493,1106,1106,1106,150,400,550,1656
1494,1111,1117,1117,156,400,556,1667
1495,1122,1116,1116,150,400,550,1672
1496,1123,1123,1123,150,400,550,1673
1497,1127,1127,1122,150,395,545,1672
1498,1128,1128,1133,150,400,550,1678
1499,1145,1145,1145,150,400,550,1695
1500,1127,1127,1122,150,395,545,1672
1501,1139,1139,1139,150,395,545,1684
1502,1145,1145,1144,150,394,544,1689
1503,1150,1150,1145,150,389,539,1689
1504,1155,1155,1155,150,389,539,1694
1505,1178,1178,1183,150,394,544,1722
1506,1161,1161,1162,150,395,545,1706
1507,1167,1161,1166,144,400,544,1711
1508,1178,1184,1178,150,394,544,1722
1509,1183,1183,1183,150,394,544,1727
1510,1094,1122,1123,150,395,573,1667
1511,1161,1133,1133,150,395,545,1706
1512,1112,1106,1094,144,389,527,1639
1513,1072,1078,1078,150,383.5,533,1605
1514,1066,1066,1061,150,377.75,528,1594
1515,1045,1045,1064,150,377.875,542,1591.5
1516,1033,1061,1067,150,380.438,556,1589
1517,1084,1056,1061,150,379.219,533,1617
1518,1044,1044,1047,150,381.109,528,1589
1519,1058.5,1041.5,1043,150,382.055,567,1597.5
1520,1073,1040.25,1041,150,382.527,533,1606
1521,1050,1031.125,1034.5,167,385.764,572,1603
1522,1036.5,1026.562,1028.25,175,389,573,1600
1523,1054.25,1032.781,1033.625,162.5,389,572,1595
1524,1072,1043.891,1047.312,150,389,539,1611
1525,1055,1055,1061,150,395,545,1600
1526,1056,1089,1083,150,389,572,1628
1527,1133,1100,1100,150,389,539,1672
1528,1106,1106,1111,150,394,544,1650
1529,1133,1133,1134,150,395,545,1678
1530,1139,1139,1133,150,389,539,1678
1531,1150,1150,1150,150,389,539,1689
1532,1139,1139,1144,150,394,544,1683
1533,1156,1156,1156,150,394,544,1700
1534,1133,1127,1128,144,395,539,1672
1535,1111,1145,1139,147,389,567,1678
1536,1167,1139,1144,150,394,544,1711
1537,1155,1155,1145,150,391.5,534,1689
1538,1167,1167,1172,150,389,539,1706
1539,1155,1155,1161,150,395,545,1700
1540,1139,1173,1161,147,395,567,1706
1541,1184,1144,1156,144,395,539,1723
1542,1155,1161,1161,150,395,545,1700
1543,1161,1161,1161,150,395,545,1706
1544,1161,1161,1161,150,395,545,1706
1545,1184,1184,1183,150,394,544,1728
1546,1083,1189,1195,150,400,544.5,1739
1547,1272,1166,1161,150,395,545,1817
1548,1156,1156,1155,150,394,544,1700
1549,1150,1150,1150,150,394,544,1694
1550,1144,1144,1145,150,395,545,1689
1551,1145,1145,1139,150,389,539,1684
1552,1139,1139,1144,150,394,544,1683
1553,1122,1150,1150,150,394,572,1694
1554,1172,1144,1139,150,389,539,1711
1555,1133,1133,1144,150,400,550,1683
1556,1106,1139,1134,150,395,547.5,1684
1557,1161,1128,1128,150,395,545,1706
1558,1145,1145,1138,150,388,538,1683
1559,1122,1122,1123,150,389,539,1661
1560,1122,1122,1122,150,389,539,1661
1561,1106,1133,1139,150,395,572,1678
1562,1172,1145,1139,150,389,539,1711
1563,1144,1144,1150,150,395,545,1689
1564,1139,1139,1133,150,389,539,1678
1565,1133,1128,1139,145,400,545,1678
1566,1150,1155,1150,150,395,545,1695
1567,1145,1145,1150,150,400,550,1695
1568,1105,1133,1128,150,395,573,1678
1569,1162,1134,1133,150,394,544,1706
1570,1138,1138,1139,150,395,545,1683
1571,1100,1134,1133,150,394,547.5,1678
1572,1173,1139,1145,150,400,550,1723
1573,1139,1139,1133,150,394,544,1683
1574,1138,1138,1150,150,406,556,1694
1575,1145,1139,1128,144,395,539,1684
1576,1117,1123,1122,150,394,544,1661
1577,1111,1111,1111,150,394,544,1655
1578,1072,1100,1100,150,394,572,1644
1579,1144,1116,1117,150,395,545,1689
1580,1134,1134,1133,150,394,544,1678
1581,1139,1139,1139,150,394,544,1683
1582,1133,1133,1133,150,394,544,1677
1583,1139,1139,1139,150,394,544,1683
1584,1144,1144,1145,150,395,545,1689
1585,1156,1150,1155,144,400,544,1700
1586,1144,1150,1156,150,406,556,1700
1587,1150,1150,1144,150,400,550,1700
1588,1150,1150,1150,150,400,550,1700
1589,1145,1139,1139,144,400,544,1689
1590,1133,1139,1139,150,400,550,1683
1591,1139,1133,1128,144,395,539,1678
1592,1094,1134,1133,147,394,541.5,1672
1593,1167,1133,1133,150,394,544,1711
1594,1094,1128,1123,150,389,573,1667
1595,1167,1133,1139,150,395,545,1712
1596,1100,1133,1133,150,395,545,1678
1597,1172,1139,1139,150,395,545,1717
1598,1128,1128,1128,150,395,545,1673
1599,1117,1145,1150,150,400,544.5,1695
1600,1178,1150,1144,150,394,544,1722
1601,1111,1144,1139,150,389,572,1683
1602,1177,1144,1150,150,395,545,1722
1603,1156,1156,1161,150,400,550,1706
1604,1156,1156,1150,150,394,544,1700
1605,1150,1150,1156,150,400,550,1700
1606,1150,1150,1144,150,394,544,1694
1607,1133,1133,1139,150,400,550,1683
1608,1133,1128,1122,145,394,539,1672
1609,1145,1150,1150,150,394,544,1689
1610,1094,1127,1128,147.5,395,541.5,1672
1611,1161,1123,1122,145,394,539,1700
1612,1122,1127,1128,150,395,545,1667
1613,1123,1123,1122,150,394,544,1667
1614,1122,1122,1128,150,400,550,1672
1615,1122,1122,1117,150,395,545,1667
1616,1111,1111,1111,150,395,545,1656
1617,1117,1117,1116,150,394,544,1661
1618,1117,1117,1117,150,394,544,1661
1619,1122,1122,1122,150,394,544,1666
1620,1133,1133,1134,150,395,545,1678
1621,1117,1122,1122,155,395,550,1667
1622,1122,1117,1111,150,389,539,1661
1623,1078,1106,1117,169.5,400,561.5,1656
1624,1105,1116,1111,159.75,395,553.25,1689
1625,1150,1111,1111,150,395,545,1695
1626,1084,1111,1105,167,389,566,1650
1627,1105,1112,1123,158.5,400,558,1689
1628,1150,1116,1116,150,400,550,1700
1629,1128,1128,1128,150,400,550,1678
1630,1128,1122,1117,144,395,539,1667
1631,1094,1134,1133,147,394,544.5,1672
1632,1167,1133,1139,150,400,550,1717
1633,1144,1139,1139,145,400,545,1689
1634,1139,1144,1139,150,395,545,1684
1635,1128,1128,1127,150,394,544,1672
1636,1122,1122,1123,150,395,545,1667
1637,1117,1117,1122,150,400,550,1667
1638,1111,1111,1105,150,394,544,1655
1639,1078,1106,1106,150,394,572,1650
1640,1128,1100,1100,150,394,544,1672
1641,1094,1094,1089,150,389,539,1633
1642,1089,1089,1100,150,400,550,1639
1643,1100,1100,1100,150,400,550,1650
1644,1105,1105,1094,150,389,539,1644
1645,1106,1106,1111,150,394,544,1650
1646,1083,1117,1117,150,394,547,1661
1647,1156,1122,1128,150,400,550,1706
1648,1122,1122,1122,150,400,550,1672
1649,1128,1128,1122,150,394,544,1672
1650,1128,1128,1134,150,400,550,1678
1651,1100,1127,1127,150,400,544.5,1677
1652,1155,1128,1117,150,389,539,1694
1653,1089,1117,1128,211,400,602.5,1667
1654,1045,1139,1133,180.5,394,573.25,1711
1655,1250,1128,1128,150,394,544,1794
1656,1111,1111,1111,150,394,544,1655
1657,1122,1122,1122,150,394,544,1666
1658,1122,1122,1128,150,400,550,1672
1659,1122,1122,1117,150,395,545,1667
1660,1084,1117,1116,150,394,547.5,1661
1661,1144,1111,1117,150,400,550,1694
1662,1128,1128,1122,150,394,544,1672
1663,1083,1111,1111,167,394,572,1655
1664,1111,1117,1117,172,394,572,1689
1665,1134,1127,1128,161,395,572,1706
1666,1150,1123,1117,150,389,539,1689
1667,1083,1116,1116,164,389,572,1655
1668,1122,1117,1128,157,400,558.5,1700
1669,1139,1111,1106,150,395,545,1684
1670,1122,1122,1122,150,395,545,1667
1671,1123,1123,1128,150,400,550,1673
1672,1133,1133,1127,150,394,544,1677
1673,1122,1122,1117,150,389,539,1661
1674,1095,1128,1133,150,394,541.5,1672
1675,1150,1117,1117,150,394,544,1694
1676,1100,1100,1094,150,388,538,1638
1677,1100,1094,1100,144,394,538,1638
1678,1105,1111,1112,150,395,545,1650
1679,1089,1122,1122,150,395,544.5,1667
1680,1156,1123,1122,150,394,544,1700
1681,1127,1127,1128,150,395,545,1672
1682,1139,1139,1144,150,400,550,1689
1683,1145,1145,1139,150,394,544,1689
1684,1133,1133,1133,150,394,544,1677
1685,1089,1117,1123,150,400,547,1667
1686,1155,1127,1127,150,400,550,1705
1687,1128,1128,1123,150,395,545,1673
1688,1089,1117,1116,150,394,572,1661
1689,1156,1128,1128,150,394,544,1700
1690,1116,1116,1122,150,400,550,1666
1691,1123,1123,1123,150,400,550,1673
1692,1127,1127,1122,150,395,545,1672
1693,1123,1123,1128,150,400,550,1673
1694,1094,1127,1127,150,400,544,1677
1695,1156,1123,1111,150,388,538,1694
1696,1100,1133,1139,150,394,544,1677
1697,1166,1133,1139,150,400,550,1716
1698,1106,1134,1122,163.5,388,566,1672
1699,1128,1127,1139,156.75,400,555,1705
1700,1161,1134,1128,150,394,544,1705
1701,1127,1127,1128,150,395,545,1672
1702,1128,1128,1133,150,400,550,1678
1703,1106,1139,1134,147.5,395,544.5,1684
1704,1166,1128,1127,145,394,539,1705
1705,1128,1133,1128,150,389,539,1667
1706,1134,1134,1139,150,394,544,1678
1707,1133,1127,1133,144,400,544,1677
1708,1144,1150,1145,150,395,545,1689
1709,1106,1139,1144,152.5,400,547.5,1689
1710,1167,1139,1134,155,395,550,1717
1711,1138,1133,1133,150,395,545,1683
1712,1133,1147.5,1147.5,150,400,550,1697.5
1713,1128,1162,1162,150,400,547,1712
1714,1184,1150,1144,150,394,544,1728
1715,1105,1133,1139,166.5,400,563.5,1683
1716,1145,1150,1150,172.25,400,570.75,1728
1717,1144,1139,1139,161.125,400,557.875,1722
1718,1161,1133,1128,150,395,545,1706
1719,1106,1139,1144,150,400,547.5,1689
1720,1172,1139,1139,150,400,550,1722
1721,1133,1133,1122,150,389,539,1672
1722,1106,1139,1150,150,400,544.5,1689
1723,1172,1139,1139,150,400,550,1722
1724,1106,1133,1133,150,400,547,1683
1725,1161,1134,1128,150,394,544,1705
1726,1139,1133,1133,144,394,538,1677
1727,1138,1144,1145,150,395,545,1683
1728,1145,1145,1150,150,400,550,1695
1729,1094,1128,1122,169.5,394,569.5,1672
1730,1128,1133,1139,159.75,400,559.75,1717
1731,1167,1128,1128,150,400,550,1717
1732,1105,1139,1133,150,394,544.5,1683
1733,1167,1133,1128,150,389,539,1706
1734,1100,1133,1144,150,400,544.5,1683
1735,1178,1145,1145,150,400,550,1728
1736,1150,1150,1144,150,394,544,1694
1737,1139,1139,1139,150,394,544,1683
1738,1111,1144,1150,211,400,605.5,1694
1739,1061,1150,1145,180.5,395,577.75,1728
1740,1267,1145,1150,150,400,550,1817
1741,1150,1144,1144,144,400,544,1694
1742,1138,1144,1144,150,400,550,1688
1743,1156,1156,1156,150,400,550,1706
1744,1156,1150,1144,144,394,538,1694
1745,1144,1150,1150,150,394,544,1688
1746,1150,1150,1156,150,400,550,1700
1747,1150,1150,1139,150,389,539,1689
1748,1117,1150,1155,166.5,394,561,1694
1749,1133,1133,1139,158.25,400,555.5,1716
1750,1161,1128,1128,150,400,550,1711
1751,1139,1139,1133,150,394,544,1683
1752,1139,1139,1139,150,394,544,1683
1753,1155,1155,1161,150,400,550,1705
1754,1150,1150,1150,150,400,550,1700
1755,1145,1145,1139,150,394,544,1689
1756,1111,1139,1145,164,400,561,1689
1757,1144,1144,1144,157,400,550,1722
1758,1167,1139,1128,150,389,539,1706
1759,1111,1145,1150,166.5,394,558,1689
1760,1145,1144,1144,158.25,394,556.5,1722
1761,1172,1139,1150,150,405,555,1727
1762,1144,1144,1139,150,400,550,1694
1763,1134,1134,1128,150,394,544,1678
1764,1111,1139,1145,163.5,400,563.5,1689
1765,1139,1138,1144,156.75,406,551.25,1722
1766,1161,1134,1117,150,389,539,1700
1767,1094,1128,1139,150,400,547,1678
1768,1167,1133,1138,150,405,555,1722
1769,1144,1144,1134,150,395,545,1689
1770,1139,1139,1139,150,395,545,1684
1771,1139,1134,1139,145,400,545,1684
1772,1139,1144,1138,150,394,544,1683
1773,1139,1139,1139,150,394,544,1683
1774,1139,1133,1139,144,400,544,1683
1775,1133,1139,1139,150,400,550,1683
1776,1128,1122,1122,144,400,544,1672
1777,1122,1128,1123,150,395,545,1667
1778,1100,1133,1138,150,400,547.5,1683
1779,1167,1134,1134,150,400,550,1717
1780,1128,1128,1122,150,394,544,1672
1781,1133,1127,1128,144,395,539,1672
1782,1094,1134,1144,147,405,542,1683
1783,1161,1127,1117,150,395,545,1706
1784,1095,1123,1128,166.5,400,567,1673
1785,1128,1133,1139,158.25,406,558.5,1717
1786,1177,1144,1138,150,400,550,1727
1787,1134,1134,1128,150,394,544,1678
1788,1133,1133,1139,150,400,550,1683
1789,1139,1139,1139,150,400,550,1689
1790,1139,1139,1133,150,394,544,1683
1791,1100,1128,1134,150,400,547,1678
1792,1150,1122,1122,150,400,550,1700
1793,1128,1128,1128,150,400,550,1678
1794,1111,1111,1105,150,394,544,1655
1795,1083,1116,1117,164,395,561,1661
1796,1122,1117,1122,174,400,572.5,1700
1797,1111,1117,1117,159.5,400,558.75,1695
1798,1150,1111,1111,145,400,545,1695
1799,1089,1094,1094,150,400,550,1639
1800,1073,1106,1100,150,394,544.5,1650
1801,1127,1094,1089,150,389,539,1666
1802,1050,1084,1089,167,394,558.5,1628
1803,1089,1089,1089,158.5,394,551.25,1667
1804,1117,1083,1083,150,394,544,1661
1805,1061,1094,1095,150,395,547,1639
1806,1139,1106,1111,150,400,550,1689
1807,1078,1111,1111,150,400,550,1661
1808,1155,1122,1122,150,400,550,1705
1809,1122,1122,1117,150,395,545,1667
1810,1095,1128,1139,147,406,547.5,1684
1811,1167,1128,1128,144,406,550,1717
1812,1122,1133,1122,155,395,550,1672
1813,1116,1111,1105,150,389,539,1655
1814,1123,1123,1134,150,400,550,1673
1815,1127,1127,1127,150,400,550,1677
1816,1117,1117,1112,150,395,545,1662
1817,1128,1128,1122,150,389,539,1667
1818,1089,1122,1128,150,395,544.5,1667
1819,1166,1133,1138,150,400,550,1716
1820,1128,1128,1123,150,395,545,1673
1821,1117,1117,1116,150,394,544,1661
1822,1128,1128,1128,150,394,544,1672
1823,1094,1127,1128,150,395,541.5,1672
1824,1167,1134,1128,150,389,539,1706
1825,1111,1144,1155,150,400,547,1694
1826,1189,1156,1161,150,405,555,1744
1827,1150,1150,1145,150,400,550,1700
1828,1128,1161,1155,150,394,547,1705
1829,1194,1161,1161,150,394,544,1738
1830,1156,1150,1156,144,400,544,1700
1831,1155,1161,1156,150,395,545,1700
1832,1117,1150,1150,167,395,564.5,1695
1833,1144,1145,1150,158.5,400,557.25,1728
1834,1184,1150,1150,150,400,550,1734
1835,1144,1144,1138,150,394,544,1688
1836,1117,1144,1150,150,400,544.5,1694
1837,1177,1150,1145,150,395,545,1722
1838,1162,1162,1161,150,394,544,1706
1839,1144,1144,1144,150,394,544,1688
1840,1144,1139,1139,145,394,539,1683
1841,1156,1161,1173,150,406,556,1712
1842,1150,1150,1150,150,406,556,1706
1843,1122,1150,1138,150,394,572,1694
1844,1167,1139,1145,150,400,550,1717
1845,1117,1144,1144,150,400,547.5,1694
1846,1166,1139,1134,150,395,545,1711
1847,1106,1139,1133,150,389,572,1678
1848,1155,1122,1133,150,400,550,1705
1849,1139,1139,1134,150,395,545,1684
1850,1106,1134,1133,166.5,394,572,1678
1851,1133,1138,1139,158.25,395,561,1711
1852,1167,1134,1139,150,400,550,1717
1853,1139,1139,1128,150,389,539,1678
1854,1133,1133,1144,150,400,550,1683
1855,1144,1144,1144,150,400,550,1694
1856,1145,1145,1145,150,400,550,1695
1857,1144,1144,1133,150,389,539,1683
1858,1100,1128,1134,167,395,573,1673
1859,1139,1145,1144,158.5,394,561.5,1717
1860,1172,1138,1144,150,400,550,1722
1861,1139,1139,1134,150,395,545,1684
1862,1139,1139,1139,150,395,545,1684
1863,1145,1139,1144,144,400,544,1689
1864,1144,1150,1145,150,395,545,1689
1865,1156,1156,1155,150,394,544,1700
1866,1105,1139,1145,166.5,400,560.5,1689
1867,1145,1144,1138,155.75,394,552.75,1722
1868,1177,1139,1145,145,400,545,1722
1869,1050,1144,1139,147.5,395,545,1684
1870,1228,1139,1139,150,395,545,1773
1871,1150,1150,1155,150,400,550,1700
1872,1117,1150,1145,164,395,561,1695
1873,1161,1156,1155,173.5,394,572,1733
1874,1139,1144,1145,178.75,395,578,1717
1875,1144,1145,1150,164.375,400,558.5,1728
1876,1178,1144,1133,150,389,539,1717
1877,1111,1145,1150,167,394,561.5,1689
1878,1122,1122,1128,158.5,400,558.25,1706
1879,1173,1139,1144,150,405,555,1728
1880,1144,1144,1139,150,400,550,1694
1881,1106,1139,1139,150,400,550,1689
1882,1172,1139,1139,150,400,550,1722
1883,1155,1155,1150,150,395,545,1700
1884,1145,1145,1150,150,400,550,1695
1885,1144,1144,1144,150,400,550,1694
1886,1145,1139,1139,144,400,544,1689
1887,1144,1150,1156,150,406,556,1700
1888,1150,1150,1144,150,400,550,1700
1889,1111,1145,1139,150,394,550,1689
1890,1173,1139,1145,150,400,550,1723
1891,1144,1144,1150,150,406,556,1700
1892,1144,1144,1138,150,400,550,1694
1893,1145,1145,1139,150,394,544,1689
1894,1144,1144,1145,150,395,545,1689
1895,1139,1139,1144,150,400,550,1689
1896,1139,1139,1134,150,395,545,1684
1897,1106,1139,1138,150,394,547.5,1683
1898,1172,1139,1145,150,400,550,1722
1899,1133,1133,1133,150,400,550,1683
1900,1139,1139,1134,150,395,545,1684
1901,1139,1139,1144,150,400,550,1689
1902,1133,1133,1133,150,400,550,1683
1903,1128,1134,1128,156,394,550,1678
1904,1133,1122,1128,145,400,545,1678
1905,1100,1139,1139,161.5,400,561.5,1684
1906,1150,1144,1144,155.75,400,555.75,1728
1907,1167,1139,1139,150,400,550,1717
1908,1122,1150,1145,167,395,573,1695
1909,1150,1156,1161,175,400,578,1734
1910,1156,1155,1155,162.5,400,564,1739
1911,1183,1150,1150,150,400,550,1733
1912,1145,1145,1139,150,394,544,1689
1913,1122,1150,1156,164,400,561,1700
1914,1139,1139,1139,173.5,400,569.5,1717
1915,1133,1138,1133,161.75,395,559.75,1711
1916,1167,1134,1139,150,400,550,1717
1917,1139,1133,1139,144,406,550,1689
1918,1144,1150,1144,150,400,550,1694
1919,1106,1139,1133,166.5,394,566.5,1683
1920,1144,1144,1150,174.75,400,574.75,1727
1921,1145,1145,1145,178.875,400,578.875,1728
1922,1133,1133,1133,164.438,400,561.438,1716
1923,1178,1145,1139,150,394,544,1722
1924,1111,1144,1150,167,400,564,1694
1925,1155,1156,1156,158.5,400,554,1739
1926,1184,1150,1144,150,394,544,1728
1927,1150,1150,1156,150,400,550,1700
1928,1122,1150,1150,150,400,550,1700
1929,1183,1155,1155,150,400,550,1733
1930,1150,1150,1145,150,395,545,1695
1931,1139,1139,1144,150,400,550,1689
1932,1139,1139,1139,150,400,550,1689
1933,1128,1128,1128,150,400,550,1678
1934,1133,1133,1128,150,395,545,1678
1935,1122,1122,1127,150,400,550,1672
1936,1134,1134,1134,150,400,550,1684
1937,1111,1111,1105,150,394,544,1655
1938,1105,1105,1106,150,395,545,1650
1939,1089,1117,1128,167,406,564.5,1673
1940,1122,1128,1122,158.5,400,557.25,1706
1941,1173,1139,1139,150,400,550,1723
1942,1178,1147,1147.5,150,405,553,1731
1943,1183,1155,1156,150,406,556,1739
1944,1139,1139,1133,150,400,550,1689
1945,1139,1139,1128,150,389,539,1678
1946,1139,1139,1150,150,400,550,1689
1947,1111,1144,1144,164,400,564,1694
1948,1139,1134,1134,157,400,557,1717
1949,1166,1138,1138,150,400,550,1716
1950,1139,1139,1139,150,400,550,1689
1951,1139,1139,1134,150,395,545,1684
1952,1139,1139,1144,150,400,550,1689
1953,1111,1145,1145,150,400,550,1695
1954,1184,1150,1150,150,400,550,1734
1955,1105,1138,1138,147,400,544.5,1688
1956,1178,1139,1134,144,395,539,1717
1957,1139,1145,1150,150,400,550,1689
1958,1116,1144,1150,150,406,550,1700
1959,1167,1139,1133,150,400,550,1717
1960,1145,1145,1145,150,400,550,1695
1961,1150,1150,1150,150,400,550,1700
1962,1155,1155,1161,150,406,556,1711
1963,1156,1156,1150,150,400,550,1706
1964,1166,1166,1166,150,400,550,1716
1965,1156,1150,1156,144,406,550,1706
1966,1122,1156,1144,147,394,572,1694
1967,1167,1139,1139,150,394,544,1711
1968,1094,1128,1134,150,400,547,1678
1969,1156,1122,1122,150,400,550,1706
1970,1116,1116,1116,150,400,550,1666
1971,1100,1100,1095,150,395,545,1645
1972,1084,1084,1072,150,381,533,1617
1973,1100.5,1061,1045,194.5,387.5,583,1683.5
1974,1117,1050,1077,172.25,394,561,1750
1975,1128,1039,1052,150,389,539,1667
1976,1028,1033,1037.5,150,388,538,1614
1977,1025.5,1028,1035.25,150,391,534,1590.5
1978,1031.75,1033,1034.125,150,394,544,1583.75
1979,1038,1033.5,1039.562,150,389,539,1583.875
1980,1034,1044.25,1045,150,400,550,1591.938
1981,1050,1055,1050,155,395,550,1600
1982,1078,1073,1072,150,394,544,1622
1983,1100,1100,1100,150,394,544,1644
1984,1116,1116,1128,150,406,556,1672
1985,1128,1128,1122,150,400,550,1678
1986,1128,1128,1133,150,405,555,1683
1987,1139,1139,1134,150,400,550,1689
1988,1150,1150,1150,150,400,550,1700
1989,1161,1161,1155,150,394,544,1705
1990,1155,1155,1156,150,395,545,1700
1991,1156,1156,1161,150,400,550,1706
1992,1172,1172,1172,150,400,550,1722
1993,1167,1167,1161,150,394,544,1711
1994,1172,1166,1167,144,395,539,1711
1995,1167,1173,1172,150,394,544,1711
1996,1166,1166,1172,150,400,550,1716
1997,1161,1161,1156,150,395,545,1706
1998,1178,1178,1172,150,389,539,1717
1999,1172,1172,1183,150,400,550,1722
2000,1167,1167,1167,150,400,550,1717
2001,1161,1161,1156,150,395,545,1706
2002,1184,1184,1183,150,394,544,1728
2003,1161,1161,1167,150,400,550,1711
2004,1166,1166,1161,150,395,545,1711
2005,1156,1156,1150,150,389,539,1695
2006,1150,1144,1155,144,400,544,1694
2007,1150,1156,1150,150,394,544,1694
2008,1144,1144,1145,150,395,545,1689
2009,1161,1161,1161,150,395,545,1706
2010,1162,1162,1167,150,400,550,1712
2011,1161,1161,1155,150,394,544,1705
2012,1166,1166,1167,150,395,545,1711
2013,1178,1178,1178,150,395,545,1723
2014,1167,1167,1172,150,400,550,1717
2015,1139,1139,1139,150,400,550,1689
2016,1161,1161,1155,150,394,544,1705
2017,1166,1166,1172,150,400,550,1716
2018,1167,1167,1167,150,400,550,1717
2019,1150,1150,1150,150,400,550,1700
2020,1133,1167,1167,150,400,550,1717
2021,1200,1166,1166,150,400,550,1750
2022,1128,1128,1128,150,400,550,1678
2023,1122,1150,1150,150,400,550,1700
2024,1178,1150,1150,150,400,550,1728
2025,1150,1150,1150,150,400,550,1700
2026,1145,1145,1139,150,394,544,1689
2027,1144,1144,1150,150,400,550,1694
2028,1161,1161,1161,150,400,550,1711
2029,1156,1156,1156,150,400,550,1706
2030,1150,1150,1144,150,394,544,1694
2031,1155,1155,1161,150,400,550,1705
2032,1156,1156,1156,150,400,550,1706
2033,1155,1155,1155,150,400,550,1705
2034,1150,1150,1150,150,400,550,1700
2035,1156,1156,1156,150,400,550,1706
2036,1167,1167,1167,150,400,550,1717
2037,1150,1144,1139,144,395,539,1689
2038,1144,1145,1155,145,405,550,1694
2039,1150,1155,1156,150,406,556,1706
2040,1156,1156,1150,150,400,550,1706
2041,1161,1155,1155,144,400,544,1705
2042,1161,1167,1167,150,400,550,1711
2043,1167,1167,1167,150,400,550,1717
2044,1155,1155,1150,150,395,545,1700
2045,1156,1156,1161,150,400,550,1706
2046,1127,1161,1161,150,400,552.5,1711
2047,1184,1150,1155,150,405,555,1739
2048,1144,1144,1139,150,400,550,1694
2049,1145,1145,1145,150,400,550,1695
2050,1144,1144,1139,150,395,545,1689
2051,1139,1139,1144,150,400,550,1689
2052,1150,1150,1150,150,400,550,1700
2053,1156,1156,1156,150,400,550,1706
2054,1144,1144,1144,150,400,550,1694
2055,1144,1144,1139,150,395,545,1689
2056,1150,1145,1150,145,400,545,1695
2057,1145,1150,1144,150,394,544,1689
2058,1150,1150,1156,150,400,550,1700
2059,1150,1150,1150,150,400,550,1700
2060,1150,1144,1144,144,400,544,1694
2061,1161,1167,1167,150,400,550,1711
2062,1161,1161,1161,150,400,550,1711
2063,1161,1161,1161,150,400,550,1711
2064,1167,1167,1167,150,400,550,1717
2065,1167,1167,1167,150,400,550,1717
2066,1166,1166,1166,150,400,550,1716
2067,1172,1172,1172,150,400,550,1722
2068,1184,1184,1189,150,405,555,1739
2069,1172,1172,1173,150,406,556,1728
2070,1167,1167,1166,150,405,555,1722
2071,1161,1161,1156,150,400,550,1711
2072,1161,1161,1166,150,405,555,1716
2073,1155,1150,1150,145,405,550,1705
2074,1139,1144,1134,150,395,545,1684
2075,1161,1161,1166,150,400,550,1711
2076,1106,1139,1139,147.5,400,547.5,1689
2077,1172,1134,1134,145,400,545,1717
2078,1150,1150,1150,145,400,545,1695
2079,1156,1161,1161,150,400,550,1706
2080,1166,1166,1166,150,400,550,1716
2081,1162,1162,1156,150,394,544,1706
2082,1166,1166,1167,150,395,545,1711
2083,1167,1167,1177,150,405,555,1722
2084,1150,1150,1145,150,400,550,1700
2085,1161,1161,1155,150,394,544,1705
2086,1156,1156,1167,150,405,555,1711
2087,1155,1155,1156,150,406,556,1711
2088,1145,1145,1144,150,405,555,1700
2089,1150,1150,1150,150,405,555,1705
2090,1155,1155,1156,150,406,556,1711
2091,1133,1133,1127,150,400,550,1683
2092,1145,1145,1145,150,400,550,1695
2093,1155,1155,1155,150,400,550,1705
2094,1150,1150,1150,150,400,550,1700
2095,1150,1150,1145,150,395,545,1695
2096,1162,1162,1161,150,394,544,1706
2097,1155,1150,1156,145,400,545,1700
2098,1156,1161,1155,150,394,544,1700
2099,1172,1166,1172,144,400,544,1716
2100,1111,1150,1150,147,400,550,1694
2101,1200,1167,1173,150,406,556,1756
2102,1161,1161,1155,150,400,550,1711
2103,1167,1161,1161,144,400,544,1711
2104,1172,1178,1184,150,406,556,1728
2105,1172,1172,1166,150,400,550,1722
2106,1161,1161,1167,150,406,556,1717
2107,1167,1161,1161,144,406,550,1717
2108,1156,1162,1161,150,405,555,1711
2109,1155,1155,1156,150,406,556,1711
2110,1161,1161,1150,150,395,545,1706
2111,1167,1167,1177,150,405,555,1722
2112,1167,1167,1167,150,405,555,1722
2113,1161,1161,1156,150,400,550,1711
2114,1155,1155,1155,150,400,550,1705
2115,1156,1156,1161,150,405,555,1711
2116,1155,1155,1156,150,406,556,1711
2117,1150,1150,1139,150,395,545,1695
2118,1156,1156,1166,150,405,555,1711
2119,1155,1155,1162,150,402.5,562,1717
2120,1150,1150,1138,150,400,550,1700
2121,1156,1156,1156,150,400,550,1706
2122,1156,1156,1161,150,405,555,1711
2123,1150,1144,1139,144,400,544,1694
2124,1150,1156,1161,150,405,555,1705
2125,1122,1155,1150,150,400,555.5,1705
2126,1183,1150,1156,150,406,556,1739
2127,1156,1156,1150,150,400,550,1706
2128,1155,1155,1161,150,406,556,1711
2129,1156,1156,1155,150,405,555,1711
2130,1150,1150,1145,150,400,550,1700
2131,1155,1155,1150,150,395,545,1700
2132,1156,1156,1166,150,405,555,1711
2133,1155,1155,1150,150,400,550,1705
2134,1150,1150,1150,150,400,550,1700
2135,1167,1167,1167,150,400,550,1717
2136,1167,1167,1167,150,400,550,1717
2137,1166,1166,1161,150,395,545,1711
2138,1156,1156,1161,150,400,550,1706
2139,1161,1161,1167,150,406,556,1717
2140,1156,1156,1155,150,405,555,1711
2141,1150,1144,1145,144,406,550,1700
2142,1150,1161,1150,155,395,550,1700
2143,1166,1161,1166,150,400,550,1716
2144,1161,1161,1173,150,400,562,1723
2145,1156,1156,1144,150,400,550,1706
2146,1161,1161,1156,150,395,545,1706
2147,1139,1167,1177,150,405,550,1722
2148,1189,1161,1161,150,405,555,1744
2149,1167,1167,1156,150,394,544,1711
2150,1155,1155,1167,150,406,556,1711
2151,1128,1161,1155,150,400,555.5,1711
2152,1189,1156,1161,150,405,555,1744
2153,1150,1150,1145,150,400,550,1700
2154,1139,1133,1139,144,406,550,1689
2155,1139,1145,1144,150,405,555,1694
2156,1144,1144,1145,150,406,556,1700
2157,1144,1139,1133,145,400,545,1689
2158,1139,1144,1150,150,406,556,1695
2159,1145,1145,1139,150,400,550,1695
2160,1133,1133,1139,150,406,556,1689
2161,1111,1139,1133,150,400,553,1689
2162,1184,1156,1156,150,400,550,1734
2163,1144,1144,1155,150,402.5,561,1705
2164,1167,1167,1161,150,405,555,1722
2165,1172,1172,1172,150,405,555,1727
2166,1189,1189,1184,150,400,550,1739
2167,1183,1183,1189,150,406,556,1739
2168,1178,1178,1177,150,405,555,1733
2169,1175,1175,1175,150,405,555,1730.5
2170,1172,1172,1173,150,406,556,1728
2171,1161,1167,1161,156,400,556,1717
2172,1184,1172,1178,144,406,550,1734
2173,1166,1172,1177,150,408.5,561,1727
2174,1178,1178,1178,150,406.75,561,1739
2175,1172,1167,1161,145,405,550,1722
2176,1172,1172,1167,145,400,545,1717
2177,1150,1155,1155,150,400,550,1700
2178,1162,1162,1167,150,405,555,1717
2179,1138,1138,1133,150,400,550,1688
2180,1162,1162,1162,150,400,550,1712
2181,1161,1161,1166,150,405,555,1716
2182,1172,1172,1172,150,405,555,1727
2183,1178,1178,1178,150,405,555,1733
2184,1183,1183,1178,150,400,550,1733
2185,1172,1172,1172,150,400,550,1722
2186,1167,1167,1172,150,405,555,1722
2187,1183,1178,1178,145,405,550,1733
2188,1172,1177,1172,150,400,550,1722
2189,1167,1167,1167,150,400,550,1717
2190,1161,1161,1161,150,400,550,1711
2191,1161,1161,1161,150,400,550,1711
2192,1156,1156,1161,150,405,555,1711
2193,1161,1161,1162,150,406,556,1717
2194,1161,1161,1155,150,400,550,1711
2195,1150,1150,1150,150,400,550,1700
2196,1128,1156,1156,150,400,552.5,1706
2197,1178,1150,1155,150,405,555,1733
2198,1155,1150,1150,145,405,550,1705
2199,1150,1155,1161,150,402.5,561,1711
2200,1150,1150,1139,150,400,550,1700
2201,1145,1145,1145,150,400,550,1695
2202,1161,1155,1161,144,406,550,1711
2203,1161,1167,1166,150,405,555,1716
2204,1155,1155,1150,150,400,550,1705
2205,1156,1156,1156,150,400,550,1706
2206,1161,1161,1161,150,400,550,1711
2207,1167,1167,1172,150,405,555,1722
2208,1166,1166,1161,150,400,550,1716
2209,1173,1173,1167,150,394,544,1717
2210,1166,1161,1172,145,405,550,1716
2211,1167,1172,1173,150,406,556,1723
2212,1161,1161,1166,150,400,561,1722
2213,1172,1167,1150,145,394,539,1711
2214,1167,1172,1184,150,406,556,1723
2215,1172,1172,1166,150,400,550,1722
2216,1161,1161,1156,150,395,545,1706
2217,1161,1161,1166,150,400,550,1711
2218,1162,1162,1162,150,400,550,1712
2219,1150,1150,1155,150,405,555,1705
2220,1161,1161,1150,150,394,544,1705
2221,1155,1155,1161,150,400,550,1705
2222,1150,1150,1156,150,406,556,1706
2223,1156,1150,1150,144,406,550,1706
2224,1144,1150,1144,150,400,550,1694
2225,1167,1161,1167,144,406,550,1717
2226,1155,1161,1161,150,406,556,1711
2227,1156,1156,1150,150,400,550,1706
2228,1150,1150,1144,150,394,544,1694
2229,1150,1150,1156,150,400,550,1700
2230,1161,1161,1161,150,400,550,1711
2231,1150,1150,1145,150,395,545,1695
2232,1133,1167,1172,150,400,553.5,1717
2233,1200,1166,1178,150,403,562,1762
2234,1167,1167,1161,150,406,556,1723
2235,1172,1167,1161,145,400,545,1717
2236,1167,1172,1178,150,406,556,1723
2237,1161,1161,1155,150,400,550,1711
2238,1161,1161,1161,150,400,550,1711
2239,1161,1161,1156,150,395,545,1706
2240,1161,1161,1166,150,400,550,1711
2241,1156,1162,1162,156,400,556,1712
2242,1128,1155,1155,153,400,553,1711
2243,1194,1161,1161,150,400,550,1744
2244,1145,1145,1145,150,400,550,1695
2245,1144,1144,1144,150,400,550,1694
2246,1156,1150,1156,144,406,550,1706
2247,1155,1161,1155,150,400,550,1705
2248,1156,1156,1161,150,405,555,1711
2249,1150,1150,1145,150,400,550,1700
2250,1139,1139,1139,150,400,550,1689
2251,1155,1155,1161,150,406,556,1711
2252,1150,1150,1144,150,400,550,1700
2253,1156,1156,1150,150,394,544,1700
2254,1166,1166,1172,150,400,550,1716
2255,1162,1162,1167,150,405,555,1717
2256,1155,1155,1150,150,400,550,1705
2257,1167,1161,1161,144,400,544,1711
2258,1144,1178,1184,147,406,550,1728
2259,1189,1161,1161,150,406,556,1745
2260,1128,1161,1155,150,400,553,1711
2261,1194,1161,1161,150,400,550,1744
2262,1161,1161,1167,150,406,556,1717
2263,1156,1156,1150,150,400,550,1706
2264,1150,1150,1150,150,400,550,1700
2265,1161,1161,1167,150,406,556,1717
2266,1156,1156,1150,150,400,550,1706
2267,1122,1150,1150,150,400,552.5,1700
2268,1189,1161,1166,150,405,555,1744
2269,1155,1155,1150,150,400,550,1705
2270,1150,1150,1156,150,406,556,1706
2271,1167,1167,1167,150,406,556,1723
2272,1161,1161,1161,150,406,556,1717
2273,1161,1161,1161,150,406,556,1717
2274,1150,1150,1150,150,406,556,1706
2275,1172,1167,1161,145,400,545,1717
2276,1173,1178,1178,150,400,550,1723
2277,1172,1166,1166,144,400,544,1716
2278,1161,1167,1173,150,406,556,1717
2279,1156,1156,1144,150,394,544,1700
2280,1166,1166,1172,150,400,550,1716
2281,1184,1184,1184,150,400,550,1734
2282,1166,1166,1166,150,400,550,1716
2283,1172,1172,1167,150,395,545,1717
2284,1128,1156,1161,150,400,550,1706
2285,1195,1167,1172,150,405,555,1750
2286,1166,1166,1161,150,400,550,1716
2287,1161,1161,1161,150,400,550,1711
2288,1167,1167,1167,150,400,550,1717
2289,1156,1156,1161,150,405,555,1711
2290,1150,1150,1150,150,405,555,1705
2291,1122,1155,1150,150,400,552.5,1705
2292,1178,1145,1145,150,400,550,1728
2293,1150,1150,1161,150,402.5,561,1711
2294,1150,1150,1144,150,405,555,1705
2295,1155,1150,1150,145,405,550,1705
2296,1150,1155,1156,150,406,556,1706
2297,1128,1161,1155,147,400,553,1711
2298,1200,1161,1167,144,406,550,1750
2299,1150,1156,1150,150,400,550,1700
2300,1156,1156,1161,150,405,555,1711
2301,1155,1155,1150,150,400,550,1705
2302,1167,1167,1161,150,394,544,1711
2303,1150,1150,1156,150,400,550,1700
2304,1155,1155,1161,150,406,556,1711
2305,1145,1145,1139,150,400,550,1695
2306,1150,1150,1150,150,400,550,1700
2307,1150,1150,1155,150,405,555,1705
2308,1144,1144,1145,150,406,556,1700
2309,1167,1167,1155,150,394,544,1711
2310,1155,1155,1156,150,395,545,1700
2311,1167,1167,1178,150,406,556,1723
2312,1156,1156,1150,150,400,550,1706
2313,1161,1161,1161,150,400,550,1711
2314,1172,1172,1178,150,406,556,1728
2315,1161,1161,1155,150,400,550,1711
2316,1161,1161,1161,150,400,550,1711
2317,1156,1156,1161,150,405,555,1711
2318,1161,1161,1161,150,405,555,1716
2319,1155,1155,1150,150,400,550,1705
2320,1156,1156,1162,150,406,556,1712
2321,1156,1156,1155,150,405,555,1711
2322,1155,1161,1156,156,400,556,1711
2323,1156,1150,1150,150,400,550,1706
2324,1161,1161,1161,150,400,550,1711
2325,1155,1161,1161,156,400,556,1711
2326,1167,1161,1161,150,400,550,1717
2327,1172,1172,1167,150,395,545,1717
2328,1172,1167,1177,145,405,550,1722
2329,1162,1167,1162,150,400,550,1712
2330,1177,1172,1172,145,400,545,1722
2331,1161,1166,1166,150,400,550,1711
2332,1156,1156,1162,150,406,556,1712
2333,1156,1156,1150,150,400,550,1706
2334,1166,1166,1161,150,395,545,1711
2335,1167,1167,1177,150,405,555,1722
2336,1155,1161,1156,156,400,556,1711
2337,1156,1150,1144,150,394,544,1700
2338,1167,1167,1178,150,405,555,1722
2339,1166,1172,1167,156,400,556,1722
2340,1173,1167,1167,150,400,550,1723
2341,1144,1172,1177,150,405,550,1727
2342,1194,1166,1161,150,400,550,1744
2343,1178,1178,1178,150,400,550,1728
2344,1172,1167,1167,145,400,545,1717
2345,1150,1155,1161,150,406,556,1706
2346,1134,1167,1167,150,406,553,1723
2347,1194,1161,1155,150,400,550,1744
2348,1150,1150,1156,150,406,556,1706
2349,1156,1156,1150,150,400,550,1706
2350,1161,1161,1166,150,405,555,1716
2351,1161,1161,1162,150,406,556,1717
2352,1167,1167,1161,150,400,550,1717
2353,1183,1177,1183,144,406,550,1733
2354,1178,1184,1183,150,405,555,1733
2355,1178,1178,1178,150,405,555,1733
2356,1177,1172,1167,145,400,545,1722
2357,1184,1189,1189,150,400,550,1734
2358,1172,1166,1172,144,406,550,1722
2359,1172,1178,1178,150,406,556,1728
2360,1172,1172,1166,150,400,550,1722
2361,1161,1156,1156,145,400,545,1706
2362,1150,1150,1150,145,400,545,1695
2363,1145,1150,1155,150,405,555,1700
2364,1150,1150,1150,150,405,555,1705
2365,1155,1155,1150,150,400,550,1705
2366,1156,1156,1156,150,400,550,1706
2367,1139,1139,1133,150,394,544,1683
2368,1144,1144,1150,150,400,550,1694
2369,1156,1161,1156,155,395,550,1706
2370,1178,1173,1183,150,405,555,1733
2371,1172,1172,1167,150,400,550,1722
2372,1178,1178,1183,150,405,555,1733
2373,1183,1183,1172,150,394,544,1727
2374,1161,1194,1206,150,406,547,1750
2375,1200,1167,1161,150,400,550,1750
2376,1167,1167,1167,150,400,550,1717
2377,1166,1166,1166,150,400,550,1716
2378,1173,1173,1173,150,400,550,1723
2379,1133,1161,1161,150,400,550,1711
2380,1172,1144,1144,150,400,550,1722
2381,1128,1156,1156,166.5,400,566.5,1706
2382,1150,1155,1155,158.25,400,558.25,1733
2383,1194,1161,1161,150,400,550,1744
2384,1167,1167,1167,150,400,550,1717
2385,1178,1178,1183,150,405,555,1733
2386,1167,1167,1162,150,400,550,1717
2387,1166,1161,1166,145,405,550,1716
2388,1156,1161,1161,150,405,555,1711
2389,1161,1161,1161,150,405,555,1716
2390,1161,1155,1150,144,400,544,1705
2391,1161,1162,1173,145,405.5,556,1717
2392,1150,1155,1155,150,305.75,561,1711
2393,1150,1150,1249.5,150,355.375,556.9,1705.5
2394,1147.2,1145,1197.25,147.8,405,552.8,1700
2395,1141.8,1144,1145,150,406,556,1697.8
2396,1094,1128,1127,150,405,558.5,1683
2397,1173,1139,1145,150,402.5,561,1734
2398,1127,1127,1116,150,400,550,1677
2399,1123,1123,1128,150,405,555,1678
2400,1100,1127,1128,152.5,406,555,1683
2401,1150,1128,1122,155,400,555,1705
2402,1139,1134,1134,150,400,550,1689
2403,1138,1138,1133,150,395,545,1683
2404,1145,1145,1150,150,400,550,1695
2405,1144,1144,1150,150,406,556,1700
2406,1150,1145,1139,145,400,545,1695
2407,1161,1166,1172,150,406,556,1717
2408,1162,1162,1156,150,400,550,1712
2409,1166,1166,1166,150,400,550,1716
2410,1178,1178,1161,150,403,533,1711
2411,1172,1172,1195,150,406,556,1728
2412,1189,1189,1183,150,400,550,1739
2413,1167,1167,1167,150,400,550,1717
2414,1178,1178,1183,150,405,555,1733
2415,1183,1183,1183,150,405,555,1738
2416,1167,1172,1167,155,400,555,1722
2417,1161,1156,1156,150,400,550,1711
2418,1139,1139,1139,150,400,550,1689
2419,1144,1144,1144,150,400,550,1694
2420,1139,1139,1139,150,400,550,1689
2421,1150,1150,1150,150,400,550,1700
2422,1178,1178,1183,150,405,555,1733
2423,1183,1183,1172,150,394,544,1727
2424,1178,1178,1189,150,405,555,1733
2425,1194,1194,1189,150,400,550,1744
2426,1189,1189,1189,150,400,550,1739
2427,1183,1183,1189,150,406,556,1739
2428,1178,1173,1167,145,400,545,1723
2429,1172,1177,1183,150,406,556,1728
2430,1178,1178,1172,150,400,550,1728
2431,1161,1161,1161,150,400,550,1711
2432,1173,1173,1173,150,400,550,1723
2433,1166,1166,1172,150,406,556,1722
2434,1172,1172,1161,150,395,545,1717
2435,1156,1156,1161,150,400,550,1706
2436,1172,1172,1172,150,400,550,1722
2437,1161,1161,1161,150,400,550,1711
2438,1161,1161,1156,150,395,545,1706
2439,1162,1156,1161,144,400,544,1706
2440,1161,1167,1167,150,400,550,1711
2441,1166,1166,1161,150,395,545,1711
2442,1167,1167,1166,150,394,544,1711
2443,1172,1172,1184,150,406,556,1728
2444,1172,1172,1166,150,400,550,1722
2445,1156,1156,1150,150,394,544,1700
2446,1172,1167,1178,145,405,550,1722
2447,1167,1172,1172,150,405,555,1722
2448,1167,1167,1162,150,400,550,1717
2449,1144,1177,1177,150,400,550,1727
2450,1206,1173,1173,150,400,550,1756
2451,1183,1177,1177,144,400,544,1727
2452,1167,1173,1167,150,394,544,1711
2453,1172,1172,1178,150,400,550,1722
2454,1178,1178,1178,150,400,550,1728
2455,1166,1166,1166,150,400,550,1716
2456,1172,1172,1167,150,395,545,1717
2457,1167,1167,1178,150,406,556,1723
2458,1145,1178,1172,150,400,553,1728
2459,1200,1167,1167,150,400,550,1750
2460,1172,1172,1166,150,394,544,1716
2461,1183,1183,1189,150,400,550,1733
2462,1183,1183,1189,150,406,556,1739
2463,1178,1178,1167,150,395,545,1723
2464,1172,1167,1172,145,400,545,1717
2465,1162,1161,1167,144,406,550,1712
2466,1144,1150,1144,150,400,550,1694
2467,1144,1144,1144,150,400,550,1694
2468,1156,1156,1162,150,406,556,1712
2469,1161,1161,1155,150,400,550,1711
2470,1161,1161,1161,150,400,550,1711
2471,1178,1178,1178,150,400,550,1728
2472,1183,1183,1189,150,406,556,1739
2473,1173,1173,1167,150,400,550,1723
2474,1177,1177,1177,150,400,550,1727
2475,1184,1184,1184,150,400,550,1734
2476,1166,1166,1166,150,400,550,1716
2477,1173,1173,1167,150,394,544,1717
2478,1177,1172,1183,145,405,550,1727
2479,1156,1189,1184,147.5,400,550,1734
2480,1205,1177,1177,150,400,550,1755
2481,1162,1162,1167,150,405,555,1717
2482,1172,1172,1167,150,400,550,1722
2483,1166,1166,1172,150,406,556,1722
2484,1178,1178,1172,150,400,550,1728
2485,1167,1167,1167,150,400,550,1717
2486,1172,1172,1178,150,406,556,1728
2487,1172,1172,1172,150,406,556,1728
2488,1167,1167,1167,150,406,556,1723
2489,1156,1150,1144,144,400,544,1700
2490,1161,1167,1167,150,400,550,1711
2491,1166,1166,1166,150,400,550,1716
2492,1184,1184,1184,150,400,550,1734
2493,1194,1194,1194,150,400,550,1744
2494,1167,1195,1200,150,405,556,1750
2495,1216,1188,1195,150,405.5,562,1778
2496,1184,1178,1172,144,406,550,1734
2497,1172,1178,1172,150,400,550,1722
2498,1167,1161,1161,144,400,544,1711
2499,1161,1167,1167,150,400,550,1711
2500,1178,1178,1183,150,405,555,1733
2501,1177,1177,1183,150,402.5,561,1738
2502,1178,1178,1167,150,400,550,1728
2503,1172,1172,1172,150,400,550,1722
2504,1173,1173,1178,150,405,555,1728
2505,1172,1172,1172,150,405,555,1727
2506,1178,1178,1178,150,405,555,1733
2507,1172,1172,1167,150,400,550,1722
2508,1172,1172,1178,150,406,556,1728
2509,1183,1183,1177,150,400,550,1733
2510,1173,1167,1173,144,406,550,1723
2511,1177,1183,1183,150,406,556,1733
2512,1178,1178,1172,150,400,550,1728
2513,1172,1167,1172,145,405,550,1722
2514,1167,1172,1167,150,400,550,1717
2515,1178,1178,1178,150,400,550,1728
2516,1178,1178,1183,150,405,555,1733
2517,1177,1177,1178,150,406,556,1733
2518,1178,1178,1172,150,400,550,1728
2519,1189,1189,1195,150,406,556,1745
2520,1172,1172,1172,150,406,556,1728
2521,1178,1178,1178,150,406,556,1734
2522,1172,1172,1166,150,400,550,1722
2523,1178,1178,1184,150,406,556,1734
2524,1161,1161,1161,150,406,556,1717
2525,1178,1172,1166,144,400,544,1722
2526,1172,1178,1178,150,400,550,1722
2527,1172,1172,1178,150,406,556,1728
2528,1167,1167,1161,150,400,550,1717
2529,1172,1172,1172,150,400,550,1722
2530,1172,1172,1178,150,406,556,1728
2531,1178,1178,1172,150,400,550,1728
2532,1145,1178,1184,147.5,406,550,1734
2533,1216,1178,1177,145,405,550,1766
2534,1173,1178,1173,150,400,550,1723
2535,1177,1172,1177,145,405,550,1727
2536,1173,1178,1178,150,405,555,1728
2537,1177,1177,1178,150,406,556,1733
2538,1167,1167,1161,150,400,550,1717
2539,1139,1172,1178,150,406,555.5,1728
2540,1200,1167,1172,150,403,561,1761
2541,1167,1167,1156,150,400,550,1717
2542,1177,1177,1177,150,400,550,1727
2543,1167,1167,1167,150,400,550,1717
2544,1178,1178,1178,150,400,550,1728
2545,1178,1178,1183,150,405,555,1733
2546,1177,1177,1178,150,406,556,1733
2547,1173,1173,1172,150,405,555,1728
2548,1188,1183,1178,145,400,545,1733
2549,1184,1189,1194,150,405,555,1739
2550,1189,1189,1195,150,402.5,561,1750
2551,1177,1177,1166,150,400,550,1727
2552,1156,1156,1162,150,406,556,1712
2553,1167,1167,1161,150,400,550,1717
2554,1155,1155,1150,150,395,545,1700
2555,1161,1161,1166,150,400,550,1711
2556,1178,1178,1184,150,406,556,1734
2557,1178,1178,1183,150,406,561,1739
2558,1172,1172,1167,150,406,556,1728
2559,1183,1178,1177,145,405,550,1733
2560,1167,1172,1173,150,406,556,1723
2561,1178,1172,1177,144,403,555,1733
2562,1167,1173,1162,150,400,550,1717
2563,1161,1166,1172,155,406,561,1722
2564,1166,1161,1161,150,406,556,1722
2565,1150,1150,1150,150,406,556,1706
2566,1156,1156,1155,150,405,555,1711
2567,1144,1144,1139,150,400,550,1694
2568,1139,1139,1139,150,400,550,1689
2569,1139,1139,1134,150,395,545,1684
2570,1156,1156,1161,150,400,550,1706
2571,1155,1155,1155,150,400,550,1705
2572,1167,1167,1172,150,405,555,1722
2573,1167,1167,1162,150,400,550,1717
2574,1161,1161,1161,150,400,550,1711
2575,1166,1166,1172,150,406,556,1722
2576,1167,1167,1167,150,406,556,1723
2577,1139,1167,1155,147.5,394,572,1711
2578,1194,1161,1178,145,400,556,1750
2579,1173,1172,1167,144,406,550,1723
2580,1172,1178,1177,150,405,555,1727
2581,1172,1172,1173,150,406,556,1728
2582,1167,1167,1161,150,400,550,1717
2583,1166,1166,1172,150,406,556,1722
2584,1167,1161,1161,144,406,550,1717
2585,1128,1134,1133,150,405,555,1683
2586,1116,1122,1106,156,389,545,1661
2587,1106,1100,1105,150,394,544,1650
2588,1094,1094,1100,150,400,550,1644
2589,1089,1089,1084,150,395,545,1634
2590,1073,1073,1072,150,394,544,1617
2591,1055,1061,1056,156,389,545,1600
2592,1061,1061,1066,156,394,550,1611
2593,1056,1044,1050,144,400,544,1600
2594,1066,1072,1067,150,395,545,1611
2595,1078,1078,1078,150,395,545,1623
2596,1095,1095,1100,150,400,550,1645
2597,1122,1127,1122,155,395,550,1672
2598,1139,1139,1139,155,395,550,1689
2599,1111,1145,1139,155,389,552.5,1689
2600,1189,1155,1166,155,400,555,1744
2601,1133,1167,1161,149.5,394,552.5,1716
2602,1217,1172,1184,144,406,550,1767
2603,1155,1195,1183,147,394,547,1733
2604,1234,1200,1200,150,394,544,1778
2605,1194,1194,1206,150,406,556,1750
2606,1189,1189,1177,150,394,544,1733
2607,1206,1206,1212,150,400,550,1756
2608,1177,1211,1205,161,394,564,1755
2609,1206,1194,1206,152.5,406,554,1784
2610,1217,1189,1183,144,400,544,1761
2611,1155,1194,1194,158.5,400,558.5,1738
2612,1183,1173,1173,154.25,400,573,1756
2613,1200,1177,1177,150,400,550,1750
2614,1173,1173,1173,150,400,550,1723
2615,1116,1155,1150,144.5,395,541.5,1700
2616,1178,1128,1127,147.25,394,533,1711
2617,1150,1161,1162,150,395,545,1695
2618,1139,1139,1138,150,394,544,1683
2619,1136,1136,1141,150,389,539,1683
2620,1133,1133,1144,150,400,550,1683
2621,1111,1111,1111,150,400,550,1661
2622,1095,1100,1095,155,395,550,1645
2623,1089,1084,1077,150,388,538,1627
2624,1072,1072,1078,150,394,544,1616
2625,1094,1094,1095,150,395,545,1639
2626,1128,1128,1127,150,394,544,1672
2627,1111,1139,1139,150,394,572,1683
2628,1178,1150,1150,150,394,544,1722
2629,1155,1155,1156,150,395,545,1700
2630,1139,1173,1178,153,400,550.5,1723
2631,1200,1172,1172,156,400,556,1756
2632,1178,1172,1172,150,400,550,1728
2633,1172,1172,1167,150,395,545,1717
2634,1178,1178,1178,150,395,545,1723
2635,1161,1161,1166,150,400,550,1711
2636,1178,1178,1178,150,400,550,1728
2637,1178,1178,1172,150,394,544,1722
2638,1150,1150,1150,150,394,544,1694
2639,1105,1139,1134,150,389,573,1678
2640,1195,1161,1166,150,394,544,1739
2641,1128,1161,1161,150,394,544.5,1705
2642,1216,1183,1184,150,395,545,1761
2643,1178,1178,1183,150,400,550,1728
2644,1211,1211,1206,150,395,545,1756
2645,1195,1195,1200,150,400,550,1745
2646,1166,1194,1200,150,406,547,1750
2647,1228,1200,1188,150,394,544,1772
2648,1200,1200,1212,150,406,556,1756
2649,1194,1194,1183,150,395,545,1739
2650,1156,1189,1194,166.5,400,564,1739
2651,1189,1189,1189,158.25,400,557,1772
2652,1217,1184,1184,150,400,550,1767
2653,1177,1177,1177,150,400,550,1727
2654,1173,1173,1167,150,394,544,1717
2655,1172,1172,1178,150,400,550,1722
2656,1166,1166,1166,150,400,550,1716
2657,1173,1173,1167,150,394,544,1717
2658,1161,1155,1161,144,400,544,1705
2659,1144,1178,1172,149.5,394,572,1716
2660,1195,1172,1173,155,395,550,1745
2661,1161,1156,1155,150,394,544,1705
2662,1178,1172,1178,144,400,544,1722
2663,1166,1172,1167,150,395,545,1711
2664,1167,1167,1166,150,394,544,1711
2665,1150,1150,1156,150,400,550,1700
2666,1172,1172,1167,150,395,545,1717
2667,1156,1161,1161,155,395,550,1706
2668,1155,1150,1155,150,400,550,1705
2669,1167,1167,1167,150,400,550,1717
2670,1167,1167,1161,150,394,544,1711
2671,1166,1161,1167,145,400,545,1711
2672,1184,1194,1194,155,400,555,1739
2673,1188,1189,1189,156,400,556,1744
2674,1184,1172,1178,144,406,550,1734
2675,1178,1178,1178,144,406,550,1728
2676,1177,1183,1177,150,400,550,1727
2677,1178,1178,1178,150,400,550,1728
2678,1133,1161,1161,150,400,553,1711
2679,1200,1172,1178,150,406,556,1756
2680,1173,1173,1161,150,394,544,1717
2681,1172,1172,1178,150,400,550,1722
2682,1167,1167,1172,150,405,555,1722
2683,1127,1161,1156,150,400,550,1711
2684,1189,1155,1150,150,395,545,1734
2685,1111,1145,1144,166.5,394,564,1689
2686,1156,1155,1161,158.25,400,557,1739
2687,1183,1150,1150,150,400,550,1733
2688,1156,1156,1156,150,400,550,1706
2689,1166,1166,1166,150,400,550,1716
2690,1167,1167,1162,150,395,545,1712
2691,1167,1167,1177,150,405,555,1722
2692,1183,1183,1173,150,395,545,1728
2693,1189,1189,1194,150,400,550,1739
2694,1156,1194,1189,150,395,550,1739
2695,1205,1167,1172,150,400,550,1755
2696,1167,1167,1167,150,400,550,1717
2697,1166,1166,1161,150,395,545,1711
2698,1162,1162,1167,150,400,550,1712
2699,1161,1161,1155,150,394,544,1705
2700,1144,1172,1178,167,400,564,1722
2701,1161,1167,1167,158.5,400,557,1745
2702,1200,1166,1166,150,400,550,1750
2703,1184,1184,1189,150,405,555,1739
2704,1177,1177,1172,150,400,550,1727
2705,1178,1173,1173,145,400,545,1723
2706,1183,1188,1183,150,395,545,1728
2707,1162,1162,1167,150,400,550,1712
2708,1144,1177,1177,150,400,547.5,1727
2709,1211,1178,1173,150,395,545,1756
2710,1178,1178,1183,150,400,550,1728
2711,1189,1189,1189,150,400,550,1739
2712,1133,1155,1155,150,400,572,1705
2713,1178,1156,1156,150,400,550,1728
2714,1178,1178,1178,150,400,550,1728
2715,1177,1177,1177,150,400,550,1727
2716,1167,1167,1162,150,395,545,1712
2717,1183,1183,1188,150,400,550,1733
2718,1173,1178,1178,155,400,555,1728
2719,1177,1172,1178,150,406,556,1733
2720,1162,1162,1156,150,400,550,1712
2721,1177,1172,1172,145,400,545,1722
2722,1128,1172,1172,147.5,400,547.5,1717
2723,1206,1167,1167,150,400,550,1756
2724,1133,1166,1166,150,400,550,1716
2725,1206,1173,1173,150,400,550,1756
2726,1166,1166,1172,150,406,556,1722
2727,1172,1172,1172,150,406,556,1728
2728,1139,1167,1156,150,395,573,1712
2729,1211,1183,1188,150,400,550,1761
2730,1167,1173,1173,156,400,556,1723
2731,1178,1172,1177,150,405,555,1733
2732,1167,1167,1156,150,394,544,1711
2733,1177,1177,1183,150,400,550,1727
2734,1167,1173,1173,156,400,556,1723
2735,1167,1161,1166,150,405,555,1722
2736,1183,1183,1178,150,400,550,1733
2737,1156,1189,1194,150,405,552.5,1744
2738,1211,1178,1178,150,405,555,1766
2739,1177,1172,1167,145,400,545,1722
2740,1189,1189,1194,145,405,550,1739
2741,1167,1205,1200,147.5,400,550,1750
2742,1217,1184,1184,150,400,550,1767
2743,1183,1183,1189,150,406,556,1739
2744,1194,1194,1183,150,395,545,1739
2745,1184,1184,1189,150,400,550,1734
2746,1189,1189,1189,150,400,550,1739
2747,1144,1177,1177,147.5,400,547.5,1727
2748,1211,1173,1173,145,400,545,1756
2749,1156,1194,1194,147.5,400,550.5,1739
2750,1205,1172,1178,150,406,556,1761
2751,1145,1173,1167,147,400,553,1723
2752,1211,1177,1183,144,406,550,1761
2753,1144,1178,1172,161,400,564,1722
2754,1167,1167,1167,155.5,400,557,1745
2755,1194,1166,1166,150,400,550,1744
2756,1178,1178,1178,150,400,550,1728
2757,1139,1172,1172,150,400,550,1722
2758,1200,1167,1167,150,400,550,1750
2759,1156,1156,1156,150,400,550,1706
2760,1177,1172,1172,145,400,545,1722
2761,1150,1189,1189,147.5,400,547.5,1734
2762,1217,1183,1183,150,400,550,1767
2763,1172,1167,1172,145,405,550,1722
2764,1189,1194,1189,150,400,550,1739
2765,1134,1167,1167,147,400,547,1717
2766,1194,1155,1155,144,400,544,1738
2767,1133,1167,1173,147,406,547,1717
2768,1200,1172,1166,150,400,550,1750
2769,1156,1184,1189,150,405,550,1739
2770,1194,1166,1161,150,400,550,1744
2771,1173,1167,1167,144,400,544,1717
2772,1150,1189,1189,164,400,564,1733
2773,1166,1167,1167,154,400,557,1750
2774,1206,1166,1172,144,406,550,1756
2775,1139,1178,1172,150,400,553,1722
2776,1216,1189,1189,156,400,556,1772
2777,1184,1178,1178,150,400,550,1734
2778,1166,1161,1161,145,400,545,1711
2779,1173,1178,1178,150,400,550,1723
2780,1150,1183,1183,150,400,550,1733
2781,1205,1172,1172,150,400,550,1755
2782,1178,1178,1183,150,405,555,1733
2783,1139,1172,1167,150,400,552.5,1722
2784,1194,1161,1161,150,400,550,1744
2785,1161,1161,1161,150,400,550,1711
2786,1167,1167,1167,150,400,550,1717
2787,1178,1178,1183,150,405,555,1733
2788,1172,1172,1173,150,406,556,1728
2789,1183,1183,1177,150,400,550,1733
2790,1178,1178,1178,150,400,550,1728
2791,1183,1183,1189,150,406,556,1739
2792,1200,1195,1200,145,403,556,1756
2793,1189,1189,1178,145,400,545,1734
2794,1161,1200,1200,147.5,400,547.5,1745
2795,1228,1194,1194,150,400,550,1778
2796,1178,1172,1172,144,400,544,1722
2797,1178,1184,1184,150,400,550,1728
2798,1189,1189,1194,150,405,555,1744
2799,1177,1177,1172,150,400,550,1727
2800,1173,1167,1167,144,400,544,1717
2801,1144,1183,1183,147,400,547,1727
2802,1200,1167,1167,150,400,550,1750
2803,1161,1161,1161,150,400,550,1711
2804,1172,1172,1172,150,400,550,1722
2805,1173,1173,1173,150,400,550,1723
2806,1172,1172,1172,150,400,550,1722
2807,1172,1167,1167,145,400,545,1717
2808,1167,1172,1172,150,400,550,1717
2809,1172,1172,1172,150,400,550,1722
2810,1167,1167,1167,150,400,550,1717
2811,1161,1161,1161,150,400,550,1711
2812,1150,1178,1178,167,400,567,1728
2813,1155,1161,1161,158.5,400,558.5,1739
2814,1195,1161,1161,150,400,550,1745
2815,1139,1172,1172,150,400,550,1722
2816,1183,1150,1150,150,400,550,1733
2817,1156,1156,1156,150,400,550,1706
2818,1166,1166,1166,150,400,550,1716
2819,1167,1167,1167,150,400,550,1717
2820,1155,1150,1155,145,405,550,1705
2821,1139,1178,1167,147.5,394,550,1717
2822,1206,1172,1178,150,400,550,1756
2823,1139,1172,1172,150,400,547.5,1722
2824,1194,1161,1156,150,395,545,1739
2825,1150,1184,1189,150,400,547.5,1734
2826,1206,1172,1172,150,400,550,1756
2827,1172,1172,1172,150,400,550,1722
2828,1183,1183,1178,150,395,545,1728
2829,1184,1189,1194,155,400,555,1739
2830,1183,1178,1184,150,406,556,1739
2831,1183,1183,1177,150,400,550,1733
2832,1173,1167,1161,144,394,538,1711
2833,1177,1183,1195,150,406,556,1733
2834,1173,1173,1167,150,400,550,1723
2835,1161,1161,1161,150,400,550,1711
2836,1166,1166,1172,150,406,556,1722
2837,1173,1173,1161,150,394,544,1717
2838,1144,1144,1156,150,406,556,1700
2839,1161,1161,1155,150,400,550,1711
2840,1133,1172,1178,150,406,550,1728
2841,1212,1173,1167,150,400,550,1762
2842,1195,1178,1175,145,405,550,1747.5
2843,1178,1183,1183,150,405,555,1733
2844,1167,1167,1167,150,405,555,1722
2845,1150,1144,1145,144,406,550,1700
2846,1127,1133,1127,150,400,550,1677
2847,1134,1134,1134,150,400,550,1684
2848,1139,1139,1144,150,405,555,1694
2849,1122,1155,1150,164,400,563.5,1705
2850,1183,1178,1172,157,394,572,1755
2851,1200,1172,1178,150,400,550,1750
2852,1167,1167,1161,150,394,544,1711
2853,1172,1172,1184,150,406,556,1728
2854,1172,1172,1166,150,400,550,1722
2855,1167,1167,1172,150,405,555,1722
2856,1178,1178,1173,150,400,550,1728
2857,1161,1161,1166,150,405,555,1716
2858,1161,1161,1161,150,405,555,1716
2859,1167,1161,1156,144,400,544,1711
2860,1138,1178,1183,147,405,544,1727
2861,1195,1161,1150,150,394,544,1739
2862,1155,1155,1156,150,395,545,1700
2863,1156,1156,1161,150,400,550,1706
2864,1144,1172,1172,150,400,553,1722
2865,1200,1172,1178,150,406,556,1756
2866,1200,1200,1194,150,400,550,1750
2867,1150,1189,1189,167,400,567,1739
2868,1189,1184,1184,158.5,400,558.5,1773
2869,1206,1172,1172,150,400,550,1756
2870,1189,1189,1189,150,400,550,1739
2871,1144,1172,1178,150,406,550,1728
2872,1200,1172,1166,150,400,550,1750
2873,1178,1178,1178,150,400,550,1728
2874,1144,1172,1178,150,406,550,1728
2875,1195,1167,1161,150,400,550,1745
2876,1178,1178,1178,150,400,550,1728
2877,1172,1172,1172,150,400,550,1722
2878,1161,1167,1167,156,400,556,1717
2879,1172,1166,1166,150,400,550,1722
2880,1122,1161,1161,150,400,547.5,1711
2881,1200,1161,1156,150,395,545,1745
2882,1167,1167,1172,150,400,550,1717
2883,1167,1167,1161,150,394,544,1711
2884,1183,1183,1189,150,400,550,1733
2885,1172,1172,1172,150,400,550,1722
2886,1173,1173,1167,150,394,544,1717
2887,1150,1183,1189,150,400,547,1733
2888,1211,1178,1178,150,400,550,1761
2889,1166,1166,1172,150,406,556,1722
2890,1139,1173,1172,166.5,405,569.5,1728
2891,1167,1166,1161,158.25,400,559.75,1750
2892,1150,1117,1117,150,400,550,1700
2893,1133,1128,1128,145,400,545,1678
2894,1134,1139,1133,150,394,544,1678
2895,1166,1166,1178,150,406,556,1722
2896,1139,1172,1166,150,400,550,1722
2897,1217,1184,1178,150,394,544,1761
2898,1166,1166,1178,150,406,556,1722
2899,1167,1167,1161,150,400,550,1717
2900,1178,1172,1172,144,400,544,1722
2901,1139,1173,1178,147,405,547,1722
2902,1211,1183,1178,150,400,550,1761
2903,1133,1167,1167,150,400,547.5,1717
2904,1211,1177,1172,150,395,545,1756
2905,1173,1173,1178,150,400,550,1723
2906,1172,1172,1172,150,400,550,1722
2907,1161,1161,1166,150,405,555,1716
2908,1167,1167,1162,150,400,550,1717
2909,1172,1177,1172,155,395,550,1722
2910,1172,1167,1172,150,400,550,1722
2911,1167,1167,1161,150,394,544,1711
2912,1077,1183,1189,153,400,550,1733
2913,1125,1200,1200,156,400,556,1744.5
2914,1173,1200,1200,153,400,553,1756
2915,1233,1200,1200,150,400,550,1783
2916,1217,1217,1222,150,405,555,1772
2917,1183,1183,1184,150,406,556,1739
2918,1161,1161,1161,150,406,556,1717
2919,1189,1189,1183,150,400,550,1739
2920,1200,1200,1206,150,406,556,1756
2921,1167,1194,1194,147,406,550,1750
2922,1222,1189,1183,144,400,544,1766
2923,1194,1200,1200,150,400,550,1744
2924,1156,1189,1195,150,406,550,1745
2925,1222,1189,1183,150,400,550,1772
2926,1183,1183,1189,150,406,556,1739
2927,1200,1200,1194,150,400,550,1750
2928,1178,1178,1178,150,400,550,1728
2929,1178,1172,1178,144,406,550,1728
2930,1172,1178,1172,150,400,550,1722
2931,1195,1195,1200,150,405,555,1750
2932,1189,1189,1189,150,405,555,1744
2933,1172,1172,1167,150,400,550,1722
2934,1183,1178,1178,145,400,545,1728
2935,1172,1177,1177,150,400,550,1722
2936,1184,1184,1189,150,405,555,1739
2937,1150,1183,1184,167,406,569.5,1739
2938,1177,1178,1172,158.5,400,562.75,1761
2939,1206,1172,1178,150,406,556,1762
2940,1167,1167,1161,150,400,550,1717
2941,1172,1172,1177,150,405,555,1727
2942,1167,1167,1162,150,400,550,1717
2943,1172,1172,1172,150,400,550,1722
2944,1178,1172,1172,144,400,544,1722
2945,1150,1189,1189,147,400,549.5,1733
2946,1211,1178,1183,150,405,555,1766
2947,1183,1183,1178,150,400,550,1733
2948,1194,1194,1194,150,400,550,1744
2949,1178,1184,1184,156,400,556,1734
2950,1178,1178,1183,156,405,561,1739
2951,1183,1177,1178,150,406,556,1739
2952,1189,1184,1178,145,400,545,1734
2953,1150,1194,1194,164,400,567,1739
2954,1189,1183,1189,157,406,561.5,1778
2955,1222,1189,1189,150,406,556,1778
2956,1184,1184,1183,150,405,555,1739
2957,1144,1172,1172,150,405,552.5,1727
2958,1211,1183,1178,150,400,550,1761
2959,1161,1161,1161,150,400,550,1711
2960,1161,1189,1189,166.5,400,566.5,1739
2961,1184,1189,1189,158.25,400,558.25,1767
2962,1222,1189,1189,150,400,550,1772
2963,1172,1172,1178,150,406,556,1728
2964,1189,1189,1178,150,395,545,1734
2965,1150,1183,1188,164,400,564.5,1733
2966,1183,1178,1184,157,406,559.75,1767
2967,1212,1184,1183,150,405,555,1767
2968,1172,1172,1167,150,400,550,1722
2969,1183,1189,1189,156,400,556,1739
2970,1139,1166,1166,153,400,553,1722
2971,1200,1167,1167,150,400,550,1750
2972,1172,1167,1167,145,400,545,1717
2973,1178,1183,1183,150,400,550,1728
2974,1178,1178,1183,150,405,555,1733
2975,1172,1172,1167,150,400,550,1722
2976,1178,1178,1183,150,405,555,1733
2977,1194,1194,1195,150,406,556,1750
2978,1167,1172,1166,155,400,555,1722
2979,1139,1167,1167,169.5,400,572,1722
2980,1166,1167,1172,159.75,405,561,1755
2981,1212,1178,1173,150,400,550,1762
2982,1166,1161,1166,145,405,550,1716
2983,1167,1172,1167,150,400,550,1717
2984,1183,1183,1183,150,400,550,1733
2985,1172,1172,1178,150,406,556,1728
2986,1178,1184,1178,156,400,556,1734
2987,1145,1172,1172,153,400,553,1728
2988,1205,1172,1172,150,400,550,1755
2989,1134,1161,1161,150,400,553,1711
2990,1194,1167,1173,150,406,556,1750
2991,1172,1172,1161,150,395,545,1717
2992,1156,1184,1194,153,405,550.5,1739
2993,1194,1172,1167,156,400,556,1750
2994,1178,1166,1166,144,400,544,1722
2995,1150,1184,1184,161,400,563.5,1728
2996,1178,1178,1183,158,405,559.25,1761
2997,1200,1177,1172,155,400,555,1755
2998,1172,1167,1161,150,394,544,1716
2999,1172,1172,1184,150,406,556,1728
3000,1139,1172,1172,150,406,555.5,1728
3001,1195,1162,1161,150,405,555,1750
3002,1172,1172,1172,150,405,555,1727
3003,1144,1178,1173,163.5,400,563.5,1728
3004,1184,1177,1172,156.75,395,572,1756
3005,1188,1161,1166,150,400,550,1738
3006,1173,1173,1173,150,400,550,1723
3007,1172,1177,1183,155,406,561,1733
3008,1172,1162,1156,145,400,545,1717
3009,1045,1172,1172,164.5,400,564.5,1717
3010,1266,1178,1178,157.25,400,554.25,1739
3011,1217,1183,1177,150,394,544,1761
3012,1200,1194,1206,144,406,550,1750
3013,1167,1206,1200,147,400,552.5,1750
3014,1233,1200,1205,150,405,555,1788
3015,1194,1194,1195,150,406,556,1750
3016,1184,1184,1172,150,394,544,1728
3017,1189,1189,1200,150,405,555,1744
3018,1150,1183,1178,150,400,552.5,1733
3019,1205,1172,1172,150,400,550,1755
3020,1183,1183,1189,150,406,556,1739
3021,1184,1184,1183,150,405,555,1739
3022,1139,1178,1173,150,400,552.5,1728
3023,1211,1172,1172,150,400,550,1761
3024,1166,1172,1172,156,400,556,1722
3025,1178,1172,1178,150,406,556,1734
3026,1167,1167,1161,150,400,550,1717
3027,1178,1178,1172,150,394,544,1722
3028,1172,1172,1178,150,400,550,1722
3029,1183,1189,1183,156,394,550,1733
3030,1178,1172,1178,150,400,550,1728
3031,1178,1178,1172,150,394,544,1722
3032,1161,1161,1167,150,400,550,1711
3033,1155,1155,1155,150,400,550,1705
3034,1178,1173,1178,145,405,550,1728
3035,1167,1172,1167,150,400,550,1717
3036,1155,1155,1161,150,406,556,1711
3037,1150,1150,1144,150,400,550,1700
3038,1189,1189,1189,150,400,550,1739
3039,1150,1150,1150,150,400,550,1700
3040,1139,1145,1145,156,400,556,1695
3041,1111,1139,1139,153,400,555.5,1695
3042,1184,1150,1155,150,405,555,1739
3043,1127,1161,1156,150,400,552.5,1711
3044,1195,1161,1161,150,400,550,1745
3045,1189,1189,1189,150,400,550,1739
3046,1178,1178,1183,150,405,555,1733
3047,1172,1172,1167,150,400,550,1722
3048,1178,1178,1183,150,405,555,1733
3049,1183,1183,1189,150,402.5,561,1744
3050,1178,1178,1167,150,400,550,1728
3051,1177,1177,1172,150,395,545,1722
3052,1173,1173,1178,150,400,550,1723
3053,1144,1177,1177,150,400,552.5,1727
3054,1195,1162,1167,150,405,555,1750
3055,1144,1172,1172,150,405,552.5,1727
3056,1194,1166,1161,150,400,550,1744
3057,1145,1178,1178,150,400,553,1728
3058,1205,1172,1178,150,406,556,1761
3059,1167,1167,1161,150,400,550,1717
3060,1183,1178,1178,145,400,545,1728
3061,1178,1183,1189,150,406,556,1734
3062,1172,1178,1166,156,394,550,1722
3063,1184,1183,1189,155,400,555,1739
3064,1175.5,1175,1178,150,400,550,1728
3065,1167,1167,1167,150,400,550,1717
3066,1178,1172,1172,144,400,544,1722
3067,1150,1189,1184,147,395,547,1728
3068,1211,1178,1183,150,400,550,1761
3069,1172,1167,1161,145,394,539,1711
3070,1172,1177,1178,150,395,545,1717
3071,1145,1145,1150,150,400,550,1695
3072,1155,1155,1161,150,406,556,1711
3073,1156,1150,1150,144,406,550,1706
3074,1139,1178,1178,147,406,550,1728
3075,1205,1172,1166,150,400,550,1755
3076,1167,1167,1173,150,406,556,1723
3077,1178,1172,1166,144,400,544,1722
3078,1167,1173,1173,150,400,550,1717
3079,1166,1166,1166,150,400,550,1716
3080,1167,1167,1167,150,400,550,1717
3081,1167,1167,1167,150,400,550,1717
3082,1138,1172,1172,150,400,553,1722
3083,1189,1155,1161,150,406,556,1745
3084,1150,1156,1144,156,394,550,1700
3085,1167,1161,1167,150,400,550,1717
3086,1139,1172,1178,150,406,550,1728
3087,1183,1150,1144,150,400,550,1733
3088,1106,1139,1139,167,400,567,1689
3089,1166,1167,1167,158.5,400,558.5,1750
3090,1206,1172,1172,150,400,550,1756
3091,1172,1178,1178,156,400,556,1728
3092,1184,1178,1178,150,400,550,1734
3093,1177,1177,1177,150,400,550,1727
3094,1178,1178,1178,150,400,550,1728
3095,1172,1172,1172,150,400,550,1722
3096,1178,1178,1178,150,400,550,1728
3097,1183,1183,1189,150,406,556,1739
3098,1167,1173,1167,156,400,556,1723
3099,1172,1166,1166,150,400,550,1722
3100,1167,1173,1167,156,394,550,1717
3101,1156,1183,1194,153,405,550,1744
3102,1216,1183,1178,150,400,550,1766
3103,1167,1167,1167,150,400,550,1717
3104,1167,1172,1172,155,400,555,1722
3105,1172,1172,1172,155,400,555,1727
3106,1172,1167,1167,150,400,550,1722
3107,1156,1156,1156,150,400,550,1706
3108,1161,1161,1166,150,405,555,1716
3109,1161,1161,1156,150,400,550,1711
3110,1161,1161,1155,150,394,544,1705
3111,1167,1167,1167,150,394,544,1711
3112,1122,1155,1161,150,400,544.5,1705
3113,1194,1161,1156,150,395,545,1739
3114,1161,1161,1172,150,406,556,1717
3115,1184,1184,1178,150,400,550,1734
3116,1177,1183,1183,156,400,556,1733
3117,1162,1156,1161,150,405,555,1717
3118,1183,1183,1172,150,394,544,1727
3119,1178,1178,1184,150,400,550,1728
3120,1127,1161,1166,150,405,550,1716
3121,1189,1155,1150,150,400,550,1739
3122,1161,1161,1150,150,389,539,1700
3123,1156,1162,1173,156,400,556,1712
3124,1167,1161,1166,150,405,555,1722
3125,1139,1139,1139,150,405,555,1694
3126,1138,1138,1133,150,400,550,1688
3127,1123,1150,1156,150,406,550,1706
3128,1189,1162,1156,150,400,550,1739
3129,1166,1166,1166,150,400,550,1716
3130,1150,1189,1189,150,400,550,1739
3131,1222,1183,1183,150,400,550,1772
3132,1178,1178,1173,150,395,545,1723
3133,1178,1184,1189,156,400,556,1734
3134,1183,1177,1183,150,406,556,1739
3135,1139,1173,1167,150,400,553,1723
3136,1211,1177,1177,150,400,550,1761
3137,1173,1173,1173,150,400,550,1723
3138,1155,1161,1161,156,400,556,1711
3139,1167,1155,1161,144,406,550,1717
3140,1161,1167,1155,150,394,544,1705
3141,1172,1172,1178,150,400,550,1722
3142,1128,1161,1161,150,400,547.5,1711
3143,1194,1161,1156,150,395,545,1739
3144,1145,1173,1178,164,400,564.5,1723
3145,1166,1166,1172,157,406,559.75,1750
3146,1195,1167,1166,150,405,555,1750
3147,1172,1167,1167,145,405,550,1722
3148,1167,1172,1167,150,400,550,1717
3149,1155,1183,1178,150,395,573,1728
3150,1223,1195,1205,150,405,555,1778
3151,1205,1205,1195,150,395,545,1750
3152,1217,1222,1227,155,400,555,1772
3153,1200,1195,1200,150,405,555,1755
3154,1189,1183,1184,144,406,550,1739
3155,1189,1200,1194,155,400,555,1744
3156,1183,1183,1189,155,406,561,1744
3157,1167,1162,1156,150,400,550,1717
3158,1144,1177,1177,166.5,400,572,1727
3159,1189,1189,1200,158.25,405.5,566.5,1783
3160,1217,1184,1184,150,405.25,561,1778
3161,1172,1172,1166,150,405,555,1727
3162,1183,1183,1184,150,406,556,1739
3163,1156,1156,1144,150,394,544,1700
3164,1155,1155,1167,150,406,556,1711
3165,1178,1178,1172,150,400,550,1728
3166,1150,1183,1189,150,406,550,1739
3167,1200,1167,1161,150,400,550,1750
3168,1161,1161,1156,150,395,545,1706
3169,1172,1172,1177,150,400,550,1722
3170,1178,1178,1178,150,400,550,1728
3171,1133,1167,1172,150,405,547,1722
3172,1206,1172,1161,150,394,544,1750
3173,1128,1161,1173,150,406,550,1717
3174,1194,1161,1161,150,406,556,1750
3175,1172,1172,1166,150,400,550,1722
3176,1173,1173,1167,150,394,544,1717
3177,1150,1183,1195,164,406,563.5,1739
3178,1194,1189,1188,157,405,554.25,1777
3179,1200,1172,1162,150,395,545,1745
3180,1178,1178,1188,150,405,555,1733
3181,1172,1172,1167,150,400,550,1722
3182,1167,1167,1161,150,394,544,1711
3183,1155,1155,1156,150,395,545,1700
3184,1128,1161,1161,150,395,550,1706
3185,1178,1145,1155,150,405,555,1733
3186,1161,1161,1156,150,400,550,1711
3187,1156,1156,1150,150,394,544,1700
3188,1127,1161,1167,164,400,561,1711
3189,1167,1161,1161,157,400,555.5,1745
3190,1183,1155,1155,150,400,550,1733
3191,1156,1156,1156,150,400,550,1706
3192,1133,1167,1167,150,400,553,1717
3193,1200,1166,1172,150,406,556,1756
3194,1150,1150,1139,150,395,545,1695
3195,1161,1161,1161,150,395,545,1706
3196,1123,1156,1161,150,400,547.5,1706
3197,1188,1155,1155,150,400,550,1738
3198,1162,1162,1162,150,400,550,1712
3199,1166,1166,1166,150,400,550,1716
3200,1161,1161,1161,150,400,550,1711
3201,1139,1167,1161,150,394,572,1711
3202,1200,1172,1184,150,406,556,1756
3203,1156,1156,1150,150,400,550,1706
3204,1161,1161,1166,150,405,555,1716
3205,1150,1178,1167,150,394,572,1722
3206,1200,1172,1183,150,405,555,1755
3207,1133,1161,1156,152.5,400,555,1711
3208,1184,1161,1161,155,400,555,1739
3209,1161,1150,1156,144,406,550,1711
3210,1150,1150,1144,144,400,544,1694
3211,1150,1156,1150,150,394,544,1694
3212,1150,1150,1161,150,405,555,1705
3213,1150,1150,1150,150,405,555,1705
3214,1155,1161,1150,156,394,550,1705
3215,1156,1150,1150,150,394,544,1700
3216,1122,1122,1117,150,389,539,1661
3217,1056,1094,1089,167,389,572,1628
3218,1088,1084,1089,158.5,389,573,1661
3219,1106,1072,1066,150,386,533,1639
3220,1061,1056,1056,145,390,528,1589
3221,1050,1050,1061,145,394,539,1589
3222,1052.5,1061,1056,161.5,389,553,1595
3223,1055,1044,1044,172.75,389,567,1622
3224,1039,1045,1050,161.375,394,556,1617
3225,1072,1042,1041.5,150,395,545,1617
3226,1034,1035,1034.75,155,389,544,1594.5
3227,1039,1040,1045.375,169.5,389,572,1611.25
3228,1044,1045,1056,159.75,400,555.5,1628
3229,1095,1061,1050,150,389,539,1634
3230,1072,1072,1077,150,394,544,1616
3231,1055,1083,1084,166.5,395,573,1628
3232,1095,1100,1100,161.25,395,558.5,1673
3233,1161,1134,1127,156,388,544,1705
3234,1150,1144,1145,150,389,539,1689
3235,1156,1161,1167,155,395,550,1706
3236,1166,1161,1161,150,395,545,1711
3237,1150,1150,1150,150,395,545,1695
3238,1156,1156,1155,150,394,544,1700
3239,1155,1155,1156,150,395,545,1700
3240,1161,1167,1172,156,400,556,1717
3241,1178,1172,1167,150,395,545,1723
3242,1161,1161,1155,150,389,539,1700
3243,1167,1167,1178,150,400,550,1717
3244,1172,1172,1172,150,400,550,1722
3245,1172,1167,1167,145,400,545,1717
3246,1167,1172,1167,150,395,545,1712
3247,1189,1189,1188,150,394,544,1733
3248,1178,1178,1178,150,394,544,1722
3249,1178,1178,1178,150,394,544,1722
3250,1183,1183,1189,150,400,550,1733
3251,1178,1178,1172,150,394,544,1722
3252,1177,1177,1172,150,389,539,1716
3253,1178,1178,1195,150,406,556,1734
3254,1167,1167,1155,150,394,544,1711
3255,1144,1144,1150,150,400,550,1694
3256,1161,1167,1161,156,394,550,1711
3257,1145,1172,1173,153,395,547.5,1723
3258,1205,1172,1172,150,395,545,1750
3259,1195,1195,1200,150,400,550,1745
3260,1178,1178,1178,150,400,550,1728
3261,1189,1189,1183,150,394,544,1733
3262,1183,1183,1189,150,400,550,1733
3263,1183,1189,1183,156,394,550,1733
3264,1161,1161,1161,156,394,550,1711
3265,1161,1150,1150,145,394,539,1700
3266,1156,1161,1167,150,400,550,1706
3267,1156,1156,1156,150,400,550,1706
3268,1155,1155,1150,150,395,545,1700
3269,1156,1156,1161,150,400,550,1706
3270,1166,1166,1166,150,400,550,1716
3271,1178,1178,1178,150,400,550,1728
3272,1189,1189,1178,150,389,539,1728
3273,1156,1183,1189,150,395,572,1728
3274,1211,1184,1189,150,400,550,1761
3275,1166,1166,1166,150,400,550,1716
3276,1167,1167,1161,150,394,544,1711
3277,1144,1144,1150,150,400,550,1694
3278,1156,1156,1156,150,400,550,1706
3279,1144,1144,1139,150,395,545,1689
3280,1128,1162,1161,152.5,394,547.5,1706
3281,1206,1177,1178,155,395,550,1756
3282,1183,1178,1178,150,395,545,1728
3283,1189,1189,1194,150,400,550,1739
3284,1172,1172,1172,150,400,550,1722
3285,1139,1172,1167,150,395,550,1717
3286,1200,1167,1172,150,400,550,1750
3287,1150,1178,1178,150,400,550,1728
3288,1195,1167,1167,150,400,550,1745
3289,1166,1166,1161,150,395,545,1711
3290,1184,1189,1189,155,395,550,1734
3291,1166,1161,1166,150,400,550,1716
3292,1167,1167,1161,150,394,544,1711
3293,1167,1167,1167,150,394,544,1711
3294,1161,1161,1167,150,400,550,1711
3295,1172,1172,1172,150,400,550,1722
3296,1144,1144,1139,150,395,545,1689
3297,1156,1156,1155,150,394,544,1700
3298,1150,1150,1150,150,394,544,1694
3299,1133,1161,1161,152.5,394,572,1705
3300,1184,1161,1162,155,395,550,1734
3301,1166,1161,1155,150,389,539,1705
3302,1128,1161,1172,147,400,541.5,1711
3303,1200,1161,1161,144,400,544,1744
3304,1156,1162,1156,150,394,544,1700
3305,1166,1166,1167,150,395,545,1711
3306,1167,1172,1172,155,395,550,1717
3307,1172,1167,1178,150,406,556,1728
3308,1178,1178,1166,150,394,544,1722
3309,1172,1178,1178,156,394,550,1722
3310,1183,1177,1189,150,406,556,1739
3311,1178,1178,1167,150,395,545,1723
3312,1189,1184,1189,145,400,545,1734
3313,1178,1183,1183,150,400,550,1728
3314,1167,1167,1161,150,394,544,1711
3315,1172,1172,1178,150,400,550,1722
3316,1183,1183,1189,150,406,556,1739
3317,1150,1183,1177,150,400,550.5,1733
3318,1211,1178,1173,150,395,545,1756
3319,1172,1172,1177,150,400,550,1722
3320,1178,1173,1173,145,400,545,1723
3321,1156,1161,1155,150,394,544,1700
3322,1166,1172,1167,156,389,545,1711
3323,1145,1139,1150,150,400,550,1695
3324,1150,1150,1144,150,394,544,1694
3325,1150,1150,1150,150,394,544,1694
3326,1144,1139,1145,145,400,545,1689
3327,1128,1139,1128,156,389,545,1673
3328,1150,1144,1150,150,395,545,1695
3329,1122,1150,1150,150,395,573,1695
3330,1189,1161,1166,150,400,550,1739
3331,1167,1167,1167,150,400,550,1717
3332,1167,1167,1161,150,394,544,1711
3333,1150,1183,1189,150,400,544.5,1733
3334,1216,1183,1178,150,395,545,1761
3335,1167,1167,1172,150,400,550,1717
3336,1178,1178,1172,150,394,544,1722
3337,1166,1166,1172,150,400,550,1716
3338,1167,1167,1161,150,394,544,1711
3339,1161,1161,1162,150,395,545,1706
3340,1156,1156,1161,150,400,550,1706
3341,1155,1150,1144,145,394,539,1694
3342,1161,1166,1172,150,400,550,1711
3343,1167,1167,1167,150,400,550,1717
3344,1167,1167,1167,150,400,550,1717
3345,1166,1166,1161,150,395,545,1711
3346,1156,1161,1161,155,395,550,1706
3347,1189,1184,1189,150,400,550,1739
3348,1139,1172,1172,150,400,550,1722
3349,1227,1194,1194,150,400,550,1777
3350,1178,1178,1178,150,400,550,1728
3351,1172,1172,1172,150,400,550,1722
3352,1178,1178,1173,150,395,545,1723
3353,1161,1156,1166,145,405,550,1711
3354,1167,1172,1167,150,400,550,1717
3355,1172,1172,1172,150,400,550,1722
3356,1172,1172,1167,150,395,545,1717
3357,1189,1189,1194,150,400,550,1739
3358,1184,1184,1184,150,400,550,1734
3359,1177,1183,1177,156,394,550,1727
3360,1200,1194,1195,150,395,545,1745
3361,1195,1195,1205,150,405,555,1750
3362,1178,1178,1173,150,400,550,1728
3363,1172,1172,1166,150,394,544,1716
3364,1144,1178,1184,150,400,547,1728
3365,1206,1172,1172,150,400,550,1756
3366,1161,1167,1155,156,388,544,1705
3367,1178,1172,1178,150,394,544,1722
3368,1144,1144,1150,150,400,550,1694
3369,1150,1150,1139,150,389,539,1689
3370,1134,1134,1145,150,400,550,1684
3371,1138,1138,1138,150,400,550,1688
3372,1128,1128,1128,150,400,550,1678
3373,1128,1128,1122,150,394,544,1672
3374,1150,1150,1156,150,400,550,1700
3375,1156,1150,1150,144,400,544,1700
3376,1155,1161,1161,150,400,550,1705
3377,1172,1172,1172,150,400,550,1722
3378,1178,1178,1184,150,406,556,1734
3379,1178,1183,1177,155,400,555,1733
3380,1183,1178,1173,150,395,545,1728
3381,1167,1161,1166,144,400,544,1711
3382,1172,1178,1178,150,400,550,1722
3383,1172,1172,1178,150,406,556,1728
3384,1161,1161,1155,150,400,550,1711
3385,1162,1162,1162,150,400,550,1712
3386,1166,1166,1166,150,400,550,1716
3387,1156,1156,1156,150,400,550,1706
3388,1172,1172,1161,150,389,539,1711
3389,1172,1172,1178,150,395,545,1717
3390,1167,1172,1172,155,395,550,1717
3391,1167,1162,1161,150,394,544,1711
3392,1161,1166,1167,155,395,550,1711
3393,1172,1167,1172,150,400,550,1722
3394,1155,1155,1150,150,395,545,1700
3395,1167,1167,1167,150,395,545,1712
3396,1156,1156,1161,150,400,550,1706
3397,1161,1161,1161,150,400,550,1711
3398,1161,1161,1161,150,400,550,1711
3399,1183,1178,1178,145,400,545,1728
3400,1178,1183,1183,150,400,550,1728
3401,1189,1189,1194,150,405,555,1744
3402,1155,1155,1145,150,395,545,1700
3403,1173,1173,1178,150,400,550,1723
3404,1177,1177,1177,150,400,550,1727
3405,1167,1167,1167,150,400,550,1717
3406,1167,1167,1161,150,394,544,1711
3407,1178,1178,1184,150,400,550,1728
3408,1166,1166,1166,150,400,550,1716
3409,1172,1167,1172,145,405,550,1722
3410,1167,1172,1167,150,400,550,1717
3411,1172,1172,1178,150,406,556,1728
3412,1167,1167,1155,150,394,544,1711
3413,1167,1172,1178,155,400,555,1722
3414,1177,1172,1172,150,400,550,1727
3415,1162,1167,1162,155,395,550,1712
3416,1177,1172,1172,150,395,545,1722
3417,1145,1178,1183,150,400,547.5,1728
3418,1205,1172,1172,150,400,550,1755
3419,1178,1178,1178,150,400,550,1728
3420,1172,1178,1178,156,400,556,1728
3421,1167,1167,1167,156,400,556,1723
3422,1133,1161,1161,169.5,400,572.5,1717
3423,1167,1166,1172,176.25,406,580.75,1756
3424,1167,1167,1167,180.125,406,582.375,1756
3425,1166,1167,1161,165.062,400,566.188,1750
3426,1206,1172,1172,150,400,550,1756
3427,1161,1167,1161,156,394,550,1711
3428,1156,1155,1161,155,400,555,1711
3429,1161,1156,1156,150,400,550,1711
3430,1144,1177,1166,150,389,572,1716
3431,1183,1150,1161,150,400,550,1733
3432,1162,1162,1156,150,394,544,1706
3433,1150,1150,1156,150,400,550,1700
3434,1161,1161,1161,150,400,550,1711
3435,1166,1166,1172,150,406,556,1722
3436,1161,1161,1150,150,395,545,1706
3437,1184,1184,1189,150,400,550,1734
3438,1183,1183,1183,150,400,550,1733
3439,1178,1178,1178,150,400,550,1728
3440,1172,1172,1167,150,395,545,1717
3441,1167,1167,1177,150,405,555,1722
3442,1172,1172,1167,150,400,550,1722
3443,1167,1167,1161,150,394,544,1711
3444,1172,1172,1178,150,400,550,1722
3445,1172,1172,1172,150,400,550,1722
3446,1172,1172,1178,150,406,556,1728
3447,1161,1161,1155,150,400,550,1711
3448,1145,1178,1184,152.5,406,550,1734
3449,1189,1161,1150,155,395,550,1739
3450,1161,1156,1155,150,394,544,1705
3451,1167,1167,1173,150,400,550,1717
3452,1177,1177,1172,150,395,545,1722
3453,1167,1167,1170,150,398,548,1715
3454,1161,1161,1163,150,400,550,1711
3455,1172,1172,1167,150,395,545,1717
3456,1167,1173,1178,156,400,556,1723
3457,1183,1177,1172,150,395,545,1728
3458,1156,1156,1161,150,400,550,1706
3459,1172,1172,1172,150,400,550,1722
3460,1172,1172,1172,150,400,550,1722
3461,1178,1184,1178,156,394,550,1728
3462,1172,1166,1172,150,400,550,1722
3463,1161,1161,1161,150,400,550,1711
3464,1173,1173,1173,150,400,550,1723
3465,1155,1155,1150,150,395,545,1700
3466,1156,1156,1155,150,394,544,1700
3467,1178,1178,1189,150,405,555,1733
3468,1172,1177,1172,155,400,555,1727
3469,1150,1173,1173,149.5,400,552.5,1728
3470,1222,1188,1194,144,406,550,1772
3471,1178,1184,1183,150,405,555,1733
3472,1189,1189,1178,150,394,544,1733
3473,1172,1172,1172,150,394,544,1716
3474,1172,1172,1184,150,406,556,1728
3475,1167,1172,1166,155,400,555,1722
3476,1166,1161,1161,150,400,550,1716
3477,1156,1150,1150,144,400,544,1700
3478,1122,1150,1150,147,400,572,1694
3479,1167,1145,1139,150,394,544,1711
3480,1144,1144,1150,150,400,550,1694
3481,1156,1156,1161,150,405,555,1711
3482,1167,1172,1167,155,400,555,1722
3483,1172,1167,1161,150,394,544,1716
3484,1189,1189,1195,150,400,550,1739
3485,1194,1194,1194,150,400,550,1744
3486,1189,1189,1195,150,406,556,1745
3487,1150,1183,1183,150,406,556,1739
3488,1222,1189,1189,150,406,556,1778
3489,1178,1178,1178,150,406,556,1734
3490,1172,1172,1172,150,406,556,1728
3491,1167,1167,1172,150,403,561,1728
3492,1161,1161,1150,150,400,550,1711
3493,1178,1178,1178,150,400,550,1728
3494,1150,1150,1155,150,405,555,1705
3495,1161,1155,1150,144,400,544,1705
3496,1150,1156,1156,150,400,550,1700
3497,1155,1155,1155,150,400,550,1705
3498,1167,1167,1167,150,400,550,1717
3499,1150,1156,1161,156,405,561,1711
3500,1122,1150,1145,153,400,555.5,1706
3501,1195,1161,1161,150,400,550,1745
3502,1155,1155,1155,150,400,550,1705
3503,1150,1150,1156,150,406,556,1706
3504,1161,1161,1150,150,395,545,1706
3505,1134,1162,1167,150,400,544.5,1712
3506,1200,1172,1166,150,394,544,1744
3507,1161,1161,1167,150,400,550,1711
3508,1155,1155,1155,150,400,550,1705
3509,1162,1162,1162,150,400,550,1712
3510,1155,1155,1161,150,406,556,1711
3511,1161,1167,1155,156,394,550,1711
3512,1167,1161,1172,150,405,555,1722
3513,1161,1161,1156,150,400,550,1711
3514,1161,1161,1161,150,400,550,1711
3515,1161,1161,1156,150,395,545,1706
3516,1172,1172,1177,150,400,550,1722
3517,1173,1173,1178,150,405,555,1728
3518,1166,1166,1161,150,400,550,1716
3519,1167,1167,1167,150,400,550,1717
3520,1156,1156,1161,150,405,555,1711
3521,1150,1150,1145,150,400,550,1700
3522,1183,1177,1177,144,400,544,1727
3523,1172,1178,1178,150,400,550,1722
3524,1178,1178,1178,150,400,550,1728
3525,1183,1183,1178,150,395,545,1728
3526,1195,1195,1200,150,400,550,1745
3527,1172,1166,1172,144,406,550,1722
3528,1155,1161,1155,150,400,550,1705
3529,1156,1156,1156,150,400,550,1706
3530,1172,1172,1172,150,400,550,1722
3531,1167,1167,1172,150,405,555,1722
3532,1161,1161,1156,150,400,550,1711
3533,1167,1167,1172,150,405,555,1722
3534,1161,1161,1156,150,400,550,1711
3535,1166,1166,1161,150,395,545,1711
3536,1167,1167,1172,150,400,550,1717
3537,1167,1167,1172,150,405,555,1722
3538,1161,1161,1156,150,400,550,1711
3539,1155,1155,1161,150,406,556,1711
3540,1167,1167,1161,150,400,550,1717
3541,1167,1167,1167,150,400,550,1717
3542,1155,1155,1144,150,389,539,1694
3543,1156,1156,1172,150,405,555,1711
3544,1161,1161,1156,150,400,550,1711
3545,1133,1167,1167,150,400,550,1717
3546,1200,1166,1166,150,400,550,1750
3547,1173,1173,1173,150,400,550,1723
3548,1172,1166,1172,144,406,550,1722
3549,1139,1172,1166,147,400,552.5,1716
3550,1189,1162,1167,150,405,555,1744
3551,1166,1166,1150,150,389,539,1705
3552,1178,1178,1189,150,400,550,1728
3553,1139,1172,1172,150,400,547,1722
3554,1200,1167,1161,150,394,544,1744
3555,1155,1155,1167,150,406,556,1711
3556,1167,1167,1161,150,400,550,1717
3557,1167,1167,1167,150,400,550,1717
3558,1166,1166,1166,150,400,550,1716
3559,1178,1178,1178,150,400,550,1728
3560,1189,1184,1189,145,405,550,1739
3561,1172,1177,1178,150,406,556,1728
3562,1167,1167,1161,150,400,550,1717
3563,1183,1178,1183,145,405,550,1733
3564,1167,1172,1173,150,406,556,1723
3565,1178,1178,1172,150,400,550,1728
3566,1166,1166,1172,150,406,556,1722
3567,1173,1173,1172,150,405,555,1728
3568,1177,1177,1172,150,400,550,1727
3569,1167,1167,1167,150,400,550,1717
3570,1178,1178,1172,150,394,544,1722
3571,1172,1178,1178,156,394,550,1722
3572,1161,1155,1156,150,395,545,1706
3573,1172,1167,1177,145,405,550,1722
3574,1145,1183,1178,147.5,400,550,1728
3575,1205,1172,1172,150,400,550,1755
3576,1162,1167,1167,155,400,555,1717
3577,1155,1183,1189,152.5,406,552.5,1744
3578,1222,1189,1183,150,400,550,1772
3579,1184,1184,1184,150,400,550,1734
3580,1200,1200,1200,150,400,550,1750
3581,1200,1200,1205,150,405,555,1755
3582,1194,1194,1195,150,406,556,1750
3583,1200,1200,1200,150,406,556,1756
3584,1195,1195,1189,150,400,550,1745
3585,1183,1177,1183,144,406,550,1733
3586,1183,1189,1178,150,395,545,1728
3587,1195,1195,1205,150,405,555,1750
3588,1189,1189,1189,150,405,555,1744
3589,1183,1183,1178,150,400,550,1733
3590,1189,1189,1194,150,405,555,1744
3591,1178,1178,1173,150,400,550,1728
3592,1172,1172,1177,150,405,555,1727
3593,1200,1200,1200,150,405,555,1755
3594,1178,1178,1178,150,405,555,1733
3595,1166,1166,1161,150,400,550,1716
3596,1161,1161,1167,150,406,556,1717
3597,1178,1178,1178,150,406,556,1734
3598,1178,1178,1177,150,405,555,1733
3599,1189,1194,1189,155,400,555,1744
3600,1155,1173,1178,152.5,405,555.5,1733
3601,1211,1188,1189,150,406,556,1767
3602,1167,1167,1172,150,406,561,1728
3603,1139,1172,1167,166.5,406,575,1728
3604,1178,1178,1178,158.25,406,565.5,1767
3605,1205,1172,1172,150,406,556,1761
3606,1161,1161,1161,150,406,556,1717
3607,1173,1167,1161,144,400,544,1717
3608,1166,1172,1172,150,400,550,1716
3609,1161,1161,1167,150,406,556,1717
3610,1167,1173,1161,156,394,550,1717
3611,1161,1155,1161,150,400,550,1711
3612,1161,1161,1167,150,406,556,1717
3613,1167,1167,1172,150,400,561,1728
3614,1172,1178,1161,156,394,550,1722
3615,1184,1178,1184,150,400,550,1734
3616,1188,1188,1194,150,406,556,1744
3617,1184,1184,1183,150,405,555,1739
3618,1189,1189,1184,150,400,550,1739
3619,1177,1177,1183,150,406,556,1733
3620,1173,1173,1172,150,405,555,1728
3621,1172,1177,1172,155,400,555,1727
3622,1161,1156,1156,150,400,550,1711
3623,1161,1161,1161,150,400,550,1711
3624,1172,1172,1172,150,400,550,1722
3625,1167,1167,1167,150,400,550,1717
3626,1189,1189,1183,150,394,544,1733
3627,1161,1183,1200,152.5,397,549.5,1744
3628,1217,1200,1189,155,400,555,1772
3629,1189,1184,1184,150,400,550,1739
3630,1166,1166,1177,150,397,561,1727
3631,1172,1178,1161,156,394,550,1722
3632,1173,1172,1178,155,400,555,1728
3633,1177,1172,1178,150,406,556,1733
3634,1162,1162,1161,150,405,555,1717
3635,1177,1177,1172,150,400,550,1727
3636,1167,1167,1173,150,406,556,1723
3637,1178,1178,1177,150,405,555,1733
3638,1194,1194,1195,150,406,556,1750
3639,1184,1184,1183,150,405,555,1739
3640,1177,1177,1172,150,400,550,1727
3641,1184,1184,1184,150,400,550,1734
3642,1177,1177,1183,150,406,556,1733
3643,1189,1189,1183,150,400,550,1739
3644,1167,1167,1173,150,406,556,1723
3645,1178,1183,1177,155,400,555,1733
3646,1183,1178,1173,150,395,545,1728
3647,1195,1189,1200,144,406,550,1745
3648,1183,1189,1183,150,400,550,1733
3649,1155,1183,1183,150,400,550,1733
3650,1212,1184,1184,150,400,550,1762
3651,1183,1183,1188,150,405,555,1738
3652,1167,1167,1173,150,405,561,1728
3653,1172,1172,1166,150,405,555,1727
3654,1178,1178,1178,150,405,555,1733
3655,1188,1188,1183,150,400,550,1738
3656,1162,1195,1195,202.5,400,608,1745
3657,1111,1183,1194,176.25,403,582,1777
3658,1294,1189,1184,150,406,556,1747
3659,1128,1161,1161,166.5,406,572.5,1717
3660,1178,1178,1178,158.25,406,564.25,1767
3661,1216,1183,1183,150,406,556,1772
3662,1173,1173,1172,150,405,555,1728
3663,1166,1166,1161,150,400,550,1716
3664,1134,1161,1167,150,406,550,1717
3665,1194,1167,1161,150,400,550,1744
3666,1161,1161,1161,150,400,550,1711
3667,1167,1167,1172,150,405,555,1722
3668,1172,1178,1178,156,405,561,1733
3669,1178,1177,1172,155,400,555,1733
3670,1178,1173,1173,150,400,550,1728
3671,1177,1177,1177,150,400,550,1727
3672,1173,1173,1178,150,405,555,1728
3673,1172,1172,1172,150,405,555,1727
3674,1172,1172,1167,150,400,550,1722
3675,1172,1172,1178,150,406,556,1728
3676,1167,1167,1166,150,405,555,1722
3677,1175,1175,1169,150,402.5,561,1727.5
3678,1183,1183,1172,150,400,550,1733
3679,1178,1178,1178,150,400,550,1728
3680,1178,1178,1178,150,400,550,1728
3681,1155,1177,1189,167,402.5,569.5,1739
3682,1161,1173,1166,158.5,405,562.75,1750
3683,1228,1194,1195,150,406,556,1784
3684,1172,1172,1172,150,406,556,1728
3685,1161,1161,1155,150,400,550,1711
3686,1162,1162,1162,150,400,550,1712
3687,1166,1166,1166,150,400,550,1716
3688,1161,1161,1167,150,406,556,1717
3689,1150,1150,1150,150,406,556,1706
3690,1134,1167,1167,150,406,556,1723
3691,1183,1150,1150,150,406,556,1739
3692,1161,1161,1155,150,400,550,1711
3693,1150,1156,1156,156,400,556,1706
3694,1167,1161,1166,150,405,555,1722
3695,1161,1155,1156,144,406,550,1711
3696,1155,1161,1161,150,406,556,1711
3697,1134,1167,1156,153,395,556,1712
3698,1205,1178,1183,156,400,556,1761
3699,1178,1172,1178,150,406,556,1734
3700,1183,1183,1177,150,400,550,1733
3701,1173,1173,1178,150,405,555,1728
3702,1177,1177,1178,150,406,556,1733
3703,1173,1178,1172,155,400,555,1728
3704,1177,1172,1184,150,400,562,1739
3705,1173,1173,1161,150,400,550,1723
3706,1166,1166,1166,150,400,550,1716
3707,1173,1167,1167,144,400,544,1717
3708,1166,1178,1178,156,400,556,1722
3709,1172,1166,1172,150,406,556,1728
3710,1162,1162,1156,150,400,550,1712
3711,1172,1172,1183,150,400,561,1733
3712,1155,1155,1144,150,400,550,1705
3713,1173,1173,1167,150,394,544,1717
3714,1183,1183,1183,150,394,544,1727
3715,1183,1183,1200,150,399.5,561,1744
3716,1189,1195,1189,156,405,561,1750
3717,1178,1172,1167,150,400,550,1728
3718,1183,1183,1189,150,406,556,1739
3719,1172,1178,1172,156,400,556,1728
3720,1173,1167,1172,150,405,555,1728
3721,1139,1172,1172,152.5,405,558,1727
3722,1200,1172,1173,155,406,561,1761
3723,1177,1167,1166,145,405,550,1727
3724,1156,1166,1161,155,400,555,1711
3725,1144,1173,1173,152.5,400,555.5,1728
3726,1211,1177,1183,150,406,556,1767
3727,1167,1167,1172,150,405.5,561,1728
3728,1167,1167,1161,150,405,555,1722
3729,1172,1172,1173,150,406,556,1728
3730,1178,1178,1177,150,405,555,1733
3731,1178,1178,1178,150,405,555,1733
3732,1183,1183,1172,150,394,544,1727
3733,1183,1183,1189,150,400,550,1733
3734,1156,1184,1189,166.5,405,572.5,1739
3735,1183,1188,1195,174.75,402.5,577.75,1778
3736,1178,1178,1166,159.375,400,566.375,1761
3737,1200,1161,1172,144,405.5,555,1755
3738,1172,1178,1178,150,405.25,561,1733
3739,1178,1178,1172,150,405,555,1733
3740,1161,1161,1156,150,400,550,1711
3741,1156,1150,1156,144,406,550,1706
3742,1155,1161,1161,150,406,556,1711
3743,1167,1161,1161,144,406,550,1717
3744,1172,1172,1172,144,406,550,1722
3745,1178,1184,1183,150,405,555,1733
3746,1178,1178,1173,150,400,550,1728
3747,1138,1172,1177,152.5,405,555.5,1727
3748,1195,1166,1167,155,406,561,1756
3749,1172,1167,1167,150,406,556,1728
3750,1161,1161,1161,150,406,556,1717
3751,1178,1178,1172,150,400,550,1728
3752,1172,1178,1178,156,400,556,1728
3753,1189,1178,1183,145,405,550,1739
3754,1145,1183,1183,147.5,405,553,1733
3755,1216,1183,1184,150,406,556,1772
3756,1184,1184,1183,150,405,555,1739
3757,1172,1172,1167,150,400,550,1722
3758,1166,1166,1166,150,400,550,1716
3759,1128,1162,1162,147.5,400,550,1712
3760,1200,1161,1166,145,405,550,1750
3761,1150,1155,1156,150,406,556,1706
3762,1172,1172,1166,150,400,550,1722
3763,1173,1173,1173,150,400,550,1723
3764,1161,1155,1155,144,400,544,1705
3765,1166,1178,1178,156,400,556,1722
3766,1173,1167,1178,150,403,561,1734
3767,1177,1177,1172,150,406,556,1733
3768,1178,1178,1178,150,406,556,1734
3769,1161,1156,1155,145,405,550,1711
3770,1167,1172,1178,150,405.5,561,1728
3771,1183,1183,1178,150,406,556,1739
3772,1189,1189,1178,150,395,545,1734
3773,1184,1184,1194,150,405,555,1739
3774,1183,1183,1183,150,405,555,1738
3775,1189,1189,1189,150,405,555,1744
3776,1183,1183,1178,150,400,550,1733
3777,1195,1195,1189,150,394,544,1739
3778,1188,1188,1200,150,406,556,1744
3779,1189,1189,1183,150,400,550,1739
3780,1178,1178,1178,150,400,550,1728
3781,1183,1183,1183,150,400,550,1733
3782,1173,1173,1178,150,405,555,1728
3783,1166,1166,1161,150,400,550,1716
3784,1161,1156,1167,145,403,556,1717
3785,1167,1172,1167,150,406,556,1723
3786,1161,1161,1150,150,395,545,1706
3787,1167,1167,1172,150,400,550,1717
3788,1155,1183,1189,150,406,550,1739
3789,1206,1178,1172,150,400,550,1756
3790,1178,1178,1183,150,405,555,1733
3791,1183,1183,1178,150,400,550,1733
3792,1172,1172,1178,150,406,556,1728
3793,1184,1184,1183,150,405,555,1739
3794,1183,1177,1184,144,405,556,1739
3795,1178,1184,1177,150,405,555,1733
3796,1200,1200,1200,150,405,555,1755
3797,1178,1178,1178,150,405,555,1733
3798,1172,1172,1167,150,400,550,1722
3799,1166,1166,1166,150,400,550,1716
3800,1178,1178,1189,150,400,561,1739
3801,1172,1178,1167,156,400,556,1728
3802,1178,1172,1183,150,400,561,1739
3803,1172,1172,1161,150,400,550,1722
3804,1195,1195,1200,150,405,555,1750
3805,1183,1183,1184,150,406,556,1739
3806,1178,1178,1178,150,406,556,1734
3807,1178,1178,1172,150,400,550,1728
3808,1128,1161,1166,150,405,553,1716
3809,1205,1172,1173,150,406,556,1761
3810,1172,1172,1166,150,400,550,1722
3811,1189,1184,1184,145,400,545,1734
3812,1139,1183,1194,147.5,403,550.5,1739
3813,1222,1183,1178,150,406,556,1778
3814,1173,1173,1167,150,400,550,1723
3815,1150,1183,1188,150,405,552.5,1738
3816,1211,1178,1178,150,405,555,1766
3817,1172,1177,1172,155,400,555,1727
3818,1178,1173,1178,150,405,555,1733
3819,1183,1183,1189,150,405,561,1744
3820,1178,1178,1172,150,405,555,1733
3821,1172,1172,1167,150,400,550,1722
3822,1172,1172,1183,150,403,561,1733
3823,1172,1172,1167,150,406,556,1728
3824,1173,1173,1167,150,400,550,1723
3825,1166,1166,1161,150,395,545,1711
3826,1161,1167,1178,156,406,562,1723
3827,1167,1167,1161,156,400,556,1723
3828,1172,1166,1166,150,400,550,1722
3829,1167,1167,1173,150,406,556,1723
3830,1144,1172,1172,150,406,555.5,1728
3831,1184,1156,1155,150,405,555,1739
3832,1166,1166,1161,150,400,550,1716
3833,1167,1167,1167,150,400,550,1717
3834,1172,1172,1178,150,406,556,1728
3835,1161,1167,1161,156,400,556,1717
3836,1167,1156,1161,145,405,550,1717
3837,1161,1166,1161,150,400,550,1711
3838,1167,1167,1172,150,405,555,1722
3839,1128,1161,1156,150,400,552.5,1711
3840,1200,1167,1167,150,400,550,1750
3841,1166,1166,1172,150,406,556,1722
3842,1167,1167,1167,150,406,556,1723
3843,1167,1161,1155,144,400,544,1711
3844,1122,1161,1167,163.5,406,566,1711
3845,1167,1167,1166,156.75,405,563.5,1755
3846,1200,1167,1173,150,402.5,561,1761
3847,1166,1166,1155,150,400,550,1716
3848,1161,1161,1167,150,406,556,1717
3849,1167,1167,1172,150,403,561,1728
3850,1167,1167,1156,150,400,550,1717
3851,1183,1189,1189,156,400,556,1739
3852,1167,1161,1166,150,405,555,1722
3853,1177,1177,1172,150,400,550,1727
3854,1184,1184,1189,150,405,555,1739
3855,1166,1166,1161,150,400,550,1716
3856,1162,1167,1173,155,406,561,1723
3857,1127,1122,1111,150,395,545,1672
3858,1123,1123,1133,150,405,555,1678
3859,1072,1105,1095,153,395,552.5,1650
3860,1116,1089,1088,156,394,550,1666
3861,1084,1078,1084,150,400,550,1634
3862,1044,1078,1078,150,400,550,1628
3863,1100,1066,1066,150,400,550,1650
3864,1050,1078,1078,150,400,552.5,1628
3865,1095,1067,1072,150,405,555,1650
3866,1055,1055,1050,150,400,550,1605
3867,1034,1061,1061,150,400,547,1611
3868,1083,1056,1050,150,394,544,1627
3869,1039,1072,1078,150,400,544,1622
3870,1128,1095,1089,150,394,544,1672
3871,1116,1122,1122,156,394,550,1666
3872,1134,1128,1134,150,400,550,1684
3873,1150,1150,1150,150,400,550,1700
3874,1166,1166,1166,150,400,550,1716
3875,1167,1167,1167,150,400,550,1717
3876,1178,1178,1183,150,405,555,1733
3877,1177,1183,1178,156,400,556,1733
3878,1178,1172,1178,150,406,556,1734
3879,1184,1184,1178,150,400,550,1734
3880,1183,1183,1183,150,400,550,1733
3881,1183,1183,1183,150,400,550,1733
3882,1184,1184,1184,150,400,550,1734
3883,1200,1200,1200,150,400,550,1750
3884,1172,1172,1172,150,400,550,1722
3885,1172,1172,1178,150,406,556,1728
3886,1178,1178,1177,150,405,555,1733
3887,1189,1189,1189,150,405,555,1744
3888,1189,1189,1178,150,394,544,1733
3889,1177,1177,1189,150,406,556,1733
3890,1173,1178,1172,155,400,555,1728
3891,1177,1172,1172,150,400,550,1727
3892,1167,1161,1167,144,406,550,1717
3893,1122,1162,1161,147,405,550,1711
3894,1189,1155,1150,150,400,550,1739
3895,1161,1161,1161,150,400,550,1711
3896,1117,1150,1156,150,406,553,1706
3897,1194,1161,1161,150,406,556,1750
3898,1156,1156,1150,150,400,550,1706
3899,1161,1161,1161,150,400,550,1711
3900,1128,1156,1156,153,400,553,1706
3901,1133.5,1161.5,1161.5,156,400,556,1714.5
3902,1139,1167,1167,166.5,400,566.5,1723
3903,1184,1177,1177,155.75,400,561.25,1761
3904,1216,1184,1195,145,400,556,1772
3905,1161,1172,1161,156,400,556,1717
3906,1134,1156,1156,156,400,553,1712
3907,1194,1172,1166,156,394,550,1744
3908,1172,1166,1178,150,406,556,1728
3909,1173,1173,1167,150,400,550,1723
3910,1139,1166,1172,150,406,552.5,1722
3911,1211,1184,1183,150,405,555,1766
3912,1166,1166,1167,150,406,556,1722
3913,1161,1161,1155,150,400,550,1711
3914,1162,1167,1167,155,400,555,1717
3915,1155,1150,1156,150,406,556,1711
3916,1145,1145,1139,150,400,550,1695
3917,1155,1155,1155,150,400,550,1705
3918,1139,1172,1178,150,406,552.5,1728
3919,1206,1173,1172,150,405,555,1761
3920,1161,1161,1156,150,400,550,1711
3921,1172,1172,1177,150,405,555,1727
3922,1172,1172,1167,150,400,550,1722
3923,1172,1172,1172,150,400,550,1722
3924,1167,1167,1173,150,406,556,1723
3925,1178,1178,1177,150,405,555,1733
3926,1155,1155,1156,150,406,556,1711
3927,1161,1161,1161,150,406,556,1717
3928,1156,1156,1156,150,406,556,1712
3929,1150,1150,1144,150,400,550,1700
3930,1150,1150,1156,150,406,556,1706
3931,1128,1156,1150,150,400,555.5,1706
3932,1200,1172,1177,150,405,555,1755
3933,1166,1166,1167,150,406,556,1722
3934,1178,1178,1172,150,400,550,1728
3935,1167,1195,1195,150,400,550,1745
3936,1189,1161,1161,150,400,550,1739
3937,1172,1172,1178,150,406,556,1728
3938,1172,1167,1166,145,405,550,1722
3939,1150,1183,1184,147.5,406,550,1734
3940,1211,1183,1177,150,400,550,1761
3941,1134,1167,1167,147,400,550,1717
3942,1211,1172,1178,144,406,550,1761
3943,1178,1184,1183,150,405,555,1733
3944,1166,1166,1167,150,406,556,1722
3945,1161,1161,1161,150,406,556,1717
3946,1161,1161,1161,150,406,556,1717
3947,1145,1178,1178,150,406,553,1734
3948,1200,1167,1161,150,400,550,1750
3949,1122,1161,1155,150,394,553,1705
3950,1222,1183,1195,150,406,556,1778
3951,1184,1184,1178,150,400,550,1734
3952,1161,1166,1161,155,395,550,1711
3953,1183,1178,1183,150,400,550,1733
3954,1189,1195,1195,156,400,556,1745
3955,1200,1200,1200,156,400,556,1756
3956,1206,1200,1205,150,405,555,1761
3957,1183,1183,1178,150,400,550,1733
3958,1194,1194,1194,150,400,550,1744
3959,1200,1200,1206,150,406,556,1756
3960,1184,1184,1183,150,405,555,1739
3961,1139,1172,1167,164,400,566.5,1722
3962,1183,1178,1178,157,400,561.25,1761
3963,1205,1177,1183,150,406,556,1761
3964,1173,1173,1172,150,405,555,1728
3965,1177,1177,1172,150,400,550,1727
3966,1162,1162,1167,150,405,555,1717
3967,1166,1166,1167,150,406,556,1722
3968,1167,1172,1166,155,400,555,1722
3969,1167,1162,1156,150,394,544,1711
3970,1166,1172,1178,156,400,556,1722
3971,1172,1166,1166,150,400,550,1722
3972,1145,1145,1145,150,400,550,1695
3973,1117,1150,1155,166.5,405,569.5,1705
3974,1155,1155,1156,172.25,406,573.75,1744
3975,1150,1145,1139,163.625,400,564.375,1728
3976,1178,1155,1155,155,400,555,1733
3977,1155,1150,1156,150,406,556,1711
3978,1162,1162,1150,150,394,544,1706
3979,1161,1161,1172,150,405,555,1716
3980,1183,1183,1184,150,406,556,1739
3981,1167,1172,1166,155,400,555,1722
3982,1155,1150,1156,150,406,556,1711
3983,1139,1167,1166,150,405,556,1722
3984,1200,1172,1173,150,406,556,1756
3985,1178,1178,1172,150,400,550,1728
3986,1178,1178,1189,150,400,561,1739
3987,1161,1166,1155,155,400,555,1716
3988,1161,1156,1161,150,405,555,1716
3989,1167,1167,1162,150,400,550,1717
3990,1177,1183,1183,156,400,556,1733
3991,1178,1172,1178,150,406,556,1734
3992,1178,1172,1172,144,406,550,1728
3993,1172,1178,1172,150,400,550,1722
3994,1150,1178,1183,150,405,550,1733
3995,1189,1161,1156,150,400,550,1739
3996,1172,1172,1172,150,400,550,1722
3997,1172,1172,1172,150,400,550,1722
3998,1167,1167,1173,150,406,556,1723
3999,1161,1161,1155,150,400,550,1711
4000,1172,1172,1178,150,406,556,1728
4001,1167,1167,1167,150,406,556,1723
4002,1156,1156,1155,150,405,555,1711
4003,1177,1177,1178,150,406,556,1733
4004,1167,1167,1167,150,406,556,1723
4005,1172,1172,1166,150,400,550,1722
4006,1161,1167,1167,156,400,556,1717
4007,1167,1161,1167,150,406,556,1723
4008,1172,1172,1166,150,400,550,1722
4009,1161,1189,1189,150,400,550,1739
4010,1212,1184,1184,150,400,550,1762
4011,1133,1161,1161,150,400,555.5,1711
4012,1200,1172,1183,150,402.5,561,1761
4013,1161,1167,1161,156,405,561,1722
4014,1167,1161,1161,150,405,555,1722
4015,1172,1172,1172,150,405,555,1727
4016,1178,1178,1173,150,400,550,1728
4017,1144,1172,1172,150,400,555.5,1722
4018,1206,1178,1189,150,403,561,1767
4019,1183,1183,1178,150,406,556,1739
4020,1172,1172,1172,150,406,556,1728
4021,1145,1178,1178,150,406,555.5,1734
4022,1211,1178,1177,150,405,555,1766
4023,1172,1172,1167,150,400,550,1722
4024,1172,1178,1178,156,400,556,1728
4025,1178,1172,1178,150,406,556,1734
4026,1161,1161,1166,150,405.5,561,1722
4027,1156,1156,1150,150,405,555,1711
4028,1155,1155,1156,150,406,556,1711
4029,1161,1161,1155,150,400,550,1711
4030,1161,1161,1173,150,400,562,1723
4031,1145,1173,1161,150,400,558.5,1723
4032,1200,1172,1177,150,405,555,1755
4033,1183,1178,1178,145,405,550,1733
4034,1172,1183,1178,156,400,556,1728
4035,1139,1167,1172,155.5,405,555.5,1728
4036,1206,1177,1172,155,400,555,1761
4037,1189,1184,1195,150,400,561,1750
4038,1200,1205,1194,155,400,555,1755
4039,1239,1234,1239,150,405,555,1794
4040,1239,1239,1239,150,405,555,1794
4041,1222,1222,1222,150,405,555,1777
4042,1211,1211,1211,150,405,555,1766
4043,1222,1222,1223,150,406,556,1778
4044,1245,1245,1239,150,400,550,1795
4045,1227,1227,1227,150,400,550,1777
4046,1234,1234,1234,150,400,550,1784
4047,1227,1227,1233,150,406,556,1783
4048,1223,1223,1217,150,400,550,1773
4049,1250,1250,1255,150,405,555,1805
4050,1239,1244,1239,155,400,555,1794
4051,1227,1222,1228,150,406,556,1783
4052,1239,1239,1239,150,406,556,1795
4053,1245,1245,1244,150,405,555,1800
4054,1227,1222,1228,145,405.5,556,1783
4055,1223,1233,1228,155,406,561,1784
4056,1216,1211,1205,150,400,550,1766
4057,1167,1195,1200,150,405,552.5,1750
4058,1228,1200,1200,150,405,555,1783
4059,1200,1200,1206,150,405,561,1761
4060,1200,1200,1194,150,405,555,1755
4061,1222,1222,1223,150,406,556,1778
4062,1206,1206,1205,150,405,555,1761
4063,1200,1200,1200,150,405,555,1755
4064,1211,1211,1211,150,405,555,1766
4065,1150,1183,1184,150,406,555.5,1739
4066,1227,1194,1194,150,406,556,1783
4067,1150,1184,1189,150,409,559,1745
4068,1200,1166,1167,150,407,562,1762
4069,1173,1173,1166,150,405,555,1728
4070,1111,1139,1139,152.5,405,558,1694
4071,1178,1155,1156,155,406,561,1739
4072,1144,1139,1139,150,406,556,1700
4073,1156,1161,1155,155,400,555,1711
4074,1166,1161,1167,150,406,556,1722
4075,1178,1178,1178,150,406,556,1734
4076,1189,1189,1194,150,409,561,1750
4077,1205,1205,1206,150,410,562,1767
4078,1223,1223,1222,150,405,561,1784
4079,1233,1233,1222,150,400,550,1783
4080,1178,1211,1217,153,406,555.5,1767
4081,1244,1217,1216,156,405,561,1805
4082,1228,1222,1223,150,406,556,1784
4083,1244,1244,1244,150,406,556,1800
4084,1234,1228,1228,144,406,550,1784
4085,1216,1222,1216,150,400,550,1766
4086,1217,1223,1228,156,405,561,1778
4087,1222,1216,1222,150,405.5,561,1783
4088,1211,1211,1206,150,406,556,1767
4089,1212,1212,1211,150,405,555,1767
4090,1172,1205,1206,150,406,552.5,1761
4091,1228,1195,1189,150,400,550,1778
4092,1177,1177,1183,150,406,556,1733
4093,1189,1189,1189,150,406,556,1745
4094,1172,1172,1172,150,406,556,1728
4095,1150,1184,1178,150,400,555.5,1734
4096,1212,1178,1183,150,405,555,1767
4097,1155,1155,1150,150,400,550,1705
4098,1167,1167,1167,150,400,550,1717
4099,1161,1161,1166,150,405,555,1716
4100,1155,1155,1150,150,400,550,1705
4101,1117,1145,1145,153,400,553,1695
4102,1161,1139,1139,156,400,556,1717
4103,1128,1122,1128,150,406,556,1684
4104,1072,1106,1100,163.5,400,566.5,1656
4105,1095,1088,1088,176.25,400,577.75,1672
4106,1066,1078,1078,177.125,400,580.375,1655
4107,1078,1067,1072,160.562,405,562.188,1661
4108,1089,1055,1050,144,400,544,1633
4109,1039,1050,1050,155,400,555,1594
4110,1061,1056,1050,150,394,544,1605
4111,1050,1050,1050,150,394,544,1594
4112,1033,1044.5,1050,156,394,539,1591.5
4113,1028,1036.25,1050,172.5,394,564,1589
4114,1027.5,1031.625,1033,180.75,400,571,1612
4115,1019.75,1018.812,1022,181.875,389,574,1605
4116,1028.875,1011.906,1014,165.938,394,559.5,1589
4117,1038,1003.453,1004,150,395,545,1564
4118,1016.5,1001.727,1002,145,394,539,1551.5
4119,1005.25,997.863,995.5,150,394,544,1542.25
4120,994.625,990.932,986.75,150,389,539,1529.625
4121,997.312,992.466,990.375,150,386,533,1528.312
4122,993.156,990.733,992.688,144,387.5,527,1525.156
4123,993.578,995.366,998.844,144,389,533,1531.578
4124,1507.789,1506.183,1507.922,150,394,544,2046.289
4125,1256.895,1258.592,1259.461,145,394,539,1798.145
4126,1136.447,1137.296,1138.23,150,394,544,1679.572
4127,1062.724,1077.148,1077.615,150,395,545,1620.786
4128,1067.862,1061.074,1060.808,150,395,573,1618.893
4129,1073,1045,1044,150,394,544,1617
4130,1038,1072,1072,166.5,394,558,1616
4131,1106,1105,1100,158.25,389,572,1678
4132,1156,1123,1134,150,400,550,1706
4133,1133,1133,1133,150,400,550,1683
4134,1155,1150,1150,145,400,545,1700
4135,1167,1172,1172,150,400,550,1717
4136,1156,1156,1156,150,400,550,1706
4137,1144,1166,1172,150,406,550,1722
4138,1200,1178,1172,150,400,550,1750
4139,1167,1167,1167,150,400,550,1717
4140,1166,1166,1166,150,400,550,1716
4141,1156,1156,1156,150,400,550,1706
4142,1156,1156,1156,150,400,550,1706
4143,1177,1177,1172,150,395,545,1722
4144,1167,1167,1178,150,406,556,1723
4145,1189,1189,1183,150,400,550,1739
4146,1189,1189,1189,150,400,550,1739
4147,1183,1183,1178,150,395,545,1728
4148,1150,1178,1177,150,394,572,1722
4149,1206,1178,1184,150,400,550,1756
4150,1183,1183,1183,150,400,550,1733
4151,1139,1172,1167,150,395,547.5,1717
4152,1205,1172,1172,150,395,545,1750
4153,1128,1162,1161,147,394,544.5,1706
4154,1206,1166,1172,144,400,544,1750
4155,1155,1189,1184,147,395,573,1728
4156,1223,1195,1200,150,400,550,1773
4157,1188,1194,1194,156,400,556,1744
4158,1212,1206,1206,150,400,550,1762
4159,1183,1177,1177,144,400,544,1727
4160,1183,1189,1184,150,395,545,1728
4161,1178,1178,1177,150,394,544,1722
4162,1167,1194,1195,150,395,572,1739
4163,1233,1206,1217,150,406,556,1789
4164,1206,1239,1233,150,400,553,1789
4165,1294,1261,1261,150,400,550,1844
4166,1244,1244,1244,150,400,550,1794
4167,1239,1239,1239,150,400,550,1789
4168,1234,1228,1234,144,406,550,1784
4169,1222,1222,1216,144,400,544,1766
4170,1228,1234,1228,150,394,544,1772
4171,1222,1216,1222,144,400,544,1766
4172,1200,1206,1200,150,394,544,1744
4173,1211,1211,1211,150,394,544,1755
4174,1183,1217,1223,150,400,547,1767
4175,1256,1222,1222,150,400,550,1806
4176,1205,1205,1200,150,395,545,1750
4177,1156,1184,1189,150,400,547.5,1734
4178,1222,1194,1194,150,400,550,1772
4179,1172,1172,1167,150,395,545,1717
4180,1184,1184,1194,150,405,555,1739
4181,1172,1172,1167,150,400,550,1722
4182,1172,1172,1172,150,400,550,1722
4183,1178,1178,1178,150,400,550,1728
4184,1156,1183,1183,150,400,552.5,1733
4185,1211,1184,1189,150,405,555,1766
4186,1177,1177,1167,150,395,545,1722
4187,1134,1162,1167,164,400,564.5,1712
4188,1166,1166,1172,154,406,557.25,1750
4189,1195,1161,1161,144,406,550,1745
4190,1167,1173,1167,150,400,550,1717
4191,1150,1150,1150,150,400,550,1700
4192,1144,1144,1150,150,406,556,1700
4193,1139,1139,1127,150,394,544,1683
4194,1139,1139,1145,150,400,550,1689
4195,1144,1139,1139,145,400,545,1689
4196,1139,1144,1139,150,395,545,1684
4197,1133,1133,1138,150,400,550,1683
4198,1145,1150,1150,155,400,555,1700
4199,1139,1134,1134,150,400,550,1689
4200,1150,1144,1139,144,395,539,1689
4201,1100,1139,1139,147,395,547.5,1678
4202,1172,1139,1150,150,406,556,1728
4203,1156,1156,1150,150,400,550,1706
4204,1144,1144,1138,150,394,544,1688
4205,1156,1156,1162,150,400,550,1706
4206,1166,1166,1166,150,400,550,1716
4207,1189,1189,1195,150,406,556,1745
4208,1211,1211,1205,150,400,550,1761
4209,1222,1250,1250,150,400,550,1800
4210,1278,1250,1250,150,400,550,1828
4211,1245,1245,1250,150,405,555,1800
4212,1227,1261,1261,150,405,552.5,1816
4213,1289,1255,1250,150,400,550,1839
4214,1239,1239,1245,150,406,556,1795
4215,1261,1256,1261,145,408.5,556,1817
4216,1234,1233,1233,144,409.75,555,1789
4217,1227,1228,1228,145,407.375,556,1783
4218,1223,1228,1222,150,405,555,1778
4219,1244,1244,1245,150,406,556,1800
4220,1245,1245,1233,150,394,544,1789
4221,1250,1250,1256,150,400,550,1800
4222,1250,1250,1255,150,405,555,1805
4223,1244,1244,1245,150,406,556,1800
4224,1233,1233,1233,150,406,556,1789
4225,1250,1250,1244,150,400,550,1800
4226,1239,1234,1239,145,405,550,1789
4227,1211,1216,1217,150,406,556,1767
4228,1234,1234,1233,150,405,555,1789
4229,1239,1233,1234,144,406,550,1789
4230,1227,1233,1227,150,400,550,1777
4231,1200,1200,1206,150,406,556,1756
4232,1234,1234,1228,150,400,550,1784
4233,1227,1227,1233,150,406,556,1783
4234,1228,1228,1222,150,400,550,1778
4235,1206,1234,1239,150,405,547,1789
4236,1261,1233,1222,150,394,544,1805
4237,1228,1228,1239,150,405,555,1783
4238,1239,1239,1234,150,400,550,1789
4239,1211,1233,1238,150,405,553,1788
4240,1255,1233,1234,150,406,556,1811
4241,1222,1217,1216,145,405,550,1772
4242,1234,1239,1245,150,408,561,1795
4243,1244,1239,1239,145,407,556,1800
4244,1222,1227,1222,150,406,556,1778
4245,1239,1239,1239,150,406,556,1795
4246,1234,1234,1233,150,405,555,1789
4247,1244,1239,1239,145,405,550,1794
4248,1233,1238,1233,150,400,550,1783
4249,1239,1239,1245,150,406,556,1795
4250,1234,1234,1233,150,405,555,1789
4251,1216,1216,1222,150,405,561,1777
4252,1234,1234,1228,150,405,555,1789
4253,1177,1211,1211,150,405,555,1766
4254,1273,1239,1239,150,405,555,1828
4255,1216,1216,1217,150,406,556,1772
4256,1211,1211,1205,150,400,550,1761
4257,1189,1189,1195,150,406,556,1745
4258,1145,1173,1167,166.5,400,569.5,1723
4259,1111,1116,1116,158.25,400,559.75,1694
4260,1128,1095,1095,150,400,550,1678
4261,1164,1089,1083,166.5,394,564,1633
4262,1200,1055,1056,185.45,395,584.2,1778
4263,1034.6,1056,1061,184.225,400,581.1,1639
4264,1076.4,1055,1050,184.113,395,582.55,1654.4
4265,1033,1046.5,1041.5,180.556,400,577.275,1617
4266,1045,1040.25,1031.75,165.278,395,572,1617
4267,1061,1011.625,1010.375,150,392,533,1594
4268,1013.5,1005.812,999.688,155,389,544,1563.5
4269,1012.25,1008.406,1008.344,172,386.5,567,1573.75
4270,1009.125,1007.203,1009.672,180.5,387.75,573,1578.875
4271,1024.062,1000.602,1004.836,162.25,389,556,1578.438
4272,1039,1000.301,999.418,144,395,539,1555.719
4273,1019.5,1000.15,999.709,163.5,389,572,1563.859
4274,1001.25,994.575,997.354,176.25,389,572,1565.43
4275,1009.125,986.288,987.177,163.125,395,558,1563.215
4276,979.562,984.644,985.589,150,394,544,1545.607
4277,984.281,986.822,987.294,166.5,395,561,1556.304
4278,986.641,987.911,985.147,174.75,395,566.5,1558.652
4279,1004.32,985.455,987.074,159.375,389,572,1559.826
4280,999.16,990.228,990.537,144,395,539,1546.413
4281,986.08,997.614,998.268,145,394,539,1545.706
4282,993.04,998.807,999.134,161,395,572,1558.853
4283,1007.52,1007.903,1005.067,166.5,395,572,1570.927
4284,1009.26,1014.952,1013.534,174.75,389,561,1576.963
4285,1043.63,1029.976,1029.267,162.375,389,572,1596.982
4286,1078,1045,1045,150,389,539,1617
4287,1033,1061,1061,167,389,567,1600
4288,1072,1078,1066,158.5,386,561,1633
4289,1117,1083,1089,150,385,533,1650
4290,1094,1094,1095,150,381.5,534,1628
4291,1067,1100,1094,153,382.25,561,1628
4292,1122,1095,1100,156,382.625,539,1661
4293,1106,1100,1100,150,380.312,533,1639
4294,1083,1111,1106,169,382.156,556,1639
4295,1095,1105,1111,159.5,385.578,572,1667
4296,1155,1117,1122,150,389,539,1694
4297,1117,1117,1117,150,389,539,1656
4298,1100,1128,1122,150,389,561,1661
4299,1150,1122,1128,150,389,539,1689
4300,1100,1128,1122,150,389,561,1661
4301,1166,1138,1144,150,389,539,1705
4302,1128,1123,1123,145,389,534,1662
4303,1139,1166,1166,144.5,389,561,1700
4304,1167,1139,1145,144,395,539,1706
4305,1150,1156,1150,150,389,539,1689
4306,1139,1166,1166,150,389,566,1705
4307,1183,1156,1156,150,389,539,1722
4308,1156,1150,1155,144,394,538,1694
4309,1100,1139,1128,147,391.5,566,1666
4310,1161,1128,1134,150,389,539,1700
4311,1094,1094,1094,150,389,539,1633
4312,1100,1133,1128,150,392,567,1667
4313,1150,1117,1128,150,395,545,1695
4314,1128,1128,1116,150,392,533,1661
4315,1117,1144,1150,150,389,566,1683
4316,1166,1139,1139,150,389,539,1705
4317,1134,1134,1133,150,388,538,1672
4318,1094,1127,1128,150,389,572,1666
4319,1167,1134,1128,150,386,533,1700
4320,1133,1133,1133,150,384.5,533,1666
4321,1100,1128,1128,150,384.25,561,1661
4322,1172,1144,1145,150,383.625,534,1706
4323,1134,1134,1133,150,383.312,533,1667
4324,1122,1122,1122,150,383.656,533,1655
4325,1116,1116,1117,150,383.328,534,1650
4326,1123,1123,1122,150,383.164,533,1656
4327,1111,1111,1111,150,383.582,533,1644
4328,1122,1116,1117,144,380.291,528,1650
4329,1117,1123,1116,150,382.146,527,1644
4330,1116,1116,1123,150,382.573,534,1650
4331,1134,1134,1133,150,385.786,533,1667
4332,1133,1133,1139,150,389,539,1672
4333,1094,1128,1122,164,386,567,1661
4334,1117,1111,1111,173.5,384.5,561,1678
4335,1095,1100,1100,161.75,386.75,566,1661
4336,1116,1083,1089,150,389,539,1655
4337,1136,1095,1089,163.5,389,552.5,1628
4338,1156,1077,1083,173.25,389,566,1722
4339,1050,1056,1056,178.625,389,572,1622
4340,1066,1067,1061,181.312,389,567,1633
4341,1050,1050,1056,182.656,389,573,1623
4342,1039,1047,1050,182.828,386,567,1606
4343,1045,1044,1044,166.414,384.5,566,1611
4344,1072,1052.5,1052.5,150,383.75,533,1605
4345,1028,1061,1061,166.5,383.375,566,1594
4346,1111,1111,1111,160.75,380.688,566,1677
4347,1139,1111,1106,155,379.344,533,1672
4348,1122,1117,1117,150,381.172,528,1650
4349,1122,1150,1155,150,379.586,561,1683
4350,1172,1144,1139,150,381.793,528,1700
4351,1139,1139,1145,150,379.896,534,1673
4352,1150,1147.5,1153,150,381.448,528,1681
4353,1161,1156,1161,145,382.724,528,1689
4354,1156,1155,1156,144,380.362,528,1684
4355,1161,1167,1161,150,379.181,528,1689
4356,1156,1161,1161,155,378.591,533,1689
4357,1161,1156,1156,150,380.795,528,1689
4358,1150,1150,1155,150,379.398,533,1683
4359,1166,1166,1161,150,381.199,528,1694
4360,1162,1156,1161,144,382.599,527,1689
4361,1144,1144,1145,144,382.8,528,1672
4362,1139,1173,1172,160.5,380.4,561,1700
4363,1167,1166,1161,155.25,381.7,555,1722
4364,1194,1167,1172,150,382.35,533,1727
4365,1161,1161,1161,150,383.175,533,1694
4366,1172,1172,1173,150,383.087,534,1706
4367,1128,1128,1127,150,383.044,533,1661
4368,1128,1156,1156,150,383.522,561,1689
4369,1183,1155,1156,150,383.261,534,1717
4370,1156,1156,1155,150,383.13,533,1689
4371,1150,1150,1150,150,383.065,533,1683
4372,1150,1150,1150,150,383.033,533,1683
4373,1133,1133,1133,150,383.516,533,1666
4374,1183,1183,1184,150,383.758,534,1717
4375,1189,1189,1189,150,383.379,534,1723
4376,1223,1223,1222,150,386.19,533,1756
4377,1233,1233,1239,150,389,539,1772
4378,1217,1217,1216,150,388,538,1755
4379,1227,1227,1228,150,389,539,1766
4380,1223,1223,1217,150,386,533,1756
4381,1205,1205,1205,150,387.5,533,1738
4382,1217,1217,1223,150,389,539,1756
4383,1194,1194,1189,150,386,534,1728
4384,1234,1234,1233,150,390.5,533,1767
4385,1200,1227,1239,166.5,395,572,1772
4386,1205,1211,1200,175.25,392,567,1772
4387,1233,1234,1239,162.625,389,573,1806
4388,1262,1228,1222,150,389,533,1795
4389,1211,1211,1217,150,389,539,1750
4390,1222,1222,1222,150,389,539,1761
4391,1211,1205,1205,144,389,533,1744
4392,1228,1228,1228,144,389,533,1761
4393,1211,1217,1217,150,389,539,1750
4394,1189,1189,1189,150,389,539,1728
4395,1205,1205,1205,150,389,539,1744
4396,1189,1184,1184,145,389,534,1723
4397,1161,1166,1161,150,388.5,534,1695
4398,1123,1123,1127,150,388,538,1661
4399,1061,1094,1095,150,389,572,1633
4400,1111,1078,1078,150,389,539,1650
4401,1039,1078,1061,233.5,383.5,561,1600
4402,1067,1094,1100,272.25,400.25,644.5,1661
4403,1095,1089,1128,227.625,400.125,613.75,1823
4404,1228,1100,1083,255.312,400,640.375,1811
4405,1197.5,1094,1078,219.156,397,608.688,1661
4406,1167,1067,1077,201.078,394,590.344,1744
4407,1061,1061,1056,192.039,389,572,1633
4408,1061,1061,1056,190.52,389,567,1628
4409,1039,1045,1050,189.76,389,572.5,1617
4410,1033,1036.5,1041.5,186.88,389,575.25,1611
4411,1033,1029.25,1029.25,187.94,394,576.625,1611
4412,1027.5,1023.125,1020.125,185.97,389,571.812,1595
4413,997.25,1025.062,1024.062,214.985,386.5,567,1589
4414,1034.625,1021.031,1020.031,201.992,384.75,569.5,1595
4415,1072,1019.016,1018.516,192.996,383.875,572,1644
4416,1047.5,1020.508,1017.758,187.998,380.938,567,1589
4417,1034.75,1021.254,1022.879,185.499,382.469,561,1589
4418,1042.375,1033.127,1036.439,181.75,385.734,567,1589
4419,1050,1045,1050,168.375,389,567,1617
4420,1089,1066,1061,155,386,539,1628
4421,1072,1095,1094,169,382,561,1633
4422,1111,1116,1111,159.5,380,561,1672
4423,1150,1117,1117,150,381.5,528,1678
4424,1106,1139,1144,150,382.25,566,1672
4425,1172,1139,1139,150,385.625,533,1705
4426,1139,1133,1139,144,389,533,1672
4427,1150,1156,1150,150,383,533,1683
4428,1111,1139,1133,166.5,386,555,1666
4429,1128,1133,1145,158.25,389,572,1700
4430,1161,1128,1122,150,383,533,1694
4431,1139,1139,1133,150,383,527,1666
4432,1139,1139,1145,150,383.5,533,1672
4433,1138,1138,1139,150,383.25,534,1672
4434,1145,1145,1144,150,383.625,533,1678
4435,1139,1144,1145,155,383.312,539,1678
4436,1105,1134,1133,152.5,383.156,567,1672
4437,1184,1150,1150,150,386.078,533,1717
4438,1133,1133,1139,150,389,539,1672
4439,1144,1144,1144,150,389,539,1683
4440,1145,1145,1145,150,389,539,1684
4441,1122,1150,1144,150,389,561,1683
4442,1172,1144,1150,150,389,539,1711
4443,1150,1150,1145,150,386,534,1684
4444,1117,1145,1144,150,385,561,1678
4445,1183,1155,1156,150,384,534,1717
4446,1145,1145,1144,150,384,533,1678
4447,1128,1155,1156,164,384,561,1689
4448,1138,1139,1139,157,383.5,562,1700
4449,1173,1145,1144,150,383.25,533,1706
4450,1100,1133,1133,164,383.125,566,1666
4451,1133,1128,1128,174,386.062,561,1694
4452,1133,1139,1145,179,389,573,1706
4453,1150,1150,1150,181,389,573,1723
4454,1145,1144,1138,182,389,566,1711
4455,1161,1161,1167,180,389,572,1733
4456,1144,1139,1145,165,395,573,1717
4457,1178,1150,1138,150,389,533,1711
4458,1106,1139,1139,161,389,566,1672
4459,1155,1144,1150,169.5,389,561,1716
4460,1156,1162,1156,159.75,386.5,561,1717
4461,1194,1166,1167,150,387.25,534,1728
4462,1184,1184,1188,150,388,538,1722
4463,1183,1183,1184,150,389,539,1722
4464,1172,1200,1194,163.5,386.5,561,1733
4465,1195,1194,1195,154.25,387.75,561,1756
4466,1216,1184,1189,145,389,534,1750
4467,1156,1194,1188,147.5,389,566,1722
4468,1216,1183,1189,150,389,539,1755
4469,1162,1162,1161,150,388,538,1700
4470,1127,1161,1162,163.5,389,573,1700
4471,1184,1177,1172,173.25,389,561,1745
4472,1150,1156,1161,161.625,389,572,1722
4473,1161,1128,1128,150,389,539,1700
4474,1155,1155,1150,150,389,534,1689
4475,1111,1139,1144,150,389,567,1678
4476,1178,1150,1156,150,395,545,1723
4477,1145,1150,1144,155,389,544,1689
4478,1116,1145,1139,152.5,391.5,567,1683
4479,1184,1150,1161,150,394,544,1728
4480,1155,1150,1150,145,394,539,1694
4481,1122,1161,1156,147.5,389,573,1695
4482,1217,1183,1183,150,389,539,1756
4483,1183,1183,1183,150,389,539,1722
4484,1167,1195,1189,150,389,561,1728
4485,1233,1205,1211,150,389,539,1772
4486,1200,1200,1200,150,389,539,1739
4487,1212,1212,1217,150,394,544,1756
4488,1211,1211,1211,150,394,544,1755
4489,1200,1227,1222,150,389,566,1766
4490,1244,1217,1223,150,395,545,1789
4491,1211,1211,1205,150,389,539,1750
4492,1200,1206,1200,156,389,539,1739
4493,1178,1200,1206,169.5,389,567,1745
4494,1206,1211,1211,159.75,389,572,1778
4495,1250,1217,1216,150,388,538,1788
4496,1200,1200,1195,150,391.5,533,1733
4497,1155,1155,1167,150,395,545,1700
4498,1078,1111,1111,166.5,395,558.5,1656
4499,1128,1128,1122,175.25,389,572,1700
4500,1105,1106,1105,162.625,388,572,1677
4501,1122,1088,1095,150,395,545,1667
4502,1062,1095,1094,169.5,394,561.5,1639
4503,1144,1150,1145,159.75,389,552.75,1722
4504,1189,1150,1155,150,394,544,1733
4505,1258.5,1167,1167,150,394,544,1711
4506,1212.25,1172,1172,150,394,544,1713.5
4507,1166,1166,1172,150,400,550,1716
4508,1145,1178,1173,166.5,395,561,1723
4509,1167,1167,1161,171.75,389,572,1739
4510,1161,1155,1161,160.875,395,572,1733
4511,1177,1150,1144,150,389,539,1716
4512,1123,1150,1145,163.5,389,561,1684
4513,1139,1139,1144,156.75,389,566,1705
4514,1161,1134,1134,150,389,539,1700
4515,1127,1127,1127,150,389,539,1666
4516,1106,1139,1134,150,389,567,1673
4517,1161,1128,1133,150,389,539,1700
4518,1128,1128,1128,150,389,539,1667
4519,1128,1128,1128,150,389,539,1667
4520,1111,1139,1133,164,389,561,1672
4521,1133,1133,1139,157,389,567,1700
4522,1161,1133,1133,150,389,539,1700
4523,1128,1128,1122,150,389,533,1661
4524,1133,1133,1139,150,389,539,1672
4525,1145,1145,1145,150,389,539,1684
4526,1139,1139,1139,150,389,539,1678
4527,1139,1139,1138,150,388,538,1677
4528,1116,1150,1145,167,388.5,567,1683
4529,1161,1161,1167,172.5,389,573,1734
4530,1178,1172,1177,161.25,394,572,1750
4531,1206,1178,1167,150,391.5,533,1739
4532,1166,1166,1172,150,389,539,1705
4533,1145,1167,1167,150,389,561,1706
4534,1189,1167,1167,150,389,539,1728
4535,1172,1172,1172,150,389,539,1711
4536,1189,1189,1183,150,389,533,1722
4537,1211,1211,1217,150,389,539,1750
4538,1255,1255,1255,150,389,539,1794
4539,1250,1250,1250,150,389,539,1789
4540,1234,1262,1261,150,388,566,1800
4541,1283,1255,1262,150,395,545,1828
4542,1233,1233,1227,150,389,539,1772
4543,1239,1239,1239,150,389,539,1778
4544,1189,1223,1228,166.5,394,558.5,1767
4545,1139,1138,1139,174.75,395,567.75,1717
4546,1156,1156,1155,178.875,394,575.375,1733
4547,1150,1150,1156,181.438,400,576.688,1733
4548,1127,1128,1122,215.719,394,610.344,1705
4549,1062,1128,1128,199.359,394,594.172,1706
4550,1155,1088,1089,191.18,395,585.586,1733
4551,1095,1095,1094,193.09,394,584.793,1672
4552,1077,1089,1084,188.045,389,581.396,1661
4553,1128,1116,1122,185.522,395,576.698,1706
4554,1128,1128,1122,181.761,389,572,1700
4555,1133,1128,1133,182.881,394,572,1705
4556,1161,1167,1162,166.44,389,573,1734
4557,1206,1172,1177,150,394,544,1750
4558,1133,1161,1156,164,389,567,1700
4559,1172,1172,1172,157,389,567,1739
4560,1206,1178,1183,150,394,544,1750
4561,1178,1172,1173,144,395,539,1717
4562,1166,1172,1166,150,389,539,1705
4563,1150,1178,1178,150,389,567,1717
4564,1206,1178,1178,150,389,539,1745
4565,1161,1161,1161,150,389,539,1700
4566,1139,1167,1167,163.5,389,567,1706
4567,1167,1166,1172,173.25,395,572,1739
4568,1161,1167,1161,161.625,389,572,1733
4569,1205,1172,1172,150,389,539,1744
4570,1161,1161,1161,150,389,539,1700
4571,1139,1139,1139,150,389,539,1678
4572,1150,1150,1150,150,389,539,1689
4573,1123,1156,1156,150,389,572,1695
4574,1205,1172,1172,150,389,539,1744
4575,1167,1167,1172,150,394,544,1711
4576,1178,1178,1172,150,388,538,1716
4577,1155,1183,1178,150.25,388.3,561,1716
4578,1211,1183.5,1189.1,150.5,388.6,539.1,1750.1
4579,1184,1183.5,1182.9,150,388,538,1722
4580,1161,1194,1195,153,389,572,1733
4581,1205,1178,1178,156,389,545,1750
4582,1184,1178,1177,150,388,538,1722
4583,1133,1166,1167,150,389,572,1705
4584,1205,1172,1178,150,395,545,1750
4585,1156,1184,1178,150,389,567,1723
4586,1189,1161,1161,150,389,539,1728
4587,1167,1167,1166,150,388,538,1705
4588,1127,1155,1156,150,389,567,1694
4589,1184,1156,1161,150,394,544,1728
4590,1161,1161,1156,150,389,539,1700
4591,1161,1161,1161,150,389,539,1700
4592,1155,1155,1155,150,389,539,1694
4593,1173,1173,1173,150,389,539,1712
4594,1172,1172,1177,150,394,544,1716
4595,1194,1194,1189,150,389,539,1733
4596,1223,1223,1228,150,394,544,1767
4597,1216,1216,1211,150,389,539,1755
4598,1178,1211,1217,150,395,539,1756
4599,1244,1211,1205,150,389,539,1783
4600,1217,1217,1223,150,395,545,1762
4601,1211,1217,1211,156,389,545,1756
4602,1200,1194,1194,150,389,539,1739
4603,1195,1195,1200,150,394,544,1739
4604,1194,1194,1195,150,395,545,1739
4605,1183,1217,1216,150,394,545,1761
4606,1239,1205,1206,150,395,545,1784
4607,1184,1217,1222,150,400,542,1767
4608,1244,1211,1200,150,389,539,1783
4609,1200,1228,1233,150,394,572,1772
4610,1228,1200,1206,150,400,550,1778
4611,1167,1167,1167,150,400,550,1717
4612,1150,1177,1177,153,400,550,1727
4613,1194,1173,1167,156,394,550,1744
4614,1189,1183,1183,150,394,544,1733
4615,1172,1200,1200,150,394,572,1744
4616,1261,1233,1234,150,395,545,1806
4617,1217,1217,1216,150,394,544,1761
4618,1194,1222,1217,150,389,567,1761
4619,1256,1228,1233,150,394,544,1800
4620,1217,1217,1217,150,394,544,1761
4621,1238,1238,1239,150,395,545,1783
4622,1228,1228,1228,150,395,545,1773
4623,1195,1222,1222,150,395,572,1767
4624,1255,1228,1228,150,395,545,1800
4625,1217,1217,1211,150,389,539,1756
4626,1183,1211,1216,150,394,572,1755
4627,1234,1206,1206,150,394,544,1778
4628,1211,1216,1211,155,389,544,1755
4629,1216,1211,1217,150,395,545,1761
4630,1206,1206,1205,150,394,544,1750
4631,1183,1217,1217,150,394,544.5,1761
4632,1250,1216,1217,150,395,545,1795
4633,1200,1200,1200,150,395,545,1745
4634,1184,1217,1216,166.5,394,561,1761
4635,1200,1200,1200,177.75,394,569,1777
4636,1211,1217,1211,166.875,388,556.5,1788
4637,1233,1200,1200,156,388,544,1777
4638,1217,1211,1223,150,400,550,1767
4639,1200,1194,1194,144,400,544,1744
4640,1183,1189,1183,150,394,544,1727
4641,1156,1194,1189,150,389,547,1733
4642,1227,1189,1200,150,400,550,1777
4643,1189,1189,1184,150,395,545,1734
4644,1217,1217,1222,150,400,550,1767
4645,1222,1222,1211,150,389,539,1761
4646,1217,1217,1222,150,394,544,1761
4647,1178,1205,1206,150,395,572,1750
4648,1238,1211,1211,150,395,545,1783
4649,1200,1200,1200,150,395,545,1745
4650,1167,1195,1194,163.5,394,572,1739
4651,1206,1205,1206,159.75,395,572,1778
4652,1233,1212,1205,156,388,544,1777
4653,1189,1211,1217,153,394,572,1761
4654,1233,1205,1200,150,389,539,1772
4655,1161,1195,1200,164,394,555.5,1739
4656,1217,1211,1211,157,394,572,1789
4657,1239,1211,1217,150,400,550,1789
4658,1194,1194,1194,150,400,550,1744
4659,1173,1195,1195,150,400,572,1745
4660,1222,1200,1194,150,394,544,1766
4661,1155,1155,1156,150,395,545,1700
4662,1084,1117,1122,166.5,400,564,1667
4663,1083,1083,1083,177.75,400,576.5,1666
4664,1061,1067,1067,225.375,400,618.75,1650
4665,1097.5,1056,1044,207.188,388,600.875,1633
4666,1134,1050,1056,197.594,394,588.938,1717
4667,1039,1044.5,1042,193.297,389,577.969,1616
4668,1038,1027.75,971,193.648,328,567,1605
4669,1002.5,1044.875,1052,241.324,333,597,1599.5
4670,1032.35,1062,1133,225.562,369,605.9,1594
4671,1062.2,1033.5,1050,204.281,405,602.95,1677
4672,1031.8,1033.75,1030.5,180.141,399.5,576.475,1631.8
4673,1061,1019.375,1015.25,156,394,550,1611
4674,1038.5,1021.188,1030.125,170,389,566,1611
4675,1030.25,1021.594,1045,177,391.5,572,1611
4676,1026.625,1018.797,1031,177,394,572,1600
4677,1040.812,1020.898,1029.5,161,395,572,1595
4678,1055,1018.449,1011.75,145,400,545,1600
4679,1041.5,1023.225,1030.875,164,400,561,1605.5
4680,1028,1022.612,1050,173.5,400,569.5,1611
4681,1039,1019.806,1030.5,161.75,395,554.25,1600
4682,1050,1023.903,1026.25,150,389,539,1589
4683,1047.5,1031.452,1041.125,156,394.5,539,1592
4684,1045,1046.226,1056,150,400,550,1595
4685,1061,1061,1055,150,394,544,1605
4686,1072,1072,1078,150,400,550,1622
4687,1083,1078,1072,145,394,539,1622
4688,1106,1111,1111,150,394,544,1650
4689,1122,1117,1123,145,400,545,1667
4690,1117,1122,1122,150,400,550,1667
4691,1116,1116,1111,150,395,545,1661
4692,1128,1128,1133,150,400,550,1678
4693,1134,1134,1122,150,388,538,1672
4694,1127,1122,1128,145,394,539,1666
4695,1134,1139,1139,150,394,544,1678
4696,1139,1139,1139,150,394,544,1683
4697,1138,1138,1133,150,389,539,1677
4698,1150,1145,1139,145,394.5,528,1678
4699,1150,1150,1167,145,400,545,1695
4700,1150,1155,1139,150,400,534,1684
4701,1162,1156,1172,144,400,544,1706
4702,1150,1156,1150,150,394,544,1694
4703,1166,1166,1161,150,389,539,1705
4704,1161,1161,1161,150,389,539,1700
4705,1167,1167,1167,150,389,539,1706
4706,1172,1172,1178,150,395,545,1717
4707,1184,1178,1183,144,400,544,1728
4708,1177,1178,1172,145,394,539,1716
4709,1167,1172,1172,150,394,544,1711
4710,1167,1194,1206,147.5,406,541.5,1750
4711,1216,1184,1172,145,394,539,1755
4712,1184,1183,1184,144,395,539,1723
4713,1144,1178,1172,144,389,567,1711
4714,1189,1155,1155,144,389,533,1722
4715,1156,1162,1167,150,394,544,1700
4716,1161,1161,1161,150,394,544,1705
4717,1155,1155,1150,150,389,539,1694
4718,1167,1161,1178,144,406,550,1717
4719,1150,1156,1144,150,394,544,1694
4720,1117,1161,1161,147,394,538.5,1705
4721,1172,1122,1117,144,389,533,1705
4722,1111,1117,1122,150,394,544,1655
4723,1117,1111,1111,144,394,538,1655
4724,1083,1089,1084,150,389,539,1622
4725,1094,1089,1094,145,394,539,1633
4726,1061,1094,1089,147.5,389,567,1628
4727,1117,1089,1095,150,395,545,1662
4728,1095,1095,1088,150,388,538,1633
4729,1100,1100,1106,150,394,544,1644
4730,1111,1105,1100,144,389,533,1644
4731,1089,1095,1094,150,388,538,1627
4732,1066,1100,1100,150,388,572,1638
4733,1122,1088,1089,150,389,539,1661
4734,1045,1073,1073,147,389,567,1612
4735,1111,1077,1077,144,389,533,1644
4736,1067,1067,1073,144,395,539,1606
4737,1077,1083,1088,150,400,550,1627
4738,1106,1106,1095,150,389,539,1645
4739,1128,1122,1122,144,389,533,1661
4740,1139,1139,1145,144,395,539,1678
4741,1144,1150,1150,150,395,545,1689
4742,1161,1161,1155,150,389,539,1700
4743,1178,1172,1178,144,395,539,1717
4744,1172,1178,1178,150,395,545,1717
4745,1184,1184,1177,150,388,538,1722
4746,1183,1177,1173,144,391,528,1711
4747,1172,1173,1183,145,394,539,1711
4748,1139,1177,1172,147.5,389,572,1711
4749,1217,1184,1189,150,394,544,1761
4750,1177,1177,1172,150,389,539,1716
4751,1173,1173,1173,150,389,539,1712
4752,1183,1183,1183,150,389,539,1722
4753,1172,1172,1178,150,395,545,1717
4754,1189,1189,1189,150,395,545,1734
4755,1178,1178,1177,150,394,544,1722
4756,1178,1172,1173,144,395,539,1717
4757,1183,1189,1188,150,394,544,1727
4758,1183,1178,1178,145,394,539,1722
4759,1184,1183,1184,144,395,539,1723
4760,1183,1183,1183,144,395,539,1722
4761,1183,1184,1183,145,394,539,1722
4762,1150,1189,1189,144.5,394,539,1728
4763,1217,1177,1178,144,395,539,1756
4764,1178,1178,1178,144,395,539,1717
4765,1172,1178,1177,150,394,544,1716
4766,1183,1178,1184,145,400,545,1728
4767,1173,1172,1166,144,394,538,1711
4768,1172,1178,1178,150,394,544,1716
4769,1194,1189,1195,145,400,545,1739
4770,1161,1166,1161,150,395,545,1706
4771,1173,1167,1166,144,394,538,1711
4772,1172,1178,1178,150,394,544,1716
4773,1183,1178,1184,145,400,545,1728
4774,1183,1188,1183,150,395,545,1728
4775,1184,1178,1183,144,400,544,1728
4776,1194,1200,1195,150,395,545,1739
4777,1206,1200,1200,144,395,539,1745
4778,1178,1184,1183,150,394,544,1722
4779,1177,1172,1178,145,400,545,1722
4780,1195,1200,1194,150,394,544,1739
4781,1183,1178,1184,145,400,545,1728
4782,1178,1183,1177,150,394,544,1722
4783,1178,1178,1178,150,394,544,1722
4784,1166,1166,1167,150,395,545,1711
4785,1161,1161,1161,150,395,545,1706
4786,1162,1162,1155,150,388,538,1700
4787,1161,1161,1167,150,394,544,1705
4788,1166,1166,1172,150,400,550,1716
4789,1178,1173,1167,145,394,539,1717
4790,1172,1177,1183,150,400,550,1722
4791,1173,1167,1161,144,394,538,1711
4792,1155,1161,1156,150,389,539,1694
4793,1150,1145,1150,145,394,539,1689
4794,1145,1150,1150,150,394,544,1689
4795,1166,1161,1161,145,394,539,1705
4796,1156,1161,1161,150,394,544,1700
4797,1155,1155,1161,150,400,550,1705
4798,1173,1173,1167,150,394,544,1717
4799,1172,1172,1172,150,394,544,1716
4800,1172,1166,1172,144,400,544,1716
4801,1161,1162,1167,145,405,550,1711
4802,1167,1172,1156,150,389,539,1706
4803,1155,1155,1166,150,400,550,1705
4804,1161,1161,1156,150,395,545,1706
4805,1158.5,1161,1158.5,145,400,545,1706
4806,1156,1161,1161,150,400,550,1706
4807,1166,1161,1161,145,400,545,1711
4808,1156,1161,1155,150,394,544,1700
4809,1167,1167,1167,150,394,544,1711
4810,1172,1166,1172,144,400,544,1716
4811,1178,1178,1178,144,400,544,1722
4812,1177,1183,1189,150,406,556,1733
4813,1173,1167,1155,144,394,538,1711
4814,1166,1167,1173,145,400,545,1711
4815,1150,1155,1150,150,395,545,1695
4816,1167,1167,1161,150,389,539,1706
4817,1161,1155,1166,144,400,544,1705
4818,1150,1150,1145,144,395,539,1689
4819,1161,1167,1167,150,395,545,1706
4820,1167,1161,1166,144,400,544,1711
4821,1155,1156,1156,145,400,545,1700
4822,1173,1178,1172,150,394,544,1717
4823,1172,1166,1172,144,400,544,1716
4824,1178,1184,1172,150,388,538,1716
4825,1172,1172,1178,150,394,544,1716
4826,1172,1172,1172,150,394,544,1716
4827,1172,1172,1173,150,395,545,1717
4828,1167,1167,1166,150,394,544,1711
4829,1155,1155,1156,150,395,545,1700
4830,1162,1162,1167,150,400,550,1712
4831,1161,1155,1150,144,395,539,1700
4832,1144,1145,1144,145,394,539,1683
4833,1145,1150,1156,150,400,550,1695
4834,1161,1161,1155,150,394,544,1705
4835,1172,1172,1172,150,394,544,1716
4836,1167,1167,1173,150,400,550,1717
4837,1172,1172,1161,150,389,539,1711
4838,1172,1166,1177,144,400,544,1716
4839,1161,1162,1167,145,405,550,1711
4840,1156,1155,1150,144,400,544,1700
4841,1172,1178,1172,150,394,544,1716
4842,1172,1172,1167,150,389,539,1711
4843,1167,1167,1167,150,389,539,1706
4844,1155,1155,1166,150,400,550,1705
4845,1150,1150,1145,150,395,545,1695
4846,1167,1161,1161,144,395,539,1706
4847,1156,1156,1161,144,400,544,1700
4848,1166,1172,1167,150,395,545,1711
4849,1178,1178,1172,150,389,539,1717
4850,1183,1178,1189,145,400,545,1728
4851,1167,1166,1166,144,400,544,1711
4852,1183,1189,1178,150,389,539,1722
4853,1184,1184,1189,150,394,544,1728
4854,1161,1161,1161,150,394,544,1705
4855,1161,1155,1161,144,400,544,1705
4856,1150,1150,1150,144,400,544,1694
4857,1144,1150,1145,150,395,545,1689
4858,1150,1150,1155,150,400,550,1700
4859,1173,1167,1167,144,400,544,1717
4860,1177,1183,1178,150,395,545,1722
4861,1178,1178,1178,150,395,545,1723
4862,1167,1167,1166,150,394,544,1711
4863,1183,1178,1184,145,400,545,1728
4864,1183,1188,1183,150,395,545,1728
4865,1173,1173,1178,150,400,550,1723
4866,1183,1183,1183,150,400,550,1733
4867,1183,1178,1178,145,400,545,1728
4868,1173,1178,1172,150,394,544,1717
4869,1166,1161,1161,145,394,539,1705
4870,1161,1166,1167,150,395,545,1706
4871,1173,1167,1172,144,400,544,1717
4872,1161,1161,1161,144,400,544,1705
4873,1155,1161,1161,150,400,550,1705
4874,1161,1161,1156,150,395,545,1706
4875,1161,1161,1161,150,395,545,1706
4876,1167,1167,1172,150,400,550,1717
4877,1161,1161,1156,150,395,545,1706
4878,1156,1156,1155,150,394,544,1700
4879,1166,1166,1167,150,395,545,1711
4880,1162,1162,1167,150,400,550,1712
4881,1177,1177,1172,150,395,545,1722
4882,1173,1173,1178,150,400,550,1723
4883,1172,1172,1166,150,394,544,1716
4884,1172,1172,1178,150,400,550,1722
4885,1178,1172,1178,144,406,550,1728
4886,1166,1172,1166,150,400,550,1716
4887,1173,1167,1162,144,395,539,1712
4888,1166,1172,1172,150,395,545,1711
4889,1167,1161,1161,144,395,539,1706
4890,1161,1167,1172,150,400,550,1711
4891,1161,1161,1156,150,395,545,1706
4892,1178,1172,1172,144,395,539,1717
4893,1172,1178,1183,150,400,550,1722
4894,1189,1189,1184,150,395,545,1734
4895,1189,1189,1200,150,406,556,1745
4896,1200,1200,1188,150,394,544,1744
4897,1200,1200,1206,150,400,550,1750
4898,1200,1200,1200,150,400,550,1750
4899,1172,1167,1167,145,400,545,1717
4900,1167,1172,1166,150,394,544,1711
4901,1172,1167,1173,145,400,545,1717
4902,1156,1161,1161,150,400,550,1706
4903,1166,1166,1161,150,395,545,1711
4904,1173,1173,1172,150,394,544,1717
4905,1177,1172,1172,145,394,539,1716
4906,1189,1189,1195,145,400,545,1734
4907,1184,1189,1189,150,400,550,1734
4908,1205,1200,1194,145,394,539,1744
4909,1189,1188,1194,144,400,544,1733
4910,1189,1195,1195,150,400,550,1739
4911,1194,1194,1194,150,400,550,1744
4912,1173,1173,1173,150,400,550,1723
4913,1166,1166,1166,150,400,550,1716
4914,1172,1172,1172,150,400,550,1722
4915,1167,1167,1162,150,395,545,1712
4916,1167,1167,1172,150,400,550,1717
4917,1166,1166,1161,150,395,545,1711
4918,1173,1173,1178,150,400,550,1723
4919,1161,1161,1161,150,400,550,1711
4920,1155,1155,1150,150,395,545,1700
4921,1178,1178,1172,150,389,539,1717
4922,1189,1189,1194,150,394,544,1733
4923,1189,1189,1195,150,400,550,1739
4924,1178,1178,1178,150,400,550,1728
4925,1189,1189,1183,150,394,544,1733
4926,1188,1188,1189,150,395,545,1733
4927,1189,1184,1189,145,400,545,1734
4928,1189,1189,1194,145,405,550,1739
4929,1184,1189,1184,150,400,550,1734
4930,1183,1183,1183,150,400,550,1733
4931,1189,1189,1189,150,400,550,1739
4932,1189,1189,1189,150,400,550,1739
4933,1183,1183,1189,150,406,556,1739
4934,1189,1189,1177,150,394,544,1733
4935,1172,1167,1173,145,400,545,1717
4936,1178,1183,1183,150,400,550,1728
4937,1189,1183,1183,144,400,544,1733
4938,1172,1178,1172,150,394,544,1716
4939,1167,1161,1167,144,400,544,1711
4940,1166,1167,1172,145,405,550,1716
4941,1173,1178,1173,150,400,550,1723
4942,1172,1172,1172,150,400,550,1722
4943,1189,1189,1183,150,394,544,1733
4944,1189,1189,1195,150,400,550,1739
4945,1183,1177,1177,144,400,544,1727
4946,1178,1184,1184,150,400,550,1728
4947,1172,1172,1177,150,405,555,1727
4948,1183,1183,1178,150,400,550,1733
4949,1156,1156,1161,150,405,555,1711
4950,1172,1172,1167,150,400,550,1722
4951,1183,1183,1178,150,395,545,1728
4952,1189,1184,1183,145,394,539,1728
4953,1189,1189,1200,145,405,550,1739
4954,1200,1205,1195,150,395,545,1745
4955,1200,1200,1200,150,395,545,1745
4956,1200,1200,1205,150,400,550,1750
4957,1183,1183,1178,150,395,545,1728
4958,1195,1195,1194,150,394,544,1739
4959,1194,1194,1195,150,395,545,1739
4960,1206,1200,1211,144,406,550,1756
4961,1194,1195,1194,145,405,550,1744
4962,1184,1189,1184,150,400,550,1734
4963,1183,1183,1189,150,406,556,1739
4964,1194,1189,1183,145,400,545,1739
4965,1184,1183,1189,144,406,550,1734
4966,1178,1184,1178,150,400,550,1728
4967,1183,1183,1183,150,400,550,1733
4968,1189,1189,1194,150,405,555,1744
4969,1178,1178,1173,150,400,550,1728
4970,1188,1188,1188,150,400,550,1738
4971,1178,1178,1178,150,400,550,1728
4972,1178,1178,1178,150,400,550,1728
4973,1189,1189,1183,150,394,544,1733
4974,1189,1183,1189,144,400,544,1733
4975,1183,1189,1195,150,406,556,1739
4976,1183,1183,1177,150,400,550,1733
4977,1189,1189,1184,150,395,545,1734
4978,1184,1184,1183,150,394,544,1728
4979,1183,1183,1195,150,406,556,1739
4980,1150,1183,1177,150,400,553,1733
4981,1217,1184,1184,150,400,550,1767
4982,1177,1172,1172,145,400,545,1722
4983,1184,1189,1189,150,400,550,1734
4984,1189,1189,1189,150,400,550,1739
4985,1189,1183,1183,144,400,544,1733
4986,1172,1178,1178,150,400,550,1722
4987,1189,1189,1183,150,394,544,1733
4988,1177,1177,1178,150,395,545,1722
4989,1173,1173,1178,150,400,550,1723
4990,1172,1172,1172,150,400,550,1722
4991,1183,1178,1183,145,405,550,1733
4992,1172,1172,1167,145,400,545,1717
4993,1167,1172,1172,150,400,550,1717
4994,1183,1183,1178,150,395,545,1728
4995,1178,1178,1189,150,406,556,1734
4996,1189,1189,1183,150,400,550,1739
4997,1189,1183,1189,144,406,550,1739
4998,1189,1195,1189,150,400,550,1739
4999,1200,1194,1194,144,400,544,1744
5000,1189,1195,1195,150,400,550,1739
5001,1200,1200,1200,150,400,550,1750
5002,1194,1189,1189,145,400,545,1739
5003,1184,1183,1189,144,406,550,1734
5004,1172,1178,1172,150,400,550,1722
5005,1189,1183,1189,144,406,550,1739
5006,1172,1178,1172,150,400,550,1722
5007,1183,1183,1183,150,400,550,1733
5008,1184,1184,1189,150,405,555,1739
5009,1194,1194,1189,150,400,550,1744
5010,1194,1189,1200,145,400,556,1750
5011,1184,1183,1172,144,400,544,1728
5012,1183,1184,1189,145,405,550,1733
5013,1183,1188,1183,150,400,550,1733
5014,1189,1189,1184,150,395,545,1734
5015,1178,1178,1183,150,400,550,1728
5016,1200,1200,1200,150,400,550,1750
5017,1178,1178,1183,150,405,555,1733
5018,1178,1178,1173,150,400,550,1728
5019,1183,1183,1189,150,406,556,1739
5020,1189,1183,1177,144,400,544,1733
5021,1189,1195,1195,150,400,550,1739
5022,1194,1194,1194,150,400,550,1744
5023,1195,1195,1200,150,405,555,1750
5024,1200,1200,1195,150,400,550,1750
5025,1200,1194,1200,144,406,550,1750
5026,1183,1183,1322.5,144,403,548.8,1744.5
5027,1191.4,1195,1255.75,147.6,400,547.6,1739
5028,1186.6,1189,1189,150,400,550,1736.6
5029,1178,1178,1178,150,400,550,1728
5030,1177,1172,1177,145,405,550,1727
5031,1178,1183,1173,150,395,545,1723
5032,1167,1167,1166,150,394,544,1711
5033,1172,1172,1178,150,400,550,1722
5034,1172,1172,1172,150,400,550,1722
5035,1184,1178,1178,144,400,544,1728
5036,1172,1172,1172,144,400,544,1716
5037,1172,1178,1172,150,394,544,1716
5038,1172,1172,1173,150,395,545,1717
5039,1156,1156,1155,150,394,544,1700
5040,1172,1172,1178,150,400,550,1722
5041,1172,1172,1172,150,400,550,1722
5042,1178,1172,1167,144,395,539,1717
5043,1167,1173,1167,150,389,539,1706
5044,1183,1183,1194,150,400,550,1733
5045,1189,1189,1183,150,394,544,1733
5046,1183,1183,1189,150,400,550,1733
5047,1178,1178,1178,150,400,550,1728
5048,1183,1183,1178,150,395,545,1728
5049,1184,1184,1194,150,405,555,1739
5050,1177,1177,1167,150,395,545,1722
5051,1189,1189,1200,150,406,556,1745
5052,1195,1195,1183,150,394,544,1739
5053,1183,1183,1189,150,400,550,1733
5054,1189,1183,1178,144,395,539,1728
5055,1172,1178,1183,150,400,550,1722
5056,1178,1178,1178,150,400,550,1728
5057,1172,1172,1178,150,406,556,1728
5058,1189,1189,1183,150,400,550,1739
5059,1195,1189,1195,144,406,550,1745
5060,1188,1189,1188,145,405,550,1738
5061,1195,1200,1195,150,400,550,1745
5062,1189,1189,1189,150,400,550,1739
5063,1194,1194,1194,150,400,550,1744
5064,1184,1184,1184,150,400,550,1734
5065,1194,1194,1194,150,400,550,1744
5066,1183,1183,1183,150,400,550,1733
5067,1184,1178,1173,144,395,539,1723
5068,1177,1183,1188,150,400,550,1727
5069,1189,1184,1184,145,400,545,1734
5070,1167,1172,1172,150,400,550,1717
5071,1178,1178,1178,150,400,550,1728
5072,1178,1178,1178,150,400,550,1728
5073,1194,1194,1194,150,400,550,1744
5074,1200,1200,1194,150,394,544,1744
5075,1194,1194,1200,150,400,550,1744
5076,1195,1195,1195,150,400,550,1745
5077,1200,1200,1205,150,405,555,1755
5078,1200,1200,1189,150,394,544,1744
5079,1194,1194,1195,150,395,545,1739
5080,1173,1200,1205,150,400,547.5,1750
5081,1222,1195,1195,150,400,550,1772
5082,1189,1189,1194,150,405,555,1744
5083,1183,1183,1172,150,394,544,1727
5084,1172,1172,1178,150,400,550,1722
5085,1184,1184,1189,150,405,555,1739
5086,1194,1188,1189,144,406,550,1744
5087,1172,1178,1167,150,395,545,1717
5088,1172,1172,1177,150,400,550,1722
5089,1178,1178,1167,150,389,539,1717
5090,1189,1184,1195,145,400,545,1734
5091,1178,1183,1183,150,400,550,1728
5092,1200,1200,1200,150,400,550,1750
5093,1211,1205,1205,144,400,544,1755
5094,1206,1212,1212,150,400,550,1756
5095,1205,1205,1205,150,400,550,1755
5096,1211,1211,1211,150,400,550,1761
5097,1200,1195,1200,145,405,550,1750
5098,1200,1205,1206,150,406,556,1756
5099,1200,1200,1194,150,400,550,1750
5100,1211,1206,1206,145,400,545,1756
5101,1206,1211,1211,150,400,550,1756
5102,1200,1200,1200,150,400,550,1750
5103,1194,1194,1194,150,400,550,1744
5104,1195,1195,1195,150,400,550,1745
5105,1183,1183,1183,150,400,550,1733
5106,1200,1195,1189,145,394,539,1739
5107,1172,1177,1183,150,400,550,1722
5108,1195,1189,1189,144,400,544,1739
5109,1189,1189,1189,144,400,544,1733
5110,1172,1172,1172,144,400,544,1716
5111,1189,1195,1189,150,394,544,1733
5112,1178,1178,1184,150,400,550,1728
5113,1188,1188,1188,150,400,550,1738
5114,1189,1189,1184,150,395,545,1734
5115,1195,1189,1200,144,406,550,1745
5116,1172,1178,1172,150,400,550,1722
5117,1167,1167,1167,150,400,550,1717
5118,1183,1183,1183,150,400,550,1733
5119,1194,1194,1194,150,400,550,1744
5120,1189,1189,1189,150,400,550,1739
5121,1195,1195,1200,150,405,555,1750
5122,1211,1211,1200,150,394,544,1755
5123,1194,1194,1200,150,400,550,1744
5124,1195,1195,1200,150,405,555,1750
5125,1205,1205,1200,150,400,550,1755
5126,1200,1200,1200,150,400,550,1750
5127,1200,1200,1200,150,400,550,1750
5128,1195,1195,1195,150,400,550,1745
5129,1200,1200,1200,150,400,550,1750
5130,1205,1200,1200,145,400,545,1750
5131,1206,1211,1216,150,405,555,1761
5132,1178,1178,1173,150,400,550,1728
5133,1183,1183,1183,150,400,550,1733
5134,1183,1183,1178,150,395,545,1728
5135,1184,1178,1189,144,406,550,1734
5136,1183,1189,1183,150,400,550,1733
5137,1194,1194,1194,150,400,550,1744
5138,1195,1195,1195,150,400,550,1745
5139,1194,1194,1194,150,400,550,1744
5140,1195,1195,1206,150,400,561,1756
5141,1194,1194,1183,150,400,550,1744
5142,1189,1184,1184,145,400,545,1734
5143,1195,1200,1205,150,405,555,1750
5144,1183,1177,1178,144,406,550,1733
5145,1200,1200,1200,144,406,550,1750
5146,1183,1189,1183,150,400,550,1733
5147,1195,1189,1189,144,400,544,1739
5148,1194,1195,1200,145,405,550,1744
5149,1189,1194,1189,150,400,550,1739
5150,1200,1200,1200,150,400,550,1750
5151,1200,1200,1200,150,400,550,1750
5152,1200,1194,1194,144,400,544,1744
5153,1194,1200,1195,150,395,545,1739
5154,1189,1189,1194,150,400,550,1739
5155,1195,1195,1195,150,400,550,1745
5156,1183,1183,1183,150,400,550,1733
5157,1183,1183,1183,150,400,550,1733
5158,1189,1189,1189,150,400,550,1739
5159,1178,1178,1173,150,395,545,1723
5160,1172,1172,1177,150,400,550,1722
5161,1184,1184,1184,150,400,550,1734
5162,1183,1177,1177,144,400,544,1727
5163,1172,1184,1178,156,394,550,1722
5164,1184,1178,1189,150,405,555,1739
5165,1200,1200,1195,150,400,550,1750
5166,1205,1205,1205,150,400,550,1755
5167,1189,1189,1189,150,400,550,1739
5168,1194,1194,1200,150,406,556,1750
5169,1206,1200,1189,144,395,539,1745
5170,1178,1184,1189,150,400,550,1728
5171,1189,1189,1194,150,405,555,1744
5172,1194,1194,1189,150,400,550,1744
5173,1195,1189,1195,144,406,550,1745
5174,1194,1194,1188,144,400,544,1738
5175,1194,1200,1200,150,400,550,1744
5176,1178,1178,1178,150,400,550,1728
5177,1189,1189,1189,150,400,550,1739
5178,1189,1189,1183,150,394,544,1733
5179,1178,1178,1184,150,400,550,1728
5180,1178,1172,1172,144,400,544,1722
5181,1188,1194,1200,150,406,556,1744
5182,1178,1178,1167,150,395,545,1723
5183,1178,1178,1183,150,400,550,1728
5184,1183,1183,1183,150,400,550,1733
5185,1184,1184,1184,150,400,550,1734
5186,1161,1161,1161,150,400,550,1711
5187,1172,1172,1166,150,394,544,1716
5188,1178,1178,1178,150,394,544,1722
5189,1172,1172,1178,150,400,550,1722
5190,1189,1189,1189,150,400,550,1739
5191,1194,1194,1194,150,400,550,1744
5192,1195,1189,1195,144,406,550,1745
5193,1189,1195,1189,150,400,550,1739
5194,1194,1194,1194,150,400,550,1744
5195,1200,1200,1195,150,395,545,1745
5196,1183,1183,1188,150,400,550,1733
5197,1173,1173,1167,150,394,544,1717
5198,1177,1177,1183,150,400,550,1727
5199,1173,1173,1167,150,394,544,1717
5200,1177,1177,1183,150,400,550,1727
5201,1184,1184,1184,150,400,550,1734
5202,1189,1189,1189,150,400,550,1739
5203,1177,1177,1166,150,389,539,1716
5204,1195,1195,1206,150,400,550,1745
5205,1194,1194,1189,150,395,545,1739
5206,1189,1184,1189,145,400,545,1734
5207,1195,1194,1194,144,400,544,1739
5208,1189,1195,1195,150,400,550,1739
5209,1194,1194,1188,150,394,544,1738
5210,1183,1183,1189,150,400,550,1733
5211,1195,1189,1189,144,400,544,1739
5212,1194,1200,1195,150,395,545,1739
5213,1178,1178,1183,150,400,550,1728
5214,1189,1189,1189,150,400,550,1739
5215,1194,1194,1194,150,400,550,1744
5216,1195,1189,1189,144,400,544,1739
5217,1194,1200,1195,150,395,545,1739
5218,1195,1195,1200,150,400,550,1745
5219,1183,1183,1177,150,394,544,1727
5220,1189,1183,1195,144,406,550,1739
5221,1189,1195,1183,150,394,544,1733
5222,1189,1189,1195,150,400,550,1739
5223,1189,1189,1194,150,405,555,1744
5224,1188,1188,1178,150,395,545,1733
5225,1189,1189,1189,150,395,545,1734
5226,1184,1178,1189,144,406,550,1734
5227,1166,1167,1166,145,405,550,1716
5228,1189,1194,1189,150,400,550,1739
5229,1206,1200,1206,144,406,550,1756
5230,1200,1206,1200,150,400,550,1750
5231,1189,1183,1189,144,406,550,1739
5232,1194,1200,1189,150,395,545,1739
5233,1200,1195,1200,145,400,545,1745
5234,1206,1211,1211,150,400,550,1756
5235,1211,1216,1216,155,400,555,1766
5236,1228,1223,1223,150,400,550,1778
5237,1205,1205,1205,150,400,550,1755
5238,1222,1222,1222,150,400,550,1772
5239,1217,1217,1211,150,394,544,1761
5240,1217,1217,1223,150,400,550,1767
5241,1216,1216,1211,150,395,545,1761
5242,1206,1200,1205,144,400,544,1750
5243,1194,1195,1195,145,400,545,1739
5244,1195,1200,1200,150,400,550,1745
5245,1189,1189,1194,150,405,555,1744
5246,1205,1205,1206,150,406,556,1761
5247,1202.5,1202.5,1200.5,145,405,550,1753
5248,1200,1200,1195,145,400,545,1745
5249,1200,1205,1205,150,400,550,1750
5250,1206,1206,1206,150,400,550,1756
5251,1205,1205,1205,150,400,550,1755
5252,1195,1195,1195,150,400,550,1745
5253,1200,1200,1200,150,400,550,1750
5254,1205,1205,1205,150,400,550,1755
5255,1200,1200,1200,150,400,550,1750
5256,1206,1206,1200,150,394,544,1750
5257,1200,1200,1195,150,389,539,1739
5258,1189,1189,1200,150,400,550,1739
5259,1189,1189,1183,150,394,544,1733
5260,1200,1200,1195,150,389,539,1739
5261,1194,1189,1211,145,394.5,556,1750
5262,1206,1205,1194,144,400,544,1750
5263,1194,1200,1200,150,400,550,1744
5264,1195,1195,1195,150,400,550,1745
5265,1200,1200,1194,150,394,544,1744
5266,1183,1177,1183,144,400,544,1727
5267,1189,1195,1195,150,400,550,1739
5268,1183,1183,1183,150,400,550,1733
5269,1189,1189,1184,150,395,545,1734
5270,1167,1167,1172,150,400,550,1717
5271,1139,1172,1178,150,406,550,1728
5272,1211,1178,1172,150,400,550,1761
5273,1178,1178,1178,150,400,550,1728
5274,1200,1194,1200,144,406,550,1750
5275,1222,1222,1222,144,406,550,1772
5276,1205,1211,1211,150,406,556,1761
5277,1211,1211,1205,150,400,550,1761
5278,1212,1212,1217,150,405,555,1767
5279,1205,1205,1206,150,406,556,1761
5280,1206,1206,1205,150,405,555,1761
5281,1189,1189,1184,150,400,550,1739
5282,1211,1205,1211,144,406,550,1761
5283,1189,1189,1183,144,400,544,1733
5284,1183,1189,1189,150,400,550,1733
5285,1178,1178,1178,150,400,550,1728
5286,1183,1183,1183,150,400,550,1733
5287,1172,1172,1167,150,395,545,1717
5288,1167,1167,1177,150,405,555,1722
5289,1172,1172,1173,150,406,556,1728
5290,1183,1183,1177,150,400,550,1733
5291,1189,1184,1189,145,405,550,1739
5292,1173,1172,1173,144,406,550,1723
5293,1183,1189,1183,150,400,550,1733
5294,1189,1189,1183,150,394,544,1733
5295,1183,1178,1189,145,405,550,1733
5296,1178,1177,1172,144,400,544,1722
5297,1178,1184,1184,150,400,550,1728
5298,1177,1177,1172,150,395,545,1722
5299,1167,1167,1167,150,395,545,1712
5300,1189,1189,1188,150,394,544,1733
5301,1189,1183,1195,144,406,550,1739
5302,1194,1195,1189,145,400,545,1739
5303,1178,1178,1178,145,400,545,1723
5304,1195,1194,1194,144,400,544,1739
5305,1177,1183,1183,150,400,550,1727
5306,1189,1189,1189,150,400,550,1739
5307,1195,1195,1189,150,394,544,1739
5308,1194,1194,1200,150,400,550,1744
5309,1189,1189,1183,150,394,544,1733
5310,1189,1189,1195,150,400,550,1739
5311,1189,1189,1183,150,394,544,1733
5312,1178,1178,1189,150,405,555,1733
5313,1177,1177,1161,150,389,539,1716
5314,1195,1195,1206,150,400,550,1745
5315,1194,1189,1189,145,400,545,1739
5316,1206,1211,1205,150,394,544,1750
5317,1216,1211,1217,145,400,545,1761
5318,1195,1200,1194,150,394,544,1739
5319,1183,1183,1189,150,400,550,1733
5320,1189,1189,1184,150,395,545,1734
5321,1195,1195,1188,150,388,538,1733
5322,1194,1194,1200,150,394,544,1738
5323,1206,1200,1206,144,400,544,1750
5324,1200,1206,1206,150,400,550,1750
5325,1205,1205,1200,150,395,545,1750
5326,1206,1206,1211,150,400,550,1756
5327,1205,1200,1200,145,400,545,1750
5328,1200,1200,1200,145,400,545,1745
5329,1189,1194,1200,150,406,556,1745
5330,1206,1206,1194,150,394,544,1750
5331,1200,1200,1200,150,394,544,1744
5332,1194,1194,1206,150,406,556,1750
5333,1195,1195,1189,150,400,550,1745
5334,1200,1200,1194,150,394,544,1744
5335,1183,1183,1189,150,400,550,1733
5336,1211,1211,1211,150,400,550,1761
5337,1178,1178,1178,150,400,550,1728
5338,1172,1172,1166,150,394,544,1716
5339,1172,1172,1178,150,400,550,1722
5340,1195,1195,1195,150,400,550,1745
5341,1200,1200,1194,150,394,544,1744
5342,1155,1189,1189,150,394,547,1733
5343,1239,1205,1211,150,400,550,1789
5344,1211,1206,1200,145,394,539,1750
5345,1206,1211,1217,150,400,550,1756
5346,1172,1200,1200,150,400,547,1750
5347,1250,1222,1216,150,394,544,1794
5348,1211,1206,1212,145,400,545,1756
5349,1206,1211,1216,150,405,555,1761
5350,1211,1211,1206,150,400,550,1761
5351,1205,1205,1205,150,400,550,1755
5352,1195,1195,1195,150,400,550,1745
5353,1205,1200,1200,145,400,545,1750
5354,1195,1200,1194,150,394,544,1739
5355,1189,1189,1195,150,400,550,1739
5356,1200,1200,1200,150,400,550,1750
5357,1183,1183,1183,150,400,550,1733
5358,1194,1189,1189,145,400,545,1739
5359,1195,1200,1194,150,394,544,1739
5360,1205,1200,1206,145,400,545,1750
5361,1200,1205,1205,150,400,550,1750
5362,1223,1217,1223,144,406,550,1773
5363,1200,1206,1205,150,405,555,1755
5364,1205,1200,1195,145,400,545,1750
5365,1200,1200,1205,145,405,550,1750
5366,1206,1211,1206,150,400,550,1756
5367,1200,1200,1200,150,400,550,1750
5368,1194,1194,1194,150,400,550,1744
5369,1189,1189,1189,150,400,550,1739
5370,1195,1195,1195,150,400,550,1745
5371,1194,1194,1188,150,394,544,1738
5372,1178,1178,1178,150,394,544,1722
5373,1183,1183,1195,150,406,556,1739
5374,1189,1183,1177,144,400,544,1733
5375,1172,1173,1173,145,400,545,1717
5376,1195,1200,1200,150,400,550,1745
5377,1200,1200,1194,150,394,544,1744
5378,1200,1200,1206,150,400,550,1750
5379,1200,1194,1189,144,395,539,1739
5380,1205,1211,1211,150,395,545,1750
5381,1200,1200,1205,150,400,550,1750
5382,1206,1200,1200,144,400,544,1750
5383,1194,1200,1195,150,395,545,1739
5384,1211,1211,1216,150,400,550,1761
5385,1195,1195,1195,150,400,550,1745
5386,1200,1200,1205,150,405,555,1755
5387,1216,1216,1211,150,400,550,1766
5388,1206,1206,1200,150,394,544,1750
5389,1194,1189,1200,145,405,550,1744
5390,1195,1194,1195,144,406,550,1745
5391,1200,1206,1200,150,400,550,1750
5392,1194,1194,1189,150,395,545,1739
5393,1189,1189,1194,150,400,550,1739
5394,1211,1211,1211,150,400,550,1761
5395,1195,1195,1189,150,394,544,1739
5396,1183,1183,1189,150,400,550,1733
5397,1167,1172,1167,155,395,550,1717
5398,1183,1178,1178,150,395,545,1728
5399,1183,1178,1188,145,405,550,1733
5400,1178,1183,1173,150,395,545,1723
5401,1189,1189,1189,150,395,545,1734
5402,1145,1178,1183,147.5,400,545,1728
5403,1216,1178,1178,145,400,545,1761
5404,1189,1189,1189,145,400,545,1734
5405,1183,1188,1188,150,400,550,1733
5406,1178,1178,1178,150,400,550,1728
5407,1184,1184,1184,150,400,550,1734
5408,1150,1183,1183,150,400,547,1733
5409,1211,1178,1172,150,394,544,1755
5410,1183,1183,1183,150,394,544,1727
5411,1189,1189,1195,150,400,550,1739
5412,1200,1200,1194,150,394,544,1744
5413,1200,1200,1206,150,400,550,1750
5414,1222,1222,1228,150,406,556,1778
5415,1189,1189,1183,150,400,550,1739
5416,1194,1194,1194,150,400,550,1744
5417,1184,1178,1184,144,406,550,1734
5418,1189,1195,1189,150,400,550,1739
5419,1194,1194,1189,150,395,545,1739
5420,1189,1189,1194,150,400,550,1739
5421,1189,1189,1194,150,405,555,1744
5422,1200,1200,1195,150,400,550,1750
5423,1211,1205,1205,144,400,544,1755
5424,1189,1195,1195,150,400,550,1739
5425,1183,1183,1178,150,395,545,1728
5426,1200,1200,1200,150,395,545,1745
5427,1189,1189,1194,150,400,550,1739
5428,1200,1195,1200,145,405,550,1750
5429,1200,1205,1195,150,395,545,1745
5430,1189,1189,1188,150,394,544,1733
5431,1178,1178,1184,150,400,550,1728
5432,1194,1194,1194,150,400,550,1744
5433,1195,1195,1189,150,394,544,1739
5434,1189,1189,1189,150,394,544,1733
5435,1200,1194,1206,144,406,550,1750
5436,1194,1200,1194,150,400,550,1744
5437,1189,1183,1183,144,400,544,1733
5438,1194,1200,1200,150,400,550,1744
5439,1161,1195,1200,150,405,547,1750
5440,1234,1200,1189,150,394,544,1778
5441,1189,1189,1189,150,394,544,1733
5442,1177,1172,1178,145,400,545,1722
5443,1189,1194,1189,150,395,545,1734
5444,1200,1195,1200,145,400,545,1745
5445,1189,1194,1189,150,395,545,1734
5446,1189,1189,1189,150,395,545,1734
5447,1195,1195,1200,150,400,550,1745
5448,1194,1194,1194,150,400,550,1744
5449,1194,1194,1194,150,400,550,1744
5450,1189,1189,1189,150,400,550,1739
5451,1200,1200,1200,150,400,550,1750
5452,1200,1200,1200,150,400,550,1750
5453,1206,1206,1200,150,394,544,1750
5454,1200,1200,1206,150,400,550,1750
5455,1211,1205,1205,144,400,544,1755
5456,1206,1206,1206,144,400,544,1750
5457,1200,1206,1211,150,405,555,1755
5458,1211,1211,1206,150,400,550,1761
5459,1205,1205,1200,150,395,545,1750
5460,1195,1195,1194,150,394,544,1739
5461,1200,1200,1200,150,394,544,1744
5462,1205,1205,1211,150,400,550,1755
5463,1206,1206,1206,150,400,550,1756
5464,1205,1205,1205,150,400,550,1755
5465,1189,1189,1186.6,150,397.6,547.6,1736.6
5466,1195,1195,1197.4,150,400,550,1745
5467,1200,1200,1194,150,394,544,1744
5468,1205,1205,1206,150,395,545,1750
5469,1184,1184,1189,150,400,550,1734
5470,1194,1194,1194,150,400,550,1744
5471,1194,1194,1194,150,400,550,1744
5472,1195,1195,1195,150,400,550,1745
5473,1189,1183,1183,144,400,544,1733
5474,1189,1195,1189,150,394,544,1733
5475,1189,1183,1189,144,400,544,1733
5476,1183,1189,1183,150,394,544,1727
5477,1183,1183,1184,150,395,545,1728
5478,1195,1200,1205,155,400,555,1750
5479,1205,1200,1195,150,395,545,1750
5480,1200,1195,1200,145,400,545,1745
5481,1206,1211,1211,150,400,550,1756
5482,1216,1211,1216,145,405,550,1766
5483,1206,1211,1200,150,394,544,1750
5484,1211,1211,1217,150,400,550,1761
5485,1200,1200,1206,150,406,556,1756
5486,1217,1217,1205,150,394,544,1761
5487,1194,1194,1200,150,400,550,1744
5488,1189,1189,1189,150,400,550,1739
5489,1200,1195,1200,145,405,550,1750
5490,1183,1188,1178,150,395,545,1728
5491,1189,1189,1194,150,400,550,1739
5492,1195,1195,1195,150,400,550,1745
5493,1178,1178,1172,150,394,544,1722
5494,1177,1177,1178,150,395,545,1722
5495,1178,1178,1178,150,395,545,1723
5496,1200,1200,1205,150,400,550,1750
5497,1211,1211,1206,150,395,545,1756
5498,1211,1211,1216,150,400,550,1761
5499,1211,1211,1211,150,400,550,1761
5500,1212,1212,1212,150,400,550,1762
5501,1205,1205,1200,150,395,545,1750
5502,1200,1200,1200,150,395,545,1745
5503,1206,1206,1211,150,400,550,1756
5504,1216,1216,1211,150,395,545,1761
5505,1200,1195,1200,145,400,545,1745
5506,1189,1194,1189,150,395,545,1734
5507,1200,1195,1200,145,400,545,1745
5508,1189,1194,1194,150,400,550,1739
5509,1183,1183,1178,150,395,545,1728
5510,1200,1200,1200,150,395,545,1745
5511,1184,1184,1189,150,400,550,1734
5512,1189,1189,1189,150,400,550,1739
5513,1183,1183,1183,150,400,550,1733
5514,1183,1183,1178,150,395,545,1728
5515,1189,1189,1194,150,400,550,1739
5516,1189,1189,1184,150,395,545,1734
5517,1195,1195,1200,150,400,550,1745
5518,1200,1200,1200,150,400,550,1750
5519,1200,1200,1194,150,394,544,1744
5520,1200,1200,1200,150,394,544,1744
5521,1183,1183,1189,150,400,550,1733
5522,1178,1178,1172,150,394,544,1722
5523,1183,1177,1183,144,400,544,1727
5524,1167,1173,1173,150,400,550,1717
5525,1177,1177,1172,150,395,545,1722
5526,1184,1184,1189,150,400,550,1734
5527,1189,1189,1189,150,400,550,1739
5528,1194,1189,1194,145,405,550,1744
5529,1211,1216,1206,150,395,545,1756
5530,1217,1217,1222,150,400,550,1767
5531,1217,1211,1205,144,394,538,1755
5532,1205,1211,1217,150,400,550,1755
5533,1222,1222,1217,150,395,545,1767
5534,1217,1217,1222,150,400,550,1767
5535,1206,1206,1206,150,400,550,1756
5536,1205,1205,1205,150,400,550,1755
5537,1206,1200,1200,144,400,544,1750
5538,1205,1206,1206,145,400,545,1750
5539,1189,1189,1189,145,400,545,1734
5540,1200,1205,1200,150,395,545,1745
5541,1200,1200,1200,150,395,545,1745
5542,1200,1200,1200,150,395,545,1745
5543,1195,1195,1194,150,394,544,1739
5544,1200,1194,1200,144,400,544,1744
5545,1194,1200,1194,150,394,544,1738
5546,1189,1189,1189,150,394,544,1733
5547,1200,1194,1200,144,400,544,1744
5548,1189,1195,1189,150,394,544,1733
5549,1194,1194,1200,150,400,550,1744
5550,1189,1184,1184,145,400,545,1734
5551,1195,1194,1194,144,400,544,1739
5552,1188,1194,1194,150,400,550,1738
5553,1200,1200,1195,150,395,545,1745
5554,1206,1206,1205,150,394,544,1750
5555,1183,1183,1184,150,395,545,1728
5556,1200,1195,1200,145,400,545,1745
5557,1200,1205,1205,150,400,550,1750
5558,1211,1211,1211,150,400,550,1761
5559,1206,1206,1206,150,400,550,1756
5560,1194,1194,1194,150,400,550,1744
5561,1223,1217,1223,144,406,550,1773
5562,1222,1228,1216,150,394,544,1766
5563,1228,1228,1228,150,394,544,1772
5564,1227,1227,1233,150,400,550,1777
5565,1217,1217,1217,150,400,550,1767
5566,1211,1206,1211,145,405,550,1761
5567,1211,1211,1211,145,405,550,1761
5568,1211,1216,1206,150,395,545,1756
5569,1212,1212,1217,150,400,550,1762
5570,1200,1200,1194,150,394,544,1744
5571,1211,1211,1217,150,400,550,1761
5572,1205,1205,1205,150,400,550,1755
5573,1211,1211,1206,150,395,545,1756
5574,1217,1217,1228,150,406,556,1773
5575,1217,1217,1211,150,400,550,1767
5576,1205,1205,1200,150,395,545,1750
5577,1206,1206,1211,150,400,550,1756
5578,1200,1200,1200,150,400,550,1750
5579,1200,1200,1194,150,394,544,1744
5580,1205,1205,1211,150,400,550,1755
5581,1211,1206,1206,145,400,545,1756
5582,1212,1217,1211,150,394,544,1756
5583,1194,1194,1200,150,400,550,1744
5584,1161,1161,1161,150,400,550,1711
5585,1150,1145,1150,145,405,550,1700
5586,1133,1138,1128,150,395,545,1678
5587,1112,1112,1111,150,394,544,1656
5588,1100,1094,1094,144,394,538,1638
5589,1083,1083,1089,144,400,544,1627
5590,1072,1078,1078,150,400,550,1622
5591,1078,1078,1072,150,394,544,1622
5592,1111,1111,1117,150,400,550,1661
5593,1133,1133,1133,150,400,550,1683
5594,1173,1167,1167,144,400,544,1717
5595,1166,1172,1167,150,395,545,1711
5596,1206,1200,1205,144,400,544,1750
5597,1211,1217,1211,150,394,544,1755
5598,1217,1217,1223,150,400,550,1767
5599,1205,1200,1200,145,400,545,1750
5600,1217,1222,1211,150,389,539,1756
5601,1211,1211,1216,150,394,544,1755
5602,1222,1222,1223,150,395,545,1767
5603,1211,1211,1211,150,395,545,1756
5604,1217,1217,1222,150,400,550,1767
5605,1233,1233,1228,150,395,545,1778
5606,1217,1217,1216,150,394,544,1761
5607,1205,1205,1206,150,395,545,1750
5608,1217,1217,1217,150,395,545,1762
5609,1217,1211,1216,144,400,544,1761
5610,1211,1217,1217,150,400,550,1761
5611,1222,1222,1217,150,395,545,1767
5612,1245,1245,1250,150,400,550,1795
5613,1233,1233,1227,150,394,544,1777
5614,1222,1222,1228,150,400,550,1772
5615,1211,1206,1206,145,400,545,1756
5616,1217,1222,1222,150,400,550,1767
5617,1205,1205,1200,150,395,545,1750
5618,1212,1212,1211,150,394,544,1756
5619,1205,1200,1206,145,400,545,1750
5620,1217,1216,1216,144,400,544,1761
5621,1200,1200,1195,144,395,539,1739
5622,1194,1195,1205,145,405,550,1744
5623,1200,1205,1195,150,395,545,1745
5624,1195,1195,1200,150,400,550,1745
5625,1200,1200,1200,150,400,550,1750
5626,1200,1200,1200,150,400,550,1750
5627,1189,1189,1189,150,400,550,1739
5628,1200,1200,1200,150,400,550,1750
5629,1211,1205,1205,144,400,544,1755
5630,1189,1189,1189,144,400,544,1733
5631,1200,1206,1206,150,400,550,1750
5632,1200,1200,1194,150,394,544,1744
5633,1194,1194,1189,150,389,539,1733
5634,1189,1189,1194,150,394,544,1733
5635,1183,1183,1184,150,395,545,1728
5636,1189,1189,1189,150,395,545,1734
5637,1183,1183,1183,150,395,545,1728
5638,1184,1184,1183,150,394,544,1728
5639,1183,1183,1184,150,395,545,1728
5640,1189,1183,1188,144,400,544,1733
5641,1178,1184,1178,150,394,544,1722
5642,1172,1172,1172,150,394,544,1716
5643,1178,1183,1184,155,395,550,1728
5644,1189,1178,1183,144,400,544,1733
5645,1177,1183,1183,150,400,550,1727
5646,1200,1200,1195,150,395,545,1745
5647,1195,1195,1200,150,400,550,1745
5648,1189,1189,1183,150,394,544,1733
5649,1216,1216,1217,150,395,545,1761
5650,1200,1200,1205,150,400,550,1750
5651,1200,1200,1200,150,400,550,1750
5652,1195,1195,1195,150,400,550,1745
5653,1189,1189,1183,150,394,544,1733
5654,1189,1183,1189,144,400,544,1733
5655,1183,1189,1189,150,400,550,1733
5656,1189,1189,1189,150,400,550,1739
5657,1194,1194,1189,150,395,545,1739
5658,1184,1184,1189,150,400,550,1734
5659,1189,1189,1189,150,400,550,1739
5660,1200,1200,1200,150,400,550,1750
5661,1205,1205,1205,150,400,550,1755
5662,1206,1206,1206,150,400,550,1756
5663,1205,1205,1200,150,395,545,1750
5664,1211,1211,1211,150,395,545,1756
5665,1211,1211,1211,150,395,545,1756
5666,1212,1212,1211,150,394,544,1756
5667,1205,1205,1211,150,400,550,1755
5668,1189,1189,1189,150,400,550,1739
5669,1217,1211,1206,144,395,539,1756
5670,1200,1206,1205,150,394,544,1744
5671,1216,1211,1222,145,405,550,1766
5672,1223,1228,1223,150,400,550,1773
5673,1216,1216,1216,150,400,550,1766
5674,1206,1206,1206,150,400,550,1756
5675,1211,1211,1211,150,400,550,1761
5676,1211,1205,1205,144,400,544,1755
5677,1194,1200,1195,150,395,545,1739
5678,1200,1200,1200,150,395,545,1745
5679,1212,1212,1211,150,394,544,1756
5680,1200,1200,1200,150,394,544,1744
5681,1183,1183,1189,150,400,550,1733
5682,1189,1189,1183,150,394,544,1733
5683,1189,1189,1195,150,400,550,1739
5684,1177,1177,1172,150,395,545,1722
5685,1185.5,1186,1183.5,144,400,544,1730.5
5686,1194,1195,1195,145,400,545,1739
5687,1189,1194,1189,150,395,545,1734
5688,1184,1184,1189,150,400,550,1734
5689,1200,1200,1200,150,400,550,1750
5690,1200,1200,1194,150,394,544,1744
5691,1189,1189,1189,150,394,544,1733
5692,1177,1177,1183,150,400,550,1727
5693,1178,1178,1173,150,395,545,1723
5694,1195,1195,1200,150,400,550,1745
5695,1188,1188,1188,150,400,550,1738
5696,1184,1184,1184,150,400,550,1734
5697,1200,1200,1200,150,400,550,1750
5698,1205,1205,1205,150,400,550,1755
5699,1200,1200,1195,150,395,545,1745
5700,1189,1189,1189,150,395,545,1734
5701,1195,1195,1200,150,400,550,1745
5702,1177,1177,1177,150,400,550,1727
5703,1184,1184,1184,150,400,550,1734
5704,1194,1189,1189,145,400,545,1739
5705,1178,1183,1177,150,394,544,1722
5706,1178,1178,1184,150,400,550,1728
5707,1189,1189,1183,150,394,544,1733
5708,1200,1200,1206,150,400,550,1750
5709,1205,1200,1200,145,400,545,1750
5710,1184,1189,1183,150,394,544,1728
5711,1177,1177,1183,150,400,550,1727
5712,1178,1178,1173,150,395,545,1723
5713,1183,1178,1183,145,400,545,1728
5714,1167,1172,1167,150,395,545,1712
5715,1178,1178,1177,150,394,544,1722
5716,1172,1172,1173,150,395,545,1717
5717,1178,1178,1183,150,400,550,1728
5718,1178,1178,1172,150,394,544,1722
5719,1177,1177,1178,150,395,545,1722
5720,1167,1167,1161,150,389,539,1706
5721,1167,1167,1172,150,394,544,1711
5722,1166,1166,1167,150,395,545,1711
5723,1178,1178,1178,150,395,545,1723
5724,1172,1167,1166,145,394,539,1711
5725,1178,1183,1184,150,395,545,1723
5726,1178,1178,1183,150,400,550,1728
5727,1172,1172,1172,150,400,550,1722
5728,1172,1172,1167,150,395,545,1717
5729,1184,1184,1189,150,400,550,1734
5730,1172,1172,1166,150,394,544,1716
5731,1183,1183,1189,150,400,550,1733
5732,1189,1184,1184,145,400,545,1734
5733,1189,1194,1189,150,395,545,1734
5734,1178,1178,1177,150,394,544,1722
5735,1189,1189,1195,150,400,550,1739
5736,1200,1200,1194,150,394,544,1744
5737,1205,1205,1206,150,395,545,1750
5738,1195,1195,1194,150,394,544,1739
5739,1194,1189,1195,145,400,545,1739
5740,1195,1200,1194,150,394,544,1739
5741,1194,1194,1195,150,395,545,1739
5742,1178,1178,1183,150,400,550,1728
5743,1167,1167,1161,150,394,544,1711
5744,1161,1161,1167,150,400,550,1711
5745,1161,1161,1155,150,394,544,1705
5746,1166,1166,1167,150,395,545,1711
5747,1173,1173,1178,150,400,550,1723
5748,1189,1189,1189,150,400,550,1739
5749,1194,1188,1188,144,400,544,1738
5750,1189,1195,1195,150,400,550,1739
5751,1200,1194,1194,144,400,544,1744
5752,1189,1195,1195,150,400,550,1739
5753,1194,1194,1189,150,395,545,1739
5754,1189,1189,1194,150,400,550,1739
5755,1195,1195,1195,150,400,550,1745
5756,1188,1188,1188,150,400,550,1738
5757,1189,1189,1189,150,400,550,1739
5758,1195,1189,1189,144,400,544,1739
5759,1189,1195,1195,150,400,550,1739
5760,1200,1200,1200,150,400,550,1750
5761,1189,1189,1183,150,394,544,1733
5762,1216,1216,1217,150,395,545,1761
5763,1217,1217,1216,150,394,544,1761
5764,1189,1189,1195,150,400,550,1739
5765,1194,1194,1194,150,400,550,1744
5766,1206,1206,1200,150,394,544,1750
5767,1211,1211,1211,150,394,544,1755
5768,1205,1200,1206,145,400,545,1750
5769,1200,1205,1200,150,395,545,1745
5770,1206,1200,1205,144,400,544,1750
5771,1183,1184,1189,145,405,550,1733
5772,1184,1189,1184,150,400,550,1734
5773,1194,1194,1189,150,395,545,1739
5774,1195,1195,1200,150,400,550,1745
5775,1188,1183,1183,145,400,545,1733
5776,1189,1194,1194,150,400,550,1739
5777,1195,1189,1184,144,395,539,1734
5778,1194,1200,1200,150,395,545,1739
5779,1189,1189,1194,150,400,550,1739
5780,1195,1195,1189,150,394,544,1739
5781,1194,1188,1194,144,400,544,1738
5782,1183,1189,1189,150,400,550,1733
5783,1189,1189,1189,150,400,550,1739
5784,1184,1178,1178,144,400,544,1728
5785,1183,1189,1183,150,394,544,1727
5786,1183,1183,1189,150,400,550,1733
5787,1184,1184,1178,150,394,544,1728
5788,1177,1177,1183,150,400,550,1727
5789,1189,1189,1184,150,395,545,1734
5790,1195,1195,1200,150,400,550,1745
5791,1183,1183,1183,150,400,550,1733
5792,1206,1206,1206,150,400,550,1756
5793,1205,1200,1200,145,400,545,1750
5794,1195,1200,1194,150,394,544,1739
5795,1194,1194,1200,150,400,550,1744
5796,1194,1194,1200,150,406,556,1750
5797,1184,1184,1172,150,394,544,1728
5798,1189,1189,1195,150,400,550,1739
5799,1189,1189,1189,150,400,550,1739
5800,1177,1177,1172,150,395,545,1722
5801,1178,1178,1178,150,395,545,1723
5802,1183,1178,1183,145,400,545,1728
5803,1173,1172,1178,144,406,550,1723
5804,1166,1172,1161,150,395,545,1711
5805,1178,1173,1178,145,400,545,1723
5806,1172,1177,1177,150,400,550,1722
5807,1189,1189,1189,150,400,550,1739
5808,1189,1189,1184,150,395,545,1734
5809,1200,1200,1205,150,400,550,1750
5810,1200,1195,1195,145,400,545,1745
5811,1189,1194,1194,150,400,550,1739
5812,1206,1200,1194,144,394,538,1744
5813,1194,1200,1200,150,394,544,1738
5814,1194,1194,1195,150,395,545,1739
5815,1195,1195,1200,150,400,550,1745
5816,1194,1194,1189,150,395,545,1739
5817,1206,1200,1205,144,400,544,1750
5818,1178,1184,1184,150,400,550,1728
5819,1172,1172,1166,150,394,544,1716
5820,1167,1167,1173,150,400,550,1717
5821,1172,1172,1172,150,400,550,1722
5822,1183,1178,1172,145,394,539,1722
5823,1178,1177,1183,144,400,544,1722
5824,1167,1173,1167,150,394,544,1711
5825,1194,1194,1194,150,394,544,1738
5826,1194,1189,1195,145,400,545,1739
5827,1178,1183,1183,150,400,550,1728
5828,1195,1195,1195,150,400,550,1745
5829,1189,1189,1183,150,394,544,1733
5830,1188,1188,1189,150,395,545,1733
5831,1184,1184,1183,150,394,544,1728
5832,1183,1178,1178,145,394,539,1722
5833,1178,1183,1189,150,400,550,1728
5834,1189,1189,1183,150,394,544,1733
5835,1183,1183,1189,150,400,550,1733
5836,1195,1195,1195,150,400,550,1745
5837,1205,1205,1205,150,400,550,1755
5838,1172,1172,1172,150,400,550,1722
5839,1178,1178,1173,150,395,545,1723
5840,1183,1183,1183,150,395,545,1728
5841,1195,1195,1194,150,394,544,1739
5842,1200,1194,1200,144,400,544,1744
5843,1211,1217,1211,150,394,544,1755
5844,1200,1200,1212,150,406,556,1756
5845,1211,1206,1194,145,394,539,1750
5846,1195,1200,1206,150,400,550,1745
5847,1205,1205,1200,150,395,545,1750
5848,1200,1200,1211,150,406,556,1756
5849,1206,1206,1194,150,394,544,1750
5850,1183,1183,1183,150,394,544,1727
5851,1206,1200,1206,144,400,544,1750
5852,1194,1194,1194,144,400,544,1738
5853,1189,1189,1184,144,395,539,1728
5854,1178,1178,1183,144,400,544,1722
5855,1183,1183,1183,144,400,544,1727
5856,1178,1184,1178,150,394,544,1722
5857,1183,1178,1178,145,394,539,1722
5858,1167,1172,1178,150,400,550,1717
5859,1189,1189,1183,150,394,544,1733
5860,1189,1183,1189,144,400,544,1733
5861,1177,1183,1178,150,395,545,1722
5862,1195,1195,1194,150,394,544,1739
5863,1189,1189,1189,150,394,544,1733
5864,1200,1200,1206,150,400,550,1750
5865,1194,1189,1189,145,400,545,1739
5866,1195,1200,1194,150,394,544,1739
5867,1200,1200,1200,150,394,544,1744
5868,1194,1188,1200,144,406,550,1744
5869,1200,1206,1194,150,394,544,1744
5870,1194,1194,1195,150,395,545,1739
5871,1189,1189,1189,150,395,545,1734
5872,1189,1189,1189,150,395,545,1734
5873,1189,1184,1189,145,400,545,1734
5874,1183,1188,1188,150,400,550,1733
5875,1189,1189,1189,150,400,550,1739
5876,1200,1200,1195,150,395,545,1745
5877,1200,1200,1205,150,400,550,1750
5878,1178,1178,1167,150,389,539,1717
5879,1183,1183,1189,150,395,545,1728
5880,1178,1178,1178,150,395,545,1723
5881,1189,1189,1189,150,395,545,1734
5882,1178,1172,1177,144,400,544,1722
5883,1183,1189,1184,150,395,545,1728
5884,1189,1189,1183,150,389,539,1728
5885,1183,1178,1189,145,400,545,1728
5886,1184,1189,1183,150,394,544,1728
5887,1194,1194,1195,150,395,545,1739
5888,1200,1200,1205,150,400,550,1750
5889,1195,1189,1189,144,400,544,1739
5890,1177,1178,1172,145,394,539,1716
5891,1167,1172,1173,150,395,545,1712
5892,1189,1189,1188,150,394,544,1733
5893,1189,1189,1195,150,400,550,1739
5894,1211,1211,1205,150,394,544,1755
5895,1222,1222,1223,150,395,545,1767
5896,1222,1222,1222,150,395,545,1767
5897,1217,1212,1217,145,400,545,1762
5898,1217,1222,1216,150,394,544,1761
5899,1211,1205,1211,144,400,544,1755
5900,1211,1211,1211,144,400,544,1755
5901,1211,1217,1217,150,400,550,1761
5902,1211,1211,1206,150,395,545,1756
5903,1206,1206,1200,150,389,539,1745
5904,1203,1200.5,1203,150,389,539,1745
5905,1200,1195,1206,145,400,545,1745
5906,1195,1200,1194,150,394,544,1739
5907,1183,1189,1189,156,394,550,1733
5908,1189,1183,1183,150,394,544,1733
5909,1178,1172,1178,144,400,544,1722
5910,1183,1189,1183,150,394,544,1727
5911,1172,1178,1173,156,389,545,1717
5912,1178,1172,1183,150,400,550,1728
5913,1178,1178,1172,150,394,544,1722
5914,1183,1178,1178,145,394,539,1722
5915,1183,1188,1189,150,395,545,1728
5916,1195,1189,1194,144,400,544,1739
5917,1183,1189,1178,150,389,539,1722
5918,1206,1206,1217,150,400,550,1756
5919,1194,1194,1189,150,395,545,1739
5920,1206,1206,1211,150,400,550,1756
5921,1205,1205,1205,150,400,550,1755
5922,1206,1206,1206,150,400,550,1756
5923,1205,1205,1205,150,400,550,1755
5924,1212,1212,1206,150,394,544,1756
5925,1205,1205,1206,150,395,545,1750
5926,1200,1200,1200,150,395,545,1745
5927,1183,1183,1188,150,400,550,1733
5928,1200,1200,1206,150,406,556,1756
5929,1189,1189,1178,150,395,545,1734
5930,1195,1195,1189,150,389,539,1734
5931,1189,1189,1194,150,394,544,1733
5932,1172,1172,1178,150,400,550,1722
5933,1194,1194,1189,150,395,545,1739
5934,1195,1189,1189,144,395,539,1734
5935,1183,1184,1189,145,400,545,1728
5936,1183,1183,1183,145,400,545,1728
5937,1189,1194,1189,150,395,545,1734
5938,1167,1161,1161,144,395,539,1706
5939,1178,1184,1189,150,400,550,1728
5940,1178,1172,1166,144,394,538,1716
5941,1161,1167,1167,150,394,544,1705
5942,1161,1155,1161,144,400,544,1705
5943,1166,1172,1167,150,395,545,1711
5944,1184,1184,1189,150,400,550,1734
5945,1211,1211,1205,150,394,544,1755
5946,1211,1211,1223,150,406,556,1767
5947,1228,1228,1222,150,400,550,1778
5948,1216,1216,1216,150,400,550,1766
5949,1195,1195,1195,150,400,550,1745
5950,1189,1189,1189,150,400,550,1739
5951,1205,1205,1205,150,400,550,1755
5952,1184,1184,1184,150,400,550,1734
5953,1183,1183,1183,150,400,550,1733
5954,1183,1183,1178,150,395,545,1728
5955,1167,1167,1172,150,400,550,1717
5956,1172,1172,1167,150,395,545,1717
5957,1172,1172,1177,150,400,550,1722
5958,1184,1184,1178,150,394,544,1728
5959,1172,1166,1172,144,400,544,1716
5960,1172,1178,1173,150,395,545,1717
5961,1178,1172,1177,144,400,544,1722
5962,1172,1184,1178,156,394,550,1722
5963,1206,1200,1200,150,394,544,1750
5964,1172,1172,1172,150,394,544,1716
5965,1172,1167,1173,145,400,545,1717
5966,1172,1177,1177,150,400,550,1722
5967,1184,1184,1178,150,394,544,1728
5968,1205,1205,1206,150,395,545,1750
5969,1206,1206,1205,150,394,544,1750
5970,1183,1211,1217,150,400,547,1761
5971,1211,1183,1183,150,400,550,1761
5972,1200,1200,1200,150,400,550,1750
5973,1189,1189,1189,150,400,550,1739
5974,1189,1189,1189,150,400,550,1739
5975,1167,1167,1156,150,389,539,1706
5976,1133,1161,1166,150,394,572,1705
5977,1183,1155,1156,150,395,545,1728
5978,1167,1167,1167,150,395,545,1712
5979,1183,1183,1183,150,395,545,1728
5980,1200,1200,1200,150,395,545,1745
5981,1206,1206,1211,150,400,550,1756
5982,1200,1200,1194,150,394,544,1744
5983,1200,1200,1200,150,394,544,1744
5984,1217,1217,1217,150,394,544,1761
5985,1205,1205,1206,150,395,545,1750
5986,1200,1200,1200,150,395,545,1745
5987,1206,1200,1205,144,400,544,1750
5988,1200,1206,1200,150,394,544,1744
5989,1189,1189,1195,150,400,550,1739
5990,1183,1183,1183,150,400,550,1733
5991,1189,1189,1178,150,389,539,1728
5992,1183,1178,1183,145,394,539,1722
5993,1189,1194,1195,150,395,545,1734
5994,1189,1189,1188,150,394,544,1733
5995,1194,1194,1195,150,395,545,1739
5996,1184,1184,1189,150,400,550,1734
5997,1200,1200,1194,150,394,544,1744
5998,1194,1194,1189,150,389,539,1733
5999,1184,1184,1189,150,394,544,1728
6000,1188,1188,1189,150,395,545,1733
6001,1200,1195,1200,145,400,545,1745
6002,1195,1200,1194,150,394,544,1739
6003,1200,1200,1206,150,400,550,1750
6004,1183,1178,1172,145,394,539,1722
6005,1184,1189,1195,150,400,550,1734
6006,1194,1188,1188,144,400,544,1738
6007,1200,1206,1200,150,394,544,1744
6008,1206,1206,1206,150,394,544,1750
6009,1205,1205,1206,150,395,545,1750
6010,1211,1211,1211,150,395,545,1756
6011,1206,1206,1200,150,389,539,1745
6012,1211,1205,1211,144,395,539,1750
6013,1183,1189,1189,150,395,545,1728
6014,1211,1211,1211,150,395,545,1756
6015,1195,1195,1200,150,400,550,1745
6016,1183,1189,1178,156,389,545,1728
6017,1206,1200,1211,150,400,550,1756
6018,1200,1200,1194,150,394,544,1744
6019,1200,1194,1200,144,400,544,1744
6020,1194,1195,1195,145,400,545,1739
6021,1189,1194,1188,150,394,544,1733
6022,1200,1200,1200,150,394,544,1744
6023,1194,1194,1195,150,395,545,1739
6024,1178,1178,1178,150,395,545,1723
6025,1189,1184,1183,145,394,539,1728
6026,1189,1194,1194,150,394,544,1733
6027,1189,1189,1189,150,394,544,1733
6028,1194,1194,1195,150,395,545,1739
6029,1189,1189,1189,150,395,545,1734
6030,1195,1195,1194,150,394,544,1739
6031,1183,1183,1183,150,394,544,1727
6032,1172,1167,1167,145,394,539,1711
6033,1184,1189,1189,150,394,544,1728
6034,1205,1200,1206,145,400,545,1750
6035,1189,1194,1188,150,394,544,1733
6036,1194,1194,1195,150,395,545,1739
6037,1200,1200,1200,150,395,545,1745
6038,1212,1212,1217,150,400,550,1762
6039,1188,1188,1183,150,395,545,1733
6040,1200,1200,1200,150,395,545,1745
6041,1212,1206,1211,144,400,544,1756
6042,1188,1194,1189,150,395,545,1733
6043,1184,1184,1189,150,400,550,1734
6044,1189,1189,1183,150,394,544,1733
6045,1177,1177,1178,150,395,545,1722
6046,1189,1189,1189,150,395,545,1734
6047,1184,1184,1183,150,394,544,1728
6048,1183,1177,1183,144,400,544,1727
6049,1178,1184,1178,150,394,544,1722
6050,1183,1178,1178,145,394,539,1722
6051,1178,1183,1183,150,394,544,1722
6052,1200,1200,1200,150,394,544,1744
6053,1189,1183,1184,144,395,539,1728
6054,1178,1189,1189,155,395,550,1728
6055,1188,1183,1188,150,400,550,1738
6056,1212,1217,1212,155,395,550,1762
6057,1200,1195,1194,150,394,544,1744
6058,1200,1194,1200,144,400,544,1744
6059,1194,1200,1200,150,400,550,1744
6060,1200,1200,1194,150,394,544,1744
6061,1194,1194,1195,150,395,545,1739
6062,1195,1195,1200,150,400,550,1745
6063,1183,1178,1178,145,400,545,1728
6064,1200,1205,1200,150,395,545,1745
6065,1189,1189,1189,150,395,545,1734
6066,1178,1178,1177,150,394,544,1722
6067,1189,1189,1189,150,394,544,1733
6068,1178,1178,1178,150,394,544,1722
6069,1172,1172,1172,150,394,544,1716
6070,1178,1178,1178,150,394,544,1722
6071,1183,1183,1183,150,394,544,1727
6072,1178,1178,1178,150,394,544,1722
6073,1189,1189,1189,150,394,544,1733
6074,1177,1177,1178,150,395,545,1722
6075,1189,1189,1189,150,395,545,1734
6076,1189,1189,1194,150,400,550,1739
6077,1206,1206,1200,150,394,544,1750
6078,1194,1194,1195,150,395,545,1739
6079,1206,1206,1205,150,394,544,1750
6080,1183,1183,1189,150,400,550,1733
6081,1189,1189,1178,150,389,539,1728
6082,1178,1178,1183,150,394,544,1722
6083,1200,1200,1200,150,394,544,1744
6084,1177,1177,1178,150,395,545,1722
6085,1195,1195,1200,150,400,550,1745
6086,1194,1194,1189,150,395,545,1739
6087,1206,1206,1211,150,400,550,1756
6088,1200,1200,1194,150,394,544,1744
6089,1205,1205,1211,150,400,550,1755
6090,1195,1195,1189,150,394,544,1739
6091,1200,1200,1200,150,394,544,1744
6092,1194,1194,1195,150,395,545,1739
6093,1195,1195,1194,150,394,544,1739
6094,1189,1183,1184,144,395,539,1728
6095,1194,1200,1200,150,395,545,1739
6096,1195,1195,1200,150,400,550,1745
6097,1183,1183,1177,150,394,544,1727
6098,1194,1194,1195,150,395,545,1739
6099,1184,1184,1189,150,400,550,1734
6100,1189,1189,1183,150,394,544,1733
6101,1183,1183,1183,150,394,544,1727
6102,1200,1200,1200,150,394,544,1744
6103,1189,1189,1195,150,400,550,1739
6104,1211,1211,1211,150,400,550,1761
6105,1200,1200,1200,150,400,550,1750
6106,1205,1205,1205,150,400,550,1755
6107,1200,1200,1195,150,395,545,1745
6108,1212,1212,1217,150,400,550,1762
6109,1211,1211,1211,150,400,550,1761
6110,1200,1200,1194,150,394,544,1744
6111,1211,1205,1211,144,400,544,1755
6112,1200,1200,1200,144,400,544,1744
6113,1194,1195,1189,145,394,539,1733
6114,1184,1189,1195,150,400,550,1734
6115,1188,1188,1183,150,395,545,1733
6116,1178,1178,1178,150,395,545,1723
6117,1189,1189,1194,150,400,550,1739
6118,1178,1178,1172,150,394,544,1722
6119,1178,1178,1178,150,394,544,1722
6120,1177,1177,1178,150,395,545,1722
6121,1173,1173,1172,150,394,544,1717
6122,1150,1144,1150,144,400,544,1694
6123,1122,1128,1123.4,150,395.4,545.4,1667.4
6124,1194,1105,1109.6,150,400,547.7,1655
6125,1028,1117,1117,150,400,550,1680.5
6126,1161,1161,1156,150,395,545,1706
6127,1161,1161,1161,150,395,545,1706
6128,1173,1173,1178,150,400,550,1723
6129,1183,1183,1183,150,400,550,1733
6130,1189,1189,1189,150,400,550,1739
6131,1183,1183,1183,150,400,550,1733
6132,1183,1183,1183,150,400,550,1733
6133,1212,1212,1206,150,394,544,1756
6134,1205,1205,1211,150,400,550,1755
6135,1189,1189,1189,150,400,550,1739
6136,1183,1183,1183,150,400,550,1733
6137,1195,1189,1189,144,400,544,1739
6138,1178,1184,1178,150,394,544,1722
6139,1200,1200,1206,150,400,550,1750
6140,1188,1188,1183,150,395,545,1733
6141,1189,1189,1194,150,400,550,1739
6142,1184,1184,1184,150,400,550,1734
6143,1205,1205,1200,150,395,545,1750
6144,1195,1195,1194,150,394,544,1739
6145,1194,1194,1195,150,395,545,1739
6146,1195,1195,1205,150,405,555,1750
6147,1194,1194,1183,150,394,544,1738
6148,1194,1194,1200,150,400,550,1744
6149,1212,1206,1206,144,400,544,1756
6150,1211,1217,1211,150,394,544,1755
6151,1205,1200,1206,145,400,545,1750
6152,1184,1189,1189,150,400,550,1734
6153,1183,1183,1177,150,394,544,1727
6154,1194,1194,1200,150,400,550,1744
6155,1200,1200,1200,150,400,550,1750
6156,1184,1184,1178,150,394,544,1728
6157,1177,1177,1178,150,395,545,1722
6158,1195,1195,1194,150,394,544,1739
6159,1200,1200,1200,150,394,544,1744
6160,1189,1189,1189,150,394,544,1733
6161,1189,1189,1189,150,394,544,1733
6162,1166,1194,1200,150,400,544,1744
6163,1223,1195,1189,150,394,544,1767
6164,1188,1188,1194,150,400,550,1738
6165,1184,1184,1184,150,400,550,1734
6166,1189,1189,1183,150,394,544,1733
6167,1183,1183,1183,150,394,544,1727
6168,1183,1178,1184,145,400,545,1728
6169,1184,1189,1189,150,400,550,1734
6170,1177,1177,1172,150,395,545,1722
6171,1189,1189,1189,150,395,545,1734
6172,1189,1189,1189,150,395,545,1734
6173,1161,1161,1161,150,395,545,1706
6174,1161,1161,1155,150,389,539,1700
6175,1156,1156,1161,150,394,544,1700
6176,1150,1150,1150,150,394,544,1694
6177,1117,1144,1145,150,395,572,1689
6178,1177,1150,1150,150,395,545,1722
6179,1167,1167,1167,150,395,545,1712
6180,1172,1172,1172,150,395,545,1717
6181,1195,1195,1194,150,394,544,1739
6182,1200,1200,1206,150,400,550,1750
6183,1211,1211,1211,150,400,550,1761
6184,1222,1217,1217,145,400,545,1767
6185,1211,1216,1211,150,395,545,1756
6186,1211,1211,1216,150,400,550,1761
6187,1211,1211,1206,150,395,545,1756
6188,1206,1206,1211,150,400,550,1756
6189,1194,1194,1189,150,395,545,1739
6190,1189,1189,1194,150,400,550,1739
6191,1189,1184,1178,145,394,539,1728
6192,1172,1172,1178,145,400,545,1717
6193,1162,1167,1161,150,394,544,1706
6194,1177,1177,1178,150,395,545,1722
6195,1178,1178,1172,150,389,539,1717
6196,1167,1167,1178,150,400,550,1717
6197,1178,1178,1166,150,388,538,1716
6198,1177,1177,1189,150,400,550,1727
6199,1195,1195,1189,150,394,544,1739
6200,1194,1194,1200,150,400,550,1744
6201,1200,1200,1195,150,395,545,1745
6202,1195,1195,1194,150,394,544,1739
6203,1200,1200,1200,150,394,544,1744
6204,1205,1205,1206,150,395,545,1750
6205,1200,1200,1194,150,389,539,1739
6206,1200,1200,1206,150,395,545,1745
6207,1206,1206,1205,150,394,544,1750
6208,1189,1189,1195,150,400,550,1739
6209,1194,1194,1189,150,395,545,1739
6210,1206,1206,1211,150,400,550,1756
6211,1205,1205,1200,150,395,545,1750
6212,1206,1206,1205,150,394,544,1750
6213,1211,1211,1211,150,394,544,1755
6214,1211,1205,1211,144,400,544,1755
6215,1194,1200,1195,150,395,545,1739
6216,1200,1200,1205,150,400,550,1750
6217,1200,1200,1200,150,400,550,1750
6218,1189,1189,1189,150,400,550,1739
6219,1184,1184,1178,150,394,544,1728
6220,1194,1194,1200,150,400,550,1744
6221,1183,1183,1183,150,400,550,1733
6222,1189,1189,1184,150,395,545,1734
6223,1200,1200,1205,150,400,550,1750
6224,1200,1200,1195,150,395,545,1745
6225,1195,1189,1194,144,400,544,1739
6226,1211,1217,1211,150,394,544,1755
6227,1200,1200,1206,150,400,550,1750
6228,1205,1200,1200,145,400,545,1750
6229,1195,1200,1194,150,394,544,1739
6230,1194,1194,1195,150,395,545,1739
6231,1200,1200,1200,150,395,545,1745
6232,1195,1189,1194,144,400,544,1739
6233,1189,1195,1184,150,389,539,1728
6234,1189,1189,1194,150,394,544,1733
6235,1177,1177,1183,150,400,550,1727
6236,1173,1173,1161,150,388,538,1711
6237,1166,1166,1173,150,395,545,1711
6238,1172,1178,1177,156,394,550,1722
6239,1195,1189,1195,150,400,550,1745
6240,1217,1211,1217,144,406,550,1767
6241,1216,1222,1211,150,395,545,1761
6242,1206,1206,1211,150,400,550,1756
6243,1222,1216,1216,144,400,544,1766
6244,1211,1217,1217,150,400,550,1761
6245,1206,1206,1206,150,400,550,1756
6246,1200,1200,1200,150,400,550,1750
6247,1200,1200,1194,150,394,544,1744
6248,1200,1200,1200,150,394,544,1744
6249,1183,1183,1183,150,394,544,1727
6250,1194,1194,1195,150,395,545,1739
6251,1189,1189,1194,150,400,550,1739
6252,1195,1195,1195,150,400,550,1745
6253,1178,1172,1172,144,400,544,1722
6254,1188,1194,1189,150,395,545,1733
6255,1189,1189,1189,150,395,545,1734
6256,1178,1178,1183,150,400,550,1728
6257,1183,1183,1178,150,395,545,1728
6258,1189,1189,1189,150,395,545,1734
6259,1184,1184,1183,150,394,544,1728
6260,1172,1172,1172,150,394,544,1716
6261,1183,1183,1178,150,389,539,1722
6262,1172,1172,1178,150,395,545,1717
6263,1173,1173,1178,150,400,550,1723
6264,1183,1183,1177,150,394,544,1727
6265,1183,1178,1178,145,394,539,1722
6266,1178,1178,1178,145,394,539,1717
6267,1178,1177,1183,144,400,544,1722
6268,1172,1178,1173,150,395,545,1717
6269,1172,1172,1172,150,395,545,1717
6270,1178,1178,1178,150,395,545,1723
6271,1172,1172,1177,150,400,550,1722
6272,1195,1195,1189,150,394,544,1739
6273,1194,1194,1200,150,400,550,1744
6274,1184,1184,1178,150,394,544,1728
6275,1188,1188,1189,150,395,545,1733
6276,1173,1173,1172,150,394,544,1717
6277,1189,1189,1189,150,394,544,1733
6278,1194,1194,1194,150,394,544,1738
6279,1189,1189,1189,150,394,544,1733
6280,1194,1194,1200,150,400,550,1744
6281,1206,1206,1200,150,394,544,1750
6282,1194,1194,1195,150,395,545,1739
6283,1195,1195,1200,150,400,550,1745
6284,1200,1200,1200,150,400,550,1750
6285,1205,1205,1205,150,400,550,1755
6286,1195,1195,1189,150,394,544,1739
6287,1189,1189,1195,150,400,550,1739
6288,1194,1194,1189,150,395,545,1739
6289,1195,1200,1200,155,395,550,1745
6290,1200,1189,1194,144,400,544,1744
6291,1205,1211,1206,150,395,545,1750
6292,1189,1189,1194,150,400,550,1739
6293,1194,1194,1189,150,395,545,1739
6294,1173,1167,1172,144,400,544,1717
6295,1183,1189,1189,150,400,550,1733
6296,1194,1189,1194,145,405,550,1744
6297,1173,1178,1173,150,400,550,1723
6298,1194,1194,1194,150,400,550,1744
6299,1206,1206,1206,150,400,550,1756
6300,1222,1222,1222,150,400,550,1772
6301,1222,1222,1222,150,400,550,1772
6302,1211,1211,1211,150,400,550,1761
6303,1211,1206,1206,145,400,545,1756
6304,1200,1205,1205,150,400,550,1750
6305,1206,1206,1206,150,400,550,1756
6306,1200,1200,1194,150,394,544,1744
6307,1189,1189,1195,150,400,550,1739
6308,1172,1172,1172,150,400,550,1722
6309,1178,1178,1172,150,394,544,1722
6310,1194,1194,1195,150,395,545,1739
6311,1189,1189,1189,150,395,545,1734
6312,1189,1189,1194,150,400,550,1739
6313,1183,1183,1178,150,395,545,1728
6314,1206,1200,1205,144,400,544,1750
6315,1200,1206,1200,150,394,544,1744
6316,1194,1194,1195,150,395,545,1739
6317,1200,1200,1205,150,400,550,1750
6318,1200,1200,1195,150,395,545,1745
6319,1195,1195,1194,150,394,544,1739
6320,1205,1200,1211,145,405,550,1755
6321,1195,1200,1189,150,394,544,1739
6322,1183,1183,1184,150,395,545,1728
6323,1183,1178,1177,145,394,539,1722
6324,1184,1189,1189,150,394,544,1728
6325,1200,1194,1200,144,400,544,1744
6326,1178,1184,1178,150,394,544,1722
6327,1188,1188,1189,150,395,545,1733
6328,1206,1200,1200,144,395,539,1745
6329,1189,1195,1194,150,394,544,1733
6330,1200,1200,1206,150,400,550,1750
6331,1200,1200,1194,150,394,544,1744
6332,1194,1194,1200,150,400,550,1744
6333,1189,1195,1189,156,394,550,1739
6334,1200,1194,1195,150,395,545,1745
6335,1195,1195,1194,150,394,544,1739
6336,1194,1194,1200,150,400,550,1744
6337,1200,1200,1195,150,395,545,1745
6338,1206,1206,1205,150,394,544,1750
6339,1205,1205,1206,150,395,545,1750
6340,1184,1184,1189,150,400,550,1734
6341,1200,1194,1194,144,400,544,1744
6342,1188,1194,1183,150,389,539,1727
6343,1195,1189,1200,144,400,544,1739
6344,1194,1200,1195,150,395,545,1739
6345,1139,1173,1166,150,388,572,1711
6346,1222,1188,1195,150,395,545,1767
6347,1200,1200,1205,150,400,550,1750
6348,1206,1206,1206,150,400,550,1756
6349,1217,1217,1217,150,400,550,1767
6350,1205,1205,1205,150,400,550,1755
6351,1228,1222,1217,144,395,539,1767
6352,1200,1206,1205,150,394,544,1744
6353,1211,1211,1212,150,395,545,1756
6354,1195,1195,1200,150,400,550,1745
6355,1216,1216,1211,150,395,545,1761
6356,1178,1178,1177,150,394,544,1722
6357,1172,1172,1173,150,395,545,1717
6358,1189,1189,1194,150,400,550,1739
6359,1200,1200,1195,150,395,545,1745
6360,1200,1200,1211,150,406,556,1756
6361,1200,1200,1189,150,395,545,1745
6362,1206,1206,1211,150,400,550,1756
6363,1200,1200,1200,150,400,550,1750
6364,1211,1211,1211,150,400,550,1761
6365,1194,1194,1189,150,395,545,1739
6366,1195,1195,1194,150,394,544,1739
6367,1189,1189,1189,150,394,544,1733
6368,1183,1183,1183,150,394,544,1727
6369,1183,1178,1184,145,400,545,1728
6370,1189,1194,1189,150,395,545,1734
6371,1189,1189,1188,150,394,544,1733
6372,1183,1183,1184,150,395,545,1728
6373,1184,1184,1183,150,394,544,1728
6374,1177,1177,1183,150,400,550,1727
6375,1200,1200,1195,150,395,545,1745
6376,1195,1195,1194,150,394,544,1739
6377,1189,1189,1189,150,394,544,1733
6378,1183,1183,1184,150,395,545,1728
6379,1189,1183,1188,144,400,544,1733
6380,1189,1195,1189,150,394,544,1733
6381,1189,1189,1195,150,400,550,1739
6382,1200,1200,1200,150,400,550,1750
6383,1200,1194,1194,144,400,544,1744
6384,1189,1195,1189,150,394,544,1733
6385,1205,1205,1206,150,395,545,1750
6386,1200,1200,1200,150,395,545,1745
6387,1195,1195,1194,150,394,544,1739
6388,1200,1200,1206,150,400,550,1750
6389,1194,1194,1194,150,400,550,1744
6390,1206,1206,1200,150,394,544,1750
6391,1200,1200,1206,150,400,550,1750
6392,1189,1189,1189,150,400,550,1739
6393,1205,1205,1200,150,395,545,1750
6394,1195,1195,1194,150,394,544,1739
6395,1205,1205,1206,150,395,545,1750
6396,1217,1211,1211,144,395,539,1756
6397,1200,1211,1205,155,389,544,1744
6398,1189,1184,1189,150,394,544,1733
6399,1189,1194,1200,155,400,555,1744
6400,1200,1195,1189,150,394,544,1744
6401,1194,1194,1194,150,394,544,1738
6402,1183,1183,1184,150,395,545,1728
6403,1195,1195,1189,150,389,539,1734
6404,1205,1200,1211,145,400,545,1750
6405,1184,1189,1183,150,394,544,1728
6406,1177,1177,1183,150,400,550,1727
6407,1200,1200,1195,150,395,545,1745
6408,1195,1195,1194,150,394,544,1739
6409,1189,1183,1189,144,400,544,1733
6410,1189,1195,1189,150,394,544,1733
6411,1189,1194,1189,155,389,544,1733
6412,1194,1183,1194,144,400,544,1738
6413,1183,1189,1184,150,395,545,1728
6414,1189,1189,1194,150,400,550,1739
6415,1184,1178,1178,144,400,544,1728
6416,1177,1183,1183,150,400,550,1727
6417,1195,1195,1195,150,400,550,1745
6418,1189,1189,1178,150,389,539,1728
6419,1183,1183,1188,150,394,544,1727
6420,1172,1172,1178,150,400,550,1722
6421,1195,1195,1189,150,394,544,1739
6422,1194,1194,1200,150,400,550,1744
6423,1195,1195,1195,150,400,550,1745
6424,1205,1205,1200,150,395,545,1750
6425,1200,1200,1200,150,395,545,1745
6426,1211,1211,1205,150,389,539,1750
6427,1184,1184,1189,150,394,544,1728
6428,1155,1188,1194,150,400,547,1738
6429,1228,1195,1195,150,400,550,1778
6430,1200,1200,1194,150,394,544,1744
6431,1183,1183,1184,150,395,545,1728
6432,1189,1189,1189,150,395,545,1734
6433,1189,1189,1188,150,394,544,1733
6434,1183,1178,1184,145,400,545,1728
6435,1173,1178,1172,150,394,544,1717
6436,1172,1166,1167,144,395,539,1711
6437,1166,1172,1172,150,395,545,1711
6438,1178,1178,1178,150,395,545,1723
6439,1184,1184,1183,150,394,544,1728
6440,1166,1166,1172,150,400,550,1716
6441,1184,1184,1178,150,394,544,1728
6442,1188,1183,1189,145,400,545,1733
6443,1189,1194,1189,150,395,545,1734
6444,1189,1189,1194,150,400,550,1739
6445,1206,1206,1206,150,400,550,1756
6446,1194,1194,1194,150,400,550,1744
6447,1206,1200,1200,144,400,544,1750
6448,1200,1206,1200,150,394,544,1744
6449,1194,1194,1200,150,400,550,1744
6450,1189,1189,1189,150,400,550,1739
6451,1195,1195,1195,150,400,550,1745
6452,1183,1183,1177,150,394,544,1727
6453,1183,1183,1189,150,400,550,1733
6454,1178,1178,1172,150,394,544,1722
6455,1172,1178,1178,156,394,550,1722
6456,1178,1172,1172,150,394,544,1722
6457,1172,1172,1178,150,400,550,1722
6458,1189,1189,1184,150,395,545,1734
6459,1172,1172,1172,150,395,545,1717
6460,1156,1156,1155,150,394,544,1700
6461,1155,1155,1150,150,389,539,1694
6462,1167,1167,1173,150,395,545,1712
6463,1161,1161,1166,150,400,550,1711
6464,1200,1200,1189,150,389,539,1739
6465,1189,1189,1200,150,400,550,1739
6466,1189,1189,1189,150,400,550,1739
6467,1183,1183,1183,150,400,550,1733
6468,1173,1173,1173,150,400,550,1723
6469,1150,1150,1150,150,400,550,1700
6470,1138,1138,1138,150,400,550,1688
6471,1156,1156,1150,150,394,544,1700
6472,1167,1167,1173,150,400,550,1717
6473,1183,1183,1177,150,394,544,1727
6474,1189,1189,1189,150,394,544,1733
6475,1200,1200,1195,150,389,539,1739
6476,1194,1194,1194,150,389,539,1733
6477,1195,1195,1200,150,394,544,1739
6478,1216,1216,1222,150,400,550,1766
6479,1200,1200,1195,150,395,545,1745
6480,1200,1195,1200,145,400,545,1745
6481,1195,1194,1194,144,400,544,1739
6482,1155,1189,1189,147,400,544,1733
6483,1206,1178,1172,150,394,544,1750
6484,1167,1161,1162,144,395,539,1706
6485,1155,1161,1161,150,395,545,1700
6486,1161,1161,1161,150,395,545,1706
6487,1167,1167,1172,150,400,550,1717
6488,1178,1178,1172,150,394,544,1722
6489,1172,1178,1178,156,394,550,1722
6490,1189,1183,1189,150,400,550,1739
6491,1194,1194,1189,150,395,545,1739
6492,1195,1195,1194,150,394,544,1739
6493,1205,1200,1206,145,400,545,1750
6494,1211,1216,1216,150,400,550,1761
6495,1206,1206,1206,150,400,550,1756
6496,1200,1200,1194,150,394,544,1744
6497,1211,1211,1217,150,400,550,1761
6498,1206,1200,1200,144,400,544,1750
6499,1200,1206,1206,150,400,550,1750
6500,1205,1205,1200,150,395,545,1750
6501,1200,1195,1200,145,400,545,1745
6502,1195,1200,1200,150,400,550,1745
6503,1200,1194,1194,144,400,544,1744
6504,1189,1195,1189,150,394,544,1733
6505,1186,1189,1186.5,150,394,544,1730.5
6506,1183,1183,1184,150,395,545,1728
6507,1189,1189,1188,150,394,544,1733
6508,1200,1194,1200,144,400,544,1744
6509,1200,1206,1200,150,394,544,1744
6510,1200,1200,1200,150,394,544,1744
6511,1189,1189,1195,150,400,550,1739
6512,1200,1200,1189,150,389,539,1739
6513,1183,1183,1183,150,389,539,1722
6514,1200,1200,1211,150,400,550,1750
6515,1211,1211,1206,150,395,545,1756
6516,1211,1211,1211,150,395,545,1756
6517,1223,1223,1222,150,394,544,1767
6518,1216,1216,1222,150,400,550,1766
6519,1228,1228,1223,150,395,545,1773
6520,1217,1217,1222,150,400,550,1767
6521,1222,1222,1222,150,400,550,1772
6522,1206,1206,1200,150,394,544,1750
6523,1205,1200,1200,145,394,539,1744
6524,1206,1211,1211,150,394,544,1750
6525,1183,1189,1189,156,394,550,1733
6526,1189,1177,1183,144,400,544,1733
6527,1183,1189,1189,150,400,550,1733
6528,1195,1195,1189,150,394,544,1739
6529,1200,1200,1200,150,394,544,1744
6530,1200,1194,1206,144,406,550,1750
6531,1200,1206,1200,150,400,550,1750
6532,1205,1205,1205,150,400,550,1755
6533,1222,1222,1222,150,400,550,1772
6534,1217,1217,1217,150,400,550,1767
6535,1222,1222,1217,150,395,545,1767
6536,1223,1223,1228,150,400,550,1773
6537,1211,1211,1205,150,394,544,1755
6538,1211,1211,1217,150,400,550,1761
6539,1228,1228,1222,150,394,544,1772
6540,1211,1211,1211,150,394,544,1755
6541,1194,1200,1200,156,394,550,1744
6542,1200,1194,1195,150,395,545,1745
6543,1183,1183,1183,150,395,545,1728
6544,1189,1184,1189,145,400,545,1734
6545,1178,1183,1178,150,395,545,1723
6546,1183,1183,1183,150,395,545,1728
6547,1178,1178,1178,150,395,545,1723
6548,1184,1178,1183,144,400,544,1728
6549,1188,1194,1189,150,395,545,1733
6550,1200,1200,1205,150,400,550,1750
6551,1200,1200,1195,150,395,545,1745
6552,1200,1200,1200,150,395,545,1745
6553,1200,1200,1200,150,395,545,1745
6554,1206,1206,1217,150,406,556,1762
6555,1206,1206,1194,150,394,544,1750
6556,1194,1188,1189,144,395,539,1733
6557,1178,1184,1183,150,394,544,1722
6558,1166,1166,1167,150,395,545,1711
6559,1156,1156,1155,150,394,544,1700
6560,1139,1139,1145,150,400,550,1689
6561,1172,1172,1172,150,400,550,1722
6562,1195,1195,1189,150,394,544,1739
6563,1183,1183,1189,150,400,550,1733
6564,1189,1189,1189,150,400,550,1739
6565,1200,1200,1194,150,394,544,1744
6566,1194,1194,1200,150,400,550,1744
6567,1184,1189,1189,155,400,555,1739
6568,1211,1206,1200,150,394,544,1755
6569,1194,1194,1195,150,395,545,1739
6570,1206,1206,1211,150,400,550,1756
6571,1200,1200,1194,150,394,544,1744
6572,1189,1189,1195,150,400,550,1739
6573,1194,1194,1194,150,400,550,1744
6574,1178,1178,1172,150,394,544,1722
6575,1183,1183,1184,150,395,545,1728
6576,1195,1195,1200,150,400,550,1745
6577,1222,1222,1216,150,394,544,1766
6578,1211,1211,1217,150,400,550,1761
6579,1222,1217,1217,145,400,545,1767
6580,1217,1222,1222,150,400,550,1767
6581,1244,1239,1239,145,400,545,1789
6582,1245,1250,1250,150,400,550,1795
6583,1239,1239,1233,150,394,544,1783
6584,1227,1227,1239,150,406,556,1783
6585,1228,1228,1222,150,400,550,1778
6586,1228,1228,1222,150,394,544,1772
6587,1211,1211,1217,150,400,550,1761
6588,1206,1206,1211,150,405,555,1761
6589,1205,1205,1189,150,389,539,1744
6590,1189,1189,1194,150,394,544,1733
6591,1189,1189,1195,150,400,550,1739
6592,1205,1205,1200,150,395,545,1750
6593,1217,1217,1217,150,395,545,1762
6594,1200,1195,1205,145,405,550,1750
6595,1200,1205,1195,150,395,545,1745
6596,1206,1206,1205,150,394,544,1750
6597,1194,1194,1206,150,406,556,1750
6598,1211,1217,1205,156,394,550,1761
6599,1211,1200,1206,145,400,545,1756
6600,1200,1205,1205,150,400,550,1750
6601,1195,1195,1200,150,405,555,1750
6602,1211,1211,1200,150,394,544,1755
6603,1205,1205,1206,150,395,545,1750
6604,1200,1200,1200,150,395,545,1745
6605,1212,1212,1211,150,394,544,1756
6606,1222,1222,1228,150,400,550,1772
6607,1211,1211,1216,150,405,555,1766
6608,1205,1211,1206,156,400,556,1761
6609,1234,1228,1222,150,394,544,1778
6610,1250,1250,1256,150,400,550,1800
6611,1239,1239,1239,150,400,550,1789
6612,1239,1239,1233,150,394,544,1783
6613,1238,1233,1239,145,400,545,1783
6614,1228,1233,1233,150,400,550,1778
6615,1211,1217,1211,156,394,550,1761
6616,1223,1217,1223,150,400,550,1773
6617,1205,1205,1205,150,400,550,1755
6618,1206,1206,1206,150,400,550,1756
6619,1233,1233,1227,150,394,544,1777
6620,1228,1228,1234,150,400,550,1778
6621,1222,1222,1222,150,400,550,1772
6622,1261,1256,1261,145,405,550,1811
6623,1261,1266,1256,150,395,545,1806
6624,1295,1263.5,1261.5,150,394,544,1839
6625,1261,1261,1267,150,400,550,1811
6626,1239,1239,1244,150,405,555,1794
6627,1250,1250,1239,150,394,544,1794
6628,1244,1239,1250,145,405,550,1794
6629,1239,1244,1239,150,400,550,1789
6630,1233,1233,1233,150,400,550,1783
6631,1239,1239,1239,150,400,550,1789
6632,1256,1256,1250,150,394,544,1800
6633,1233,1233,1234,150,395,545,1778
6634,1228,1228,1227,150,394,544,1772
6635,1239,1239,1245,150,400,550,1789
6636,1244,1244,1244,150,400,550,1794
6637,1228,1228,1228,150,400,550,1778
6638,1222,1222,1222,150,400,550,1772
6639,1234,1234,1234,150,400,550,1784
6640,1233,1227,1227,144,400,544,1777
6641,1200,1206,1206,150,400,550,1750
6642,1239,1233,1233,144,400,544,1783
6643,1239,1239,1239,144,400,544,1783
6644,1250,1256,1250,150,394,544,1794
6645,1255,1255,1256,150,395,545,1800
6646,1228,1234,1239,156,400,556,1784
6647,1211,1205,1205,150,400,550,1761
6648,1195,1195,1195,150,400,550,1745
6649,1133,1133,1133,150,400,550,1683
6650,1117,1117,1117,150,400,550,1667
6651,1100,1100,1100,150,400,550,1650
6652,1072,1072,1072,150,400,550,1622
6653,1072,1072,1072,150,400,550,1622
6654,1078,1078,1072,150,394,544,1622
6655,1078,1078,1084,150,400,550,1628
6656,1066,1066,1061,150,395,545,1611
6657,1100,1095,1094,145,394,539,1639
6658,1072,1077,1078,150,395,545,1617
6659,1073,1073,1072,150,394,544,1617
6660,1039,1066,1067,150,395,572,1611
6661,1094,1067,1066,150,394,544,1638
6662,1061,1061,1067,150,400,550,1611
6663,1056,1056,1050,150,394,544,1600
6664,1066,1066,1067,150,395,545,1611
6665,1061,1061,1061,150,395,545,1606
6666,1067,1067,1072,150,400,550,1617
6667,1078,1078,1072,150,394,544,1622
6668,1078,1078,1073,150,389,539,1617
6669,1083,1083,1088,150,394,544,1627
6670,1078,1078,1073,150,389,539,1617
6671,1033,1066,1066,147,389,572,1605
6672,1095,1056,1061,144,394,538,1633
6673,1050,1056,1050,150,388,538,1588
6674,1038,1047.5,1045,150,395,545,1583
6675,1039,1040.75,1039.5,150,389,539,1578
6676,1034,1036.875,1036.25,150,389,539,1575
6677,1033,1043.438,1043.125,150,389,539,1582
6678,1050,1050,1050,150,389,539,1589
6679,1050,1050,1050,150,389,539,1589
6680,1044,1050,1050,145,389,534,1586.5
6681,1050,1050,1050,145,389,534,1587.75
6682,1050,1055,1055,150,389,539,1589
6683,1030.5,1041.5,1044,155,386,533,1577.5
6684,1026.25,1034.75,1036,166.5,384.5,555,1580.25
6685,1043.625,1036.875,1034.5,161.25,380.75,561,1587.125
6686,1061,1034.938,1034.25,156,379.375,533,1594
6687,1055.5,1031.469,1022.625,158.5,370.188,561,1583
6688,1050,1026.734,1027.812,161,371.094,561,1569
6689,1036,1024.367,1033.406,175,380.047,561,1584.5
6690,1032,1023.184,1033.203,179,389,572,1600
6691,1028,1023.092,1014.102,181.5,400,564,1611
6692,986.5,1017.046,1012.551,215.75,386,556,1589
6693,1018.25,1011.023,1011.775,210.375,382,569.5,1611
6694,1050,1005.511,1005.888,182.688,380,551.25,1633
6695,1050,997.256,1000.444,155,382,533,1580.5
6696,1017,993.128,994.222,169,382.5,562,1565.25
6697,1000,991.064,986.111,179,377.25,566,1554.625
6698,1014,990.032,985.055,164.5,372.125,561,1549.812
6699,1028,978.516,970.028,150,363.562,530.5,1510.906
6700,1005.5,977.758,990.514,145,376.281,529.25,1510.953
6701,991.75,980.879,981.257,145,389,528,1505.477
6702,981.875,981.939,979.628,145,380.5,528,1502.738
6703,985.438,982.47,984.314,156,379.25,528,1509.869
6704,984.719,996.735,1000.657,150,381.625,528,1527.435
6705,989.359,1001.367,1002.829,169.5,382.312,561,1546.717
6706,1003.18,1006.184,1006.914,176.25,382.656,572,1564.859
6707,1026.59,1011.592,1011.957,163.125,382.828,566,1573.929
6708,1050,1025.296,1016.979,150,374.414,533,1564.465
6709,1028,1037.648,1036.489,161,373.207,527,1573.732
6710,1038,1050,1056,172.5,375.104,545,1581.366
6711,1028,1050,1044,178.25,376.052,561,1589
6712,1050,1050,1050,181.125,379.526,561,1611
6713,1072,1072,1078,182.062,381.763,567,1639
6714,1056,1055,1056,183.031,382.381,567,1623
6715,1072,1073,1072,183.016,380.191,567,1639
6716,1078,1077,1072,183.508,378.595,561,1639
6717,1072,1073,1072,180.754,375.298,561,1633
6718,1072,1066,1061,243.377,373.649,550,1622
6719,1122,1056,1056,219.188,375.824,561.5,1606
6720,1172,1061,1067,198.094,379.912,573,1745
6721,1062,1044,1050,191.047,381.456,561,1623
6722,1038,1045,1044,187.524,382.228,567,1605
6723,1039,1036,1033,182.262,380.114,567,1606
6724,1034,1032,1030.5,182.631,379.057,555,1589
6725,1042,1024.5,1023.75,166.315,378.529,561,1583.5
6726,1050,1028.75,1028.375,150,378.264,528,1572.25
6727,1067,1042.375,1042.188,150,378.132,556,1592.125
6728,1084,1056,1056,150,378.066,528,1612
6729,1055,1061,1061,156,377.533,534,1589
6730,1084,1078,1077,150,377.267,527,1611
6731,1089,1089,1089,150,377.633,527,1616
6732,1078,1078,1077.5,164,377.317,556,1619
6733,1067,1067,1066,157,377.658,555,1622
6734,1116,1088,1089,150,377.829,528,1644
6735,1106,1106,1106,150,380.415,528,1634
6736,1111,1139,1144,150,378.707,561,1672
6737,1156,1128,1122,150,380.854,527,1683
6738,1144,1144,1150,150,382.427,533,1677
6739,1139,1172,1173,147,382.713,567,1706
6740,1217,1178,1177,144,383.357,527,1744
6741,1155,1161,1162,150,383.178,534,1689
6742,1145,1145,1144,150,383.089,533,1678
6743,1066,1094,1094,167,380.045,561,1627
6744,1089,1095,1089,158.5,379.022,561,1650
6745,1150,1116,1117,150,381.511,528,1678
6746,1122,1122,1128,150,379.256,534,1656
6747,1128,1162,1155,150,381.128,561,1689
6748,1195,1161,1167,150,379.064,533,1728
6749,1161,1189,1183,150,378.532,555,1716
6750,1194,1166,1167,150,380.766,528,1722
6751,1167,1167,1172,150,382.383,533,1700
6752,1150,1183,1184,150,383.191,567,1717
6753,1194,1161,1161,150,383.596,534,1728
6754,1161,1161,1161,150,383.798,534,1695
6755,1145,1150,1150,155,383.399,539,1684
6756,1139,1167,1166,152.5,383.199,566,1705
6757,1183,1150,1150,150,383.1,533,1716
6758,1167,1167,1167,150,383.05,533,1700
6759,1155,1183,1183,166.5,383.025,561,1716
6760,1173,1178,1178,155.75,386.012,566,1739
6761,1216,1178,1184,145,389,534,1750
6762,1122,1161,1155,164.5,386,567,1689
6763,1139,1139,1139,154.75,384.5,567,1706
6764,1161,1122,1122,145,384.25,528,1689
6765,1067,1105,1106,161.5,383.625,567,1634
6766,1089,1084,1083,172.25,383.312,561,1650
6767,1078,1083,1083,158.125,386.156,566,1644
6768,1111,1072,1078,144,389,533,1644
6769,1089,1095,1089,150,386,533,1622
6770,1105,1139,1139,152.5,384.5,567,1672
6771,1173,1144,1144,155,383.75,538,1711
6772,1161,1156,1156,150,386.375,533,1694
6773,1161,1161,1167,150,389,539,1700
6774,1139,1172,1166,147,389,566,1705
6775,1200,1161,1167,144,389,533,1733
6776,1155,1161,1156,150,386,534,1689
6777,1134,1167,1166,163.5,385,566,1700
6778,1161,1155,1156,159.25,384,561,1722
6779,1189,1167,1166,155,381,538,1727
6780,1150,1178,1173,152.5,382,561,1711
6781,1200,1167,1172,150,382.5,533,1733
6782,1172,1172,1172,150,382.75,533,1705
6783,1133,1161,1161,164,379.875,561,1694
6784,1167,1167,1161,157,383.938,555,1722
6785,1178,1150,1161,150,388,538,1716
6786,1172,1166,1167,144,389,533,1705
6787,1139,1172,1172,160.5,389,566,1705
6788,1189,1189,1189,155.25,389,566,1755
6789,1205,1178,1178,150,389,539,1744
6790,1161,1189,1189,164,389,567,1728
6791,1211,1211,1205,157,389,561,1772
6792,1234,1206,1212,150,389,539,1773
6793,1139,1172,1172,150,389,572,1711
6794,1194,1161,1161,150,389,539,1733
6795,1161,1161,1155,150,389,533,1694
6796,1156,1150,1156,144,389,533,1689
6797,1133,1172,1167,163.5,389,567,1700
6798,1178,1178,1183,170.75,389,572,1750
6799,1161,1156,1156,176.875,389,567,1728
6800,1150,1155,1155,177.438,389,572,1722
6801,1161,1156,1150,163.719,389,561,1722
6802,1172,1144,1150,150,389,539,1711
6803,1106,1134,1128,164,386,561,1667
6804,1144,1144,1144,157,387.5,561,1705
6805,1156,1128,1134,150,389,539,1695
6806,1122,1122,1122,150,389,539,1661
6807,1106,1139,1133,166.5,386,566,1672
6808,1150,1150,1150,158.25,387.5,566,1716
6809,1183,1150,1156,150,389,539,1722
6810,1155,1155,1155,150,389,539,1694
6811,1139,1139,1134,150,386.5,534,1673
6812,1150,1150,1150,150,387.75,534,1684
6813,1134,1134,1139,150,389,539,1673
6814,1139,1139,1133,150,386,533,1672
6815,1127,1155,1155,150,387,561,1688
6816,1173,1145,1150,150,388,538,1711
6817,1155,1155,1156,150,389,539,1694
6818,1117,1150,1144,150,389,566,1683
6819,1161,1128,1134,150,389,539,1700
6820,1061,1094,1089,164,389,567,1628
6821,1094,1089,1094,173.5,389,567,1661
6822,1062,1067,1061,178.75,386,566,1628
6823,1066,1067,1067,178.375,385,567,1633
6824,1072,1066,1067,164.188,387,562,1634
6825,1078,1050,1055,150,389,539,1617
6826,1039,1072,1067,169.5,389,567,1606
6827,1067,1073,1078,176.25,389,567,1645
6828,1072,1066,1061,163.125,386.5,567,1639
6829,1094,1061,1061,150,385.25,534,1628
6830,1050,1050,1050,150,384.625,534,1606
6831,1044.5,1050,1050,172,381.312,567,1608.5
6832,1039,1050,1044,236,385.156,572,1611
6833,1097.5,1044.5,1050,209.5,389,569.5,1622
6834,1156,1041.75,1044,196.25,386,567,1723
6835,1039,1043.375,1041.5,190.125,381.5,566,1605
6836,1044,1045,1059.75,183.562,379.75,561,1605
6837,1084,1077,1078,180.281,381.875,555,1639
6838,1100,1100,1106,165.141,382.438,561,1661
6839,1150,1123,1122,150,382.719,533,1683
6840,1144,1144,1144,150,382.859,533,1677
6841,1150,1150,1150,150,382.93,533,1683
6842,1161,1161,1161,150,382.965,533,1694
6843,1167,1167,1167,150,380.482,533,1700
6844,1172,1172,1167,150,382.241,528,1700
6845,1172,1172,1178,150,383.121,534,1706
6846,1161,1161,1161,150,383.56,534,1695
6847,1161,1161,1161,150,383.78,534,1695
6848,1150,1150,1150,150,383.89,534,1684
6849,1112,1139,1139,166.5,380.945,561,1673
6850,1150,1156,1150,158.25,384.973,561,1711
6851,1183,1150,1161,150,389,539,1722
6852,1139,1172,1172,166.5,389,572,1711
6853,1200,1200,1200,158.25,389,572,1772
6854,1211,1178,1178,150,389,539,1750
6855,1167,1200,1200,150,389,572,1739
6856,1216,1183,1189,150,395,545,1761
6857,1184,1184,1177,150,388,538,1722
6858,1161,1188,1189,161,389,566,1727
6859,1189,1184,1189,155.5,394,566,1755
6860,1200,1178,1172,150,388,538,1738
6861,1188,1188,1189,150,389,539,1727
6862,1178,1178,1178,150,389,539,1717
6863,1161,1167,1167,156,389,545,1706
6864,1134,1161,1161,153,389,572,1706
6865,1205,1172,1167,150,389,534,1739
6866,1172,1172,1177,150,389,539,1711
6867,1173,1173,1173,150,389,539,1712
6868,1161,1161,1161,150,389,539,1700
6869,1133,1166,1166,150,389,572,1705
6870,1211,1178,1178,150,389,539,1750
6871,1167,1167,1167,150,389,539,1706
6872,1150,1178,1172,150,389,561,1711
6873,1200,1172,1178,150,389,539,1739
6874,1172,1172,1172,150,389,539,1711
6875,1167,1161,1161,144,389,533,1700
6876,1128,1161,1161,150,389,566,1694
6877,1194,1173,1172,156,388,544,1738
6878,1167,1161,1162,150,389,539,1706
6879,1172,1172,1166,150,388.5,533,1705
6880,1144,1167,1172,150,388,561,1705
6881,1189,1166,1167,150,389,539,1728
6882,1145,1145,1145,150,389,539,1684
6883,1122,1150,1150,161.5,389,567,1689
6884,1155,1150,1150,155.75,389,562,1717
6885,1178,1155,1155,150,389,539,1717
6886,1134,1161,1161,164,389,566,1700
6887,1155,1156,1156,159.5,389,567,1722
6888,1178,1155,1155,155,389,544,1722
6889,1167,1162,1161,150,388,538,1705
6890,1116,1150,1145,150,388.5,567,1683
6891,1167,1133,1139,150,389,539,1706
6892,1139,1139,1139,150,389,539,1678
6893,1166,1166,1166,150,389,539,1705
6894,1167,1167,1167,150,389,539,1706
6895,1156,1150,1150,144,389,533,1689
6896,1139,1178,1172,147,388.5,566,1705
6897,1200,1167,1172,150,388,538,1738
6898,1155,1155,1156,150,389,539,1694
6899,1133,1167,1167,164,389,573,1706
6900,1150,1144,1144,157,389,567,1717
6901,1167,1139,1133,150,389,533,1700
6902,1139,1139,1145,150,389,539,1678
6903,1117,1150,1144,150,389,566,1683
6904,1172,1139,1145,150,389,539,1711
6905,1150,1150,1150,150,389,539,1689
6906,1128,1161,1155,167,388.5,566,1694
6907,1155,1156,1161,158.5,388,572,1727
6908,1189,1155,1150,150,385.5,533,1722
6909,1139,1167,1167,150,384.25,561,1700
6910,1167,1139,1139,150,386.125,533,1700
6911,1139,1139,1144,150,388,538,1677
6912,1155,1155,1150,150,385.5,533,1688
6913,1128,1156,1156,150,387.25,561,1689
6914,1189,1161,1167,150,389,539,1728
6915,1166,1166,1166,150,389,539,1705
6916,1162,1162,1161,150,388,538,1700
6917,1127,1161,1156,150,388.5,567,1694
6918,1195,1161,1167,150,389,539,1734
6919,1139,1139,1139,150,389,539,1678
6920,1100,1127,1127,164,389,566,1666
6921,1116,1117,1117,174,389,567,1683
6922,1089,1095,1089,179,389,567,1656
6923,1072,1072,1078,181.5,389,573,1645
6924,1089,1089,1083,182.25,389,567,1656
6925,1078,1077,1083,180.125,389,572,1650
6926,1072,1067,1067,182.062,389,567,1639
6927,1061,1067,1061,180.031,389,567,1628
6928,1067,1061,1067,165.016,389,567,1634
6929,1083,1055,1050,150,389,534,1617
6930,1028,1056,1061,208.5,389,567,1595
6931,1108.5,1056,1050,181.75,386.5,553,1617
6932,1189,1077,1078,155,385.25,539,1728
6933,1105,1100,1100,150,387.125,534,1639
6934,1106,1139,1144,150,389,572,1678
6935,1172,1139,1139,150,389,539,1711
6936,1150,1156,1150,156,389,539,1689
6937,1161,1155,1161,150,389,539,1700
6938,1178,1178,1172,150,386.5,533,1711
6939,1178,1183,1184,155,387.75,539,1717
6940,1166,1161,1166,150,389,539,1705
6941,1173,1173,1167,150,389,533,1706
6942,1177,1177,1183,150,389,539,1716
6943,1156,1184,1184,150,389,567,1723
6944,1194,1166,1161,150,389,534,1728
6945,1134,1134,1139,150,389,539,1673
6946,1128,1155,1155,150,389,566,1694
6947,1188,1161,1167,150,395,545,1733
6948,1173,1173,1167,150,389,539,1712
6949,1155,1189,1188,150,388,572,1727
6950,1228,1194,1195,150,389,539,1767
6951,1178,1178,1178,150,389,539,1717
6952,1144,1172,1177,164,394,572,1716
6953,1189,1189,1184,157,389,567,1756
6954,1200,1172,1172,150,389,539,1739
6955,1172,1172,1167,150,392,534,1706
6956,1178,1178,1189,150,395,545,1723
6957,1172,1172,1166,150,389,539,1711
6958,1156,1156,1161,150,394,544,1700
6959,1161,1161,1156,150,389,539,1700
6960,1158.5,1158.5,1156,150,389,539,1697.5
6961,1156,1156,1156,150,389,539,1695
6962,1161,1161,1161,150,389,539,1700
6963,1155,1161,1161,156,389,545,1700
6964,1162,1156,1155,150,388,538,1700
6965,1161,1166,1162,155,391,539,1700
6966,1127,1156,1166,152.5,394,536.5,1705
6967,1200,1166,1156,150,388.5,534,1734
6968,1162,1167,1166,155,388.75,538,1700
6969,1166,1161,1167,150,389,539,1705
6970,1134,1161,1161,166.5,389,566,1700
6971,1172,1178,1172,158.25,389,566,1738
6972,1194,1161,1167,150,389,539,1733
6973,1161,1161,1156,150,386,534,1695
6974,1123,1156,1155,150,387.5,566,1689
6975,1188,1155,1161,150,389,539,1727
6976,1162,1162,1156,150,389,533,1695
6977,1138,1172,1178,150,389,573,1711
6978,1206,1172,1177,150,394,544,1750
6979,1178,1178,1173,150,389,539,1717
6980,1144,1172,1172,164,389,567,1711
6981,1178,1178,1178,157,389,567,1745
6982,1200,1172,1177,150,394,544,1744
6983,1156,1156,1150,150,388,538,1694
6984,1138,1172,1173,163.5,389,573,1711
6985,1173,1166,1172,156.75,395,572,1745
6986,1172,1145,1139,150,389,539,1711
6987,1100,1133,1133,166.5,389,572,1672
6988,1128,1128,1128,175.25,389,572,1700
6989,1116,1117,1117,176.125,389,573,1689
6990,1123,1116,1116,179.562,389,566,1689
6991,1105,1111,1111,164.781,389,572,1677
6992,1150,1117,1123,150,395,545,1695
6993,1145,1145,1138,150,388,538,1683
6994,1122,1161,1162,150,389,538.5,1700
6995,1194,1155,1155,150,389,539,1733
6996,1150,1150,1156,150,395,545,1695
6997,1156,1156,1150,150,389,539,1695
6998,1161,1166,1161,155,389,539,1700
6999,1172,1173,1178,156,389,545,1717
7000,1156,1150,1150,150,389,539,1695
7001,1127,1155,1155,164,389,567,1694
7002,1167,1167,1172,157,394,572,1739
7003,1195,1167,1161,150,388,538,1733
7004,1155,1155,1156,150,389,539,1694
7005,1139,1167,1167,150,389,567,1706
7006,1189,1161,1161,150,389,539,1728
7007,1128,1155,1161,166.5,395,572,1700
7008,1133,1139,1128,158.25,394.5,567,1700
7009,1178,1145,1155,150,394,544,1722
7010,1166,1161,1156,145,389,534,1700
7011,1134,1167,1166,161.5,388,566,1700
7012,1172,1172,1173,155.75,389,567,1739
7013,1200,1172,1177,150,394,544,1744
7014,1178,1178,1178,150,394,544,1722
7015,1150,1172,1172,150,394,566,1716
7016,1216,1194,1189,150,389,539,1755
7017,1173,1173,1173,150,389,539,1712
7018,1139,1166,1166,166.5,389,566,1705
7019,1183,1189,1189,158.25,389,572,1755
7020,1217,1184,1183,150,388,538,1755
7021,1166,1166,1173,150,395,545,1711
7022,1139,1178,1172,166.5,389,558.5,1717
7023,1178,1172,1172,158.25,389,572,1750
7024,1211,1178,1183,150,394,544,1755
7025,1161,1161,1162,150,395,545,1706
7026,1133,1167,1155,166.5,392,567,1700
7027,1167,1166,1172,158.25,389,572,1739
7028,1195,1162,1167,150,394,544,1739
7029,1172,1172,1167,150,389,539,1711
7030,1144,1178,1177,150,388,572,1716
7031,1211,1177,1178,150,389,539,1750
7032,1167,1167,1167,150,389,539,1706
7033,1133,1167,1167,153,389,573,1706
7034,1200,1172,1172,156,389,545,1745
7035,1167,1161,1161,150,389,539,1706
7036,1144,1172,1172,150,389,567,1711
7037,1195,1167,1167,150,389,539,1734
7038,1161,1189,1194,147,394,572,1733
7039,1189,1155,1156,144,395,539,1728
7040,1117,1156,1155,149.5,394,541.5,1694
7041,1183,1155,1150,155,389,544,1727
7042,1167,1156,1161,144,394,538,1705
7043,1166,1172,1167,150,389,539,1705
7044,1178,1178,1183,150,394,544,1722
7045,1172,1172,1173,150,395,545,1717
7046,1167,1167,1161,150,389,539,1706
7047,1183,1183,1183,150,389,539,1722
7048,1167,1167,1172,150,394,544,1711
7049,1161,1161,1156,150,389,539,1700
7050,1167,1167,1167,150,389,539,1706
7051,1150,1150,1150,150,389,539,1689
7052,1116,1150,1155,167,394,556,1694
7053,1161,1161,1156,172.5,389,573,1734
7054,1167,1161,1161,178.25,389,567,1734
7055,1161,1167,1166,164.125,388,572,1733
7056,1172,1138,1139,150,389,539,1711
7057,1106,1139,1145,150,395,541.5,1684
7058,1156,1123,1122,150,394,544,1700
7059,1122,1122,1122,150,394,544,1666
7060,1083,1116,1111,153,389,572,1655
7061,1111,1084,1078,156,391.5,539,1650
7062,1045,1072,1083,153,394,539,1622
7063,1100,1067,1062,150,389,539,1639
7064,1039,1072,1066,213.5,389,566,1605
7065,1094.5,1055,1061,192.75,389,563.5,1627
7066,1150,1045,1045,187.875,389,561,1711
7067,1050,1061,1061,185.938,389,572,1622
7068,1066,1067,1067,167.969,389,573,1639
7069,1128,1094,1088,150,386,533,1661
7070,1106,1106,1106,150,384.5,533,1639
7071,1116,1144,1144,153,383.75,561,1677
7072,1178,1156,1156,156,383.875,539,1717
7073,1161,1155,1156,150,383.938,534,1695
7074,1172,1172,1172,150,386.469,534,1706
7075,1173,1173,1178,150,389,539,1712
7076,1189,1189,1183,150,389,533,1722
7077,1172,1172,1178,150,389,539,1711
7078,1172,1172,1172,150,389,539,1711
7079,1161,1161,1161,150,389,539,1700
7080,1111,1145,1144,150,388,572,1683
7081,1195,1161,1156,150,388.5,533,1728
7082,1139,1172,1178,153,389,572,1711
7083,1205,1178,1178,156,389,545,1750
7084,1161,1155,1161,150,395,545,1706
7085,1172,1172,1166,150,389,539,1711
7086,1250,1173,1167,150,389,539,1706
7087,1205.5,1172,1178,150,389,539,1703
7088,1161,1161,1161,150,389,539,1700
7089,1156,1189,1189,152.5,389,572,1728
7090,1211,1183,1183,155,389,544,1755
7091,1172,1167,1172,150,394,544,1716
7092,1161,1189,1184,153,389,567,1728
7093,1200,1178,1177,156,388,544,1744
7094,1167,1161,1167,150,394,544,1711
7095,1172,1172,1161,150,391.5,533,1705
7096,1150,1178,1184,152.5,389,567,1717
7097,1200,1177,1177,155,389,544,1744
7098,1183,1178,1178,150,389,539,1722
7099,1150,1184,1183,166.5,388,572,1722
7100,1167,1166,1167,158.25,389,572,1739
7101,1205,1172,1172,150,389,539,1744
7102,1178,1178,1178,150,389,539,1717
7103,1167,1167,1172,150,394,544,1711
7104,1155,1155,1156,150,395,545,1700
7105,1112,1145,1139,164,389,572,1684
7106,1155,1150,1150,170.5,389,567,1722
7107,1156,1155,1155,160.25,389,566,1722
7108,1166,1139,1139,150,389,539,1705
7109,1156,1161,1161,155,389,544,1700
7110,1139,1162,1156,152.5,389,561,1700
7111,1183,1155,1161,150,389,539,1722
7112,1172,1178,1178,156,389,545,1717
7113,1145,1161,1161,153,389,561,1706
7114,1194,1172,1178,150,395,545,1739
7115,1145,1178,1172,163.5,389,572,1717
7116,1200,1194,1200,156.75,395,572,1772
7117,1222,1195,1194,150,394,544,1766
7118,1194,1194,1195,150,395,545,1739
7119,1189,1189,1183,150,389,539,1728
7120,1167,1200,1200,152.5,389,572,1739
7121,1217,1189,1195,155,395,550,1767
7122,1188,1183,1183,150,395,545,1733
7123,1145,1178,1172,166.5,389,572,1717
7124,1178,1178,1178,160.75,389,572,1750
7125,1211,1183,1183,155,389,544,1755
7126,1183,1178,1178,150,389,539,1722
7127,1172,1172,1172,150,389,539,1711
7128,1189,1189,1189,150,389,539,1728
7129,1184,1184,1183,150,388,538,1722
7130,1177,1177,1178,150,389,539,1716
7131,1173,1200,1200,152.5,389,566,1739
7132,1211,1189,1195,155,395,550,1761
7133,1177,1172,1166,150,389,539,1716
7134,1173,1173,1178,150,394,544,1717
7135,1139,1172,1167,150,389,572,1711
7136,1177,1144,1150,150,395,545,1722
7137,1084,1123,1122,166.5,394,558.5,1667
7138,1100,1094,1089,177.25,389,572,1672
7139,1089,1094,1094,180.125,389,575,1666
7140,1083,1078,1084,184.062,395,576,1661
7141,1067,1072,1066,183.531,389,574,1644
7142,1055,1050,1050,183.266,389,572,1627
7143,1078,1078,1078,183.133,389,572,1650
7144,1089,1089,1089,169.566,389,572,1661
7145,1133,1106,1106,156,389,545,1678
7146,1117,1144,1144,155.5,389,572,1689
7147,1189,1161,1161,155,389,544,1733
7148,1172,1172,1172,155,389,544,1716
7149,1172,1167,1173,150,395,545,1717
7150,1161,1195,1183,153,392,567,1728
7151,1222,1194,1200,156,389,545,1767
7152,1195,1189,1189,150,389,539,1734
7153,1172,1200,1200,153,389,567,1739
7154,1222,1200,1200,156,389,545,1767
7155,1200,1194,1194,150,389,539,1739
7156,1195,1200,1195,155,389,539,1734
7157,1194,1195,1200,156,389,545,1739
7158,1200,1200,1194,156,389,539,1739
7159,1145,1172,1178,170,389,572,1717
7160,1166,1167,1161,160,389,567,1733
7161,1200,1166,1172,150,389,539,1739
7162,1161,1161,1161,150,389,539,1700
7163,1150,1178,1184,150,395,573,1723
7164,1245,1217,1211,150,389,539,1784
7165,1211,1211,1216,150,394,544,1755
7166,1194,1194,1195,150,395,545,1739
7167,1162,1189,1189,150,395,572,1734
7168,1211,1184,1178,150,389,539,1750
7169,1177,1177,1183,150,395,545,1722
7170,1150,1184,1178,153,389,573,1723
7171,1206,1178,1177,156,388,544,1750
7172,1172,1172,1178,156,394,550,1722
7173,1156,1178,1178,167,394,572,1728
7174,1205,1205,1200,158.5,389,567,1772
7175,1228,1200,1206,150,395,545,1773
7176,1189,1195,1188,156,388,544,1733
7177,1194,1188,1189,150,389,539,1733
7178,1167,1195,1200,150,394,572,1739
7179,1217,1189,1189,150,394,544,1761
7180,1183,1183,1178,150,389,539,1722
7181,1200,1206,1211,156,394,550,1750
7182,1172,1172,1167,156,389,545,1717
7183,1100,1128,1128,153,389,573,1673
7184,1161,1127,1133,150,395,545,1706
7185,1133.5,1116,1116.5,166.5,394,558.5,1692
7186,1106,1105,1100,172.25,389,572,1678
7187,1100,1095,1100,177.625,394,572,1672
7188,1106,1111,1111,182.812,394,574.5,1683
7189,1100,1105,1100,180.406,389,573.25,1677
7190,1122,1112,1117,165.203,394,572,1694
7191,1172,1144,1139,150,389,539,1711
7192,1161,1189,1189,167,389,567,1728
7193,1183,1189,1189,161,389,573,1756
7194,1212,1183,1183,155,389,544,1756
7195,1194,1189,1189,150,389,539,1733
7196,1200,1200,1200,150,389,539,1739
7197,1200,1200,1200,150,389,539,1739
7198,1156,1183,1189,152.5,395,572,1728
7199,1211,1189,1183,155,389,544,1755
7200,1189,1189,1183,155,389,538,1727
7201,1166,1189,1195,155.5,389,567,1733
7202,1222,1200,1200,156,389,545,1767
7203,1195,1189,1194,150,394,544,1739
7204,1161,1194,1189,153,389,572,1733
7205,1222,1195,1195,156,389,545,1767
7206,1200,1194,1200,150,395,545,1745
7207,1217,1217,1211,150,389,539,1756
7208,1228,1228,1233,150,394,544,1772
7209,1222,1222,1222,150,394,544,1766
7210,1222,1222,1223,150,395,545,1767
7211,1211,1245,1238,150,388,572,1783
7212,1250,1216,1228,150,400,550,1800
7213,1189,1222,1222,161.5,400,558.5,1772
7214,1233,1223,1217,155.75,394,567,1800
7215,1223,1200,1206,150,400,550,1773
7216,1194,1200,1189,156,389,545,1739
7217,1172,1200,1205,167,394,558.5,1750
7218,1195,1189,1189,158.5,394,572,1767
7219,1205,1177,1178,150,395,545,1750
7220,1184,1184,1178,150,389,539,1723
7221,1155,1183,1188,150,394,572,1727
7222,1211,1183,1184,150,395,545,1756
7223,1189,1189,1189,150,395,545,1734
7224,1195,1195,1194,150,394,544,1739
7225,1194,1194,1195,150,395,545,1739
7226,1167,1195,1194,150,394,572,1739
7227,1216,1188,1189,150,395,545,1761
7228,1167,1200,1200,166.5,395,558.5,1745
7229,1217,1217,1211,169.25,389,572,1789
7230,1194,1183,1189,159.625,395,567,1761
7231,1200,1178,1183,150,400,550,1750
7232,1195,1195,1189,150,394,544,1739
7233,1166,1194,1189,150,389,567,1733
7234,1206,1178,1183,150,394,544,1750
7235,1183,1183,1184,150,395,545,1728
7236,1139,1167,1161,150,389,567,1706
7237,1195,1167,1172,150,394,544,1739
7238,1166,1166,1161,150,389,539,1705
7239,1178,1184,1183,156,388,544,1722
7240,1156,1177,1178,156,389,566,1722
7241,1205,1184,1184,156,389,545,1750
7242,1183,1177,1177,150,389,539,1722
7243,1162,1189,1189,150,389,566,1728
7244,1227,1200,1206,150,395,545,1772
7245,1178,1178,1172,150,389,539,1717
7246,1156,1183,1183,163.5,389,566,1722
7247,1189,1189,1189,170.75,389,566,1755
7248,1194,1195,1195,160.375,389,567,1761
7249,1206,1178,1183,150,394,544,1750
7250,1155,1183,1178,164,389,567,1722
7251,1183,1183,1189,157,395,573,1756
7252,1200,1172,1172,150,395,545,1745
7253,1156,1189,1189,152.5,395,544.5,1734
7254,1206,1178,1172,155,389,544,1750
7255,1177,1172,1178,150,395,545,1722
7256,1189,1189,1183,150,389,539,1728
7257,1178,1200,1206,150,395,567,1745
7258,1233,1211,1211,150,395,545,1778
7259,1200,1200,1200,150,395,545,1745
7260,1189,1217,1211,166.5,389,567,1756
7261,1195,1200,1200,158.25,389,572,1767
7262,1216,1183,1189,150,395,545,1761
7263,1167,1195,1189,150,389,567,1734
7264,1217,1189,1194,150,394,544,1761
7265,1177,1177,1172,150,389,539,1716
7266,1145,1178,1178,166.5,389,572,1717
7267,1178,1178,1183,161.25,394,558.5,1755
7268,1205,1178,1173,156,389,545,1750
7269,1184,1178,1183,150,394,544,1728
7270,1183,1188,1183,155,389,544,1727
7271,1178,1178,1178,155,389,544,1722
7272,1144,1172,1172,169,389,572,1716
7273,1178,1178,1178,162,389,572,1750
7274,1200,1172,1172,155,389,544,1744
7275,1172,1167,1167,150,389,539,1711
7276,1156,1156,1156,150,389,539,1695
7277,1122,1161,1161,150,389,542,1700
7278,1194,1155,1161,150,395,545,1739
7279,1139,1173,1172,150,394,545,1717
7280,1222,1188,1189,150,395,545,1767
7281,1184,1189,1189,155,395,550,1734
7282,1178,1206,1205,155,394,550,1755
7283,1222,1194,1195,155,395,550,1772
7284,1200,1195,1194,150,394,544,1744
7285,1178,1205,1200,166.5,389,566,1744
7286,1200,1206,1211,158.25,394,555.5,1777
7287,1227,1194,1195,150,395,545,1772
7288,1200,1200,1194,150,389,539,1739
7289,1184,1184,1189,150,394,544,1728
7290,1183,1189,1183,156,388,544,1727
7291,1172,1172,1173,156,389,545,1717
7292,1161,1189,1189,166.5,389,573,1734
7293,1184,1177,1183,158.25,395,572,1756
7294,1211,1184,1178,150,389,539,1750
7295,1178,1183,1177,155,391.5,538,1716
7296,1166,1189,1200,155,394,572,1738
7297,1206,1183,1178,155,389,544,1750
7298,1178,1178,1178,155,389,544,1722
7299,1155,1183,1189,152.5,395,544,1733
7300,1217,1184,1183,150,394,544,1761
7301,1178,1178,1172,150,388,538,1716
7302,1155,1183,1184,150,389,567,1722
7303,1200,1172,1172,150,389,539,1739
7304,1167,1167,1167,150,389,539,1706
7305,1172,1172,1172,150,389,539,1711
7306,1183,1183,1183,150,389,539,1722
7307,1178,1184,1189,156,394,550,1728
7308,1189,1183,1183,150,394,544,1733
7309,1156,1189,1184,169.5,389,572,1728
7310,1183,1189,1189,162.25,389,558,1761
7311,1217,1183,1183,155,389,544,1761
7312,1188,1183,1183,150,389,539,1727
7313,1167,1195,1195,150,389,567,1734
7314,1228,1200,1211,150,400,550,1778
7315,1189,1189,1183,150,394,544,1733
7316,1194,1194,1195,150,395,545,1739
7317,1189,1189,1189,150,395,545,1734
7318,1195,1195,1194,150,394,544,1739
7319,1194,1194,1189,150,389,539,1733
7320,1161,1189,1189,150,389,567,1728
7321,1211,1183,1189,150,395,545,1756
7322,1172,1172,1172,150,395,545,1717
7323,1156,1189,1189,169.5,395,564.5,1734
7324,1172,1178,1178,159.75,395,551.75,1756
7325,1206,1167,1161,150,389,539,1745
7326,1172,1172,1177,150,394,544,1716
7327,1156,1189,1184,150,389,572,1728
7328,1188,1155,1161,150,395,545,1733
7329,1162,1162,1155,150,388,538,1700
7330,1138,1172,1178,164,394,555,1716
7331,1178,1172,1172,171,394,572,1750
7332,1172,1172,1173,163.5,395,573,1745
7333,1200,1178,1177,156,394,550,1750
7334,1150,1178,1184,156,400,550,1734
7335,1217,1189,1183,156,394,550,1767
7336,1189,1183,1183,150,394,544,1733
7337,1194,1194,1195,150,395,545,1739
7338,1139,1167,1161,152.5,389,567,1706
7339,1195,1172,1178,155,395,550,1745
7340,1150,1173,1172,152.5,394,572,1722
7341,1205,1177,1178,150,395,545,1750
7342,1161,1189,1183,150,389,567,1728
7343,1195,1167,1167,150,389,539,1734
7344,1161,1189,1189,150,389,567,1728
7345,1206,1178,1183,150,394,544,1750
7346,1177,1177,1172,150,389,539,1716
7347,1150,1184,1189,167,394,558.5,1728
7348,1200,1200,1200,158.5,394,551.25,1778
7349,1223,1189,1189,150,394,544,1767
7350,1188,1188,1183,150,389,539,1727
7351,1167,1189,1195,166.5,395,567,1734
7352,1178,1189,1183,158.25,389,572,1750
7353,1217,1184,1183,150,388,538,1755
7354,1172,1177,1173,155,388.5,539,1711
7355,1155,1184,1189,169.5,389,573,1728
7356,1189,1189,1188,159.75,388,572,1761
7357,1206,1172,1173,150,389,539,1745
7358,1139,1172,1172,150,389,572,1711
7359,1200,1167,1172,150,394,544,1744
7360,1166,1166,1161,150,389,539,1705
7361,1145,1178,1184,166.5,395,555.5,1723
7362,1161,1161,1155,158.25,389,572,1733
7363,1194,1161,1167,150,395,545,1739
7364,1167,1173,1166,156,388,544,1711
7365,1150,1177,1184,170,395,561,1728
7366,1194,1195,1194,162.5,394,552.5,1772
7367,1223,1194,1189,155,389,544,1767
7368,1211,1206,1211,150,394,544,1755
7369,1211,1211,1211,150,394,544,1755
7370,1194,1194,1189,150,389,539,1733
7371,1189,1189,1195,150,395,545,1734
7372,1184,1184,1177,150,388,538,1722
7373,1194,1194,1195,150,389,539,1733
7374,1178,1178,1178,150,389,539,1717
7375,1144,1172,1172,166.5,389,567,1711
7376,1184,1189,1189,158.25,389,572,1756
7377,1211,1178,1178,150,389,539,1750
7378,1155,1189,1188,150,388,572,1727
7379,1222,1188,1189,150,389,539,1761
7380,1178,1178,1184,150,395,545,1723
7381,1189,1189,1183,150,389,539,1728
7382,1150,1183,1189,152.5,395,544.5,1728
7383,1228,1200,1200,155,395,550,1778
7384,1183,1178,1172,150,389,539,1722
7385,1139,1167,1167,166.5,389,567,1706
7386,1178,1183,1189,158.25,395,555.5,1756
7387,1211,1178,1177,150,394,544,1755
7388,1178,1211,1206,164,389,572,1750
7389,1216,1211,1211,157,389,567,1783
7390,1228,1200,1206,150,395,545,1773
7391,1172,1211,1205,164,389,558.5,1750
7392,1217,1206,1211,157,394,572,1789
7393,1222,1194,1195,150,395,545,1767
7394,1189,1189,1183,150,389,539,1728
7395,1156,1189,1189,166.5,389,572,1728
7396,1178,1178,1178,172.25,389,572,1750
7397,1177,1172,1178,161.125,395,573,1750
7398,1206,1178,1177,150,394,544,1750
7399,1150,1178,1173,152.5,389,567,1717
7400,1189,1166,1166,155,389,544,1733
7401,1133,1156,1156,152.5,389,567,1700
7402,1200,1172,1172,150,389,539,1739
7403,1172,1178,1178,156,389,545,1717
7404,1184,1178,1178,150,389,539,1723
7405,1155,1183,1314,152.5,389,541.5,1736.5
7406,1206,1183,1251.5,155,389,544,1750
7407,1166,1189,1189,152.5,389,567,1733
7408,1217,1189,1189,150,389,539,1756
7409,1183,1189,1189,156,389,545,1728
7410,1195,1189,1189,150,389,539,1734
7411,1172,1200,1205,150,394,572,1744
7412,1228,1200,1195,150,389,539,1767
7413,1194,1194,1200,150,395,545,1739
7414,1200,1200,1194,150,389,539,1739
7415,1145,1178,1184,164,395,553,1723
7416,1194,1189,1183,160,389,567,1761
7417,1178,1156,1155,156,388,544,1722
7418,1133,1161,1162,170,389,573,1706
7419,1161,1161,1172,160,400,559,1745
7420,1200,1166,1161,150,395,545,1745
7421,1150,1156,1150,156,389,545,1695
7422,1139,1161,1161,156,389,567,1706
7423,1189,1167,1167,156,389,545,1734
7424,1145,1144,1144,155,389,544,1689
7425,1133,1156,1161,155.5,394,572,1705
7426,1194,1172,1172,156,394,550,1744
7427,1150,1178,1178,153,394,547.5,1728
7428,1217,1183,1184,150,395,545,1762
7429,1172,1206,1205,153,394,547.5,1750
7430,1200,1172,1172,156,394,550,1750
7431,1184,1178,1178,150,394,544,1728
7432,1161,1161,1161,150,394,544,1705
7433,1050,1150,1145,150,389,544.5,1689
7434,1233,1133,1139,150,395,545,1778
7435,1117,1150,1150,167,395,561.5,1695
7436,1144,1145,1144,175,394,569.25,1722
7437,1134,1133,1133,162.5,394,557.125,1711
7438,1166,1133,1134,150,395,545,1711
7439,1134,1167,1166,153,394,544.5,1711
7440,1194,1167,1161,156,388,544,1738
7441,1133,1155,1162,169.5,395,573,1706
7442,1173,1178,1172,162.75,389,572,1745
7443,1216,1189,1189,156,389,545,1761
7444,1189,1189,1189,156,389,545,1734
7445,1178,1172,1177,150,394,544,1722
7446,1150,1172,1167,166.5,389,561,1711
7447,1172,1183,1183,161.25,389,572,1744
7448,1211,1184,1189,156,394,550,1761
7449,1178,1172,1167,150,389,539,1717
7450,1156,1189,1183,150,389,566,1722
7451,1211,1178,1184,150,389,539,1750
7452,1172,1172,1172,150,389,539,1711
7453,1161,1167,1166,156,388,544,1705
7454,1167,1166,1167,155,389,544,1711
7455,1177,1172,1172,150,389,539,1716
7456,1178,1178,1178,150,389,539,1717
7457,1178,1178,1183,150,394,544,1722
7458,1172,1172,1173,150,395,545,1717
7459,1134,1167,1166,166.5,394,558.5,1711
7460,1183,1183,1178,158.25,389,572,1755
7461,1217,1184,1189,150,394,544,1761
7462,1183,1183,1178,150,389,539,1722
7463,1167,1194,1194,164,389,566,1733
7464,1194,1195,1200,157,394,572,1766
7465,1217,1189,1184,150,389,539,1756
7466,1200,1200,1200,150,389,539,1739
7467,1150,1183,1188,166.5,394,555.5,1727
7468,1161,1161,1156,177.75,389,572,1733
7469,1116,1122,1128,216.375,395,613.5,1700
7470,1062,1128,1133,199.688,400,598.25,1717
7471,1294,1222,1222,188.844,400,588.125,1761.5
7472,1228,1223,1223,185.922,400,585.562,1806
7473,1161,1166,1166,181.961,400,581.781,1744
7474,1122,1117,1117,182.48,400,579.891,1700
7475,1117,1122,1117,182.74,395,578.945,1695
7476,1100,1100,1100,182.87,395,578.473,1678
7477,1100,1100,1100,182.935,395,578.236,1678
7478,1133,1133,1133,180.468,395,575.118,1711
7479,1150,1145,1144,182.234,394,572,1722
7480,1161,1167,1161,182.617,388,572,1733
7481,1189,1188,1189,169.308,389,572,1761
7482,1222,1195,1195,156,389,545,1767
7483,1178,1200,1200,167,389,567,1745
7484,1189,1189,1194,158.5,394,572,1761
7485,1233,1205,1200,150,389,539,1772
7486,1189,1189,1195,150,395,545,1734
7487,1195,1200,1189,155,394.5,539,1734
7488,1183,1184,1194,156,394,550,1733
7489,1183,1177,1172,150,389,539,1722
7490,1161,1189,1189,150,389,567,1728
7491,1212,1184,1183,150,388,538,1750
7492,1188,1188,1189,150,389,539,1727
7493,1189,1189,1184,150,389,534,1723
7494,1173,1200,1205,150,389,566,1739
7495,1211,1184,1184,150,389,539,1750
7496,1161,1194,1194,150,389,572,1733
7497,1228,1195,1200,150,394,544,1772
7498,1188,1188,1189,150,395,545,1733
7499,1156,1184,1183,167,394,572,1728
7500,1183,1189,1184,158.5,389,573,1756
7501,1211,1177,1177,150,389,539,1750
7502,1173,1206,1211,166.5,394,558.5,1750
7503,1222,1222,1223,174.75,395,570.75,1800
7504,1222,1222,1227,162.375,400,560.375,1805
7505,1256,1223,1223,150,400,550,1806
7506,1222,1227,1222,155,395,550,1772
7507,1217,1212,1211,150,394,544,1761
7508,1177,1205,1211,150,400,547,1755
7509,1245,1217,1217,150,400,550,1795
7510,1166,1200,1194,150,394,550,1744
7511,1223,1189,1195,150,400,550,1773
7512,1183,1211,1205,166.5,394,572,1755
7513,1200,1205,1206,158.25,395,558.5,1778
7514,1222,1189,1189,150,395,545,1767
7515,1184,1189,1189,155,395,550,1734
7516,1194,1195,1194,156,394,550,1744
7517,1183,1177,1178,150,395,545,1728
7518,1156,1184,1183,153,394,572,1728
7519,1211,1189,1183,156,388,544,1755
7520,1178,1172,1178,150,394,544,1722
7521,1183,1183,1184,150,395,545,1728
7522,1156,1189,1188,150,394,545,1733
7523,1216,1183,1184,150,395,545,1761
7524,1167,1195,1194,150,394,572,1739
7525,1222,1194,1195,150,395,545,1767
7526,1189,1195,1189,156,389,545,1734
7527,1200,1200,1200,156,389,545,1745
7528,1178,1200,1205,153,394,572,1750
7529,1222,1194,1195,150,395,545,1767
7530,1195,1195,1194,150,394,544,1739
7531,1155,1183,1183,150,394,572,1727
7532,1206,1178,1184,150,400,550,1756
7533,1111,1144,1133,166.5,389,572,1683
7534,1161,1161,1167,174.75,395,574.5,1739
7535,1117,1117,1116,178.875,394,575.75,1694
7536,1100,1100,1100,183.938,394,576.875,1677
7537,1094,1100,1095,166.969,389,560.938,1672
7538,1133,1094,1100,150,395,545,1678
7539,1078,1111,1111,164,395,556,1656
7540,1150,1145,1139,157,389,567,1717
7541,1183,1155,1161,150,395,545,1728
7542,1145,1178,1178,152.5,395,544.5,1723
7543,1228,1200,1194,155,389,544,1772
7544,1194,1195,1195,156,389,545,1739
7545,1206,1205,1205,155,389,544,1750
7546,1211,1206,1211,150,394,544,1755
7547,1205,1205,1206,150,395,545,1750
7548,1195,1200,1194,155,389,544,1739
7549,1189,1211,1217,152.5,395,572,1761
7550,1250,1223,1222,150,394,544,1794
7551,1183,1183,1178,150,389,539,1722
7552,1194,1194,1194,150,389,539,1733
7553,1206,1206,1206,150,389,539,1745
7554,1200,1206,1211,156,394,550,1750
7555,1217,1211,1206,150,389,539,1756
7556,1194,1222,1227,150,394,572,1766
7557,1250,1222,1223,150,395,545,1795
7558,1195,1195,1194,150,394,544,1739
7559,1177,1205,1200,150,389,567,1744
7560,1223,1195,1206,150,400,550,1773
7561,1194,1194,1183,150,389,539,1733
7562,1172,1200,1205,152.5,394,572,1744
7563,1234,1211,1212,155,395,550,1784
7564,1200,1195,1194,150,394,544,1744
7565,1177,1183,1183,156,394,550,1727
7566,1173,1200,1200,156,394,547.5,1750
7567,1238,1211,1206,156,389,545,1783
7568,1206,1200,1205,150,394,544,1750
7569,1217,1217,1212,150,389,539,1756
7570,1216,1222,1227,156,394,550,1766
7571,1223,1217,1211,150,388,538,1761
7572,1205,1211,1212,156,389,545,1750
7573,1222,1216,1222,150,395,545,1767
7574,1195,1223,1222,166.5,394,572,1767
7575,1211,1216,1211,174.75,389,572,1783
7576,1217,1217,1217,165.375,389,572,1789
7577,1244,1217,1222,156,394,550,1794
7578,1211,1205,1200,150,389,539,1750
7579,1211,1211,1217,150,395,545,1756
7580,1172,1206,1205,150,394,545,1750
7581,1239,1205,1206,150,395,545,1784
7582,1206,1206,1205,150,394,544,1750
7583,1189,1217,1211,167,388,566,1755
7584,1205,1211,1217,158.5,394,552.5,1783
7585,1245,1211,1206,150,389,539,1784
7586,1161,1194,1200,152.5,395,544.5,1739
7587,1217,1189,1189,155,395,550,1767
7588,1133,1161,1155,169,389,572,1705
7589,1161,1161,1167,176,395,575,1739
7590,1128,1128,1128,180,395,574,1706
7591,1105,1106,1100,182,389,573,1678
7592,1100,1100,1105,166,394,558.5,1678
7593,1145,1111,1111,150,394,544,1689
7594,1089,1116,1117,167,395,572,1661
7595,1155,1162,1155,175.5,388,572,1727
7596,1172,1172,1178,179.75,394,575,1750
7597,1200,1200,1200,167.875,394,562.5,1778
7598,1256,1228,1228,156,394,550,1806
7599,1222,1216,1217,150,395,545,1767
7600,1222,1222,1222,150,395,545,1767
7601,1212,1239,1233,150,389,566,1778
7602,1238,1211,1217,150,395,545,1783
7603,1200,1200,1194,150,389,539,1739
7604,1162,1195,1195,150,389,572,1734
7605,1222,1189,1189,150,389,539,1761
7606,1194,1194,1200,150,395,545,1739
7607,1172,1206,1205,150,394,545,1750
7608,1228,1194,1195,150,395,545,1773
7609,1206,1206,1205,150,394,544,1750
7610,1211,1211,1206,150,389,539,1750
7611,1211,1211,1211,150,389,539,1750
7612,1194,1194,1194,150,389,539,1733
7613,1217,1217,1217,150,389,539,1756
7614,1200,1200,1206,150,395,545,1745
7615,1200,1200,1194,150,389,539,1739
7616,1206,1211,1211,155,389,544,1750
7617,1194,1217,1222,152.5,394,572,1766
7618,1228,1200,1200,150,394,544,1772
7619,1205,1205,1200,150,389,539,1744
7620,1200,1200,1206,150,395,545,1745
7621,1189,1189,1189,150,395,545,1734
7622,1189,1189,1189,150,395,545,1734
7623,1145,1172,1172,166.5,395,572,1717
7624,1172,1178,1178,172.25,395,572,1750
7625,1211,1206,1205,175.125,394,572,1783
7626,1189,1189,1189,176.562,394,572,1761
7627,1192,1192,1194.5,177.281,395,573,1767
7628,1195,1195,1200,180.641,400,578.5,1773
7629,1194,1200,1200,179.32,400,578.25,1778
7630,1211,1205,1205,164.66,400,564.125,1789
7631,1234,1206,1206,150,400,550,1784
7632,1194,1222,1222,166.5,400,564,1772
7633,1217,1222,1217,158.25,395,557,1795
7634,1255,1222,1227,150,400,550,1805
7635,1212,1217,1212,155,395,550,1762
7636,1194,1217,1216,152.5,394,572,1766
7637,1244,1216,1217,150,395,545,1789
7638,1195,1200,1200,155,395,550,1745
7639,1178,1206,1205,155.5,394,547.5,1755
7640,1227,1200,1195,156,389,545,1772
7641,1162,1189,1189,167,389,572,1734
7642,1188,1183,1189,175,395,573,1761
7643,1195,1200,1200,162.5,395,558.5,1773
7644,1228,1195,1194,150,394,544,1772
7645,1189,1194,1189,155,389,544,1733
7646,1177,1178,1178,156,389,545,1722
7647,1156,1183,1189,169.5,395,558.5,1734
7648,1178,1178,1172,159.75,389,572,1750
7649,1211,1178,1183,150,394,544,1755
7650,1200,1200,1200,150,394,544,1744
7651,1166,1194,1195,150,395,573,1739
7652,1217,1189,1189,150,395,545,1762
7653,1206,1206,1200,150,389,539,1745
7654,1183,1216,1216,153,389,572,1755
7655,1250,1223,1228,156,394,550,1800
7656,1206,1200,1200,150,394,544,1750
7657,1211,1211,1211,150,394,544,1755
7658,1155,1189,1189,166.5,394,563.5,1733
7659,1156,1155,1161,175.25,400,570.75,1739
7660,1155,1156,1150,176.625,394,571.875,1733
7661,1150,1144,1145,176.812,395,573,1723
7662,1123,1122,1122,180.406,395,572,1695
7663,1127,1134,1133,179.203,394,575,1705
7664,1161,1155,1161,164.602,400,559.5,1739
7665,1195,1167,1161,150,394,544,1739
7666,1144,1183,1184,164,395,558,1728
7667,1189,1178,1177,173.5,394,572,1761
7668,1189,1194,1195,164.25,395,561,1767
7669,1206,1178,1178,155,395,550,1756
7670,1200,1195,1194,150,394,544,1744
7671,1183,1205,1200,167,389,561,1744
7672,1183,1195,1206,175,400,569.5,1767
7673,1206,1205,1200,165,395,556.75,1784
7674,1239,1211,1205,155,389,544,1783
7675,1194,1189,1195,150,395,545,1739
7676,1172,1200,1200,152.5,395,573,1745
7677,1223,1200,1194,155,389,544,1767
7678,1177,1178,1178,156,389,545,1722
7679,1195,1189,1189,150,389,539,1734
7680,1161,1189,1194,150,394,572,1733
7681,1211,1183,1178,150,389,539,1750
7682,1178,1178,1183,150,394,544,1722
7683,1194,1200,1195,156,389,545,1739
7684,1195,1189,1194,150,394,544,1739
7685,1183,1189,1189,156,394,550,1733
7686,1195,1189,1189,150,394,544,1739
7687,1188,1188,1189,150,395,545,1733
7688,1178,1212,1205,152.5,388,572,1750
7689,1234,1205,1212,155,395,550,1784
7690,1216,1211,1211,150,395,545,1761
7691,1189,1222,1216,164,389,572,1761
7692,1228,1223,1234,157,400,555.5,1806
7693,1244,1216,1205,150,389,539,1783
7694,1200,1234,1239,150,394,541.5,1778
7695,1245,1211,1211,150,394,544,1789
7696,1150,1189,1184,166.5,389,561,1728
7697,1183,1177,1183,158.25,395,552.5,1761
7698,1206,1173,1172,150,394,544,1750
7699,1144,1177,1172,164,389,572,1716
7700,1172,1167,1178,173.5,400,577.5,1750
7701,1167,1172,1172,178.25,400,577.75,1750
7702,1189,1189,1184,164.125,395,563.875,1767
7703,1233,1200,1205,150,400,550,1783
7704,1200,1200,1195,150,395,545,1745
7705,1200,1234,1233,164,394,561.5,1778
7706,1222,1216,1222,159.5,400,555.75,1800
7707,1234,1211,1206,155,395,550,1784
7708,1194,1217,1216,152.5,394,572,1766
7709,1239,1211,1217,150,400,550,1789
7710,1200,1206,1200,156,394,550,1750
7711,1178,1205,1206,167,395,561,1756
7712,1200,1195,1194,172.5,394,572,1772
7713,1205,1205,1200,161.25,389,567,1772
7714,1223,1195,1200,150,394,544,1767
7715,1194,1194,1200,150,400,550,1744
7716,1167,1195,1189,153,394,572,1739
7717,1216,1194,1189,156,389,545,1761
7718,1184,1178,1183,150,394,544,1728
7719,1178,1183,1178,155,389,544,1722
7720,1177,1178,1183,156,394,550,1727
7721,1145,1172,1173,153,395,547,1723
7722,1211,1178,1177,150,394,544,1755
7723,1122,1155,1156,150,395,544,1700
7724,1167,1134,1133,150,394,544,1711
7725,1089,1128,1122,150,388,544.5,1666
7726,1144,1105,1112,150,395,545,1689
7727,1083,1117,1111,167,389,573,1656
7728,1089,1089,1094,175.5,394,575.5,1667
7729,1089,1089,1089,165.25,394,559.75,1667
7730,1106,1077,1072,155,389,544,1650
7731,1083,1111,1117,152.5,395,544.5,1661
7732,1161,1128,1128,150,395,545,1706
7733,1122,1150,1155,164,400,559,1700
7734,1189,1189,1184,160,395,573,1762
7735,1211,1189,1188,156,394,550,1761
7736,1189,1183,1184,150,395,545,1734
7737,1161,1195,1189,150,389,573,1734
7738,1228,1194,1200,150,395,545,1773
7739,1206,1206,1205,150,394,544,1750
7740,1194,1194,1195,150,395,545,1739
7741,1217,1217,1216,150,394,544,1761
7742,1217,1217,1217,150,394,544,1761
7743,1211,1211,1211,150,394,544,1755
7744,1194,1194,1195,150,395,545,1739
7745,1150,1183,1177,166.5,389,572,1722
7746,1189,1189,1189,158.25,389,572,1761
7747,1211,1178,1184,150,395,545,1756
7748,1167,1195,1194,167,394,572,1739
7749,1205,1211,1206,172.5,389,573,1778
7750,1217,1211,1216,161.25,394,572,1789
7751,1233,1205,1206,150,395,545,1778
7752,1189,1189,1189,150,395,545,1734
7753,1184,1211,1205,150,389,566,1750
7754,1216,1189,1195,150,395,545,1761
7755,1195,1195,1194,150,394,544,1739
7756,1205,1205,1206,150,395,545,1750
7757,1217,1217,1216,150,394,544,1761
7758,1194,1200,1200,156,394,550,1744
7759,1189,1189,1189,156,394,550,1739
7760,1145,1172,1172,150,394,544.5,1722
7761,1172,1133,1134,144,395,539,1711
7762,1128,1167,1166,161,394,556,1705
7763,1166,1161,1162,155.5,395,573,1739
7764,1200,1172,1172,150,395,545,1745
7765,1173,1206,1205,163.5,394,558.5,1750
7766,1211,1205,1206,159.75,395,572,1783
7767,1216,1195,1194,156,394,550,1766
7768,1200,1200,1195,156,389,545,1745
7769,1200,1194,1200,150,395,545,1745
7770,1167,1200,1194,150,389,572,1739
7771,1211,1178,1184,150,395,545,1756
7772,1150,1183,1183,150,395,544.5,1728
7773,1228,1195,1194,150,394,544,1772
7774,1172,1172,1173,150,395,545,1717
7775,1156,1183,1183,150,395,572,1728
7776,1194,1167,1172,150,400,550,1744
7777,1161,1167,1161,156,394,550,1711
7778,1172,1172,1167,156,389,545,1717
7779,1167,1161,1167,150,395,545,1712
7780,1145,1172,1172,152.5,395,572,1717
7781,1200,1178,1172,155,389,544,1744
7782,1155,1178,1183,155.5,394,572,1727
7783,1222,1200,1195,156,389,545,1767
7784,1184,1178,1183,150,394,544,1728
7785,1155,1177,1172,150,389,561,1716
7786,1217,1195,1195,150,389,539,1756
7787,1178,1178,1183,150,394,544,1722
7788,1166,1166,1167,150,395,545,1711
7789,1155.5,1134,1128,166.5,389,567,1673
7790,1145,1109,1103,208.25,406,608.5,1734
7791,1158.5,1084,1078,195.625,400,581.75,1667
7792,1172,1105,1077,192.312,405.5,555,1727
7793,1094,1100,1139,190.656,397.25,566.5,1694
7794,1072,1072,1050,189.828,389,574.75,1650
7795,1073,1073,1078,172.414,394,559.375,1656
7796,1089,1055,1050,155,389,544,1633
7797,1058.5,1061,1050,172,319.5,567,1594
7798,1028,858.5,814,177.1,245.75,460.6,1305.5
7799,716.1,615.25,698.5,163.55,314.375,496.8,1121.35
7800,866.05,829.625,874.25,150,351.688,533,1352.175
7801,944.525,1044,1050,166.5,389,567,1470.587
7802,988.762,1038.5,1044.5,174.75,389,566,1589
7803,1033,1030.75,1027.75,179.375,389,572,1605
7804,1027.5,1026.375,1027.875,181.688,386,561,1597
7805,1038.75,1021.188,1022.438,165.844,385,567,1589
7806,1050,1024.594,1027.719,150,387,534,1578
7807,1036,1020.797,1019.359,164,389,572,1580.5
7808,1021,1015.898,1018.18,173.5,389,561,1579.25
7809,1021.5,1018.949,1017.59,178.25,389,572,1584.125
7810,1019.25,1014.975,1016.795,177.625,389,567,1589
7811,1031.625,1015.987,1016.897,163.812,389,566,1586
7812,1044,1016.494,1013.949,150,389,539,1568
7813,1016.5,1019.247,1017.974,150,386,533,1561.5
7814,1019.25,1018.123,1017.487,164,384.5,566,1572.25
7815,1040.125,1025.562,1028.244,157,386.75,561,1586.125
7816,1061,1032.281,1028.122,150,389,539,1600
7817,1047.5,1032.64,1033.061,166.5,386,562,1600
7818,1034,1032.82,1033.53,171.75,385,566,1600
7819,1039,1035.91,1036.265,177.375,384.5,561,1600
7820,1033,1042.955,1043.133,180.188,384.25,567,1600
7821,1050,1050,1050,167.594,381.125,567,1617
7822,1067,1044.5,1047,155,382.062,533,1600
7823,1078,1050.25,1044,152.5,379.531,566,1608
7824,1089,1056,1050,150,381.266,527,1616
7825,1061.5,1047.5,1044.5,166.5,382.133,561,1608
7826,1034,1043.25,1041.75,175.25,382.566,566,1600
7827,1038,1035.625,1034.875,176.625,382.783,567,1605
7828,1034,1039.812,1036.938,166.312,380.392,561,1595
7829,1066,1044,1034.969,156,381.696,534,1600
7830,1052.5,1041.5,1036.984,170,382.348,567,1603
7831,1039,1048.25,1043.492,176.5,380.174,567,1606
7832,1056,1055,1050,180.25,378.587,561,1617
7833,1044,1045,1044,181.625,380.793,561,1605
7834,1045,1044,1050,182.812,381.897,566,1611
7835,1066,1067,1067,182.906,379.948,567,1633
7836,1073,1072,1067,166.453,378.974,561,1634
7837,1105,1072,1072,150,380.987,528,1633
7838,1028,1067,1072,164,381.994,572,1600
7839,1100,1089,1089,170.5,382.997,561,1661
7840,1067,1066,1067,177.25,382.998,561,1628
7841,1066,1073,1072,163.625,383.499,567,1633
7842,1089,1055,1056,150,383.75,534,1623
7843,1050,1061,1061,161,383.375,545,1595
7844,1056,1045,1044,150,383.187,533,1589
7845,1039,1061,1061,164,383.094,555,1594
7846,1044,1050,1050,171,383.047,561,1605
7847,1050,1050,1050,163.5,380.523,561,1611
7848,1072,1050,1045,156,381.762,534,1606
7849,1069,1050,1055,164,382.881,566,1589
7850,1066,1055,1056,173.5,382.94,556,1622
7851,1045,1056,1055,175.75,383.47,566,1611
7852,1077,1072,1073,162.875,383.235,562,1639
7853,1112,1084,1083,150,385.618,533,1645
7854,1100,1100,1105,150,388,538,1638
7855,1105,1105,1101.4,150,385.5,534.4,1639.4
7856,1095,1095,1093.6,150,384.25,533,1628
7857,1072,1100,1100,166.5,383.625,561,1633
7858,1078,1083,1083,172.25,383.812,566,1644
7859,1088,1083,1084,161.125,383.406,562,1650
7860,1123,1095,1094,150,383.203,533,1656
7861,1089,1111,1111,166.5,383.102,555,1644
7862,1122,1133,1133,171.75,386.051,566,1688
7863,1139,1133,1139,160.875,389,566,1705
7864,1161,1134,1128,150,389,533,1694
7865,1105,1133,1139,150,389,567,1672
7866,1156,1128,1128,150,389,539,1695
7867,1128,1128,1122,150,386.5,533,1661
7868,1105,1105,1106,150,384.75,534,1639
7869,1100,1134,1133,166.5,384.375,567,1667
7870,1139,1138,1139,158.25,386.688,567,1706
7871,1200,1167,1172,150,389,539,1739
7872,1172,1172,1172,150,389,539,1711
7873,1178,1184,1178,156,389,539,1717
7874,1178,1172,1178,150,389,539,1717
7875,1155,1183,1183,200,389,567,1722
7876,1095,1167,1161,175,386,550,1728
7877,1228,1128,1128,150,387.5,533,1761
7878,1077,1105,1111,153,389,567,1644
7879,1117,1095,1095,156,389,545,1662
7880,1117,1116,1116,155,389,544,1661
7881,1089,1111,1111,169.5,389,566,1655
7882,1116,1123,1117,171.25,388.5,567,1683
7883,1150,1139,1144,160.625,388,561,1711
7884,1195,1172,1173,150,389,539,1734
7885,1183,1183,1183,150,389,539,1722
7886,1195,1195,1200,150,394,544,1739
7887,1205,1205,1200,150,389,539,1744
7888,1161,1195,1194,152.5,388,572,1733
7889,1206,1177,1178,155,389,544,1750
7890,1189,1184,1184,150,389,539,1728
7891,1183,1183,1183,150,389,539,1722
7892,1161,1161,1161,150,389,539,1700
7893,1111,1145,1144,150,388,572,1683
7894,1167,1133,1134,150,389,539,1706
7895,1100,1100,1105,150,394,544,1644
7896,1122,1122,1117,150,389,539,1661
7897,1100,1100,1100,150,389,539,1639
7898,1089,1117,1117,164,389,567,1656
7899,1144,1144,1144,160,389,567,1711
7900,1178,1156,1156,156,389,545,1723
7901,1161,1155,1161,150,395,545,1706
7902,1173,1173,1172,150,394,544,1717
7903,1172,1200,1200,164,394,572,1744
7904,1194,1194,1200,157,400,558,1772
7905,1228,1200,1194,150,394,544,1772
7906,1189,1194,1189,155,389,544,1733
7907,1155,1184,1189,152.5,394,544,1733
7908,1223,1189,1189,150,394,544,1767
7909,1172,1172,1172,150,394,544,1716
7910,1167,1167,1167,150,394,544,1711
7911,1127,1161,1161,150,394,541.5,1705
7912,1178,1144,1139,150,389,539,1717
7913,1111,1145,1144,166.5,388,572,1683
7914,1156,1155,1156,158.25,389,572,1728
7915,1194,1161,1167,150,395,545,1739
7916,1145,1172,1172,150,395,572,1717
7917,1211,1184,1178,150,389,539,1750
7918,1178,1178,1183,150,394,544,1722
7919,1200,1200,1206,150,400,550,1750
7920,1205,1205,1205,150,400,550,1755
7921,1206,1206,1200,150,394,544,1750
7922,1172,1172,1172,150,394,544,1716
7923,1183,1183,1184,150,395,545,1728
7924,1172,1172,1172,150,395,545,1717
7925,1162,1162,1167,150,400,550,1712
7926,1144,1144,1133,150,389,539,1683
7927,1128,1133,1139,155,395,550,1678
7928,1133,1134,1128,156,389,545,1678
7929,1106,1100,1100,150,389,539,1645
7930,1122,1122,1127,150,394,544,1666
7931,1100,1133,1134,150,395,541.5,1678
7932,1161,1128,1122,150,389,539,1700
7933,1139,1139,1139,150,389,539,1678
7934,1128,1161,1166,164,394,556,1705
7935,1177,1172,1173,157,395,573,1750
7936,1212,1184,1183,150,394,544,1756
7937,1155,1188,1183,166.5,389,572,1727
7938,1200,1200,1206,160.75,395,561,1778
7939,1228,1200,1200,155,395,550,1778
7940,1194,1189,1189,150,395,545,1739
7941,1161,1189,1189,152.5,395,573,1734
7942,1184,1161,1161,155,395,550,1734
7943,1139,1134,1139,150,400,550,1689
7944,1083,1116,1111,153,395,547.5,1661
7945,1172,1145,1139,156,389,545,1717
7946,1078,1105,1105,153,389,572,1650
7947,1150,1117,1122,150,394,544,1694
7948,1117,1117,1117,150,394,544,1661
7949,1094,1127,1128,164,395,558,1672
7950,1117,1112,1111,157,394,572,1689
7951,1133,1105,1094,150,388.5,533,1666
7952,1083,1089,1089,156,391.75,539,1622
7953,1050,1072,1084,153,395,573,1623
7954,1095,1067,1061,150,389,539,1634
7955,1055,1061,1066,156,394,550,1605
7956,1062,1061,1056,155,389,544,1606
7957,1066,1067,1061,156,391.5,539,1605
7958,1072,1072,1083,156,394,550,1622
7959,1078,1078,1078,156,394,550,1628
7960,1100,1094,1095,150,395,545,1645
7961,1078,1078,1072,150,389,539,1617
7962,1083,1083,1083,150,389,539,1622
7963,1073,1078,1078,155,389,544,1617
7964,1100,1100,1100,155,389,544,1644
7965,1116,1111,1117,150,395,545,1661
7966,1139,1145,1139,156,389,545,1684
7967,1167,1166,1172,155,395,550,1717
7968,1194,1189,1194,150,400,550,1744
7969,1184,1184,1178,150,394,544,1728
7970,1183,1216,1217,153,395,550,1761
7971,1222,1195,1200,156,400,556,1778
7972,1183,1183,1183,156,400,556,1739
7973,1195,1194,1183,155,389,544,1739
7974,1200,1195,1200,150,394,544,1744
7975,1211,1211,1217,150,400,550,1761
7976,1217,1217,1217,150,400,550,1767
7977,1189,1194,1189,155,395,550,1739
7978,1222,1217,1222,150,400,550,1772
7979,1183,1183,1183,150,400,550,1733
7980,1189,1189,1183,150,394,544,1733
7981,1194,1200,1200,156,394,550,1744
7982,1206,1200,1200,150,394,544,1750
7983,1217,1217,1223,150,400,550,1767
7984,1194,1194,1194,150,400,550,1744
7985,1217,1217,1217,150,400,550,1767
7986,1178,1211,1211,150,400,550,1761
7987,1222,1189,1189,150,400,550,1772
7988,1205,1205,1205,150,400,550,1755
7989,1211,1211,1211,150,400,550,1761
7990,1178,1206,1206,150,400,550,1756
7991,1234,1206,1206,150,400,550,1784
7992,1172,1172,1172,150,400,550,1722
7993,1172,1172,1172,150,400,550,1722
7994,1172,1178,1178,156,400,556,1728
7995,1195,1194,1189,155,395,550,1745
7996,1205,1206,1205,156,394,550,1755
7997,1211,1205,1211,150,400,550,1761
7998,1195,1223,1223,153,400,550,1773
7999,1222,1200,1194,156,394,550,1772
8000,1200,1194,1200,150,400,550,1750
8001,1200,1206,1206,156,400,556,1756
8002,1167,1188,1188,170,400,567,1744
8003,1177,1184,1178,160,394,558.5,1755
8004,1223,1189,1195,150,400,550,1773
8005,1161,1194,1194,153,400,553,1744
8006,1222,1195,1195,156,400,556,1778
8007,1206,1200,1194,150,394,544,1750
8008,1177,1205,1211,166.5,400,563.5,1755
8009,1195,1200,1200,158.25,400,556.75,1778
8010,1233,1200,1200,150,400,550,1783
8011,1195,1195,1195,150,400,550,1745
8012,1172,1200,1200,153,400,555.5,1750
8013,1222,1200,1205,156,405,561,1783
8014,1211,1205,1206,150,406,556,1767
8015,1206,1206,1200,150,400,550,1756
8016,1183,1189,1194,156,405,561,1744
8017,1194,1194,1189,156,400,556,1750
8018,1173,1183,1189,167,406,572,1745
8019,1183,1195,1189,158.5,400,561,1761
8020,1228,1200,1200,150,400,550,1778
8021,1189,1194,1194,155,400,555,1744
8022,1189,1189,1189,155,400,555,1744
8023,1211,1211,1211,155,400,555,1766
8024,1172,1195,1195,163.5,400,566.5,1750
8025,1189,1183,1189,156.75,406,558.25,1767
8026,1205,1183,1177,150,400,550,1755
8027,1156,1156,1161,150,405,555,1711
8028,1150,1150,1150,150,405,555,1705
8029,1122,1122,1117,150,400,550,1672
8030,1083,1117,1106,150,389,573,1656
8031,1134,1100,1111,150,400,550,1684
8032,1111,1144,1144,150,400,547,1694
8033,1189,1156,1150,150,394,544,1733
8034,1189,1194,1200,155,400,555,1744
8035,1200,1200,1206,155,406,561,1761
8036,1222,1222,1216,155,400,555,1777
8037,1217,1212,1212,150,400,550,1767
8038,1222,1222,1227,150,405,555,1777
8039,1222,1222,1223,150,406,556,1778
8040,1222,1222,1222,150,406,556,1778
8041,1211,1211,1211,150,406,556,1767
8042,1228,1228,1228,150,406,556,1784
8043,1172,1172,1166,150,400,550,1722
8044,1189,1189,1189,150,400,550,1739
8045,1195,1195,1195,150,400,550,1745
8046,1205,1205,1211,150,406,556,1761
8047,1189,1189,1189,150,406,556,1745
8048,1200,1200,1200,150,406,556,1756
8049,1217,1217,1211,150,400,550,1767
8050,1211,1211,1216,150,405,555,1766
8051,1205,1239,1239,163.5,405,566,1794
8052,1223,1216,1211,159.75,400,561,1800
8053,1244,1223,1223,156,400,556,1800
8054,1228,1227,1227,155,400,555,1783
8055,1211,1206,1206,150,400,550,1761
8056,1200,1200,1200,150,400,550,1750
8057,1206,1206,1206,150,400,550,1756
8058,1205,1211,1211,156,400,556,1761
8059,1206,1200,1200,150,400,550,1756
8060,1194,1194,1194,150,400,550,1744
8061,1206,1206,1211,150,405,555,1761
8062,1161,1189,1184,150,400,552.5,1739
8063,1205,1177,1177,150,400,550,1755
8064,1145,1178,1173,169.5,395,566.5,1723
8065,1150,1156,1155,162.25,394,560.75,1733
8066,1189,1155,1161,155,400,555,1744
8067,1127,1122,1122,150,400,550,1677
8068,1112,1112,1117,150,405,555,1667
8069,1100,1105,1089,155,389,544,1644
8070,1100,1122,1133,169,400,563.5,1677
8071,1105,1111,1111,162.5,400,559.75,1688
8072,1139,1112,1112,156,400,556,1695
8073,1111,1111,1105,156,394,550,1661
8074,1122,1116,1122,150,400,550,1672
8075,1134,1134,1134,150,400,550,1684
8076,1144,1144,1144,150,400,550,1694
8077,1167,1167,1172,150,405,555,1722
8078,1155,1183,1184,152.5,406,552.5,1739
8079,1206,1183,1172,155,395,550,1756
8080,1189,1184,1190.2,150,401.2,551.2,1740.2
8081,1205,1205,1203.8,150,400,550,1755
8082,1189,1189,1189,150,400,550,1739
8083,1189,1189,1195,150,406,556,1745
8084,1172,1178,1172,156,400,556,1728
8085,1161,1155,1155,150,400,550,1711
8086,1156,1162,1162,156,400,556,1712
8087,1122,1144,1144,153,400,553,1700
8088,1211,1183,1183,150,400,550,1761
8089,1189,1195,1195,156,400,556,1745
8090,1200,1194,1200,150,406,556,1756
8091,1206,1206,1205,150,405,555,1761
8092,1172,1200,1189,164,394,572,1744
8093,1211,1211,1222,170.5,405,577.5,1794
8094,1206,1205,1206,160.25,406,563.75,1789
8095,1227,1200,1194,150,400,550,1777
8096,1212,1212,1212,150,400,550,1762
8097,1216,1222,1227,156,405,561,1777
8098,1200,1200,1200,156,405,561,1761
8099,1206,1200,1200,150,405,555,1761
8100,1178,1205,1200,150,400,555.5,1755
8101,1238,1211,1217,150,406,556,1794
8102,1206,1206,1206,150,406,556,1762
8103,1194,1194,1194,150,406,556,1750
8104,1195,1195,1189,150,400,550,1745
8105,1200,1200,1205,150,405,555,1755
8106,1189,1189,1184,150,400,550,1739
8107,1161,1166,1172,155,406,561,1722
8108,1150,1145,1139,150,400,550,1700
8109,1089,1117,1117,150,400,547.5,1667
8110,1133,1105,1100,150,395,545,1678
8111,1089,1089,1088,150,394,544,1633
8112,1089,1089,1089,150,394,544,1633
8113,1044,1078,1084,166.5,400,561,1628
8114,1078,1077,1072,175.25,395,569.5,1656
8115,1072,1073,1072,165.625,394,556.75,1650
8116,1117,1089,1083,156,388,544,1661
8117,1089,1116,1128,156,400,550,1672
8118,1161,1134,1134,156,400,556,1717
8119,1150,1144,1144,150,400,550,1700
8120,1167,1172,1167,155,395,550,1717
8121,1211,1206,1211,150,400,550,1761
8122,1166,1200,1200,150,400,550,1750
8123,1239,1205,1205,150,400,550,1789
8124,1217,1217,1217,150,400,550,1767
8125,1217,1222,1222,155,400,555,1772
8126,1239,1234,1239,150,405,555,1794
8127,1216,1216,1211,150,400,550,1766
8128,1217,1217,1211,150,394,544,1761
8129,1189,1217,1228,150,405,547,1772
8130,1222,1194,1189,150,400,550,1772
8131,1144,1178,1172,161,394,561,1722
8132,1212,1200,1206,158.5,400,572,1784
8133,1244,1228,1233,156,405,561,1805
8134,1228,1222,1217,150,400,550,1778
8135,1239,1239,1239,150,400,550,1789
8136,1244,1244,1244,150,400,550,1794
8137,1245,1245,1250,150,405,555,1800
8138,1233,1238,1233,155,400,555,1788
8139,1233,1228,1223,150,395,545,1778
8140,1222,1222,1233,150,406,556,1778
8141,1212,1212,1206,150,400,550,1762
8142,1166,1194,1194,153,400,555.5,1744
8143,1239,1217,1222,156,405,561,1800
8144,1189,1216,1211,153,400,555.5,1772
8145,1239,1206,1206,150,400,550,1789
8146,1178,1205,1205,150,400,553,1755
8147,1233,1206,1212,150,406,556,1789
8148,1194,1194,1188,150,400,550,1744
8149,1178,1178,1184,150,406,556,1734
8150,1195,1195,1194,150,405,555,1750
8151,1200,1200,1195,150,400,550,1750
8152,1211,1211,1216,150,405,555,1766
8153,1211,1216,1211,155,400,555,1766
8154,1222,1223,1228,156,405,561,1783
8155,1211,1205,1206,150,406,556,1767
8156,1200,1200,1194,150,400,550,1750
8157,1189,1217,1217,153,400,556,1767
8158,1233,1211,1217,156,406,562,1795
8159,1178,1200,1194,155.5,400,558.5,1756
8160,1217,1194,1194,155,400,555,1772
8161,1178,1206,1212,152.5,406,552.5,1767
8162,1250,1217,1211,150,400,550,1800
8163,1189,1189,1189,150,400,550,1739
8164,1177,1205,1205,150,400,555.5,1755
8165,1234,1206,1217,150,400,561,1795
8166,1222,1222,1211,150,400,550,1772
8167,1222,1222,1222,150,400,550,1772
8168,1228,1233,1239,155,406,561,1789
8169,1222,1217,1217,150,406,556,1778
8170,1222,1222,1222,150,406,556,1778
8171,1228,1228,1228,150,406,556,1784
8172,1183,1211,1211,166.5,406,572.5,1767
8173,1223,1228,1228,158.25,406,558.75,1812
8174,1216,1183,1172,150,395,545,1761
8175,1211,1211,1222,150,406,556,1767
8176,1200,1228,1228,150,406,556,1784
8177,1256,1228,1228,150,406,556,1812
8178,1217,1217,1211,150,400,550,1767
8179,1216,1216,1227,150,402.5,561,1777
8180,1211,1234,1228,163.5,405,572,1789
8181,1223,1227,1228,156.75,406,561,1806
8182,1255,1228,1222,150,400,550,1805
8183,1239,1239,1245,150,406,556,1795
8184,1183,1211,1211,150,406,556,1767
8185,1239,1211,1211,150,406,556,1795
8186,1217,1217,1211,150,400,550,1767
8187,1200,1228,1233,150,405,552.5,1783
8188,1256,1228,1228,150,405,555,1811
8189,1227,1227,1228,150,406,556,1783
8190,1217,1223,1211,156,394,550,1767
8191,1222,1216,1228,150,406,556,1778
8192,1217,1222,1216,155,400,555,1772
8193,1228,1223,1228,150,405,555,1783
8194,1205,1205,1200,150,400,550,1755
8195,1217,1217,1222,150,405,555,1772
8196,1200,1222,1228,150,405.5,555.5,1783
8197,1233,1211,1206,150,406,556,1789
8198,1206,1206,1205,150,405,555,1761
8199,1228,1228,1223,150,400,550,1778
8200,1194,1222,1222,150,400,552.5,1772
8201,1239,1211,1216,150,405,555,1794
8202,1211,1211,1212,150,406,556,1767
8203,1222,1222,1216,150,400,550,1772
8204,1206,1239,1245,150,406,555.5,1795
8205,1255,1222,1227,150,405.5,561,1816
8206,1206,1206,1200,150,405,555,1761
8207,1211,1211,1206,150,400,550,1761
8208,1200,1228,1233,153,405,555.5,1783
8209,1261,1239,1239,156,405,561,1822
8210,1228,1222,1217,150,400,550,1778
8211,1217,1217,1217,150,400,550,1767
8212,1205,1227,1233,150,406,552.5,1783
8213,1256,1234,1233,150,405,555,1811
8214,1211,1211,1206,150,400,550,1761
8215,1172,1205,1211,166.5,406,569.5,1761
8216,1211,1211,1211,172.25,406,576.25,1800
8217,1217,1212,1211,161.125,405,566.125,1800
8218,1233,1205,1206,150,406,556,1789
8219,1211,1211,1205,150,400,550,1761
8220,1167,1195,1200,164,405,569.5,1750
8221,1200,1200,1206,157,402.5,559.75,1789
8222,1233,1205,1194,150,400,550,1783
8223,1167,1200,1206,150,406,553,1756
8224,1222,1189,1189,150,406,556,1778
8225,1200,1206,1200,156,400,556,1756
8226,1200,1194,1194,150,400,550,1750
8227,1195,1200,1206,155,406,561,1756
8228,1205,1206,1200,156,400,556,1761
8229,1183,1211,1216,156,405,556,1772
8230,1256,1228,1223,156,400,556,1812
8231,1206,1227,1233,153,406,556,1789
8232,1244,1217,1217,150,406,556,1800
8233,1217,1222,1222,155,406,561,1778
8234,1216,1211,1205,150,400,550,1766
8235,1195,1228,1234,150,406,552.5,1784
8236,1250,1217,1216,150,405,555,1805
8237,1200,1200,1195,150,400,550,1750
8238,1211,1211,1216,150,405,555,1766
8239,1178,1205,1206,150,406,555.5,1761
8240,1233,1206,1206,150,406,556,1789
8241,1194,1194,1188,150,400,550,1744
8242,1200,1200,1206,150,406,556,1756
8243,1184,1206,1206,153,406,558.5,1762
8244,1222,1206,1205,156,405,561,1783
8245,1211,1205,1200,150,400,550,1761
8246,1178,1206,1217,150,400,550,1767
8247,1228,1200,1189,150,400,550,1778
8248,1166,1200,1205,152.5,405,555.5,1755
8249,1223,1194,1195,155,406,561,1784
8250,1188,1183,1177,150,400,550,1738
8251,1206,1206,1206,150,400,550,1756
8252,1200,1200,1206,150,406,556,1756
8253,1200,1200,1200,150,406,556,1756
8254,1222,1222,1216,150,400,550,1772
8255,1161,1195,1200,150,405,555.5,1750
8256,1234,1200,1206,150,405.5,561,1795
8257,1227,1227,1222,150,406,556,1783
8258,1223,1223,1217,150,400,550,1773
8259,1200,1227,1233,150,406,553,1783
8260,1255,1228,1228,150,406,556,1811
8261,1211,1211,1205,150,400,550,1761
8262,1200,1200,1200,150,400,550,1750
8263,1189,1189,1200,150,400,561,1750
8264,1200,1200,1189,150,400,550,1750
8265,1167,1195,1200,150,405,552.5,1750
8266,1217,1189,1189,150,405,555,1772
8267,1083,1188,1189,152.5,406,555,1744
8268,1289,1189,1183,155,400,555,1844
8269,1200,1195,1200,150,405,555,1755
8270,1183,1189,1189,156,405,561,1744
8271,1189,1183,1178,150,400,550,1739
8272,1156,1189,1189,150,400,552.5,1739
8273,1233,1200,1205,150,405,555,1788
8274,1194,1194,1200,150,402.5,561,1755
8275,1189,1189,1178,150,400,550,1739
8276,1189,1195,1195,156,400,556,1745
8277,1195,1194,1194,155,400,555,1750
8278,1188,1189,1189,156,400,556,1744
8279,1195,1194,1194,155,400,555,1750
8280,1205,1206,1212,156,406,562,1767
8281,1223,1217,1216,150,405,555,1778
8282,1205,1205,1206,150,406,556,1761
8283,1211,1217,1205,156,394,550,1761
8284,1195,1217,1228,156,405,555.5,1778
8285,1233,1211,1211,156,405,561,1794
8286,1206,1205,1200,155,400,555,1761
8287,1222,1222,1222,155,400,555,1777
8288,1211,1206,1212,150,406,556,1767
8289,1200,1200,1200,150,406,556,1756
8290,1200,1200,1194,150,400,550,1750
8291,1200,1200,1200,150,400,550,1750
8292,1178,1206,1217,150,402.5,552.5,1767
8293,1239,1211,1205,150,405,555,1794
8294,1200,1200,1200,150,405,555,1755
8295,1205,1205,1200,150,400,550,1755
8296,1195,1200,1206,155,406,561,1756
8297,1205,1200,1194,150,400,550,1755
8298,1200,1200,1203.2,150,403.2,553.2,1753.2
8299,1200,1206,1202.8,156,400,556,1756
8300,1206,1205,1211,155,406,561,1767
8301,1205,1200,1200,150,406,556,1761
8302,1200,1200,1200,150,406,556,1756
8303,1178,1206,1205,150,405,555.5,1761
8304,1228,1200,1200,150,405,555,1783
8305,1194,1200,1195,156,400,556,1750
8306,1211,1205,1211,150,406,556,1767
8307,1206,1212,1211,156,405,561,1767
8308,1211,1205,1206,150,406,556,1767
8309,1178,1211,1211,163.5,406,566.5,1767
8310,1217,1211,1205,156.75,400,563.75,1794
8311,1233,1206,1217,150,400,561,1794
8312,1200,1205,1194,155,400,555,1755
8313,1189,1212,1217,166.5,405,569.5,1772
8314,1205,1205,1206,158.25,406,565.25,1789
8315,1228,1200,1205,150,403,561,1789
8316,1200,1200,1189,150,400,550,1750
8317,1156,1183,1189,161,406,564,1739
8318,1194,1189,1189,169.5,406,574,1772
8319,1183,1189,1189,159.75,406,564.5,1767
8320,1223,1195,1194,150,405,555,1778
8321,1200,1222,1228,161,408,569,1783
8322,1211,1211,1211,158,404,562,1794
8323,1239,1222,1211,155,400,555,1794
8324,1227,1222,1228,150,406,556,1783
8325,1206,1212,1211,156,405,561,1767
8326,1217,1211,1217,150,405,561,1778
8327,1211,1211,1205,150,405,555,1766
8328,1211,1211,1206,150,400,550,1761
8329,1217,1217,1222,150,405,555,1772
8330,1194,1222,1222,150,405,552.5,1777
8331,1233,1205,1200,150,400,550,1783
8332,1217,1217,1217,150,400,550,1767
8333,1206,1206,1211,150,405,555,1761
8334,1200,1205,1200,155,400,555,1755
8335,1194,1195,1195,156,400,556,1750
8336,1172,1194,1200,156,406,558.5,1756
8337,1228,1206,1205,156,405,561,1789
8338,1206,1200,1200,150,405,555,1761
8339,1177,1205,1200,161.5,400,566.5,1755
8340,1211,1206,1211,155.75,405,563.75,1789
8341,1234,1211,1217,150,402.5,561,1795
8342,1200,1205,1194,155,400,555,1755
8343,1205,1200,1206,150,406,556,1761
8344,1206,1206,1205,150,405,555,1761
8345,1211,1211,1206,150,400,550,1761
8346,1189,1194,1194,155,400,555,1744
8347,1183,1212,1212,169.5,400,569.5,1767
8348,1200,1200,1200,173.75,400,579.25,1784
8349,1206,1200,1211,161.875,403,567.625,1795
8350,1222,1194,1189,150,406,556,1778
8351,1178,1206,1205,167,405,572.5,1761
8352,1194,1200,1200,172.5,405,577.75,1783
8353,1206,1200,1200,161.25,405,566.875,1789
8354,1233,1205,1206,150,406,556,1789
8355,1189,1217,1216,150,405,558.5,1772
8356,1250,1222,1228,150,402.5,561,1811
8357,1211,1211,1200,150,400,550,1761
8358,1228,1228,1228,150,400,550,1778
8359,1205,1205,1217,150,403,562,1767
8360,1200,1200,1194,150,406,556,1756
8361,1206,1200,1194,144,400,544,1750
8362,1200,1206,1217,150,403,561,1761
8363,1200,1200,1195,150,406,556,1756
8364,1189,1189,1188,150,405,555,1744
8365,1155,1183,1184,150,406,552.5,1739
8366,1212,1184,1178,150,400,550,1762
8367,1166,1166,1172,150,406,556,1722
8368,1167,1195,1189,167,400,572.5,1745
8369,1194,1200,1205,158.5,405,561.25,1783
8370,1239,1205,1200,150,400,550,1789
8371,1195,1228,1234,163.5,406,566.5,1784
8372,1239,1233,1233,156.75,406,563.75,1822
8373,1244,1217,1222,150,406,561,1805
8374,1211,1211,1206,150,406,556,1767
8375,1206,1211,1211,155,406,561,1767
8376,1177,1206,1211,152.5,403,555.5,1772
8377,1228,1194,1183,150,400,550,1778
8378,1195,1195,1200,150,405,555,1750
8379,1189,1189,1189,150,405,555,1744
8380,1200,1200,1200,150,405,555,1755
8381,1188,1188,1189,150,406,556,1744
8382,1106,1200,1200,153,406,559,1756
8383,1294,1206,1206,156,406,562,1764.5
8384,1189,1217,1211,153,400,561.5,1773
8385,1250,1216,1227,150,403,561,1811
8386,1195,1228,1223,150,406,558.5,1784
8387,1244,1211,1211,150,406,556,1800
8388,1217,1217,1216,150,405,555,1772
8389,1217,1217,1212,150,400,550,1767
8390,1166,1200,1211,150,403,553,1761
8391,1250,1216,1211,150,406,556,1806
8392,1189,1189,1189,150,406,556,1745
8393,1200,1200,1200,150,406,556,1756
8394,1206,1206,1205,150,405,555,1761
8395,1105,1205,1211,150,402.5,552.5,1766
8396,1147,1200,1189,150,400,550,1769
8397,1189,1217,1222,161.5,405,564,1772
8398,1222,1217,1217,155.75,405,557,1800
8399,1234,1211,1206,150,400,550,1784
8400,1211,1211,1211,150,400,550,1761
8401,1222,1222,1228,150,406,556,1778
8402,1206,1211,1211,155,406,561,1767
8403,1205,1206,1200,156,400,556,1761
8404,1211,1205,1205,150,400,550,1761
8405,1206,1211,1211,155,400,555,1761
8406,1211,1206,1211,150,405,555,1766
8407,1194,1194,1195,150,406,556,1750
8408,1178,1206,1205,150,405,553,1761
8409,1222,1194,1189,150,400,550,1772
8410,1200,1200,1206,150,406,556,1756
8411,1206,1206,1205,150,405,555,1761
8412,1178,1200,1200,150,405,555.5,1755
8413,1227,1205,1206,150,406,556,1783
8414,1212,1217,1211,155,400,555,1767
8415,1211,1206,1206,150,400,550,1761
8416,1183,1216,1222,163.5,406,566.5,1772
8417,1217,1211,1211,156.75,406,560.75,1800
8418,1222,1195,1194,150,405,555,1777
8419,1200,1200,1200,150,405,555,1755
8420,1205,1211,1217,156,405.5,567,1772
8421,1228,1222,1217,150,406,556,1784
8422,1200,1200,1194,150,400,550,1750
8423,1211,1217,1217,156,400,556,1767
8424,1161,1189,1194,153,405,553,1750
8425,1234,1200,1195,150,400,550,1784
8426,1183,1183,1189,150,406,556,1739
8427,1167,1195,1194,150,405,556,1750
8428,1216,1188,1189,150,406,556,1772
8429,1200,1200,1200,150,406,556,1756
8430,1195,1195,1189,150,400,550,1745
8431,1178,1205,1205,150,400,553,1755
8432,1233,1206,1212,150,406,556,1789
8433,1200,1200,1194,150,400,550,1750
8434,1194,1194,1194,150,400,550,1744
8435,1184,1212,1217,167,405,567,1767
8436,1205,1211,1206,158.5,400,558.5,1789
8437,1239,1205,1205,150,400,550,1789
8438,1217,1217,1217,150,400,550,1767
8439,1222,1222,1233,150,403,561,1783
8440,1211,1211,1206,150,406,556,1767
8441,1206,1206,1205,150,405,555,1761
8442,1178,1205,1206,150,406,552.5,1761
8443,1227,1200,1194,150,400,550,1777
8444,1206,1206,1217,150,400,561,1767
8445,1211,1211,1200,150,400,550,1761
8446,1200,1200,1206,150,406,556,1756
8447,1211,1211,1211,150,406,556,1767
8448,1172,1206,1205,150,405,555.5,1761
8449,1234,1200,1200,150,405,555,1789
8450,1194,1194,1189,150,400,550,1744
8451,1195,1200,1200,155,400,555,1750
8452,1200,1195,1200,150,405,555,1755
8453,1194,1194,1195,150,406,556,1750
8454,1222,1222,1222,150,406,556,1778
8455,1211,1239,1239,150,406,553,1795
8456,1245,1217,1211,150,400,550,1795
8457,1216,1216,1216,150,400,550,1766
8458,1212,1217,1223,155,406,561,1773
8459,1200,1228,1227,155.5,405,558.5,1788
8460,1238,1211,1206,156,400,556,1794
8461,1206,1233,1239,170,406,572.5,1795
8462,1233,1234,1233,160,405,566.75,1822
8463,1250,1216,1222,150,402.5,561,1811
8464,1211,1217,1206,156,400,556,1767
8465,1223,1217,1222,150,405,555,1778
8466,1194,1227,1228,152.5,406,558,1783
8467,1256,1228,1228,155,406,561,1817
8468,1222,1217,1216,150,405,555,1777
8469,1222,1222,1223,150,406,556,1778
8470,1211,1217,1216,156,405,561,1772
8471,1195,1216,1211,153,400,558,1772
8472,1239,1212,1217,150,405,555,1794
8473,1222,1222,1217,150,400,550,1772
8474,1194,1222,1228,166.5,406,569.5,1778
8475,1206,1211,1211,161.25,406,562.75,1795
8476,1244,1217,1211,156,400,556,1800
8477,1217,1211,1216,150,405,555,1772
8478,1217,1217,1217,150,405,555,1772
8479,1205,1205,1206,150,406,556,1761
8480,1183,1217,1211,164,400,570,1767
8481,1228,1222,1228,157,406,565.5,1812
8482,1261,1233,1238,150,403,561,1822
8483,1211,1217,1206,156,400,556,1767
8484,1195,1217,1217,155.5,400,558.5,1773
8485,1239,1216,1222,155,406,561,1800
8486,1178,1206,1205,152.5,405,558.5,1766
8487,1238,1205,1206,150,406,556,1794
8488,1212,1217,1211,155,400,555,1767
8489,1216,1211,1217,150,406,556,1772
8490,1189,1222,1222,150,406,556,1778
8491,1250,1217,1217,150,406,556,1806
8492,1222,1222,1222,150,406,556,1778
8493,1184,1217,1217,150,406,555.5,1773
8494,1250,1217,1216,150,405,555,1805
8495,1216,1216,1211,150,400,550,1766
8496,1195,1223,1228,152.5,405,558,1778
8497,1239,1216,1222,155,402.5,566,1805
8498,1222,1217,1206,150,400,550,1772
8499,1183,1211,1211,153,400,555.5,1761
8500,1239,1217,1222,156,405,561,1800
8501,1183,1205,1206,153,406,555.5,1767
8502,1234,1206,1200,150,400,550,1784
8503,1200,1200,1200,150,400,550,1750
8504,1222,1222,1228,150,406,556,1778
8505,1178,1206,1205,150,405,556,1761
8506,1222,1194,1195,150,406,556,1778
8507,1172,1206,1205,164,405,570,1761
8508,1222,1216,1217,157,406,563,1806
8509,1239,1211,1211,150,406,556,1795
8510,1223,1228,1222,155,400,555,1778
8511,1227,1228,1233,156,405,561,1788
8512,1228,1222,1223,150,406,556,1784
8513,1222,1222,1216,150,400,550,1772
8514,1200,1228,1239,163.5,402.2,565.7,1789
8515,1223,1222,1215.4,156.75,404.4,557.85,1804.4
8516,1238,1211,1206.6,150,400,550,1788
8517,1223,1223,1234,150,402.5,561,1784
8518,1194,1222,1216,153,405,561,1777
8519,1239,1217,1217,156,405,561,1800
8520,1217,1211,1206,150,400,550,1767
8521,1216,1222,1227,156,405,561,1777
8522,1211,1211,1212,156,406,562,1773
8523,1195,1217,1216,153,405,558.5,1778
8524,1228,1200,1200,150,405,555,1783
8525,1183,1211,1211,150,405,552.5,1766
8526,1233,1205,1200,150,400,550,1783
8527,1200,1206,1206,156,400,556,1756
8528,1223,1217,1222,150,405,555,1778
8529,1227,1227,1228,150,406,556,1783
8530,1206,1206,1200,150,400,550,1756
8531,1211,1211,1217,150,406,556,1767
8532,1222,1222,1222,150,406,556,1778
8533,1206,1206,1205,150,405,555,1761
8534,1205,1205,1206,150,406,556,1761
8535,1189,1217,1217,150,406,553,1773
8536,1245,1217,1211,150,400,550,1795
8537,1211,1211,1211,150,400,550,1761
8538,1183,1216,1222,152.5,406,552.5,1772
8539,1256,1228,1222,155,400,555,1811
8540,1194,1217,1222,152.5,405,552.5,1777
8541,1245,1217,1212,150,400,550,1795
8542,1216,1222,1222,156,400,556,1772
8543,1222,1216,1228,150,400,562,1784
8544,1217,1217,1205,150,400,550,1767
8545,1200,1200,1206,150,406,556,1756
8546,1200,1206,1205,156,405,561,1761
8547,1211,1205,1200,150,400,550,1761
8548,1189,1195,1195,156,400,556,1745
8549,1172,1200,1200,156,400,556,1756
8550,1228,1200,1200,156,400,556,1784
8551,1167,1189,1194,153,405,553,1750
8552,1211,1183,1178,150,400,550,1761
8553,1189,1189,1194,150,405,555,1744
8554,1155,1178,1178,166.5,405,572,1733
8555,1184,1194,1195,174.75,406,580.5,1773
8556,1200,1200,1200,175.875,406,581.75,1789
8557,1239,1233,1233,162.938,406,568.375,1822
8558,1272,1245,1244,150,405,555,1827
8559,1200,1233,1234,161,406,566.5,1789
8560,1250,1239,1239,158,406,563.75,1828
8561,1250,1233,1233,155,406,561,1811
8562,1228,1228,1228,155,406,561,1789
8563,1194,1222,1222,166.5,406,572,1783
8564,1228,1223,1222,158.25,405,566.5,1811
8565,1233,1205,1211,150,405.5,561,1794
8566,1195,1222,1217,152.5,406,561,1778
8567,1222,1200,1200,155,406,561,1783
8568,1194,1189,1189,150,406,556,1750
8569,1189,1189,1189,150,406,556,1745
8570,1167,1200,1200,150,406,558.5,1756
8571,1228,1195,1200,150,403,561,1789
8572,1200,1200,1189,150,400,550,1750
8573,1205,1205,1205,150,400,550,1755
8574,1217,1222,1228,155,406,561,1778
8575,1222,1223,1222,156,405,561,1783
8576,1211,1211,1206,156,400,556,1767
8577,1206,1200,1205,150,405,555,1761
8578,1189,1222,1222,166.5,405,572,1777
8579,1205,1205,1206,158.25,406,563.5,1794
8580,1228,1195,1194,150,405,555,1783
8581,1211,1211,1212,150,406,556,1767
8582,1161,1194,1194,163.5,406,569.5,1750
8583,1195,1189,1189,156.75,406,562.25,1778
8584,1222,1195,1194,150,405,555,1777
8585,1183,1216,1211,166.5,400,572,1766
8586,1200,1200,1206,161.25,406,566.5,1789
8587,1222,1195,1194,156,405,561,1783
8588,1195,1189,1184,150,400,550,1745
8589,1194,1200,1205,156,405,561,1755
8590,1200,1194,1195,150,406,556,1756
8591,1200,1206,1205,156,405,561,1761
8592,1200,1194,1189,150,400,550,1750
8593,1206,1206,1211,150,405,555,1761
8594,1211,1211,1211,150,405,555,1766
8595,1211,1211,1206,150,400,550,1761
8596,1206,1206,1211,150,405,555,1761
8597,1205,1205,1200,150,400,550,1755
8598,1206,1211,1217,155,406,561,1767
8599,1200,1195,1194,150,405,555,1755
8600,1200,1200,1200,150,405,555,1755
8601,1172,1200,1200,150,405,552.5,1755
8602,1217,1189,1184,150,400,550,1767
8603,1188,1194,1194,156,400,556,1744
8604,1162,1183,1189,156,406,556,1745
8605,1216,1195,1189,156,400,556,1772
8606,1189,1183,1189,150,406,556,1745
8607,1195,1200,1194,155,400,555,1750
8608,1211,1206,1211,150,405,555,1766
8609,1211,1211,1206,150,400,550,1761
8610,1200,1200,1200,150,400,550,1750
8611,1189,1216,1222,150,406,553,1772
8612,1233,1206,1206,150,406,556,1789
8613,1211,1211,1205,150,400,550,1761
8614,1178,1211,1211,152.5,400,555.5,1761
8615,1239,1211,1217,155,406,561,1800
8616,1216,1211,1205,150,400,550,1766
8617,1217,1217,1223,150,406,556,1773
8618,1200,1206,1211,156,406,567,1767
8619,1178,1205,1200,153,406,555.5,1767
8620,1250,1217,1205,150,394,544,1794
8621,1211,1211,1217,150,400,550,1761
8622,1189,1217,1228,152.5,403,555.5,1778
8623,1239,1216,1211,155,406,561,1800
8624,1216,1211,1205,150,400,550,1766
8625,1217,1217,1212,150,395,545,1762
8626,1200,1206,1216,156,405,561,1761
8627,1217,1211,1217,150,405.5,561,1778
8628,1189,1216,1211,150,406,555.5,1772
8629,1239,1212,1206,150,400,550,1789
8630,1188,1222,1227,152.5,405,555.5,1777
8631,1245,1216,1217,155,406,561,1806
8632,1194,1217,1217,152.5,406,555.5,1778
8633,1245,1217,1211,150,400,550,1795
8634,1205,1211,1216,156,405,561,1766
8635,1178,1205,1206,153,406,558.5,1767
8636,1250,1217,1217,150,406,556,1806
8637,1172,1206,1205,150,405,556,1761
8638,1217,1183,1184,150,406,556,1773
8639,1189,1189,1188,150,405,555,1744
8640,1189,1194,1189,155,400,555,1744
8641,1172,1200,1200,169.5,400,569.5,1755
8642,1222,1223,1223,176.75,400,579.25,1806
8643,1211,1211,1216,163.375,405,564.625,1800
8644,1234,1200,1195,150,400,550,1784
8645,1216,1216,1222,150,406,556,1772
8646,1178,1206,1205,161,405,570,1761
8647,1211,1205,1212,155.5,402.5,560,1795
8648,1222,1200,1188,150,400,550,1772
8649,1200,1200,1206,150,406,556,1756
8650,1173,1200,1200,150,406,553,1756
8651,1227,1200,1194,150,400,550,1777
8652,1200,1200,1206,150,406,556,1756
8653,1184,1217,1217,150,406,555.5,1773
8654,1239,1206,1205,150,405,555,1794
8655,1211,1216,1211,155,400,555,1766
8656,1183,1211,1217,155,406,555,1772
8657,1245,1217,1211,155,400,555,1800
8658,1205,1200,1206,150,406,556,1761
8659,1200,1206,1205,156,405,561,1761
8660,1211,1211,1206,156,400,556,1767
8661,1217,1211,1211,150,400,550,1767
8662,1178,1211,1211,153,400,555.5,1761
8663,1233,1206,1211,156,405,561,1794
8664,1206,1200,1200,150,405,555,1761
8665,1200,1200,1195,150,400,550,1750
8666,1222,1222,1227,150,405,555,1777
8667,1205,1211,1211,156,405,561,1766
8668,1206,1200,1195,150,400,550,1756
8669,1200,1205,1211,155,406,561,1761
8670,1172,1200,1200,152.5,406,561,1761
8671,1228,1195,1200,150,403,561,1789
8672,1200,1205,1194,155,400,555,1755
8673,1211,1206,1212,150,406,556,1767
8674,1211,1211,1211,150,406,556,1767
8675,1211,1211,1211,150,406,556,1767
8676,1195,1195,1194,150,405,555,1750
8677,1205,1205,1200,150,400,550,1755
8678,1211,1211,1217,150,406,556,1767
8679,1167,1195,1194,150,405,555.5,1750
8680,1228,1200,1200,150,405,555,1783
8681,1200,1205,1206,155,406,561,1761
8682,1211,1211,1205,155,400,555,1766
8683,1222,1217,1217,150,400,550,1772
8684,1228,1228,1233,150,405,555,1783
8685,1222,1222,1228,150,402.5,561,1783
8686,1228,1233,1222,155,400,555,1783
8687,1189,1217,1217,152.5,400,555,1772
8688,1261,1228,1233,150,405,555,1816
8689,1217,1222,1223,155,406,561,1778
8690,1227,1228,1227,156,405,561,1788
8691,1217,1211,1206,150,400,550,1767
8692,1228,1228,1233,150,405,555,1783
8693,1183,1216,1211,150,400,552.5,1766
8694,1250,1217,1217,150,400,550,1800
8695,1206,1206,1206,150,400,550,1756
8696,1200,1205,1211,155,406,561,1761
8697,1205,1206,1200,156,400,556,1761
8698,1200,1194,1194,150,400,550,1750
8699,1206,1206,1211,150,405,555,1761
8700,1194,1194,1195,150,406,556,1750
8701,1200,1200,1200,150,406,556,1756
8702,1189,1189,1183,150,400,550,1739
8703,1189,1195,1195,156,400,556,1745
8704,1200,1200,1200,156,400,556,1756
8705,1211,1205,1205,150,400,550,1761
8706,1200,1200,1200,150,400,550,1750
8707,1172,1206,1211,147.5,405,550,1761
8708,1239,1200,1200,145,405,550,1789
8709,1189,1194,1195,150,406,556,1745
8710,1200,1200,1200,150,406,556,1756
8711,1172,1206,1205,150,405,556,1761
8712,1250,1216,1217,150,406,556,1806
8713,1211,1211,1205,150,400,550,1761
8714,1184,1217,1223,153,406,555.5,1773
8715,1244,1217,1216,156,405,561,1805
8716,1239,1233,1228,150,400,550,1789
8717,1222,1222,1228,150,406,556,1778
8718,1217,1250,1244,152.5,400,558.5,1800
8719,1256,1228,1234,155,406,561,1817
8720,1222,1222,1222,155,406,561,1783
8721,1216,1211,1211,150,406,556,1772
8722,1173,1206,1206,150,406,553,1762
8723,1239,1206,1200,150,400,550,1789
8724,1194,1194,1200,150,406,556,1750
8725,1178,1211,1211,150,406,556,1767
8726,1233,1200,1200,150,406,556,1789
8727,1183,1211,1211,150,406,555.5,1767
8728,1212,1184,1183,150,405,555,1767
8729,1161,1194,1189,166.5,400,569,1744
8730,1194,1194,1194,161.25,400,562.5,1777
8731,1239,1212,1212,156,400,556,1795
8732,1206,1227,1229.2,155.5,402.2,558.5,1785.2
8733,1250,1228,1231.8,155,406,561,1811
8734,1244,1239,1239,150,406,556,1800
8735,1222,1222,1216,150,400,550,1772
8736,1200,1234,1234,164,400,566.5,1784
8737,1239,1233,1238,154,405,558.25,1822
8738,1245,1211,1212,144,406,550,1795
8739,1211,1217,1216,150,405,555,1766
8740,1211,1211,1211,150,405,555,1766
8741,1211,1211,1206,150,400,550,1761
8742,1178,1205,1205,167,400,569.5,1755
8743,1216,1223,1228,161,405,565.25,1805
8744,1223,1194,1195,155,406,561,1784
8745,1205,1200,1200,150,406,556,1761
8746,1206,1206,1200,150,400,550,1756
8747,1205,1205,1216,150,402.5,561,1766
8748,1189,1217,1211,166.5,405,575,1772
8749,1206,1211,1212,158.25,406,565,1795
8750,1239,1206,1205,150,405,555,1794
8751,1222,1222,1222,150,405,555,1777
8752,1183,1216,1217,150,406,555.5,1772
8753,1250,1217,1217,150,406,556,1806
8754,1172,1206,1205,152.5,405,558.5,1761
8755,1245,1216,1217,155,406,561,1806
8756,1211,1211,1205,155,400,555,1766
8757,1194,1189,1195,150,406,556,1750
8758,1200,1206,1200,156,400,556,1756
8759,1206,1200,1205,150,405,555,1761
8760,1205,1211,1206,156,400,556,1761
8761,1212,1206,1206,150,400,550,1762
8762,1177,1205,1211,150,406,552.5,1761
8763,1234,1206,1205,150,405,555,1789
8764,1200,1200,1195,150,400,550,1750
8765,1177,1205,1205,166.5,400,569.5,1755
8766,1206,1211,1217,174.75,406,579.25,1795
8767,1211,1211,1211,162.375,406,567.125,1800
8768,1245,1212,1211,150,405,555,1800
8769,1211,1211,1211,150,405,555,1766
8770,1211,1211,1206,150,400,550,1761
8771,1194,1200,1200,156,400,556,1750
8772,1167,1194,1194,153,400,556,1750
8773,1244,1211,1217,150,406,556,1800
8774,1184,1217,1217,153,406,558.5,1773
8775,1244,1217,1216,156,405,561,1805
8776,1228,1222,1217,150,400,550,1778
8777,1211,1239,1244,166.5,405,569,1794
8778,1206,1211,1211,161.25,405,565.5,1794
8779,1238,1211,1212,156,406,562,1800
8780,1212,1206,1205,150,405,555,1767
8781,1205,1211,1211,156,405,561,1766
8782,1206,1200,1206,150,405,561,1767
8783,1200,1200,1194,150,405,555,1755
8784,1211,1211,1211,150,405,555,1766
8785,1205,1205,1206,150,406,556,1761
8786,1184,1211,1211,150,406,553,1767
8787,1233,1206,1200,150,400,550,1783
8788,1206,1211,1217,155,406,561,1767
8789,1200,1195,1194,150,405,555,1755
8790,1172,1200,1200,150,405,552.5,1755
8791,1233,1205,1200,150,400,550,1783
8792,1172,1206,1211,150,405,552.5,1761
8793,1245,1211,1211,150,405,555,1800
8794,1205,1205,1200,150,400,550,1755
8795,1200,1200,1206,150,406,556,1756
8796,1173,1200,1200,152.5,406,558.5,1756
8797,1233,1211,1211,155,406,561,1794
8798,1205,1200,1194,150,400,550,1755
8799,1184,1212,1217,166.5,405,569.5,1767
8800,1200,1205,1206,172.25,406,573.75,1789
8801,1205,1200,1194,163.625,400,567.375,1783
8802,1223,1200,1206,155,406,561,1784
8803,1205,1206,1205,156,405,561,1766
8804,1200,1194,1189,150,400,550,1750
8805,1183,1189,1183,156,394,550,1733
8806,1184,1211,1217,169.5,400,569.5,1767
8807,1211,1211,1217,173.25,406,576.25,1800
8808,1228,1222,1222,161.625,406,563.125,1811
8809,1250,1223,1217,150,400,550,1800
8810,1144,1233,1239,150,406,555.5,1789
8811,1183,1228,1233,150,403,561,1783.5
8812,1222,1228,1217,156,400,556,1778
8813,1194,1222,1222,167,400,570,1778
8814,1239,1233,1239,161.5,406,563,1823
8815,1239,1217,1211,156,400,556,1795
8816,1211,1205,1211,150,406,556,1767
8817,1189,1223,1222,152.5,405,558.5,1778
8818,1245,1216,1217,155,406,561,1806
8819,1205,1200,1200,150,406,556,1761
8820,1189,1195,1189,156,400,556,1745
8821,1206,1200,1205,150,405,555,1761
8822,1200,1200,1200,150,405,555,1755
8823,1183,1183,1184,150,406,556,1739
8824,1194,1194,1194,150,406,556,1750
8825,1200,1200,1200,150,406,556,1756
8826,1195,1195,1189,150,400,550,1745
8827,1205,1205,1211,150,406,556,1761
8828,1195,1195,1194,150,405,555,1750
8829,1172,1205,1206,150,406,555,1761
8830,1245,1212,1211,150,405,555,1800
8831,1205,1205,1206,150,406,556,1761
8832,1217,1217,1216,150,405,555,1772
8833,1211,1211,1211,150,405,555,1766
8834,1200,1205,1206,155,406,561,1761
8835,1205,1200,1206,150,408.5,562,1767
8836,1212,1212,1211,150,404.25,561,1773
8837,1188,1216,1205,150,400,555.5,1766
8838,1256,1228,1228,150,400,550,1806
8839,1228,1233,1239,155,406,561,1789
8840,1228,1223,1222,150,405,555,1783
8841,1200,1200,1200,150,405,555,1755
8842,1211,1211,1217,150,408,561,1772
8843,1211,1211,1211,150,407,561,1772
8844,1178,1205,1200,150,406,558,1761
8845,1233,1206,1205,150,405,555,1788
8846,1189,1217,1217,150,405,555,1772
8847,1239,1211,1211,150,405,555,1794
8848,1194,1216,1222,150,402.5,552.5,1777
8849,1233,1211,1200,150,400,550,1783
8850,1212,1212,1212,150,400,550,1762
8851,1211,1211,1216,150,405,555,1766
8852,1172,1205,1206,150,406,555.5,1761
8853,1233,1200,1200,150,406,556,1789
8854,1200,1200,1194,150,400,550,1750
8855,1161,1195,1195,208.5,400,611.5,1745
8856,1111,1194,1200,179.25,406,583.75,1784
8857,1158.5,1200,1200,150,406,556,1772.5
8858,1206,1211,1205,155,400,555,1761
8859,1216,1217,1222,156,405,561,1777
8860,1195,1217,1212,153,400,558.5,1773
8861,1244,1216,1222,150,406,556,1800
8862,1211,1211,1211,150,406,556,1767
8863,1200,1206,1200,156,400,556,1756
8864,1173,1200,1205,153,405,553,1761
8865,1238,1205,1200,150,400,550,1788
8866,1217,1223,1223,156,400,556,1773
8867,1217,1211,1216,150,405,555,1772
8868,1172,1205,1200,150,400,552.5,1755
8869,1228,1195,1195,150,400,550,1778
8870,1178,1205,1211,150,406,552.5,1761
8871,1233,1206,1205,150,405,555,1788
8872,1211,1211,1212,150,406,556,1767
8873,1211,1211,1205,150,400,550,1761
8874,1200,1200,1206,150,406,556,1756
8875,1183,1217,1216,150,405,556,1772
8876,1239,1205,1206,150,406,556,1795
8877,1200,1200,1194,150,400,550,1750
8878,1178,1206,1211,166.5,405,569,1761
8879,1195,1200,1200,172.25,405,573.5,1783
8880,1205,1200,1195,175.125,400,578.75,1783
8881,1222,1222,1228,162.562,406,569.875,1806
8882,1228,1200,1205,150,403,561,1789
8883,1195,1200,1189,155,400,555,1750
8884,1200,1195,1200,150,405,555,1755
8885,1172,1205,1206,150,406,555,1761
8886,1239,1206,1205,150,405,555,1794
8887,1205,1205,1200,150,400,550,1755
8888,1184,1211,1217,163.5,406,569.5,1767
8889,1211,1211,1217,156.75,405.5,562.25,1800
8890,1239,1212,1205,150,405,555,1794
8891,1177,1177,1178,150,406,556,1733
8892,1173,1200,1200,163.5,406,569.5,1756
8893,1211,1211,1211,173.25,406,576.25,1794
8894,1194,1200,1194,161.625,400,565.625,1777
8895,1245,1212,1217,150,405,555,1800
8896,1205,1211,1211,156,405,561,1766
8897,1217,1211,1211,150,405,555,1772
8898,1200,1200,1200,150,405,555,1755
8899,1200,1200,1200,150,405,555,1755
8900,1211,1211,1211,150,405,555,1766
8901,1228,1228,1223,150,400,550,1778
8902,1216,1216,1222,150,406,556,1772
8903,1217,1217,1217,150,406,556,1773
8904,1222,1222,1222,150,406,556,1778
8905,1172,1206,1205,150,405,556,1761
8906,1250,1216,1217,150,406,556,1806
8907,1212,1212,1211,150,405,555,1767
8908,1205,1205,1206,150,406,556,1761
8909,1217,1217,1222,150,405.5,561,1778
8910,1211,1211,1205,150,405,555,1766
8911,1211,1211,1212,150,406,556,1767
8912,1222,1222,1216,150,400,550,1772
8913,1217,1222,1228,155,406,561,1778
8914,1222,1223,1222,156,405,561,1783
8915,1183,1205,1206,153,406,555.5,1767
8916,1239,1211,1205,150,400,550,1789
8917,1184,1211,1223,167,402.5,569.5,1773
8918,1205,1212,1205,158.5,405,559.75,1794
8919,1239,1205,1200,150,400,550,1789
8920,1172,1206,1211,150,405,555.5,1761
8921,1239,1205,1211,150,405,561,1800
8922,1206,1206,1200,150,405,555,1761
8923,1205,1205,1200,150,400,550,1755
8924,1206,1206,1211,150,405,555,1761
8925,1217,1222,1217,155,400,555,1772
8926,1222,1217,1222,150,405,555,1777
8927,1172,1205,1206,150,406,558,1761
8928,1239,1206,1211,150,406,561,1800
8929,1222,1222,1217,150,406,556,1778
8930,1245,1245,1244,150,405,555,1800
8931,1227,1261,1267,153,405,558,1822
8932,1289,1261,1255,156,405,561,1811
8933,1239,1233,1239,150,405,561,1800
8934,1200,1228,1222,164,405,572.5,1783
8935,1233,1233,1234,157,406,566.75,1817
8936,1245,1217,1222,150,409,561,1806
8937,1178,1205,1206,163.5,407.5,572,1767
8938,1200,1200,1194,156.75,406,561,1783
8939,1222,1195,1189,150,400,550,1772
8940,1211,1211,1217,150,406,556,1767
8941,1211,1217,1216,156,405,561,1772
8942,1217,1216,1217,155,406,561,1778
8943,1222,1217,1217,150,406,556,1778
8944,1217,1222,1222,155,406,561,1778
8945,1194,1222,1228,152.5,408.5,561,1789
8946,1239,1206,1205,150,407.25,561,1800
8947,1211,1211,1206,150,406,556,1767
8948,1217,1217,1216,150,405,555,1772
8949,1211,1208.5,1208,155,406,561,1766.5
8950,1205,1200,1200,150,406,556,1761
8951,1206,1206,1205,150,405,555,1761
8952,1205,1205,1206,150,406,556,1761
8953,1211,1211,1217,150,405.5,562,1773
8954,1212,1212,1205,150,405,555,1767
8955,1211,1216,1211,155,400,555,1766
8956,1233,1228,1239,150,405.5,561,1794
8957,1211,1239,1239,150,405.75,558.5,1800
8958,1239,1211,1206,150,406,556,1795
8959,1222,1222,1222,150,406,556,1778
8960,1222,1222,1228,150,408.5,562,1784
8961,1184,1212,1211,150,406.75,558.5,1773
8962,1250,1222,1216,150,405,555,1805
8963,1183,1211,1211,164,405,569.5,1766
8964,1211,1211,1212,159.5,406,565.25,1795
8965,1234,1211,1211,155,406,561,1795
8966,1200,1195,1194,150,405,555,1755
8967,1205,1205,1211,150,408,561,1766
8968,1178,1211,1211,150,409.5,561,1772
8969,1233,1200,1200,150,407.25,561,1794
8970,1178,1217,1211,166.5,405,575,1772
8971,1211,1205,1206,158.25,406,565.5,1800
8972,1250,1217,1217,150,406,556,1806
8973,1189,1189,1189,150,406,556,1745
8974,1211,1211,1211,150,406,556,1767
8975,1217,1217,1222,150,405.5,561,1778
8976,1178,1211,1205,150,405,558.5,1766
8977,1255,1222,1223,150,406,556,1811
8978,1228,1233,1239,155,408.5,567,1795
8979,1228,1223,1222,150,407.25,561,1789
8980,1227,1227,1222,150,406,556,1783
8981,1234,1234,1233,150,405,555,1789
8982,1216,1222,1228,156,405,567,1783
8983,1234,1228,1222,150,405,555,1789
8984,1178,1211,1211,150,405,555,1766
8985,1250,1217,1217,150,405,555,1805
8986,1211,1211,1217,150,408,561,1772
8987,1216,1216,1216,150,409.5,561,1777
8988,1206,1234,1234,150,407.75,558.5,1795
8989,1255,1227,1222,150,406,556,1811
8990,1217,1223,1222,156,405,561,1778
8991,1200,1227,1234,155.5,408,563.5,1795
8992,1245,1217,1216,155,409.5,566,1811
8993,1205,1222,1222,152.5,410.75,564,1788
8994,1233,1211,1212,150,408.375,562,1795
8995,1212,1217,1211,155,406,561,1773
8996,1227,1222,1227,150,406,561,1788
8997,1211,1217,1212,156,406,562,1773
8998,1212,1206,1205,150,405,555,1767
8999,1216,1216,1217,150,406,556,1772
9000,1206,1211,1211,155,406,561,1767
9001,1194,1189,1194,150,405.5,561,1755
9002,1195,1195,1189,150,405,555,1750
9003,1183,1211,1211,152.5,405,558,1766
9004,1228,1205,1206,155,406,561,1789
9005,1205,1200,1200,150,406,556,1761
9006,1189,1189,1189,150,406,556,1745
9007,1211,1211,1211,150,406,556,1767
9008,1178,1206,1205,153,405,556,1761
9009,1233,1211,1206,156,400,556,1789
9010,1195,1189,1189,150,400,550,1745
9011,1211,1217,1222,156,405,561,1772
9012,1189,1216,1217,153,406,558,1778
9013,1250,1217,1216,150,405,555,1805
9014,1211,1211,1212,150,406,556,1767
9015,1194,1228,1227,152.5,405,558.5,1783
9016,1245,1216,1217,155,406,561,1806
9017,1222,1217,1217,150,406,556,1778
9018,1217,1217,1216,150,405,555,1772
9019,1189,1216,1217,150,406,555.5,1772
9020,1233,1206,1206,150,406,556,1789
9021,1211,1217,1216,156,405,561,1772
9022,1189,1211,1217,167,408,575,1778
9023,1222,1222,1222,158.5,409.5,568,1811
9024,1239,1211,1211,150,404.75,561,1800
9025,1217,1217,1206,150,400,550,1767
9026,1222,1222,1233,150,403,561,1783
9027,1189,1222,1217,164,406,572,1778
9028,1222,1217,1216,157,405,563.5,1805
9029,1228,1200,1200,150,405,555,1783
9030,1205,1211,1212,156,406,562,1767
9031,1189,1211,1211,170,406,575.5,1773
9032,1239,1245,1244,162.5,405,568.25,1828
9033,1284,1255,1256,155,406,561,1845
9034,1255,1250,1250,150,406,556,1811
9035,1250,1250,1255,150,408.5,561,1811
9036,1261,1261,1261,150,410.25,561,1822
9037,1239,1272,1273,150,410.625,561,1834
9038,1272,1239,1238,150,410.812,561,1833
9039,1217,1250,1250,164,410.906,575,1811
9040,1272,1267,1267,160,407.953,568,1825
9041,1278,1256,1250,156,405,561,1839
9042,1272,1266,1272,150,405,561,1833
9043,1261,1267,1261,156,405,561,1822
9044,1245,1239,1239,150,405,555,1800
9045,1255,1255,1261,150,408,561,1816
9046,1245,1245,1245,150,409.5,561,1806
9047,1244,1244,1244,150,410.25,561,1805
9048,1239,1239,1239,150,410.625,561,1800
9049,1211,1245,1245,150,411.312,561.5,1806
9050,1272,1238,1239,150,408.656,562,1834
9051,1234,1239,1233,155,406,561,1795
9052,1244,1234,1239,145,408.5,556,1800
9053,1234,1239,1239,150,407.25,561,1795
9054,1238,1244,1239,156,406,562,1800
9055,1228,1250,1255,167,411,578,1817
9056,1267,1267,1272,158.5,411,569.5,1833.5
9057,1289,1261,1256,150,413.5,561,1824.75
9058,1222,1250,1255,150,412.75,561.5,1816
9059,1294,1266,1262,150,411.875,562,1819.5
9060,1262,1262,1261,150,411.438,561,1823
9061,1277,1277,1277,150,408.219,561,1838
9062,1278,1284,1278,156,405,561,1839
9063,1250,1277,1284,153,408,561,1845
9064,1263.5,1273,1272,150,412.5,561,1844.5
9065,1277,1277,1283,150,414.75,567,1844
9066,1289,1280.5,1283,150,415.375,567,1847
9067,1284,1284,1283,150,413.188,566,1840
9068,1266,1272,1267,156,412.094,567,1833
9069,1273,1272,1272,155,411.547,566,1839
9070,1272,1267,1267,150,411.273,561,1833
9071,1261,1261,1261,150,411.137,561,1822
9072,1261,1267,1267,156,411.568,567,1828
9073,1294,1288,1283.5,150,414.284,562,1845
9074,1295,1291,1285.75,150,412.642,567,1850
9075,1294,1284.5,1288,150,411.821,561,1844.5
9076,1278,1278,1278,150,414.411,561,1839
9077,1289,1278,1277.5,150,415.205,567,1841.5
9078,1278,1278,1277,150,413.103,566,1844
9079,1261,1261,1256,150,415.051,561,1822
9080,1255,1261,1267,156,413.026,573,1828
9081,1256,1250,1244,150,415.013,561,1817
9082,1233,1239,1245,156,413.006,573,1806
9083,1239,1261,1255,153,412.003,567,1828
9084,1261,1233,1233,150,411.502,561,1822
9085,1228,1228,1228,150,414.251,561,1789
9086,1250,1250,1256,150,412.625,567,1817
9087,1217,1245,1239,150,411.813,564,1806
9088,1272,1244,1244,150,411.406,561,1833
9089,1256,1261,1261,155,413.703,566,1822
9090,1261,1256,1261,150,412.352,566,1827
9091,1239,1244,1239,155,411.676,566,1805
9092,1244,1245,1245,156,411.338,567,1811
9093,1228,1227,1227,155,411.169,566,1794
9094,1211,1234,1234,152.5,414.084,566.5,1800
9095,1272,1244,1250,150,415.042,567,1839
9096,1211,1245,1244,164,413.021,578,1811
9097,1239,1233,1228,159.5,412.011,572,1828
9098,1245,1222,1222,155,408.505,566,1811
9099,1216,1217,1211,156,405,561,1777
9100,1228,1222,1228,150,408,561,1789
9101,1200,1228,1228,150,409.5,561,1789
9102,1256,1228,1228,150,410.25,561,1817
9103,1227,1227,1227,150,410.625,561,1788
9104,1195,1223,1223,153,410.812,564,1784
9105,1244,1222,1222,156,410.906,567,1811
9106,1222,1222,1222,156,410.953,567,1789
9107,1189,1211,1211,153,410.977,564,1778
9108,1234,1206,1206,150,410.988,561,1795
9109,1211,1211,1211,150,410.994,561,1772
9110,1072,1178,1178,152.5,411.497,564,1739
9111,1289,1188,1189,155,408.249,567,1736
9112,1178,1173,1166,150,405,555,1733
9113,1155,1161,1161,156,405,561,1716
9114,1156,1155,1156,155,406,561,1717
9115,1116,1139,1139,169.5,406,572.5,1700
9116,1100,1106,1100,176.75,400,578.25,1684
9117,1100,1100,1100,179.875,400,577.625,1684
9118,1073,1072,1066,214.938,394,611.312,1650
9119,1097.5,1072,1073,199.469,395,594.656,1650
9120,1122,1056,1055,222.234,394,616.828,1700
9121,1111,1050,1050,203.117,394,597.414,1628
9122,1100,1044.5,1044.5,196.059,394,590.207,1678
9123,1034,1035.75,1036.25,189.529,394,584.104,1617
9124,1033,1029.375,1029.125,183.765,395,578.052,1611
9125,1028,1025.688,1028.562,183.882,394,572,1600
9126,1020,1015.344,1016.781,180.441,400,574.5,1600
9127,1012.5,1013.172,1011.391,181.721,400,576.25,1589
9128,1006.25,1009.586,1008.195,185.36,395,579.625,1586
9129,1006.125,1004.793,1004.098,184.18,394,578.312,1584.5
9130,1005.562,999.396,999.549,178.09,394,572.656,1578.25
9131,1016.781,1002.698,1002.274,164.045,395,567,1575.125
9132,1028,1001.349,1001.137,150,394,544,1559.562
9133,1003,1006.175,1000.569,150,394,544,1551.781
9134,1021,1025.587,1028.284,169.5,394,566,1586.891
9135,1039,1045,1056,179.25,394,575,1622
9136,1055,1055,1056,181.125,395,576,1639
9137,1084,1078,1077,165.562,394,560.5,1661
9138,1116,1083,1084,150,395,545,1661
9139,1095,1122,1122,150,395,572,1667
9140,1133,1106,1111,150,400,550,1683
9141,1111,1117,1111,156,394,550,1661
9142,1083,1105,1111,167,400,564,1661
9143,1128,1128,1128,175,400,573.5,1706
9144,1128,1133,1133,165.5,400,561.75,1711
9145,1150,1123,1117,156,394,550,1700
9146,1106,1127,1133,169.5,400,566.5,1683
9147,1144,1150,1150,176.25,400,574.75,1727
9148,1156,1156,1156,177.125,400,576.375,1739
9149,1183,1178,1178,174.562,400,574.188,1761
9150,1183,1177,1177,165.281,400,572,1755
9151,1189,1173,1173,156,400,556,1745
9152,1172,1172,1166,156,394,550,1722
9153,1167,1161,1167,150,400,550,1717
9154,1133,1161,1161,167,400,564,1711
9155,1111,1117,1111,175.5,394,571,1689
9156,1189,1189,1189,179.75,394,571.5,1767
9157,1139,1139,1133,181.375,388,572,1711
9158,1128,1127,1134,165.688,395,558,1706
9159,1167,1134,1133,150,394,544,1711
9160,1105,1139,1139,167,394,564,1683
9161,1200,1200,1206,172.5,400,571,1784
9162,1150,1144,1144,178.25,400,574.5,1728
9163,1111,1117,1111,180.625,394,576.25,1689
9164,1095,1094,1095,181.812,395,579.625,1673
9165,1089,1089,1094,179.906,400,578.812,1672
9166,1083,1078,1078,181.953,400,578.406,1661
9167,1128,1108.5,1108.5,165.977,394,561.203,1689
9168,1173,1139,1139,150,394,544,1717
9169,1105,1139,1139,150,394,544,1683
9170,1178,1144,1144,150,394,544,1722
9171,1139,1167,1173,150,400,547,1717
9172,1200,1172,1172,150,400,550,1750
9173,1150,1183,1178,153,395,553,1728
9174,1211,1184,1189,156,400,556,1767
9175,1183,1177,1177,150,400,550,1733
9176,1184,1184,1184,150,400,550,1734
9177,1189,1194,1189,155,395,550,1739
9178,1194,1189,1194,150,400,550,1744
9179,1194,1194,1194,150,400,550,1744
9180,1167,1200,1200,150,400,550,1750
9181,1222,1189,1189,150,400,550,1772
9182,1195,1195,1195,150,400,550,1745
9183,1222,1222,1222,150,400,550,1772
9184,1189,1217,1217,153,400,553,1767
9185,1272,1250,1250,156,400,556,1828
9186,1239,1233,1239,150,406,556,1795
9187,1256,1261,1255,155,400,555,1811
9188,1250,1267,1267,152.5,400,572,1822
9189,1261,1239,1239,150,400,550,1811
9190,1244,1244,1244,150,400,550,1794
9191,1233,1233,1233,150,400,550,1783
9192,1245,1245,1245,150,400,550,1795
9193,1217,1250,1250,153,400,550,1800
9194,1277,1250,1244,156,394,550,1827
9195,1195,1211,1217,153,400,572,1767
9196,1244,1222,1222,150,400,550,1794
9197,1195,1228,1222,166.5,394,566.5,1772
9198,1200,1200,1206,174.75,400,574.75,1783
9199,1211,1211,1211,178.875,400,578.875,1794
9200,1239,1239,1239,164.438,400,564.438,1822
9201,1266,1233,1233,150,400,550,1816
9202,1261,1267,1267,156,400,556,1817
9203,1267,1267,1267,156,400,556,1823
9204,1283,1277,1283,150,406,556,1839
9205,1278,1278,1283,150,405.5,561,1839
9206,1267,1267,1261,150,405,555,1822
9207,1255,1255,1256,150,406,556,1811
9208,1250,1256,1256,156,406,562,1812
9209,1250,1244,1244,150,406,556,1806
9210,1212,1239,1239,150,406,553,1795
9211,1266,1239,1233,150,400,550,1816
9212,1217,1217,1222,150,405,555,1772
9213,1228,1228,1228,150,405,555,1783
9214,1200,1200,1200,150,405,555,1755
9215,1189,1189,1189,150,405,555,1744
9216,1188,1188,1189,150,406,556,1744
9217,1189,1189,1183,150,400,550,1739
9218,1156,1184,1189,150,405,555.5,1739
9219,1222,1194,1200,150,405.5,561,1783
9220,1167,1189,1184,153,406,558.5,1745
9221,1194,1178,1172,156,400,556,1750
9222,1167,1194,1200,153,406,555.5,1756
9223,1228,1195,1194,150,405,555,1783
9224,1189,1189,1184,150,400,550,1739
9225,1144,1172,1172,150,400,553,1722
9226,1211,1183,1189,150,406,556,1767
9227,1139,1172,1172,166.5,406,572.5,1728
9228,1189,1189,1189,161.25,406,564.25,1778
9229,1233,1206,1200,156,400,556,1789
9230,1239,1239,1244,156,405,561,1800
9231,1211,1233,1228,172.5,400,577.5,1789
9232,1245,1256,1261,161.25,405,566.25,1839
9233,1242,1261,1261,150,405,555,1816.5
9234,1239,1239,1239,150,405,555,1794
9235,1244,1250,1250,156,405,561,1805
9236,1250,1244,1245,150,406,556,1806
9237,1206,1239,1238,150,405,555.5,1794
9238,1261,1228,1228,150,405,555,1816
9239,1227,1233,1234,156,406,562,1789
9240,1228,1222,1222,150,406,556,1784
9241,1222,1217,1216,145,405,550,1772
9242,1206,1244,1239,147.5,400,555.5,1789
9243,1267,1234,1245,150,403,561,1828
9244,1222,1255,1250,150,406,561,1811
9245,1294,1261,1266,150,406,561,1822.5
9246,1273,1278,1273,155,406,561,1834
9247,1227,1250,1255,155,408.5,563.5,1816
9248,1295,1272,1272,155,409.75,566,1824.5
9249,1266,1267,1267,156,410.375,567,1833
9250,1256,1250,1250,150,408.188,561,1817
9251,1250,1250,1245,150,406,556,1806
9252,1206,1239,1238,153,405,558.5,1794
9253,1277,1250,1250,156,405,561,1838
9254,1245,1244,1245,155,406,561,1806
9255,1211,1234,1233,155,405,561,1794
9256,1250,1227,1228,155,406,561,1811
9257,1211,1228,1233,155,406,561,1794
9258,1239,1222,1217,155,406,561,1800
9259,1228,1223,1222,150,405,555,1783
9260,1244,1250,1256,156,408,567,1811
9261,1245,1239,1239,150,409.5,561,1806
9262,1233,1233,1233,150,410.25,561,1794
9263,1222,1250,1250,153,405.125,558.5,1811
9264,1272,1250,1239,156,400,556,1828
9265,1228,1222,1233,150,405.5,561,1789
9266,1239,1239,1239,150,405.75,561,1800
9267,1211,1244,1239,150,406,558.5,1800
9268,1261,1228,1228,150,406,556,1817
9269,1239,1239,1244,150,408.5,561,1800
9270,1233,1239,1239,156,407.25,567,1800
9271,1239,1233,1228,150,406,556,1795
9272,1223,1223,1222,150,405,555,1778
9273,1194,1227,1233,166.5,405,571.5,1788
9274,1256,1256,1250,169.25,405,577.25,1844
9275,1250,1239,1245,159.625,408,569.125,1833
9276,1255,1233,1233,150,407,561,1816
9277,1217,1250,1245,150,406,561,1806
9278,1272,1239,1244,150,408.5,561,1833
9279,1222,1250,1250,150,412.75,564,1811
9280,1272,1244,1250,150,409.375,567,1839
9281,1239,1267,1256,150,406,564,1823
9282,1295,1267,1272,150,408.5,561,1828
9283,1266,1272,1272,156,409.75,567,1833
9284,1256,1256,1256,156,407.875,567,1823
9285,1244,1244,1239,156,406,562,1806
9286,1245,1239,1244,150,406,561,1806
9287,1211,1244,1239,150,406,561,1800
9288,1267,1234,1239,150,408.5,561,1828
9289,1233,1233,1233,150,409.75,561,1794
9290,1228,1228,1228,150,410.875,561,1789
9291,1183,1216,1217,167,410.938,578,1778
9292,1211,1212,1211,161,410.969,572,1806
9293,1245,1216,1216,155,407.984,566,1811
9294,1194,1217,1211,152.5,405,563.5,1777
9295,1250,1222,1228,150,408,561,1811
9296,1211,1217,1217,156,407,567,1778
9297,1228,1222,1217,150,406,556,1784
9298,1172,1206,1211,152.5,408.5,561,1767
9299,1234,1205,1205,155,406.75,566,1800
9300,1183,1206,1200,169.5,405,577.5,1766
9301,1205,1211,1211,162.25,405,569.25,1794
9302,1245,1216,1217,155,406,561,1806
9303,1217,1212,1217,150,408.5,561,1778
9304,1227,1227,1227,150,407.25,561,1788
9305,1228,1228,1223,150,406,556,1784
9306,1183,1217,1222,152.5,409,561.5,1778
9307,1245,1216,1217,155,410,567,1812
9308,1222,1223,1222,156,411,567,1789
9309,1233,1227,1228,150,411,562,1795
9310,1200,1234,1233,150,411,561.5,1795
9311,1262,1228,1228,150,411,561,1823
9312,1194,1227,1227,161,411,572,1788
9313,1250,1239,1239,158.5,411,569.5,1833
9314,1250,1234,1234,156,408,567,1817
9315,1256,1250,1244,150,405,555,1811
9316,1227,1255,1267,164,408,572,1822
9317,1267,1267,1261,160,409.5,569.5,1836
9318,1283,1261,1261,156,410.25,567,1823.5
9319,1250,1244,1244,150,410.625,561,1811
9320,1217,1250,1250,164,407.812,572,1811