b,PPn,RRn,TTn,PR,RT,PT,TPn
3,905,833,839,150,261,411,1316
4,833,828,822,145,255,400,1233
5,828,833,839,150,261,411,1239
6,800,822,823,172,262,434,1234
7,861,834,827,145,255,400,1261
8,811,833,834,167,256,423,1234
9,828,828,833,167,261,428,1256
10,850,833,833,150,261,411,1261
11,834,828,823,144,256,400,1234
12,800,828,827,172,255,427,1227
13,850,828,828,150,255,405,1255
14,816,816,817,150,256,406,1222
15,817,817,816,150,255,405,1222
16,800,817,817,167,255,422,1222
17,833,816,817,150,256,406,1239
18,822,817,822,145,261,406,1228
19,817,822,817,150,256,406,1223
20,789,817,816,178,255,433,1222
21,861,833,834,150,256,406,1267
22,806,833,833,177,256,433,1239
23,855,828,828,150,256,406,1261
24,845,839,839,144,256,400,1245
25,822,833,833,155,256,411,1233
26,855,845,850,145,261,406,1261
27,839,844,844,150,261,411,1250
28,817,845,845,178,261,439,1256
29,878,844,844,144,261,405,1283
30,839,845,839,150,255,405,1244
31,839,844,845,155,256,411,1250
32,844,839,839,150,256,406,1250
33,839,839,844,150,261,411,1250
34,833,828,822,145,255,400,1233
35,828,833,828,150,250,400,1228
36,819.5,817,822,147.5,255,402.5,1222
37,805,805,772,147.5,252.5,369.5,1174.5
38,870.75,811,839,144.5,250,383,1208.5
39,936.5,795,800,141.5,255,396.5,1333
40,914.25,783,784,127.75,256,369.25,1180.5
41,892,778,750,114,255.5,420.625,1234
42,871,778,805,217,255,472,1147
43,850,772,756,139,252.5,378,1228
44,767,772,783,144,250,394,1161
45,766,761,767,139,256,395,1161
46,745,772,772,166,256,422,1167
47,816,789,789,139,256,395,1211
48,800,806,805,145,255,400,1200
49,817,817,817,145,255,400,1217
50,833,833,833,145,255,400,1233
51,828,828,828,145,255,400,1228
52,822,822,822,145,255,400,1222
53,828,828,828,145,255,400,1228
54,834,833,834,144,256,400,1234
55,838,839,838,145,255,400,1238
56,839,839,839,145,255,400,1239
57,834,839,839,150,255,405,1239
58,822,844,839,172,250,422,1244
59,861,850,861,161,261,422,1283
60,856,845,845,150,261,411,1267
61,855,850,844,145,255,400,1255
62,856,855,856,144,256,400,1256
63,850,850,855,144,261,405,1255
64,855,861,856,150,256,406,1261
65,817,845,844,178,255,433,1250
66,883,850,850,145,255,400,1283
67,817,855,856,183,256,439,1256
68,855,856,855,184,255,439,1294
69,845,850,845,189,250,439,1284
70,867,855,866,177,261,438,1305
71,877,856,845,156,250,406,1283
72,850,850,855,156,255,411,1261
73,823,850,850,183,255,438,1261
74,922,833,834,183,256,438.5,1272
75,761,850,850,183,256,439,1200
76,867,834,839,150,261,411,1278
77,800,833,822,183,250,433,1233
78,866,828,833,145,255,400,1266
79,811,816,822,150,261,411,1222
80,806,834,823,178,250,428,1234
81,855,822,827,145,255,400,1255
82,839,839,839,145,255,400,1239
83,839,839,839,145,255,400,1239
84,795,827,828,177,256,433,1228
85,822,828,828,183,256,439,1261
86,833,834,833,184,255,439,1272
87,872,838,845,150,262,412,1284
88,823,834,827,161,255,416,1239
89,844,833,834,150,256,406,1250
90,806,828,833,172,261,433,1239
91,850,828,822,150,255,405,1255
92,811,833,834,172,256,428,1239
93,855,828,827,145,255,400,1255
94,834,839,845,150,261,411,1245
95,844,844,839,150,256,406,1250
96,839,845,844,156,255,411,1250
97,833,844,850,167,261,428,1261
98,856,844,845,155,262,417,1273
99,800,834,827,189,255,444,1244
100,867,833,828,155,250,405,1272
101,838,828,833,145,255,400,1238
102,795,822,817,172,250,422,1217
103,811,822,828,183,256,439,1250
104,828,823,822,178,255,433,1261
105,833,816,817,161,256,417,1250
106,806,828,828,183,256,439,1245
107,839,833,827,177,250,427,1266
108,850,828,834,155,256,411,1261
109,838,828,827,145,255,400,1238
110,828,833,834,150,256,406,1234
111,806,822,822,166,256,422,1228
112,850,828,828,144,256,400,1250
113,822,828,828,150,256,406,1228
114,806,828,822,172,250,422,1228
115,816,822,828,178,256,434,1250
116,834,828,827,172,255,427,1261
117,844,822,823,150,256,406,1250
118,756,828,827,150,255,477,1233
119,883,811,811,150,255,405,1288
120,885.5,822,823,164,256,416.5,1228
121,888,811,805,178,250,428,1316
122,850,822,828,150,256,406,1256
123,789,812,811,173,255,428,1217
124,850,822,828,145,261,406,1256
125,789,822,817,178,256,434,1223
126,850,811,811,139,256,395,1245
127,806,822,822,155,256,411,1217
128,783,811,811,183,256,439,1222
129,828,817,817,172,256,428,1256
130,839,806,811,139,261,400,1239
131,811,816,811,144,256,400,1211
132,772,817,817,189,256,445,1217
133,839,817,816,167,255,422,1261
134,817,827,828,177,256,433,1250
135,822,817,817,172,256,428,1250
136,828,839,833,183,250,433,1261
137,866,828,833,145,255,400,1266
138,806,839,839,178,255,433,1239
139,855,827,828,150,256,406,1261
140,839,839,844,150,261,411,1250
141,811,839,834,178,256,434,1245
142,878,845,839,145,250,395,1273
143,806,833,839,172,256,428,1234
144,850,828,827,150,255,405,1255
145,833,828,828,145,255,400,1233
146,828,827,828,144,256,400,1228
147,886,828,822,163.5,250,419.5,1222
148,944,822,828,183,256,439,1383
149,839,828,828,172,256,428,1267
150,844,828,827,156,255,411,1255
151,834,828,823,150,250,400,1234
152,794,822,827,178,255,433,1227
153,789,828,828,217,255,472,1261
154,867,827,828,177,256,433,1300
155,833,834,833,178,255,433,1266
156,861,833,834,150,256,406,1267
157,828,828,827,150,255,405,1233
158,800,822,823,172,256,428,1228
159,839,839,839,172,256,428,1267
160,816,828,816,184,244,428,1244
161,845,844,861,183,261,444,1289
162,839,834,839,178,266,444,1283
163,841.5,844,828,180.5,250,430.5,1272
164,869.5,833,839,144,256,400,1269.5
165,822,828,828,150,256,406,1228
166,874.5,833,827,164,250,420,1233
167,927,817,823,178,256,434,1361
168,751,806,805,158.5,255,414,1239
169,905,811,811,139,255,394,1299
170,778,800,795,161,250,411,1189
171,755,805,811,211,256,467,1222
172,845,795,789,161,250,411,1256
173,750,811,816,169,255,477,1227
174,850,805,800,177,250,427,1277
175,755,800,800,163.5,250,472,1227
176,872,800,806,150,256,406,1278
177,806,834,822,178,244,422,1228
178,825,811,822,164,255,419,1244
179,808,822,828,178,261,439,1247
180,845,817,811,150,255,405,1250
181,800,816,811,166,250,416,1216
182,811,817,806,172,252.5,411,1222
183,755,806,822,191.5,255,478,1233
184,812,800,800,211,255,466,1278
185,833,800,795,178,250,428,1261
186,811,789,789,156,250,406,1217
187,844.5,783,794,150,261,400,1200
188,878,783,772,144,250,394,1272
189,772,784,789,156,255,411,1183
190,778,766,761,144,250,394,1172
191,772,778,784,150,256,406,1178
192,817,806,777,139,253,400.5,1183
193,777,783,806,145,250,395,1172
194,789,794,794,150,250,400,1189
195,806,800,806,144,256,400,1206
196,739,795,794,200,255,455,1194
197,833,800,800,167,255,422,1255
198,822,805,800,150,250,400,1222
199,806,806,811,150,255,405,1211
200,778,805,800,177,250,427,1205
201,833,806,812,150,256,406,1239
202,806,806,805,150,255,405,1211
203,800,794,795,144,256,400,1200
204,805,806,805,145,255,400,1205
205,800.5,800,800,144.5,255,399.5,1200
206,788.5,827,822,183,250,433,1221.5
207,861,856,856,178,250,428,1289
208,828,828,833,178,255,433,1261
209,850,844,845,172,256,428,1278
210,872,845,844,145,255,400,1272
211,817,850,850,178,255,433,1250
212,872,844,839,150,250,400,1272
213,833,833,839,150,256,406,1239
214,811,834,828,173,250,423,1234
215,856,827,833,144,256,400,1256
216,822,823,822,145,255,400,1222
217,817,827,822,155,250,405,1222
218,822,817,817,150,250,400,1222
219,811,828,828,167,250,417,1228
220,811,811,817,167,256,423,1234
221,839,817,811,145,250,395,1234
222,806,805,805,144,250,394,1200
223,772,795,800,167,255,422,1194
224,817,805,800,155,250,405,1222
225,783,800,800,172,250,422,1205
226,811,800,806,161,256,417,1228
227,811,795,794,145,255,400,1211
228,778,794,795,161,256,417,1195
229,806,795,794,150,255,405,1211
230,794,794,789,150,250,400,1194
231,822,778,783,206,255,461,1183
232,850,783,789,139,261,400,1250
233,767,789,784,161,256,417,1184
234,794,783,783,150,256,406,1200
235,817,817,805,150,244,394,1211
236,806,806,812,150,250,400,1206
237,805,800,800,145,250,395,1200
238,806,805,811,144,256,400,1206
239,789,817,811,172,250,422,1211
240,838,822,822,156,250,406,1244
241,823,822,822,155,250,405,1228
242,839,828,828,144,250,394,1233
243,800,828,828,172,250,422,1222
244,844,822,822,150,250,400,1244
245,811,839,839,178,250,428,1239
246,850,822,822,150,250,400,1250
247,828,828,828,150,250,400,1228
248,822,822,828,150,256,406,1228
249,880.5,828,827,167,255,420,1233
250,939,828,823,184,250,434,1373
251,861,822,822,145,250,395,1256
252,795,828,833,178,255,433,1228
253,839,827,817,166,245,411,1250
254,772,823,833,217,255,472,1244
255,858.5,833,828,191.5,250,441.5,1300
256,791.5,828,828,170.75,250,478,1269.5
257,900,822,822,150,250,400,1300
258,822,828,828,156,250,406,1228
259,795,816,816,177,250,427,1222
260,850,817,823,144,256,400,1250
261,805,806,805,145,255,400,1205
262,784,805,806,166,256,422,1206
263,822,806,800,150,250,400,1222
264,803,811,816,158,255,413,1216
265,813,817,812,162,250,412,1225
266,750,822,822,158.5,250,408.5,1234
267,895,816,816,155,250,405,1300
268,805,828,834,178,256,434,1239
269,839,839,839,178,256,434,1273
270,850,850,844,178,250,428,1278
271,856,850,856,172,256,428,1284
272,850,850,850,172,256,428,1278
273,850,850,850,172,256,428,1278
274,844,845,844,173,255,428,1272
275,873,855,856,155,256,411,1284
276,830,839,772,164,256,415.5,1183
277,850,850,917,164,256,420,1270
278,792,839,833,211,250,461,1253
279,900,844,850,155,256,411,1311
280,844,839,833,150,250,400,1244
281,850,839,839,139,250,389,1239
282,827.5,833,833,144.5,250,394.5,1222
283,828,828,823,144.5,245,389.5,1217.5
284,822,822,827,144.5,250,394.5,1216.5
285,806.5,817,817,155,250,405,1211.5
286,888.5,811,811,116.25,250,360.75,1216
287,806,806,795,172.125,252.5,421.875,1174.25
288,853,800,816,147.062,255,388.938,1215.125
289,900,794,773,122,258,412.469,1256
290,736,789,816,175,261,436,1172
291,795,795,784,175,250,425,1220
292,791,788,788,172,250,422,1213
293,789,789,795,172,256,428,1217
294,739,806,783,161,255.5,472,1211
295,878,789,811,150,255,405,1283
296,794,789,789,145,255,400,1194
297,786.5,789,784,147.5,250,397.5,1184
298,780.5,794,805,161,261,422,1202.5
299,794,778,772,145,255,400,1194
300,770,778,845,153,236,475,1245
301,765.5,769.5,825.5,153,249,370,1210.5
302,761,761,806,153,262,415,1176
303,759,753,738,144,250,394,1153
304,739,746,750,150,255,405,1144
305,747,737,744.5,211,250,461,1139
306,755,740.5,739,184,261,445,1200
307,778,734.25,736.5,150,244,394,1172
308,744.5,722.625,726.25,214,250,463.5,1208
309,733.25,722.312,724.625,246,255,498.75,1244
310,800.125,714.156,712.312,181.5,256,432.875,1256
311,867,712.578,711.656,117,250,408.438,1234
312,783.5,711.789,711.328,134,250,384,1164.5
313,741.75,705.895,708.164,145,250,395,1132.25
314,687.875,705.447,707.082,145,255,400,1119.125
315,743.938,708.724,709.041,216,256,472,1151.062
316,800,712.362,715.521,128,255,383,1183
317,747,720.181,721.76,144,261,405,1158
318,754,724.09,727.38,178,261,439,1165
319,761,1103.545,1100.19,145,266,411,1172
320,755.5,924.273,925.095,144,256,400,1161
321,750,839.636,750,139,261,400,1150
322,733,803.318,755,161,261,422,1155
323,778,767,767,150,261,411,1189
324,755.5,761,761,155.5,261,416.5,1172
325,791.75,772,778,211,267,478,1194.5
326,828,767,761,150,261,411,1239
327,861,772,778,172.5,267,433.5,1189
328,894,778,772,195,261,456,1350
329,817,772,772,150,261,411,1228
330,756,778,783,172,266,438,1194
331,766,766,767,172,267,439,1205
332,784,778,778,166,267,433,1217
333,761,772,767,177,262,439,1200
334,811,767,766,133,261,394,1205
335,761,772,778,144,267,411,1172
336,733,773,767,184,261,445,1178
337,800,766,772,150,267,417,1217
338,767,767,761,150,261,411,1178
339,772,767,767,145,261,406,1178
340,761,766,766,150,261,411,1172
341,772,772,773,150,262,412,1184
342,762,762,761,150,261,411,1173
343,772,772,772,150,261,411,1183
344,772,766,767,144,262,406,1178
345,783,778,777,139,261,400,1183
346,778,784,784,145,261,406,1184
347,761,788,789,172,262,434,1195
348,800,789,788,161,261,422,1222
349,728,795,795,150,261,411,1217
350,889,800,800,139,261,400,1289
351,767,800,800,172,261,433,1200
352,816,816,817,172,262,434,1250
353,811,812,805,173,255,428,1239
354,828,800,806,145,261,406,1234
355,822,827,827,150,261,411,1233
356,761,823,823,212,261,473,1234
357,850,805,805,167,261,428,1278
358,828,811,817,150,267,417,1245
359,806,806,800,150,261,411,1217
360,794,800,794,156,255,411,1205
361,778,794,800,172,261,433,1211
362,739,806,800,161,255,419,1233
363,889,800,800,150,255,405,1294
364,811,800,806,139,261,400,1211
365,844.5,800,800,180.5,261,441.5,1200
366,878,800,800,226.25,261,484.75,1361
367,744,794,789,221.625,256,478.375,1272
368,850,795,794,217,255,472,1322
369,856,800,806,161,261,422,1278
370,905.5,800,800,155.5,261,405.5,1222
371,955,794,772,150,255.5,389,1344
372,745,795,806,200,250,450,1195
373,733,794,794,175,250,430.5,1244
374,900,789,800,150,261,411,1311
375,905.5,783,778,150,256,411,1189
376,911,800,805,150,261,411,1322
377,756,795,784,189,250,439,1195
378,822,789,800,156,261,417,1239
379,767,788,783,177,256,433,1200
380,839,795,794,133,255,388,1227
381,772,789,784,150,250,400,1172
382,786.5,778,778,141.5,250,391.5,1178
383,777,777,788,141.5,261,402.5,1179.5
384,752.5,784,778,173,255,428,1180.5
385,800,772,772,145,255,400,1200
386,745,783,784,183,256,439,1184
387,793.25,784,783,212.25,255,467.75,1222
388,841.5,783,783,183.625,255,439.375,1338
389,858.5,772,773,155,256,411,1269.5
390,887.75,783,783,147,256,402.5,1194
391,917,784,783,139,255,394,1311
392,772,783,784,150,256,406,1178
393,761,789,783,178,250,428,1189
394,797,783,789,164,256,420,1217
395,884.5,784,783,159.5,255,415.5,1203
396,972,777,778,155,256,411,1383
397,919,789,800,152.5,267,408.5,1211
398,866,789,778,150,256,406,1272
399,761,784,778,173,250,423,1184
400,795,783,788,161,255,416,1211
401,794,778,773,145,250,395,1189
402,772,783,783,156,250,406,1178
403,795,789,794,150,255,405,1200
404,839.5,772,762,161,245,413.5,1167
405,884,778,783,172,250,422,1306
406,875,772,778,172,256,425,1200
407,866,783,783,172,256,428,1294
408,789,778,778,161,256,417,1206
409,844.5,778,772,150,250,406,1189
410,900,783,789,139,256,395,1295
411,839,778,778,197.5,256,453.5,1173
412,778,778,789,197.5,267,464.5,1242.5
413,791.5,789,777,195,255,450,1241.5
414,845,794,795,144,256,400,1245
415,750,795,789,189,250,439,1189
416,728,794,800,181,256,433.5,1239
417,877,795,794,173,255,428,1305
418,874.5,788,783,161.5,250,416.5,1211
419,872,784,789,150,255,405,1277
420,745,789,795,194,261,455,1200
421,821,794,789,167,256,423,1244
422,812,789,789,144,256,400,1212
423,783,789,788,150,255,405,1188
424,778,800,795,172,250,422,1200
425,816,789,794,145,255,400,1216
426,784,789,789,150,255,405,1189
427,777,800,795,173,250,423,1200
428,789,800,805,184,255,439,1228
429,806,794,795,172,256,428,1234
430,794,806,800,184,250,434,1228
431,849.5,794,794,161.5,250,417,1228
432,905,789,800,139,261,400,1305
433,778,794,783,155,250,405,1183
434,778,778,784,155,256,411,1189
435,750,778,778,183,256,439,1189
436,811,778,777,150,255,405,1216
437,772,778,778,156,255,411,1183
438,780,777,778,153,256,409,1189
439,787,795,794,161,255,416,1203
440,794,800,806,167,261,428,1222
441,795,800,794,172,255,427,1222
442,805,805,806,172,256,428,1233
443,828,806,805,150,255,405,1233
444,778,805,806,177,256,433,1211
445,839,817,811,155,250,405,1244
446,794,811,811,172,250,422,1216
447,817,817,811,172,244,416,1233
448,755,811,823,186,256,436,1239
449,828,800,800,200,256,456,1284
450,833,811,811,178,256,434,1267
451,834,800,800,144,256,400,1234
452,805,811,811,150,256,406,1211
453,778,811,816,183,261,444,1222
454,839,806,795,150,250,400,1239
455,789,811,817,172,256,428,1217
456,800,811,811,183,256,439,1239
457,833,822,822,172,256,428,1261
458,806,823,822,189,255,444,1250
459,822,811,811,178,255,433,1255
460,828,816,817,166,256,422,1250
461,811,817,817,172,256,428,1239
462,822,817,816,167,255,422,1244
463,828,816,822,155,261,416,1244
464,805,823,817,173,255,428,1233
465,834,822,828,161,261,422,1256
466,839,828,822,150,255,405,1244
467,822,816,817,144,256,400,1222
468,828,822,822,138,256,394,1222
469,800,812,811,150,255,405,1205
470,858.5,822,817,169,250,424.5,1222
471,917,816,822,188,256,444,1361
472,794,823,817,217,250,467,1261
473,889,816,822,144,256,400,1289
474,783,817,822,178,261,439,1222
475,778,828,822,190.5,255,432,1261
476,847,822,789,203,255.5,425,1272
477,847,822,856,178,256,434,1281
478,906,817,822,133.5,261,392,1256
479,817,817,817,149.75,261,407,1167
480,739,816,811,166,256,422,1161
481,827,811,811,150,256,406,1233
482,811,806,800,145,250,395,1206
483,784,811,817,172,256,428,1212
484,822,811,811,161,256,417,1239
485,817,811,811,155,256,411,1228
486,805,817,822,167,261,428,1233
487,845,811,806,133,256,389,1234
488,800,822,822,155,256,411,1211
489,827,817,822,145,261,406,1233
490,886,817,817,147.5,261,405.5,1223
491,945,811,805,150,255,405,1350
492,755,822,822,217,255,472,1227
493,750,811,812,180.5,256,436,1284
494,945,811,811,144,256,400,1345
495,794,811,805,161,250,411,1205
496,822,806,806,145,250,395,1217
497,806,811,816,150,255,405,1211
498,813.5,811,812,147.5,256,403.5,1217
499,808.5,806,800,145,250,395,1203.5
500,778,800,805,167,255,422,1200
501,817,805,806,155,256,411,1228
502,772,795,794,178,255,433,1205
503,828,800,800,150,255,405,1233
504,780,794,795,164,256,420,1200
505,814,800,800,150,256,406,1220
506,822,806,811,134,261,395,1217
507,728,811,811,217,261,478,1206
508,867,805,794,155,250,405,1272
509,750,811,817,216,256,472,1222
510,839,800,800,177,256,433,1272
511,805,800,805,172,261,433,1238
512,817,817,812,172,256,428,1245
513,833,806,805,145,255,400,1233
514,797.5,811,806,158.5,250,408.5,1206
515,800,800,800,158.5,250,408.5,1208.5
516,789,789,805,158.5,266,424.5,1213.5
517,788,788,772,158.5,250,408.5,1196.5
518,814.5,795,800,139,255,394,1208.5
519,739,805,800,205,250,455,1194
520,850,795,800,150,255,405,1255
521,791.5,811,806,230.5,250,483,1211
522,733,800,800,220.75,250,474.5,1294
523,889,789,794,211,255,466,1355
524,850,794,795,155,256,411,1261
525,744,795,794,206,255,461,1205
526,850,789,789,145,255,400,1250
527,746.5,777,772,175.5,250,425.5,1172
528,835.75,778,784,161.25,256,414.25,1209.5
529,925,778,778,147,256,403,1328
530,775,767,766,139,255,394,1169
531,787.5,766,761,205,250,455,1155
532,800,767,767,172,250,422,1222
533,800,772,778,144,256,400,1200
534,844,772,761,158,245,413.5,1161
535,810.5,784,794,172,255,427,1183
536,777,778,778,173,255,428,1205
537,800,800,800,173,255,428,1228
538,878,805,800,211.5,250,467,1228
539,922.5,789,795,158.25,256,414,1145
540,967,822,822,171.125,256,426.5,1328
541,911.5,795,794,184,255,439,1155
542,856,811,811,139,255,394,1250
543,793.5,816,823,161.5,262,423.5,1217
544,900.5,817,816,100.25,261,359.25,1239.5
545,850,811,806,111.125,256,368.625,1145
546,728,811,811,122,256,378,1150.5
547,822,778,778,127.5,256,380.5,1156
548,756,811,805,133,250,383,1139
549,733,795,800,195,255,450,1183
550,845,789,789,139,255,394,1239
551,843.25,777,778,165.25,256,426.25,1172
552,841.5,789,800,191.5,267,458.5,1300
553,772,772,755,191.5,250,441.5,1213.5
554,767,767,778,191.5,261,452.5,1219.5
555,813.5,767,767,145,261,406,1219.5
556,761,766,761,150,256,406,1167
557,762,761,756,144,256,400,1162
558,753,755.5,761,147,261,408,1161
559,750,755.25,750,147,261,408,1158
560,752,752.625,750,150,256,406,1158
561,761,756.812,755,139,261,400,1161
562,761,761,761,139,261,400,1161
563,728,767,767,178,261,439,1167
564,783,761,756,156,256,412,1195
565,778,767,772,145,261,406,1184
566,778,772,766,139,255,394,1172
567,767,772,778,144,261,405,1172
568,766,778,778,156,261,417,1183
569,773,772,767,155,256,411,1184
570,777,767,772,145,261,406,1183
571,799.25,778,772,212,255,467,1178
572,821.5,788,972,178.5,312.5,544.5,1439
573,861.25,775,811,152.25,278.75,457.75,1323.5
574,901,775,794.5,126,245,371,1272
575,732,767,778,161,256,417,1149
576,863.5,783,789,120.75,262,454.25,1206
577,773,773,922,100.625,299.25,435.625,1264.5
578,551.75,575.5,612.25,114.312,280.125,417,992
579,678.875,665.75,684.125,128,261,389,1068.5
580,806,715.875,756,136,261,397,1145
581,783.5,766,766,144,261,405,1155.5
582,761,761,761,144,261,405,1166
583,728,767,767,183,261,444,1172
584,772,767,761,178,255,433,1205
585,867,783,784,141.5,256,397,1217
586,772,783,783,145.75,256,404,1183.5
587,739,784,789,150,261,411,1150
588,794.5,800,800,161.5,261,419.5,1211
589,850,800,794,173,255,428,1278
590,828,805,806,150,256,406,1234
591,767,795,794,178,255,433,1200
592,828,800,800,150,255,405,1233
593,794,794,800,150,261,411,1205
594,811,817,811,156,255,411,1222
595,817,811,811,150,255,405,1222
596,794,800,800,156,255,411,1205
597,823,817,823,150,261,411,1234
598,800,805,805,155,261,416,1216
599,800,817,811,172,255,427,1227
600,816,822,828,178,261,439,1255
601,839,839,833,178,255,433,1272
602,845,839,845,172,261,433,1278
603,850,833,833,155,261,416,1266
604,844,856,856,167,261,428,1272
605,861,844,844,150,261,411,1272
606,806,839,834,183,256,439,1245
607,877,850,855,156,261,417,1294
608,850,844,845,150,262,412,1262
609,817,845,844,178,261,439,1256
610,856,861,856,183,256,439,1295
611,855,850,855,178,261,439,1294
612,850,844,850,172,267,439,1289
613,850,862,856,184,261,445,1295
614,845,838,839,177,262,439,1284
615,861,856,855,172,261,433,1294
616,883,856,856,145,261,406,1289
617,822,844,844,167,261,428,1250
618,861,872,867,178,256,434,1295
619,884,856,861,150,261,411,1295
620,822,850,850,178,261,439,1261
621,872,872,872,178,261,439,1311
622,884,878,878,172,261,433,1317
623,866,866,867,172,262,434,1300
624,884,884,883,172,261,433,1317
625,900,878,878,150,261,411,1311
626,866,866,866,150,261,411,1277
627,878,878,878,150,261,411,1289
628,883,883,878,150,256,406,1289
629,856,861,861,155,256,411,1267
630,855,878,883,178,261,439,1294
631,878,878,878,178,261,439,1317
632,889,878,878,167,261,428,1317
633,861,878,872,184,255,439,1300
634,889,877,883,172,261,433,1322
635,872,873,873,173,261,434,1306
636,856,861,861,178,261,439,1295
637,872,872,866,178,255,433,1305
638,872,872,878,178,261,439,1311
639,861,867,861,184,255,439,1300
640,889,883,889,178,261,439,1328
641,878,878,878,178,261,439,1317
642,900,872,872,150,261,411,1311
643,833,856,856,173,261,434,1267
644,867,872,872,178,261,439,1306
645,906,878,878,150,261,411,1317
646,886.5,869.5,872.5,178,261,439,1311.5
647,867,861,867,172,267,439,1306
648,861,861,855,172,261,433,1294
649,845,856,850,183,255,438,1283
650,822,850,856,211,261,472,1294
651,878,844,844,177,261,438,1316
652,866,861,862,172,262,434,1300
653,856,856,855,172,261,433,1289
654,855,850,850,167,261,428,1283
655,856,844,845,155,262,417,1273
656,844,862,861,173,261,434,1278
657,889,866,866,150,261,411,1300
658,856,850,850,144,261,405,1261
659,844,867,861,167,255,422,1266
660,856,855,856,166,256,422,1278
661,839,856,861,183,261,444,1283
662,861,856,856,178,261,439,1300
663,855,861,855,184,255,439,1294
664,878,855,861,161,261,422,1300
665,839,856,850,178,255,433,1272
666,850,850,856,178,261,439,1289
667,844,844,844,178,261,439,1283
668,884,856,856,150,261,411,1295
669,828,839,833,161,255,416,1244
670,850,839,845,150,261,411,1261
671,827,833,833,156,261,417,1244
672,839,839,833,156,255,411,1250
673,870.75,833,845,193.25,267,454.25,1256
674,902.5,828,828,182.625,267,438.125,1400
675,967.75,930.5,933.5,172,250,422,1430.5
676,850.375,873.75,880.25,172,256,428,1342.75
677,733,817,827,144.5,266,400,1255
678,939,800,789,117,255,372,1311
679,876.75,794,784,186.5,245,431.5,1156
680,814.5,778,789,150,256,406,1220.5
681,772,778,777,156,255,411,1183
682,756,772,784,172,267,439,1195
683,778,772,761,166,256,422,1200
684,805,772,625,133,253,455.5,1178
685,812,773,698.5,159.5,250,448.75,1156
686,819,766,772,186,256,442,1261
687,814,767,772,139,261,400,1214
688,767,767,767,139,261,400,1167
689,761,761,755,139,255,394,1155
690,766,766,789,139,278,417,1183
691,905,778,761,114,261,381,1178
692,786,789,784,171,256,435,1389
693,862.5,806,811,127,261,389.5,1156
694,939,794,794,152,261,411.25,1283
695,728,822,817,177,256,433,1161
696,864,817,822,130,261,391,1255
697,833,833,833,130,261,391,1224
698,764,823,817,189,255,444,1208
699,877,822,833,134,266,400,1277
700,795,839,834,178,261,439,1234
701,767,816,822,166.5,267,427.5,1261
702,900,828,822,155,261,416,1316
703,744,833,834,183,262,444,1250
704,856,823,822,211,261,472,1328
705,883,827,691.5,155,261,513.5,1280.5
706,919,817,754.25,155.5,261,465.25,1233
707,955,817,817,156,261,417,1372
708,822,811,811,145,261,406,1228
709,789,822,817,178,256,434,1223
710,828,811,816,161,261,422,1250
711,817,822,823,166,262,428,1245
712,839,817,811,144,256,400,1239
713,827,833,839,150,262,412,1239
714,762,823,805,211,244,455,1217
715,894,822,833,139,255,394,1288
716,861,822,828,205.5,261,461,1222
717,828,811,806,194.25,256,452.5,1356
718,906,817,822,183,261,444,1350
719,844,817,817,156,261,417,1261
720,817,805,805,144,261,405,1222
721,800,817,817,161,261,422,1222
722,777,811,811,195,261,456,1233
723,823,800,800,172,261,433,1256
724,777,811,806,206,256,462,1239
725,806,794,800,194,262,456,1262
726,794,800,794,200,256,456,1250
727,839,789,794,150,261,411,1250
728,806,811,812,155,262,417,1223
729,789,812,805,178,255,433,1222
730,861,805,806,169.5,256,427.5,1239
731,933,811,816,161,261,422,1355
732,806,822,817,177,256,433,1239
733,739,823,822,172,255,427.5,1255
734,916,822,822,167,255,422,1338
735,839,811,812,139,256,395,1234
736,778,822,822,183,256,439,1217
737,855,822,828,150,262,412,1267
738,795,828,822,183,256,439,1234
739,872,828,833,139,261,400,1272
740,750,828,822,217,255,472,1222
741,895,828,828,150,255,405,1300
742,827,822,828,145,261,406,1233
743,761,811,805,195,255,450,1211
744,867,822,817,150,250,400,1267
745,847,817,822,200,255,453,1222
746,827,816,817,141.5,256,393,1333
747,973,806,800,206.75,250,457.5,1306
748,972.5,800,800,153.375,250,409.25,1319.5
749,972,800,811,169.688,261,425.625,1333
750,880.5,800,795,186,256,442,1156
751,789,789,800,186,267,453,1242
752,803,794,772,177,245,422,1225
753,805,789,805,161,261,422,1227
754,778,789,789,172,261,433,1211
755,800.5,795,795,166.5,261,427.5,1228
756,794,794,800,166.5,267,433.5,1227.5
757,777.5,794,783,183,256,439,1216.5
758,733,795,794,198.5,255,454,1233
759,820,789,789,214,255,469,1289
760,800,800,800,214,255,469,1269
761,789,789,806,214,272,469.5,1275
762,794,794,778,214,256,470,1264
763,814,789,789,189,256,445,1259
764,761,789,788,217,255,472,1233
765,806,789,778,200,244,444,1250
766,864.5,783,795,163.5,256,410.5,1239
767,923,783,777,127,250,377,1300
768,739,784,789,172,255,427,1166
769,780.5,783,784,197,256,449.5,1211
770,822,783,777,240,250,472,1294
771,855.5,778,784,206,256,450,1256
772,889,778,778,172,256,428,1317
773,794,772,777,150,261,411,1205
774,784,778,773,144,256,400,1184
775,777,778,777,145,255,400,1177
776,778.5,778,784,144.5,261,405.5,1184
777,771.5,777,772,150,256,406,1177.5
778,853,778,783,119.5,261,375,1189
779,753,767,761,121.25,255,371,1055.5
780,663,672,669.5,123,244,371.5,1000.25
781,823,869.5,876.25,127,245,372,1227.625
782,983,834.75,832.625,211,261,472,1244.312
783,822,800,789,189,250,439,1261
784,795,783,789,177,256,433,1228
785,739,773,767,211,250,461,1200
786,816,783,789,178,256,434,1250
787,811,778,783,145,261,406,1217
788,795,783,772,133,250,383,1178
789,755,778,778,156,250,406,1161
790,783.5,772,767,144.5,245,389.5,1173
791,772,772,783,144.5,256,400.5,1172.5
792,767.5,778,783,155,261,416,1183.5
793,780.75,772,756,200,245,458,1172
794,794,773,783,255.5,255,509.5,1294
795,863.5,772,767,205.75,250,460.25,1267
796,933,778,783,156,255,411,1344
797,856,783,778,137.75,250,390.25,1189
798,746.5,783,783,119.5,250,369.5,1165.25
799,772,772,772,119.5,250,369.5,1141.5
800,736.5,784,789,167,255,422,1158.5
801,739,783,778,211,250,461,1200
802,844,789,795,156,256,412,1256
803,761.5,789,788,183.5,255,438.5,1200
804,822.5,794,795,155,256,411,1233.5
805,783,800,794,172,250,422,1205
806,761,806,811,217,255,472,1233
807,867,817,812,167,250,417,1284
808,844,794,800,117,256,373,1217
809,775,800,805,142,261,403,1178
810,770,817,806,189,250,439,1209
811,844,811,794,156,252.5,389,1233
812,852.25,811,833,183.75,255,425.25,1222
813,860.5,805,800,211.5,250,461.5,1322
814,795,795,795,211.5,250,461.5,1256.5
815,800,800,811,211.5,261,472.5,1272.5
816,844.5,783,778,150,256,406,1250.5
817,870,795,794,150,255,406,1200
818,832.5,794,795,150,256,406,1194.5
819,795,789,783,144,250,394,1189
820,807.25,789,794,217,255,472,1188
821,819.5,783,778,180.5,250,430.5,1250
822,802.5,778,784,156,256,412,1214.5
823,795,783,783,144,256,400,1195
824,778,784,783,150,255,405,1183
825,794,794,795,150,256,406,1200
826,850,789,789,147.5,256,403,1195
827,817,778,777,145,255,400,1189.5
828,784,783,784,144,256,400,1184
829,772,772,777,144,261,405,1177
830,772,773,767,145,255,400,1172
831,778,783,783,150,255,405,1183
832,783,772,778,139,261,400,1183
833,783.5,789,784,144.5,256,400.5,1184
834,783.5,789,783,150,250,400,1183.5
835,755,778,783,173,255,428,1183
836,833,783,784,161.5,256,417,1212
837,911,794,794,150,256,406,1317
838,784,795,800,161,261,422,1206
839,772,783,778,172,256,428,1200
840,817,795,794,150,255,405,1222
841,800,800,800,150,255,405,1205
842,761,794,795,183,256,439,1200
843,816,806,811,173,261,434,1250
844,834,805,805,144,261,405,1239
845,778,800,800,166,261,427,1205
846,827,811,811,150,261,411,1238
847,778,800,800,172,261,433,1211
848,822,806,800,156,255,411,1233
849,811,811,817,156,261,417,1228
850,795,800,800,161,261,422,1217
851,728,806,795,153,250,411,1217
852,905,811,816,145,255,400,1305
853,758,805,811,192,261,453,1211
854,842,800,795,150,256,406,1248
855,811,811,811,150,256,406,1217
856,806,806,805,150,255,405,1211
857,800,805,806,155,256,411,1211
858,794,806,811,167,261,428,1222
859,884,806,806,219.5,261,478,1234
860,894.5,794,789,193.25,256,453,1139
861,905,800,805,167,261,428,1333
862,789,806,806,184,261,445,1234
863,834,805,800,155,256,411,1245
864,800,800,800,155,256,411,1211
865,783,811,816,183,261,444,1227
866,822,811,806,172,256,428,1250
867,828,823,828,167,261,428,1256
868,778,827,822,216,256,472,1250
869,850,817,811,183,250,433,1283
870,861,828,833,150,255,405,1266
871,794,828,834,184,261,445,1239
872,822,822,816,184,255,439,1261
873,845,833,828,172,250,422,1267
874,861,839,845,150,256,406,1267
875,828,839,838,161,255,416,1244
876,794,855,856,169.5,256,478,1272
877,917,873,872,178,255,433,1350
878,855,861,861,184,255,439,1294
879,750,872,878,186.5,261,441.5,1317
880,1006,889,883,189,255,444,1450
881,883,867,867,173,255,428,1311
882,873,872,878,172,261,433,1306
883,894,872,872,150,261,411,1305
884,856,856,856,150,261,411,1267
885,844,872,866,178,255,433,1277
886,872,872,878,178,261,439,1311
887,850,856,850,184,255,439,1289
888,889,888,889,183,256,439,1328
889,883,873,878,173,261,434,1317
890,889,866,861,150,256,406,1295
891,866.5,878,883,161.5,261,422.5,1289
892,844.5,867,867,184,261,445,1289.5
893,734,850,844,172.5,255,433.5,1289
894,994,855,861,161,261,422,1416
895,986,839,834,155.5,256,414,1256
896,978,839,839,150,256,406,1384
897,986,817,822,150,261,406,1228
898,994,822,817,150,256,406,1400
899,778,811,816,183,261,444,1222
900,828,811,806,166,256,422,1250
901,755,811,805,191,250,472,1227
902,817,811,811,216,250,466,1283
903,855,817,823,178,256,434,1289
904,839,833,833,172,256,428,1267
905,811,823,828,184,261,445,1256
906,856,839,839,167,261,428,1284
907,839,844,844,172,261,433,1272
908,850,844,839,166,256,422,1272
909,855,850,850,161,256,417,1272
910,839,850,856,172,262,434,1273
911,845,845,844,172,261,433,1278
912,850,844,844,166,261,427,1277
913,833,839,839,172,261,433,1266
914,839,839,839,172,261,433,1272
915,850,850,850,172,261,433,1283
916,844,850,850,178,261,439,1283
917,845,839,839,172,261,433,1278
918,850,856,850,178,255,433,1283
919,850,850,856,178,261,439,1289
920,850,850,850,178,261,439,1289
921,878,877,872,177,256,433,1311
922,866,861,867,172,262,434,1300
923,867,878,877,183,261,444,1311
924,867,861,861,177,261,438,1305
925,855,861,856,183,256,439,1294
926,833,834,833,184,255,439,1272
927,867,833,834,150,256,406,1273
928,817,833,839,166,262,428,1245
929,839,834,833,161,261,422,1261
930,866,833,772,128,255.5,408.25,1194
931,828.5,845,895,144.5,250,394.5,1223
932,833,833,833,144.5,250,394.5,1227.5
933,761.5,822,833,205,261,466,1227.5
934,744,828,817,216,250,474.5,1283
935,867,805,811,200,256,462.25,1350
936,855,812,822,184,266,450,1305
937,839,794,778,139,250,389,1228
938,766.5,789,789,161.5,250,411.5,1178
939,783.5,789,794,167,255,422,1205.5
940,783,772,784,156,267,423,1206
941,772.5,778,772,161.5,261,422.5,1195
942,772,772,772,161.5,261,422.5,1194.5
943,744.5,767,761,184,255,439,1183.5
944,778,772,772,178,255,433,1211
945,764,767,773,181,261,442,1206
946,808,772,766,145,255,400,1208
947,750,783,789,178,261,439,1189
948,789,783,784,172,262,434,1223
949,806,778,777,144,261,405,1211
950,778,800,800,166,261,427,1205
951,816,795,795,145,261,406,1222
952,789,816,816,172,261,433,1222
953,845,823,817,150,255,405,1250
954,811,805,811,144,261,405,1216
955,783,817,822,178,266,444,1227
956,833,822,817,167,261,428,1261
957,850,828,828,145,261,406,1256
958,834,833,833,144,261,405,1239
959,833,833,828,144,256,400,1233
960,828,834,839,150,261,411,1239
961,833,828,828,145,261,406,1239
962,833,833,833,145,261,406,1239
963,839,839,839,145,261,406,1245
964,828,855,855,172,261,433,1261
965,883,856,856,145,261,406,1289
966,845,850,850,150,261,411,1256
967,842,856,855.5,144,262,406,1261.5
968,839,862,861,167,261,428,1267
969,883,866,861,150,256,406,1289
970,867,861,866,144,261,405,1272
971,839,845,845,150,261,411,1250
972,811,833,828,172,256,428,1239
973,789,845,850,174.5,261,433,1278
974,878,827,827,177,261,438,1316
975,750,823,817,208,255,466.5,1255
976,838,827,828,162,256,413.75,1333
977,934,811,800,116,245,415.375,1295
978,772,812,828,156,261,417,1189
979,794,822,816,184,255,439,1233
980,806,805,806,183,256,439,1245
981,783,828,833,202.5,261,458,1272
982,823,817,811,173.25,255,477,1300
983,883,805,811,144,261,405,1288
984,783,806,800,167,255,422,1205
985,822,828,828,173,255,428,1250
986,806,816,817,183,256,439,1245
987,867,828,822,144,250,394,1261
988,777,817,822,184,255,439,1216
989,856,816,817,144,256,400,1256
990,811,817,822,150,261,411,1222
991,814,811,811,147,261,408,1222
992,811,811,800,147,250,397,1208
993,806,806,800,147,244,391,1197
994,786,789,806,150,261,411,1197
995,832,800,794,147.5,255,408.5,1205
996,878,789,795,145,261,406,1284
997,756,777,772,166,256,422,1178
998,800,784,783,150,255,405,1205
999,766,778,784,162,261,423,1189
1000,822,772,766,153,255,414,1189
1001,878,772,778,144,261,405,1283
1002,730,783,778,197,256,453,1183
1003,820,773,772,150,255,405,1225
1004,777,772,772,145,255,400,1177
1005,789,778,778,134,255,389,1178
1006,771.5,777,772,139.5,250,389.5,1161
1007,756.5,761,767,144,256,400,1156.5
1008,861,789,789,147,256,402.5,1189
1009,859.5,773,772,150,255,405,1186
1010,858,783,778,153,250,408,1183
1011,807,778,783,156,255,411,1189
1012,756,783,784,183,256,439,1195
1013,791.5,778,847.5,169.5,258.5,434.75,1207.25
1014,789,789,911,169.5,261,430.5,1219.5
1015,794,794,789,169.5,256,425.5,1219.5
1016,825.5,789,789,133,256,389,1214.5
1017,855.5,789,788,180.5,255,436,1177
1018,852.75,778,778,165.25,255,420.5,1216
1019,850,772,772,150,255,405,1255
1020,772,772,773,150,256,406,1178
1021,789,778,777,139,255,394,1183
1022,772.5,778,767,144.5,244,388.5,1161
1023,760.5,761,767,145,250,395,1155.5
1024,745,761,761,161,250,411,1156
1025,778,767,767,150,250,400,1178
1026,825,766,772,147.5,256,400,1172
1027,872,784,783,145,255,400,1272
1028,789,794,789,150,250,400,1189
1029,789,783,789,144,256,400,1189
1030,778,789,789,155,256,411,1189
1031,783,772,766,144,250,394,1177
1032,756,784,784,172,250,422,1178
1033,800,772,772,144,250,394,1194
1034,766,767,767,145,250,395,1161
1035,799.5,766,772,205,256,461,1167
1036,833,773,767,145,250,395,1228
1037,783,788,788,150,250,400,1183
1038,795,789,789,144,250,394,1189
1039,789,795,800,150,255,405,1194
1040,783,783,778,150,250,400,1183
1041,789,783,783,144,250,394,1183
1042,794,795,795,145,250,395,1189
1043,825,789,789,217,250,467,1184
1044,856,783,783,144,250,394,1250
1045,772,778,778,150,250,400,1172
1046,783,783,783,150,250,400,1183
1047,784,784,784,150,250,400,1184
1048,805,805,805,150,250,400,1205
1049,800,795,800,145,255,400,1200
1050,778,777,778,144,256,400,1178
1051,847.5,784,778,144,250,397,1178
1052,917,794,794,144,250,394,1311
1053,875,783,783,205,250,455,1177
1054,833,773,778,145,255,400,1233
1055,778,772,767,139,250,389,1167
1056,794,800,800,145,250,395,1189
1057,778,778,778,145,250,395,1173
1058,789,783,783,139,250,389,1178
1059,786,789,789,142,250,392,1178
1060,778,778,783,142,255,397,1175
1061,764,783,778,161,250,411,1175
1062,778,794,794,177,250,427,1205
1063,755,789,789,211,250,461,1216
1064,845,784,778,150,244,394,1239
1065,789,783,789,144,250,394,1183
1066,814,778,783,200,255,455,1177
1067,839,783,778,144,250,394,1233
1068,772,783,783,155,250,405,1177
1069,783,778,784,150,256,406,1189
1070,778,784,778,156,250,406,1184
1071,778,766,766,144,250,394,1172
1072,761,761,761,144,250,394,1155
1073,772,767,767,139,250,389,1161
1074,799.5,772,772,216,250,466,1161
1075,827,764,750,139,250,389,1216
1076,739,762.5,756,156,250,406,1145
1077,750,761,761,167,250,417,1167
1078,777.5,772,778,161.5,256,417.5,1195
1079,789.5,783,777,155,250,405,1194.5
1080,783,784,784,156,250,406,1189
1081,789,783,783,150,250,400,1189
1082,789,789,789,150,250,400,1189
1083,778,778,778,150,250,400,1178
1084,794,789,789,145,250,395,1189
1085,795,789,794,139,255,394,1189
1086,783,800,795,156,250,406,1189
1087,789,783,783,150,250,400,1189
1088,755,783,783,178,250,428,1183
1089,795,795,795,178,250,428,1223
1090,822,794,794,150,250,400,1222
1091,855.5,800,800,153,250,405.5,1200
1092,889,778,783,156,255,411,1300
1093,755.5,811,806,211.5,250,461.5,1217
1094,855.5,789,783,145,244,389,1244.5
1095,784,789,795,150,250,400,1184
1096,772,772,778,150,256,406,1178
1097,767,783,772,166,245,411,1178
1098,856,784,789,160.5,250,408,1200
1099,945,777,777,155,250,405,1350
1100,778,767,773,144,256,400,1178
1101,803,789,783,211,250,461,1183
1102,828,767,772,150,255,405,1233
1103,800,789,784,139,250,389,1189
1104,750,777,777,166,250,416,1166
1105,772,784,784,178,250,428,1200
1106,866.5,783,783,161.5,250,408.5,1211
1107,961,789,783,145,244,389,1350
1108,739,778,784,184,250,434,1173
1109,817,783,783,150,250,400,1217
1110,800,789,783,139,244,383,1183
1111,744,783,784,178,245,423,1167
1112,784,784,789,178,250,428,1212
1113,777,777,777,178,250,428,1205
1114,778,778,773,178,245,423,1201
1115,789,767,772,156,250,406,1195
1116,755,766,766,167,250,417,1172
1117,795,773,773,145,250,395,1190
1118,867,777,777,147.5,250,397.5,1172
1119,939,784,784,150,250,400,1339
1120,844,789,789,136.25,250,389.25,1189
1121,755.5,783,789,122.5,256,378.5,1172.25
1122,733.5,789,777,178,244,422,1155.5
1123,783.25,783,784,239,245,483.5,1206
1124,833,789,789,211,245,458.25,1378
1125,906,789,794,183,250,433,1339
1126,805,794,794,172,250,422,1227
1127,795,795,795,172,250,422,1217
1128,750,794,794,216,250,466,1216
1129,817,795,795,194,250,444,1261
1130,827,794,800,161,256,417,1244
1131,863.5,789,783,152.5,250,405.5,1200
1132,900,783,783,144,250,394,1294
1133,778,784,784,150,250,400,1178
1134,778,794,794,166,250,416,1194
1135,747.5,784,784,244,250,494,1200
1136,834.75,772,772,213.5,250,458,1289
1137,922,783,772,183,247,422,1344
1138,778,778,783,183,244,427,1205
1139,777,767,773,173,250,423,1200
1140,761,772,761,184,250,423,1184
1141,739,766,777,211,250,461,1200
1142,845,778,773,144,245,389,1234
1143,733.5,767,766,177.5,244,421.5,1155
1144,782.5,778,784,173,250,423,1205.5
1145,827.25,783,783,158.5,250,406,1206
1146,872,772,767,144,245,389,1261
1147,761,795,800,178,250,428,1189
1148,806,789,794,161,255,416,1222
1149,794,783,778,150,250,400,1194
1150,850,805,805,150,250,400,1205
1151,906,795,795,150,250,400,1306
1152,844,789,783,180.5,244,430.5,1183
1153,822,794,800,211,250,461,1139
1154,800,795,789,206,244,450,1250
1155,839,777,783,144,250,394,1233
1156,789,800,800,155,250,405,1194
1157,827.5,789,784,164,245,414,1189
1158,866,784,789,173,250,423,1289
1159,748,789,789,214,250,464,1212
1160,825,783,783,172,250,422,1247
1161,777,789,783,184,244,428,1205
1162,784,778,778,178,244,422,1206
1163,811,783,789,150,250,400,1211
1164,789,789,789,150,250,400,1189
1165,778,772,772,144,250,394,1172
1166,783,778,778,139,250,389,1172
1167,733,778,778,184,250,434,1167
1168,817,783,788,150,255,405,1222
1169,744,783,778,189,250,439,1183
1170,828,784,784,145,250,395,1223
1171,778,783,783,150,250,400,1178
1172,750,778,778,178,250,428,1178
1173,811,783,789,150,256,406,1217
1174,806,806,800,150,250,400,1206
1175,738,794,788,206,244,450,1188
1176,839,789,795,156,250,406,1245
1177,789,778,783,145,255,400,1189
1178,745,772,767,172,250,422,1167
1179,805,783,783,150,250,400,1205
1180,756,778,778,172,250,422,1178
1181,778,767,767,161,250,411,1189
1182,744,766,766,183,250,433,1177
1183,806,767,761,144,244,388,1194
1184,750,761.5,750,144,244,388,1138
1185,805,749.75,756,147,244,394,1144
1186,791.25,749.875,744,150,250,400,1147
1187,777.5,749.938,750,122.5,250,372.5,1150
1188,777.75,752.969,745,155,245,400,1152.5
1189,778,759.984,755,133,244,377,1155
1190,755,767,767,145,244,389,1144
1191,828,761,767,144.5,250,391.5,1156
1192,794.5,766,766,144,250,394,1156
1193,761,767,762,150,245,395,1156
1194,756,761,755,150,244,394,1150
1195,761,764,756,144,245,389,1150
1196,739,767,772,172,250,422,1161
1197,794,772,772,150,250,400,1194
1198,778,772,772,144,250,394,1172
1199,772,773,773,145,250,395,1167
1200,841.5,772,766,164.5,244,409,1161
1201,911,789,784,184,247,423,1334
1202,795,789,800,178,250,428,1223
1203,785,788,794,181,256,437,1222
1204,787,774.5,756,150,256,406,1193
1205,799,761,755,180.5,250,430.5,1161
1206,811,778,772,211,244,455,1266
1207,844,772,778,139,250,389,1233
1208,745,767,761,161,244,405,1150
1209,772,761.5,767,144,256,400,1172
1210,755,758.25,744,145,244,389,1144
1211,756,751.625,756,144,245,389,1145
1212,739,750.812,750,150,250,400,1139
1213,755,747.406,750,145,250,395,1150
1214,745,751.703,744,144,250,394,1139
1215,755,750.852,750,145,244,389,1144
1216,756,752.926,756,139,250,389,1145
1217,739,757.463,755,155,250,405,1144
1218,772,762,750,145,244.5,383,1155
1219,811,777,778,145,247.25,478,1161
1220,850,769,767,145,250,395,1245
1221,756,761,755,150,244,394,1150
1222,769.5,767,773,147.5,250,397.5,1167
1223,794,794,789,147.5,245,392.5,1186.5
1224,783,783,788,147.5,250,397.5,1180.5
1225,786.5,789,784,150,245,395,1181.5
1226,778,778,778,150,245,395,1173
1227,772,767,772,145,250,395,1167
1228,767,772,766,150,244,394,1161
1229,822,767,767,136.25,244,383.25,1161
1230,727.5,764,761,122.5,250,372.5,1147.25
1231,744.5,761,761,139,250,389,1146.125
1232,750,761,756,150,245,395,1145
1233,762,761,761,144,250,394,1156
1234,761,761,761,144,250,394,1155
1235,755,758,756,145,250,395,1150
1236,761,759.5,755,139,250,389,1150
1237,761,761,761,139,250,389,1150
1238,767,767,761,139,244,383,1150
1239,750,761.5,750,139,244,383,1144.5
1240,750,758.25,756,145,244,389,1139
1241,756,762.625,756,144,245,389,1145
1242,766,767,772,145,250,395,1161
1243,767,766,761,144,245,389,1156
1244,772,773,772,145,244,389,1161
1245,756,761,767,150,250,400,1156
1246,778,766,766,138,250,388,1166
1247,761,767,762,144,245,389,1150
1248,766,761,766,139,250,389,1155
1249,745,758,750,150,244,394,1139
1250,761,757,756,144,245,389,1150
1251,750,753.5,755,150,244,394,1144
1252,750,748.75,750,150,244,394,1144
1253,750,749.375,750,144,250,394,1144
1254,744,749.688,745,150,245,395,1139
1255,756,744.344,750,144,245,389,1145
1256,728,741.672,744,155,250,405,1142
1257,744,745.836,747,150,245,395,1139
1258,761,747.918,750,139,245,384,1145
1259,739,748.959,750,150,245,395,1147.5
1260,756,757.979,755,144,250,394,1150
1261,789,767,761,122,244,391.5,1155
1262,738,761,761,145,244,389,1158.5
1263,762,767,773,150,250,400,1162
1264,755,761,750,145,250,395,1150
1265,728,755.5,750,172,245,417,1145
1266,763.5,750.25,750,158.5,245,403.5,1167
1267,745,744.125,750,158.5,250,408.5,1153.5
1268,746.5,741.562,744.5,150,245,395,1141.5
1269,756.75,740.281,739,172,245,417,1148.75
1270,767,739.641,739,144,245,389,1156
1271,739,739.32,739,144,245,389,1141.5
1272,739,736.16,738,144,244,388,1131.75
1273,733,732.08,735.5,144,245,389,1126.875
1274,733,735.54,734.25,139,250,389,1124.438
1275,734,728.77,731.125,144,244,388,1120.219
1276,731,731.385,729.562,144,250,394,1121.109
1277,728,726.693,725.781,150,244,394,1118.555
1278,733.5,729.846,726.891,150,244,394,1120.277
1279,739,728.923,729.945,144,244,383,1118.139
1280,741.5,733.962,731.973,150,244,394,1123.069
1281,744,736.481,735.486,145,241.5,384,1123.035
1282,739,734.74,739,145,242.75,384,1122.517
1283,734,733.87,738,144,244,388,1122.259
1284,806,733.935,733,144.5,245,386,1192.129
1285,878,730.468,733,145,245,384,1262
1286,797.5,726.734,730.5,205,245,450,1220
1287,798.75,729.867,728.75,211,250,461,1178
1288,800,728.933,728.375,144,244,388,1188
1289,764,730.967,731.188,145,244,389,1155.5
1290,728,743.483,743.094,150,245,395,1152.75
1291,761,743.742,755,145,244,389,1150
1292,739,744.371,745,150,245,395,1144.5
1293,750,744.185,744,145,244,389,1139
1294,739,741.593,750,150,250,400,1139
1295,739,740.296,744.5,150,244,394,1136
1296,739,736.648,739,150,244,394,1132
1297,739,737.824,738.5,144,245,389,1129.5
1298,733,735.412,738,150,244,394,1128.75
1299,744,731.706,733,139,245,384,1120.375
1300,766,729.853,730,205,245,450,1148.688
1301,788,728.927,729,145,244,389,1177
1302,728,733.963,734,145,244,389,1152.5
1303,734,735.982,739,150,244,394,1142.25
1304,740.5,1117.991,738,147.5,244,391.5,1514.375
1305,742.75,933.995,747,150,244.5,389,1329.688
1306,745,841.998,756,155,245,400,1145
1307,752.5,790.499,744,152.5,250.5,391.5,1144
1308,747.5,767.749,756,144,256,400,1147.5
1309,832.25,755.875,747.5,144,244,391.5,1223.75
1310,917,747.437,739,144,244.5,383,1300
1311,739,740.219,745,144,245,389,1211
1312,736.5,737.109,739,150,245,395,1169.5
1313,734,735.055,736.5,150,244,394,1148.75
1314,739,740.027,740.25,144,245,389,1140.875
1315,725,742.014,744,184,244,428,1156.438
1316,737.5,743.007,744,217,244,461,1172
1317,750,741.003,739,211,244.5,450,1200
1318,800,740.002,745,150,245,395,1195
1319,739,739.501,739,150,245,395,1164.5
1320,745,739.25,739,144,245,389,1148.75
1321,775,739.125,744,161,250,403,1185.375
1322,805,733.563,738.5,178,247,417,1222
1323,756,730.281,733.25,150,244,394,1150
1324,733,732.141,733.125,144,245,389,1136
1325,731,730.07,727.562,147,244,391,1124.5
1326,766.5,728.535,730.781,150,244.5,388,1123.25
1327,802,731.268,731.891,150,245,391,1088.125
1328,770.5,732.134,732.445,150,244,394,1107.562
1329,739,735.567,738.723,144,244,388,1120.281
1330,744,737.283,745,139,250,389,1121.141
1331,739,740.642,745,139,244,383,1124.57
1332,739,739.821,745,144,245,389,1128.785
1333,741.5,736.41,744,141.5,250,391.5,1124.143
1334,730.5,737.705,741.5,144,245,389,1126.071
1335,794,738.353,739,147,245,392,1099.536
1336,766.5,736.176,739,150,245,395,1113.768
1337,739,731.588,733.5,145,244,389,1115.384
1338,711.5,732.794,736.25,150,245,395,1124.692
1339,711.25,729.897,739,200,250,450,1148.346
1340,725.125,731.949,736,216,245,461,1172
1341,739,732.474,737.5,211,244,455,1194
1342,800,735.737,739,144,250,394,1194
1343,739,737.369,739,144,250,394,1163.5
1344,739,743.684,739,144,250,394,1148.25
1345,744,741.342,739,150,247,389,1140.625
1346,744,740.171,744,145,244,389,1134.312
1347,739,736.586,739,145,244,389,1128.156
1348,733,734.793,739,145,244,389,1128.078
1349,734,736.896,739,144,250,394,1128.039
1350,814,732.448,733,147,245,394,1208.02
1351,894,730.224,730.5,150,244,394,1288
1352,835.5,723.112,723.75,161,244,477,1241
1353,777,723.056,722.875,172,245,417,1194
1354,749.5,719.528,716.938,217,244,461,1139
1355,735.75,718.264,719.469,211,244,450,1172
1356,717.875,714.632,715.734,206,244,450,1172
1357,717.188,712.816,713.367,217,245,462,1162
1358,756.344,711.908,712.184,211.5,245,456.5,1173
1359,795.5,708.954,711.592,127,245,372,1167.5
1360,760.75,712.977,708.296,145,250,395,1133.75
1361,734.375,714.489,715.648,136,247.5,374,1115.375
1362,725.188,715.744,713.324,144,245,389,1107.688
1363,718.594,713.372,717.662,145,247.5,384,1106.844
1364,722.797,723.186,719.831,144,250,394,1111.422
1365,725.398,725.593,726.915,150,247.5,389,1117.211
1366,728,726.797,732.458,150,245,395,1125.105
1367,733,732.898,738,145,255,400,1129.553
1368,749.5,738.449,738.5,200,250,450,1159.276
1369,766,744.225,739,178,245,423,1189
1370,773,741.612,744,155,245,394,1167
1371,727.5,737.306,745,166.5,245,411.5,1139
1372,749.5,735.653,742,150,245,395,1144.5
1373,809,737.327,739,144.5,250,389,1101.25
1374,768.5,732.163,714,139,244,383,1086.625
1375,728,733.082,743,138,244,377.5,1101.312
1376,744,730.541,772,128,244,372,1103.656
1377,761,731.77,749.5,195,250,445,1137.828
1378,778,726.885,733.25,150,244,394,1172
1379,736.5,727.443,736.125,150,247,389,1150
1380,745.75,730.221,739,183,250,433,1155.5
1381,755,732.111,733,161,245,406,1161
1382,757.5,735.055,741.5,172,247.5,410,1160.5
1383,760,731.528,750,150,250,400,1160
1384,805,729.764,738.5,130.5,245,478,1182.5
1385,850,739.882,744.25,111,244,447,1205
1386,797,741.941,750,172,244,416,1183
1387,744,743.47,745,172,245,417,1161
1388,745,741.235,744,172,244,416,1161
1389,739,745.618,745,172,250,422,1161
1390,750,744.809,744,172,244,416,1166
1391,772,741.904,750,144,250,394,1166
1392,739,740.452,739,144,250,394,1146.5
1393,733,739.726,736.5,150,244,394,1137.25
1394,742,736.363,737.75,147,244.5,386,1131.125
1395,709.5,735.182,739,216,245,461,1162.562
1396,766.25,734.091,739,199.5,244,447,1194
1397,823,736.545,739,183,250,433,1256
1398,772,740.273,742,150,244,394,1166
1399,750,742.636,745,144,245,389,1139
1400,739,746.318,744,150,244,394,1141.5
1401,750,745.159,750,150,244,394,1144
1402,739,747.58,745,155,245,400,1139
1403,755,748.79,744,150,245,389,1144
1404,745,752.395,756,155,245,400,1145
1405,733,756.697,755,178,244,422,1155
1406,755.5,761,761,239,244,480.5,1183
1407,778,761,756,264,244,506.75,1317
1408,772,761,766,293,244,539.375,1305
1409,728,761,767,299.25,250,544.938,1300
1410,777.5,761,756,249.625,245,497.469,1328
1411,861.5,758,761,200,250,450,1311.5
1412,811,754,744,144,247.5,383,1194
1413,744,749.5,756,150,245,395,1139
1414,750,749.75,750,145,250,395,1145
1415,780.5,746.875,750,211,250,461,1145
1416,811,742.938,739,144,245,389,1200
1417,739,737.969,739,144,245,389,1161
1418,733,741.484,744.5,144,245,389,1150
1419,733,742.742,750,156,250,406,1139
1420,799.5,743.871,739,150.5,245,397.5,1145
1421,866,746.936,744,145,244,389,1255
1422,745,748.468,750,150,244,394,1139
1423,752.5,751.734,750,147.5,244,391.5,1144
1424,752.5,750.867,750,150,244.5,389,1141.5
1425,750,753.433,756,150,245,395,1145
1426,756,748.717,755,150,244,394,1150
1427,739,746.858,745,155,245,400,1139
1428,755,745.429,744,145,244,389,1144
1429,772,742.215,745,200,245,445,1164
1430,789,743.607,739,150,245,395,1184
1431,779,743.804,744,175,244,419,1139
1432,769,741.402,750,150,250,400,1169
1433,739,740.201,742,150,244,394,1148.5
1434,739,739.6,743,150,244,389,1140.75
1435,744,739.3,744,145,244,389,1134.375
1436,736.5,738.65,739,147.5,244,391.5,1132.438
1437,741.5,741.825,739,144,245,389,1132.719
1438,803.75,740.413,744,211,244,455,1166.359
1439,866,745.206,745,178,250,422,1200
1440,823.25,747.603,744,145,244,389,1172.5
1441,780.5,748.802,756,114.5,250,376.75,1145
1442,750,751.901,750,114.5,250,413.375,1129.75
1443,747,753.95,750,205,245,450,1170.375
1444,744,757.475,761,217,250,467,1211
1445,828,761,755,150,244,394,1222
1446,815.5,755.5,756,176.5,250,420.5,1150
1447,803,752.75,744,203,244,447,1250
1448,736,748.375,750,217,244,461,1197
1449,817,743.688,745,144,245,389,1206
1450,733,744.344,739,150,245,395,1172.5
1451,805.5,738.672,744,161,244,406,1139
1452,878,735.836,738.5,172,245,417,1295
1453,761,734.918,735.75,144,245,389,1150
1454,733,733.959,734.875,145,244,389,1136.5
1455,734,733.479,736.438,144,245,389,1131.75
1456,739,733.74,738,138,250,388,1123.875
1457,739,736.37,741.5,145,244,389,1128.938
1458,739,734.685,745,145,250,395,1125.469
1459,733,736.842,739.5,145,244,389,1124.234
1460,734,737.921,741.75,150,244,389,1128.617
1461,744,735.461,744,145,244,389,1125.809
1462,734,737.23,741,144,245,389,1126.404
1463,733,738.115,738,150,244,394,1129.702
1464,739,735.558,739,150,244,394,1128.851
1465,744,737.279,739,139,245,384,1125.926
1466,728,735.139,739,150,245,395,1123.963
1467,738.5,740.07,744.5,144.5,244.5,383.5,1128.731
1468,756.5,736.535,750,133,244,377,1122.366
1469,799.5,737.767,739,175,250,419.5,1086.433
1470,724.75,735.384,738.5,217,245,462,1143.216
1471,809.875,737.192,738,180.5,250,425.5,1200
1472,895,735.596,741,144,245,389,1284
1473,817,737.298,744,183,255,477,1247.5
1474,739,740.649,741,166.5,250,472,1211
1475,816,742.324,738,150,244,394,1210
1476,819,740.662,745,122,245,369,1139
1477,762,750.831,744,136,250,382,1119.5
1478,753.5,761,756,150,245,395,1129.25
1479,745,750,744,155,245,394,1139
1480,744,747.5,745,150,245,395,1139
1481,750,740.25,750,145,250,395,1145
1482,734,739.625,747,144,245,389,1139
1483,733,736.312,744,150,250,400,1133.5
1484,739,732.156,738.5,144,245,389,1127.75
1485,736,730.078,733.25,150,250,400,1127.875
1486,733,731.539,733.125,145,250,395,1127.938
1487,734,735.27,733.562,144,250,394,1127.969
1488,738.5,731.635,730.281,144.5,245,389.5,1122.234
1489,733.5,732.317,732.141,139,244,383,1119.617
1490,741.75,738.659,738.07,150,245,395,1129.309
1491,750,735.829,744,145,244,389,1139
1492,739,737.415,739,139,250,389,1133.5
1493,728,743.707,739,150,250,400,1138.75
1494,750,738.354,744,150,244,394,1144
1495,719.5,736.177,739,219.5,250,463.5,1183
1496,740,737.088,741.5,243,244,490,1222
1497,760.5,738.044,744,254.75,250,500.75,1277
1498,739,736.022,741.5,199.875,245,447.875,1250.5
1499,855.5,731.511,739,145,250,395,1250.5
1500,728,729.756,731,144,250,394,1183.75
1501,761.5,725.878,729,211,245,456,1183.375
1502,795,724.439,723,138,250,388,1183
1503,706,717.719,722.5,145,244,389,1147
1504,692,714.36,714.25,208.5,255,455.5,1173.5
1505,723.5,715.68,712.625,221.25,250,466.75,1200
1506,755,715.84,717.312,230.125,244,478,1233
1507,780.5,713.42,711.656,187.062,250,433.5,1200
1508,806,712.21,711.328,144,245,389,1195
1509,758.5,712.105,711.164,138,245,383,1144.5
1510,729.25,711.552,711.082,139,244,383,1119.25
1511,722.625,711.276,711.041,150,244,394,1112.125
1512,712.562,708.138,711.021,145,244,389,1106.062
1513,713.531,709.569,708.51,147.5,250,397.5,1104.781
1514,715.266,713.285,712.755,144,245,389,1105.391
1515,690.633,720.642,719.878,144,245,389,1110.695
1516,692.816,724.321,729.439,206,244,450,1149.848
1517,757.408,728.661,739,178,255,422,1189
1518,822,733.83,742,150,244,394,1216
1519,739,738.915,745,150,250,400,1139
1520,739,736.458,739,155,245,400,1139
1521,750,743.229,739,139,250,389,1139
1522,778,743.614,744,206,244,450,1169.5
1523,806,738.307,750,144,250,394,1200
1524,733,738.654,742,144,250,394,1164
1525,739,741.827,746,144,245,389,1151.5
1526,794,740.413,750,144.5,250,389,1139
1527,727.5,739.707,744.5,145,244,389,1133.5
1528,708.25,736.353,739,206,244,467,1169.75
1529,784.625,737.677,739,175.5,250,431,1206
1530,861,740.838,739,145,250,395,1256
1531,745,742.919,744,144,250,394,1139
1532,744,743.46,745,145,250,395,1139
1533,744.5,744.23,739,144.5,245,389.5,1136.25
1534,744.5,744.115,744,145,244,389,1134.625
1535,739,744.057,744,150,244,394,1139.312
1536,746.5,741.529,750,147.5,250,397.5,1144
1537,742.5,743.264,739,144,250,394,1141.5
1538,817,741.132,745,150,250,397,1139
1539,781,737.066,742,156,244,400,1139
1540,745,738.033,739,144,250,394,1139
1541,761,741.017,739,122,250,372,1127.5
1542,747,740.008,744,144,250,394,1130.25
1543,733,737.004,739,150,250,400,1132.125
1544,734,740.502,738.5,150,250,400,1135.062
1545,744,745.251,738,150,244,394,1138
1546,750,739.126,750,150,244,394,1144
1547,733,742.063,739,150,250,400,1141.5
1548,745,737.531,739,150,244,394,1139
1549,733,738.266,741.5,150,245,395,1139
1550,739,735.633,744,150,250,400,1139
1551,741.5,745.816,747,194,250,444,1166.5
1552,744,744.908,750,206,244,450,1194
1553,778,744.954,750,172,250,422,1200
1554,767,749.977,750,150,255,405,1172
1555,772.25,755.489,750,183,250,433,1155
1556,777.5,761,761,166.5,250,416.5,1194
1557,773,773,773,166.5,250,416.5,1189.5
1558,755,761.5,755,166.5,250,416.5,1171.5
1559,750,758.75,750,166.5,250,416.5,1166.5
1560,761.5,751.375,750,161,244,405,1166.5
1561,755,748.188,745,150,245,395,1150
1562,745,743.594,744,150,244,394,1139
1563,739,740.797,739,150,244,394,1138.5
1564,744.5,737.398,744,161,250,411,1138
1565,750,732.699,739,145,244,389,1139
1566,728,732.85,736,145,250,395,1133.5
1567,728,730.425,734.5,150,250,400,1133.25
1568,750.5,734.712,731.25,169.5,255,478,1169.625
1569,773,733.856,737.625,189,244,433,1206
1570,756,736.428,744,206,255,461,1177
1571,739,734.714,739,206,255,461,1200
1572,789,733.857,733.5,150,250,400,1189
1573,733,733.929,736.25,150,245,395,1161.5
1574,734,738.964,739,150,250,400,1152.75
1575,744,741.982,744,150,250,400,1144
1576,745,742.991,745,150,250,400,1145
1577,767.25,743.996,744,172.25,250,416.25,1144
1578,789.5,743.998,753,194.5,253,432.5,1222
1579,744,741.499,762,194.5,256,450.5,1194.5
1580,739,742.749,759,194.5,244,438.5,1177.5
1581,799.5,740.875,756,139,256,395,1194.5
1582,728,745.437,750.5,150,250,400,1169.75
1583,745,739.719,745,155,245,400,1145
1584,769.5,738.859,744,206,255,461,1144
1585,794,738.93,741.5,150,250,400,1194
1586,739,738.965,739,150,250,400,1139
1587,768,738.982,744.5,179,245,432,1200
1588,797,735.991,750,208,256,464,1261
1589,733,734.996,739,208,250,458,1191
1590,858,736.998,744.5,182,244,434.5,1186
1591,816.5,737.999,750,156,255,411,1168
1592,775,737.999,739,120,255,375,1150
1593,738,733,739,120,252.5,387.5,1124
1594,672,730.5,739,150,250,400,1126
1595,758,726.25,730.5,150,250,400,1185
1596,844,721.625,726.25,150,250,400,1244
1597,780.5,719.312,716.125,211,255,466,1208
1598,781.75,717.656,719.062,211,244,455,1172
1599,783,722.828,723.531,144,250,394,1177
1600,728,730.914,731.266,144,250,394,1155
1601,736.5,720.957,739,178,250,428,1144
1602,745,721.479,733.5,144,244,388,1130
1603,783,721.739,725.25,147,250,391.5,1090
1604,755.5,724.87,729.125,150,245,395,1109
1605,728,726.435,725.562,150,250,400,1115.5
1606,728,729.717,729.781,150,244,394,1121.75
1607,739,734.359,736.891,161,245,406,1135.875
1608,750,747.679,744,150,250,400,1150
1609,767,761,767,144,256,400,1167
1610,761,773,767,156,250,406,1167
1611,783,772,777,145,255,400,1183
1612,789,794,795,150,256,406,1195
1613,795,800,800,155,256,411,1206
1614,800,795,789,150,250,400,1200
1615,800,794,800,144,256,400,1200
1616,794,795,794,145,255,400,1194
1617,789,800,800,156,255,411,1200
1618,778,783,783,161,255,416,1194
1619,789,778,778,150,255,405,1194
1620,777,777,778,150,256,406,1183
1621,778,767,767,139,256,395,1173
1622,789,767,761,184,250,434,1156
1623,800,761,766,145,255,400,1200
1624,814,767,762,212,250,462,1162
1625,828,772,777,156,255,411,1239
1626,795,783,778,144,250,394,1189
1627,807.5,789,789,206,250,456,1183
1628,820,789,794,175,255,430,1250
1629,880,778,784,159.5,261,412,1214
1630,734,805,794,144,250,394,1204
1631,830.5,795,800,108.5,255,400,1194
1632,752.5,794,795,150,256,406,1158.5
1633,870,795,794,112.5,255,368.5,1200
1634,788,788,789,131.25,256,386.75,1157
1635,788.5,784,783,150,255,405,1161.5
1636,789,778,761,139,258,377,1166
1637,771.5,777,800,144.5,261,405.5,1177
1638,778.5,784,773,150,250,400,1178.5
1639,794,783,789,139,256,395,1189
1640,741.5,778,777,211,255,466,1172
1641,801.25,783,778,219,250,477.5,1244
1642,861,783,795,242.5,262,499.25,1350
1643,745,784,777,193.75,255,449.625,1266
1644,899,778,778,145,255,400,1299
1645,756,783,783,172,255,427,1183
1646,785.5,772,773,158.5,256,414.5,1200
1647,778,778,777,158.5,255,413.5,1191.5
1648,833.5,772,773,162.25,256,417.75,1186.5
1649,889,772,772,166,256,422,1311
1650,772,766.5,755,150,255,405,1177
1651,739,761,762,172,256,428,1167
1652,778,755.5,744,138,256,394,1172
1653,778,750.25,750,211,256,467,1144
1654,778,744.625,744,178,255,433,1211
1655,828,1480.312,739,197,255,449.5,1172
1656,778,1107.156,742,216,250,466,1191.5
1657,728,920.078,745,241.5,261,594.5,1211
1658,741.75,826.539,928,243,253,542,1411
1659,755.5,782.77,836,171.5,245,446,1245
1660,883.5,763.885,744,110.75,250,375.5,1233.5
1661,795,723.442,750,194.375,255,453,1109.5
1662,849,743.721,565.25,166.688,252.5,230.5,1010.25
1663,903,764,855.125,139,251.25,309.75,1081.625
1664,764,764,797.062,139,250,389,1153
1665,733,751.5,739,134,261,395,1140.5
1666,741.5,739.25,736,173,255,428,1150.75
1667,750,733.625,729.5,150,261,411,1161
1668,734,733.312,731.25,144,256,400,1147
1669,739.5,728.156,726.625,172,256,428,1148.5
1670,745,725.078,724.312,150,255,405,1150
1671,736.5,726.539,726.156,145,255,400,1139
1672,728,729.77,730.078,145,255,400,1136.5
1673,772,736.885,737.039,147.5,256,478,1179.25
1674,816,737.942,744,150,256,406,1222
1675,750,743.971,739,139,256,395,1145
1676,745,746.986,750,144,256,400,1145
1677,750,753.993,755,144,261,405,1155
1678,750,761,756,155,256,411,1161
1679,778,767,767,144,256,400,1178
1680,766,761,766,139,261,400,1166
1681,844,767,767,139,261,397,1167
1682,922,789,783,139,255,394,1316
1683,750,761,761,150,255,405,1155
1684,778,772,773,144,256,400,1178
1685,766,761,755,139,250,389,1155
1686,811,761,767,126.5,256,379.5,1156
1687,736,761,761,114,256,370,1149
1688,742,773,772,145,255,400,1142
1689,756,761,761,150,255,405,1161
1690,766,766,767,150,256,406,1172
1691,739,766.5,750,161,256,417,1156
1692,778,767,767,150,256,406,1184
1693,761,761,761,150,256,406,1167
1694,800,755.5,755,147.5,255,403,1161
1695,839,758.25,750,145,255,400,1239
1696,844.5,761,761,145,255,400,1161
1697,850,758,750,145,255,400,1250
1698,750,751.5,756,150,256,406,1156
1699,750,750.75,744,145,255,400,1150
1700,750,755.875,750,145,255,400,1150
1701,745,761,762,161,256,417,1162
1702,769,761,761,153,256,409,1178
1703,770,761,766,144,261,405,1175
1704,733,767,761,178,255,433,1166
1705,756,761,767,183,261,444,1200
1706,805,761,756,139,256,395,1200
1707,750,761,761,150,256,406,1156
1708,767,767,766,150,255,405,1172
1709,831,761,762,150,256,405,1167
1710,895,767,766,150,255,405,1300
1711,772,766,772,144,261,405,1177
1712,772,778,773,150,256,406,1178
1713,772,778,777,156,255,411,1183
1714,789,789,789,156,255,411,1200
1715,789,800,800,167,255,422,1211
1716,817,805,806,155,256,411,1228
1717,811,806,805,150,255,405,1216
1718,800,800,800,150,255,405,1205
1719,811,805,812,144,262,406,1217
1720,817,817,811,144,256,400,1217
1721,800,806,805,150,255,405,1205
1722,794,816,817,172,256,428,1222
1723,828,806,805,150,255,405,1233
1724,800,811,812,161,256,417,1217
1725,805,794,794,150,256,406,1211
1726,784,784,783,150,255,405,1189
1727,778,783,778,155,250,405,1183
1728,780.5,783,900,202.5,250,452.5,1305
1729,783,789,850,151.25,250,403.75,1283
1730,945,795,800,163.125,255,416.875,1300
1731,904.5,800,800,175,255,430,1155
1732,864,789,795,179,261,434.5,1225
1733,787.5,794,789,183,256,439,1150
1734,796.5,778,772,199.75,250,458.25,1211
1735,805.5,772,783,216.5,261,477.5,1283
1736,805.5,778,772,189,255,444,1249.5
1737,800,767,767,156,255,411,1211
1738,772,766,767,150,256,406,1178
1739,761,767,772,156,261,417,1178
1740,783,770,750,188,256,444,1167
1741,805,773,767,156,250,406,1211
1742,745,761,761,172,250,422,1167
1743,788,761,766,145,255,400,1188
1744,827.5,761.5,756,167,256,458,1156
1745,841.5,762,833,189,191.5,339.75,1161.5
1746,855.5,761,844,200,209.25,388.875,1119
1747,859.5,759.5,855,211,117.625,438,1057
1748,863.5,569.5,663.5,318.75,118.062,491.5,830.25
1749,728.125,474.5,573.25,266,170.031,463.375,929.125
1750,812.188,626.25,697.625,213.25,218.016,435.25,1093.188
1751,896.25,778,822,228.625,266,548.125,1257.25
1752,878.625,764,895,180.812,255.5,463.062,1256
1753,861,762.5,841.5,133,245,378,1239
1754,843.25,761,788,167.75,272,420.75,1166
1755,825.5,758,745,202.5,261,463.5,1289
1756,755,754,744,202.5,250,452.5,1207.5
1757,750,755,756,202.5,256,458.5,1208.5
1758,808.5,758,750,150,250,400,1208.5
1759,767,761,767,144,256,400,1167
1760,733,761,761,172,256,428,1161
1761,794,772,772,150,256,406,1200
1762,778,778,772,150,250,400,1178
1763,778,778,789,150,261,411,1189
1764,794,789,789,145,261,406,1200
1765,784,789,783,150,255,405,1189
1766,789,794,795,155,256,411,1200
1767,800,795,794,150,255,405,1205
1768,794,800,800,156,255,411,1205
1769,794,794,800,156,261,417,1211
1770,806,806,800,156,255,411,1217
1771,783,805,806,178,256,434,1217
1772,828,800,805,150,261,411,1239
1773,800,806,800,156,255,411,1211
1774,811,811,817,156,261,417,1228
1775,800,816,811,172,256,428,1228
1776,817,817,817,172,256,428,1245
1777,822,822,822,172,256,428,1250
1778,894.5,811,817,158,262,414,1245
1779,967,828,822,144,256,400,1367
1780,811,822,822,155,256,411,1222
1781,817,817,817,155,256,411,1228
1782,811,828,833,172,261,433,1244
1783,844,828,828,156,261,417,1261
1784,833,827,828,150,262,412,1245
1785,823,834,833,161,261,422,1245
1786,839,828,828,150,261,411,1250
1787,822,822,816,150,255,405,1227
1788,828,828,834,150,261,411,1239
1789,827,827,822,150,256,406,1233
1790,817,823,828,156,261,417,1234
1791,811,833,833,178,261,439,1250
1792,828,817,817,167,261,428,1256
1793,844,833,827,156,255,411,1255
1794,823,817,823,150,261,411,1234
1795,800,827,822,177,256,433,1233
1796,838,828,833,167,261,428,1266
1797,839,822,822,150,261,411,1250
1798,800,828,828,178,261,439,1239
1799,839,833,834,172,262,434,1273
1800,834,828,822,166,256,422,1256
1801,844,828,833,150,261,411,1255
1802,811,828,828,167,261,428,1239
1803,828,828,822,167,255,422,1250
1804,833,827,833,161,261,422,1255
1805,834,839,839,166,261,427,1261
1806,827,839,834,178,256,434,1261
1807,845,822,827,155,261,416,1261
1808,850,839,834,144,256,400,1250
1809,811,817,816,150,255,405,1216
1810,805,822,828,167,261,428,1233
1811,850,833,834,150,262,412,1262
1812,823,823,822,150,261,411,1234
1813,811,827,828,166,262,428,1239
1814,839,839,833,166,256,422,1261
1815,822,828,833,172,261,433,1255
1816,833,833,834,172,262,434,1267
1817,834,828,822,166,256,422,1256
1818,827,828,833,167,261,428,1255
1819,850,828,828,145,261,406,1256
1820,811,833,828,167,256,423,1234
1821,845,845,844,167,255,422,1267
1822,805,816,822,178,261,439,1244
1823,834,828,828,172,261,433,1267
1824,833,817,817,156,261,417,1250
1825,800,811,811,167,261,428,1228
1826,822,811,811,156,261,417,1239
1827,811,828,828,173,261,434,1245
1828,828,822,822,167,261,428,1256
1829,811,822,822,178,261,439,1250
1830,828,828,828,178,261,439,1267
1831,833,833,833,178,261,439,1272
1832,839,834,828,173,255,428,1267
1833,834,833,839,172,261,433,1267
1834,844,850,850,178,261,439,1283
1835,856,844,844,166,261,427,1283
1836,844,861,862,183,262,445,1289
1837,850,845,844,178,261,439,1289
1838,856,855,856,177,262,439,1295
1839,850,850,850,177,262,439,1289
1840,855,850,844,172,256,428,1283
1841,839,845,844,178,255,433,1272
1842,856,855,862,177,262,439,1295
1843,855,862,861,184,261,445,1300
1844,861,855,855,178,261,439,1300
1845,867,861,861,172,261,433,1300
1846,889,884,884,167,261,428,1317
1847,867,866,872,166,267,433,1300
1848,866,867,861,167,261,428,1294
1849,850,861,861,178,261,439,1289
1850,861,861,861,178,261,439,1300
1851,861,861,861,178,261,439,1300
1852,862,850,850,166,261,427,1289
1853,861,856,856,161,261,422,1283
1854,861,855,855,155,261,416,1277
1855,850,856,856,161,261,422,1272
1856,861,844,850,144,267,411,1272
1857,828,850,844,166,261,427,1255
1858,855,850,850,161,261,422,1277
1859,839,850,850,172,261,433,1272
1860,850,850,850,172,261,433,1283
1861,839,828,834,161,267,428,1267
1862,867,850,844,144,261,405,1272
1863,833,839,839,150,261,411,1244
1864,822,828,828,156,261,417,1239
1865,806,822,822,172,261,433,1239
1866,850,839,839,161,261,422,1272
1867,844,833,839,150,267,417,1261
1868,839,834,833,145,266,411,1250
1869,828,833,834,150,267,417,1245
1870,839,844,844,155,267,422,1261
1871,850,839,839,144,267,411,1261
1872,833,834,833,145,266,411,1244
1873,822,822,817,145,261,406,1228
1874,800,828,833,173,266,439,1239
1875,861,838,834,150,262,412,1273
1876,834,834,833,150,261,411,1245
1877,833,828,833,145,266,411,1244
1878,845,850,850,150,266,416,1261
1879,850,850,845,150,261,411,1261
1880,838,833,839,145,267,412,1250
1881,823,828,827,150,266,416,1239
1882,839,833,834,144,267,411,1250
1883,822,828,827,150,266,416,1238
1884,828,828,828,150,266,416,1244
1885,822,816,817,144,267,411,1233
1886,822,822,817,144,262,406,1228
1887,822,828,833,150,267,417,1239
1888,828,822,822,144,267,411,1239
1889,833,834,833,145,266,411,1244
1890,850,850,850,145,266,411,1261
1891,850,855,856,150,267,417,1267
1892,845,850,844,155,261,416,1261
1893,855,861,867,161,267,428,1283
1894,889,873,872,145,266,411,1300
1895,850,855,856,150,267,417,1267
1896,856,856,855,150,266,416,1272
1897,866,866,867,150,267,417,1283
1898,845,845,845,150,267,417,1262
1899,850,850,850,150,267,417,1267
1900,850,850,850,150,267,417,1267
1901,850,844,844,144,267,411,1261
1902,839,845,844,150,266,416,1255
1903,844,855,856,161,267,428,1272
1904,845,850,844,166,261,427,1272
1905,855,839,845,150,267,417,1272
1906,856,850,850,144,267,411,1267
1907,839,845,844,150,266,416,1255
1908,844,839,839,145,266,411,1255
1909,850,855,856,150,267,417,1267
1910,828,850,844,172,261,433,1261
1911,867,839,845,144,267,411,1278
1912,850,861,861,155,267,422,1272
1913,872,867,866,150,266,416,1288
1914,855,855,856,150,267,417,1272
1915,873,873,872,150,266,416,1289
1916,861,861,861,150,266,416,1277
1917,855,855,856,150,267,417,1272
1918,856,856,855,150,266,416,1272
1919,861,861,862,150,267,417,1278
1920,855,855,855,150,267,417,1272
1921,862,862,861,150,266,416,1278
1922,866,866,867,150,267,417,1283
1923,850,856,855,156,266,422,1272
1924,850,866,867,172,267,439,1289
1925,889,867,867,150,267,417,1306
1926,856,856,855,150,266,416,1272
1927,827,855,856,178,267,445,1272
1928,884,867,867,161,267,428,1312
1929,866,855,855,150,267,417,1283
1930,856,850,850,144,267,411,1267
1931,861,867,867,150,267,417,1278
1932,839,856,855,167,266,433,1272
1933,872,850,850,145,266,411,1283
1934,845,872,878,172,272,444,1289
1935,889,867,861,150,266,416,1305
1936,855,855,856,150,267,417,1272
1937,861,867,866,156,266,422,1283
1938,850,866,867,172,267,439,1289
1939,878,856,856,150,267,417,1295
1940,850,872,872,172,267,439,1289
1941,889,867,867,150,267,417,1306
1942,839,855,855,166,267,433,1272
1943,883,862,856,145,261,406,1289
1944,850,866,872,161,267,428,1278
1945,867,856,855,150,266,416,1283
1946,855,855,856,150,267,417,1272
1947,878,873,872,145,266,411,1289
1948,856,866,867,155,267,422,1278
1949,861,850,855,144,272,416,1277
1950,855,878,873,167,267,434,1289
1951,889,872,872,150,267,417,1306
1952,856,867,867,161,267,428,1284
1953,878,878,883,161,272,433,1311
1954,894,883,878,150,267,417,1311
1955,878,878,877,150,266,416,1294
1956,878,878,878,150,266,416,1294
1957,883,883,884,150,267,417,1300
1958,861,867,866,156,266,422,1283
1959,872,872,872,156,266,422,1294
1960,872,883,884,167,267,434,1306
1961,884,872,872,155,267,422,1306
1962,872,867,872,150,272,422,1294
1963,867,867,861,150,266,416,1283
1964,872,877,878,155,267,422,1294
1965,883,873,878,145,272,417,1300
1966,872,877,872,150,267,417,1289
1967,862,856,861,144,272,416,1278
1968,872,878,872,150,266,416,1288
1969,872,872,867,150,261,411,1283
1970,850,850,856,150,267,417,1267
1971,872,872,872,150,267,417,1289
1972,872,872,872,150,267,417,1289
1973,850,878,878,178,267,445,1295
1974,900,867,867,145,267,412,1312
1975,878,878,877,145,266,411,1289
1976,878,875.5,874.5,150,267,417,1289
1977,878,873,872,145,266,411,1289
1978,878,877,884,144,273,417,1295
1979,872,889,883,161,267,428,1300
1980,867,884,883,178,266,444,1311
1981,872,872,878,178,272,450,1322
1982,883,883,878,178,267,445,1328
1983,889,889,889,178,267,445,1334
1984,889,889,889,178,267,445,1334
1985,906,878,877,150,266,416,1322
1986,861,889,889,178,266,444,1305
1987,883,877,878,172,267,439,1322
1988,878,878,883,172,272,444,1322
1989,878,883,878,177,267,444,1322
1990,905,878,883,150,272,422,1327
1991,845,867,867,172,272,444,1289
1992,877,855,856,150,273,423,1300
1993,845,873,866,178,266,444,1289
1994,889,861,861,150,266,416,1305
1995,855,855,862,150,273,423,1278
1996,873,867,861,144,267,411,1284
1997,883,889,889,150,267,417,1300
1998,855,878,877,173,266,439,1294
1999,889,889,895,173,272,445,1334
2000,895,894,889,172,267,439,1334
2001,905,883,883,150,267,417,1322
2002,900,900,906,150,273,423,1323
2003,895,911,905,166,267,433,1328
2004,900,889,895,155,273,428,1328
2005,900,889,888,144,272,416,1316
2006,889,889,889,144,272,416,1305
2007,883,889,889,150,272,422,1305
2008,883,883,878,150,267,417,1300
2009,878,878,878,150,267,417,1295
2010,883,883,889,150,273,423,1306
2011,867,873,872,156,272,428,1295
2012,878,872,872,150,272,422,1300
2013,894,889,889,145,272,417,1311
2014,873,883,878,155,267,422,1295
2015,872,867,866,150,266,416,1288
2016,905,905,912,150,273,423,1328
2017,895,895,894,150,272,422,1317
2018,878,878,878,150,272,422,1300
2019,888,894,889,156,267,423,1311
2020,900,894,900,150,273,423,1323
2021,884,889,883,155,267,422,1306
2022,916,906,906,145,267,412,1328
2023,895,900,900,150,267,417,1312
2024,878,878,877,150,266,416,1294
2025,883,877,884,144,273,417,1300
2026,889,895,894,150,272,422,1311
2027,883,883,883,150,272,422,1305
2028,878,884,878,156,266,422,1300
2029,906,900,900,150,266,416,1322
2030,888,888,889,150,267,417,1305
2031,873,878,878,155,267,422,1295
2032,883,872,872,144,267,411,1294
2033,878,884,889,150,272,422,1300
2034,878,878,872,150,266,416,1294
2035,877,877,884,150,273,423,1300
2036,911,911,905,150,267,417,1328
2037,895,912,911,167,266,433,1328
2038,894,905,906,178,267,445,1339
2039,956,928,933,150,272,422,1378
2040,917,928,922,161,266,427,1344
2041,911,900,900,150,266,416,1327
2042,894,905,906,161,267,428,1322
2043,906,895,894,150,266,416,1322
2044,889,889,889,150,266,416,1305
2045,872,872,878,150,272,422,1294
2046,883,900,900,167,272,439,1322
2047,933,928,922,162,266,428,1361
2048,928,922,922,156,266,422,1350
2049,922,911,917,145,272,417,1339
2050,934,939,939,150,272,422,1356
2051,905,933,928,178,267,445,1350
2052,917,911,911,172,267,439,1356
2053,917,922,922,177,267,444,1361
2054,927,923,922,173,266,439,1366
2055,912,911,911,172,266,438,1350
2056,916,916,923,172,273,445,1361
2057,928,928,922,172,267,439,1367
2058,922,928,928,178,267,445,1367
2059,911,906,905,173,266,439,1350
2060,911,911,911,173,266,439,1350
2061,917,916,917,172,267,439,1356
2062,917,917,917,172,267,439,1356
2063,905,906,911,173,272,445,1350
2064,917,922,916,178,266,444,1361
2065,922,922,923,178,267,445,1367
2066,928,922,922,172,267,439,1367
2067,906,911,911,177,267,444,1350
2068,922,917,922,172,272,444,1366
2069,916,922,917,178,267,445,1361
2070,923,922,928,177,273,450,1373
2071,927,928,927,178,272,450,1377
2072,923,928,917,183,261,444,1367
2073,922,917,922,178,266,444,1366
2074,917,922,923,183,267,450,1367
2075,933,928,927,178,266,444,1377
2076,933,922,928,167,272,439,1372
2077,900,911,906,178,267,445,1345
2078,906,906,905,178,266,444,1350
2079,911,905,906,172,267,439,1350
2080,905,911,911,178,267,445,1350
2081,900,895,894,173,266,439,1339
2082,900,905,906,178,267,445,1345
2083,912,906,911,172,272,444,1356
2084,905,911,906,178,267,445,1350
2085,917,911,911,172,267,439,1356
2086,916,922,922,178,267,445,1361
2087,923,911,917,166,273,439,1362
2088,911,923,916,178,266,444,1355
2089,933,933,934,178,267,445,1378
2090,928,928,927,178,266,444,1372
2091,939,916,923,155,273,428,1367
2092,928,923,922,150,272,422,1350
2093,900,933,928,183,267,450,1350
2094,927,922,922,178,267,445,1372
2095,923,917,922,172,272,444,1367
2096,927,928,928,173,272,445,1372
2097,928,927,922,172,267,439,1367
2098,917,917,922,172,272,444,1361
2099,922,928,922,178,266,444,1366
2100,944,944,945,178,267,445,1389
2101,934,934,933,178,266,444,1378
2102,955,933,934,156,267,423,1378
2103,1074.5,1072,1078,133,261,394,1497
2104,990.25,1000,1003,150,272,422,1423.5
2105,906,928,928,172,272,444,1350
2106,905,905,900,172,267,439,1344
2107,911,889,889,150,267,417,1328
2108,895,895,894,150,266,416,1311
2109,872,889,889,167,266,433,1305
2110,933,916,917,150,267,417,1350
2111,911,906,911,145,272,417,1328
2112,906,916,911,155,267,422,1328
2113,905,923,928,173,272,445,1350
2114,939,916,911,150,267,417,1356
2115,917,911,917,144,273,417,1334
2116,917,923,916,150,266,416,1333
2117,905,927,934,172,273,445,1350
2118,945,950,944,177,267,444,1389
2119,955,950,950,172,267,439,1394
2120,950,928,933,150,272,422,1372
2121,917,922,923,155,273,428,1345
2122,922,923,916,156,266,422,1344
2123,928,922,923,150,267,417,1345
2124,911,911,916,150,272,422,1333
2125,917,917,911,150,266,416,1333
2126,894,900,900,156,266,422,1316
2127,889,883,884,150,267,417,1306
2128,883,883,883,150,267,417,1300
2129,895,906,906,161,267,428,1323
2130,922,911,916,150,272,422,1344
2131,894,917,911,173,266,439,1333
2132,956,933,934,150,267,417,1373
2133,922,917,916,145,266,411,1333
2134,900,905,906,150,267,417,1317
2135,911,917,917,156,267,423,1334
2136,928,928,927,156,266,422,1350
2137,922,922,928,156,272,428,1350
2138,911,922,917,167,267,434,1345
2139,923,928,928,172,267,439,1362
2140,933,928,927,167,266,433,1366
2141,933,916,917,150,267,417,1350
2142,900,923,928,173,272,445,1345
2143,956,933,928,150,267,417,1373
2144,917,917,916,150,266,416,1333
2145,905,922,928,167,272,439,1344
2146,911,911,911,167,272,439,1350
2147,917,917,917,167,272,439,1356
2148,933,916,911,150,267,417,1350
2149,895,928,928,183,267,450,1345
2150,916,911,911,178,267,445,1361
2151,917,911,911,172,267,439,1356
2152,906,917,917,183,267,450,1356
2153,927,917,922,173,272,445,1372
2154,917,922,916,178,266,444,1361
2155,922,916,923,172,273,445,1367
2156,945,945,944,172,272,444,1389
2157,927,939,933,184,266,450,1377
2158,923,916,917,177,267,444,1367
2159,933,923,928,167,272,439,1372
2160,922,933,928,178,267,445,1367
2161,922,917,916,173,266,439,1361
2162,923,922,923,172,267,439,1362
2163,933,922,922,161,267,428,1361
2164,906,917,916,172,266,438,1344
2165,922,928,928,178,266,444,1366
2166,928,922,928,172,272,444,1372
2167,927,939,933,184,266,450,1377
2168,934,916,917,166,267,433,1367
2169,916,928,928,178,267,445,1361
2170,934,922,928,166,273,439,1373
2171,922,923,916,167,266,433,1355
2172,911,916,922,172,272,444,1355
2173,917,917,917,172,272,444,1361
2174,911,922,917,183,267,450,1361
2175,928,922,922,177,267,444,1372
2176,938,939,939,178,267,445,1383
2177,928,928,928,178,267,445,1373
2178,922,922,922,178,267,445,1367
2179,939,934,933,173,266,439,1378
2180,923,927,928,177,267,444,1367
2181,922,923,922,178,266,444,1366
2182,922,927,928,183,267,450,1372
2183,922,923,917,184,261,445,1367
2184,917,911,922,178,272,450,1367
2185,933,933,928,178,267,445,1378
2186,934,939,939,183,267,450,1384
2187,927,922,922,178,267,445,1372
2188,917,917,916,178,266,444,1361
2189,933,928,928,173,266,439,1372
2190,917,927,928,183,267,450,1367
2191,939,928,933,172,272,444,1383
2192,933,939,934,178,267,445,1378
2193,917,922,922,183,267,450,1367
2194,922,922,922,183,267,450,1372
2195,950,945,945,178,267,445,1395
2196,983,939,938,134,266,400,1383
2197,878,922,923,178,267,445,1323
2198,928,928,927,178,266,444,1372
2199,922,916,912,172,262,434,1356
2200,900,906,911,178,267,445,1345
2201,922,917,916,173,266,439,1361
2202,906,911,911,178,266,444,1350
2203,906,900,900,172,266,438,1344
2204,916,911,912,167,267,434,1350
2205,906,911,916,172,272,444,1350
2206,905,911,900,178,261,439,1344
2207,923,917,928,172,272,444,1367
2208,927,928,928,173,272,445,1372
2209,923,933,928,183,267,450,1373
2210,933,928,927,178,266,444,1377
2211,944,944,950,178,272,450,1394
2212,939,933,928,172,267,439,1378
2213,934,928,933,166,272,438,1372
2214,927,928,923,167,267,434,1361
2215,945,928,927,150,266,416,1361
2216,900,928,928,178,266,444,1344
2217,928,922,922,172,266,438,1366
2218,922,928,928,178,266,444,1366
2219,928,922,922,172,266,438,1366
2220,911,911,912,172,267,439,1350
2221,922,922,922,172,267,439,1361
2222,917,928,928,183,267,450,1367
2223,927,922,922,178,267,445,1372
2224,945,945,944,178,266,444,1389
2225,928,922,922,172,266,438,1366
2226,922,922,923,172,267,439,1361
2227,922,922,922,172,267,439,1361
2228,928,928,928,172,267,439,1367
2229,933,911,916,150,272,422,1355
2230,906,900,895,144,267,411,1317
2231,883,895,889,156,261,417,1300
2232,883,872,877,145,266,411,1294
2233,861,872,867,156,261,417,1278
2234,889,889,895,156,267,423,1312
2235,889,900,900,167,267,434,1323
2236,900,905,905,172,267,439,1339
2237,928,928,928,172,267,439,1367
2238,933,934,928,173,261,434,1367
2239,945,922,927,150,266,416,1361
2240,922,928,928,156,266,422,1344
2241,933,927,928,150,267,417,1350
2242,928,928,928,150,267,417,1345
2243,900,900,900,150,267,417,1317
2244,917,911,905,144,261,405,1322
2245,894,906,911,156,266,422,1316
2246,922,916,917,150,267,417,1339
2247,912,912,911,150,266,416,1328
2248,900,927,928,177,267,444,1344
2249,911,911,911,177,267,444,1355
2250,922,917,917,172,267,439,1361
2251,922,928,928,178,267,445,1367
2252,928,922,922,172,267,439,1367
2253,922,917,916,167,266,433,1355
2254,895,900,900,172,266,438,1333
2255,894,900,900,178,266,444,1338
2256,911,911,912,178,267,445,1356
2257,928,928,927,178,266,444,1372
2258,917,916,917,177,267,444,1361
2259,933,934,933,178,266,444,1377
2260,922,927,928,183,267,450,1372
2261,939,939,939,183,267,450,1389
2262,933,923,928,173,272,445,1378
2263,944.5,922.5,928,178,261,439,1372.5
2264,956,922,928,144,267,411,1367
2265,900,922,922,166,267,433,1333
2266,911,917,911,172,261,433,1344
2267,905,905,906,172,262,434,1339
2268,917,917,922,172,267,439,1356
2269,917,922,922,177,267,444,1361
2270,922,911,906,166,262,428,1350
2271,900,912,916,178,266,444,1344
2272,939,916,917,155,267,422,1361
2273,900,928,922,183,261,444,1344
2274,933,922,928,172,267,439,1372
2275,911,911,911,172,267,439,1350
2276,928,934,933,178,266,444,1372
2277,933,933,934,178,267,445,1378
2278,934,922,922,166,267,433,1367
2279,922,939,939,183,267,450,1372
2280,939,933,933,177,267,444,1383
2281,927,928,928,178,267,445,1372
2282,939,934,933,173,266,439,1378
2283,928,933,934,178,267,445,1373
2284,945,922,922,155,267,422,1367
2285,911,911,911,155,267,422,1333
2286,900,911,911,166,267,433,1333
2287,916,906,906,156,267,423,1339
2288,889,905,900,172,262,434,1323
2289,895,900,905,177,267,444,1339
2290,916,917,917,178,267,445,1361
2291,906,906,905,178,266,444,1350
2292,911,911,911,178,266,444,1355
2293,922,922,923,178,267,445,1367
2294,917,911,911,172,267,439,1356
2295,905,917,916,184,266,450,1355
2296,928,928,928,184,266,450,1378
2297,922,911,911,173,266,439,1361
2298,906,905,906,172,267,439,1345
2299,917,906,900,161,261,422,1339
2300,911,900,905,150,266,416,1327
2301,889,894,895,155,267,422,1311
2302,877,895,894,173,266,439,1316
2303,917,900,895,156,261,417,1334
2304,878,889,894,167,266,433,1311
2305,894,877,878,150,267,417,1311
2306,873,895,894,172,266,438,1311
2307,922,916,917,166,267,433,1355
2308,922,912,911,156,266,422,1344
2309,933,927,928,150,267,417,1350
2310,911,945,944,184,266,450,1361
2311,928,928,928,184,266,450,1378
2312,934,927,928,177,267,444,1378
2313,938,939,933,178,261,439,1377
2314,934,939,945,183,267,450,1384
2315,950,939,939,172,267,439,1389
2316,933,939,939,178,267,445,1378
2317,945,944,944,177,267,444,1389
2318,950,950,944,177,261,438,1388
2319,933,934,939,178,266,444,1377
2320,939,933,934,172,267,439,1378
2321,939,928,927,161,266,427,1366
2322,916,933,934,178,267,445,1361
2323,923,922,922,177,267,444,1367
2324,933,934,939,178,272,450,1383
2325,944,927,922,161,267,428,1372
2326,906,923,922,178,266,444,1350
2327,928,922,923,172,267,439,1367
2328,922,917,911,167,261,428,1350
2329,894,900,905,173,266,439,1333
2330,900,900,900,173,266,439,1339
2331,906,900,900,167,266,433,1339
2332,894,900,900,173,266,439,1333
2333,895,888,889,166,267,433,1328
2334,894,906,906,178,267,445,1339
2335,850,906,905,180.5,266,447.5,1350
2336,956,905,906,183,267,450,1406
2337,928,906,905,161,266,427,1355
2338,900,916,917,177,267,444,1344
2339,916,911,911,172,267,439,1355
2340,911,906,906,167,267,434,1345
2341,900,900,900,167,267,434,1334
2342,917,911,911,161,267,428,1345
2343,900,911,911,172,267,439,1339
2344,906,906,900,172,261,433,1339
2345,894,894,900,172,267,439,1333
2346,906,906,905,172,266,438,1344
2347,911,900,900,161,266,427,1338
2348,872,889,889,178,266,444,1316
2349,889,894,889,183,261,444,1333
2350,905,895,895,173,261,434,1339
2351,884,888,894,177,267,444,1328
2352,900,900,895,177,262,439,1339
2353,911,912,916,178,266,444,1355
2354,939,938,939,177,267,444,1383
2355,911,912,911,178,266,444,1355
2356,816,933,934,178,267,444.5,1378
2357,877.5,922,922,178,267,445,1378
2358,939,939,933,178,261,439,1378
2359,917,917,917,178,261,439,1356
2360,928,933,933,183,261,444,1372
2361,927,917,922,173,266,439,1366
2362,923,922,923,172,267,439,1362
2363,933,928,927,167,266,433,1366
2364,928,933,934,172,267,439,1367
2365,916,922,922,178,267,445,1361
2366,934,917,917,161,267,428,1362
2367,911,933,933,183,267,450,1361
2368,939,939,939,183,267,450,1389
2369,933,933,928,183,262,445,1378
2370,933,928,933,178,267,445,1378
2371,945,945,944,178,266,444,1389
2372,944,950,950,184,266,450,1394
2373,945,939,939,178,266,444,1389
2374,972,944,945,150,267,417,1389
2375,928,956,955,178,266,444,1372
2376,966,955,956,167,267,434,1400
2377,928,939,939,178,267,445,1373
2378,939,933,939,172,273,445,1384
2379,950,950,944,172,267,439,1389
2380,950,950,950,172,267,439,1389
2381,928,934,933,178,266,444,1372
2382,944,944,945,178,267,445,1389
2383,939,939,944,178,272,450,1389
2384,939,939,934,178,267,445,1384
2385,956,939,938,161,266,427,1383
2386,922,939,939,178,266,444,1366
2387,955,933,934,156,267,423,1378
2388,900,922,916,178,261,439,1339
2389,928,922,928,172,267,439,1367
2390,922,928,928,178,267,445,1367
2391,928,928,922,178,261,439,1367
2392,917,911,922,172,272,444,1361
2393,928,922,917,166,267,433,1361
2394,916,923,922,173,266,439,1355
2395,934,933,934,172,267,439,1373
2396,905,911,911,178,267,445,1350
2397,917,917,916,178,266,444,1361
2398,922,927,923,183,262,445,1367
2399,939,923,927,167,266,433,1372
2400,906,911,911,172,266,438,1344
2401,927,928,928,173,266,439,1366
2402,911,916,917,178,267,445,1356
2403,923,922,922,177,267,444,1367
2404,916,917,917,178,267,445,1361
2405,923,922,922,177,267,444,1367
2406,916,917,911,178,261,439,1355
2407,917,917,917,178,261,439,1356
2408,911,911,916,178,266,444,1355
2409,917,922,923,183,267,450,1367
2410,939,911,905,155,261,416,1355
2411,894,906,917,167,272,439,1333
2412,911,922,917,178,267,445,1356
2413,928,922,922,172,267,439,1367
2414,922,928,928,178,267,445,1367
2415,928,917,916,167,266,433,1361
2416,928,938,939,177,267,444,1372
2417,933,934,933,178,266,444,1377
2418,933,928,928,173,266,439,1372
2419,928,927,928,172,267,439,1367
2420,928,934,933,178,266,444,1372
2421,922,922,923,178,267,445,1367
2422,928,922,922,172,267,439,1367
2423,922,928,933,178,272,450,1372
2424,939,939,933,178,266,444,1383
2425,939,944,939,183,261,444,1383
2426,933,928,934,178,267,445,1378
2427,945,939,939,172,267,439,1384
2428,939,944,944,177,267,444,1383
2429,933,939,933,183,261,444,1377
2430,950,934,945,167,272,439,1389
2431,944,955,950,178,267,445,1389
2432,956,950,950,172,267,439,1395
2433,928,933,928,177,262,439,1367
2434,933,939,944,183,267,450,1383
2435,961,950,950,172,267,439,1400
2436,928,934,933,178,266,444,1372
2437,939,939,939,178,266,444,1383
2438,933,933,939,178,272,450,1383
2439,939,933,928,172,267,439,1378
2440,928,928,928,172,267,439,1367
2441,928,928,927,172,266,438,1366
2442,938,939,939,173,266,439,1377
2443,928,933,934,178,267,445,1373
2444,934,933,933,177,267,444,1378
2445,938,939,939,178,267,445,1383
2446,928,934,933,184,266,450,1378
2447,939,927,928,172,267,439,1378
2448,922,923,922,173,266,439,1361
2449,928,927,934,172,273,445,1373
2450,917,923,916,178,266,444,1361
2451,922,916,917,172,267,439,1361
2452,928,911,911,155,267,422,1350
2453,905,923,922,173,266,439,1344
2454,923,916,917,166,267,433,1356
2455,900,906,905,172,266,438,1338
2456,900,905,906,177,267,444,1344
2457,916,917,917,178,267,445,1361
2458,917,911,911,172,267,439,1356
2459,922,906,905,156,266,422,1344
2460,917,933,934,172,267,439,1356
2461,939,922,927,155,272,427,1366
2462,900,900,889,155,261,416,1316
2463,872,878,884,161,267,428,1300
2464,911,900,900,150,267,417,1328
2465,900,928,927,178,266,444,1344
2466,933,933,934,178,267,445,1378
2467,950,933,933,161,267,428,1378
2468,945,945,945,161,267,428,1373
2469,944,939,938,156,266,422,1366
2470,922,916,917,150,267,417,1339
2471,928,928,928,150,267,417,1345
2472,906,928,928,172,267,439,1345
2473,928,911,905,155,261,416,1344
2474,900,900,906,155,267,422,1322
2475,916,917,916,156,266,422,1338
2476,939,950,945,167,261,428,1367
2477,906,894,900,155,267,422,1328
2478,889,884,883,150,266,416,1305
2479,894,894,895,150,267,417,1311
2480,894,894,894,150,267,417,1311
2481,895,917,917,172,267,439,1334
2482,967,950,950,155,267,422,1389
2483,961,961,961,155,267,422,1383
2484,955,950,950,150,267,417,1372
2485,967,967,967,150,267,417,1384
2486,972,972,977,150,272,422,1394
2487,945,950,945,155,267,422,1367
2488,916,939,939,178,267,445,1361
2489,939,939,939,178,267,445,1384
2490,939,933,933,172,267,439,1378
2491,922,922,928,172,273,445,1367
2492,956,939,933,155,267,422,1378
2493,922,917,917,150,267,417,1339
2494,906,917,916,161,266,427,1333
2495,911,900,900,150,266,416,1327
2496,894,900,900,156,266,422,1316
2497,895,889,889,150,266,416,1311
2498,883,883,884,150,267,417,1300
2499,889,894,894,155,267,422,1311
2500,889,911,906,177,262,439,1328
2501,933,923,927,167,266,433,1366
2502,933,916,917,150,267,417,1350
2503,928,923,928,145,272,417,1345
2504,933,944,939,156,267,423,1356
2505,912,922,922,166,267,433,1345
2506,916,906,905,156,266,422,1338
2507,922,916,917,150,267,417,1339
2508,917,917,917,150,267,417,1334
2509,872,889,889,167,267,434,1306
2510,900,889,889,156,267,423,1323
2511,884,883,883,155,267,422,1306
2512,883,884,883,156,266,422,1305
2513,878,872,872,150,266,416,1294
2514,839,866,862,177,262,439,1278
2515,877,850,850,150,262,412,1289
2516,834,834,833,150,261,411,1245
2517,822,822,828,150,267,417,1239
2518,844,844,844,150,267,417,1261
2519,845,856,856,161,267,428,1273
2520,878,867,861,150,261,411,1289
2521,889,889,889,150,261,411,1300
2522,922,922,933,150,272,422,1344
2523,922,933,928,161,267,428,1350
2524,956,945,944,150,266,416,1372
2525,966,972,972,156,266,422,1388
2526,972,972,973,156,267,423,1395
2527,934,944,950,166,273,439,1373
2528,939,950,944,177,267,444,1383
2529,972,939,939,144,267,411,1383
2530,894,928,928,178,267,445,1339
2531,923,922,922,177,267,444,1367
2532,938,934,933,173,266,439,1377
2533,934,936,745,175,266.5,431,1184
2534,955,936,833.5,156,267,423,1378
2535,900,922,922,178,267,445,1345
2536,928,928,928,178,267,445,1373
2537,928,911,905,161,261,422,1350
2538,900,906,911,167,266,433,1333
2539,905,916,917,178,267,445,1350
2540,845,922,922,181,267,445,1367
2541,1005,934,928,184,261,445,1450
2542,939,933,939,178,267,445,1384
2543,961,967,966,184,266,450,1411
2544,967,961,962,178,267,445,1412
2545,956,950,950,172,267,439,1395
2546,944,944,944,172,267,439,1383
2547,956,956,956,172,267,439,1395
2548,944,944,950,172,273,445,1389
2549,939,939,933,172,267,439,1378
2550,939,934,933,167,266,433,1372
2551,933,933,934,167,267,434,1367
2552,945,933,933,155,267,422,1367
2553,916,922,922,161,267,428,1344
2554,917,934,928,178,261,439,1356
2555,928,928,933,178,266,444,1372
2556,939,916,917,155,267,422,1361
2557,894,917,917,178,267,445,1339
2558,928,928,927,178,266,444,1372
2559,917,916,917,177,267,444,1361
2560,927,911,911,161,267,428,1355
2561,806,928,928,169.5,267,436.5,1356
2562,867,928,928,178,267,445,1361.5
2563,928,922,922,172,267,439,1367
2564,917,917,922,172,272,444,1361
2565,933,933,928,172,267,439,1372
2566,933,934,933,173,266,439,1372
2567,917,916,922,172,272,444,1361
2568,922,922,917,172,267,439,1361
2569,928,928,933,172,272,444,1372
2570,928,928,923,172,267,439,1367
2571,916,917,916,173,266,439,1355
2572,945,922,928,150,272,422,1367
2573,900,928,922,178,266,444,1344
2574,933,933,934,178,267,445,1378
2575,928,922,922,172,267,439,1367
2576,928,934,933,178,266,444,1372
2577,933,938,939,183,267,450,1383
2578,939,934,933,178,266,444,1383
2579,939,933,939,172,272,444,1383
2580,939,950,945,183,267,450,1389
2581,950,945,944,178,266,444,1394
2582,933,933,934,178,267,445,1378
2583,933,933,933,178,267,445,1378
2584,939,939,939,178,267,445,1384
2585,939,928,928,167,267,434,1373
2586,917,922,922,172,267,439,1356
2587,933,933,933,172,267,439,1372
2588,934,939,939,177,267,444,1378
2589,944,945,939,178,261,439,1383
2590,933,922,928,167,267,434,1367
2591,934,944,944,177,267,444,1378
2592,939,945,945,183,267,450,1389
2593,938,933,933,178,267,445,1383
2594,934,928,928,172,267,439,1373
2595,928,933,933,177,267,444,1372
2596,927,928,928,178,267,445,1372
2597,923,917,916,172,266,438,1361
2598,938,916,917,150,267,417,1355
2599,912,928,928,166,267,433,1345
2600,916,917,917,167,267,434,1350
2601,906,911,911,172,267,439,1345
2602,911,900,905,161,272,433,1344
2603,911,917,911,167,266,433,1344
2604,917,916,917,166,267,433,1350
2605,927,911,917,150,273,423,1350
2606,906,928,922,172,267,439,1345
2607,956,945,944,161,266,427,1383
2608,927,944,939,178,261,439,1366
2609,928,928,934,178,267,445,1373
2610,950,950,950,178,267,445,1395
2611,928,928,927,178,266,444,1372
2612,928,922,928,172,272,444,1372
2613,939,917,911,150,266,416,1355
2614,905,905,906,150,267,417,1322
2615,895,917,916,172,266,438,1333
2616,911,889,889,150,266,416,1327
2617,905,911,911,156,266,422,1327
2618,922,922,923,156,267,423,1345
2619,923,911,911,144,267,411,1334
2620,889,895,894,150,266,416,1305
2621,916,916,917,150,267,417,1333
2622,922,928,928,156,267,423,1345
2623,917,917,916,156,266,422,1339
2624,906,905,906,155,267,422,1328
2625,922,922,928,155,273,428,1350
2626,933,934,927,156,266,422,1355
2627,911,911,912,156,267,423,1334
2628,928,922,922,150,267,417,1345
2629,900,922,916,172,261,433,1333
2630,922,900,906,150,267,417,1339
2631,906,906,906,150,267,417,1323
2632,900,911,911,161,267,428,1328
2633,928,917,916,150,266,416,1344
2634,900,900,900,150,266,416,1316
2635,877,900,900,173,266,439,1316
2636,923,911,911,161,266,427,1350
2637,911,905,900,155,261,416,1327
2638,894,889,895,150,267,417,1311
2639,878,895,889,167,261,428,1306
2640,917,905,911,155,267,422,1339
2641,911,900,900,144,267,411,1322
2642,883,889,889,150,267,417,1300
2643,895,911,911,166,267,433,1328
2644,933,939,939,172,267,439,1372
2645,933,928,928,167,267,434,1367
2646,922,922,922,167,267,434,1356
2647,939,950,950,178,267,445,1384
2648,934,928,928,172,267,439,1373
2649,911,917,916,178,266,444,1355
2650,911,905,906,172,267,439,1350
2651,917,922,922,177,267,444,1361
2652,916,917,917,178,267,445,1361
2653,917,911,911,172,267,439,1356
2654,905,911,911,178,267,445,1350
2655,923,922,922,177,267,444,1367
2656,911,917,917,183,267,450,1361
2657,916,906,905,173,266,439,1355
2658,923,922,928,172,272,444,1367
2659,927,928,922,173,266,439,1366
2660,917,916,917,172,267,439,1356
2661,911,917,917,178,267,445,1356
2662,945,939,939,172,267,439,1384
2663,922,928,927,178,266,444,1366
2664,922,922,923,178,267,445,1367
2665,917,917,916,178,266,444,1361
2666,922,927,928,183,267,450,1372
2667,933,911,911,161,267,428,1361
2668,906,912,911,167,266,433,1339
2669,911,911,911,167,266,433,1344
2670,911,916,917,172,267,439,1350
2671,900,911,906,183,262,445,1345
2672,911,900,905,172,267,439,1350
2673,900,900,900,172,267,439,1339
2674,906,912,911,178,266,444,1350
2675,916,916,917,178,267,445,1361
2676,912,917,917,183,267,450,1362
2677,922,917,916,178,266,444,1366
2678,922,922,922,178,266,444,1366
2679,928,928,928,178,266,444,1372
2680,922,916,922,172,272,444,1366
2681,928,934,928,178,266,444,1372
2682,928,933,934,183,267,450,1378
2683,927,922,916,178,261,439,1366
2684,928,922,928,172,267,439,1367
2685,928,934,933,178,266,444,1372
2686,922,927,923,183,262,445,1367
2687,928,923,927,178,266,444,1372
2688,933,927,928,172,267,439,1372
2689,956,934,933,150,266,416,1372
2690,894,922,923,178,267,445,1339
2691,939,922,922,161,267,428,1367
2692,911,934,933,184,266,450,1361
2693,934,927,928,177,267,444,1378
2694,927,923,922,173,266,439,1366
2695,928,933,934,178,267,445,1373
2696,928,922,922,172,267,439,1367
2697,911,922,922,183,267,450,1361
2698,933,917,917,167,267,434,1367
2699,917,922,922,172,267,439,1356
2700,933,922,917,161,262,423,1356
2701,900,917,922,178,267,445,1345
2702,917,917,916,178,266,444,1361
2703,917,916,917,177,267,444,1361
2704,916,917,917,178,267,445,1361
2705,911,911,911,178,267,445,1356
2706,923,922,922,177,267,444,1367
2707,939,934,928,172,261,433,1372
2708,905,911,917,178,267,445,1350
2709,956,928,927,150,266,416,1372
2710,889,922,917,183,261,444,1333
2711,916,911,917,178,267,445,1361
2712,906,900,900,172,267,439,1345
2713,928,911,905,155,261,416,1344
2714,877,895,900,173,266,439,1316
2715,906,888,889,155,267,422,1328
2716,878,895,895,172,267,439,1317
2717,955,933,933,150,267,417,1372
2718,934,939,933,155,261,416,1350
2719,927,922,928,150,267,417,1344
2720,928,934,933,156,266,422,1350
2721,939,944,939,161,261,422,1361
2722,933,933,939,161,267,428,1361
2723,928,917,917,150,267,417,1345
2724,906,911,911,155,267,422,1328
2725,916,911,911,150,267,417,1333
2726,889,889,889,150,267,417,1306
2727,878,878,878,150,267,417,1295
2728,894,900,900,156,267,423,1317
2729,900,894,894,150,267,417,1317
2730,884,884,883,150,266,416,1300
2731,883,883,884,150,267,417,1300
2732,900,911,911,161,267,428,1328
2733,911,906,905,156,266,422,1333
2734,900,900,900,156,266,422,1322
2735,889,900,900,167,266,433,1322
2736,922,911,912,156,267,423,1345
2737,895,894,894,155,267,422,1317
2738,861,884,883,178,266,444,1305
2739,928,911,911,161,266,427,1355
2740,905,911,912,167,267,434,1339
2741,911,900,894,156,261,417,1328
2742,867,883,889,172,267,439,1306
2743,922,906,905,156,266,422,1344
2744,900,916,917,172,267,439,1339
2745,922,906,906,156,267,423,1345
2746,917,911,911,150,267,417,1334
2747,933,933,933,150,267,417,1350
2748,928,934,933,156,266,422,1350
2749,911,911,912,156,267,423,1334
2750,934,933,927,155,261,416,1350
2751,933,939,945,161,267,428,1361
2752,928,922,916,155,261,416,1344
2753,911,911,917,155,267,422,1333
2754,911,928,928,172,267,439,1350
2755,944,922,917,150,262,412,1356
2756,912,917,916,155,261,416,1328
2757,900,911,917,166,267,433,1333
2758,944,934,933,156,266,422,1366
2759,928,927,928,155,267,422,1350
2760,916,917,911,156,261,417,1333
2761,912,928,928,172,261,433,1345
2762,927,928,933,173,266,439,1366
2763,939,922,917,156,261,417,1356
2764,900,894,900,150,267,417,1317
2765,900,906,905,156,266,422,1322
2766,900,916,917,172,267,439,1339
2767,928,906,906,150,267,417,1345
2768,900,906,900,156,261,417,1317
2769,889,905,911,172,267,439,1328
2770,917,917,916,172,266,438,1355
2771,916,911,912,167,267,434,1350
2772,922,905,900,150,262,412,1334
2773,884,906,905,172,261,433,1317
2774,916,911,917,167,267,434,1350
2775,912,906,900,161,261,422,1334
2776,911,900,905,150,266,416,1327
2777,894,916,911,172,261,433,1327
2778,939,917,923,150,267,417,1356
2779,911,911,905,150,261,411,1322
2780,895,917,922,172,266,438,1333
2781,933,922,923,161,267,428,1361
2782,922,917,916,156,266,422,1344
2783,911,905,900,150,261,411,1322
2784,889,911,917,172,267,439,1328
2785,950,934,928,156,261,417,1367
2786,906,911,911,161,261,422,1328
2787,911,905,905,155,261,416,1327
2788,911,911,912,155,262,417,1328
2789,905,906,905,156,261,417,1322
2790,906,900,906,150,267,417,1323
2791,883,911,905,178,261,439,1322
2792,950,922,928,150,267,417,1367
2793,889,917,911,178,261,439,1328
2794,928,906,911,156,266,422,1350
2795,917,911,911,150,266,416,1333
2796,911,916,911,155,261,416,1327
2797,900,895,895,150,261,411,1311
2798,866,889,889,173,261,434,1300
2799,928,911,911,156,261,417,1345
2800,917,911,917,150,267,417,1334
2801,905,905,905,150,267,417,1322
2802,900,906,906,156,267,423,1323
2803,912,917,911,161,261,422,1334
2804,916,905,911,150,267,417,1333
2805,889,889,889,150,267,417,1306
2806,845,850,844,155,261,416,1261
2807,883,878,884,150,267,417,1300
2808,855,861,861,156,267,423,1278
2809,873,867,861,150,261,411,1284
2810,855,861,866,156,266,422,1277
2811,861,855,856,150,267,417,1278
2812,867,873,872,156,266,422,1289
2813,878,872,872,150,266,416,1294
2814,872,866,867,144,267,411,1283
2815,867,878,878,155,267,422,1289
2816,866,867,861,156,261,417,1283
2817,839,855,861,172,267,439,1278
2818,895,873,872,150,266,416,1311
2819,844,866,861,172,261,433,1277
2820,878,856,862,150,267,417,1295
2821,855,855,850,150,262,412,1267
2822,839,856,855,167,261,428,1267
2823,861,850,850,156,261,417,1278
2824,845,850,850,161,261,422,1267
2825,872,861,867,150,267,417,1289
2826,883,883,883,150,267,417,1300
2827,873,889,889,166,267,433,1306
2828,922,917,911,161,261,422,1344
2829,922,933,939,172,267,439,1361
2830,928,934,928,178,261,439,1367
2831,911,911,916,178,266,444,1355
2832,911,916,917,183,267,450,1361
2833,915.25,916,919.5,180.5,261,441.5,1362.25
2834,919.5,916,922,177,267,444,1363.5
2835,916,917,911,178,261,439,1355
2836,911,911,917,178,267,445,1356
2837,928,922,917,172,262,434,1362
2838,911,923,922,184,261,445,1356
2839,917,905,911,172,267,439,1356
2840,922,911,905,161,261,422,1344
2841,900,911,917,172,267,439,1339
2842,911,912,911,173,266,439,1350
2843,900,900,900,173,266,439,1339
2844,845,911,911,175,266,441.5,1350
2845,978,916,917,177,267,444,1422
2846,911,911,911,177,267,444,1355
2847,916,917,917,178,267,445,1361
2848,928,928,928,178,267,445,1373
2849,922,922,922,178,267,445,1367
2850,911,911,911,178,267,445,1356
2851,923,928,922,183,261,444,1367
2852,927,928,928,184,261,445,1372
2853,928,922,928,178,267,445,1373
2854,917,917,916,178,266,444,1361
2855,922,922,917,178,261,439,1361
2856,928,917,922,167,266,433,1361
2857,905,911,911,173,266,439,1344
2858,912,922,923,183,267,450,1362
2859,922,917,911,178,261,439,1361
2860,911,905,911,172,267,439,1350
2861,917,917,916,172,266,438,1355
2862,905,911,912,178,267,445,1350
2863,911,905,905,172,267,439,1350
2864,906,912,911,178,266,444,1350
2865,911,916,917,183,267,450,1361
2866,928,922,922,177,267,444,1372
2867,922,923,917,178,261,439,1361
2868,922,922,928,178,267,445,1367
2869,950,928,927,156,266,422,1372
2870,895,916,917,177,267,444,1339
2871,933,934,933,178,266,444,1377
2872,922,922,923,178,267,445,1367
2873,911,917,916,184,266,450,1361
2874,922,916,917,178,267,445,1367
2875,917,917,917,178,267,445,1362
2876,917,917,916,178,266,444,1361
2877,916,916,911,178,261,439,1355
2878,912,917,917,183,261,444,1356
2879,927,922,928,178,267,445,1372
2880,834,917,916,177.5,266,444.5,1361
2881,1000,916,917,177,267,444,1444
2882,922,923,922,178,266,444,1366
2883,917,916,917,177,267,444,1361
2884,905,911,911,183,267,450,1355
2885,922,917,917,178,267,445,1367
2886,928,928,928,178,267,445,1373
2887,933,905,900,150,262,412,1345
2888,878,900,900,172,262,434,1312
2889,900,912,911,184,261,445,1345
2890,917,911,911,178,261,439,1356
2891,900,900,905,178,266,444,1344
2892,922,927,928,183,267,450,1372
2893,928,923,922,178,266,444,1372
2894,917,916,917,177,267,444,1361
2895,922,923,922,178,266,444,1366
2896,922,922,917,178,261,439,1361
2897,928,928,928,178,261,439,1367
2898,928,922,927,172,266,438,1366
2899,927,933,934,178,267,445,1372
2900,928,933,928,183,262,445,1373
2901,933,923,927,173,266,439,1372
2902,917,922,923,178,267,445,1362
2903,922,922,916,178,261,439,1361
2904,923,917,922,172,266,438,1361
2905,911,916,917,177,267,444,1355
2906,916,917,917,178,267,445,1361
2907,917,922,916,183,261,444,1361
2908,922,911,917,172,267,439,1361
2909,917,923,917,178,261,439,1356
2910,928,933,939,183,267,450,1378
2911,944,939,939,178,267,445,1389
2912,922,922,922,178,267,445,1367
2913,939,939,939,178,267,445,1384
2914,934,933,927,177,261,438,1372
2915,922,923,923,178,261,439,1361
2916,922,922,927,178,266,444,1366
2917,933,928,928,173,266,439,1372
2918,934,916,917,155,267,422,1356
2919,889,906,900,172,261,433,1322
2920,927,911,917,156,267,423,1350
2921,900,917,916,173,266,439,1339
2922,917,894,895,150,267,417,1334
2923,911,911,905,150,261,411,1322
2924,895,922,928,177,267,444,1339
2925,916,911,906,172,262,434,1350
2926,928,917,916,161,261,422,1350
2927,922,917,922,156,266,422,1344
2928,939,933,934,150,267,417,1356
2929,917,922,922,155,267,422,1339
2930,911,928,922,172,261,433,1344
2931,950,933,934,155,262,417,1367
2932,911,906,911,150,267,417,1328
2933,906,906,905,150,266,416,1322
2934,900,922,922,172,266,438,1338
2935,922,922,917,172,261,433,1355
2936,911,889,895,150,267,417,1328
2937,889,889,883,150,261,411,1300
2938,872,894,900,172,267,439,1311
2939,900,895,894,167,266,433,1333
2940,906,889,889,150,266,416,1322
2941,900,900,900,150,266,416,1316
2942,888,916,917,178,267,445,1333
2943,934,906,900,150,261,411,1345
2944,894,894,900,150,267,417,1311
2945,895,922,922,177,267,444,1339
2946,939,912,911,150,266,416,1355
2947,894,900,900,156,266,422,1316
2948,906,900,900,150,266,416,1322
2949,911,927,928,166,267,433,1344
2950,900,906,906,172,267,439,1339
2951,905,894,894,161,267,428,1333
2952,922,923,917,162,261,423,1345
2953,912,916,916,166,261,427,1339
2954,911,900,906,155,267,422,1333
2955,911,906,905,150,266,416,1327
2956,889,911,912,172,267,439,1328
2957,933,911,911,150,267,417,1350
2958,889,911,911,172,267,439,1328
2959,911,917,916,178,266,444,1355
2960,961,933,934,150,267,417,1378
2961,911,917,916,156,266,422,1333
2962,911,911,912,156,267,423,1334
2963,917,939,938,178,266,444,1361
2964,917,916,912,177,262,439,1356
2965,922,912,916,167,266,433,1355
2966,911,927,922,183,261,444,1355
2967,922,917,923,178,267,445,1367
2968,917,917,916,178,266,444,1361
2969,922,922,917,178,261,439,1361
2970,856,911,917,178,267,442,1356
2971,966,911,911,178,267,445,1411
2972,911,911,911,178,267,445,1356
2973,923,917,917,172,267,439,1362
2974,905,911,911,178,267,445,1350
2975,911,911,905,178,261,439,1350
2976,906,900,906,172,267,439,1345
2977,905,906,905,173,266,439,1344
2978,917,900,900,156,266,422,1339
2979,889,883,884,150,267,417,1306
2980,889,894,889,155,262,417,1306
2981,900,900,905,155,267,422,1322
2982,883,900,900,172,267,439,1322
2983,900,900,895,172,262,434,1334
2984,934,917,916,155,261,416,1350
2985,916,917,917,156,261,417,1333
2986,900,911,911,167,261,428,1328
2987,906,900,906,161,267,428,1334
2988,922,917,911,156,261,417,1339
2989,906,900,905,150,266,416,1322
2990,866,888,889,172,267,439,1305
2991,922,906,906,156,267,423,1345
2992,900,906,900,162,261,423,1323
2993,895,888,889,155,262,417,1312
2994,900,895,900,150,267,417,1317
2995,889,917,911,178,261,439,1328
2996,928,905,905,155,261,416,1344
2997,872,889,895,172,267,439,1311
2998,911,911,911,172,267,439,1350
2999,922,917,916,167,266,433,1355
3000,911,900,900,156,266,422,1333
3001,895,900,895,161,261,422,1317
3002,927,916,922,150,267,417,1344
3003,906,912,911,156,266,422,1328
3004,900,911,911,167,266,433,1333
3005,922,905,900,150,261,411,1333
3006,895,917,923,172,267,439,1334
3007,916,911,905,167,261,428,1344
3008,906,894,895,155,262,417,1323
3009,894,889,894,150,267,417,1311
3010,895,900,894,155,261,416,1311
3011,894,895,895,156,261,417,1311
3012,895,889,894,150,266,416,1311
3013,900,905,900,155,261,416,1316
3014,916,911,917,150,267,417,1333
3015,900,911,906,161,262,423,1323
3016,900,889,894,150,267,417,1317
3017,900,906,900,156,261,417,1317
3018,900,905,911,161,267,428,1328
3019,878,867,867,150,267,417,1295
3020,867,867,861,150,261,411,1278
3021,861,883,883,172,261,433,1294
3022,900,883,884,155,262,417,1317
3023,872,889,894,172,267,439,1311
3024,906,906,906,172,267,439,1345
3025,944,928,927,156,266,422,1366
3026,895,916,911,177,261,438,1333
3027,927,934,934,184,261,445,1372
3028,911,911,916,184,266,450,1361
3029,912,911,906,183,261,444,1356
3030,927,922,922,178,261,439,1366
3031,917,917,922,178,266,444,1361
3032,917,911,912,172,267,439,1356
3033,916,928,922,184,261,445,1361
3034,928,927,928,183,262,445,1373
3035,928,917,922,172,267,439,1367
3036,922,922,922,172,267,439,1361
3037,922,928,922,178,261,439,1361
3038,923,922,922,177,261,438,1361
3039,911,911,912,177,262,439,1350
3040,911,917,916,183,261,444,1355
3041,911,911,911,183,261,444,1355
3042,911,900,906,172,267,439,1350
3043,906,906,900,172,261,433,1339
3044,905,911,911,178,261,439,1344
3045,906,905,906,177,262,439,1345
3046,905,900,905,172,267,439,1344
3047,895,900,900,177,267,444,1339
3048,927,900,900,150,267,417,1344
3049,878,895,895,167,267,434,1312
3050,884,894,894,177,267,444,1328
3051,900,900,900,177,267,444,1344
3052,905,906,900,178,261,439,1344
3053,889,889,889,178,261,439,1328
3054,894,894,900,178,267,445,1339
3055,889,895,889,184,261,445,1334
3056,889,883,889,178,267,445,1334
3057,884,883,883,177,267,444,1328
3058,900,895,894,172,266,438,1338
3059,883,894,889,183,261,444,1327
3060,900,900,900,183,261,444,1344
3061,900,895,900,178,266,444,1344
3062,922,922,923,178,267,445,1367
3063,922,917,916,173,266,439,1361
3064,911,916,911,178,261,439,1350
3065,923,922,928,177,267,444,1367
3066,911,912,911,178,266,444,1355
3067,911,905,906,172,267,439,1350
3068,905,911,911,178,267,445,1350
3069,912,911,905,177,261,438,1350
3070,927,923,923,173,261,434,1361
3071,900,900,905,173,266,439,1339
3072,911,916,917,178,267,445,1356
3073,906,911,905,183,261,444,1350
3074,917,906,906,172,261,433,1350
3075,894,900,900,178,261,439,1333
3076,917,911,917,172,267,439,1356
3077,900,911,905,183,261,444,1344
3078,905,900,900,178,261,439,1344
3079,900,900,906,178,267,445,1345
3080,906,906,900,178,261,439,1345
3081,905,900,900,173,261,434,1339
3082,906,883,889,150,267,417,1323
3083,894,889,889,145,267,412,1306
3084,884,894,894,155,267,422,1306
3085,900,895,894,150,266,416,1316
3086,861,883,884,172,267,439,1300
3087,900,900,900,172,267,439,1339
3088,917,911,911,166,267,433,1350
3089,905,889,889,150,267,417,1322
3090,872,889,889,167,267,434,1306
3091,911,906,900,162,261,423,1334
3092,867,883,883,178,261,439,1306
3093,883,878,883,173,266,439,1322
3094,923,916,917,166,267,433,1356
3095,916,923,917,173,261,434,1350
3096,917,894,900,150,267,417,1334
3097,894,900,900,156,267,423,1317
3098,895,906,900,167,261,428,1323
3099,911,894,900,150,267,417,1328
3100,889,889,889,150,267,417,1306
3101,894,900,900,156,267,423,1317
3102,900,900,900,156,267,423,1323
3103,900,905,900,161,262,423,1323
3104,884,895,900,172,267,439,1323
3105,894,900,894,178,261,439,1333
3106,911,883,883,150,261,411,1322
3107,884,884,889,150,266,416,1300
3108,866,888,889,172,267,439,1305
3109,895,884,878,161,261,422,1317
3110,883,878,878,156,261,417,1300
3111,872,888,894,172,267,439,1311
3112,895,900,895,177,262,439,1334
3113,916,895,900,156,267,423,1339
3114,895,894,888,155,261,416,1311
3115,861,884,884,178,261,439,1300
3116,894,889,889,173,261,434,1328
3117,889,872,872,156,261,417,1306
3118,861,872,878,167,267,434,1295
3119,900,900,894,167,261,428,1328
3120,900,900,900,167,261,428,1328
3121,889,905.5,905.5,144,267,411,1325
3122,878,911,911,177,267,444,1322
3123,905,906,900,178,261,439,1344
3124,889,889,895,178,267,445,1334
3125,906,905,900,177,262,439,1345
3126,905,906,905,178,261,439,1344
3127,900,894,900,172,267,439,1339
3128,900,900,900,172,267,439,1339
3129,906,906,906,172,267,439,1345
3130,811,900,900,174.5,267,441.5,1339
3131,978,894,894,177,267,444,1422
3132,911,912,906,178,261,439,1350
3133,911,905,905,172,261,433,1344
3134,883,889,889,178,261,439,1322
3135,889,883,889,172,267,439,1328
3136,917,900,894,155,261,416,1333
3137,883,906,906,178,261,439,1322
3138,911,889,889,156,261,417,1328
3139,878,889,894,167,266,433,1311
3140,906,911,906,172,261,433,1339
3141,900,900,905,172,266,438,1338
3142,888,894,889,178,261,439,1327
3143,912,911,917,177,267,444,1356
3144,916,900,900,161,267,428,1344
3145,884,900,900,177,267,444,1328
3146,911,917,917,183,267,450,1361
3147,911,906,900,178,261,439,1350
3148,900,900,900,178,261,439,1339
3149,900,900,900,178,261,439,1339
3150,894,894,894,178,261,439,1333
3151,906,900,906,172,267,439,1345
3152,900,883,877,155,261,416,1316
3153,861,878,878,172,261,433,1294
3154,900,878,878,150,261,411,1311
3155,872,872,878,150,267,417,1289
3156,883,883,878,150,262,412,1295
3157,906,912,911,156,261,417,1323
3158,917,911,916,150,266,416,1333
3159,889,889,884,150,261,411,1300
3160,872,894,900,172,267,439,1311
3161,922,911,911,161,267,428,1350
3162,911,906,900,156,261,417,1328
3163,883,877,883,150,267,417,1300
3164,895,895,895,150,267,417,1312
3165,883,905,900,172,262,434,1317
3166,917,895,894,150,261,411,1328
3167,867,889,889,172,261,433,1300
3168,922,905,905,155,261,416,1338
3169,894,911,912,172,262,434,1328
3170,895,895,894,172,261,433,1328
3171,911,911,917,172,267,439,1350
3172,928,928,927,172,266,438,1366
3173,911,922,917,183,261,444,1355
3174,911,900,900,172,261,433,1344
3175,900,911,911,183,261,444,1344
3176,916,911,917,178,267,445,1361
3177,900,906,900,184,261,445,1345
3178,912,905,905,177,261,438,1350
3179,911,911,912,177,262,439,1350
3180,916,912,911,173,261,434,1350
3181,900,905,905,178,261,439,1339
3182,906,906,906,178,261,439,1345
3183,911,905,911,172,267,439,1350
3184,900,900,900,172,267,439,1339
3185,894,906,900,184,261,445,1339
3186,906,900,905,178,266,444,1350
3187,894,900,895,184,261,445,1339
3188,889,883,889,178,267,445,1334
3189,917,889,889,150,267,417,1334
3190,883,889,889,156,267,423,1306
3191,884,883,877,155,261,416,1300
3192,877,895,895,173,261,434,1311
3193,889,889,894,173,266,439,1328
3194,911,888,884,150,262,412,1323
3195,878,878,883,150,267,417,1295
3196,872,895,889,173,261,434,1306
3197,895,894,894,172,261,433,1328
3198,900,878,878,150,261,411,1311
3199,878,883,889,155,267,422,1300
3200,900,900,894,155,261,416,1316
3201,905,906,911,156,266,422,1327
3202,895,894,889,155,261,416,1311
3203,889,889,889,155,261,416,1305
3204,872,895,900,178,266,444,1316
3205,911,888,884,155,262,417,1328
3206,861,878,883,172,267,439,1300
3207,900,895,894,167,266,433,1333
3208,889,900,895,178,261,439,1328
3209,905,889,889,162,261,423,1328
3210,884,888,889,166,262,428,1312
3211,922,912,916,156,266,422,1344
3212,922,916,911,150,261,411,1333
3213,889,895,895,156,261,417,1306
3214,889,905,905,172,261,433,1322
3215,911,906,906,167,261,428,1339
3216,895,894,900,166,267,433,1328
3217,905,889,889,150,267,417,1322
3218,889,917,911,178,261,439,1328
3219,911,911,911,178,261,439,1350
3220,900,900,900,178,261,439,1339
3221,895,894,900,177,267,444,1339
3222,911,911,906,177,262,439,1350
3223,900,900,905,177,267,444,1344
3224,900,900,895,177,262,439,1339
3225,905,912,911,184,261,445,1350
3226,911,905,905,178,261,439,1350
3227,900,900,900,178,261,439,1339
3228,906,906,911,178,266,444,1350
3229,905,905,900,178,261,439,1344
3230,895,889,895,172,267,439,1334
3231,883,872,872,161,267,428,1311
3232,878,889,889,172,267,439,1317
3233,911,895,889,156,261,417,1328
3234,861,877,878,172,262,434,1295
3235,895,878,877,155,261,416,1311
3236,883,889,889,161,261,422,1305
3237,883,900,900,178,261,439,1322
3238,906,889,889,161,261,422,1328
3239,883,894,900,172,267,439,1322
3240,900,906,906,178,267,445,1345
3241,895,894,894,177,267,444,1339
3242,889,889,889,177,267,444,1333
3243,900,900,900,177,267,444,1344
3244,894,895,894,178,266,444,1338
3245,906,905,900,177,261,438,1344
3246,888,895,895,184,261,445,1333
3247,906,900,905,178,266,444,1350
3248,911,900,895,167,261,428,1339
3249,889,900,900,178,261,439,1328
3250,894,905,905,189,261,450,1344
3251,912,900,906,177,267,444,1356
3252,894,895,889,178,261,439,1333
3253,906,900,905,172,266,438,1344
3254,905,905,906,172,267,439,1344
3255,895,900,894,177,261,438,1333
3256,900,900,906,177,267,444,1344
3257,911,911,906,177,262,439,1350
3258,894,895,900,178,267,445,1339
3259,895,894,888,177,261,438,1333
3260,905,884,884,156,261,417,1322
3261,900,894,900,150,267,417,1317
3262,878,895,889,167,261,428,1306
3263,900,883,883,150,261,411,1311
3264,867,872,872,155,261,416,1283
3265,888,889,889,156,261,417,1305
3266,906,900,900,150,261,411,1317
3267,894,894,895,150,262,412,1306
3268,884,889,888,155,261,416,1300
3269,911,911,912,155,262,417,1328
3270,905,912,911,162,261,423,1328
3271,884,900,905,178,266,444,1328
3272,900,905,900,183,261,444,1344
3273,900,895,900,178,266,444,1344
3274,911,894,889,161,261,422,1333
3275,872,872,878,161,267,428,1300
3276,900,889,883,150,261,411,1311
3277,867,889,889,172,261,433,1300
3278,905,883,889,150,267,417,1322
3279,884,889,883,155,261,416,1300
3280,894,889,889,150,261,411,1305
3281,900,906,906,156,261,417,1317
3282,906,894,900,144,267,411,1317
3283,866,889,883,167,261,428,1294
3284,895,883,889,155,267,422,1317
3285,883,900,894,172,261,433,1316
3286,895,884,884,161,261,422,1317
3287,872,883,883,172,261,433,1305
3288,894,889,895,167,267,434,1328
3289,906,894,888,155,261,416,1322
3290,883,878,884,150,267,417,1300
3291,867,889,883,172,261,433,1300
3292,894,894,895,172,262,434,1328
3293,889,884,883,167,261,428,1317
3294,895,883,889,155,267,422,1317
3295,883,895,894,167,266,433,1316
3296,905,911,906,173,261,434,1339
3297,889,894,894,178,261,439,1328
3298,884,889,889,183,261,444,1328
3299,900,900,900,183,261,444,1344
3300,889,883,883,177,261,438,1327
3301,888,884,889,173,266,439,1327
3302,884,889,889,178,266,444,1328
3303,894,894,889,178,261,439,1333
3304,889,889,889,178,261,439,1328
3305,878,878,878,178,261,439,1317
3306,894,900,900,184,261,445,1339
3307,906,900,900,178,261,439,1345
3308,889,889,889,178,261,439,1328
3309,878,883,883,183,261,444,1322
3310,905,894,894,172,261,433,1338
3311,889,889,895,172,267,439,1328
3312,889,884,883,167,266,433,1322
3313,878,883,884,172,267,439,1317
3314,900,900,900,172,267,439,1339
3315,889,889,888,172,266,438,1327
3316,877,883,884,178,267,445,1322
3317,895,900,900,183,267,450,1345
3318,894,895,889,184,261,445,1339
3319,895,888,889,177,262,439,1334
3320,789,889,894,180,267,441.5,1333
3321,1000,906,900,183,261,444,1444
3322,905,900,900,178,261,439,1344
3323,883,894,894,189,261,450,1333
3324,906,900,900,183,261,444,1350
3325,911,911,912,183,262,445,1356
3326,906,906,905,183,261,444,1350
3327,894,894,895,183,262,445,1339
3328,917,900,900,166,262,428,1345
3329,894,906,905,178,261,439,1333
3330,900,900,900,178,261,439,1339
3331,895,889,895,172,267,439,1334
3332,894,900,900,178,267,445,1339
3333,900,905,900,183,262,445,1345
3334,900,895,900,178,267,445,1345
3335,895,900,900,183,267,450,1345
3336,844,900,900,177.5,267,442,1350
3337,972,905,900,172,262,434,1406
3338,889,895,900,178,267,445,1334
3339,895,894,894,177,267,444,1339
3340,894,900,900,183,267,450,1344
3341,906,906,900,183,261,444,1350
3342,900,894,894,177,261,438,1338
3343,888,895,895,184,261,445,1333
3344,906,883,883,161,261,422,1328
3345,867,878,878,172,261,433,1300
3346,889,872,878,155,267,422,1311
3347,883,878,872,150,261,411,1294
3348,878,900,900,172,261,433,1311
3349,894,889,889,167,261,428,1322
3350,872,883,883,178,261,439,1311
3351,906,883,884,155,262,417,1323
3352,889,895,894,161,261,422,1311
3353,883,878,883,156,266,422,1305
3354,856,872,873,172,267,439,1295
3355,911,894,888,155,261,416,1327
3356,900,900,900,155,261,416,1316
3357,889,889,889,155,261,416,1305
3358,889,884,889,150,266,416,1305
3359,922,922,917,150,261,411,1333
3360,922,950,950,178,261,439,1361
3361,911,911,911,178,261,439,1350
3362,889,889,894,178,266,444,1333
3363,894,894,889,178,261,439,1333
3364,906,884,889,156,266,422,1328
3365,878,866,867,144,267,411,1289
3366,883,906,900,167,261,428,1311
3367,922,911,917,156,267,423,1345
3368,900,894,894,150,267,417,1317
3369,884,906,906,172,267,439,1323
3370,916,928,922,184,261,445,1361
3371,917,905,911,172,267,439,1356
3372,906,889,889,155,267,422,1328
3373,888,900,894,167,261,428,1316
3374,906,906,906,167,261,428,1334
3375,878,883,883,172,261,433,1311
3376,894,900,900,178,261,439,1333
3377,934,906,906,150,261,411,1345
3378,883,905,911,172,267,439,1322
3379,917,895,889,150,261,411,1328
3380,905,905,905,150,261,411,1316
3381,928,928,928,150,261,411,1339
3382,900,905,906,155,262,417,1317
3383,900,906,905,161,261,422,1322
3384,900,911,911,172,261,433,1333
3385,917,900,900,155,261,416,1333
3386,883,878,878,150,261,411,1294
3387,883,900,906,167,267,434,1317
3388,922,911,905,156,261,417,1339
3389,873,889,889,172,261,433,1306
3390,889,889,889,172,261,433,1322
3391,894,900,900,178,261,439,1333
3392,906,894,900,166,267,433,1339
3393,905,889,889,150,267,417,1322
3394,900,900,894,150,261,411,1311
3395,900,900,900,150,261,411,1311
3396,883,889,889,156,261,417,1300
3397,884,878,878,150,261,411,1295
3398,866,894,894,178,261,439,1305
3399,912,906,906,172,261,433,1345
3400,905,889,889,156,261,417,1322
3401,872,872,872,156,261,417,1289
3402,867,889,889,178,261,439,1306
3403,889,878,878,167,261,428,1317
3404,883,866,872,150,267,417,1300
3405,878,884,878,156,261,417,1295
3406,867,888,889,177,262,439,1306
3407,900,895,894,172,261,433,1333
3408,883,889,889,178,261,439,1322
3409,906,905,905,177,261,438,1344
3410,905,911,912,183,262,445,1350
3411,895,889,888,177,261,438,1333
3412,888,884,884.5,173,261.5,434.5,1322.5
3413,892,894,899.5,175,267,442,1334
3414,886,895,889,184,261,445,1331
3415,889,883,883,178,261,439,1328
3416,889,889,889,178,261,439,1328
3417,889,894,894,183,261,444,1333
3418,894,889,889,178,261,439,1333
3419,884,883,889,177,267,444,1328
3420,889,889,889,177,267,444,1333
3421,894,895,894,178,266,444,1338
3422,894,894,889,178,261,439,1333
3423,884,889,889,183,261,444,1328
3424,911,906,906,178,261,439,1350
3425,900,900,894,178,255,433,1333
3426,883,889,895,184,261,445,1328
3427,900,900,900,184,261,445,1345
3428,906,900,900,178,261,439,1345
3429,905,900,900,173,261,434,1339
3430,889,888,889,172,262,434,1323
3431,895,906,905,183,261,444,1339
3432,900,900,900,183,261,444,1344
3433,905,894,895,172,262,434,1339
3434,889,900,894,183,256,439,1328
3435,911,906,911,178,261,439,1350
3436,900,900,900,178,261,439,1339
3437,895,894,895,177,262,439,1334
3438,889,889,888,177,261,438,1327
3439,894,900,900,183,261,444,1338
3440,839,895,895,180.5,261,441.5,1339
3441,944,883,883,178,261,439,1383
3442,834,889,889,180.5,261,442,1328
3443,944,894,895,183,262,445,1389
3444,906,895,900,172,267,439,1345
3445,889,894,888,177,261,438,1327
3446,894,900,900,183,261,444,1338
3447,906,900,900,177,261,438,1344
3448,900,900,900,177,261,438,1338
3449,888,884,884,173,261,434,1322
3450,889,894,894,178,261,439,1328
3451,911,889,889,156,261,417,1328
3452,878,878,878,156,261,417,1295
3453,872,872,872,156,261,417,1289
3454,867,889,889,178,261,439,1306
3455,917,894,894,155,261,416,1333
3456,878,878,878,155,261,416,1294
3457,861,878,884,172,267,439,1300
3458,900,883,877,155,261,416,1316
3459,905,906,906,156,261,417,1322
3460,889,883,883,150,261,411,1300
3461,872,878,878,156,261,417,1289
3462,900,894,900,150,267,417,1317
3463,900,900,894,150,261,411,1311
3464,878,884,884,156,261,417,1295
3465,861,861,866,156,266,422,1283
3466,872,872,867,156,261,417,1289
3467,873,872,872,155,261,416,1289
3468,866,878,878,167,261,428,1294
3469,889,872,878,150,267,417,1306
3470,867,889,883,172,261,433,1300
3471,917,917,922,172,266,438,1355
3472,905,911,912,178,267,445,1350
3473,906,900,900,172,267,439,1345
3474,827,905,905,175,267,442,1344
3475,978,906,906,178,267,445,1423
3476,900,900,900,178,267,445,1345
3477,906,911,911,183,267,450,1356
3478,916,911,911,178,267,445,1361
3479,906,906,900,178,261,439,1345
3480,906,905,905,177,261,438,1344
3481,911,911,912,177,262,439,1350
3482,905,900,905,172,267,439,1344
3483,889,900,895,183,262,445,1334
3484,889,884,883,178,261,439,1328
3485,889,889,889,178,261,439,1328
3486,889,889,889,178,261,439,1328
3487,872,872,877,178,266,444,1316
3488,878,878,873,178,261,439,1317
3489,900,877,877,155,261,416,1316
3490,861,878,878,172,261,433,1294
3491,889,872,872,155,261,416,1305
3492,883,889,895,161,267,428,1311
3493,906,900,894,155,261,416,1322
3494,877,889,889,167,261,428,1305
3495,889,889,889,167,261,428,1317
3496,895,900,900,172,261,433,1328
3497,922,906,906,156,261,417,1339
3498,894,888,889,150,262,412,1306
3499,884,889,888,155,261,416,1300
3500,878,900,900,177,261,438,1316
3501,927,906,912,156,267,423,1350
3502,889,883,877,150,261,411,1300
3503,850,872,873,172,262,434,1284
3504,895,878,877,155,261,416,1311
3505,883,895,895,167,261,428,1311
3506,894,877,878,150,262,412,1306
3507,867,895,894,178,261,439,1306
3508,906,900,900,172,261,433,1339
3509,900,900,900,172,261,433,1333
3510,894,894,900,172,267,439,1333
3511,900,906,900,178,261,439,1339
3512,889,883,883,172,261,433,1322
3513,894,872,873,150,262,412,1306
3514,884,889,888,155,261,416,1300
3515,894,895,895,156,261,417,1311
3516,884,889,894,161,266,427,1311
3517,861,877,873,177,262,439,1300
3518,922,895,894,150,261,411,1333
3519,889,894,894,155,261,416,1305
3520,883,878,884,150,267,417,1300
3521,878,878,878,150,267,417,1295
3522,855,889,883,184,261,445,1300
3523,912,894,894,166,261,427,1339
3524,900,889,889,155,261,416,1316
3525,861,878,878,172,261,433,1294
3526,883,883,889,172,267,439,1322
3527,911,906,900,167,261,428,1339
3528,900,883,883,150,261,411,1311
3529,878,883,884,155,262,417,1295
3530,894,900,900,161,262,423,1317
3531,884,895,900,172,267,439,1323
3532,889,889,883,172,261,433,1322
3533,905,911,911,178,261,439,1344
3534,906,900,900,172,261,433,1339
3535,900,889,894,161,266,427,1327
3536,877,889,884,173,261,434,1311
3537,906,911,911,178,261,439,1345
3538,917,889,889,150,261,411,1328
3539,877,877,883,150,267,417,1294
3540,873,895,889,172,261,433,1306
3541,905,889,889,156,261,417,1322
3542,878,872,878,150,267,417,1295
3543,883,883,877,150,261,411,1294
3544,895,900,900,155,261,416,1311
3545,894,895,895,156,261,417,1311
3546,884,878,878,150,261,411,1295
3547,850,872,872,172,261,433,1283
3548,883,861,861,150,261,411,1294
3549,839,839,839,150,261,411,1250
3550,839,844,844,155,261,416,1255
3551,844,845,845,156,261,417,1261
3552,845,866,866,177,261,438,1283
3553,872,873,873,178,261,439,1311
3554,911,883,883,150,261,411,1322
3555,883,883,889,150,267,417,1300
3556,889,911,905,172,261,433,1322
3557,889,895,895,178,261,439,1328
3558,878,872,878,172,267,439,1317
3559,894,900,900,178,267,445,1339
3560,911,906,905,173,266,439,1350
3561,889,900,895,184,261,445,1334
3562,900,894,900,178,267,445,1345
3563,911,917,911,184,261,445,1356
3564,906,900,905,178,266,444,1350
3565,905,900,900,173,266,439,1344
3566,912,916,917,177,267,444,1356
3567,905,911,906,183,262,445,1350
3568,906,900,900,177,262,439,1345
3569,900,906,905,183,261,444,1344
3570,911,906,911,178,266,444,1355
3571,916,905,900,167,261,428,1344
3572,884,889,895,172,267,439,1323
3573,894,900,894,178,261,439,1333
3574,895,889,889,172,261,433,1328
3575,889,889,889,172,261,433,1322
3576,883,889,889,178,261,439,1322
3577,894,894,900,178,267,445,1339
3578,889,889,889,178,267,445,1334
3579,884,883,877,177,261,438,1322
3580,894,884,884,167,261,428,1322
3581,894,883,883,156,261,417,1311
3582,878,878,883,156,266,422,1300
3583,889,883,878,150,261,411,1300
3584,895,900,900,155,261,416,1311
3585,883,883,889,155,267,422,1305
3586,889,889,883,155,261,416,1305
3587,866,895,895,184,261,445,1311
3588,906,900,900,178,261,439,1345
3589,883,883,883,178,261,439,1322
3590,906,889,889,161,261,422,1328
3591,878,889,895,172,267,439,1317
3592,905,889,883,156,261,417,1322
3593,884,878,883,150,266,416,1300
3594,883,905,900,172,261,433,1316
3595,905,906,906,173,261,434,1339
3596,900,877,878,150,262,412,1312
3597,867,895,894,178,261,439,1306
3598,895,889,894,172,266,438,1333
3599,900,883,878,155,261,416,1316
3600,883,878,878,150,261,411,1294
3601,894,894,894,150,261,411,1305
3602,867,895,895,178,261,439,1306
3603,883,878,878,173,261,434,1317
3604,900,905,905,178,261,439,1339
3605,923,900,906,155,267,422,1345
3606,888,895,883,162,255,417,1305
3607,889,883,889,156,261,417,1306
3608,873,894,894,177,261,438,1311
3609,900,878,878,155,261,416,1316
3610,877,872,872,150,261,411,1288
3611,867,895,895,178,261,439,1306
3612,922,900,900,156,261,417,1339
3613,861,878,878,173,261,434,1295
3614,889,888,889,172,262,434,1323
3615,911,895,894,156,261,417,1328
3616,906,900,900,150,261,411,1317
3617,872,878,883,156,266,422,1294
3618,861,883,878,178,261,439,1300
3619,922,894,895,150,262,412,1334
3620,878,900,900,172,262,434,1312
3621,900,884,883,156,261,417,1317
3622,878,900,900,178,261,439,1317
3623,894,894,900,178,267,445,1339
3624,895,895,883,178,255,433,1328
3625,883,883,889,178,261,439,1322
3626,900,900,900,178,261,439,1339
3627,917,911,917,172,267,439,1356
3628,917,895,889,150,261,411,1328
3629,888,894,894,156,261,417,1305
3630,906,900,900,150,261,411,1317
3631,867,889,889,172,261,433,1300
3632,877,878,878,173,261,434,1311
3633,900,883,883,156,261,417,1317
3634,878,894,895,172,262,434,1312
3635,900,884,883,156,261,417,1317
3636,878,872,878,150,267,417,1295
3637,883,889,889,156,267,423,1306
3638,911,905,905,150,267,417,1328
3639,889,889,883,150,261,411,1300
3640,867,889,889,172,261,433,1300
3641,906,911,911,177,261,438,1344
3642,938,911,912,150,262,412,1350
3643,878,889,894,161,267,428,1306
3644,900,889,883,150,261,411,1311
3645,872,900,900,178,261,439,1311
3646,923,900,900,155,261,416,1339
3647,883,889,889,161,261,422,1305
3648,867,889,889,183,261,444,1311
3649,894,878,878,167,261,428,1322
3650,883,883,883,167,261,428,1311
3651,862,872,872,177,261,438,1300
3652,911,889,889,155,261,416,1327
3653,900,900,900,155,261,416,1316
3654,883,878,884,150,267,417,1300
3655,861,883,883,172,267,439,1300
3656,900,906,900,178,261,439,1339
3657,906,900,900,172,261,433,1339
3658,894,883,883,161,261,422,1316
3659,867,884,884,178,261,439,1306
3660,883,872,877,167,266,433,1316
3661,883,872,867,156,261,417,1300
3662,878,872,872,150,261,411,1289
3663,878,884,884,156,261,417,1295
3664,889,905,905,172,261,433,1322
3665,894,889,889,167,261,428,1322
3666,884,889,895,172,267,439,1323
3667,900,905,900,177,262,439,1339
3668,922,895,894,150,261,411,1333
3669,861,883,883,172,261,433,1294
3670,894,895,900,173,266,439,1333
3671,912,894,889,155,261,416,1328
3672,883,878,878,150,261,411,1294
3673,872,872,872,150,261,411,1283
3674,850,878,884,178,267,445,1295
3675,895,872,866,155,261,416,1311
3676,877,872,878,150,267,417,1294
3677,873,878,878,155,267,422,1295
3678,877,889,883,167,261,428,1305
3679,900,883,883,150,261,411,1311
3680,861,884,884,173,261,434,1295
3681,900,883,883,156,261,417,1317
3682,873,889,889,172,261,433,1306
3683,872,872,872,172,261,433,1305
3684,878,861,861,155,261,416,1294
3685,855,872,878,172,267,439,1294
3686,878,873,867,167,261,428,1306
3687,861,866,866,172,261,433,1294
3688,878,867,867,161,261,422,1300
3689,861,878,878,178,261,439,1300
3690,894,872,872,156,261,417,1311
3691,873,872,872,155,261,416,1289
3692,883,884,884,156,261,417,1300
3693,850,872,872,178,261,439,1289
3694,889,866,867,155,262,417,1306
3695,889,889,888,155,261,416,1305
3696,889,889,889,155,261,416,1305
3697,861,872,878,166,267,433,1294
3698,878,889,889,177,267,444,1322
3699,911,906,900,172,261,433,1344
3700,911,900,900,161,261,422,1333
3701,889,883,883,155,261,416,1305
3702,900,900,900,155,261,416,1316
3703,883,900,906,172,267,439,1322
3704,889,884,883,167,266,433,1322
3705,878,883,884,172,267,439,1317
3706,894,889,888,167,266,433,1327
3707,883.5,883,883,162,266,428,1316.5
3708,873,877,878,166,267,433,1306
3709,905,889,883,150,261,411,1316
3710,872,884,884,162,261,423,1295
3711,873,861,866,150,266,416,1289
3712,855,877,873,172,262,434,1289
3713,889,889,888,172,261,433,1322
3714,883,867,873,156,267,423,1306
3715,850,872,866,178,261,439,1289
3716,878,872,873,172,262,434,1312
3717,889,884,883,167,261,428,1317
3718,883,866,867,150,262,412,1295
3719,867,889,888,172,261,433,1300
3720,917,895,900,150,266,416,1333
3721,883,894,889,161,261,422,1305
3722,878,884,889,167,266,433,1311
3723,889,900,895,178,261,439,1328
3724,916,894,894,156,261,417,1333
3725,884,883,883,155,261,416,1300
3726,866,873,873,162,261,423,1289
3727,873,888,889,177,262,439,1312
3728,922,895,894,150,261,411,1333
3729,878,878,878,150,261,411,1289
3730,872,872,872,150,261,411,1283
3731,889,894,894,155,261,416,1305
3732,883,895,900,167,266,433,1316
3733,895,878,873,150,261,411,1306
3734,872,894,894,172,261,433,1305
3735,889,894,895,177,262,439,1328
3736,905,884,883,156,261,417,1322
3737,861,872,872,167,261,428,1289
3738,878,872,872,161,261,422,1300
3739,867,884,884,178,261,439,1306
3740,878,872,877,172,266,438,1316
3741,866,872,867,178,261,439,1305
3742,878,878,878,178,261,439,1317
3743,883,878,878,173,261,434,1317
3744,867,866,872,172,267,439,1306
3745,872,878,872,178,261,439,1311
3746,911,889,889,156,261,417,1328
3747,867,883,883,172,261,433,1300
3748,872,867,873,167,267,434,1306
3749,878,878,872,167,261,428,1306
3750,878,883,889,172,267,439,1317
3751,894,878,877,156,266,422,1316
3752,861,878,878,173,266,439,1300
3753,884,883,884,172,267,439,1323
3754,911,894,888,155,261,416,1327
3755,861,884,884,178,261,439,1300
3756,883,866,872,161,267,428,1311
3757,895,884,878,150,261,411,1306
3758,883,883,883,150,261,411,1294
3759,872,872,872,150,261,411,1283
3760,850,884,884,184,261,445,1295
3761,911,900,900,173,261,434,1345
3762,906,883,889,150,267,417,1323
3763,855,878,872,173,261,434,1289
3764,906,883,883,150,261,411,1317
3765,883,900,906,167,267,434,1317
3766,906,911,905,172,261,433,1339
3767,883,883,884,172,262,434,1317
3768,889,889,888,172,261,433,1322
3769,922,900,906,150,267,417,1339
3770,884,889,883,155,261,416,1300
3771,877,878,878,156,261,417,1294
3772,873,894,895,177,262,439,1312
3773,922,917,916,172,261,433,1355
3774,905,895,895,162,261,423,1328
3775,889,905,905,178,261,439,1328
3776,928,911,911,161,261,422,1350
3777,889,900,900,172,261,433,1322
3778,889,895,895,178,261,439,1328
3779,900,900,900,178,261,439,1339
3780,928,900,900,150,261,411,1339
3781,877,883,883,156,261,417,1294
3782,878,894,900,172,267,439,1317
3783,906,906,900,172,261,433,1339
3784,894,883,883,161,261,422,1316
3785,878,873,873,156,261,417,1295
3786,867,883,883,172,261,433,1300
3787,900,883,883,155,261,416,1316
3788,877,872,873,150,262,412,1289
3789,878,878,877,150,261,411,1289
3790,861,889,889,178,261,439,1300
3791,917,889,889,150,261,411,1328
3792,861,878,878,167,261,428,1289
3793,867,872,872,172,261,433,1300
3794,883,883,889,172,267,439,1322
3795,900,884,878,156,261,417,1317
3796,856,872,878,172,267,439,1295
3797,900,878,872,150,261,411,1311
3798,877,883,883,156,261,417,1294
3799,862,878,878,172,261,433,1295
3800,883,866,867,155,262,417,1300
3801,844,867,866,178,261,439,1283
3802,906,878,878,150,261,411,1317
3803,850,867,867,167,261,428,1278
3804,861,866,866,172,261,433,1294
3805,889,889,889,172,261,433,1322
3806,861,845,839,156,255,411,1272
3807,817,811,822,150,266,416,1233
3808,777,805,806,178,267,445,1222
3809,795,789,783,172,261,433,1228
3810,805,783,784,150,262,412,1217
3811,773,773,772,150,261,411,1184
3812,766,766,766,150,261,411,1177
3813,778,773,773,145,261,406,1184
3814,767,766,766,144,261,405,1172
3815,750,761,761,155,261,416,1166
3816,755,761,756,161,256,417,1172
3817,778,762,761,145,255,400,1178
3818,756,761,761,150,255,405,1161
3819,755,761,756,145,261,406,1161
3820,756,761,761,150,261,411,1167
3821,755,753,750,150,256,406,1161
3822,745,751.5,744,150,255,405,1150
3823,755,750.75,750,145,255,400,1155
3824,745,747.375,750,150,255,405,1150
3825,750,746.188,745,144,256,400,1150
3826,744,745.094,744,145,255,400,1144
3827,750,747.547,745,139,256,395,1145
3828,761,746.273,750,172,256,428,1145
3829,772,745.137,744,145,255,400,1172
3830,745,747.568,745,144,256,400,1145
3831,750,751.784,750,144,256,400,1150
3832,786,750.892,755,217,255,472,1155
3833,822,755.946,750,145,255,400,1222
3834,756,761,761,150,255,405,1161
3835,772,772,772,150,255,405,1177
3836,772,772,773,150,256,406,1178
3837,767,778,783,161,261,422,1189
3838,778,789,789,172,261,433,1211
3839,811,794,789,155,256,411,1222
3840,794,795,794,156,255,411,1205
3841,800,794,795,150,256,406,1206
3842,783,800,805,167,261,428,1211
3843,795,811,806,183,256,439,1234
3844,817,806,811,172,261,433,1250
3845,816,811,805,167,255,422,1238
3846,811,828,828,184,255,439,1250
3847,845,839,839,178,255,433,1278
3848,850,844,850,172,261,433,1283
3849,844,850,850,178,261,439,1283
3850,875,872,867,175,256,431,1306
3851,875,884,889,184,261,445,1320
3852,889,888,883,183,256,439,1328
3853,883,884,889,184,261,445,1328
3854,917,911,911,178,261,439,1356
3855,911,911,911,178,261,439,1350
3856,906,911,906,183,256,439,1345
3857,905,895,900,173,261,434,1339
3858,845,900,900,170,261,431,1334
3859,955,894,894,167,261,428,1383
3860,884,878,878,161,261,422,1306
3861,861,872,872,172,261,433,1294
3862,894,883,883,161,261,422,1316
3863,861,878,878,178,261,439,1300
3864,878,872,872,172,261,433,1311
3865,878,884,884,178,261,439,1317
3866,900,900,900,178,261,439,1339
3867,911,905,905,172,261,433,1344
3868,889,895,895,178,261,439,1328
3869,911,916,916,183,261,444,1355
3870,917,917,917,183,261,444,1361
3871,922,922,922,183,261,444,1366
3872,917,911,911,177,261,438,1355
3873,922,934,934,189,261,450,1372
3874,933,927,928,183,262,445,1378
3875,922,917,911,178,256,434,1356
3876,911,906,911,173,261,434,1345
3877,900,905,905,178,261,439,1339
3878,895,895,895,178,261,439,1334
3879,900,894,889,172,256,428,1328
3880,872,878,883,178,261,439,1311
3881,900,900,900,178,261,439,1339
3882,895,889,889,172,261,433,1328
3883,888,894,894,178,261,439,1327
3884,800,884,884,180.5,261,439,1323
3885,973,894,889,183,256,439,1412
3886,889,883,888,177,261,438,1327
3887,877,878,878,178,261,439,1316
3888,895,889,889,172,261,433,1328
3889,872,883,883,183,261,444,1316
3890,900,884,884,167,261,428,1328
3891,867,877,878,177,262,439,1306
3892,883,862,861,156,261,417,1300
3893,822,844,839,178,256,434,1256
3894,845,822,827,155,261,416,1261
3895,833,828,828,150,261,411,1244
3896,817,817,811,150,255,405,1222
3897,783,805,811,172,261,433,1216
3898,811,795,789,156,255,411,1222
3899,778,789,800,167,266,433,1211
3900,744,783,778,206,261,467,1211
3901,880.5,794.5,900.5,172.5,269.5,411,1322.5
3902,809.75,794.5,825.25,139,278,417,1434
3903,739,783,750,183,245,428,1167
3904,811,778,761,150,253,378,1189
3905,797.25,767,800,195,261,456,1178
3906,783.5,761,755,172.5,255,427.5,1211
3907,761,761,745,172.5,247,411.5,1172.5
3908,809.5,755.5,755,216,260,455,1166.5
3909,858,752.75,784,108,273,381,1239
3910,845.75,748.875,738,177,261,438,1205.5
3911,833.5,746.438,749.5,169,250,433,1172
3912,826.5,742.719,761,161,267,428,1161
3913,819.5,740.859,753,155.5,250,417,1150
3914,731.75,736.93,745,150,256,406,1155.5
3915,757.625,737.965,755,172.25,278,428.25,1161
3916,783.5,735.982,741.5,194.5,256,450.5,1234
3917,734,734.491,789.75,194.5,250,444.5,1178.5
3918,833.5,733.746,838,197.25,250,447.25,1282.5
3919,933,736.373,758,200,250,450,1383
3920,739,737.686,790,200,261,389,1297
3921,809.75,743.843,822,165.25,272,387.75,1211
3922,880.5,743.922,780,130.5,256,386.5,1267
3923,869.5,744.461,738,122,250,477,1250
3924,858.5,744.23,756,113.5,261,374.5,1233
3925,785.5,747.115,739,181.75,256,442.75,1158
3926,812.25,748.558,755,171.375,261,413.375,1190.5
3927,839,743.779,756.5,161,251.5,384,1223
3928,670.75,596.889,758,187.25,242,419.75,1142
3929,479.875,442.945,633,213.5,242,455.5,1052.75
3930,606.438,587.972,583.5,213.5,252,465.5,1130.625
3931,733,510.986,524.75,213.5,262,475.5,1208.5
3932,674.5,563.493,548.375,213.5,256,469.5,1144
3933,786,729.247,702.188,213.5,250,463.5,1231.75
3934,897.5,895,856,211,244.5,422,1319.5
3935,739,803,739,183,234.75,422,1161
3936,736.25,771,735,172,225.875,397,1144.5
3937,733.5,766,764.5,177.5,237.938,394.5,1166.5
3938,761,761,794,177.5,250,427.5,1188.5
3939,727.5,741.5,745,189,256,445,1172.5
3940,767,740.25,747.5,144,250,394,1161
3941,733,736.625,750,150,261,411,1144
3942,752.5,740.812,747.5,177,250,427,1158
3943,772,736.906,745,150,250,400,1172
3944,761,735.453,739,178,256,434,1139
3945,750,742.727,747,162,250,412,1162
3946,745,748.863,755,167,255,422,1167
3947,772,760.432,750,150,250,400,1172
3948,739,772,767,183,245,428,1167
3949,778,778,783,183,250,433,1211
3950,789,783,783,177,250,427,1216
3951,811,795,795,161,250,411,1222
3952,789,811,817,183,256,439,1228
3953,811,811,805,183,250,433,1244
3954,816,811,811,178,250,428,1244
3955,828,834,834,184,250,434,1262
3956,828,822,822,178,250,428,1256
3957,844,828,839,162,261,423,1267
3958,817,833,822,178,250,428,1245
3959,841,833,833,170,250,420,1261
3960,809,834,839,195,255,450,1259
3961,839,827,822,183,250,433,1272
3962,828,828,834,183,256,439,1267
3963,855,828,822,156,250,406,1261
3964,811,833,844,178,261,439,1250
3965,839,834,828,173,255,428,1267
3966,850,833,772,156,225,450.5,1200
3967,892,833,834,167,243,473,1184
3968,934,834,900,178,261,439,1373
3969,783,833,966,233.5,252.5,486,1405
3970,767,828,902.5,189,244,437.25,1300
3971,983.5,839,839,144.5,244,388.5,1372
3972,744.5,827,850,172.25,267,419.25,1238.5
3973,861,834,817,200,250,450,1311
3974,889,833,833,144,250,394,1283
3975,811,839,828,172,266.5,411,1222
3976,839,828,872,161,249.75,444,1283
3977,913.5,833,783,144,247.375,408,1227
3978,786.5,833,845,127,245,372,1158.5
3979,897.5,834,994,113.5,253,468.5,1366
3980,785.5,822,897,242.75,261,534.25,1146.5
3981,874.75,833,800,239.375,336,590.625,1161
3982,964,828,730.5,258.688,284.5,550.812,1234.5
3983,797,839,809.75,198.844,272.75,475.406,1308
3984,1000,861,889,139,261,400,1400
3985,861,856,828,134,255.5,417,1228
3986,800,850,867,184,250,434,1234
3987,784,866,861,186.5,245,431,1295
3988,944,867,861,189,245,428,1372
3989,878,855,861,166,245,411,1289
3990,805,867,883,175,261,422.5,1294
3991,911,867,856,184,250,434,1345
3992,895,855,861,144,256,400,1295
3993,828,867,878,183,267,450,1278
3994,872,867,833,178,255.5,411,1283
3995,844,861,872,195,244,439,1283
3996,874.5,866,895,186.5,273,459.5,1334
3997,870.5,867,983,183,267,407.75,1442.5
3998,944,856,913.5,205.5,261,439.875,1300
3999,728,861,844,194.25,244,472,1200
4000,906,861,861,183,244,427,1333
4001,866,861,856,178,235.5,417,1283
4002,917,856,844,117,239.75,422.5,1261
4003,805,872,889,184,244,428,1233
4004,878,872,845,178,255,395,1273
4005,850,867,916,195,266,461,1311
4006,872,866,845,189,245,434,1306
4007,750,878,889,188.5,256,433.5,1323
4008,783,883,872,188,245,433,1445
4009,816,867,889,188,267,435.5,1322
4010,934,883,866,188,250,438,1372
4011,900,889,867,177,258,405,1305
4012,866,873,911,184,266,450,1316
4013,884,883,872,183,255,438,1322
4014,883,878,834,178,266.5,389,1272
4015,889,872,939,161,278,439,1328
4016,861,878,850,178,250,428,1289
4017,947.5,866,844,178,250,428,1272
4018,866.5,873,895,178,250,428,1286
4019,785.5,866,872,175,256,419.5,1300
4020,767.75,861,875,172,258.5,411,1294.5
4021,750,856,878,175,261,414,1289
4022,972,872,850,178,233.5,417,1389
4023,998.5,950,944.5,172,225.25,378,1403
4024,931.25,911,919.25,175,232.125,392,1417
4025,864,872,894,183,213.562,422,1286
4026,944,861,817,162.25,223.281,398.25,1239
4027,814.5,856,894,141.5,228.141,374.5,1189
4028,850,850,850,141.5,216.57,374.5,1224.5
4029,867,867,839,141.5,227.785,377.5,1213.5
4030,872,872,906,141.5,236.393,380.5,1252.5
4031,802.5,855,861,194,245,439,1241.5
4032,872,850,828,172,231,395,1267
4033,828,839,833,183,243.5,400,1228
4034,828,828,867,183,256,439,1267
4035,900,822,777,117.75,231,348.75,1216
4036,869.5,817,812,147.875,213,360.875,1142.75
4037,893.25,822,811,178,217.5,373,1185.375
4038,917,828,855,219.5,225.75,434,1228
4039,858.5,833,845,268.25,237.875,500.5,1156
4040,800,856,872,225.625,250,539.25,1367
4041,1006,872,874.5,183,319.5,555.625,1411
4042,883,883,877,183,265.25,472.312,1336
4043,872,867,888.5,178,257.625,389,1261
4044,900,861,900,139,250,389,1289
4045,858.5,878,861,158.5,219.5,391.5,1250
4046,861,861,817,158.5,212.75,370.75,1208.5
4047,886.5,872,889,144,306.375,474.375,1236.5
4048,844,878,772.5,178,242.188,509.688,1422
4049,947,878,855.75,178,249.094,471.844,1234
4050,904,861,939,178,256,434,1264.5
4051,861,861,861,178,256,434,1295
4052,861,861,844,178,222.5,417,1278
4053,856,856,806,178,222.25,408.5,1223
4054,861,861,894,178,238.625,400,1261
4055,867,867,900,178,255,433,1300
4056,839,883,878,189,250,472,1311
4057,894,872,833,200,253,411,1305
4058,961,883,928,122,256,378,1339
4059,822,889,830.5,189,255.5,375,1406
4060,945,873,837.75,117,255,372,1317
4061,805,872,845,184,258,412,1217
4062,889,883,916,178,261,439,1328
4063,886,889,850,181,230.5,403,1289
4064,883,883,861,181,218.25,381,1264
4065,954,889,895,116,236.625,407,1276
4066,822,884,933,178,255,433,1255
4067,908,877,845,147,247,370,1278
4068,853,878,894,172,254,411,1264
4069,867,878,900,183,261,444,1311
4070,883,872,872,172,261,433,1316
4071,900,861,828,133,247.5,419.5,1261
4072,822,861,867,172,254.75,406,1228
4073,850,861,889,183,262,445,1295
4074,861,856,850,178,256,434,1295
4075,845,844,838,177,250,427,1272
4076,755,839,823,180.5,255.5,436,1250
4077,922,845,872,184,261,445,1367
4078,850,850,844,184,255,439,1289
4079,906,844,850,122,261,383,1289
4080,806,861,856,177,256,433,1239
4081,861,867,867,183,256,439,1300
4082,961,872,827,180,245,425,1266
4083,789,872,895,177,253,411,1200
4084,911,878,905,144,261,405,1316
4085,850,889,889,183,261,444,1294
4086,944,883,845,122,241.5,447,1289
4087,772,878,877,150,254.25,450,1222
4088,928,878,923,178,267,445,1373
4089,934,900,889,144,256,400,1334
4090,911,889,855,122,233.5,394.5,1255
4091,822,878,867,178,247.25,389,1211
4092,889,894,944,183,261,444,1333
4093,900,889,834,172,255.5,378,1278
4094,861,878,922,189,250,439,1300
4095,872,866,878,183,262,445,1317
4096,867,862,861,178,261,439,1306
4097,847.5,850,805,180.5,233.5,396.5,1244
4098,757.5,844,834,181.75,247.75,473,1230.5
4099,928,844,900,183,262,445,1373
4100,861,856,855,178,261,439,1300
4101,795,850,833,178,244,477,1272
4102,922,867,884,178,261,439,1361
4103,883,883,883,178,261,439,1322
4104,900,906,922,184,277,461,1361
4105,939,900,861,145,272,383,1322
4106,850,894,923,189,267,456,1306
4107,906,894,889,177,262,439,1345
4108,889,895,822,183,239,372,1261
4109,916,889,916,156,253,372,1288
4110,872,894,945,178,267,445,1317
4111,884,889,889,183,267,450,1334
4112,916,889,833,156,203,369.5,1283
4113,889,883,811,150,232,404.25,1178
4114,861,889,847.5,178,261,439,1300
4115,867,884,884,195,261,456,1323
4116,767,883,844,184,263.5,447.5,1300
4117,820,878,922,173,266,439,1308.5
4118,873,883,878,183,261,444,1317
4119,861,867,869.5,189,263.5,452.5,1313.5
4120,805,844,797.5,178,265.25,445,1250
4121,911,850,900,167,267,434,1345
4122,850,867,861,184,261,445,1295
4123,884,872,872,172,261,433,1317
4124,872,878,850,178,261,411,1283
4125,867,878,906,189,261,450,1317
4126,872,866,872,183,267,450,1322
4127,872,861,800,172,267,378,1250
4128,822,839,900,189,267,456,1278
4129,845,834,828,178,261,439,1284
4130,828,822,822,172,261,433,1261
4131,794,811,822,189,272,461,1255
4132,877.5,811,795,161,256,427.5,1256
4133,961,800,805,133,261,394,1355
4134,805,811,811,139,261,400,1205
4135,809,806,811,136,266,402,1211
4136,775,816,811,177,261,438,1213
4137,827,834,834,184,261,445,1272
4138,834,839,839,189,261,450,1284
4139,855,850,850,184,261,445,1300
4140,878,877,883,183,267,450,1328
4141,975,906,900,189,261,456,1350
4142,951.5,900,906,195,267,462,1361.5
4143,928,917,911,184,261,445,1373
4144,917,911,916,178,266,444,1361
4145,894,900,900,184,266,450,1344
4146,897,894,895,181,267,448,1345
4147,903,906,905,184,266,450,1353
4148,906,900,906,178,272,450,1356
4149,905,905,894,178,261,439,1344
4150,873,889,895,194,267,461,1334
4151,916,906,900,184,261,445,1361
4152,923,894,894,155,261,416,1339
4153,866,889,889,178,261,439,1305
4154,978,883,889,180.5,267,444.5,1328
4155,789,889,889,183,267,450,1239
4156,900,889,883,172,261,433,1333
4157,861,878,884,189,267,456,1317
4158,989,883,883,183.5,267,450,1339
4159,800,895,894,178,266,444,1244
4160,922,900,895,156,261,417,1339
4161,961,894,916,175.5,263.5,372,1333
4162,789,895,878,195,266,461,1250
4163,800,911,906,186.5,261,452.5,1367
4164,811,900,905,178,266,444,1255
4165,878,894,795,194,266.5,447,1239
4166,894,883,983,183,267,450,1344
4167,878,873,872,178,266,444,1322
4168,867,866,861,177,261,438,1305
4169,850,850,850,177,261,438,1288
4170,805,834,845,206,272,478,1283
4171,878,844,833,172,261,433,1311
4172,833,845,850,184,266,450,1283
4173,867,844,845,161,267,428,1295
4174,850,839,844,150,272,422,1272
4175,833,861,850,178,261,439,1272
4176,856,856,856,178,261,439,1295
4177,839,855,872,194,278,472,1311
4178,883,872,855,183,261,444,1327
4179,878,884,889,189,266,455,1333
4180,894,883,878,178,261,439,1333
4181,984,889,900,178,272,441.5,1339
4182,794,889,883,178,266,444,1238
4183,933,905,900,150,261,411,1344
4184,773,895,895,116.5,261,380.5,1306
4185,786.5,883,889,147.25,267,412.25,1422
4186,800,895,894,178,266,444,1244
4187,905,905,900,178,261,439,1344
4188,895,895,895,178,261,439,1334
4189,850,888,877,216,250,466,1316
4190,866,839,878,189,244.5,478,1344
4191,853.5,867,817,202.5,252.75,441.5,1295
4192,896.5,833,855,139,261,400,1296.5
4193,795,839,845,183,267,450,1245
4194,850,856,850,189,261,450,1300
4195,872,861,861,178,261,439,1311
4196,867,872,878,183,267,450,1317
4197,911,900,900,172,267,439,1350
4198,911,928,928,189,267,456,1367
4199,922,950,955,217,272,460,1411
4200,981,967,956,203,261,464,1445
4201,925,933,939,211,267,478,1403
4202,923.5,933,933,155.5,267,422.5,1411
4203,922,928,928,197.25,267,461.25,1289
4204,794,933,927,196.125,261,458.625,1294
4205,978,934,934,195,261,456,1434
4206,939,933,933,189,261,450,1389
4207,778,917,922,183.5,266,444.5,1372
4208,850,922,917,178,261,439,1364
4209,922,917,917,173,261,434,1356
4210,900,905,905,178,261,439,1339
4211,895,906,917,189,272,461,1356
4212,905,900,889,184,261,445,1350
4213,917,889,889,156,261,417,1334
4214,839,872,883,189,272,461,1300
4215,867,872,861,194,261,455,1322
4216,877,872,867,189,256,445,1322
4217,911,861,889,139,261.5,423,1334
4218,828,867,850,178,267,445,1273
4219,872,883,877,189,261,450,1322
4220,873,884,756,200,258.5,453,1206
4221,877,877,831,200,256,456,1333
4222,1006,889,906,180.5,273,442,1362
4223,828,906,900,161,267,428,1256
4224,944,894,894,111,267,378,1322
4225,828,900,911,183,278,461,1289
4226,872,900,889,211,267,478,1350
4227,1000,895,894,200,266,372,1372
4228,822,905,917,189,278,467,1289
4229,873,911,900,142,267,403,1367
4230,856,912,889,151.5,244,412.5,1383
4231,839,905,922,161,261,422,1261
4232,889,911,928,183,278,461,1350
4233,905,906,900,184,272,456,1361
4234,984,900,894,181,266,458.5,1350
4235,822,900,917,178,266.5,461,1283
4236,861,905,889,178,267,455.5,1350
4237,950,906,911,178,272,450,1400
4238,889,905,900,194,267,461,1350
4239,922,917,928,189,278,467,1389
4240,884,922,922,167,278,445,1389
4241,988,906,906,145,278,423,1411
4242,867,905,911,183,272.5,467,1334
4243,936,917,900,164,267,431,1367
4244,892,911,916,183,272,455,1347
4245,997.5,906,895,183,261,455.5,1350
4246,813.5,905,917,183,273,456,1269.5
4247,906,900,894,177,267,444,1350
4248,894,895,889,178,261,439,1333
4249,889,894,911,183,278,461,1350
4250,983,895,883,180.5,266,452.5,1344
4251,806,889,889,178,266,444,1250
4252,872,877,878,183,267,450,1322
4253,983,889,894,194.5,272,461.5,1344
4254,761,878,873,206,267,473,1234
4255,878,856,855,184,266,450,1328
4256,822,855,861,217,272,444.5,1311
4257,906,861,856,172,267,439,1345
4258,867,872,872,177,267,444,1311
4259,875.5,873,889,174.5,266.5,457.5,1333
4260,857.5,861,844,178,266,444,1301.5
4261,839,855,856,194,267,461,1300
4262,878,845,850,161,272,433,1311
4263,811,850,833,200,255,455,1266
4264,866,850,861,184,266,450,1316
4265,839,850,850,195,266,461,1300
4266,850,861,867,206,272,478,1328
4267,861,850,839,195,261,456,1317
4268,839,850,856,206,267,473,1312
4269,884,855,861,177,273,450,1334
4270,939,845,739,177.5,272.5,450,1189
4271,755,850,955,178,272,450,1205
4272,950,839,833,195,266,408.5,1283
4273,919.5,828,883,212,266,409.75,1291.5
4274,889,822,933,145,266,411,1300
4275,795,816,812,166,262,428,1223
4276,828,817,816,155,261,416,1244
4277,836.5,806,811,177.5,266,438.5,1227
4278,845,811,806,200,261,461,1306
4279,805,805,822,200,278,478,1283
4280,828,817,811,189,272,461,1289
4281,817,833,828,205,267,472,1289
4282,839,856,856,191.5,267,461,1328
4283,922,878,883,178,272,450,1372
4284,900,905,900,183,267,450,1350
4285,924.5,922,922,180.5,267,447.5,1372
4286,897.5,906,900,189,261,450,1347.5
4287,911,906,917,184,272,456,1367
4288,922,916,916,178,272,450,1372
4289,912,917,923,183,278,461,1373
4290,883,905,894,205,267,472,1355
4291,939,906,911,172,272,444,1383
4292,894,900,895,178,267,445,1339
4293,967,889,789,178,269.5,447.5,1234
4294,822,900,842,178,272,450,1272
4295,944,905,895,139,262,401,1345
4296,856,906,933,189,269.5,478,1334
4297,1000.5,906,894,189,277,371.5,1372
4298,832.5,927,923,189,273,462,1294.5
4299,928,928,927,189,272,461,1389
4300,845,917,800,189,274.5,416,1261
4301,1000,928,861.5,189,277,466,1325
4302,939,927,923,177,273,450,1389
4303,905,923,916,195,266,461,1366
4304,928,916,928,183,278,461,1389
4305,922,928,928,189,278,467,1389
4306,928,922,922,183,278,461,1389
4307,994,906,794,169.5,203,372.5,1255
4308,839,900,862,156,237.5,385,1286
4309,919.5,889,803,125.5,272,397.5,1317
4310,830.5,889,744,184,277.5,384.75,1141.5
4311,967,872,800,181,272.25,372,1339
4312,783,872,856,178,267,445,1228
4313,922.5,878,889,133.5,278,411.5,1334
4314,878,878,872,133.5,272,405.5,1283.5
4315,816.5,877,883,194,278,472,1288.5
4316,986,889,878,145.5,267,418,1350
4317,872,872,872,121.25,267,390.5,1236
4318,873,873,872,157.625,266,425.75,1236
4319,780,877,878,194,267,461,1241
4320,981,884,895,158,278,375,1356
4321,858,883,761,122,278,415,1319.5
4322,828,883,816.5,177,278,455,1283
4323,822,884,872,191,266,471.5,1327
4324,917,883,900,205,269,482.75,1405
4325,861,878,867,191.5,272,466.375,1355
4326,916,872,872,178,272,450,1366
4327,845,878,878,211,272,389,1328
4328,900,878,745,189,275,425,1228
4329,883,877,806,183,278,461,1344
4330,878,878,867,183,267,450,1328
4331,978,872,889,205.5,269.5,475,1339
4332,922.5,873,861,219.25,272,487.5,1222
4333,867,872,867,215.125,267,482.75,1367
4334,894,872,872,211,267,478,1372
4335,872,867,872,206,272,478,1350
4336,900,878,878,184,272,456,1356
4337,845,888,878,181,262,450,1334
4338,933,884,888,178,266,444,1377
4339,1000,889,789,181,269,450,1233
4340,783,900,847,184,272,456,1239
4341,974.5,916,905,125.5,261,386.5,1361
4342,925.5,911,923,111,273,384,1309.5
4343,839,912,916,184,277,461,1300
4344,928,927,923,183,273,456,1384
4345,894.5,928,933,153,278,425.5,1389
4346,861,906,900,123,272,395,1256
4347,845,905,911,183,278,461,1306
4348,867,906,894,183,266,458.5,1355
4349,944,905,912,183,273,456,1400
4350,894,906,911,195,278,473,1367
4351,912,900,894,183,272,455,1367
4352,903.5,905,911,127.5,278,333,1366
4353,895,895,756,152.75,278,394.5,1299.5
4354,777,883,814,178,278,456,1233
4355,937,884,872,125,266,391,1328
4356,819,883,900,189,196.5,472,1291
4357,972.5,878,961.5,188.5,234.75,466.5,1194
4358,783.5,877,919.25,188,273,461,1244.5
4359,850,889,877,130,261,333,1338
4360,802.5,878,750,162.5,269.5,403,1238
4361,755,878,819.5,195,278,473,1228
4362,906,900,889,189,267,456,1362
4363,1011,905,922,167,197,364,1378
4364,850,912,755,145,240,421,1369.5
4365,883,933,769.5,195,184,478,1361
4366,950,939,784,184,167,356,1262
4367,858.5,928,950,203,219.5,425,1262
4368,767,905,939,196,272,446,1261
4369,955,922,928,189,278,467,1422
4370,930,923,928,139,211.5,350.5,1395
4371,905,916,778,161,244.75,405.75,1139
4372,823,917,836,183,278,461,1284
4373,905,905,894,183,267,450,1355
4374,883,895,756,195,208.5,358.5,1206
4375,950,872,894,117,245.75,456.75,1217
4376,958,878,877.5,147.5,258.875,453.375,1278
4377,966,872,861,178,272,450,1416
4378,861,872,944.5,189,277.5,461,1178
4379,873,873,911.25,189,277.75,472,1345
4380,889,883,878,183,278,461,1350
4381,886,889,883,186,272,458,1344
4382,880,878,744,184,275,462.5,1202
4383,878,883,810.5,189,278,467,1345
4384,844,883,877,191.5,272,469.5,1344
4385,923,889,895,194,278,472,1395
4386,1005,883,739,191.5,275.5,467,1211
4387,772,889,811,189,273,462,1234
4388,862,889,883,216,267,389,1345
4389,922,889,755,183,278,438.75,1238
4390,872.5,889,824.5,199.5,277.5,449.875,1361
4391,921.5,906,894,184,277,461,1382.5
4392,961,927,923,150,273,423,1384
4393,984,923,783,172.5,278,450.5,1206
4394,816,922,841.5,195,272.5,478,1294
4395,934,916,900,177,267,444,1378
4396,908,917,778,186,269.5,451,1222
4397,906,906,847.5,186,272,458,1364
4398,902,905,917,189,278,473,1375
4399,1005.5,911,911,203,214,378.5,1384
4400,783.5,906,772,217,249,431.25,1150.5
4401,922,905,833,200,260.5,443.125,1406
4402,923,906,894,183,272,455,1378
4403,872,911,811,136,233,394,1266
4404,847,906,928,157,183,352.5,1322
4405,822,911,850,178,230.5,412.75,1344.5
4406,894,911,805.5,195,278,473,1367
4407,885.5,900,761,142,275.5,417.5,1234
4408,877,894,824.5,160,273,436.25,1239
4409,795,884,888,178,277,455,1250
4410,933.5,889,778,133.5,216,349.5,1233
4411,927.5,883,872,155.75,247,402.75,1171.5
4412,794,883,825,178,278,456,1250
4413,884,889,778,183,219.5,398.75,1234
4414,897.5,895,889,180.5,195.75,332.875,1239
4415,968.5,883,894,187.25,236.875,402.438,1235.5
4416,784,883,989,194,278,472,1256
4417,883,878,872,189,272,461,1344
4418,869.5,872,739,191.5,241.5,430.5,1200
4419,863.5,861,933,189,207.25,400,1263.5
4420,867,861,823,183,239.625,425,1223
4421,872,867,966,178,272,450,1322
4422,973,867,983,151.5,272.5,424,1184
4423,813,866,933,125,273,398,1211
4424,820,884,883,189,272,461,1281
4425,894,889,756,184,213.5,358,1217
4426,984,900,916,183.5,195.75,359.5,1239
4427,800,883,906,183,231.375,404.75,1161
4428,883,883,972,183,267,450,1333
4429,861,867,936,189,219.5,350,1183
4430,972,861,900,183.5,242.75,397,1222
4431,756,856,950,178,266,444,1200
4432,916,866,861,128,261,389,1305
4433,801,856,778,183,219.5,389,1167
4434,827,855,850,211,245.75,389,1216
4435,889,867,961,189,272,461,1350
4436,861,861,861,189,272,461,1322
4437,867,856,939,178,278,461,1178
4438,867,866,902.5,177,272,461,1328
4439,883,884,866,178,266,444,1327
4440,861,878,806,195,275,389,1250
4441,906,888,978,177,276.5,461,1367
4442,894,900,894,183,278,461,1355
4443,1011,906,778,133,220,353,1239
4444,889,894,906,159.5,264.5,424,1272.5
4445,811,914,889,186,265.75,437,1306
4446,917,914,872,183,267,450,1367
4447,894,895,817,184,275,373,1267
4448,895,889,983,178,271,461,1356
4449,889,888,872,177,267,444,1333
4450,872.5,873,778,177.5,225,402.25,1222
4451,872,872,883,177.5,248.5,453.625,1232.5
4452,816.5,872,961,180.75,272,454.812,1321.5
4453,916,867,867,184,272,456,1372
4454,850,861,933.5,195,278,458.5,1184
4455,873,855,822.25,177,200,461,1334
4456,861,873,922.125,189,236,458,1172
4457,878,872,833.562,183,272,455,1333
4458,872,867,745,178,275,458,1200
4459,872,877,800.5,183,278,461,1333
4460,872,867,856,178,267,445,1317
4461,856,867,772,189,208.5,395,1217
4462,866,872,850,195,243.25,431,1211
4463,878,872,802.5,189,278,467,1345
4464,878,867,755,178,216.5,405.5,1222
4465,867,878,867,189,244.25,433.25,1211
4466,866,866,983,189,272,461,1327
4467,873,867,873,183,278,461,1334
4468,883,878,866,178,266,444,1327
4469,874.5,877,784,180.5,219,405.5,1228
4470,858.5,873,872,195,195.5,386.25,1225.5
4471,872,872,872,195,231.25,424.125,1239
4472,872,872,967,195,267,462,1334
4473,872,872,783,195,202.5,373,1245
4474,862,873,833,206,165.25,344.5,1206
4475,906,888,878,188,219.125,407.25,1222
4476,880,889,836,197,273,470,1350
4477,889,889,794,197,239.5,375,1264
4478,886,878,906,189,261.75,395,1281
4479,889,883,961,183,264.375,467,1356
4480,861,889,872,211,267,478,1339
4481,892,878,811,197,275,397,1289
4482,875,867,950,189,221,472,1347
4483,883,877,761,183,194,414,1233
4484,872,878,878,189,172,375,1228
4485,881,878,861,186,175,371,1217
4486,875,878,906,189,220.5,405,1242
4487,905,889,977,173,266,439,1344
4488,873,883,795,183,230,414,1234
4489,866,878,894,195,206.5,389,1255
4490,900,889,878,184,236.75,419.5,1267
4491,895,894,978,183,267,450,1345
4492,888.5,889,805,183.5,272.5,455.5,1255
4493,872.5,872,967,183,278,461,1333.5
4494,969.5,878,767,180.5,203,383.5,1228
4495,791.5,878,839,178,195.5,330.25,1236
4496,967,878,938,178,236.75,393.125,1244
4497,783,872,962,178,278,456,1239
4498,967,878,772,180.5,203,383.5,1228
4499,789,883,839,183,204.5,340.5,1239
4500,952.5,861,939,180.5,166.25,323.25,1250
4501,791.5,878,800,178,216.125,339.125,1286
4502,967,878,789,189,266,353.062,1322
4503,766,877,778,200,238.5,379.031,1305.5
4504,884,878,922,194,202.75,405,1289
4505,889,883,839,188,234.875,427.5,1244
4506,900,895,995,183,267,450,1350
4507,886.5,889,811,185.5,222,374.5,1261
4508,868.5,889,877,206,205.5,383,1251.5
4509,917,894,906,183,185.75,372,1289
4510,889,895,872,189,231.875,418,1244
4511,880,877,989,186,278,464,1344
4512,875,873,867,184,272,456,1331
4513,964,872,778,173,199.5,372.5,1234
4514,808,878,827,162,202.25,475.25,1231
4515,890.5,861,939,214,237.625,507.125,1228
4516,973,866,934,266.75,273,543.812,1311
4517,813.5,867,855,227.875,261,499.906,1394
4518,991.5,861,867,189,267,456,1447.5
4519,834,861,800,216,197.5,422,1256
4520,911,878,800,183,232.25,436,1222
4521,883,883,797,183,267,450,1333
4522,884,884,794,183,266.5,449.5,1244
4523,889,889,978,183,266,449,1338
4524,883,883,889,183,272,455,1338
4525,888,878,872,173,266,439,1327
4526,872,877,811,178,271.5,378,1250
4527,851,873,950,200,277,477,1328
4528,850,866,750,216,224.5,377,1227
4529,922,867,878,161,209.75,411,1255
4530,783,872,895,169.5,243.875,445,1228
4531,939,867,950,178,278,456,1395
4532,828,872,855,177.5,261,397,1311
4533,917,872,772,177,236,403.75,1255
4534,844.5,867,917,199.5,201,410.5,1255
4535,808.75,858.5,936.5,174.75,236.5,416.25,1225
4536,773,850,956,150,272,422,1195
4537,811,855,789,194,272,400,1211
4538,855,850,916,189,272,461,1316
4539,961,861,850,164,261,436,1311
4540,806,856,867,139,272,411,1217
4541,794,855,761,200,213.5,378,1172
4542,889,873,850,184,243.25,417,1228
4543,878,877,995,183,273,456,1334
4544,872,873,783,184,270,453,1239
4545,889,888,972,183,267,450,1339
4546,906,895,895,172,267,439,1345
4547,994.5,894,905,178,278,397.5,1344
4548,941.75,895,789,184,272,423.75,1439
4549,889,889,983,184,266,450,1339
4550,883,883,889,184,272,456,1339
4551,867,872,778,189,269.5,458.5,1234
4552,867,872,961,194,267,461,1328
4553,917,867,989,144,272.5,458.5,1183
4554,827,861,919.5,178,278,456,1283
4555,873,856,850,161,272,433,1306
4556,833,861,850,189,261,450,1283
4557,889,850,856,150,267,417,1306
4558,824.5,844,855,169.5,278,447.5,1272
4559,830.5,861,845,200,262,462,1292.5
4560,978,862,866,183,266,447.5,1328
4561,784,866,867,166,267,433,1217
4562,902,861,867,125,273,398,1300
4563,803,867,861,189,267,456,1259
4564,861,861,855,189,261,450,1311
4565,861,861,872,189,272,461,1322
4566,861,861,856,189,267,456,1317
4567,878,867,867,178,267,445,1323
4568,872,872,872,178,267,445,1317
4569,872,872,883,178,278,456,1328
4570,895,867,861,150,272,422,1317
4571,839,872,861,183,261,444,1283
4572,872,867,873,178,267,445,1317
4573,861,867,883,184,269.5,467,1328
4574,861,861,850,184,272,456,1317
4575,834,866,856,216,262,478,1312
4576,916,862,872,162,272,434,1350
4577,828,861,872,195,269.5,478,1306
4578,882.5,866,850,178.5,267,445.5,1328
4579,873.5,878,872,183,261,444,1317.5
4580,969.5,878,895,208.5,278,369.5,1339
4581,735.5,878,872,140.25,272,351.25,1241.5
4582,762.25,894,883,159.125,261,397.625,1389
4583,789,895,900,178,266,444,1233
4584,941,888,900,125,278,403,1344
4585,831,895,884,189,267,456,1287
4586,894,894,888,189,261,450,1344
4587,884,884,906,189,267,472,1356
4588,883,877,867,183,273,456,1339
4589,856,884,877,211,266,477,1333
4590,933,878,878,156,266,422,1355
4591,844,866,884,178,266.5,462,1306
4592,978,878,861,178,267,378,1323
4593,778,878,944.5,178,269.5,425,1322.5
4594,850,872,902.75,200,272,472,1322
4595,872,861,861,189,272,461,1333
4596,867,867,861,189,266,455,1322
4597,867,861,856,183,261,444,1311
4598,883,850,861,150,272,422,1305
4599,822,861,856,189,267,456,1278
4600,878,867,866,178,266,444,1322
4601,867,866,867,177,267,444,1311
4602,872.5,873,889,177.5,266.5,460.5,1333
4603,838.5,872,855,211,266,477,1315.5
4604,900,866,867,177,267,444,1344
4605,844,856,861,189,272,461,1305
4606,867,861,761,183,269.5,461,1222
4607,861,872,967,194,267,461,1322
4608,911,873,878,156,272,428,1339
4609,856,883,894,183,216.5,466,1322
4610,883,889,767,189,238.75,455,1233
4611,889,883,983,183,261,444,1333
4612,875,878,895,186,278,464,1339
4613,875,872,877,183,272.5,466,1341
4614,989,872,856,180.5,267,452.5,1322
4615,777,889,883,178,261,439,1216
4616,928,872,889,122,278,400,1328
4617,817,873,867,178,272,450,1267
4618,850,872,867,200,267,467,1317
4619,900,878,872,178,261,439,1339
4620,844,855,872,189,278,467,1311
4621,861,856,856,184,278,462,1323
4622,850,855,844,189,267,456,1306
4623,867,861,856,183,262,445,1312
4624,839,845,855,189,272,461,1300
4625,858,855,850,186,267,453,1311
4626,853,850,850,183,267,450,1303
4627,856,856,850,183,261,444,1300
4628,856,856,861,183,266,449,1305
4629,944,850,850,183,266,446.5,1299
4630,761,855,850,183,261,444,1205
4631,900,861,867,144,267,411,1311
4632,852.5,872,883,163.5,278,441.5,1294
4633,862,862,850,163.5,266,429.5,1291.5
4634,835.5,866,867,194,267,461,1296.5
4635,911,867,861,150,261,411,1322
4636,839,861,889,172,266.5,461,1300
4637,872,872,855,172,272,444,1316
4638,844,872,862,200,262,462,1306
4639,895,867,872,172,267,439,1334
4640,839,856,861,189,272,461,1300
4641,828,866,867,186,273,452.5,1328
4642,922,878,866,183,261,444,1366
4643,845,867,884,205,278,466,1328
4644,861,861,866,205,272.5,469,1349
4645,872,872,856,205,267,472,1344
4646,905,878,944.5,178,272,466.5,1205
4647,872,878,908.75,184,277,461,1333
4648,867,872,873,189,278,467,1334
4649,872,872,855,189,261,450,1322
4650,884,878,878,183,261,444,1328
4651,872,872,889,183,278,461,1333
4652,861,861,855,183,272,455,1316
4653,839,872,856,216,256,472,1311
4654,878.5,862,878,199.5,272,471.5,1350
4655,876.5,861,866,184,277,461,1337.5
4656,964,872,862,178.5,267,447.5,1323
4657,797,878,872,173,261,434,1231
4658,952.5,866,878,175,273,439,1312
4659,770.5,861,855,177,267,444,1214.5
4660,827,873,872,163.5,266,428,1316
4661,950,877,873,150,262,412,1362
4662,839,873,883,184,272,456,1295
4663,823,866,944.5,192,269.5,461.5,1178
4664,894,867,908.25,200,267,467,1361
4665,894,872,872,178,267,445,1339
4666,861,872,878,189,273,462,1323
4667,878,878,866,189,261,450,1328
4668,1000,895,889,189,255,455.5,1339
4669,778,883,900,189,272,461,1239
4670,878,878,889,189,266.5,472,1350
4671,889,883,861,183,261,444,1333
4672,883,889,889,189,261,450,1333
4673,886,883,895,186,273,459,1345
4674,870,873,883,189,270,472,1342
4675,1000,883,867,183.5,267,453,1339
4676,777,883,872,178,256,434,1211
4677,920,867,883,125,272,397,1317
4678,797,855,856,183,273,456,1253
4679,850,867,855,200,261,461,1311
4680,883,867,867,184,261,445,1328
4681,847,855,789,192,264,387,1234
4682,965,850,922,190.5,267,415.5,1309
4683,744,856,844,189,255,444,1188
4684,856,850,850,183,255,438,1294
4685,841,844,778,186,213.5,375,1216
4686,839,839,822,186,237.25,410,1197
4687,847,845,934,184,261,445,1292
4688,856,844,844,172,261,433,1289
4689,783,845,861,180.5,277,441.5,1294
4690,900,855,839,189,261,450,1350
4691,856,856,850,189,255,444,1300
4692,861,855,861,183,261,444,1305
4693,853,856,873,186,278,464,1317
4694,980,866,850,185,262,451.5,1314
4695,761,873,866,184,255,439,1200
4696,928,872,889,128,272,400,1328
4697,872,872,872,128,272,400,1272
4698,883,883,873,128,262,390,1273
4699,840,889,894,177,267,444,1284
4700,888,895,911,184,219.5,467,1355
4701,878,883,772,189,234.75,453,1239
4702,867,867,945,189,250,439,1306
4703,850,850,872,189,272,461,1311
4704,850,850,856,189,278,467,1317
4705,855,855,838,189,261,450,1305
4706,867,861,850,183,250,433,1300
4707,839,862,878,206,266,472,1311
4708,872.5,861,872,194.5,277,471.5,1344
4709,872,872,856,194.5,261,455.5,1327.5
4710,896,894,889,115.25,256,381.75,1344.5
4711,920,884,900,163.125,272,437.875,1228
4712,907,872,883,211,269.5,446.938,1191
4713,894,872,856,189,267,456,1350
4714,984,878,866,194.5,255,464,1322
4715,755,872,889,200,272,472,1227
4716,839,867,884,136,266.5,402.5,1356
4717,800,872,844,159.5,261,423.25,1361
4718,761,872,872,183,261,444,1205
4719,916.5,861,878,127.5,278,405.5,1322
4720,811.5,867,756,183,272,433.25,1161.5
4721,855,867,966,195,266,461,1316
4722,911,861,856,145,261,406,1317
4723,830,855,867,170,273,443,1273
4724,843,856,844,183,261,444,1287
4725,861,872,872,194,261,455,1316
4726,889,872,872,177,261,438,1327
4727,872,861,862,166,262,428,1300
4728,844,856,766,178,261.5,436.5,1194
4729,861,867,956,184,261,445,1306
4730,867,866,861,183,256,439,1306
4731,861,861,800,183,258.5,378,1239
4732,883,878,944,178,261,439,1322
4733,884,884,878,178,255,433,1317
4734,878,877,883,177,261,438,1316
4735,866.5,867,873,177.5,267,444.5,1311
4736,849.5,850,844,178,261,439,1288.5
4737,839,839,839,178,261,439,1278
4738,856,828,761,150,261.5,442,1200
4739,794,827,895,183,262,445,1239
4740,872,834,833,145,261,406,1278
4741,806,833,844,172,272,444,1250
4742,839,850,839,183,261,444,1283
4743,861,861,861,183,261,444,1305
4744,900,867,867,150,261,411,1311
4745,822,872,872,200,261,461,1283
4746,900,889,889,189,261,450,1350
4747,889,883,889,183,267,450,1339
4748,917,884,872,150,255,405,1322
4749,844,877,806,183,260.5,430,1211
4750,867,873,955,189,266,455,1322
4751,878,866,861,177,261,438,1316
4752,761,856,880.5,180,216.5,394,1155
4753,939,850,900,183,239.25,419.5,1294
4754,855,855,945,183,262,445,1300
4755,845,845,838,183,255,438,1283
4756,855,839,913.5,167,258,438.5,1144
4757,839,850,989,178,261,439,1278
4758,856,855,850,177,256,433,1289
4759,844,845,767,178,222.5,411,1200
4760,822,844,855,200,241.75,389,1211
4761,906,861,933,155,261,416,1322
4762,839,867,862,183,256,439,1278
4763,881,867,800,169,194.5,378,1239
4764,846,861,805,184,227.75,411.5,1163
4765,878,878,838.5,184,261,445,1323
4766,889,872,872,167,261,428,1317
4767,861,872,805,178,216.5,372,1233
4768,872,867,845,173,235.75,402.5,1217
4769,867,872,955,178,255,433,1300
4770,867,867,784,178,224.5,408,1217
4771,861,872,894,189,195.75,383,1244
4772,872,861,834,178,228.375,416.5,1217
4773,856,867,961,189,261,450,1306
4774,872,861,777,178,240,432,1227
4775,844,861,903,195,229.5,414,1258
4776,861,866,866,200,245.25,419,1280
4777,889,873,915,184,261,445,1334
4778,858,866,789,192,230.5,376,1234
4779,798,861,877,188,248.25,455,1253
4780,944,873,939,184,266,450,1394
4781,878,877,873,183,262,445,1323
4782,866.5,867,794,183.5,233.5,372.5,1239
4783,856,856,872,183.5,250.25,388.5,1244.5
4784,855.5,855,917,183,267,450,1305.5
4785,861,861,855,183,261,444,1305
4786,772,856,789,180,253,461,1233
4787,945,855,906,177,245,422,1367
4788,861,862,855,178,209,416,1277
4789,872,877,812,183,204.5,441,1228
4790,778,861,888,183.5,232.75,466,1244
4791,955,873,934,184,261,445,1400
4792,842,883,883,184,261,403.5,1328
4793,919,878,795,184,225,435.25,1281
4794,778,872,883,183.5,246,467,1245
4795,967,872,950,183,267,450,1417
4796,878,878,872,183,261,444,1322
4797,800,867,789,194.5,263.5,433,1233
4798,905,861,944,206,266,472,1377
4799,900,872,867,178,261,439,1339
4800,906,878,795,150,225,396,1234
4801,858,872,883,164,204.5,381.5,1211
4802,853,872,867,183,233.25,415.75,1220
4803,867,872,950,188,262,450,1317
4804,883,873,772,178,231,416.5,1222
4805,856,861,900,183,246,383,1239
4806,872,872,933,183,261,444,1316
4807,872,872,872,183,261,444,1316
4808,861,861,784,183,225,408,1228
4809,856,856,861,183,243.5,372,1228
4810,861,855,928,177,262,439,1300
4811,850,845,911,172,228,464,1172
4812,908.5,850,894,175,247.5,454.5,1216
4813,967,850,923,178,267,445,1412
4814,856,861,850,183,256,439,1295
4815,855,856,777,184,219.5,430.5,1216
4816,806,861,867,183.5,243.25,422,1228
4817,922,866,950,183,267,450,1372
4818,878,878,872,183,261,444,1322
4819,800,872,795,166.5,261,439,1239
4820,972,867,944,150,261,411,1383
4821,839,878,878,189,261,450,1289
4822,878,872,778,183,225,467,1228
4823,755,867,889,183,243,455.5,1239
4824,978,866,938,183,261,444,1422
4825,878,878,873,183,256,439,1317
4826,861,861,772,183,258.5,439,1211
4827,855,850,944,178,261,439,1294
4828,878,850,850,150,261,411,1289
4829,817,850,845,183,256,439,1256
4830,783,834,766,180,259,422,1205
4831,895,838,912,177,262,439,1334
4832,839,839,838,177,261,438,1277
4833,833,839,762,183,261,441.5,1200
4834,833,834,911,184,261,445,1278
4835,845,838,839,177,262,439,1284
4836,851.75,847,878,180.5,261.5,380.5,1290.75
4837,858.5,856,917,178,261,439,1297.5
4838,767,850,850,178,261,400,1289
4839,933,850,772,178,230.5,409.75,1294
4840,813.5,855,872,219.5,246.25,419.5,1233
4841,886.5,850,912,183,262,445,1331.5
4842,750,856,855,216.5,261,433.5,1300
4843,895,856,767,243,230.5,422,1317
4844,830.5,850,878,210.5,245.75,469.5,1300
4845,946.5,855,916,178,261,439,1385.5
4846,850,856,856,184,261,445,1295
4847,856,855,761,183,228,411.75,1206
4848,849.5,850,878,183.5,247,378.5,1228
4849,855.5,856,927,184,266,450,1305.5
4850,862,866,862,188,262,450,1312
4851,905,867,777,150,211.5,397,1227
4852,828,861,850,183,239.25,423.5,1172
4853,872,872,978,183,267,450,1322
4854,867,878,872,194,261,455,1322
4855,811,872,789,188.5,233.5,433,1244
4856,939,867,895,183,250.25,389,1328
4857,861,861,922,183,267,450,1311
4858,872,872,867,183,262,445,1317
4859,872,873,788,184,233.5,371,1233
4860,953,861,889,183.5,247.75,408,1250
4861,775,866,923,183,262,445,1220
4862,867,867,866,183,261,444,1311
4863,861,861,911,183,230.5,461,1144
4864,761,856,956,180.5,248.75,478,1239
4865,961,861,928,178,267,445,1406
4866,817,872,866,175,261,361,1311
4867,928,867,905.5,172,219.5,366.5,1205
4868,850,872,945,194,243.25,372,1222
4869,883,872,961,183,267,450,1333
4870,889,889,889,183,267,450,1339
4871,783,883,800,208,266.5,467,1250
4872,923,873,955,220.5,266,480.5,1422
4873,883,883,878,187.75,261,449.5,1377
4874,950,872,874.5,155,263.5,418.5,1368.5
4875,789,861,792.5,202.5,262.75,422,1211
4876,838,861,928,220.5,262,463.75,1350
4877,861.5,850,855,201.75,267,454.375,1367
4878,905.5,850,845,183,262,445,1350.5
4879,845,845,772,183,264.5,372,1217
4880,844,844,922,183,267,450,1294
4881,867,861,861,177,267,444,1311
4882,772,867,756,230.5,228,428,1200
4883,844,856,889,245.75,247.5,473,1317
4884,895,872,950,214.875,267,459,1423
4885,966,889,883,184,261,445,1411
4886,839.5,878,969.5,183.5,264,447.5,1167
4887,933.5,894,929.25,183,267,450,1383.5
4888,894,894,889,183,262,445,1339
4889,889,889,922,183,222.5,405.5,1178
4890,878,878,955,183,244.75,452.75,1244
4891,833,883,967,149.75,267,417.625,1333
4892,1000.5,884,883,116.5,266,382.5,1383
4893,732.5,878,800,100.25,188.5,450,1182.5
4894,699.75,872,795,191.625,227.75,500,1245
4895,838.875,866,831,187.312,267,469.5,1217
4896,978,878,867,183,256,439,1417
4897,783,861,805,180.5,261.5,461,1244
4898,939,856,923,178,267,445,1384
4899,856,861,855,183,261,444,1300
4900,846.5,844,845,180.5,262,442.5,1289
4901,842.5,839,772,177,261.5,372,1214.5
4902,827,834,900,184,261,445,1272
4903,767,839,839,183.5,261,444.5,1284
4904,906,833,833,183,261,444,1350
4905,838,833,756,178,191.5,372,1200
4906,834,834,772,178,229.25,464,1239
4907,892,833,978,180.5,267,454,1278
4908,950,844,838,183,261,444,1394
4909,850,850,778,183,263.5,372,1222
4910,850,845,922,178,266,444,1294
4911,863.5,866,867,180.5,267,447.5,1311
4912,869.5,873,867,184,261,445,1314.5
4913,745,861,789,183.5,264,447.5,1234
4914,983,866,944,183,267,450,1433
4915,895,873,867,161,261,422,1317
4916,850,866,872,177,267,444,1294
4917,800,861,794,192.25,269.5,438,1238
4918,892.5,862,934,207.5,272,479.5,1372
4919,895.5,866,861,178,267,445,1340.5
4920,850,856,778,184,266.5,373,1223
4921,850,850,927,184,266,450,1300
4922,856,855,850,183,261,444,1300
4923,778,850,773,183,186,439,1217
4924,922,850,777,183,226.5,469.5,1216
4925,806,856,819,177.5,267,454.25,1306
4926,922,861,861,172,267,439,1361
4927,861,872,789,183,222.5,444.5,1228
4928,778,867,861,208.5,241.75,450,1228
4929,905,867,950,193.25,261,444.5,1400
4930,922,866,866,178,261,439,1361
4931,795,867,800,196,261,444,1239
4932,914,878,945,214,261,475,1389
4933,919,889,889,184,261,445,1364
4934,975,883,883,181,261,444.5,1328
4935,792,878,883,178,266,444,1236
4936,878,883,884,183,267,450,1328
4937,883,883,877,183,261,444,1327
4938,878,873,806,178,263.5,372,1250
4939,866,872,944,184,266,450,1316
4940,869,866,867,181,267,448,1317
4941,876,873,767,178,228,363,1215
4942,955,866,894,180.5,244.5,403.5,1233
4943,762,856,928,183,261,444,1206
4944,952.5,861,867,183,267,444,1311
4945,769.5,861,855,183,261,444,1213.5
4946,855,850,778,178,261,444,1222
4947,845,850,922,183,261,444,1289
4948,850,856,856,189,261,450,1300
4949,800,855,855,211.5,261,436.5,1305
4950,866,856,784,194.25,261,423,1289
4951,912,855,927,177,261,438,1350
4952,861,867,873,183,267,450,1311
4953,883,883,872,183,256,439,1322
4954,883,884,817,184,189,373,1256
4955,873,872,805,183,227.5,450,1178
4956,800,878,841.5,183,266,450,1327
4957,955,877,878,183,267,450,1405
4958,878,873,789,178,267,458.5,1239
4959,844,866,950,200,267,467,1311
4960,889,878,878,189,267,456,1345
4961,872,872,744,189,228,411.5,1200
4962,889,878,928,178,247.5,472.25,1256
4963,784,872,950,200,267,477.625,1317
4964,928,884,878,189,261,416.812,1411
4965,916,872,789,178,224.5,346.906,1272
4966,956,867,877,181,245.25,398.453,1233
4967,777,872,950,184,266,450,1227
4968,823,878,873,184,261,406,1323
4969,927,872,789,184,264,428,1289
4970,867,866,955,183,267,450,1317
4971,806,862,861,183.5,266,447.5,1311
4972,916,861,856,184,261,445,1361
4973,856,855,861,183,267,450,1306
4974,861,861,861,183,267,450,1311
4975,856,856,850,183,261,444,1300
4976,894,855,778,144,219.5,402.5,1222
4977,811,850,844,183,240.25,423.75,1172
4978,861,862,945,184,261,445,1306
4979,856,855,861,183,267,450,1306
4980,761,867,772,180.5,267,461,1222
4981,972,861,956,178,267,445,1417
4982,856,867,861,189,261,450,1306
4983,872,866,866,183,261,444,1316
4984,861,861,795,183,261.5,378,1239
4985,861,861,928,183,262,445,1306
4986,872,867,866,178,261,439,1311
4987,869.5,872,767,180.5,267,469.5,1206
4988,814.5,861,978,181.75,273,459.75,1314.5
4989,922,878,872,183,267,450,1372
4990,911,878,872,150,261,411,1322
4991,833,867,905.5,184,222,388.5,1280.5
4992,873,872,939,183,244.5,416.75,1239
4993,866,861,945,178,267,445,1311
4994,867,867,861,178,261,439,1306
4995,850,850,855,178,266,444,1294
4996,844,850,850,184,266,450,1294
4997,806,861,861,183.5,266,447.5,1311
4998,922,866,862,183,262,445,1367
4999,861,862,788,184,264,372,1233
5000,806,861,939,181,266,408,1311
5001,922,861,861,178,266,444,1366
5002,861,861,756,178,269,472,1200
5003,800,850,961,178,272,458.5,1300
5004,911,861,856,178,267,445,1356
5005,850,856,850,184,261,445,1295
5006,861,850,922.5,173,264,445,1150
5007,839,844,995,178,267,445,1284
5008,856,856,855,178,266,444,1300
5009,855,855,850,178,261,439,1294
5010,856,856,925,178,261,442,1156
5011,855,861,893,184,261,445,1300
5012,862,861,861,183,261,444,1306
5013,855,855,861,183,267,450,1305
5014,856,856,783,183,267,377,1233
5015,805,861,934,186,267,416.5,1311
5016,911,861,861,189,267,456,1367
5017,878,861,778,172,230.5,414,1234
5018,850,856,866,178,245.75,372,1222
5019,875,872,939,175,261,436,1311
5020,858,867,867,184,261,445,1303
5021,867,866,783,183,261,483.5,1228
5022,778,856,939,183.5,261,464.25,1300
5023,944,867,867,184,261,445,1389
5024,867,866,866,183,261,444,1311
5025,867,861,861,177,261,438,1305
5026,794,862,867,194,266,455,1305
5027,889,855,850,211,261,472,1361
5028,883,850,784,178,183.5,373,1256
5029,850,850,761,178,222.25,406,1272.5
5030,850,850,753,178,261,439,1289
5031,850,850,745,178,261,439,1184
5032,839,839,944,178,261,439,1278
5033,839,844,750,183,261.5,444.5,1189
5034,845,850,945,188,262,450,1295
5035,866,862,761,184,186.5,373.5,1211
5036,859,861,811,186,145.75,330.75,1156
5037,875,872,866,183,203.375,334.875,1163
5038,983,878,824.5,186,261,342.438,1322
5039,772,883,783,189,236,365.719,1297
5040,883,872,922,178,193,389,1272
5041,862,867,806,183,230,439,1195
5042,844,883,839,180.5,267,436,1333
5043,928,884,872,178,255,433,1361
5044,872,877,883,183,261,444,1316
5045,867,867,862,183,256,439,1306
5046,866,867,872,184,261,445,1311
5047,856,855,852.5,183,258.5,441.5,1297.5
5048,855.5,856,791.5,183.5,259.75,377.5,1233
5049,766.5,850,917,180.75,261,413.75,1294.5
5050,939,850,861,178,272,450,1389
5051,856,855,756,177,236,411,1206
5052,855,850,877,172,248.5,372,1227
5053,845,856,917,183,261,444,1289
5054,805,850,850,185.5,261,446.5,1294
5055,895,855,855,188,261,449,1344
5056,855,850,784,183,261,378,1233
5057,859.5,862,928,185.5,261,446.5,1306
5058,868.5,861,866,178,266,444,1312.5
5059,867,866,874.5,177,194,374.5,1150
5060,861,867,883,183,202.5,420.25,1166
5061,800,872,961,183,184.75,466,1266
5062,944,872,828,183,186.875,419,1294
5063,867,867,889,183,243.438,372,1239
5064,811,811,922,183,252.219,408,1294
5065,917,917,878,183,261,444,1361
5066,905,867,778,145,222,388.5,1222
5067,850,855,866,150,244,419.25,1183
5068,822,856,939,184,266,450,1272
5069,889,872,867,167,261,428,1317
5070,856,867,778,178,238.75,414.25,1206
5071,866,872,916.5,184,252.875,400.5,1266.5
5072,767,855,905.5,184,267,422.75,1306
5073,961,873,867,184,261,445,1406
5074,872,866,866,178,261,439,1311
5075,862,867,789,183,264,443.25,1228
5076,863.5,861,945,180.5,267,447.5,1311
5077,872,872,872,180.5,267,447.5,1319.5
5078,869.5,867,744,178,227.5,409.75,1191.5
5079,861,867,911,184,247.25,372,1233
5080,867,866,945,183,267,450,1317
5081,867,867,861,183,261,444,1311
5082,866,861,744,178,231.75,417.75,1188
5083,850,861,919.5,189,249.375,391.5,1241.5
5084,861,850,914.5,178,267,445,1306
5085,861,867,861,184,261,445,1306
5086,862,861,864,183,264,447,1309
5087,861,861,943,183,265.5,476.5,1150
5088,805,861,904.5,183,267,460.25,1311
5089,928,872,866,183,261,444,1372
5090,894,867,870,156,264,420,1314
5091,839,867,869,184,266,450,1289
5092,795,877,878,181,267,394.5,1328
5093,955,867,761,178,236.5,391.75,1294
5094,856,861,906,183,251.75,389,1245
5095,872,878,939,189,267,456,1328
5096,878,872,866,183,261,444,1322
5097,878,872,878,177,267,444,1322
5098,783,862,859,183,264,400,1303
5099,922,855,758,189,262.5,447.5,1278
5100,811,856,950,208.5,261,437.75,1306
5101,861,855,794,148.75,263.5,428,1289
5102,995,856,922,160.375,266,430.5,1350
5103,739,822,817,172,261,433,1172
5104,833,844,872,183,250,472,1305
5105,828.5,823,773,177.5,261.5,416.5,1245
5106,810.5,816,850,183,273,456,1266.5
5107,806,817,822,194,278,472,1278
5108,822,822,816,194,272,466,1288
5109,828,828,784,194,214,422,1250
5110,966,850,778,116.5,243,366.5,1200
5111,911,872,988,77.75,272,302.75,1222
5112,884,884,812,130.375,227.5,334.375,1169
5113,750,894,877,183,213.75,303.688,1234.5
5114,808.5,917,934,155.5,198.375,307.344,1300
5115,867,922,905,128,171.188,267.172,1178
5116,956,911,872,100,183.094,267.086,1183
5117,922,911,962,147.5,227.547,367.043,1189
5118,783,906,983,195,272,467,1250
5119,878,905,844,201.75,233,433,1311
5120,919.5,906,889,208.5,169,402.5,1322
5121,924.5,900,811,184,187,398.25,1213.5
5122,884,889,989,189,187.5,394,1278
5123,891.5,889,872,186.5,227.25,374.5,1266
5124,886.5,883,962,183,267,450,1336.5
5125,872,867,872,178,272,450,1322
5126,866,861,872,173,272.5,456,1322
5127,856,866,856,183,273,456,1312
5128,872,867,861,178,267,445,1317
5129,856,856,800,178,272.5,389,1245
5130,861,866,933,183,278,461,1322
5131,869.5,867,856,180.5,267,447.5,1317
5132,863.5,867,800,184,278,384,1247.5
5133,984,866,955,203,275.5,439.5,1339
5134,945,872,856,196,273,447.25,1211
5135,906,873,866,189,266,455,1361
5136,861,855,817,183,216.5,411,1272
5137,864,867,806,186,241.75,430.5,1217
5138,875,872,972,183,267,450,1325
5139,873.5,872,916.5,137.25,272.5,380.5,1283.25
5140,872,872,861,114.375,278,369.5,1241.5
5141,867,867,855,151.688,266,404.25,1224.5
5142,763.5,861,845,189,250,439,1202.5
5143,844,861,816,206,258.5,411,1255
5144,869.5,861,923,197.5,267,464.5,1334
5145,864.5,850,783,183,247.5,383,1247.5
5146,941.5,850,878,137.25,230.75,344.25,1261
5147,861,861,847,163.125,173.875,325.125,1166.5
5148,763.5,861,764,189,159.438,343.062,1175.25
5149,823,850,878,216,210.219,399.031,1184
5150,883,861,977,194,261,455,1338
5151,850,861,756,205,230.5,422,1211
5152,878,862,906,189,231.75,389,1267
5153,955,855,888,130.5,224.125,338.75,1277
5154,884,867,850.5,154.25,248.062,394.375,1172.5
5155,766,872,927.5,178,272,450,1216
5156,967,872,822,194.5,280.5,475,1272
5157,744,872,939,211,268,544.25,1244
5158,674.5,651.5,651.25,197.5,255.5,458.125,1110.5
5159,724.25,756.25,714.625,184,180.25,372,1130.25
5160,774,861,778,131,212.125,376,1150
5161,759,850,989,160,244,335.5,1365
5162,744,855,954,189,209.5,346.75,1289.5
5163,856,850,919,183,192.25,353.875,1214
5164,847,850,850,186,210.125,329.938,1208
5165,947,839,892,112.5,162.062,241.469,1253
5166,895,856,742,145.25,138.031,266.734,1133.5
5167,931,861,861,178,188.516,288.867,1205.75
5168,967,861,986,181,198.508,340.684,1278
5169,755,867,836.5,184,185.254,392.5,1147.5
5170,861,866,829.5,189,204.127,399.25,1222
5171,867,861,912,183,200.813,406,1273
5172,867,861,835.5,177,155.907,374.5,1241.5
5173,864,867,780.5,180,188.953,340.25,1155
5174,963,867,978,111,177.727,274.375,1269
5175,908,866,810.5,76.5,227.863,297.188,1233.5
5176,878,878,989.5,82.25,278,304.094,1198
5177,826,872,817,63.125,244.5,279.547,1182
5178,911,867,855,123.062,216.75,325.773,1166
5179,744,883,861,183,208.375,372,1208
5180,958.5,867,878,130.5,176.688,297.5,1250
5181,874.5,861,806,84.75,185.844,265.75,1197.5
5182,911,872,922,136.875,195.422,329.875,1145
5183,938.5,862,872,189,208.711,394,1205.5
5184,966,855,872,161.25,211.105,370.5,1266
5185,811.5,867,858.5,133.5,242.053,413.25,1158.5
5186,816.5,866,925.5,183,273,456,1272.5
5187,845,856,794,194,267,405,1250
5188,866.5,861,911,188.5,261,449.5,1316
5189,977.5,861,806,185.75,230.5,416.25,1255.5
5190,756,867,861,183,181.75,383,1139
5191,861,861,794,183,193.875,386,1177
5192,861,861,934,183,180.438,389,1250
5193,872,872,833,183,196.219,392,1222
5194,861,861,906,183,167.609,395,1256
5195,850,850,777,183,171.555,376.75,1172
5196,856,856,892.5,183,143.777,337.875,1214.5
5197,856,856,796.5,183,177.389,365.938,1155
5198,850,850,945,183,185.694,394,1244
5199,844,844,827,183,203.847,377,1221
5200,856,856,884,183,248.924,405,1261
5201,860,861,933,184,235.462,478,1338
5202,850,850,778,184,223.231,406,1256
5203,861,861,850,184,245.115,395,1256
5204,850,855,911,189,267,456,1306
5205,873,867,930.5,183,242,378,1184
5206,961,861,950,158,229.5,364,1261
5207,822,872,872,133,214.75,373.5,1172
5208,828,878,861,183,218.875,383,1211
5209,983,883,906,130.5,215.188,336.25,1289
5210,883,878,866.5,159.75,252.094,407.125,1172.5
5211,767,878,955.5,189,231.547,478,1245
5212,872,872,794,189,215.773,400,1272
5213,861,861,850,189,213.387,389,1250
5214,873,873,884,189,251.193,400,1273
5215,883,877,955,183,228.597,472,1355
5216,833,878,795,194.25,230.798,434,1267
5217,889.5,867,894,205.5,231.899,438.5,1328
5218,991.75,861,861,177.75,232.45,410.75,1299.5
5219,904.375,861,861,150,221.725,383,1255.25
5220,817,850,828,183,213.862,394,1211
5221,860.5,844,839,166.5,215.431,372.5,1233
5222,856,856,867,166.5,213.466,383.5,1239.5
5223,838.5,861,855.5,189,212.233,400.5,1239
5224,856,856,855.5,189,206.116,400,1256
5225,855,855,844,189,205.808,389,1244
5226,867,867,872.5,189,246.904,394.5,1261.5
5227,872,867,949.5,184,231.452,472,1344
5228,856,861,789,189,210.226,405,1261
5229,868.5,866,839,186.5,206.363,375.5,1244
5230,867,867,880.5,186.5,200.682,389,1256
5231,875.5,872,864.5,183,225.341,378,1253.5
5232,967,867,922,158,250,352.5,1300
5233,828,878,822,133,269.5,412.25,1155
5234,822,872,967,183,242.75,472,1294
5235,872,867,794,178,218.375,394,1266
5236,858.5,861,839,180.5,203.688,374.5,1233
5237,872,872,867,180.5,204.844,369.5,1241.5
5238,858.5,861,878,183,227.422,389,1247.5
5239,861,861,905,183,250,433,1294
5240,861,861,806,183,236.25,378,1239
5241,822,856,883.5,217,215.625,439.5,1261.5
5242,883,855,827.5,189,232.812,384,1267
5243,831,845,900,203,250,453,1284
5244,855,855,739,203,272.5,462.5,1192
5245,876,850,789,177,278.25,472,1348
5246,844,850,839,183,264.125,467,1311
5247,848,845,811,180,250,430,1278
5248,855,855,872,180,267,447,1302
5249,845,845,845,180,267,447,1292
5250,850,850,805,180,239,402,1252
5251,839,839,828,180,216.5,391,1230
5252,850,850,833,180,202.75,374,1224
5253,846,855,850,189,223.875,378,1224
5254,973,861,917,161,245,353,1295
5255,805,861,811,133,214,376.5,1239
5256,783,867,855,217,251.5,400,1183
5257,884,867,973,200,245.25,364,1373
5258,972,861,811,172.25,219.625,351.25,1300
5259,822.5,878,833,144.5,257.312,434.125,1161
5260,799.5,877,978,108.25,248.156,372.562,1316.5
5261,798.25,884,828,127.625,240.578,376.281,1345
5262,797,872,866,147,217.789,380,1177
5263,883,883,845,147,197.395,370.5,1225
5264,847,884,866,184,220.697,353.25,1208
5265,981,889,956,138,244,292.125,1317
5266,866,866,761,115,217.75,287.812,1236.25
5267,872,872,924.5,146.5,164.375,288.406,1155.5
5268,776,862,781.5,178,154.188,327.703,1169.25
5269,816,861,894,189.25,174.094,361.102,1183
5270,883.5,861,911,200.5,193.047,394.5,1278
5271,844.5,866,884,155.75,198.023,434,1278.5
5272,978,867,858,111,179.512,353,1292
5273,867,867,825,111,192.256,334.5,1139
5274,861,861,905,111,193.128,375.75,1177
5275,755,867,856,175,166.064,417,1172
5276,845,861,806,129,213.532,378,1223
5277,1011,855,977,153,261,377.5,1355
5278,767,861,800,177,219.5,377,1144
5279,903,856,834,130,212.25,356,1211
5280,850,850,877,130,220.125,333.5,1185
5281,891,844,867,101,221.562,314.25,1202
5282,861,850,845,142,202.781,340.625,1156
5283,750,861,822,183,209.891,314.812,1203
5284,961,850,883,155.25,213.445,329.656,1250
5285,789.5,845,845,127.5,217.723,339.578,1224.75
5286,850,850,855,127.5,175.861,300.539,1199.5
5287,855,855,767,127.5,229.431,355.52,1233
5288,856,856,770,127.5,223.215,410.5,1266.5
5289,839,839,773,127.5,214.108,343.75,1183.5
5290,905.5,850,838,152.75,204.054,357.875,1182.5
5291,733,839,828,178,177.027,372,1174.75
5292,828,839,795,189,158.013,347.25,1167
5293,838.5,833,822,183.5,212.507,340.625,1161
5294,955.5,839,967,213.75,267,392.312,1289.5
5295,944.5,844,777,184.625,278,444,1333.75
5296,933.5,845,934,155.5,236,444.5,1378
5297,839,839,744,155.5,218,400,1188.5
5298,855,855,861,155.5,209,377.75,1210.5
5299,856,856,856,155.5,238,419.875,1211.5
5300,821.5,861,928,195,267,462,1283.5
5301,958.5,861,800,206,233.5,439.5,1262
5302,747.5,867,861,217,258.75,417,1164.5
5303,861,866,950,218.25,262.875,451.75,1367
5304,858.5,856,839,219.5,267,435.625,1345
5305,861,861,794,219.5,266.5,419.5,1280.5
5306,858.5,856,922,217,266,448.75,1341.5
5307,889,861,884,189,266.5,478,1367
5308,841,855,833,203,267,470,1311
5309,848,867,811,196,217,433,1281
5310,905,872,828,189,253,463.75,1261
5311,855.5,872,994,205.5,226.5,434.625,1350
5312,873,873,784,205.5,229.75,405.5,1278.5
5313,866.5,872,905,211,208.875,444,1310.5
5314,844,878,833,205.5,248.938,433,1277
5315,911,866,967,200,196.469,399.75,1400
5316,833.5,856,947.5,208.5,203.734,413.875,1200
5317,866.5,861,928,217,251.867,428,1294.5
5318,958.5,850,939,108.5,245.434,408.5,1367
5319,763.5,844,783,189,186.217,428,1191.5
5320,928.5,834,861,130.5,204.108,361,1150
5321,866.5,844,939,154.25,196.054,363.5,1160.5
5322,739,845,811,178,220.527,392.75,1210.75
5323,839,838,895,177,245,422,1261
5324,844.5,845,922.5,177.5,239,363.5,1155
5325,955.5,850,950,180.25,231,384.75,1260.5
5326,744,855,845,183,240.5,406,1150
5327,911.5,856,883,127.5,250,377.5,1289
5328,856,856,817,127.5,236,413.75,1194.5
5329,760.5,861,872,155.25,226.25,450,1210.5
5330,911,866,860.5,183,238.125,399.5,1310.5
5331,940.25,867,900.5,237.25,250,445.5,1300
5332,969.5,861,811,264.375,239,482.5,1345.75
5333,872,872,900,221.188,211,421.75,1391.5
5334,986.5,873,828,178,238.5,441.375,1347.5
5335,844,861,944,195,266,461,1305
5336,869.5,861,817,186.5,238.5,408.5,1278
5337,852.5,855,844,189,246.75,400,1252.5
5338,862,856,900,183,255,438,1300
5339,833,850,839,200,244,444,1277
5340,847.5,839,872.25,191.5,216.25,352.25,1172
5341,969.5,850,905.5,187.25,216.625,376.125,1230
5342,744,855,883.5,183,194.812,400,1144
5343,839,850,806,194,199.906,396.75,1206
5344,861.5,856,888,188.5,169.453,393.5,1255
5345,860.5,855,789,183,215.227,373,1182.5
5346,953.5,862,984,188.5,261,408.5,1306
5347,752.5,855,844,194,250,444,1196.5
5348,953,856,822,139,191.5,330.5,1266
5349,874,861,778,202.5,165.25,367.75,1172
5350,887,855,861,212.25,213.125,405,1277.5
5351,900,856,978,208.625,261,411,1383
5352,872,855,806,205,227.5,417,1289
5353,994,862,844,194,211.25,397.5,1261
5354,745,855,856,183,230.625,378,1272
5355,850,850,905,183,250,433,1283
5356,850,850,811,183,225,394,1244
5357,833,850,839,200,210,400,1233
5358,861,850,845,189,221.5,384,1245
5359,845,845,883,189,213.75,422,1267
5360,844,844,817,189,237.375,395,1239
5361,861,861,916,189,261,450,1311
5362,850,850,811,189,233,411,1261
5363,961,856,839,136.5,213.5,344.5,1250
5364,861,861,850,209.75,212.25,419.25,1139
5365,883.5,855,872,221.375,225.625,445.625,1150
5366,906,856,884,205.188,225.312,472,1378
5367,894,850,836,189,225.156,414,1308
5368,817,850,850,186,168.078,447,1264
5369,889,850,736,183,203.539,456.5,1183
5370,800,844,972,183,201.77,466,1266
5371,894,850,811,183,228.385,383,1277
5372,739,856,911,183,255,391.5,1294
5373,961,844,806,183,244,400,1361
5374,786.5,845,861,212.25,227.5,474.5,1261
5375,850,850,828,195.125,241.25,452.5,1302.5
5376,913.5,850,894,178,255,433,1346.5
5377,833,839,897,184,233.5,419.5,1156
5378,817,827,900,194,227.75,406,1223
5379,850,845,855,189,210.875,411,1261
5380,844,839,811,184,235.938,378,1222
5381,828,828,895,184,261,445,1273
5382,828,833,789,189,230.5,406,1234
5383,828,833,816,194,226.25,394,1222
5384,772,828,850,188.5,238.125,472,1244
5385,900,833,861,183,250,433,1333
5386,811.5,845,831,216.5,255.5,452.5,1264
5387,877.5,850,875,189,261,450,1327.5
5388,855,850,811,184,252.5,406,1261
5389,850,850,872,184,244,428,1278
5390,973,855,756,183.5,252.5,436,1184
5391,739,856,972,183,261,444,1183
5392,900,855,963.5,183,250,433,1172
5393,933.5,850,955,183,236,422,1216.5
5394,967,856,839,180.5,176,358,1261
5395,750,856,750,178,216,398.5,1275
5396,850,855,995,183,256,439,1289
5397,844,856,739,195,233.5,364,1178
5398,978,861,933,186,204.25,358,1267
5399,767,866,830,177,232.625,398.5,1283.5
5400,861,862,948,178,261,439,1300
5401,855.5,855,813,177.5,225,396.5,1252
5402,844.5,856,826,189,243,378,1222.5
5403,944.5,850,922,141.75,261,369.75,1300
5404,844,844,850,106.875,267,329.375,1205.5
5405,872.5,850,800,142.438,264,384.188,1161.5
5406,755,861,905,178,261,439,1194
5407,903,850,878,125,200,414,1317
5408,792,850,908.5,183,211,354,1289
5409,967,856,939,205.5,158,343.5,1261
5410,928,850,972.5,197.25,209.5,396.75,1300
5411,889,850,869.25,189,261,450,1339
5412,855,844,766,178,230.5,455.5,1216
5413,773,856,873,236.5,184.75,461,1234
5414,816,850,789,210.25,225.375,434,1250
5415,961,850,977,184,266,450,1411
5416,845,850,806,189,227.5,411,1256
5417,978,861,828,214,247.25,458.5,1239
5418,942,850,928,198.5,267,454.25,1189
5419,906,850,850,183,267,450,1356
5420,850,855,816,188,225.5,416,1266
5421,855,850,806,183,243.75,427.5,1222
5422,856,850,928,177,262,439,1295
5423,839,850,855,188,267,455,1294
5424,838,839,789,189,254.5,406,1244
5425,839,839,864,189,242,431,1270
5426,850,839,858,178,261,439,1289
5427,823,833,822,188,250,438,1261
5428,844,834,817,178,211,411,1255
5429,844,850,789,184,236,430.5,1200
5430,839,844,933,189,261,450,1289
5431,845,839,773,183,255.5,378,1223
5432,761,850,905,177.5,250,347.5,1283
5433,950,850,745,172,253,393.25,1267
5434,839,850,961,183,256,439,1278
5435,844,845,783,184,239,378,1222
5436,856,861,889,189,216.5,411,1267
5437,866,861,833,184,252.75,378,1244
5438,800,861,956,180.5,226.375,377.5,1334
5439,912,844,755,177,229.688,377,1289
5440,794,856,889,177.5,223.094,472,1266
5441,911,850,833.5,178,242.547,394.5,1305.5
5442,824.5,855,900.5,208.5,262,470.5,1295
5443,839,839,794,208.5,253.5,425.5,1264.5
5444,814.5,850,878,165.25,245,404.25,1303.5
5445,832.25,850,847.5,122,261,383,1251.75
5446,850,850,817,122,264,416.5,1200
5447,783,844,883,183,267,450,1233
5448,778,845,839,199.75,261,452.75,1289
5449,872.5,839,817,216.5,247,455.5,1328
5450,871.5,844,838,189,234.5,422,1293.5
5451,867,856,845,178,245.25,400,1267
5452,844,855,889,189,256,445,1289
5453,855.5,850,822,183.5,197.5,411.5,1267
5454,783.5,861,772,180.25,229.75,400,1183.5
5455,945,861,984,177,262,439,1384
5456,844,862,855,195,255,450,1294
5457,859,850,795,186,244,386,1245
5458,872,872,905,186,233.5,419,1291
5459,864,866,856,188,244.25,411,1275
5460,956,862,894,141,255,372,1305
5461,855,855,839,184.5,247,419.5,1188
5462,875,850,850,181.25,242.5,467,1183
5463,895,845,844,178,249.25,416,1311
5464,813,838,856,203,256,459,1272
5465,792,834,789,218.5,203,456,1248
5466,850,839,778,229,229.5,384,1234
5467,838.5,844,950,203,256,411.5,1334
5468,895.5,833,839,177,262,439,1334.5
5469,938.5,850,794,177,262,439,1233
5470,761.5,850,906,177,262,439,1200.5
5471,927.5,839,827,132.75,250,369.25,1266
5472,834,834,795,110.625,230.5,334.375,1202.25
5473,839,839,839,127.812,229.25,353.688,1138.5
5474,776.5,833,850,145,245.125,373,1149.5
5475,789,833,866,189,261,450,1239
5476,839,834,778,184,230.5,389,1228
5477,784,833,828,208.5,182.25,433,1217
5478,833,833,767,196.25,218.625,436,1200
5479,894,845,966,184,255,439,1333
5480,828,833,789,189,247,400,1228
5481,767,839,867,186,226,394,1267
5482,928,850,816,183,227,388,1316
5483,794,844,867,189,219,461,1255
5484,883,845,828,195,215,406,1289
5485,784,855,855,189,235.5,477,1261
5486,944,861,906,183,256,439,1383
5487,795,862,850,183.5,244,414,1289
5488,927,861,822,184,233.5,389,1316
5489,867,866,884,183,233.25,406,1273
5490,872.5,873,883,183.5,238.625,416.5,1289
5491,866.5,872,883,189,244,433,1299.5
5492,867,861,828,183,219,394,1261
5493,861,861,844,183,223.5,377,1238
5494,766,861,895,300,225.75,511,1272
5495,842.75,850,850,323.75,223.875,540.25,1356
5496,919.5,850,844,247.875,242.438,486.625,1412.75
5497,854.25,861,900,172,261,433,1334.375
5498,789,845,823,186,241.5,467,1256
5499,872,844,827,200,229.25,422,1294
5500,767,850,845,189,214.625,400,1267
5501,961,856,839,178,229.312,378,1339
5502,772,850,894,180.5,244,411,1272
5503,928,855,872,183,261,444,1372
5504,794,861,811,183,258.5,461,1255
5505,928,861,906,183,256,439,1367
5506,783,845,828,191.5,236,427.5,1267
5507,884,839,816,200,223.5,416,1300
5508,821.5,844,839,172,242.25,433.5,1255
5509,917.5,839,889,144,261,405,1322.5
5510,917,845,817,147,233,380,1222
5511,755,833,805,150,225,415,1211
5512,750,833,845,166.5,240.5,450,1200
5513,889,839,878,183,256,439,1328
5514,778,822,811,205.5,245,472,1250
5515,822,823,811,194.25,239.5,461,1283
5516,872,827,828,183,250.25,417,1289
5517,833,834,861,184,261,445,1278
5518,739,833,811,228,242,470,1256
5519,839,833,817,230.5,238,468.5,1334
5520,878,839,850,204.25,249.5,467,1345
5521,905,850,877,178,261,439,1344
5522,822.5,850,845,205.5,256,461.5,1284
5523,866.5,850,794,189,255.5,389,1255.5
5524,761,856,911,186,255,383.5,1300
5525,967,866,806,183,252.5,378,1345
5526,811.5,862,917,128,250,322.5,1295
5527,1010.5,850,794,155.5,239,366.75,1277.5
5528,745,855,889,183,250,411,1156
5529,894,856,889,145,261,406,1300
5530,750,850,816,164.5,227.5,472,1222
5531,911,850,817,184,219.25,378,1289
5532,784,844,861,183.5,212.625,455,1239
5533,911,850,845,183,231.312,389,1300
5534,744,845,889,183,250,394.5,1278
5535,945,844,811,183,228,400,1345
5536,805,844,833,166.5,228,428,1233
5537,922,850,872,150,239,378,1300
5538,809,845,867,186,250,436,1245
5539,775,844,828,184.5,244.5,429,1264
5540,922,850,855,183,252.75,422,1344
5541,856,850,872,177,261,438,1294
5542,939,839,834,180.5,256,444,1272
5543,872.5,845,855,184,266,450,1280.5
5544,806,844,839,164,261,408,1289
5545,928,850,811,144,253,420.5,1294
5546,789,833,856,188,245,433,1222
5547,783,839,805,183,253,455,1238
5548,905,839,889,178,261,439,1344
5549,839,839,811,178,194.5,411,1250
5550,845,839,838.5,172,172.25,397,1145
5551,783,844,866,161,216.625,383,1166
5552,928,845,956,150,261,411,1339
5553,817,844,822,177,222.5,416,1233
5554,827,839,784,189,186.25,373,1200
5555,767,850,816,186.5,184.625,422,1189
5556,944,856,889,184,222.812,430.5,1311
5557,856,850,928,178,261,439,1295
5558,858,861,822,181,261,403,1261
5559,825,872,911,147.5,261,378,1314
5560,981,867,845,114,250,406,1334
5561,780,861,861,195,244,434,1214
5562,878,867,866,184,222,422,1300
5563,806,877,839,300.5,233,455,1261
5564,874,867,911,318.25,244,501,1366
5565,942,861,828,253.625,233.5,456.5,1398.5
5566,907.5,872,884,189,222.25,412,1431
5567,873,867,855,183,233.125,394,1267
5568,855,856,889,184,244,428,1283
5569,856,850,833.5,178,233,405.5,1261.5
5570,811,855,849.5,178,230.5,444,1255
5571,905,861,867,178,245.75,406,1311
5572,834,856,889,200,261,461,1295
5573,866,844,800,178,250,395,1261
5574,845,850,872,183,239,422,1267
5575,850,850,839,183,236.5,411,1261
5576,861,850,856,172,184.75,406,1267
5577,844,856,755,184,225.375,425,1161
5578,856,850,983,178,266,444,1300
5579,800,855,834,161,245,478,1278
5580,939,850,828,144,239.5,450.5,1306
5581,805,850,861,189,250.25,423,1228
5582,856,850,877,183,261,444,1300
5583,878,839,817,144,244.5,383,1261
5584,800,839,828,183,239,411,1211
5585,844,845,850.5,184,213.5,417.5,1261.5
5586,800,850,804.5,184,220.25,422,1222
5587,900,850,889,184,221.125,411,1311
5588,856,844,839,172,227.062,394,1250
5589,750,867,878,177.5,244.031,419,1272
5590,978,872,900,183,261,444,1422
5591,814,867,856,180.5,250,444,1300
5592,919,861,877,178,266,444,1363
5593,850,855,847,183,258,441,1291
5594,861,856,864,178,266,444,1305
5595,852.5,855,828,180.5,233,419.5,1272
5596,803.5,850,811,181.75,225,427,1230.5
5597,900,856,873,183,246,400,1300
5598,861,861,911,183,267,450,1311
5599,867,867,844,183,244,427,1294
5600,849,855,822,189,239,400,1249
5601,861,861,884,189,250.5,423,1284
5602,867,861,889,183,262,445,1312
5603,856,845,844,172,261,433,1289
5604,838.5,844,850,177.5,267,444.5,1283
5605,844.5,850,817,183,264,417,1261.5
5606,861,856,883,178,261,439,1300
5607,839,844,839,183,256,439,1278
5608,847.5,845,811,180.5,247.5,402.5,1250
5609,852.5,855,872,183,254.25,422,1274.5
5610,883,850,872,150,261,411,1294
5611,773,850,806,166.5,250,444,1217
5612,900,856,878,183,255.5,422,1322
5613,866,867,889,184,261,445,1311
5614,895,855,855,144,261,405,1300
5615,822,861,867,183,267,450,1272
5616,867,867,844,183,244,427,1294
5617,872,872,895,183,267,450,1322
5618,872,872,866,183,261,444,1316
5619,861,861,867,183,267,450,1311
5620,733,873,839,183,264,447,1289
5621,774.5,872,900,183,261,444,1300
5622,816,867,867,183.5,261,447,1311
5623,911,861,866,184,266,450,1361
5624,811,866,839,184,263.5,478,1289
5625,928,873,895,184,261,445,1373
5626,795,872,866,203.25,255,464.75,1311
5627,904.5,866,873,212.875,262,440.625,1389
5628,862,862,794,192.438,256,416.5,1278.5
5629,905.5,855,911,172,250,422,1327.5
5630,855,856,845,173,233,412,1267
5631,812,861,838,175.5,250,438,1250
5632,905,861,912,178,267,445,1350
5633,889,861,794,150,252.5,472.5,1239
5634,744,856,894,169.5,234.25,438.75,1244
5635,934,861,839,189,250.625,405,1339
5636,878,866,917,177,267,444,1322
5637,861,861,822,177,264.5,405,1266
5638,839,850,884,188,262,450,1289
5639,822,856,822,180,259,450,1272
5640,911,861,889,172,256,428,1339
5641,820,845,844,197,255,452,1272
5642,844,844,811,197,230.5,419,1263
5643,864,850,834,183,234.75,389,1253
5644,833,839,872,189,247.875,428,1261
5645,794,839,861,186,261,439,1289
5646,895,844,850,183,267,450,1345
5647,855,856,805,184,255.5,400,1255
5648,867,861,889,178,244,422,1289
5649,864,867,873,181,250,431,1295
5650,825,866,844,184.5,256,450,1275
5651,906,872,906,188,262,450,1356
5652,866,856,838,178,244,422,1288
5653,845,844,812,177,230.5,389,1234
5654,755,850,855,174.5,245.75,411,1244
5655,939,839,883,172,261,433,1372
5656,795,845,828,161,244,466,1261
5657,900,828,850,150,266,416,1316
5658,811,844,806,183,255.5,411,1222
5659,844,844,861,183,245,428,1272
5660,872,845,844,156,244,400,1272
5661,845,839,850,150,255,405,1250
5662,778,850,861,186,266,447,1266
5663,844,844,845,182,267,445.5,1333
5664,889,845,844,178,266,444,1333
5665,789,839,839,180.5,266,447,1283
5666,883,838,839,183,267,450,1333
5667,845,850,783,188,267,388,1233
5668,816,856,923,235.5,267,457.5,1311
5669,795,850,827,231.75,244,470.75,1322
5670,916,861,873,210.375,256,460.375,1400
5671,911,872,877,189,261,450,1361
5672,823,861,862,228,262,491.5,1312
5673,822,862,866,237.5,266,477.25,1355
5674,892,872,822,210.25,253.5,463,1355
5675,925,861,886,183,241,424,1349
5676,958.5,867,881,183,255,434,1305
5677,763.5,855,861,183,261,444,1207.5
5678,947.5,856,811,211,261,472,1255
5679,926.75,855,900,194.5,261,458,1207.5
5680,906,845,850,178,266,444,1350
5681,778,827,834,181,273,450,1278
5682,866,823,822,184,272,456,1322
5683,817,811,811,178,272,450,1267
5684,802,805,811,181,278,459,1261
5685,892,806,795,114.25,267,383.75,1254
5686,847.5,800,794,145.625,261,410.875,1156
5687,862.5,794,794,177,261,438,1191.5
5688,877.5,789,789,180.5,261,447,1227
5689,833.25,784,795,184,272,456,1144.5
5690,789,777,647.5,172,255,394.5,1163.75
5691,850,773,704.75,122.5,247,353.25,1183
5692,783,761,762,103.25,306.5,401.625,1186
5693,739,755.5,877,115.625,228.25,450,1189
5694,773.5,749.75,866,128,244.625,387.5,1161
5695,808,744.375,855,155.5,261,413.25,1110
5696,816.25,738.688,827.5,183,256,439,1174.5
5697,824.5,738.844,800,177.5,228,414.5,1239
5698,792.75,736.422,797.5,172,244.5,372,1203
5699,761,693.211,795,145,261,406,1167
5700,790.25,754.605,772.5,158.5,255.5,474.5,1195.75
5701,819.5,816,750,155,250,405,1224.5
5702,739,774.5,747.5,144,244,388,1178.75
5703,733,751.25,745,144,256,400,1153.375
5704,728,739.625,736,144,256,400,1140.188
5705,783,730.812,732,130.25,255,388.75,1106.094
5706,747.25,729.406,730,116.5,261,377.5,1105.797
5707,770.875,728.703,740,133,261,394,1124.898
5708,794.5,730.852,750,208,261,469,1144
5709,744.25,731.926,741.5,265,261,526,1210.5
5710,833.125,735.463,737.75,202,261,460.5,1277
5711,922,742.731,743.875,139,256,395,1317
5712,881.75,749.366,750,142,256,397.5,1145
5713,841.5,757.683,755,145,255,400,1241.5
5714,773,766,767,138,256,394,1167
5715,777,789,794,150,261,411,1188
5716,811,806,806,145,261,406,1217
5717,795,833,839,183,267,450,1245
5718,844,845,833,184,255,439,1283
5719,850,850,850,184,255,439,1289
5720,856,855,861,183,261,444,1300
5721,872,872,873,183,262,445,1317
5722,883,878,877,178,261,439,1322
5723,873,872,873,177,262,439,1312
5724,866,878,877,189,261,450,1316
5725,884,872,873,177,262,439,1323
5726,900,878,872,155,256,411,1311
5727,844,867,866,178,255,433,1277
5728,883,855,856,150,256,406,1289
5729,812,839,844,177,261,438,1250
5730,861,834,834,150,261,411,1272
5731,822,822,816,150,255,405,1227
5732,750,811,817,211,261,472,1222
5733,789,789,795,211,267,478,1267
5734,825,778,766,200,255,464,1244
5735,861,772,778,189,261,450,1311
5736,794,783,778,178,256,434,1228
5737,784,778,783,172,261,433,1217
5738,772,783,789,183,267,450,1222
5739,833,789,783,139,261,400,1233
5740,795,800,800,144,261,405,1200
5741,783,822,828,183,267,450,1233
5742,828,834,828,189,261,450,1278
5743,850,839,839,178,261,439,1289
5744,855,861,861,184,261,445,1300
5745,878,878,878,184,261,445,1323
5746,889,861,861,156,261,417,1306
5747,839,872,872,189,261,450,1289
5748,878,867,867,178,261,439,1317
5749,861,850,850,167,261,428,1289
5750,828,844,839,183,256,439,1267
5751,839,839,844,183,261,444,1283
5752,827,828,822,184,255,439,1266
5753,823,816,822,177,261,438,1261
5754,816,823,817,184,255,439,1255
5755,817,816,822,183,261,444,1261
5756,833.5,833,836,189,261,450,1280.5
5757,850,850,850,189,261,450,1300
5758,878,866,867,177,262,439,1317
5759,872,878,872,183,256,439,1311
5760,905,906,916,184,266,450,1355
5761,917,916,912,183,262,445,1362
5762,889,895,888,189,255,444,1333
5763,900,894,900,183,261,444,1344
5764,906,900,900,177,261,438,1344
5765,927,906,906,156,261,417,1344
5766,873,900,900,183,261,444,1317
5767,911,911,911,183,261,444,1355
5768,911,911,911,183,261,444,1355
5769,900,900,900,183,261,444,1344
5770,900,900,906,183,267,450,1350
5771,911,906,900,178,261,439,1350
5772,889,900,900,189,261,450,1339
5773,894,883,883,178,261,439,1333
5774,922,894,900,150,267,417,1339
5775,862,895,889,183,261,444,1306
5776,916,883,878,150,256,406,1322
5777,845,872,878,177,262,439,1284
5778,877,878,883,178,267,445,1322
5779,867,872,867,183,262,445,1312
5780,850,850,850,183,262,445,1295
5781,861,850,855,172,267,439,1300
5782,850,850,845,172,262,434,1284
5783,834,839,838,177,261,438,1272
5784,816,823,823,184,261,445,1261
5785,806,805,805,183,261,444,1250
5786,800,800,795,183,256,439,1239
5787,800,795,800,178,261,439,1239
5788,783,788,789,183,262,445,1228
5789,822,789,788,150,261,411,1233
5790,756,789,795,183,267,450,1206
5791,800,800,794,183,261,444,1244
5792,805,800,800,178,261,439,1244
5793,800,806,806,184,261,445,1245
5794,823,822,828,183,267,450,1273
5795,844,844,839,183,262,445,1289
5796,867,867,866,183,261,444,1311
5797,850,856,856,189,261,450,1300
5798,872,861,866,178,266,444,1316
5799,856,855,850,177,261,438,1294
5800,861,856,862,172,267,439,1300
5801,850,861,855,183,261,444,1294
5802,866,867,867,184,261,445,1311
5803,861,866,861,189,256,445,1306
5804,867,861,867,183,262,445,1312
5805,872,873,872,184,261,445,1317
5806,883.5,883,883,183.5,261,444.5,1328
5807,883.5,878,878,178,261,439,1322.5
5808,900,900,900,178,261,439,1339
5809,889,894,894,183,261,444,1333
5810,917,884,884,150,261,411,1328
5811,850,877,877,177,261,438,1288
5812,883,884,889,178,266,444,1327
5813,833,883,878,178,261,441.5,1322
5814,922,872,872,178,261,439,1361
5815,856,856,861,178,266,444,1300
5816,861,866,862,183,262,445,1306
5817,867,862,861,178,261,439,1306
5818,878,844,844,144,261,405,1283
5819,800,833,839,177,267,444,1244
5820,822,823,817,178,261,439,1261
5821,805,811,811,184,261,445,1250
5822,806,805,805,183,261,444,1250
5823,817,811,811,177,261,438,1255
5824,822,828,828,183,261,444,1266
5825,833,833,834,183,262,445,1278
5826,828,834,833,189,261,450,1278
5827,855,844,844,178,261,439,1294
5828,850,850,850,178,261,439,1289
5829,845,845,850,178,266,444,1289
5830,844,850,850,184,266,450,1294
5831,856,850,845,178,261,439,1295
5832,861,833,833,150,261,411,1272
5833,794,822,822,178,261,439,1233
5834,806,806,806,178,261,439,1245
5835,828,794,794,144,261,405,1233
5836,761,795,795,178,261,439,1200
5837,789,789,794,178,266,444,1233
5838,822,788,784,144,262,406,1228
5839,789,789,783,144,256,400,1189
5840,750,789,794,183,261,444,1194
5841,783,784,778,184,255,439,1222
5842,811,777,778,150,256,406,1217
5843,739,773,778,184,261,445,1184
5844,772,777,772,189,256,445,1217
5845,773,767,772,183,261,444,1217
5846,811,772,772,144,261,405,1216
5847,744,784,778,184,255,439,1183
5848,800,800,800,184,255,439,1239
5849,800,805,806,189,256,445,1245
5850,811,811,811,189,256,445,1256
5851,834,822,828,177,262,439,1273
5852,839,845,838,183,255,438,1277
5853,844,844,850,183,261,444,1288
5854,867,873,873,189,261,450,1317
5855,883,877,872,183,256,439,1322
5856,867,873,872,189,255,444,1311
5857,866,855,861,178,261,439,1305
5858,850,856,856,184,261,445,1295
5859,839,839,839,184,261,445,1284
5860,834,827,827,177,261,438,1272
5861,844,811,812,144,262,406,1250
5862,756,795,800,183,267,450,1206
5863,827,783,777,139,261,400,1227
5864,778,784,784,145,261,406,1184
5865,750,783,783,178,261,439,1189
5866,822,789,783,145,255,400,1222
5867,750,783,784,178,256,434,1184
5868,795,800,800,183,256,439,1234
5869,816,817,816,184,255,439,1255
5870,856,822,828,150,261,411,1267
5871,789,828,822,189,255,444,1233
5872,839,833,839,183,261,444,1283
5873,850,856,850,189,255,444,1294
5874,872,861,867,178,261,439,1311
5875,867,872,867,183,256,439,1306
5876,889,889,888,183,255,438,1327
5877,916,883,889,150,261,411,1327
5878,856,889,889,183,261,444,1300
5879,894,900,900,189,261,450,1344
5880,922,911,906,178,256,434,1356
5881,900,906,905,184,255,439,1339
5882,895,900,900,189,255,444,1339
5883,939,900,906,150,261,411,1350
5884,878,905,905,177,261,438,1316
5885,966,884,878,180,255,441,1316
5886,778,866,872,183,261,444,1222
5887,950,850,850,166.5,261,425,1294
5888,772,839,834,150,256,406,1178
5889,784,811,816,177,261,438,1222
5890,850,823,823,150,261,411,1261
5891,800,833,827,183,255,438,1238
5892,838,844,845,189,256,445,1283
5893,873,873,878,189,261,450,1323
5894,911,911,911,189,261,450,1361
5895,905,900,900,184,261,445,1350
5896,889,889,889,184,261,445,1334
5897,889,888,894,183,267,450,1339
5898,922,895,883,156,255,411,1333
5899,856,883,889,183,261,444,1300
5900,883,884,884,184,261,445,1328
5901,889,888,889,183,262,445,1334
5902,917,884,877,150,255,405,1322
5903,844,878,884,184,261,445,1289
5904,872,872,866,184,255,439,1311
5905,873,861,867,172,261,433,1306
5906,877,855,850,150,256,406,1283
5907,767,828,828,211,256,467,1234
5908,856,822,833,177,267,444,1300
5909,800,817,822,194,272,466,1266
5910,800,806,795,200,261,461,1261
5911,827,805,805,178,261,439,1266
5912,778,817,817,217,261,478,1256
5913,872,833,833,178,261,439,1311
5914,834,834,867,178,261,472,1306
5915,844,850,817,184,261,445,1289
5916,861,855,855,178,261,439,1300
5917,856,856,861,178,266,444,1300
5918,861,861,856,178,261,439,1300
5919,872,872,872,178,261,439,1311
5920,872,872,872,178,261,439,1311
5921,873,878,878,183,261,444,1317
5922,883,878,883,178,266,444,1327
5923,894,889,884,173,261,434,1328
5924,917,889,889,145,261,406,1323
5925,845,883,883,183,261,444,1289
5926,894,889,889,178,261,439,1333
5927,878,883,883,183,261,444,1322
5928,878,872,872,177,261,438,1316
5929,861,861,862,177,262,439,1300
5930,872,878,877,183,261,444,1316
5931,878,878,878,183,261,444,1322
5932,877,872,872,178,261,439,1316
5933,856,861,856,183,256,439,1295
5934,872,834,839,145,261,406,1278
5935,817,816,811,144,256,400,1217
5936,811,811,811,144,256,400,1211
5937,817,817,822,144,261,405,1222
5938,789,822,822,177,261,438,1227
5939,872,845,845,150,261,411,1283
5940,822,850,855,178,266,444,1266
5941,872,878,873,184,261,445,1317
5942,906,905,905,183,261,444,1350
5943,894,889,889,178,261,439,1333
5944,884,889,889,183,261,444,1328
5945,900,894,894,177,261,438,1338
5946,894,895,895,178,261,439,1333
5947,889,889,894,178,266,444,1333
5948,900,905,900,183,261,444,1344
5949,900,900,900,183,261,444,1344
5950,894,895,889,184,255,439,1333
5951,906,900,906,178,261,439,1345
5952,894,900,900,184,261,445,1339
5953,911,911,911,184,261,445,1356
5954,906,900,894,178,255,433,1339
5955,906,911,917,183,261,444,1350
5956,894,894,894,183,261,444,1338
5957,889,878,878,172,261,433,1322
5958,872,872,878,172,267,439,1311
5959,861,867,861,178,261,439,1300
5960,884,856,856,150,261,411,1295
5961,800,827,827,177,261,438,1238
5962,822,823,823,178,261,439,1261
5963,833,833,839,178,267,445,1278
5964,839,839,833,178,261,439,1278
5965,839,839,839,178,261,439,1278
5966,850,861,866,189,266,455,1305
5967,878,866,867,177,267,444,1322
5968,922,889,889,144,267,411,1333
5969,850,889,889,183,267,450,1300
5970,911,906,900,178,261,439,1350
5971,900,905,905,183,261,444,1344
5972,894,889,889,178,261,439,1333
5973,884,889,889,183,261,444,1328
5974,889,878,884,172,267,439,1328
5975,866,872,866,178,261,439,1305
5976,889,861,861,150,261,411,1300
5977,817,856,850,189,255,444,1261
5978,855,844,856,178,267,445,1300
5979,845,845,850,178,272,450,1295
5980,850,850,839,178,261,439,1289
5981,855,855,866,178,272,450,1305
5982,856,856,845,178,261,439,1295
5983,889,850,855,139,266,405,1294
5984,839,850,845,150,261,411,1250
5985,816,844,844,178,261,439,1255
5986,884,850,850,144,261,405,1289
5987,839,839,839,144,261,405,1244
5988,839,839,839,144,261,405,1244
5989,788,828,828,184,261,445,1233
5990,867,822,822,139,261,400,1267
5991,778,817,817,178,261,439,1217
5992,828,822,822,172,261,433,1261
5993,822,828,828,178,261,439,1261
5994,861,839,839,156,261,417,1278
5995,822,844,844,178,261,439,1261
5996,878,883,889,183,267,450,1328
5997,889,889,878,183,256,439,1328
5998,889,884,889,178,261,439,1328
5999,872,883,883,189,261,450,1322
6000,889,878,883,178,266,444,1333
6001,922,889,884,145,261,406,1328
6002,839,877,877,183,261,444,1283
6003,878,878,895,183,278,461,1339
6004,889,883,867,177,262,439,1328
6005,900,873,872,150,261,411,1311
6006,855,850,850,145,261,406,1261
6007,817,855,855,183,261,444,1261
6008,855,850,850,178,261,439,1294
6009,856,856,856,178,261,439,1295
6010,878,850,844,150,255,405,1283
6011,828,861,867,183,261,444,1272
6012,866,867,867,184,261,445,1311
6013,884,877,877,177,261,438,1322
6014,861,867,867,183,261,444,1305
6015,855,856,856,184,261,445,1300
6016,856,855,855,183,261,444,1300
6017,861,861,861,183,261,444,1305
6018,861,856,856,178,261,439,1300
6019,867,878,878,189,261,450,1317
6020,889,877,883,177,267,444,1333
6021,888,889,883,178,261,439,1327
6022,884,884,884,178,261,439,1323
6023,889,888,889,177,262,439,1328
6024,872,873,877,178,266,444,1316
6025,883,850,845,145,261,406,1289
6026,795,833,833,183,261,444,1239
6027,822,817,822,178,266,444,1266
6028,850,816,811,144,261,405,1255
6029,778,817,817,183,261,444,1222
6030,833,828,833,178,266,444,1277
6031,844,850,850,184,266,450,1294
6032,884,878,878,178,266,444,1328
6033,872,872,867,178,261,439,1311
6034,889,889,894,178,266,444,1333
6035,928,894,895,144,267,411,1339
6036,861,895,889,178,261,439,1300
6037,894,894,900,178,267,445,1339
6038,928,900,894,150,261,411,1339
6039,861,889,889,178,261,439,1300
6040,911,878,878,145,261,406,1317
6041,845,883,889,183,267,450,1295
6042,889,889,883,183,261,444,1333
6043,872,872,872,183,261,444,1316
6044,872,867,867,178,261,439,1311
6045,872,872,872,178,261,439,1311
6046,889,894,895,183,262,445,1334
6047,883,878,877,178,261,439,1322
6048,878,884,889,184,266,450,1328
6049,884,877,878,177,267,444,1328
6050,877,878,872,178,261,439,1316
6051,873,872,872,177,261,438,1311
6052,872,878,878,183,261,444,1316
6053,878,872,872,177,261,438,1316
6054,883,884,884,178,261,439,1322
6055,878,877,883,177,267,444,1322
6056,877,889,889,189,267,456,1333
6057,895,895,889,189,261,450,1345
6058,933,894,894,150,261,411,1344
6059,856,895,895,189,261,450,1306
6060,900,894,900,183,267,450,1350
6061,886,883,886,183,261,444,1333
6062,872,872,872,183,261,444,1316
6063,866,867,867,184,261,445,1311
6064,900,861,861,145,261,406,1306
6065,817,844,844,172,261,433,1250
6066,839,845,845,178,261,439,1278
6067,844,844,844,178,261,439,1283
6068,867,839,839,150,261,411,1278
6069,817,850,856,183,267,450,1267
6070,866,867,861,184,261,445,1311
6071,884,878,878,178,261,439,1323
6072,905,872,877,145,266,411,1316
6073,856,889,889,178,266,444,1300
6074,889,894,889,183,261,444,1333
6075,883,878,878,178,261,439,1322
6076,872,878,883,184,266,450,1322
6077,889,889,884,184,261,445,1334
6078,889,883,883,178,261,439,1328
6079,889,889,889,178,261,439,1328
6080,878,883,883,183,261,444,1322
6081,878,878,878,183,261,444,1322
6082,888,883,889,178,267,445,1333
6083,889,884,878,173,261,434,1323
6084,878,883,889,178,267,445,1323
6085,883,889,888,184,266,450,1333
6086,895,889,884,178,261,439,1334
6087,911,877,878,144,262,406,1317
6088,839,873,872,178,261,439,1278
6089,850,855,855,183,261,444,1294
6090,850,845,839,178,255,433,1283
6091,844,844,845,178,256,434,1278
6092,756,828,833,200,261,461.5,1267
6093,850,822,828,188.5,267,449.75,1339
6094,867,822,816,177,261,438,1305
6095,866,839,839,150,261,411,1277
6096,778,856,861,194.5,266,455.5,1272
6097,878,889,884,189.25,261,450.25,1378
6098,944,889,889,184,261,445,1389
6099,906,905,911,183,267,450,1356
6100,905,900,894,178,261,439,1344
6101,917,889,889,150,261,411,1328
6102,867,867,872,150,266,416,1283
6103,794,866,867,168,267,434.5,1283
6104,886,850,850,186,267,453,1339
6105,859,850,850,177,267,444,1303
6106,855,856,850,178,261,439,1294
6107,861,861,867,178,267,445,1306
6108,856,878,877,200,266,466,1322
6109,900,878,878,178,266,444,1344
6110,883,888,884,183,262,445,1328
6111,895,889,894,177,267,444,1339
6112,905,900,894,172,261,433,1338
6113,895,900,906,177,267,444,1339
6114,894,900,900,183,267,450,1344
6115,900,895,894,178,266,444,1344
6116,889,889,884,178,261,439,1328
6117,878,877,878,177,262,439,1317
6118,866,873,872,184,261,445,1311
6119,961,866,866,183.5,261,444.5,1311
6120,773,867,867,183,261,444,1217
6121,861,861,861,183,261,444,1305
6122,861,861,861,183,261,444,1305
6123,867,867,867,183,261,444,1311
6124,894,861,861,150,261,411,1305
6125,828,861,867,183,267,450,1278
6126,872,867,861,178,261,439,1311
6127,867,872,872,183,261,444,1311
6128,877,872,872,178,261,439,1316
6129,867,867,867,178,261,439,1306
6130,872,872,878,178,267,445,1317
6131,878,872,866,172,261,433,1311
6132,883,861,862,150,262,412,1295
6133,839,850,855,161,267,428,1267
6134,889,839,839,111,267,378,1267
6135,772,839,833,178,261,439,1211
6136,839,845,850,184,266,450,1289
6137,850,850,850,184,266,450,1300
6138,817,861,861,178,266,444.5,1311
6139,922,866,867,172,267,439,1361
6140,867,878,878,183,267,450,1317
6141,911,906,905,178,266,444,1355
6142,911,916,917,183,267,450,1361
6143,900,895,895,178,267,445,1345
6144,900,905,905,183,267,450,1350
6145,861,912,906,180.5,261,444.5,1356
6146,967,911,911,178,261,439,1406
6147,889,894,894,183,261,444,1333
6148,900,895,900,178,266,444,1344
6149,900,900,895,178,261,439,1339
6150,889,894,894,183,261,444,1333
6151,900,900,900,183,261,444,1344
6152,894,894,895,183,262,445,1339
6153,895,895,894,183,261,444,1339
6154,883,883,883,183,261,444,1327
6155,878,872,873,177,262,439,1317
6156,850,856,855,183,261,444,1294
6157,855,850,850,178,261,439,1294
6158,839,844,850,183,267,450,1289
6159,845,839,833,177,261,438,1283
6160,872,839,839,144,261,405,1277
6161,839,834,834,139,261,400,1239
6162,794,838,839,183,262,445,1239
6163,867,845,850,161,267,428,1295
6164,839,850,850,172,267,439,1278
6165,850,867,861,189,261,450,1300
6166,891.5,883,889,180.5,267,447.5,1339
6167,852.5,900,894,179.25,261,443.25,1341.5
6168,961,911,911,178,261,439,1400
6169,917,922,928,183,267,450,1367
6170,867,917,917,180.5,267,447.5,1367
6171,988,933,933,178,267,445,1433
6172,917,917,911,178,261,439,1356
6173,906,917,917,189,261,450,1356
6174,939,900,905,150,266,416,1355
6175,866,888,889,172,267,439,1305
6176,861,862,861,173,266,439,1300
6177,850,855,850,178,261,439,1289
6178,858.5,856,856,175.5,261,436.5,1295
6179,886.5,861,861,150,261,411,1297.5
6180,833,855,855,172,261,433,1266
6181,850,861,862,183,262,445,1295
6182,872.5,867,872,177.5,267,444.5,1317
6183,905.5,878,872,150,261,411,1316.5
6184,889,883,889,144,267,411,1300
6185,844,884,883,184,266,450,1294
6186,872,905,906,217,267,447.5,1356
6187,950,911,911,178,267,445,1395
6188,923,917,917,172,267,439,1362
6189,927,933,927,178,261,439,1366
6190,934,934,939,178,266,444,1378
6191,944,916,911,150,261,411,1355
6192,872,900,900,178,261,439,1311
6193,884,884,889,178,266,444,1328
6194,894,894,889,178,261,439,1333
6195,922,889,889,145,261,406,1328
6196,873,872,889,144,278,422,1295
6197,861,861,844,144,261,405,1266
6198,828,856,856,172,261,433,1261
6199,844,850,850,178,261,439,1283
6200,856,861,861,183,261,444,1300
6201,816,855,861,180.5,267,441.5,1305
6202,911,867,861,178,261,439,1350
6203,895,867,867,150,261,411,1306
6204,850,878,883,178,266,444,1294
6205,839,877,878,216,267,444,1322
6206,911,878,872,183,261,444,1355
6207,866,867,867,184,261,445,1311
6208,862,866,867,188,262,450,1312
6209,855,862,861,195,261,456,1311
6210,878,861,861,178,261,439,1317
6211,855,861,861,184,261,445,1300
6212,867,866,867,183,262,445,1312
6213,872,873,872,184,261,445,1317
6214,867,866,872,183,267,450,1317
6215,872,873,872,184,266,450,1322
6216,872.5,872,872,183.5,266,449.5,1322
6217,916.5,878,873,145,261,406,1322.5
6218,833,872,877,184,266,450,1283
6219,884,878,878,178,266,444,1328
6220,894,900,895,184,261,445,1339
6221,906,900,900,178,261,439,1345
6222,889,888,889,177,262,439,1328
6223,900,906,905,183,261,444,1344
6224,905,906,911,184,266,450,1355
6225,945,900,900,139,266,405,1350
6226,883,888,884,144,262,406,1289
6227,856,889,888,177,261,438,1294
6228,911,884,884,150,261,411,1322
6229,844,877,878,183,262,445,1289
6230,889,884,883,178,261,439,1328
6231,889,894,894,183,261,444,1333
6232,889,884,884,178,261,439,1328
6233,911,883,883,150,261,411,1322
6234,839,872,878,183,267,450,1289
6235,911,872,866,144,261,405,1316
6236,839,873,873,178,261,439,1278
6237,872,872,872,178,261,439,1311
6238,861,866,867,183,262,445,1306
6239,856,856,855,183,261,444,1300
6240,861,856,850,178,255,433,1294
6241,844,844,856,178,267,445,1289
6242,839,844,844,183,267,450,1289
6243,800,845,839,177.5,261,441.5,1289
6244,900,844,844,172,261,433,1333
6245,828,839,839,183,261,444,1272
6246,839,834,834,178,261,439,1278
6247,800,850,850,178,261,436,1289
6248,900,850,844,178,255,433,1333
6249,850,855,867,183,267,450,1300
6250,878,872,872,177,267,444,1322
6251,911,878,872,144,261,405,1316
6252,844,878,878,178,261,439,1283
6253,872,883,878,189,256,445,1317
6254,861,861,866,189,261,450,1311
6255,906,861,862,144,262,406,1312
6256,822,862,866,184,266,450,1272
6257,895,861,856,150,261,411,1306
6258,827,861,861,184,261,445,1272
6259,889,850,850,145,261,406,1295
6260,817,855,867,183,273,456,1273
6261,856,850,838,177,261,438,1294
6262,861,856,856,172,261,433,1294
6263,844,855,856,183,262,445,1289
6264,850,845,850,178,267,445,1295
6265,850,855,850,183,262,445,1295
6266,817,850,850,216,262,478,1295
6267,916,850,850,150,262,412,1328
6268,812,845,844,183,261,444,1256
6269,838,833,833,178,261,439,1277
6270,834,845,845,189,261,450,1284
6271,855,839,839,173,261,434,1289
6272,867,844,844,150,261,411,1278
6273,833,861,867,178,267,445,1278
6274,823,883,883,180.5,267,444.5,1328
6275,944,889,883,183,261,444,1388
6276,894,895,900,184,266,450,1344
6277,906,900,895,178,261,439,1345
6278,933,905,900,150,256,406,1339
6279,911,906,917,145,267,412,1323
6280,878,917,916,184,266,450,1328
6281,922,911,911,173,266,439,1361
6282,912,916,911,177,261,438,1350
6283,911,911,912,177,262,439,1350
6284,905,912,911,184,261,445,1350
6285,906,900,900,178,261,439,1345
6286,900,900,894,178,255,433,1333
6287,894,888,900,172,267,439,1333
6288,900,900,895,172,262,434,1334
6289,884,895,894,183,261,444,1328
6290,922,883,878,144,256,400,1322
6291,844,872,883,172,267,439,1283
6292,861,873,867,184,261,445,1306
6293,828,861,861,217,261,478,1306
6294,933,861,861,145,261,406,1339
6295,850,850,850,145,261,406,1256
6296,812,844,844,177,261,438,1250
6297,838,839,839,178,261,439,1277
6298,839,834,834,173,261,434,1273
6299,861,833,839,145,267,412,1273
6300,806,839,833,178,261,439,1245
6301,856,833,833,155,261,416,1272
6302,811,839,839,183,261,444,1255
6303,866,833,833,150,261,411,1277
6304,884,828,828,136,261,397,1239
6305,794,822,822,122,261,383,1177
6306,778,828,828,172,261,433,1211
6307,828,839,845,183,267,450,1278
6308,850,850,844,183,261,444,1294
6309,861,861,861,183,261,444,1305
6310,905,861,861,139,261,400,1305
6311,817,861,861,183,261,444,1261
6312,895,873,873,161,261,422,1317
6313,855,877,877,183,261,444,1299
6314,969.5,878,878,163.5,261,422,1322
6315,819.5,872,867,144,256,400,1219.5
6316,844,878,883,178,261,439,1283
6317,900,883,889,161,267,428,1328
6318,873,884,878,172,261,433,1306
6319,916,894,894,150,261,411,1327
6320,867,889,889,172,261,433,1300
6321,900,889,889,161,261,422,1322
6322,905,883,883,139,261,400,1305
6323,845,884,889,178,266,444,1289
6324,883,883,878,178,261,439,1322
6325,917,883,883,144,261,405,1322
6326,878,878,884,144,267,411,1289
6327,933,878,872,186,261,450,1283
6328,739,878,878,181.5,261,444,1228
6329,917,866,866,177,261,438,1355
6330,872,878,878,183,261,444,1316
6331,883,878,878,178,261,439,1322
6332,856,883,883,205,261,466,1322
6333,900,884,884,189,261,450,1350
6334,894,883,883,178,261,439,1333
6335,911,883,883,150,261,411,1322
6336,850,884,884,184,261,445,1295
6337,878,877,877,183,261,444,1322
6338,828,878,878,180,261,441,1322
6339,928,872,872,177,261,438,1366
6340,855,867,867,189,261,450,1305
6341,861,856,861,184,266,450,1311
6342,839,850,845,195,261,456,1295
6343,861,850,850,184,261,445,1306
6344,845,844,844,183,261,444,1289
6345,850,844,845,177,262,439,1289
6346,800,839,838,216,261,477,1277
6347,877,845,845,184,261,445,1322
6348,845,844,844,183,261,444,1289
6349,833,839,839,189,261,450,1283
6350,845,839,839,183,261,444,1289
6351,844,839,845,178,267,445,1289
6352,833,839,833,184,261,445,1278
6353,823,822,822,183,261,444,1267
6354,822,817,817,178,261,439,1261
6355,817,816,816,177,261,438,1255
6356,805,811,812,183,262,445,1250
6357,850,812,811,145,261,406,1256
6358,811,805,805,139,261,400,1211
6359,806,811,811,144,261,405,1211
6360,772,811,811,183,261,444,1216
6361,763.5,825,828,180.5,261,444.5,1208
6362,755,839,845,178,267,445,1200
6363,862,867,867,183,267,450,1312
6364,888,878,872,173,261,434,1322
6365,912,889,889,150,261,411,1323
6366,877,905,905,178,261,439,1316
6367,900,900,906,178,267,445,1345
6368,900,895,894,173,266,439,1339
6369,884,883,884,172,267,439,1323
6370,877,883,877,178,261,439,1316
6371,878,878,878,178,261,439,1317
6372,884,878,878,172,261,433,1317
6373,869,872,872,175,261,436,1305
6374,869,878,878,184,261,445,1314
6375,873,872,872,183,261,444,1317
6376,883,872,872,172,261,433,1316
6377,867,867,867,172,261,433,1300
6378,855,867,867,184,261,445,1300
6379,867,855,855,172,261,433,1300
6380,878,850,850,144,261,405,1283
6381,844,839,834,139,256,395,1239
6382,869.5,828,833,200,261,444.5,1228
6383,895,811,783,251.5,255.5,498.75,1389
6384,752,794,811,212.25,250,460.875,1305
6385,914,784,784,173,250,423,1337
6386,812,772,777,133,255,388,1200
6387,814.5,761,767,206,261,467,1155
6388,817,761,756,150,256,406,1223
6389,756,755.5,755,144,261,405,1161
6390,755,752.75,750,139,261,400,1155
6391,745,748.875,756,144,267,411,1156
6392,747.5,749.438,744,141.5,266,407.5,1155
6393,752.5,746.719,739,139,255,394,1146.5
6394,744,751.359,750,139,261,400,1144
6395,756,764.18,756,139,261,400,1156
6396,739,777,772,177,256,433,1172
6397,833,795,800,139,261,400,1233
6398,811,816,817,144,262,406,1217
6399,756,817,816,205,261,466,1222
6400,888,828,828,145,261,406,1294
6401,828,833,833,150,261,411,1239
6402,845,839,839,144,261,405,1250
6403,811,850,850,183,261,444,1255
6404,878,867,867,172,261,433,1311
6405,888,866,867,150,262,412,1300
6406,884,878,883,144,267,411,1295
6407,844,884,878,184,261,445,1289
6408,889,888,889,183,262,445,1334
6409,922,889,888,150,261,411,1333
6410,900,900,900,150,261,411,1311
6411,889,895,895,156,261,417,1306
6412,872,894,894,178,261,439,1311
6413,884,878,878,172,261,433,1317
6414,900,906,906,178,261,439,1339
6415,900,900,900,178,261,439,1339
6416,900,905,905,183,261,444,1344
6417,911,906,906,178,261,439,1350
6418,950,922,922,150,261,411,1361
6419,905,933,933,178,261,439,1344
6420,928,934,934,184,261,445,1373
6421,956,922,927,150,266,416,1372
6422,922,922,917,150,261,411,1333
6423,883,911,911,178,261,439,1322
6424,923,922,928,177,267,444,1367
6425,938,934,928,173,261,434,1372
6426,945,922,916,150,255,405,1350
6427,894,928,934,184,261,445,1339
6428,934,933,933,183,261,444,1378
6429,939,933,933,177,261,438,1377
6430,938,939,939,178,261,439,1377
6431,934,934,939,178,266,444,1378
6432,950,944,939,172,261,433,1383
6433,944,956,950,184,255,439,1383
6434,950,950,956,184,261,445,1395
6435,961,961,961,184,261,445,1406
6436,961,955,955,178,261,439,1400
6437,962,961,967,177,267,444,1406
6438,961,961,956,177,262,439,1400
6439,961,962,961,178,261,439,1400
6440,961,955,955,172,261,433,1394
6441,944,945,950,173,266,439,1383
6442,973,944,939,144,261,405,1378
6443,927,928,928,145,261,406,1333
6444,906,905,905,144,261,405,1311
6445,867,895,895,172,261,433,1300
6446,888,894,894,178,261,439,1327
6447,889,895,895,184,261,445,1334
6448,934,894,894,144,261,405,1339
6449,861,895,900,178,266,444,1305
6450,933,900,900,145,266,411,1344
6451,867,900,889,178,255,433,1300
6452,889,888,895,177,262,439,1328
6453,877,878,877,178,261,439,1316
6454,900,867,867,145,261,406,1306
6455,862,861,861,144,261,405,1267
6456,833,867,872,178,266,444,1277
6457,861,861,861,178,266,444,1305
6458,906,872,867,144,261,405,1311
6459,872,872,872,144,261,405,1277
6460,844,878,878,178,261,439,1283
6461,867,867,867,178,261,439,1306
6462,855,861,855,184,255,439,1294
6463,867,861,861,178,255,433,1300
6464,867,867,873,178,261,439,1306
6465,872,872,866,178,255,433,1305
6466,872,872,878,178,261,439,1311
6467,884,878,872,172,255,427,1311
6468,866,872,878,178,261,439,1305
6469,867,867,867,178,261,439,1306
6470,905,872,872,145,261,406,1311
6471,839,872,872,178,261,439,1278
6472,878,883,878,183,256,439,1317
6473,895,889,894,177,261,438,1333
6474,894,900,900,183,261,444,1338
6475,906,906,906,183,261,444,1350
6476,927,917,911,173,255,428,1355
6477,939,916,917,150,256,406,1345
6478,872,906,911,184,261,445,1317
6479,923,916,917,177,262,439,1362
6480,905,906,905,178,261,439,1344
6481,934,900,895,144,256,400,1334
6482,850,889,894,183,261,444,1294
6483,911,872,872,144,261,405,1316
6484,855,861,861,150,261,411,1266
6485,861,856,856,145,261,406,1267
6486,828,861,861,178,261,439,1267
6487,856,861,856,183,256,439,1295
6488,889,850,855,144,261,405,1294
6489,827,867,861,184,255,439,1266
6490,867,861,867,178,261,439,1306
6491,861,866,867,183,262,445,1306
6492,900,862,861,145,261,406,1306
6493,872,866,866,139,261,400,1272
6494,834,872,878,177,267,444,1278
6495,911,878,878,144,267,411,1322
6496,878,878,872,144,261,405,1283
6497,883,889,889,150,261,411,1294
6498,883,878,878,145,261,406,1289
6499,872,872,872,145,261,406,1278
6500,873,872,878,144,267,411,1284
6501,839,872,866,177,261,438,1277
6502,872,873,873,178,261,439,1311
6503,900,866,861,144,256,400,1300
6504,839,872,878,177,262,439,1278
6505,894,862,861,145,261,406,1300
6506,861,861,861,145,261,406,1267
6507,828,861,861,178,261,439,1267
6508,861,866,867,183,262,445,1306
6509,867,862,866,178,266,444,1311
6510,861,861,856,178,261,439,1300
6511,889,855,850,144,256,400,1289
6512,850,850,855,144,261,405,1255
6513,811,850,845,183,256,439,1250
6514,850,850,855,183,261,444,1294
6515,900,861,856,144,256,400,1300
6516,833,873,878,184,261,445,1278
6517,917,877,877,144,261,405,1322
6518,861,895,889,178,255,433,1294
6519,933,900,906,145,261,406,1339
6520,911,905,905,139,261,400,1311
6521,912,911,912,138,262,400,1312
6522,900,906,905,144,261,405,1305
6523,861,900,900,183,261,444,1305
6524,905,900,900,178,261,439,1344
6525,900,900,900,178,261,439,1339
6526,922,889,883,145,255,400,1322
6527,862,889,889,172,255,427,1289
6528,911,883,889,144,261,405,1316
6529,861,889,889,172,261,433,1294
6530,905,878,878,145,261,406,1311
6531,845,878,883,178,266,444,1289
6532,866,872,867,184,261,445,1311
6533,895,855,855,144,261,405,1300
6534,839,867,862,172,256,428,1267
6535,850,861,866,183,261,444,1294
6536,878,872,872,177,261,438,1316
6537,911,878,878,144,261,405,1316
6538,855,883,889,172,267,439,1294
6539,878,884,883,178,266,444,1322
6540,922,889,884,145,261,406,1328
6541,861,894,894,178,261,439,1300
6542,906,872,872,144,261,405,1311
6543,878,884,878,150,255,405,1283
6544,877,872,872,145,255,400,1277
6545,828,867,878,184,266,450,1278
6546,911,872,867,145,261,406,1317
6547,839,872,872,178,261,439,1278
6548,861,867,867,184,261,445,1306
6549,873,861,861,172,261,433,1306
6550,877,850,855,145,266,411,1288
6551,823,861,856,183,261,444,1267
6552,900,855,856,138,262,400,1300
6553,827,873,872,184,261,445,1272
6554,867,866,866,183,261,444,1311
6555,906,867,862,144,256,400,1306
6556,838,872,883,178,267,445,1283
6557,873,872,867,177,262,439,1312
6558,866,867,872,178,267,445,1311
6559,873,872,866,177,261,438,1311
6560,861,867,867,183,261,444,1305
6561,872,867,872,178,266,444,1316
6562,878,872,873,172,267,439,1317
6563,872,872,861,172,256,428,1300
6564,855,867,872,184,261,445,1300
6565,867,861,867,178,267,445,1312
6566,845,850,844,183,261,444,1289
6567,883,844,839,144,256,400,1283
6568,805,834,839,173,261,434,1239
6569,856,827,828,144,262,406,1262
6570,794,828,827,178,261,439,1233
6571,828,828,828,178,261,439,1267
6572,822,828,828,184,261,445,1267
6573,828,822,828,178,267,445,1273
6574,850,817,811,145,261,406,1256
6575,772,805,805,178,261,439,1211
6576,806,806,806,178,261,439,1245
6577,833,800,800,145,261,406,1239
6578,773,805,805,177,261,438,1211
6579,850,811,817,138,267,405,1255
6580,794,839,833,183,261,444,1238
6581,872,878,878,189,261,450,1322
6582,900,900,900,189,261,450,1350
6583,895,889,884,183,256,439,1334
6584,894,900,905,189,261,450,1344
6585,922,922,922,189,261,450,1372
6586,934,922,928,177,267,444,1378
6587,927,934,928,184,261,445,1372
6588,928,922,928,178,267,445,1373
6589,956,928,927,150,266,416,1372
6590,922,922,917,150,261,411,1333
6591,889,917,911,178,255,433,1322
6592,911,911,917,178,261,439,1350
6593,906,900,905,172,266,438,1344
6594,922,905,895,155,256,411,1333
6595,866,895,900,184,261,445,1311
6596,906,894,894,172,261,433,1339
6597,917,884,884,139,261,400,1317
6598,883,888,889,144,262,406,1289
6599,861,895,894,178,261,439,1300
6600,900,905,906,183,262,445,1345
6601,939,906,900,150,256,406,1345
6602,906,900,905,144,261,405,1311
6603,911,911,911,144,261,405,1316
6604,883,911,911,172,261,433,1316
6605,939,911,911,144,261,405,1344
6606,878,917,917,183,261,444,1322
6607,916,917,917,184,261,445,1361
6608,911,905,905,178,261,439,1350
6609,934,900,900,144,261,405,1339
6610,894,895,895,145,261,406,1300
6611,889,889,889,145,261,406,1295
6612,889,894,894,150,261,411,1300
6613,878,900,900,172,261,433,1311
6614,894,900,900,178,261,439,1333
6615,906,911,911,183,261,444,1350
6616,955,917,917,145,261,406,1361
6617,911,911,911,145,261,406,1317
6618,873,911,911,183,261,444,1317
6619,916,906,906,173,261,434,1350
6620,895,894,894,172,261,433,1328
6621,889,894,900,177,267,444,1333
6622,900,900,900,177,267,444,1344
6623,900,900,895,177,262,439,1339
6624,905,906,905,178,261,439,1344
6625,934,900,900,144,261,405,1339
6626,883,883,883,144,261,405,1288
6627,844,884,884,184,261,445,1289
6628,911,872,872,145,261,406,1317
6629,878,878,878,145,261,406,1284
6630,839,877,878,183,262,445,1284
6631,900,873,872,156,261,417,1317
6632,883,877,878,150,262,412,1295
6633,856,878,883,172,267,439,1295
6634,867,872,872,177,267,444,1311
6635,866,867,861,178,261,439,1305
6636,895,861,861,144,261,405,1300
6637,828,861,867,177,267,444,1272
6638,861,856,856,172,267,439,1300
6639,889,861,855,144,261,405,1294
6640,827,861,861,178,261,439,1266
6641,861,867,867,184,261,445,1306
6642,862,855,855,177,261,438,1300
6643,861,856,856,172,261,433,1294
6644,855,861,861,178,261,439,1294
6645,872,872,872,178,261,439,1311
6646,873,867,867,172,261,433,1306
6647,866,878,878,184,261,445,1311
6648,884,877,878,177,262,439,1323
6649,877,884,883,184,261,445,1322
6650,917,878,878,145,261,406,1323
6651,872,872,872,145,261,406,1278
6652,839,878,878,184,261,445,1284
6653,895,883,883,172,261,433,1328
6654,922,900,900,150,261,411,1333
6655,872,900,906,178,267,445,1317
6656,939,905,905,144,267,411,1350
6657,883,917,911,178,261,439,1322
6658,900,906,906,184,261,445,1345
6659,883.5,903,903,145,261,406,1325.5
6660,867,900,900,178,261,439,1306
6661,900,900,894,178,255,433,1333
6662,922,894,900,150,261,411,1333
6663,900,900,906,150,267,417,1317
6664,872,900,894,178,261,439,1311
6665,889,895,895,184,261,445,1334
6666,928,894,894,150,261,411,1339
6667,856,889,889,183,261,444,1300
6668,922,883,883,144,261,405,1327
6669,878,878,878,144,261,405,1283
6670,872,872,872,144,261,405,1277
6671,833,872,873,183,262,445,1278
6672,878,873,877,178,266,444,1322
6673,878,877,867,177,256,433,1311
6674,872,878,883,183,261,444,1316
6675,883,884,884,184,261,445,1328
6676,889,888,883,183,256,439,1328
6677,928,889,894,144,261,405,1333
6678,894,895,900,145,266,411,1305
6679,895,894,889,144,261,405,1300
6680,894,895,895,145,261,406,1300
6681,867,900,900,178,261,439,1306
6682,894,894,894,178,261,439,1333
6683,895,895,895,178,261,439,1334
6684,889,894,894,183,261,444,1333
6685,889,889,889,183,261,444,1333
6686,883,872,872,172,261,433,1316
6687,900,872,872,144,261,405,1305
6688,839,873,873,178,261,439,1278
6689,894,861,861,145,261,406,1300
6690,856,861,855,150,255,405,1261
6691,828,861,861,183,255,438,1266
6692,861,855,867,177,267,444,1305
6693,850,856,850,183,261,444,1294
6694,855,850,850,178,261,439,1294
6695,850,850,850,178,261,439,1289
6696,867,861,867,172,267,439,1306
6697,855,861,855,178,261,439,1294
6698,889,856,856,145,261,406,1295
6699,867,866,867,144,262,406,1273
6700,833,873,872,184,261,445,1278
6701,867,861,861,178,261,439,1306
6702,856,855,855,177,261,438,1294
6703,872,867,867,172,261,433,1305
6704,855,861,867,178,267,445,1300
6705,873,867,861,172,261,433,1306
6706,866,878,878,184,261,445,1311
6707,884,877,877,177,261,438,1322
6708,872,884,884,189,261,450,1322
6709,889,877,878,177,262,439,1328
6710,889,889,888,177,261,438,1327
6711,877,878,878,178,261,439,1316
6712,884,878,878,172,261,433,1317
6713,866,883,883,189,261,450,1316
6714,878,872,873,183,262,445,1323
6715,878,873,872,178,261,439,1317
6716,867,872,872,183,261,444,1311
6717,872,872,872,183,261,444,1316
6718,905,867,867,145,261,406,1311
6719,834,866,861,177,256,433,1267
6720,883,850,856,144,262,406,1289
6721,817,856,855,183,261,444,1261
6722,883,844,845,144,262,406,1289
6723,844,850,850,150,262,412,1256
6724,823,850,850,177,262,439,1262
6725,866,867,866,178,261,439,1305
6726,873,872,878,177,267,444,1317
6727,883,895,889,189,261,450,1333
6728,894,889,889,184,261,445,1339
6729,900,900,900,184,261,445,1345
6730,895,900,900,189,261,450,1345
6731,900,894,894,183,261,444,1344
6732,905,906,906,184,261,445,1350
6733,906,905,905,183,261,444,1350
6734,894,895,895,184,261,445,1339
6735,895,894,894,183,261,444,1339
6736,900,895,895,178,261,439,1339
6737,889,888,889,177,262,439,1328
6738,877,878,877,178,261,439,1316
6739,884,878,878,172,261,433,1317
6740,866,878,878,184,261,445,1311
6741,878,872,878,178,267,445,1323
6742,884,878,872,172,261,433,1317
6743,905,878,878,145,261,406,1311
6744,850,883,883,178,261,439,1289
6745,872,872,878,178,267,445,1317
6746,878,872,861,172,256,428,1306
6747,889,856,861,139,261,400,1289
6748,811,850,850,178,261,439,1250
6749,861,828,828,145,261,406,1267
6750,817,816,816,144,261,405,1222
6751,778,817,812,183,256,439,1217
6752,833,817,822,167,261,428,1261
6753,828,833,839,172,267,439,1267
6754,850,861,855,183,261,444,1294
6755,894,895,895,184,261,445,1339
6756,928,927,933,183,267,450,1378
6757,944,945,939,184,261,445,1389
6758,939,944,944,189,261,450,1389
6759,945,939,939,183,261,444,1389
6760,944,939,945,178,267,445,1389
6761,939,944,944,183,267,450,1389
6762,972,939,939,150,267,417,1389
6763,934,934,933,150,266,416,1350
6764,894,922,923,178,267,445,1339
6765,945,911,911,144,267,411,1356
6766,883,917,911,178,261,439,1322
6767,911,911,911,178,261,439,1350
6768,911,905,911,172,267,439,1350
6769,906,911,911,177,267,444,1350
6770,939,912,906,150,261,411,1350
6771,905,911,916,156,266,422,1327
6772,895,916,911,177,261,438,1333
6773,911,911,912,177,262,439,1350
6774,916,917,916,178,261,439,1355
6775,917,917,917,178,261,439,1356
6776,911,916,922,183,267,450,1361
6777,928,923,922,178,266,444,1372
6778,928,927,923,177,262,439,1367
6779,955,923,922,145,261,406,1361
6780,878,916,916,183,261,444,1322
6781,922,917,917,178,261,439,1361
6782,945,911,917,144,267,411,1356
6783,883,917,911,178,261,439,1322
6784,906,905,905,177,261,438,1344
6785,950,911,912,138,262,400,1350
6786,911,917,916,144,261,405,1316
6787,905,906,911,145,266,411,1316
6788,872,900,895,173,261,434,1306
6789,889,900,900,184,261,445,1334
6790,906,900,905,178,266,444,1350
6791,911,905,900,172,261,433,1344
6792,900,906,911,178,266,444,1344
6793,900,900,900,178,266,444,1344
6794,933,905,900,150,261,411,1344
6795,878,906,912,178,267,445,1323
6796,906,900,900,172,267,439,1345
6797,933,905,900,144,262,406,1339
6798,861,900,900,183,262,445,1306
6799,895,889,894,177,267,444,1339
6800,927,889,883,139,261,400,1327
6801,884,889,889,144,261,405,1289
6802,844,878,878,178,261,439,1283
6803,878,872,878,172,267,439,1317
6804,872,872,866,172,261,433,1305
6805,861,873,873,184,261,445,1306
6806,867,861,861,178,261,439,1306
6807,889,855,850,144,256,400,1289
6808,822,856,861,178,261,439,1261
6809,850,850,855,178,266,444,1294
6810,856,855,850,177,261,438,1294
6811,855,856,856,178,261,439,1294
6812,895,861,861,144,261,405,1300
6813,838,867,867,173,261,434,1272
6814,895,872,866,150,255,405,1300
6815,839,872,878,183,261,444,1283
6816,883,878,878,178,261,439,1322
6817,917,883,883,144,261,405,1322
6818,855,889,889,178,261,439,1294
6819,917,883,889,144,267,411,1328
6820,883,889,883,150,261,411,1294
6821,850,884,884,184,261,445,1295
6822,889,883,883,178,261,439,1328
6823,884,883,878,177,256,433,1317
6824,905,878,883,150,261,411,1316
6825,845,878,878,183,261,444,1289
6826,877,872,872,178,261,439,1316
6827,906,878,878,150,261,411,1317
6828,878,872,878,144,267,411,1289
6829,850,878,872,172,261,433,1283
6830,894,867,867,145,261,406,1300
6831,828,861,861,178,261,439,1267
6832,861,861,861,178,261,439,1300
6833,856,861,861,183,261,444,1300
6834,888,850,850,145,261,406,1294
6835,850,844,850,139,267,406,1256
6836,845,850,844,144,261,405,1250
6837,805,845,845,184,261,445,1250
6838,878,839,839,145,261,406,1284
6839,839,839,839,145,261,406,1245
6840,806,833,839,172,267,439,1245
6841,861,833,827,144,261,405,1266
6842,822,822,823,144,262,406,1228
6843,817,817,816,144,261,405,1222
6844,789,822,822,177,261,438,1227
6845,816,817,823,178,267,445,1261
6846,850,817,811,145,261,406,1256
6847,789,822,816,178,255,433,1222
6848,822,828,834,184,261,445,1267
6849,828,816,816,172,261,433,1261
6850,800,817,817,189,261,450,1250
6851,856,811,811,144,261,405,1261
6852,816,817,817,145,261,406,1222
6853,806,811,811,150,261,411,1217
6854,811,805,806,144,262,406,1217
6855,783,817,816,178,261,439,1222
6856,828,828,828,178,261,439,1267
6857,833,833,833,178,261,439,1272
6858,845,850,850,183,261,444,1289
6859,861,856,856,178,261,439,1300
6860,861,866,872,183,267,450,1311
6861,911,873,867,145,261,406,1317
6862,861,866,866,150,261,411,1272
6863,861,856,856,145,261,406,1267
6864,823,855,856,177,262,439,1262
6865,850,850,850,177,262,439,1289
6866,855,856,850,178,256,434,1289
6867,884,850,855,144,261,405,1289
6868,822,856,856,178,261,439,1261
6869,855,855,855,178,261,439,1294
6870,884,856,850,150,255,405,1289
6871,827,861,861,184,255,439,1266
6872,873,866,873,177,262,439,1312
6873,872,873,872,178,261,439,1311
6874,878,883,883,183,261,444,1322
6875,927,894,895,150,262,412,1339
6876,878,906,905,178,261,439,1317
6877,950,917,917,145,261,406,1356
6878,911,911,911,145,261,406,1317
6879,878,916,911,183,256,439,1317
6880,939,906,911,150,261,411,1350
6881,911,911,911,150,261,411,1322
6882,878,906,906,178,261,439,1317
6883,894,900,900,184,261,445,1339
6884,939,894,894,139,261,400,1339
6885,867,911,906,183,256,439,1306
6886,905,900,905,178,261,439,1344
6887,939,906,906,145,261,406,1345
6888,867,900,900,178,261,439,1306
6889,894,905,900,189,256,445,1339
6890,906,900,905,183,261,444,1350
6891,928,900,900,155,261,416,1344
6892,878,906,906,183,261,444,1322
6893,900,900,900,183,261,444,1344
6894,905,900,900,178,261,439,1344
6895,906,911,906,183,256,439,1345
6896,900,900,911,183,267,450,1350
6897,900,906,900,189,261,450,1350
6898,911,900,900,178,261,439,1350
6899,900,905,905,183,261,444,1344
6900,900,889,895,172,267,439,1339
6901,883,889,883,178,261,439,1322
6902,911,883,878,150,256,406,1317
6903,884,878,883,144,261,405,1289
6904,866,867,867,145,261,406,1272
6905,872,872,866,145,255,400,1272
6906,862,861,862,144,256,400,1262
6907,827,861,866,178,261,439,1266
6908,856,856,856,178,261,439,1295
6909,894,861,861,145,261,406,1300
6910,861,855,855,139,261,400,1261
6911,817,861,856,183,256,439,1256
6912,856,850,856,177,262,439,1295
6913,855,856,855,178,261,439,1294
6914,889,856,856,145,261,406,1295
6915,833,872,872,184,261,445,1278
6916,873,866,867,177,262,439,1312
6917,877,884,877,184,255,439,1316
6918,912,872,878,144,261,405,1317
6919,850,883,883,177,261,438,1288
6920,877,873,873,173,261,434,1311
6921,873,855,855,155,261,416,1289
6922,884,845,817,210.5,261,471.5,1233
6923,895,827,855,177.25,261,444.25,1422
6924,933,811,823,144,273,417,1350
6925,794,800,777,150,250,400,1194
6926,800,795,806,145,261,406,1206
6927,795,789,778,139,250,389,1184
6928,739,778,939,178,258,406.75,1328
6929,791.5,772,853,158.5,266,424.5,1216
6930,758.5,778,767,178,255,433,1191.5
6931,811,777,783,144,261,405,1216
6932,789,789,789,144,261,405,1194
6933,805,806,800,145,255,400,1205
6934,828,828,834,145,261,406,1234
6935,839,838,839,144,262,406,1245
6936,856,856,861,144,267,411,1267
6937,861,861,850,144,256,400,1261
6938,889,889,889,144,256,400,1289
6939,877,883,883,150,256,406,1283
6940,884,878,878,144,256,400,1284
6941,855,883,883,172,256,428,1283
6942,911,884,883,145,255,400,1311
6943,850,878,889,173,266,439,1289
6944,895,883,878,161,261,422,1317
6945,894,878,878,145,261,406,1300
6946,872,872,866,145,255,400,1272
6947,845,844,850,144,261,405,1250
6948,844,845,839,145,255,400,1244
6949,845,844,845,144,256,400,1245
6950,828,861,861,177,256,433,1261
6951,877,878,883,178,261,439,1316
6952,906,911,911,183,261,444,1350
6953,939,939,934,183,256,439,1378
6954,905,911,916,189,261,450,1355
6955,945,939,939,183,261,444,1389
6956,939,939,934,183,256,439,1378
6957,939,939,941.5,183,258.5,441.5,1380.5
6958,939,939,940.25,178,255,433,1376.25
6959,939,939,939,178,255,433,1372
6960,939,938,939,177,256,433,1372
6961,933,934,933,178,255,433,1366
6962,944,922,928,156,261,417,1361
6963,906,928,928,178,261,439,1345
6964,922,922,922,178,261,439,1361
6965,917,917,917,178,261,439,1356
6966,922,911,911,167,261,428,1350
6967,900,911,911,178,261,439,1339
6968,900,905,906,183,262,445,1345
6969,917,912,911,178,261,439,1356
6970,944,922,916,156,255,411,1355
6971,895,922,928,183,261,444,1339
6972,927,922,922,178,261,439,1366
6973,923,922,923,177,262,439,1362
6974,927,928,927,178,261,439,1366
6975,945,911,911,144,261,405,1350
6976,883,911,912,172,262,434,1317
6977,928,900,900,144,262,406,1334
6978,894,895,894,145,261,406,1300
6979,889,889,889,145,261,406,1295
6980,889,889,883,145,255,400,1289
6981,878,877,889,144,267,411,1289
6982,844,884,878,184,261,445,1289
6983,889,883,878,178,256,434,1323
6984,889,889,894,178,261,439,1328
6985,895,894,895,177,262,439,1334
6986,883,884,883,178,261,439,1322
6987,906,872,872,144,261,405,1311
6988,844,878,878,178,261,439,1283
6989,883,883,878,178,256,434,1317
6990,895,900,905,183,261,444,1339
6991,933,922,922,172,261,433,1366
6992,950,961,962,183,262,445,1395
6993,972,967,966,178,261,439,1411
6994,995,811,995,178,261,439,1434
6995,1183.5,1069.5,1139,183,261,419.5,1139
6996,1050.25,1012.25,1047.5,139,261,400,1247.5
6997,917,955,956,177,262,439,1356
6998,933,934,933,178,261,439,1372
6999,917,911,905,172,255,427,1344
7000,927,900,900,145,255,400,1327
7001,867,900,906,178,261,439,1306
7002,895,889,889,172,261,433,1328
7003,911,883,905,144,261.5,427,1338
7004,883,883,862,144,262,406,1289
7005,850,884,888,178,266,444,1294
7006,889,883,884,172,267,439,1328
7007,928,900,894,144,261,405,1333
7008,911,911,911,144,261,405,1316
7009,911,911,906,144,256,400,1311
7010,878,911,917,177,262,439,1317
7011,916,912,911,173,261,434,1350
7012,939,911,911,145,261,406,1345
7013,895,900,894,150,255,405,1300
7014,872,900,911,178,266,444,1316
7015,905,905,900,178,261,439,1344
7016,934,900,900,144,261,405,1339
7017,866,906,906,184,261,445,1311
7018,900,894,894,178,261,439,1339
7019,923,889,889,144,261,405,1328
7020,889,889,889,144,261,405,1294
7021,866,900,906,178,267,445,1311
7022,895,900,894,183,261,444,1339
7023,939,900,900,144,261,405,1344
7024,900,906,906,150,261,411,1311
7025,900,922,922,172,261,433,1333
7026,922,928,933,178,266,444,1366
7027,933,927,922,172,261,433,1366
7028,917,928,928,183,261,444,1361
7029,928,928,928,183,261,444,1372
7030,933,928,928,178,261,439,1372
7031,922,916,916,172,261,433,1355
7032,922,923,923,173,261,434,1356
7033,939,911,911,145,261,406,1345
7034,906,905,905,144,261,405,1311
7035,894,895,895,145,261,406,1300
7036,856,894,894,183,261,444,1300
7037,922,883,884,144,262,406,1328
7038,850,889,888,183,261,444,1294
7039,933,895,895,145,261,406,1339
7040,867,900,900,178,261,439,1306
7041,894,894,894,178,261,439,1333
7042,923,889,889,144,261,405,1328
7043,883,878,878,139,261,400,1283
7044,839,878,878,178,261,439,1278
7045,855,855,855,178,261,439,1294
7046,867,867,867,178,261,439,1306
7047,883,883,883,178,261,439,1322
7048,906,911,911,183,261,444,1350
7049,906,906,912,183,267,450,1356
7050,927,928,922,184,261,445,1372
7051,945,905,905,144,261,405,1350
7052,883,911,917,172,267,439,1322
7053,883,889,883,178,261,439,1322
7054,906,872,873,144,262,406,1312
7055,867,862,861,139,261,400,1267
7056,839,877,877,177,261,438,1277
7057,905,873,878,145,266,411,1316
7058,856,888,884,177,262,439,1295
7059,889,889,888,177,261,438,1327
7060,911,911,917,177,267,444,1355
7061,922,928,922,183,261,444,1366
7062,944,934,934,173,261,434,1378
7063,928,927,927,172,261,433,1361
7064,945,950,950,177,261,438,1383
7065,994,961,962,144,262,406,1400
7066,917,945,950,172,267,439,1356
7067,922,922,916,172,261,433,1355
7068,939,917,917,150,261,411,1350
7069,872,900,905,178,266,444,1316
7070,889,889,884,178,261,439,1328
7071,867,861,855,172,255,427,1294
7072,844,855,861,183,261,444,1288
7073,850,850,850,183,261,444,1294
7074,856,850,856,177,267,444,1300
7075,883,850,844,144,261,405,1288
7076,855,850,850,139,261,400,1255
7077,789,834,834,184,261,445,1234
7078,867,822,816,139,255,394,1261
7079,778,822,828,183,261,444,1222
7080,772,800,800,211,261,472,1244
7081,906,795,778,250,244,511,1250
7082,828,794,811,289,261,547,1155
7083,750,789,783,277.5,255,534.5,1333
7084,845,783,784,208.25,256,470.25,1367
7085,905,778,789,139,267,406,1311
7086,733,772,766,178,261,439,1172
7087,806,772,750,144,253,383,1189
7088,750,767,773,161,245,406,1156
7089,767,767,788,161,266,427,1194
7090,844,761,745,100,250,361,1172
7091,800,761,767,122,256,380.5,1105.5
7092,808.5,753,744,144,256,400,1124.75
7093,817,743,744,108,255,366.5,1144
7094,733,741,739,123.5,261,380.75,1105.5
7095,730.5,737,736,139,256,395,1116.75
7096,728,735.5,737.5,144,256,400,1127.875
7097,739,745.25,739,139,261,400,1139
7098,755,759.125,750,139,256,395,1150
7099,773,773,778,139,261,400,1173
7100,794,794,789,139,256,395,1189
7101,811,817,822,145,261,406,1217
7102,817,816,816,144,261,405,1222
7103,817,845,850,172,266,438,1255
7104,900,872,867,144,261,405,1305
7105,855,856,856,145,261,406,1261
7106,856,861,861,150,261,411,1267
7107,861,855,855,144,261,405,1266
7108,850,856,856,150,261,411,1261
7109,866,855,855,139,261,400,1266
7110,850,856,856,145,261,406,1256
7111,856,855,856,144,262,406,1262
7112,850,856,850,150,256,406,1256
7113,839,867,872,178,261,439,1278
7114,900,866,866,144,261,405,1305
7115,861,867,867,150,261,411,1272
7116,872,872,872,150,261,411,1283
7117,861,889,889,178,261,439,1300
7118,889,895,895,184,261,445,1334
7119,895,883,883,172,261,433,1328
7120,911,911,911,172,261,433,1344
7121,900,906,906,178,261,439,1339
7122,933,905,905,150,261,411,1344
7123,900,900,900,150,261,411,1311
7124,883,883,884,150,262,412,1295
7125,889,884,883,145,261,406,1295
7126,856,883,878,172,256,428,1284
7127,883,889,894,178,261,439,1322
7128,911,906,906,173,261,434,1345
7129,923,927,927,177,261,438,1361
7130,961,928,928,144,261,405,1366
7131,911,950,950,183,261,444,1355
7132,955,950,950,178,261,439,1394
7133,956,933,934,155,262,417,1373
7134,917,945,938,183,255,438,1355
7135,1082,1084,756,169,260.5,475,1194
7136,994,1008.5,842,145,266,411,1266.5
7137,906,933,928,172,261,433,1339
7138,944,911,911,139,261,400,1344
7139,889,895,895,145,261,406,1295
7140,889,888,889,144,262,406,1295
7141,872,906,905,178,261,439,1311
7142,906,906,906,178,261,439,1345
7143,944,933,933,167,261,428,1372
7144,928,939,939,178,261,439,1367
7145,967,966,967,177,262,439,1406
7146,953,966.5,966.5,144,262,406,1439
7147,939,967,966,172,261,433,1372
7148,978,950,950,144,261,405,1383
7149,911,945,945,178,261,439,1350
7150,944,944,944,178,261,439,1383
7151,956,933,933,155,261,416,1372
7152,944,939,939,150,261,411,1355
7153,906,939,939,183,261,444,1350
7154,961,922,922,144,261,405,1366
7155,917,917,917,144,261,405,1322
7156,894,922,922,172,261,433,1327
7157,917,922,923,177,262,439,1356
7158,944,939,938,172,261,433,1377
7159,956,923,923,139,261,400,1356
7160,889,927,922,177,256,433,1322
7161,966,928,933,139,261,400,1366
7162,928,933,934,144,262,406,1334
7163,922,923,922,145,261,406,1328
7164,906,900,900,139,261,400,1306
7165,889,889,889,139,261,400,1289
7166,844,883,883,178,261,439,1283
7167,872,867,867,173,261,434,1306
7168,900,866,866,139,261,400,1300
7169,850,856,856,145,261,406,1256
7170,867,861,861,139,261,400,1267
7171,839,872,872,172,261,433,1272
7172,889,895,900,178,266,444,1333
7173,916,916,911,178,261,439,1355
7174,934,934,934,178,261,439,1373
7175,950,944,944,172,261,433,1383
7176,983,956,956,145,261,406,1389
7177,939,938,944,144,267,411,1350
7178,889,928,917,183,256,439,1328
7179,917,911,916,177,261,438,1355
7180,922,895,895,150,261,411,1333
7181,883,872,878,139,267,406,1289
7182,845,850,844,144,261,405,1250
7183,738,833,833,141.5,261,402.5,1238
7184,923,823,823,139,261,400,1323
7185,755,805,811,189,267,456,1211
7186,828,783,778,144,262,406,1234
7187,791.5,795,788,216.5,255,481,1194
7188,755,772,784,222.25,267,488,1311
7189,839,778,778,240.375,267,567.75,1334
7190,741.5,772,894,249.438,258.5,538.125,1389
7191,761,761,836,253.969,250,528.812,1269.5
7192,767,767,778,256.234,261,521.656,1286.5
7193,761,761,756,242.117,256,505.328,1275.5
7194,797.5,767,772,178.059,261,437.164,1286.5
7195,886,772,766,114,255,369,1255
7196,736,767,789,145,277,422,1158
7197,844.5,772,756,147.5,261,413.5,1178
7198,824.75,761,755,150,255,405,1172.5
7199,805,758.5,762,169.5,262,425,1167
7200,752.5,754.25,750,189,256,445,1183.5
7201,726.25,749.125,755,236,261,492,1200
7202,816.125,741.562,739,173.5,256,432,1239
7203,906,740.281,739,111,261,372,1278
7204,717,611.641,605.5,167,255,422,1086
7205,766.5,733.82,739.25,122,244,422.5,1162.5
7206,816,856,873,162,261,423,1239
7207,758,772,772,211,261,472,1195
7208,709.5,778,783,127,256,383,1186
7209,762.75,784,794,133,266,389,1177
7210,816,739.5,747,139,256,395,1211
7211,755.5,719.75,720.5,134,261,395,1150
7212,724.75,706.875,710.25,139,255,394,1122
7213,712.375,703.438,702.625,139,261,400,1108.5
7214,711.688,704.719,706.812,139,256,395,1107.25
7215,711.844,713.359,714.406,134,261,395,1112.125
7216,730.922,726.18,726.703,144,261,405,1128.062
7217,750,735.09,739,133,261,394,1144
7218,733,745.545,744,144,261,405,1138
7219,755,761.772,756,145,261,406,1161
7220,778,778,783,145,266,411,1189
7221,811,811,817,145,272,417,1228
7222,817,822,811,150,261,411,1228
7223,844,844,850,150,267,417,1261
7224,895,889,889,144,267,411,1306
7225,878,878,878,144,267,411,1289
7226,872,867,866,139,266,405,1277
7227,867,872,873,144,267,411,1278
7228,894,894,894,144,267,411,1305
7229,894,895,895,145,267,412,1306
7230,884,883,883,144,267,411,1295
7231,894,889,889,139,267,406,1300
7232,900,911,911,150,267,417,1317
7233,900,895,894,145,266,411,1311
7234,884,889,884,150,261,411,1295
7235,894,883,889,139,267,406,1300
7236,900,905,905,144,267,411,1311
7237,906,906,906,144,267,411,1317
7238,905,911,905,150,261,411,1316
7239,900,895,900,145,266,411,1311
7240,889,894,889,150,261,411,1300
7241,878,872,872,144,261,405,1283
7242,872,872,873,144,262,406,1278
7243,889,889,894,144,267,411,1300
7244,883,884,883,145,266,411,1294
7245,884,889,884,150,261,411,1295
7246,894,888,889,144,262,406,1300
7247,878,878,883,144,267,411,1289
7248,872,872,872,144,267,411,1283
7249,883,889,883,150,261,411,1294
7250,867,867,867,150,261,411,1278
7251,850,872,878,172,267,439,1289
7252,911,889,889,150,267,417,1328
7253,883,883,878,150,262,412,1295
7254,856,878,883,172,267,439,1295
7255,906,884,883,150,266,416,1322
7256,877,872,872,145,266,411,1288
7257,852.5,880.5,883,147.5,261,413.5,1266
7258,828,889,894,150,266,416,1244
7259,889,900,895,161,261,422,1311
7260,894,883,889,150,267,417,1311
7261,900,895,894,145,266,411,1311
7262,889,916,917,172,267,439,1328
7263,933,911,911,150,267,417,1350
7264,906,906,900,150,261,411,1317
7265,905,905,906,150,262,412,1317
7266,912,906,911,144,267,411,1323
7267,911,917,911,150,261,411,1322
7268,905,900,900,145,261,406,1311
7269,895,894,900,144,267,411,1306
7270,905,911,905,150,261,411,1316
7271,906,906,906,150,261,411,1317
7272,900,900,900,150,261,411,1311
7273,861,889,889,178,261,439,1300
7274,900,905,905,183,261,444,1344
7275,933,906,911,156,266,422,1355
7276,906,905,900,155,261,416,1322
7277,894,889,889,150,261,411,1305
7278,911,906,911,145,266,411,1322
7279,884,916,917,177,267,444,1328
7280,927,900,895,150,262,412,1339
7281,884,884,883,150,261,411,1295
7282,878,872,872,144,261,405,1283
7283,850,850,850,144,261,405,1255
7284,833,833,833,144,261,405,1238
7285,822,823,823,145,261,406,1228
7286,795,794,794,144,261,405,1200
7287,788,783,783,139,261,400,1188
7288,789,795,800,145,266,411,1200
7289,800,794,789,139,261,400,1200
7290,806,811,811,144,261,405,1211
7291,817,817,812,144,256,400,1217
7292,805,839,850,178,267,445,1250
7293,906,872,872,144,267,411,1317
7294,889,895,894,150,266,416,1305
7295,883,877,867,144,256,400,1283
7296,850,889,894,183,261,444,1294
7297,928,889,889,144,261,405,1333
7298,889,889,895,144,267,411,1300
7299,883,889,883,150,261,411,1294
7300,878,872,872,144,261,405,1283
7301,850,883,884,177,262,439,1289
7302,911,884,888,150,266,416,1327
7303,878,878,867,150,255,405,1283
7304,883,877,889,144,267,411,1294
7305,867,900,900,177,267,444,1311
7306,938,911,906,150,262,412,1350
7307,889,895,894,156,261,417,1306
7308,900,889,889,145,261,406,1306
7309,878,905,911,172,267,439,1317
7310,922,900,894,150,261,411,1333
7311,889,889,889,150,261,411,1300
7312,878,878,878,150,261,411,1289
7313,872,878,878,156,261,417,1289
7314,872,894,900,178,267,445,1317
7315,928,906,900,156,261,417,1345
7316,872,889,889,173,261,434,1306
7317,889,889,889,173,261,434,1323
7318,911,922,922,184,261,445,1356
7319,928,922,928,178,267,445,1373
7320,917,922,916,183,261,444,1361
7321,933,906,906,156,261,417,1350
7322,934,928,933,150,266,416,1350
7323,950,950,945,150,261,411,1361
7324,916,916,916,150,261,411,1327
7325,911,917,917,156,261,417,1328
7326,895,917,922,178,266,444,1339
7327,939,916,911,155,261,416,1355
7328,905,895,895,145,261,406,1311
7329,889,894,889,150,256,406,1295
7330,900,900,905,150,261,411,1311
7331,889,889,889,150,261,411,1300
7332,878,872,872,144,261,405,1283
7333,850,856,850,150,255,405,1255
7334,850,850,856,150,261,411,1261
7335,850,850,850,150,261,411,1261
7336,850,844,844,144,261,405,1255
7337,839,845,845,150,261,411,1250
7338,839,833,839,144,267,411,1250
7339,833,833,833,144,267,411,1244
7340,833,839,833,150,261,411,1244
7341,850,850,850,150,261,411,1261
7342,850,845,845,145,261,406,1256
7343,845,844,850,144,267,411,1256
7344,861,861,855,144,261,405,1266
7345,850,856,856,150,261,411,1261
7346,855,861,861,156,261,417,1272
7347,856,844,844,144,261,405,1261
7348,822,856,856,178,261,439,1261
7349,867,833,839,144,267,411,1278
7350,816,817,811,145,261,406,1222
7351,806,800,800,139,261,400,1206
7352,789,789,789,139,261,400,1189
7353,800,800,805,139,266,405,1205
7354,800,800,800,139,266,405,1205
7355,811,816,817,144,267,411,1222
7356,828,828,822,144,261,405,1233
7357,861,861,861,144,261,405,1266
7358,855,850,856,139,267,406,1261
7359,856,867,861,150,261,411,1267
7360,839,867,867,178,261,439,1278
7361,878,872,878,172,267,439,1317
7362,894,878,877,156,266,422,1316
7363,895,889,884,150,261,411,1306
7364,877,883,883,156,261,417,1294
7365,878,905,911,183,267,450,1328
7366,933,906,900,156,261,417,1350
7367,906,906,906,156,261,417,1323
7368,894,894,894,156,261,417,1311
7369,900,889,889,145,261,406,1306
7370,850,878,883,173,266,439,1289
7371,900,877,873,150,262,412,1312
7372,873,873,872,150,261,411,1284
7373,866,866,866,150,261,411,1277
7374,845,873,878,178,266,444,1289
7375,894,888,884,172,262,434,1328
7376,895,878,877,155,261,416,1311
7377,894,884,884,145,261,406,1300
7378,883,888,894,150,267,417,1300
7379,884,895,889,161,261,422,1306
7380,883,872,872,150,261,411,1294
7381,878,872,872,144,261,405,1283
7382,855,861,867,150,267,417,1272
7383,867,867,861,150,261,411,1278
7384,845,850,850,155,261,416,1261
7385,844,867,867,178,261,439,1283
7386,889,866,867,155,262,417,1306
7387,867,862,861,150,261,411,1278
7388,855,861,861,156,261,417,1272
7389,856,877,878,177,262,439,1295
7390,900,878,877,155,261,416,1316
7391,855,867,873,167,267,434,1289
7392,884,867,861,150,261,411,1295
7393,877,877,877,150,261,411,1288
7394,878,889,889,161,261,422,1300
7395,883,884,889,162,266,428,1311
7396,884,883,878,161,261,422,1306
7397,883,872,872,150,261,411,1294
7398,861,883,884,172,262,434,1295
7399,900,884,883,156,261,417,1317
7400,867,878,878,167,261,428,1295
7401,861,877,883,183,267,450,1311
7402,900,895,894,178,266,444,1344
7403,911,894,889,161,261,422,1333
7404,895,884,884,150,261,411,1306
7405,866,900,900,184,261,445,1311
7406,917,911,911,178,261,439,1356
7407,928,911,911,161,261,422,1350
7408,889,883,883,155,261,416,1305
7409,872,900,900,183,261,444,1316
7410,905,872,872,150,261,411,1316
7411,867,867,867,150,261,411,1278
7412,856,856,856,150,261,411,1267
7413,833,861,861,178,261,439,1272
7414,867,866,872,177,267,444,1311
7415,894,867,861,150,261,411,1305
7416,856,856,856,150,261,411,1267
7417,838,866,872,178,267,445,1283
7418,878,872,872,172,267,439,1317
7419,884,867,861,155,261,416,1300
7420,861,861,861,155,261,416,1277
7421,866,856,861,145,266,411,1277
7422,873,878,873,150,261,411,1284
7423,866,872,872,156,261,417,1283
7424,861,861,861,156,261,417,1278
7425,867,855,861,144,267,411,1278
7426,861,867,867,150,267,417,1278
7427,856,861,855,155,261,416,1272
7428,844,856,856,167,261,428,1272
7429,878,861,861,150,261,411,1289
7430,855,861,861,156,261,417,1272
7431,856,861,861,161,261,422,1278
7432,850,850,850,161,261,422,1272
7433,878,861,861,144,261,405,1283
7434,839,867,873,172,267,439,1278
7435,889,872,866,155,261,416,1305
7436,850,856,856,161,261,422,1272
7437,855,839,844,145,266,411,1266
7438,850,844,845,139,267,406,1256
7439,828,839,833,150,261,411,1239
7440,839,833,833,144,261,405,1244
7441,844,845,845,145,261,406,1250
7442,856,855,855,144,261,405,1261
7443,861,867,867,150,261,411,1272
7444,867,861,867,144,267,411,1278
7445,833,867,866,178,266,444,1277
7446,883,877,878,172,267,439,1322
7447,884,873,867,161,261,422,1306
7448,838,855,855,178,261,439,1277
7449,884,850,850,144,261,405,1289
7450,850,856,861,150,266,416,1266
7451,839,866,862,177,262,439,1278
7452,861,856,861,172,267,439,1300
7453,878,856,855,150,266,416,1294
7454,850,872,872,172,266,438,1288
7455,922.5,866,862,175,262,438.5,1300
7456,995,862,861,178,261,439,1434
7457,883,855,855,150,261,411,1294
7458,839,867,867,178,261,439,1278
7459,867,872,878,183,267,450,1317
7460,889,872,866,166,261,427,1316
7461,861,872,873,177,262,439,1300
7462,894,867,866,150,261,411,1305
7463,1114.75,1094.5,1085.5,163.5,264,447.5,1528.75
7464,993.875,983.75,973.25,150,267,417,1403.375
7465,873,873,861,150,255,405,1278
7466,855,861,867,156,261,417,1272
7467,839,861,861,178,261,439,1278
7468,900,867,872,145,266,411,1311
7469,861,872,867,156,261,417,1278
7470,867,861,861,150,261,411,1278
7471,867,867,867,150,261,411,1278
7472,855,861,861,156,261,417,1272
7473,861,861,861,156,261,417,1278
7474,845,861,861,172,261,433,1278
7475,872,878,878,178,261,439,1311
7476,900,877,878,155,262,417,1317
7477,878,878,877,155,261,416,1294
7478,866,867,867,156,261,417,1283
7479,867,861,861,150,261,411,1278
7480,867,867,867,150,261,411,1278
7481,861,872,872,161,261,422,1283
7482,861,855,850,155,256,411,1272
7483,855,850,856,150,262,412,1267
7484,834,856,855,172,261,433,1267
7485,866,844,845,150,262,412,1278
7486,845,845,844,150,261,411,1256
7487,817,844,844,177,261,438,1255
7488,855,834,834,156,261,417,1272
7489,839,827,828,144,262,406,1245
7490,828,828,827,144,261,405,1233
7491,833,834,834,145,261,406,1239
7492,828,827,833,144,267,411,1239
7493,822,823,817,145,261,406,1228
7494,817,816,816,144,261,405,1222
7495,828,817,817,133,261,394,1222
7496,788,800,800,145,261,406,1194
7497,800,794,794,139,261,400,1200
7498,789,795,795,145,261,406,1195
7499,778,783,789,150,267,417,1195
7500,789,789,783,150,261,411,1200
7501,800,794,795,144,262,406,1206
7502,811,806,811,139,267,406,1217
7503,795,806,800,150,261,411,1206
7504,822,816,822,144,267,411,1233
7505,833,839,833,150,261,411,1244
7506,833,861,867,178,267,445,1278
7507,862,867,867,183,267,450,1312
7508,888,883,883,178,267,445,1333
7509,889,884,878,173,261,434,1323
7510,889,872,872,156,261,417,1306
7511,878,872,872,150,261,411,1289
7512,894,894,895,150,262,412,1306
7513,873,878,877,155,261,416,1289
7514,883,884,884,156,261,417,1300
7515,906,900,900,150,261,411,1317
7516,888,916,922,178,267,445,1333
7517,917,895,889,156,261,417,1334
7518,867,889,889,178,261,439,1306
7519,916,888,889,150,262,412,1328
7520,873,900,905,177,267,444,1317
7521,916,895,889,156,261,417,1333
7522,884,878,878,150,261,411,1295
7523,877,883,889,156,267,423,1300
7524,867,894,889,183,262,445,1312
7525,895,889,894,177,267,444,1339
7526,894,884,878,167,261,428,1322
7527,861,866,866,172,261,433,1294
7528,856,867,867,183,261,444,1300
7529,872,861,867,172,267,439,1311
7530,883,867,861,156,261,417,1300
7531,839,866,867,183,262,445,1284
7532,867,862,866,178,266,444,1311
7533,883,883,884,178,267,445,1328
7534,900,889,883,167,261,428,1328
7535,867,878,878,178,261,439,1306
7536,878,883,889,183,267,450,1328
7537,850,900,900,180.5,267,444.5,1350
7538,966,911,905,178,261,439,1405
7539,911,889,883,156,255,411,1322
7540,878,894,900,172,261,433,1311
7541,917,900,900,155,261,416,1333
7542,894,895,895,156,261,417,1311
7543,889,900,900,167,261,428,1317
7544,895,878,883,150,266,416,1311
7545,866,900,900,184,266,450,1316
7546,928,900,895,156,261,417,1345
7547,889,888,889,155,262,417,1306
7548,861,878,877,172,261,433,1294
7549,889,895,895,178,261,439,1328
7550,917,894,894,155,261,416,1333
7551,877,878,878,156,261,417,1294
7552,845,867,867,178,261,439,1284
7553,872,872,877,178,266,444,1316
7554,883,861,856,156,261,417,1300
7555,856,850,850,150,261,411,1267
7556,833,839,844,156,266,422,1255
7557,867,855,852.5,144,263.5,407.5,1274.5
7558,858.5,849.5,851.25,150,261,411,1267.75
7559,850,844,850,144,267,411,1261
7560,850,856,850,150,261,411,1261
7561,850,850,850,150,261,411,1261
7562,861,855,855,144,261,405,1266
7563,861,861,861,144,261,405,1266
7564,872,873,873,145,261,406,1278
7565,867,866,866,144,261,405,1272
7566,866,867,873,145,267,412,1278
7567,884,878,877,139,266,405,1289
7568,861,872,867,150,261,411,1272
7569,839,861,861,172,261,433,1272
7570,900,867,867,139,261,400,1300
7571,844,877,878,172,262,434,1278
7572,906,878,877,144,261,405,1311
7573,866,872,873,150,262,412,1278
7574,862,862,866,150,266,416,1278
7575,850,877,872,177,261,438,1288
7576,883,878,878,172,261,433,1316
7577,894,867,867,145,261,406,1300
7578,850,883,883,178,261,439,1289
7579,884,883,889,177,267,444,1328
7580,911,884,883,150,266,416,1327
7581,850,878,873,178,261,439,1289
7582,889,866,866,155,261,416,1305
7583,855,878,884,178,267,445,1300
7584,884,883,877,177,261,438,1322
7585,894,878,878,161,261,422,1316
7586,867,861,861,155,261,416,1283
7587,839,861,861,177,261,438,1277
7588,872,873,878,178,266,444,1316
7589,889,883,878,172,261,433,1322
7590,877,867,867,162,261,423,1300
7591,789,872,872,158.5,261,422.5,1295
7592,973,883,889,155,267,422,1395
7593,877,883,883,161,267,428,1305
7594,884,878,872,155,261,416,1300
7595,883,884,884,156,261,417,1300
7596,867,883,889,172,267,439,1306
7597,905,883,877,150,261,411,1316
7598,867,884,884,167,261,428,1295
7599,867,877,883,177,267,444,1311
7600,888,884,878,173,261,434,1322
7601,895,883,883,161,261,422,1317
7602,872,867,872,156,266,422,1294
7603,872,861,861,145,266,411,1283
7604,861,866,862,150,262,412,1273
7605,839,867,866,178,261,439,1278
7606,889,867,867,156,261,417,1306
7607,850,866,867,172,262,434,1284
7608,872,884,883,184,261,445,1317
7609,900,889,889,173,261,434,1334
7610,884,872,872,161,261,422,1306
7611,878,872,872,155,261,416,1294
7612,855,878,884,178,267,445,1300
7613,917,889,888,150,266,416,1333
7614,866,889,884,173,261,434,1300
7615,884,889,889,178,261,439,1323
7616,872,872,872,178,261,439,1311
7617,883,883,883,178,261,439,1322
7618,889,883,884,172,262,434,1323
7619,872,878,877,178,261,439,1311
7620,889,861,867,150,267,417,1306
7621,867,867,861,150,261,411,1278
7622,850,883,883,183,261,444,1294
7623,883,878,878,178,261,439,1322
7624,878,872,867,172,256,428,1306
7625,878,861,867,155,262,417,1295
7626,844,873,877,184,266,450,1294
7627,917,883,884,150,267,417,1334
7628,861,883,877,172,261,433,1294
7629,889,873,873,156,261,417,1306
7630,756,861,866,169.5,266,431,1283
7631,955,877,873,183,262,445,1400
7632,889,878,883,172,267,439,1328
7633,861,867,861,178,261,439,1300
7634,889,867,867,156,261,417,1306
7635,872,866,872,150,267,417,1289
7636,850,878,872,178,261,439,1289
7637,889,867,867,156,261,417,1306
7638,856,850,855,150,266,416,1272
7639,844,872,867,178,261,439,1283
7640,883,867,867,162,261,423,1306
7641,862,855,855,155,261,416,1278
7642,833,850,856,172,267,439,1272
7643,883,867,866,156,266,422,1305
7644,850,872,867,178,261,439,1289
7645,884,861,861,155,261,416,1300
7646,861,856,856,150,261,411,1272
7647,827,855,861,178,267,445,1272
7648,873,872,867,177,262,439,1312
7649,883,867,866,161,261,422,1305
7650,872,867,867,156,261,417,1289
7651,856,861,861,161,261,422,1278
7652,828,844,850,177,267,444,1272
7653,883,856,850,150,261,411,1294
7654,805,833,839,178,267,445,1250
7655,867,839,833,150,261,411,1278
7656,811,833,839,172,267,439,1250
7657,845,845,845,172,267,439,1284
7658,850,855,855,177,267,444,1294
7659,900,873,867,150,261,411,1311
7660,844,877,878,183,262,445,1289
7661,883,873,872,173,261,434,1317
7662,806,877,878,172.5,262,436.5,1312
7663,967,895,900,172,267,439,1406
7664,905,911,905,178,261,439,1344
7665,917,889,895,150,267,417,1334
7666,878,889,883,161,261,422,1300
7667,889,905,905,177,261,438,1327
7668,911,906,906,172,261,433,1344
7669,905,889,889,156,261,417,1322
7670,889,889,889,156,261,417,1306
7671,867,894,894,183,261,444,1311
7672,900,883,884,166,262,428,1328
7673,866,867,866,167,261,428,1294
7674,850,861,867,178,267,445,1295
7675,884,861,855,155,261,416,1300
7676,850,856,856,161,261,422,1272
7677,850,850,850,161,261,422,1272
7678,833,855,856,183,262,445,1278
7679,872,867,866,178,261,439,1311
7680,873,856,856,161,261,422,1295
7681,838,855,855,178,261,439,1277
7682,878,878,878,178,261,439,1317
7683,884,883,883,177,261,438,1322
7684,877,878,878,178,261,439,1316
7685,878,872,872,172,261,433,1311
7686,889,895,895,178,261,439,1328
7687,894,889,894,173,266,439,1333
7688,884,883,878,172,261,433,1317
7689,883,878,883,167,266,433,1316
7690,878,889,889,178,266,444,1322
7691,911,905,900,172,261,433,1344
7692,772,895,895,164,261,425,1328
7693,833.5,883,883,156,261,417,1439
7694,895,889,889,150,261,411,1306
7695,883,894,894,161,261,422,1305
7696,884,884,884,161,261,422,1306
7697,883,872,878,150,267,417,1300
7698,750,894,888,164,261,428,1305
7699,994,878,878,178,261,439,1433
7700,873,867,867,172,261,433,1306
7701,872,872,872,172,261,433,1305
7702,861,867,872,178,266,444,1305
7703,894,883,878,167,261,428,1322
7704,856,872,867,183,256,439,1295
7705,867,861,866,177,261,438,1305
7706,883,878,884,172,267,439,1322
7707,872,883,878,183,262,445,1317
7708,883,873,872,173,261,434,1317
7709,867,872,872,178,261,439,1306
7710,872,878,878,184,261,445,1317
7711,911,883,883,156,261,417,1328
7712,867,872,872,161,261,422,1289
7713,872,872,873,161,262,423,1295
7714,861,878,877,178,261,439,1300
7715,889,878,878,167,261,428,1317
7716,850,867,867,184,261,445,1295
7717,884,861,861,161,261,422,1306
7718,861,872,878,172,267,439,1300
7719,878,878,872,172,261,433,1311
7720,888,866,867,150,262,412,1300
7721,856,867,866,161,261,422,1278
7722,867,861,861,155,261,416,1283
7723,855,884,884,184,261,445,1300
7724,889,877,877,172,261,433,1322
7725,867,867,867,172,261,433,1300
7726,855,861,861,178,261,439,1294
7727,884,878,878,172,261,433,1317
7728,872,872,872,172,261,433,1305
7729,894,872,867,150,256,406,1300
7730,823,850,861,177,267,444,1267
7731,861,867,861,183,261,444,1305
7732,883,856,856,156,261,417,1300
7733,772,855,855,164,261,425,1272
7734,917,850,850,172,261,433,1350
7735,855,861,861,178,261,439,1294
7736,884,878,878,172,261,433,1317
7737,861,861,856,172,256,428,1289
7738,855,856,861,173,261,434,1289
7739,867,872,878,178,267,445,1312
7740,872,872,872,178,267,445,1317
7741,878,867,861,167,261,428,1306
7742,861,861,861,167,261,428,1289
7743,861,878,878,184,261,445,1306
7744,906,872,878,150,267,417,1323
7745,861,883,877,172,261,433,1294
7746,878,856,856,150,261,411,1289
7747,828,855,855,177,261,438,1266
7748,855,850,856,172,267,439,1294
7749,878,856,856,150,267,417,1295
7750,833,861,861,178,267,445,1278
7751,850,844,844,172,267,439,1289
7752,845,850,845,177,262,439,1284
7753,855,862,861,184,261,445,1300
7754,884,861,861,161,261,422,1306
7755,861,855,855,155,261,416,1277
7756,844,845,845,156,261,417,1261
7757,850,844,844,150,261,411,1261
7758,833,833,834,150,262,412,1245
7759,800,828,827,178,261,439,1239
7760,823,822,823,177,262,439,1262
7761,833,834,833,178,261,439,1272
7762,844,839,844,173,266,439,1283
7763,878,855,850,150,261,411,1289
7764,834,856,856,172,261,433,1267
7765,850,866,867,188,262,450,1300
7766,888,873,877,173,266,439,1327
7767,889,866,861,150,261,411,1300
7768,867,867,867,150,261,411,1278
7769,839,867,867,178,261,439,1278
7770,883,877,883,172,267,439,1322
7771,878,884,878,178,261,439,1317
7772,889,872,867,161,256,417,1306
7773,872,867,872,156,261,417,1289
7774,878,872,878,150,267,417,1295
7775,872,872,866,150,261,411,1283
7776,845,867,867,172,261,433,1278
7777,861,866,872,177,267,444,1305
7778,883,878,878,172,267,439,1322
7779,861,867,861,178,261,439,1300
7780,883,855,856,150,262,412,1295
7781,828,850,855,172,267,439,1267
7782,845,856,850,183,261,444,1289
7783,872,850,850,161,261,422,1294
7784,855,839,845,145,267,412,1267
7785,845,844,844,144,267,411,1256
7786,817,850,844,177,261,438,1255
7787,872,845,845,150,261,411,1283
7788,855,850,844,145,255,400,1255
7789,850,850,856,145,261,406,1256
7790,873,878,878,150,261,411,1284
7791,850,872,872,172,261,433,1283
7792,872,872,872,172,261,433,1305
7793,855,856,856,173,261,434,1289
7794,861,872,872,184,261,445,1306
7795,884,878,878,178,261,439,1323
7796,872,866,866,172,261,433,1305
7797,867,867,867,172,261,433,1300
7798,872,872,872,172,261,433,1305
7799,889,872,872,155,261,416,1305
7800,866,884,884,173,261,434,1300
7801,862,866,866,177,261,438,1300
7802,866,867,867,178,261,439,1305
7803,872,878,878,184,261,445,1317
7804,884,878,878,178,261,439,1323
7805,878,866,866,166,261,427,1305
7806,777,867,867,172,261,433,1294
7807,945,867,867,178,261,439,1384
7808,889,872,866,161,255,416,1305
7809,844,861,867,178,261,439,1283
7810,878,855,856,155,262,417,1295
7811,839,867,872,183,267,450,1289
7812,878,872,866,177,261,438,1316
7813,888,861,862,150,262,412,1300
7814,862,867,866,155,261,416,1278
7815,772,867,872,164,266,425,1288
7816,955,878,873,173,261,434,1389
7817,878,877,877,172,261,433,1311
7818,861,867,867,178,261,439,1300
7819,955.5,861,861,166.5,261,430.5,1300
7820,905.25,872,878,155,267,422,1297
7821,855,878,872,178,261,439,1294
7822,861,861,861,178,261,439,1300
7823,884,856,856,150,261,411,1295
7824,844,861,867,167,267,434,1278
7825,850,867,861,184,261,445,1295
7826,872,850,850,162,261,423,1295
7827,845,838,839,155,262,417,1262
7828,822,845,844,178,261,439,1261
7829,845,850,850,183,261,444,1289
7830,850,850,850,183,261,444,1294
7831,861,844,844,166,261,427,1288
7832,839,850,856,177,267,444,1283
7833,861,867,867,183,267,450,1311
7834,889,878,866,172,255,427,1316
7835,800,855,861,158,261,416.5,1288
7836,944,861,862,144,262,406,1350
7837,844,878,877,178,261,439,1283
7838,884,884,878,178,255,433,1317
7839,872,872,878,178,261,439,1311
7840,872,866,867,172,262,434,1306
7841,878,878,883,172,267,439,1317
7842,872,878,872,178,261,439,1311
7843,889,861,861,150,261,411,1300
7844,839,867,872,178,266,444,1283
7845,867,872,867,183,261,444,1311
7846,872,867,867,178,261,439,1311
7847,872,844,844,150,261,411,1283
7848,822,845,845,173,261,434,1256
7849,850,861,861,184,261,445,1295
7850,895,866,866,155,261,416,1311
7851,936.5,861,862,166,262,427.5,1278
7852,978,850,850,177,262,439,1417
7853,866,867,872,178,267,445,1311
7854,873,872,872,177,267,444,1317
7855,888,873,867,162,261,423,1311
7856,862,866,866,166,261,427,1289
7857,861,867,873,172,267,439,1300
7858,872,883,880,183,264,447,1319
7859,869,883,884.5,161,255,416,1312
7860,866,883,889,178,261,439,1305
7861,900,900,900,178,261,439,1339
7862,895,883,884,166,262,428,1323
7863,889,878,872,155,256,411,1300
7864,850,872,883,177,267,444,1294
7865,905,878,878,150,267,417,1322
7866,878,889,883,161,261,422,1300
7867,878,872,872,155,261,416,1294
7868,861,856,856,150,261,411,1272
7869,828,855,856,177,262,439,1267
7870,861,828,827,144,261,405,1266
7871,822,822,823,144,262,406,1228
7872,806,812,811,150,261,411,1217
7873,822,816,816,144,261,405,1227
7874,828,828,828,144,261,405,1233
7875,800,839,839,183,261,444,1244
7876,866,850,850,167,261,428,1294
7877,878,861,861,150,261,411,1289
7878,833,867,867,184,261,445,1278
7879,856,850,855,178,266,444,1300
7880,867,866,861,177,261,438,1305
7881,872,845,845,150,261,411,1283
7882,822,861,861,189,261,450,1272
7883,883,872,872,178,261,439,1322
7884,895,872,872,155,261,416,1311
7885,872,867,867,150,261,411,1283
7886,850,883,883,183,261,444,1294
7887,917,884,884,150,261,411,1328
7888,800,889,889,164,261,425,1300
7889,944,883,883,178,261,439,1383
7890,889,883,883,172,261,433,1322
7891,889,889,895,172,267,439,1328
7892,889,883,878,166,262,428,1317
7893,883,867,866,150,261,411,1294
7894,867,867,867,150,261,411,1278
7895,861,861,867,150,267,417,1278
7896,844,872,866,178,261,439,1283
7897,884,856,856,150,261,411,1295
7898,833,861,861,178,261,439,1272
7899,889,861,867,150,267,417,1306
7900,850,872,866,172,261,433,1283
7901,867,867,861,172,255,427,1294
7902,838,850,856,184,261,445,1283
7903,873,866,872,177,267,444,1317
7904,872,873,867,178,261,439,1311
7905,883,861,861,156,261,417,1300
7906,861,861,855,156,255,411,1272
7907,850,872,878,178,261,439,1289
7908,878,872,872,172,261,433,1311
7909,872,867,867,167,261,428,1300
7910,861,856,856,162,261,423,1284
7911,850,872,877,184,266,450,1300
7912,889,878,873,173,261,434,1323
7913,867,872,872,178,261,439,1306
7914,894,866,867,150,262,412,1306
7915,834,867,866,183,261,444,1278
7916,889,878,884,172,267,439,1328
7917,889,889,888,172,266,438,1327
7918,894,878,873,156,261,417,1311
7919,861,866,866,161,261,422,1283
7920,856,878,878,183,261,444,1300
7921,883,872,872,172,261,433,1316
7922,867,861,867,166,267,433,1300
7923,872,856,850,150,261,411,1283
7924,872,872,872,150,261,411,1283
7925,850,878,884,178,267,445,1295
7926,883,883,877,178,261,439,1322
7927,878,872,873,172,262,434,1312
7928,878,878,877,172,261,433,1311
7929,894,889,889,167,261,428,1322
7930,878,889,895,178,267,445,1323
7931,889,872,866,161,261,422,1311
7932,861,872,873,172,262,434,1295
7933,872,889,888,189,261,450,1322
7934,900,889,895,178,267,445,1345
7935,917,895,889,156,261,417,1334
7936,867,872,872,161,261,422,1289
7937,855,867,872,173,266,439,1294
7938,884,894,889,183,261,444,1328
7939,900,889,889,172,261,433,1333
7940,877,878,878,173,261,434,1311
7941,867,872,872,178,261,439,1306
7942,889,889,889,178,261,439,1328
7943,900,889,889,167,261,428,1328
7944,894,877,872,150,256,406,1300
7945,823,856,861,183,261,444,1267
7946,866,861,861,178,261,439,1305
7947,867,867,867,178,261,439,1306
7948,883,861,861,156,261,417,1300
7949,856,855,856,155,262,417,1273
7950,833,862,861,184,261,445,1278
7951,889,861,866,156,266,422,1311
7952,845,855,850,166,261,427,1272
7953,838,845,845,173,261,434,1272
7954,873,850,855,150,266,416,1289
7955,844,872,873,178,267,445,1289
7956,872,872,866,178,261,439,1311
7957,861,861,861,178,261,439,1300
7958,873,850,850,155,261,416,1289
7959,850,872,878,177,267,444,1294
7960,872,867,861,172,261,433,1305
7961,855,856,856,173,261,434,1289
7962,878,855,855,150,261,411,1289
7963,839,861,861,172,261,433,1272
7964,872,856,856,156,261,417,1289
7965,839,850,850,167,261,428,1267
7966,856,861,861,172,261,433,1289
7967,861,867,867,178,261,439,1300
7968,878,855,855,155,261,416,1294
7969,827,845,845,173,261,434,1261
7970,862,839,839,150,261,411,1273
7971,822,850,850,178,261,439,1261
7972,861,855,855,172,261,433,1294
7973,872,850,850,150,261,411,1283
7974,850,850,850,150,261,411,1261
7975,833,867,867,184,261,445,1278
7976,867,861,861,178,261,439,1306
7977,856,855,856,177,262,439,1295
7978,850,850,850,177,262,439,1289
7979,866,867,866,178,261,439,1305
7980,878,878,878,178,261,439,1317
7981,861,861,861,178,261,439,1300
7982,867,861,861,172,261,433,1300
7983,872,883,884,183,262,445,1317
7984,883,884,883,184,261,445,1328
7985,889,872,872,167,261,428,1317
7986,873,867,867,161,261,422,1295
7987,861,877,883,177,267,444,1305
7988,889,889,889,177,267,444,1333
7989,872,873,867,178,261,439,1311
7990,878,861,861,161,261,422,1300
7991,838,855,855,178,261,439,1277
7992,862,856,856,172,261,433,1295
7993,872,861,861,161,261,422,1294
7994,844,855,856,172,262,434,1278
7995,889,867,866,150,261,411,1300
7996,845,872,872,177,261,438,1283
7997,894,867,867,150,261,411,1305
7998,861,861,861,150,261,411,1272
7999,872,867,867,145,261,406,1278
8000,856,878,878,167,261,428,1284
8001,883,872,872,156,261,417,1300
8002,867,872,872,161,261,422,1289
8003,867,856,861,150,266,416,1283
8004,844,872,872,178,266,444,1288
8005,883,878,873,173,261,434,1317
8006,856,866,866,183,261,444,1300
8007,861,856,861,178,266,444,1305
8008,878,872,867,172,261,433,1311
8009,889,872,872,155,261,416,1305
8010,855,861,856,161,256,417,1272
8011,839,856,861,178,261,439,1278
8012,867,867,867,178,261,439,1306
8013,872,872,872,178,261,439,1311
8014,856,850,850,172,261,433,1289
8015,855,855,855,172,261,433,1288
8016,856,856,862,172,267,439,1295
8017,855,861,855,178,261,439,1294
8018,867,850,850,161,261,422,1289
8019,855,850,850,156,261,417,1272
8020,850,850,850,156,261,417,1267
8021,834,856,856,178,261,439,1273
8022,866,844,844,156,261,417,1283
8023,823,839,839,172,261,433,1256
8024,844,850,850,178,261,439,1283
8025,856,855,856,177,262,439,1295
8026,855,856,850,178,256,434,1289
8027,845,844,850,177,262,439,1284
8028,855,850,850,172,262,434,1289
8029,856,862,861,178,261,439,1295
8030,866,855,855,167,261,428,1294
8031,862,856,856,161,261,422,1284
8032,833,844,850,172,267,439,1272
8033,861,867,861,178,261,439,1300
8034,872,861,861,167,261,428,1300
8035,856,844,844,155,261,416,1272
8036,844,839,839,150,261,411,1255
8037,817,845,850,178,266,444,1261
8038,872,850,845,156,261,417,1289
8039,811,833,833,178,261,439,1250
8040,839,833,833,172,261,433,1272
8041,839,850,850,183,261,444,1283
8042,867,845,845,161,261,422,1289
8043,827,828,828,162,261,423,1250
8044,845,827,827,144,261,405,1250
8045,839,839,839,144,261,405,1244
8046,833,845,845,156,261,417,1250
8047,845,839,839,150,261,411,1256
8048,850,838,844,138,267,405,1255
8049,850,862,856,150,261,411,1261
8050,838,866,866,178,261,439,1277
8051,873,861,861,166,261,427,1300
8052,872,850,850,144,261,405,1277
8053,839,873,873,178,261,439,1278
8054,866,866,866,178,261,439,1305
8055,884,850,850,144,261,405,1289
8056,844,850,845,150,256,406,1250
8057,834,856,866,172,266,438,1272
8058,888,861,862,145,267,412,1300
8059,856,861,850,150,256,406,1262
8060,844,844,850,150,262,412,1256
8061,823,850,850,177,262,439,1262
8062,855,856,855,178,261,439,1294
8063,884,856,856,150,261,411,1295
8064,850,850,844,150,255,405,1255
8065,844,844,850,150,261,411,1255
8066,856,850,850,144,261,405,1261
8067,850,861,861,155,261,416,1266
8068,850,845,839,150,255,405,1255
8069,838,833,845,145,267,412,1250
8070,817,850,844,178,261,439,1256
8071,878,850,850,150,261,411,1289
8072,844,839,839,145,261,406,1250
8073,845,844,844,144,261,405,1250
8074,828,856,861,172,266,438,1266
8075,861,861,862,172,267,439,1300
8076,877,855,844,150,256,406,1283
8077,845,845,850,150,261,411,1256
8078,861,855,861,144,267,411,1272
8079,856,856,856,144,267,411,1267
8080,833,861,850,172,256,428,1261
8081,872,850,855,150,261,411,1283
8082,833,861,867,178,267,445,1278
8083,873,867,861,172,261,433,1306
8084,883,861,856,150,256,406,1289
8085,833,856,861,173,261,434,1267
8086,850,855,855,178,261,439,1289
8087,861,861,861,178,261,439,1300
8088,884,861,861,155,261,416,1300
8089,828,850,850,177,261,438,1266
8090,850,850,850,177,261,438,1288
8091,866,861,867,172,267,439,1305
8092,867,867,861,172,261,433,1300
8093,855,856,856,173,261,434,1289
8094,878,855,855,150,261,411,1289
8095,845,872,873,177,262,439,1284
8096,872,867,866,172,261,433,1305
8097,855,861,861,178,261,439,1294
8098,850,850,850,178,261,439,1289
8099,856,856,856,178,261,439,1295
8100,861,850,850,167,261,428,1289
8101,861,844,844,150,261,411,1272
8102,822,850,850,178,261,439,1261
8103,862,861,861,177,261,438,1300
8104,772,861,862,172,262,433,1300
8105,955,856,855,167,261,428,1383
8106,845,850,850,172,261,433,1278
8107,805,861,867,166.5,267,427.5,1300
8108,934,867,861,161,261,422,1356
8109,861,861,861,161,261,422,1283
8110,833,855,856,183,262,445,1278
8111,850,850,850,183,262,445,1295
8112,867,862,866,178,266,444,1311
8113,866,855,850,167,261,428,1294
8114,862,845,845,150,261,411,1273
8115,816,844,844,178,261,439,1255
8116,856,856,856,178,261,439,1295
8117,855,855,855,178,261,439,1294
8118,873,845,845,150,261,411,1284
8119,850,855,855,155,261,416,1266
8120,838,861,861,178,261,439,1277
8121,862,861,861,177,261,438,1300
8122,855,850,850,172,261,433,1288
8123,872,856,856,156,261,417,1289
8124,845,872,872,183,261,444,1289
8125,878,872,872,177,261,438,1316
8126,872,861,867,166,267,433,1305
8127,936,955.5,967,158,244,422,1358
8128,1000,916.25,922,150,261,411,1411
8129,850,877,877,177,261,438,1288
8130,844,850,850,183,261,444,1288
8131,867,839,839,155,261,416,1283
8132,833,828,828,150,261,411,1244
8133,794,828,822,184,255,439,1233
8134,834,828,834,178,261,439,1273
8135,866,838,839,150,262,412,1278
8136,845,845,844,150,261,411,1256
8137,822,850,850,178,261,439,1261
8138,845,850,850,183,261,444,1289
8139,900,867,867,150,261,411,1311
8140,866,872,866,156,255,411,1277
8141,867,866,873,155,262,417,1284
8142,867,862,861,150,261,411,1278
8143,855,877,877,172,261,433,1288
8144,878,867,873,161,267,428,1306
8145,872,861,855,150,261,411,1283
8146,850,856,856,156,261,417,1267
8147,845,861,861,172,261,433,1278
8148,877,861,861,156,261,417,1294
8149,839,850,850,167,261,428,1267
8150,834,850,844,183,255,438,1272
8151,866,861,867,178,261,439,1305
8152,861,867,867,184,261,445,1306
8153,873,850,850,161,261,422,1295
8154,838,855,855,178,261,439,1277
8155,867,867,873,178,267,445,1312
8156,883,872,872,167,267,434,1317
8157,845,856,844,178,255,433,1278
8158,861,855,867,172,267,439,1300
8159,872,872,872,172,267,439,1311
8160,878,878,872,172,261,433,1311
8161,878,861,856,155,256,411,1289
8162,864.75,863.5,861,163.5,261,424.5,1289.75
8163,851.5,866,866,178,261,439,1290.5
8164,873,867,867,172,261,433,1306
8165,872,855,856,155,262,417,1289
8166,867,884,888,172,266,438,1305
8167,866,872,862,178,256,434,1300
8168,867,844,850,155,262,417,1284
8169,855,845,844,145,261,406,1261
8170,812,844,850,177,267,444,1256
8171,872,845,839,150,261,411,1283
8172,816,839,839,173,261,434,1250
8173,856,833,833,150,261,411,1267
8174,822,856,856,184,261,445,1267
8175,861,855,855,178,261,439,1300
8176,861,856,856,173,261,434,1295
8177,845,850,850,178,261,439,1284
8178,833,833,833,178,261,439,1272
8179,845,844,845,177,262,439,1284
8180,866,839,838,150,261,411,1277
8181,823,828,828,155,261,416,1239
8182,838,833,834,150,262,412,1250
8183,834,839,844,155,267,422,1256
8184,839,856,850,172,261,433,1272
8185,833,839,839,178,261,439,1272
8186,844,833,833,167,261,428,1272
8187,834,850,850,183,261,444,1278
8188,883,856,861,156,266,422,1305
8189,839,855,850,172,261,433,1272
8190,844,850,845,178,256,434,1278
8191,873,850,855,155,261,416,1289
8192,839,867,867,183,261,444,1283
8193,872,867,867,178,261,439,1311
8194,861,861,861,178,261,439,1300
8195,878,855,855,155,261,416,1294
8196,855,884,884,184,261,445,1300
8197,884,877,877,177,261,438,1322
8198,755,867,867,174.5,261,435.5,1305
8199,978,861,861,172,261,433,1411
8200,867,878,878,183,261,444,1311
8201,900,883,883,166,261,427,1327
8202,866,861,861,161,261,422,1288
8203,850,856,856,167,261,428,1278
8204,861,867,867,173,261,434,1295
8205,873,872,872,172,261,433,1306
8206,866,850,850,156,261,417,1283
8207,822,844,844,178,261,439,1261
8208,884,856,856,150,261,411,1295
8209,822,850,850,178,261,439,1261
8210,861,844,839,161,256,417,1278
8211,833,839,844,167,261,428,1261
8212,834,845,845,178,261,439,1273
8213,850,850,855,178,266,444,1294
8214,872,855,850,161,261,422,1294
8215,844,850,850,167,261,428,1272
8216,834,845,845,178,261,439,1273
8217,850,850,850,178,261,439,1289
8218,872,861,866,167,266,433,1305
8219,867,850,845,150,261,411,1278
8220,844,850,850,156,261,417,1261
8221,833,861,861,184,261,445,1278
8222,884,861,861,161,261,422,1306
8223,855,850,844,156,255,411,1266
8224,823,839,845,172,261,433,1256
8225,850,855,855,177,261,438,1288
8226,861,861,862,177,262,439,1300
8227,850,850,850,177,262,439,1289
8228,872,850,850,155,262,417,1289
8229,833,856,855,178,261,439,1272
8230,861,861,861,178,261,439,1300
8231,861,856,850,173,255,428,1289
8232,850,850,856,173,261,434,1284
8233,839,844,839,178,256,434,1273
8234,850,861,866,189,261,450,1300
8235,867,856,861,178,266,444,1311
8236,867,844,839,155,261,416,1283
8237,833,845,839,167,255,422,1255
8238,844,855,861,178,261,439,1283
8239,878,856,856,156,261,417,1295
8240,834,844,844,166,261,427,1261
8241,838,834,834,162,261,423,1261
8242,839,827,827,150,261,411,1250
8243,800,828,828,178,261,439,1239
8244,856,833,834,155,262,417,1273
8245,811,834,833,178,261,439,1250
8246,828,833,833,183,261,444,1272
8247,850,845,850,178,266,444,1294
8248,861,855,850,172,261,433,1294
8249,844,845,839,173,255,428,1272
8250,834,844,850,183,261,444,1278
8251,861,861,861,183,261,444,1305
8252,866,850,850,167,261,428,1294
8253,862,845,845,150,261,411,1273
8254,844,844,844,150,261,411,1255
8255,839,839,845,150,267,417,1256
8256,839,844,838,155,261,416,1255
8257,850,845,839,150,255,405,1255
8258,822,833,839,161,261,422,1244
8259,828,839,845,172,267,439,1267
8260,844,844,839,172,262,434,1278
8261,856,839,838,155,261,416,1272
8262,822,839,839,172,261,433,1255
8263,844,850,850,178,261,439,1283
8264,867,850,850,161,261,422,1289
8265,850,839,839,150,261,411,1261
8266,811,839,845,178,267,445,1256
8267,856,856,855,178,266,444,1300
8268,855,855,850,178,261,439,1294
8269,845,839,839,172,261,433,1278
8270,861,844,845,155,262,417,1278
8271,844,862,861,173,261,434,1278
8272,867,861,861,167,261,428,1295
8273,844,850,850,173,261,434,1278
8274,739,839,839,172.5,261,433.5,1273
8275,945,844,844,172,261,433,1378
8276,833,839,839,178,261,439,1272
8277,856,828,828,150,261,411,1267
8278,827,827,828,150,262,412,1239
8279,812,834,833,172,261,433,1245
8280,844,844,844,172,261,433,1277
8281,856,834,834,150,261,411,1267
8282,850,844,844,144,261,405,1255
8283,844,844,850,144,267,411,1255
8284,839,856,850,161,261,422,1261
8285,855,839,833,145,255,400,1255
8286,839,839,845,145,261,406,1245
8287,839,839,844,145,266,411,1250
8288,828,839,834,156,261,417,1245
8289,833,827,822,150,256,406,1239
8290,828,823,828,145,261,406,1234
8291,811,833,833,167,261,428,1239
8292,861,844,844,150,261,411,1272
8293,839,834,834,145,261,406,1245
8294,839,839,839,145,261,406,1245
8295,845,844,844,144,261,405,1250
8296,844,850,850,150,261,411,1255
8297,856,856,856,150,261,411,1267
8298,850,850,850,150,261,411,1261
8299,827,850,850,173,261,434,1261
8300,873,850,850,150,261,411,1284
8301,838,861,855,173,255,428,1266
8302,862,844,850,155,261,416,1278
8303,827,845,845,173,261,434,1261
8304,850,855,855,178,261,439,1289
8305,867,856,856,167,261,428,1295
8306,833,839,833,173,255,428,1261
8307,828,833,839,178,261,439,1267
8308,833,839,839,184,261,445,1278
8309,850,839,839,173,261,434,1284
8310,834,833,833,172,261,433,1267
8311,833,839,839,178,261,439,1272
8312,845,850,850,183,261,444,1289
8313,855,839,839,167,261,428,1283
8314,845,828,828,150,261,411,1256
8315,822,822,822,150,261,411,1233
8316,789,816,817,177,262,439,1228
8317,816.5,784,783,180.5,261,436.5,1222
8318,844,778,767,184,250,434,1278
8319,728,761,761,217,250,467,1195
8320,822,758.5,755,139,261,400,1222
8321,825.5,751.25,758,114,255.5,369.5,1142.75
8322,748.75,748.125,761,138,250,387.75,1110.375
8323,718.875,746.062,739,162,244,406,1136.188
8324,756.938,742.531,756,217,256,473,1162
8325,795,740.766,738,161,255,416,1211
8326,761,739.883,745,139,261,400,1161
8327,739,725.441,739,139,261,400,1139
8328,730.5,723.721,733.5,139,255,394,1130.5
8329,706.75,722.86,725.25,139,261,400,1123.75
8330,731.375,719.93,723.625,178,256,434,1139.875
8331,756,715.465,717.312,139,261,400,1156
8332,728,707.733,706.156,139,261,400,1125.5
8333,717,706.866,708.578,139,256,395,1115.75
8334,711,708.933,706.789,139,261,400,1110.375
8335,703,701.467,700.895,145,255,400,1102.688
8336,701.5,700.733,700.447,144,256,400,1101.344
8337,700.75,697.867,697.224,144,256,400,1097.672
8338,691.875,692.933,693.112,139,255,394,1090.336
8339,695.938,690.967,693.556,144,256,400,1092.168
8340,692.469,692.983,691.278,133,261,394,1087.584
8341,690.734,690.992,690.139,139,255,394,1085.292
8342,689.867,686.996,689.569,139,255,394,1084.146
8343,689.434,690.498,692.285,133,261,394,1086.573
8344,691.717,692.749,690.142,138,262,400,1087.286
8345,692.858,693.374,695.071,139,255,394,1090.643
8346,702.429,705.187,703.536,139,261,400,1101.322
8347,709.215,708.094,707.268,144,256,400,1106.161
8348,710.107,709.547,709.134,139,256,395,1106.08
8349,716.554,715.773,718.567,139,256,395,1114.54
8350,724.777,727.387,725.783,138,262,400,1123.77
8351,733,733.193,732.392,144,256,400,1131.385
8352,739,736.097,739,144,256,400,1139
8353,744,748.548,739,139,256,395,1139
8354,756,761,766,144,261,405,1161
8355,755,758,756,145,261,406,1161
8356,750,757,750,150,256,406,1156
8357,761,759,755,145,255,400,1161
8358,762,761,767,144,261,405,1167
8359,766,767,767,145,261,406,1172
8360,756,761,755,150,255,405,1161
8361,772,772,778,150,261,411,1183
8362,783,778,772,145,255,400,1183
8363,767,772,778,150,261,411,1178
8364,772,772,767,150,256,406,1178
8365,784,784,783,150,255,405,1189
8366,783,783,789,150,261,411,1194
8367,794,794,794,150,261,411,1205
8368,800,800,800,150,261,411,1211
8369,795,795,795,150,261,411,1206
8370,794,794,789,150,256,406,1200
8371,789,784,789,145,261,406,1195
8372,778,783,783,150,261,411,1189
8373,761,783,783,172,261,433,1194
8374,806,784,784,150,261,411,1217
8375,788,788,783,150,256,406,1194
8376,762,789,794,177,261,438,1200
8377,783,784,784,178,261,439,1222
8378,822,800,794,156,255,411,1233
8379,778,805,806,183,256,439,1217
8380,828,817,816,172,255,427,1255
8381,839,822,823,155,256,411,1250
8382,833,822,822,144,256,400,1233
8383,833,839,844,150,261,411,1244
8384,828,828,828,150,261,411,1239
8385,833,828,822,145,255,400,1233
8386,817,816,817,144,256,400,1217
8387,811,812,811,145,255,400,1211
8388,789,794,795,150,256,406,1195
8389,789,789,788,150,255,405,1194
8390,778,778,773,150,250,400,1178
8391,783,777,783,144,256,400,1183
8392,772,773,772,145,255,400,1172
8393,767,761,761,139,255,394,1161
8394,767,772,773,144,256,400,1167
8395,777,783,783,150,256,406,1183
8396,784,778,778,144,256,400,1184
8397,789,789,794,144,261,405,1194
8398,777,811,806,178,256,434,1211
8399,850,811,816,139,261,400,1250
8400,828,839,834,150,256,406,1234
8401,828,861,866,183,261,444,1272
8402,878,878,878,183,261,444,1322
8403,894,883,883,172,261,433,1327
8404,728,878,873,164,256,422,1306
8405,797.5,878,877,156,255,411,1306
8406,867,889,895,178,261,439,1306
8407,889,894,889,183,256,439,1328
8408,894,884,889,173,261,434,1328
8409,900,905,905,178,261,439,1339
8410,906,906,900,178,255,433,1339
8411,933,905,906,150,256,406,1339
8412,861,889,889,178,256,434,1295
8413,917,895,894,156,255,411,1328
8414,883,894,895,167,256,423,1306
8415,884,894,894,177,256,433,1317
8416,889,884,883,172,255,427,1316
8417,900,894,895,166,256,422,1322
8418,897,900,905,169,261,430,1327
8419,836,900,895,167.5,256,426,1325
8420,967,900,900,166,256,422,1389
8421,883,895,894,178,255,433,1316
8422,883,883,889,178,261,439,1322
8423,906,878,878,150,261,411,1317
8424,861,866,861,155,256,411,1272
8425,833,856,856,178,256,434,1267
8426,861,861,861,178,256,434,1295
8427,878,883,883,183,256,439,1317
8428,883,884,889,184,261,445,1328
8429,884,878,878,178,261,439,1323
8430,889,883,883,172,261,433,1322
8431,861,867,861,178,255,433,1294
8432,889,872,872,161,255,416,1305
8433,877,861,861,145,255,400,1277
8434,862,861,867,144,261,405,1267
8435,816,850,850,178,261,439,1255
8436,834,839,839,183,261,444,1278
8437,827,833,828,189,256,445,1272
8438,856,811,811,144,256,400,1256
8439,794,795,800,145,261,406,1200
8440,795,783,783,133,261,394,1189
8441,772,778,772,139,255,394,1166
8442,767,772,773,144,256,400,1167
8443,772,772,777,144,261,405,1177
8444,783,778,778,139,261,400,1183
8445,784,783,784,138,262,400,1184
8446,805,812,811,145,261,406,1211
8447,789,822,822,178,261,439,1228
8448,878,844,839,144,256,400,1278
8449,822,856,855,178,255,433,1255
8450,861,861,867,178,261,439,1300
8451,861,861,861,178,261,439,1300
8452,884,861,861,155,261,416,1300
8453,861,861,856,155,256,411,1272
8454,877,872,878,150,262,412,1289
8455,867,873,872,156,261,417,1284
8456,872,894,889,178,256,434,1306
8457,889,883,889,172,262,434,1323
8458,884,895,894,183,261,444,1328
8459,894,889,889,178,261,439,1333
8460,906,883,883,155,261,416,1322
8461,872,867,867,150,261,411,1283
8462,861,861,861,150,261,411,1272
8463,855,855,856,150,262,412,1267
8464,856,850,850,144,262,406,1262
8465,850,856,855,150,261,411,1261
8466,822,856,856,184,261,445,1267
8467,889,855,855,150,261,411,1300
8468,839,856,850,167,255,422,1261
8469,856,855,861,166,261,427,1283
8470,850,861,861,177,261,438,1288
8471,883,889,889,183,261,444,1327
8472,894,878,878,167,261,428,1322
8473,861,878,878,184,261,445,1306
8474,912,883,883,155,261,416,1328
8475,877,878,872,156,255,411,1288
8476,878,872,878,150,261,411,1289
8477,867,867,867,150,261,411,1278
8478,855,855,855,150,261,411,1266
8479,856,856,856,150,261,411,1267
8480,844,844,844,150,261,411,1255
8481,834,839,834,155,256,411,1245
8482,844,839,844,150,261,411,1255
8483,839,833,828,144,256,400,1239
8484,822,823,828,145,261,406,1228
8485,817,811,811,139,261,400,1217
8486,800,794,794,133,261,394,1194
8487,794,795,795,134,261,395,1189
8488,767,772,778,139,267,406,1173
8489,780.5,778,761,136.5,250,386.5,1167
8490,904.25,766,777,109.75,261,365.25,1163.5
8491,788.125,763.5,756,140.875,261,396.625,1372
8492,769.062,761,756,172,256,428,1277.5
8493,750,752.5,755,178,255,433,1183
8494,778,751.25,750,144,261,405,1183
8495,755,745.125,745,139,256,395,1150
8496,733,747.562,738,145,255,400,1150
8497,756,745.781,750,139,255,394,1150
8498,744,745.391,750,139,261,400,1144
8499,745,747.695,745,139,261,400,1145
8500,750,756.848,750,139,261,400,1150
8501,761,766,761,144,256,400,1161
8502,767,767,772,144,261,405,1172
8503,783,783,778,144,256,400,1183
8504,806,806,811,144,261,405,1211
8505,833,833,833,144,261,405,1238
8506,811,811,812,144,262,406,1217
8507,811,817,811,150,256,406,1217
8508,822,817,822,145,261,406,1228
8509,839,844,844,150,261,411,1250
8510,856,856,856,150,261,411,1267
8511,850,861,855,161,255,416,1266
8512,861,844,850,144,261,405,1266
8513,861,867,867,150,261,411,1272
8514,872,872,872,150,261,411,1283
8515,884,884,884,150,261,411,1295
8516,877,883,883,156,261,417,1294
8517,873,894,894,177,261,438,1311
8518,916,917,917,178,261,439,1355
8519,922,928,928,184,261,445,1367
8520,939,911,911,156,261,417,1356
8521,873,894,894,177,261,438,1311
8522,944,911,912,144,262,406,1350
8523,883,917,916,178,261,439,1322
8524,928,906,900,156,255,411,1339
8525,906,900,911,150,266,416,1322
8526,889,894,884,155,256,411,1300
8527,877,872,877,150,261,411,1288
8528,867,867,867,150,261,411,1278
8529,839,867,867,178,261,439,1278
8530,878,877,878,177,262,439,1317
8531,889,884,877,172,255,427,1316
8532,883,866,873,155,262,417,1300
8533,861,878,877,172,261,433,1294
8534,867,878,878,183,261,444,1311
8535,894,883,883,172,261,433,1327
8536,900,884,884,156,261,417,1317
8537,889,883,883,150,261,411,1300
8538,850,878,878,178,261,439,1289
8539,900,872,872,150,261,411,1311
8540,872,878,878,156,261,417,1289
8541,867,861,861,150,261,411,1278
8542,867,867,867,150,261,411,1278
8543,850,877,877,177,261,438,1288
8544,877,856,856,156,261,417,1294
8545,873,867,867,150,261,411,1284
8546,855,855,855,150,261,411,1266
8547,878,878,878,150,261,411,1289
8548,867,872,872,155,261,416,1283
8549,855,867,867,167,261,428,1283
8550,833,844,844,178,261,439,1272
8551,884,856,856,150,261,411,1295
8552,816,844,844,178,261,439,1255
8553,839,834,834,173,261,434,1273
8554,861,833,833,145,261,406,1267
8555,845,839,839,139,261,400,1245
8556,822,828,828,145,261,406,1228
8557,822,822,822,145,261,406,1228
8558,834,833,828,144,256,400,1234
8559,822,850,855,172,261,433,1255
8560,850,850,850,172,261,433,1283
8561,894,872,872,150,261,411,1305
8562,856,878,878,172,261,433,1289
8563,850,861,856,183,256,439,1289
8564,867,867,872,183,261,444,1311
8565,894,861,867,150,267,417,1311
8566,856,861,855,155,261,416,1272
8567,866,861,856,150,256,406,1272
8568,861,861,861,150,256,406,1267
8569,867,873,878,156,261,417,1284
8570,878,877,877,155,261,416,1294
8571,872,867,867,150,261,411,1283
8572,850,872,872,172,261,433,1283
8573,894,867,867,145,261,406,1300
8574,867,872,867,150,256,406,1273
8575,861,856,861,145,261,406,1267
8576,856,855,855,144,261,405,1261
8577,822,861,861,183,261,444,1266
8578,889,850,850,144,261,405,1294
8579,844,850,850,150,261,411,1255
8580,839,873,873,184,261,445,1284
8581,867,861,866,178,266,444,1311
8582,883,877,873,172,262,434,1317
8583,872,878,877,178,261,439,1311
8584,895,872,873,155,262,417,1312
8585,850,845,844,150,261,411,1261
8586,828,855,856,177,262,439,1267
8587,866,862,861,173,261,434,1300
8588,884,866,866,155,261,416,1300
8589,850,867,873,172,267,439,1289
8590,872,878,872,178,261,439,1311
8591,883,877,878,172,262,434,1317
8592,878,884,883,178,261,439,1317
8593,883,878,878,173,261,434,1317
8594,884,861,861,150,261,411,1295
8595,844,872,872,178,261,439,1283
8596,867,867,872,178,266,444,1311
8597,900,877,872,155,261,416,1316
8598,878,873,873,150,261,411,1289
8599,838,866,866,178,261,439,1277
8600,873,878,878,183,261,444,1317
8601,877,872,872,178,261,439,1316
8602,889,872,873,161,262,423,1312
8603,867,862,861,156,261,417,1284
8604,839,866,866,183,261,444,1283
8605,905,872,873,150,262,412,1317
8606,873,878,877,155,261,416,1289
8607,855,856,856,156,261,417,1272
8608,845,861,867,172,267,439,1284
8609,866,872,872,178,267,445,1311
8610,884,883,878,177,262,439,1323
8611,866,862,861,173,261,434,1300
8612,867,872,872,178,261,439,1306
8613,883,883,889,178,267,445,1328
8614,906,900,900,172,267,439,1345
8615,883,883,878,172,262,434,1317
8616,867,873,872,178,261,439,1306
8617,889,889,889,178,261,439,1328
8618,894,894,894,178,261,439,1333
8619,911,889,895,156,267,423,1334
8620,884,889,883,161,261,422,1306
8621,889,883,883,155,261,416,1305
8622,861,856,856,150,261,411,1272
8623,844,844,844,150,261,411,1255
8624,822,822,822,150,261,411,1233
8625,823,823,823,150,261,411,1234
8626,805,794,794,139,261,400,1205
8627,789,789,789,139,261,400,1189
8628,789,794,794,144,261,405,1194
8629,767,800,800,177,261,438,1205
8630,844,811,812,144,262,406,1250
8631,828,828,827,144,261,405,1233
8632,839,872,873,177,262,439,1278
8633,894,862,866,145,266,411,1305
8634,872,877,878,150,267,417,1289
8635,861,867,861,156,261,417,1278
8636,889,878,878,145,261,406,1295
8637,845,878,878,178,261,439,1284
8638,905,883,883,156,261,417,1322
8639,878,878,878,156,261,417,1295
8640,867,889,889,178,261,439,1306
8641,922,900,900,156,261,417,1339
8642,878,900,900,178,261,439,1317
8643,883,877,877,172,261,433,1316
8644,811,889,889,161,261,424.5,1322
8645,995,895,900,150,266,416,1411
8646,872,900,895,178,261,439,1311
8647,905,883,883,156,261,417,1322
8648,878,894,900,172,267,439,1317
8649,900,906,906,178,267,445,1345
8650,917,917,911,178,261,439,1356
8651,911,905,905,172,261,433,1344
8652,917,895,900,150,266,416,1333
8653,905,905,900,150,261,411,1316
8654,900,900,906,150,267,417,1317
8655,884,889,883,155,261,416,1300
8656,877,889,889,167,261,428,1305
8657,895,883,883,155,261,416,1311
8658,872,900,900,183,261,444,1316
8659,906,900,900,177,261,438,1344
8660,922,895,895,150,261,411,1333
8661,905,905,905,150,261,411,1316
8662,867,895,895,178,261,439,1306
8663,894,866,861,150,256,406,1300
8664,867,862,872,145,266,411,1278
8665,828,855,856,172,267,439,1267
8666,878,856,850,150,261,411,1289
8667,833,850,850,167,261,428,1261
8668,856,844,850,155,267,422,1278
8669,838,861,855,178,261,439,1277
8670,878,872,873,172,262,434,1312
8671,867,873,877,178,266,444,1311
8672,861,861,856,178,261,439,1300
8673,872,872,878,178,267,445,1317
8674,872,872,866,178,261,439,1311
8675,889,867,867,156,261,417,1306
8676,856,850,850,150,261,411,1267
8677,833,861,861,178,261,439,1272
8678,878,850,850,150,261,411,1289
8679,833,850,850,167,261,428,1261
8680,845,850,850,172,261,433,1278
8681,878,856,861,150,266,416,1294
8682,838,866,861,178,261,439,1277
8683,900,878,884,156,267,423,1323
8684,862,872,866,166,261,427,1289
8685,883,872,873,155,262,417,1300
8686,861,889,888,183,261,444,1305
8687,911,878,884,150,267,417,1328
8688,878,883,878,155,262,417,1295
8689,861,884,883,178,261,439,1300
8690,878,883,883,183,261,444,1322
8691,894,889,889,178,261,439,1333
8692,900,906,906,184,261,445,1345
8693,906,888,889,166,262,428,1334
8694,900,884,888,150,266,416,1316
8695,900,900,895,150,261,411,1311
8696,889,889,889,150,261,411,1300
8697,877,900,900,173,261,434,1311
8698,912,900,900,161,261,422,1334
8699,888,877,878,150,262,412,1300
8700,895,895,894,150,261,411,1306
8701,883.5,883.5,883,156,261,417,1297.5
8702,872,872,872,156,261,417,1289
8703,856,878,878,178,261,439,1295
8704,905,883,883,156,261,417,1322
8705,884,883,883,155,261,416,1300
8706,872,872,873,155,262,417,1289
8707,878,873,872,150,261,411,1289
8708,844,872,872,178,261,439,1283
8709,895,867,872,150,266,416,1311
8710,855,861,856,156,261,417,1272
8711,845,866,866,177,261,438,1283
8712,861,861,862,177,262,439,1300
8713,877,856,855,156,261,417,1294
8714,850,850,850,156,261,417,1267
8715,856,850,850,150,261,411,1267
8716,844,844,845,150,262,412,1256
8717,839,839,838,150,261,411,1250
8718,828,828,828,150,261,411,1239
8719,822,822,822,150,261,411,1233
8720,823,817,823,144,267,411,1234
8721,816,822,816,150,261,411,1227
8722,806,811,811,155,261,416,1222
8723,816,811,812,150,262,412,1228
8724,828,828,827,150,261,411,1239
8725,789,817,817,178,261,439,1228
8726,833,805,806,150,262,412,1245
8727,800,800,805,150,267,417,1217
8728,800,800,795,150,262,412,1212
8729,789,789,788,150,261,411,1200
8730,795,789,789,144,261,405,1200
8731,761,795,795,178,261,439,1200
8732,805,805,805,178,261,439,1244
8733,845,817,817,150,261,411,1256
8734,811,833,839,172,267,439,1250
8735,850,850,844,172,261,433,1283
8736,850,856,856,178,261,439,1289
8737,867,866,867,177,262,439,1306
8738,877,873,872,173,261,434,1311
8739,867,877,878,183,262,445,1312
8740,900,889,888,172,261,433,1333
8741,895,900,900,177,261,438,1333
8742,894,895,895,178,261,439,1333
8743,933,905,905,150,261,411,1344
8744,873,895,895,172,261,433,1306
8745,916,900,900,156,261,417,1333
8746,895,894,894,155,261,416,1311
8747,883,884,884,156,261,417,1300
8748,900,894,894,150,261,411,1311
8749,894,894,895,150,262,412,1306
8750,895,895,894,150,261,411,1306
8751,878,883,889,155,267,422,1300
8752,872,895,894,178,266,444,1316
8753,922,900,895,156,261,417,1339
8754,872,889,889,173,261,434,1306
8755,900,877,877,150,261,411,1311
8756,845,878,884,183,267,450,1295
8757,911,872,872,144,267,411,1322
8758,855,884,878,173,261,434,1289
8759,878,872,872,167,261,428,1306
8760,911,894,900,150,267,417,1328
8761,867,900,894,183,261,444,1311
8762,906,906,906,183,261,444,1350
8763,911,900,906,172,267,439,1350
8764,900,900,894,172,261,433,1333
8765,905,911,917,178,267,445,1350
8766,911,911,911,178,267,445,1356
8767,911,906,900,173,261,434,1345
8768,912,889,889,150,261,411,1323
8769,888,911,916,173,266,439,1327
8770,934,911,906,150,261,411,1345
8771,889,894,894,155,261,416,1305
8772,877,895,895,173,261,434,1311
8773,895,905,911,183,267,450,1345
8774,911,906,905,178,266,444,1355
8775,917,894,889,155,261,416,1333
8776,872,895,895,178,261,439,1311
8777,928,900,905,150,266,416,1344
8778,883,911,906,178,261,439,1322
8779,917,894,894,155,261,416,1333
8780,883,900,900,172,261,433,1316
8781,906,906,911,172,266,438,1344
8782,916,900,895,156,261,417,1333
8783,884,883,883,155,261,416,1300
8784,866,895,895,184,261,445,1311
8785,911,900,905,173,266,439,1350
8786,923,905,906,155,267,422,1345
8787,866,889,883,178,261,439,1305
8788,900,906,906,184,261,445,1345
8789,900,900,900,184,261,445,1345
8790,911,888,889,161,262,423,1334
8791,867,878,877,172,261,433,1300
8792,867,872,878,177,267,444,1311
8793,877,878,878,178,267,445,1322
8794,873,878,872,183,261,444,1317
8795,894,861,867,150,267,417,1311
8796,867,867,861,150,261,411,1278
8797,839,866,867,177,262,439,1278
8798,894,867,872,150,267,417,1311
8799,845,867,861,172,261,433,1278
8800,883,861,861,150,261,411,1294
8801,861,861,861,150,261,411,1272
8802,833,861,861,178,261,439,1272
8803,884,856,856,150,261,411,1295
8804,839,861,866,172,266,438,1277
8805,872,883,878,183,261,444,1316
8806,894,889,889,178,261,439,1333
8807,884,883,889,177,267,444,1328
8808,888,884,883,173,266,439,1327
8809,900,900,900,173,266,439,1339
8810,895,900,900,178,266,444,1339
8811,905,889,884,162,261,423,1328
8812,900,894,894,156,261,417,1317
8813,878,906,906,184,261,445,1323
8814,850,900,900,170,261,434,1345
8815,961,883,889,156,267,423,1384
8816,878,872,866,150,261,411,1289
8817,883,872,878,139,267,406,1289
8818,856,873,872,156,266,422,1278
8819,844,861,861,173,266,439,1283
8820,856,855,850,172,261,433,1289
8821,867,872,873,177,262,439,1306
8822,877,862,866,162,266,428,1305
8823,850,861,856,173,261,434,1284
8824,856,844,844,161,261,422,1278
8825,822,845,845,184,261,445,1267
8826,867,833,839,150,267,417,1284
8827,828,828,822,150,261,411,1239
8828,827,822,822,145,261,406,1233
8829,795,828,828,178,261,439,1234
8830,839,844,844,183,261,444,1283
8831,889,856,856,150,261,411,1300
8832,839,855,855,166,261,427,1266
8833,850,856,861,172,266,438,1288
8834,872,878,878,178,266,444,1316
8835,889,872,872,161,266,427,1316
8836,883,878,873,156,261,417,1300
8837,856,883,883,183,261,444,1300
8838,922,889,894,150,266,416,1338
8839,878,883,878,155,261,416,1294
8840,883,883,884,155,262,417,1300
8841,861,884,883,178,261,439,1300
8842,878,878,878,178,261,439,1317
8843,894,872,872,156,261,417,1311
8844,872,866,867,150,262,412,1284
8845,856,884,883,178,261,439,1295
8846,906,883,889,155,267,422,1328
8847,877,878,878,156,267,423,1300
8848,878,872,866,150,261,411,1289
8849,856,889,889,183,261,444,1300
8850,900,883,889,166,267,433,1333
8851,872,878,872,172,261,433,1305
8852,867,867,867,172,261,433,1300
8853,866,872,872,178,261,439,1305
8854,878,878,878,178,261,439,1317
8855,878,883,883,183,261,444,1322
8856,872,867,867,178,261,439,1311
8857,894,872,872,156,261,417,1311
8858,856,850,856,150,267,417,1273
8859,844,844,839,150,262,412,1256
8860,806,834,838,178,266,444,1250
8861,839,844,845,183,267,450,1289
8862,861,856,855,178,266,444,1305
8863,856,855,856,177,267,444,1300
8864,861,861,856,177,262,439,1300
8865,877,884,888,184,266,450,1327
8866,884,889,884,189,261,450,1334
8867,905,889,889,173,261,434,1339
8868,900,883,883,156,261,417,1317
8869,861,883,889,178,267,445,1306
8870,900,900,894,178,261,439,1339
8871,923,900,900,155,261,416,1339
8872,894,889,895,150,267,417,1311
8873,872,900,894,178,261,439,1311
8874,934,911,911,155,261,416,1350
8875,877,895,895,173,261,434,1311
8876,895,905,905,183,261,444,1339
8877,933,906,906,156,261,417,1350
8878,911,905,911,150,267,417,1328
8879,895,895,889,150,261,411,1306
8880,866,894,894,178,261,439,1305
8881,917,895,900,156,266,422,1339
8882,878,883,878,161,261,422,1300
8883,872,883,883,172,261,433,1305
8884,911,884,889,145,266,411,1322
8885,895,900,895,150,261,411,1306
8886,866,889,889,173,261,434,1300
8887,889,888,889,172,262,434,1323
8888,889,900,900,183,262,445,1334
8889,906,906,905,183,261,444,1350
8890,905,906,906,184,261,445,1350
8891,906,894,894,172,261,433,1339
8892,900,906,906,178,261,439,1339
8893,911,900,905,167,266,433,1344
8894,911,900,895,156,261,417,1328
8895,878,883,889,161,267,428,1306
8896,883,872,866,150,261,411,1294
8897,867,867,867,150,261,411,1278
8898,850,878,878,178,261,439,1289
8899,889,866,866,155,261,416,1305
8900,866,867,867,156,261,417,1283
8901,873,867,872,150,266,416,1289
8902,866,872,867,156,261,417,1283
8903,867,861,867,150,267,417,1284
8904,850,861,861,161,267,428,1278
8905,872,883,883,172,267,439,1311
8906,906,889,889,155,267,422,1328
8907,861,884,878,178,261,439,1300
8908,883,883,883,178,261,439,1322
8909,895,889,889,172,261,433,1328
8910,905,889,894,156,266,422,1327
8911,895,894,889,155,261,416,1311
8912,883,878,878,150,261,411,1294
8913,867,894,894,177,261,438,1305
8914,916,889,889,150,261,411,1327
8915,872,867,867,145,261,406,1278
8916,856,861,861,150,261,411,1267
8917,844,867,867,173,261,434,1278
8918,856,861,861,178,261,439,1295
8919,856,855,855,177,261,438,1294
8920,877,856,856,156,261,417,1294
8921,839,867,867,184,261,445,1284
8922,906,872,872,150,261,411,1317
8923,861,861,861,150,261,411,1272
8924,844,844,850,150,267,417,1261
8925,856,856,856,150,267,417,1273
8926,867,867,861,150,261,411,1278
8927,872,883,883,161,261,422,1294
8928,778,872,872,172,261,433,1294
8929,944,872,872,183,261,444,1388
8930,894,889,889,178,261,439,1333
8931,895,895,900,178,266,444,1339
8932,900,894,895,172,267,439,1339
8933,883,889,889,178,267,445,1328
8934,969.5,1000,1008.5,166.5,250,433.5,1403
8935,945.75,961,962.25,155,267,422,1370.5
8936,922,922,916,155,261,416,1338
8937,905,900,900,150,261,411,1316
8938,895,895,900,150,266,416,1311
8939,872,900,900,178,266,444,1316
8940,900,900,895,178,261,439,1339
8941,917,894,894,155,261,416,1333
8942,872,889,895,172,267,439,1311
8943,894,900,894,178,261,439,1333
8944,895,895,900,178,266,444,1339
8945,905,888,884,161,262,423,1328
8946,889,884,877,156,255,411,1300
8947,895,889,895,150,261,411,1306
8948,866,889,889,173,261,434,1300
8949,806,883,883,161.5,261,422.5,1317
8950,983,883,883,150,261,411,1394
8951,889,889,889,150,261,411,1300
8952,867,895,895,178,261,439,1306
8953,900,894,894,172,261,433,1333
8954,900,878,878,150,261,411,1311
8955,850,883,883,183,261,444,1294
8956,889,883,884,177,262,439,1328
8957,877,867,866,167,261,428,1305
8958,873,867,867,161,261,422,1295
8959,866,883,889,178,267,445,1311
8960,895,872,866,155,261,416,1311
8961,878,873,873,150,261,411,1289
8962,838,866,866,178,261,439,1277
8963,878,878,878,178,261,439,1317
8964,878,872,872,172,261,433,1311
8965,872,867,867,167,261,428,1300
8966,895,878,878,150,261,411,1306
8967,855,883,883,178,261,439,1294
8968,878,872,872,172,261,433,1311
8969,878,861,861,155,261,416,1294
8970,866,861,862,150,262,412,1278
8971,828,862,861,184,261,445,1273
8972,878,850,850,156,261,417,1295
8973,861,855,855,150,261,411,1272
8974,850,850,850,150,261,411,1261
8975,817,850,850,183,261,444,1261
8976,872,850,850,161,261,422,1294
8977,850,845,850,156,266,422,1272
8978,850,850,845,156,261,417,1267
8979,861,855,855,150,261,411,1272
8980,828,850,850,172,261,433,1261
8981,867,850,850,155,261,416,1283
8982,827,850,856,178,267,445,1272
8983,873,867,866,172,266,438,1311
8984,883,872,867,161,261,422,1305
8985,850,867,867,178,261,439,1289
8986,855,861,861,184,261,445,1300
8987,867,866,867,183,262,445,1312
8988,895,867,866,155,261,416,1311
8989,866,867,867,156,261,417,1283
8990,839,861,861,178,261,439,1278
8991,878,878,878,178,261,439,1317
8992,894,877,878,161,262,423,1317
8993,867,867,866,161,261,422,1289
8994,850,867,867,178,261,439,1289
8995,883,883,889,178,267,445,1328
8996,911,889,889,156,267,423,1334
8997,884,878,877,150,266,416,1300
8998,850,878,878,178,266,444,1294
8999,894,888,889,172,267,439,1333
9000,872,880,880.5,150,261,411,1308
9001,850,872,872,172,261,433,1283
9002,895,873,878,150,266,416,1311
9003,855,861,856,156,261,417,1272
9004,867,861,861,150,261,411,1278
9005,872,872,878,150,267,417,1289
9006,856,878,872,172,261,433,1289
9007,888,872,872,156,261,417,1305
9008,867,878,878,167,261,428,1295
9009,856,866,867,177,262,439,1295
9010,877,862,866,162,266,428,1305
9011,856,872,867,178,261,439,1295
9012,867,866,867,177,262,439,1306
9013,872,878,883,183,267,450,1322
9014,894,884,878,173,261,434,1328
9015,889,872,877,156,266,422,1311
9016,872,878,873,162,261,423,1295
9017,856,872,872,178,261,439,1295
9018,906,883,889,155,267,422,1328
9019,877,878,872,156,261,417,1294
9020,867,872,872,161,261,422,1289
9021,878,867,867,150,261,411,1289
9022,889,894,894,155,261,416,1305
9023,866,884,889,173,266,439,1305
9024,878,883,878,178,261,439,1317
9025,883,878,883,173,266,439,1322
9026,912,889,884,150,261,411,1323
9027,888,888,894,150,267,417,1305
9028,878,878,872,150,261,411,1289
9029,872,872,873,150,262,412,1284
9030,850,878,877,178,261,439,1289
9031,900,878,878,156,261,417,1317
9032,867,867,867,156,261,417,1284
9033,867,866,866,155,261,416,1283
9034,844,867,873,178,267,445,1289
9035,884,878,872,172,261,433,1317
9036,883,866,867,155,262,417,1300
9037,844,856,855,167,261,428,1272
9038,873,856,856,150,261,411,1284
9039,822,855,855,183,261,444,1266
9040,878,856,856,161,261,422,1300
9041,838,850,850,173,261,434,1272
9042,839,844,850,178,267,445,1284
9043,867,867,866,178,266,444,1311
9044,872,872,867,178,261,439,1311
9045,867,861,867,172,267,439,1306
9046,867,867,866,172,266,438,1305
9047,866,878,878,184,266,450,1316
9048,917,888,884,155,262,417,1334
9049,883,895,894,167,261,428,1311
9050,889,883,883,161,261,422,1311
9051,895,884,884,150,261,411,1306
9052,861,894,894,183,261,444,1305
9053,911,894,895,166,262,428,1339
9054,894,884,883,156,261,417,1311
9055,884,883,883,155,261,416,1300
9056,866,889,889,178,261,439,1305
9057,878,883,883,183,261,444,1322
9058,906,873,873,150,261,411,1317
9059,777,872,872,150,261,413.5,1283
9060,973,878,883,150,266,416,1389
9061,850,872,867,172,261,433,1283
9062,866,866,867,172,262,434,1300
9063,889,862,866,145,266,411,1300
9064,850,855,850,150,261,411,1261
9065,817,845,850,178,266,444,1261
9066,866,838,834,150,262,412,1278
9067,812,839,838,177,261,438,1250
9068,866,839,839,150,261,411,1277
9069,839,845,845,156,261,417,1256
9070,833,839,839,162,261,423,1256
9071,823,844,844,183,261,444,1267
9072,861,861,867,183,267,450,1311
9073,878,878,872,183,261,444,1322
9074,888,867,867,162,261,423,1311
9075,878,866,866,150,261,411,1289
9076,856,884,884,178,261,439,1295
9077,883,888,894,183,267,450,1333
9078,900,889,883,172,261,433,1333
9079,900,884,884,156,261,417,1317
9080,878,872,872,150,261,411,1289
9081,850,883,883,183,261,444,1294
9082,911,884,884,156,261,417,1328
9083,861,872,872,167,261,428,1289
9084,883,861,867,145,267,412,1295
9085,850,878,877,173,266,439,1289
9086,900,877,873,150,262,412,1312
9087,845,873,872,178,261,439,1284
9088,894,866,866,150,261,411,1305
9089,850,878,878,178,261,439,1289
9090,873,867,867,172,261,433,1306
9091,883,861,861,150,261,411,1294
9092,839,861,856,172,256,428,1267
9093,855,861,872,178,267,445,1300
9094,867,872,866,183,261,444,1311
9095,872,861,862,172,262,434,1306
9096,878,862,861,156,261,417,1295
9097,844,872,872,184,261,445,1289
9098,878,872,872,178,261,439,1317
9099,867,861,867,172,267,439,1306
9100,883,867,861,156,261,417,1300
9101,867,861,867,150,267,417,1284
9102,839,872,866,183,261,444,1283
9103,889,878,884,172,267,439,1328
9104,889,872,866,155,261,416,1305
9105,844,850,850,161,261,422,1266
9106,833,850,850,178,261,439,1272
9107,867,839,839,150,261,411,1278
9108,828,839,839,161,261,422,1250
9109,828,839,844,172,266,438,1266
9110,861,844,839,155,261,416,1277
9111,839,861,861,177,261,438,1277
9112,866,867,873,178,267,445,1311
9113,861,861,855,178,261,439,1300
9114,878,856,856,156,261,417,1295
9115,856,877,878,177,262,439,1295
9116,877,878,883,178,267,445,1322
9117,889,884,878,173,261,434,1323
9118,878,877,877,172,261,433,1311
9119,889,895,895,178,261,439,1328
9120,883,889,889,184,261,445,1328
9121,900,883,883,167,261,428,1328
9122,873,883,883,177,261,438,1311
9123,883,878,878,172,261,433,1316
9124,883,889,889,178,261,439,1322
9125,906,883,883,155,261,416,1322
9126,878,873,873,150,261,411,1289
9127,866,866,872,150,267,417,1283
9128,856,878,878,172,267,439,1295
9129,900,883,877,155,261,416,1316
9130,866,867,867,156,261,417,1283
9131,845,867,867,178,261,439,1284
9132,872,872,872,178,261,439,1311
9133,867,867,867,178,261,439,1306
9134,889,866,866,155,261,416,1305
9135,844,856,850,167,255,422,1266
9136,850,866,873,183,262,445,1295
9137,872,873,872,184,261,445,1317
9138,873,866,866,177,261,438,1311
9139,883,861,862,155,262,417,1300
9140,861,862,861,156,261,417,1278
9141,856,877,877,177,261,438,1294
9142,877,873,873,173,261,434,1311
9143,856,866,866,183,261,444,1300
9144,894,861,861,150,261,411,1305
9145,834,861,862,177,262,439,1273
9146,905,878,877,150,261,411,1316
9147,867,872,873,155,262,417,1284
9148,867,867,866,155,261,416,1283
9149,844,867,867,178,261,439,1283
9150,900,872,878,150,267,417,1317
9151,856,878,872,172,261,433,1289
9152,888,866,867,150,262,412,1300
9153,834,867,866,183,261,444,1278
9154,883,878,878,178,261,439,1322
9155,883,872,878,167,267,434,1317
9156,862,867,861,172,261,433,1295
9157,872,878,878,178,261,439,1311
9158,878,877,877,177,261,438,1316
9159,883,873,873,167,261,428,1311
9160,878,866,866,155,261,416,1294
9161,861,884,884,178,261,439,1300
9162,889,888,894,177,267,444,1333
9163,822,878,872,169,261,433,1316
9164,939,867,867,161,261,422,1361
9165,883,872,872,150,261,411,1294
9166,856,878,878,172,261,433,1289
9167,877,867,867,162,261,423,1300
9168,862,866,861,166,256,422,1284
9169,877,861,866,150,261,411,1288
9170,839,867,867,178,261,439,1278
9171,867,861,867,172,267,439,1306
9172,850,856,850,178,261,439,1289
9173,872,850,844,156,255,411,1283
9174,833,855,861,178,261,439,1272
9175,862,861,861,177,261,438,1300
9176,866,850,850,161,261,422,1288
9177,834,850,850,177,261,438,1272
9178,872,867,867,172,261,433,1305
9179,878,872,872,166,261,427,1305
9180,872,867,867,161,261,422,1294
9181,850,855,856,166,262,428,1278
9182,878,867,866,155,261,416,1294
9183,855,878,878,178,261,439,1294
9184,872,872,867,178,256,434,1306
9185,884,867,872,161,261,422,1306
9186,844,861,861,178,261,439,1283
9187,878,878,878,178,261,439,1317
9188,883,883,883,178,261,439,1322
9189,872,861,861,167,261,428,1300
9190,850,861,861,178,261,439,1289
9191,862,867,867,183,261,444,1306
9192,888,861,861,156,261,417,1305
9193,856,856,856,156,261,417,1273
9194,839,866,866,183,261,444,1283
9195,872,861,861,172,261,433,1305
9196,867,861,862,166,262,428,1295
9197,844,856,855,178,261,439,1283
9198,867,872,872,183,261,444,1311
9199,878,872,873,177,262,439,1317
9200,866,867,866,178,261,439,1305
9201,889,861,861,150,261,411,1300
9202,834,867,867,183,261,444,1278
9203,872,867,867,178,261,439,1311
9204,866,866,866,178,261,439,1305
9205,873,861,856,166,256,422,1295
9206,872,856,861,150,261,411,1283
9207,878,883,883,155,261,416,1294
9208,855,878,884,178,267,445,1300
9209,878,872,866,172,261,433,1311
9210,889,872,873,155,262,417,1306
9211,844,867,872,178,267,445,1289
9212,884,883,878,177,262,439,1323
9213,883,878,877,172,261,433,1316
9214,878,861,861,155,261,416,1294
9215,861,861,862,155,262,417,1278
9216,850,867,866,172,261,433,1283
9217,878,856,856,150,261,411,1289
9218,844,850,850,156,261,417,1261
9219,845,861,861,172,261,433,1278
9220,866,866,867,172,262,434,1300
9221,856,856,855,172,261,433,1289
9222,855,856,856,173,261,434,1289
9223,845,850,850,178,261,439,1284
9224,866,866,866,178,261,439,1305
9225,878,867,867,167,261,428,1306
9226,850,867,861,184,255,439,1289
9227,895,861,872,150,266,416,1311
9228,872,872,873,150,267,417,1289
9229,861,872,866,161,261,422,1283
9230,856,867,867,172,261,433,1289
9231,872,855,855,155,261,416,1288
9232,828,856,856,183,261,444,1272
9233,866,855,861,172,267,439,1305
9234,856,856,850,172,261,433,1289
9235,855,856,856,173,261,434,1289
9236,873,855,855,155,261,416,1289
9237,838,867,867,184,261,445,1283
9238,878,872,872,178,261,439,1317
9239,867,861,861,172,261,433,1300
9240,867,867,867,172,261,433,1300
9241,872,883,889,183,267,450,1322
9242,889,889,883,183,261,444,1333
9243,883,872,872,172,261,433,1316
9244,867,872,873,177,262,439,1306
9245,866,878,877,189,261,450,1316
9246,889,878,878,178,261,439,1328
9247,895,867,867,150,261,411,1306
9248,861,861,861,150,261,411,1272
9249,839,866,867,177,262,439,1278
9250,889,862,866,150,266,416,1305
9251,855,861,856,156,261,417,1272
9252,861,861,861,156,261,417,1278
9253,834,855,855,177,261,438,1272
9254,866,867,867,178,261,439,1305
9255,872,867,867,173,261,434,1306
9256,856,861,855,178,255,433,1289
9257,867,861,867,172,261,433,1300
9258,866,872,872,178,261,439,1305
9259,873,872,878,177,267,444,1317
9260,877,873,867,173,261,434,1311
9261,867,866,866,172,261,433,1300
9262,867,872,873,177,262,439,1306
9263,889,873,872,161,261,422,1311
9264,872,872,872,161,261,422,1294
9265,872,861,861,150,261,411,1283
9266,850,883,883,183,261,444,1294
9267,889,878,878,172,261,433,1322
9268,861,872,872,183,261,444,1305
9269,883,878,873,178,256,434,1317
9270,878,878,883,178,261,439,1317
9271,878,883,889,183,267,450,1328
9272,894,878,872,167,261,428,1322
9273,878,878,872,167,255,422,1300
9274,861,866,873,172,262,434,1295
9275,872,878,877,178,261,439,1311
9276,884,867,873,161,267,428,1312
9277,844,861,855,178,261,439,1283
9278,878,850,850,150,261,411,1289
9279,844,872,872,178,261,439,1283
9280,895,867,867,150,261,411,1306
9281,828,861,861,183,261,444,1272
9282,883,861,861,161,261,422,1305
9283,839,861,861,183,261,444,1283
9284,867,867,867,183,261,444,1311
9285,872,867,867,178,261,439,1311
9286,861,850,850,167,261,428,1289
9287,867,855,855,155,261,416,1283
9288,838,867,867,184,261,445,1283
9289,862,861,861,183,261,444,1306
9290,883,855,856,155,262,417,1300
9291,839,862,861,178,261,439,1278
9292,866,866,866,178,261,439,1305
9293,862,861,867,177,267,444,1306
9294,877,850,844,150,261,411,1288
9295,839,861,862,172,262,434,1273
9296,861,873,872,184,261,445,1306
9297,878,872,878,178,267,445,1323
9298,861,867,861,184,261,445,1306
9299,884,861,861,161,261,422,1306
9300,872,872,872,161,261,422,1294
9301,875,866.5,863.5,161,267,428,1288.5
9302,878,861,855,144,261,405,1283
9303,833,856,856,167,261,428,1261
9304,856,867,867,178,261,439,1295
9305,889,861,866,150,266,416,1305
9306,850,855,850,155,261,416,1266
9307,833,856,856,178,261,439,1272
9308,872,866,872,172,267,439,1311
9309,867,867,861,172,261,433,1300
9310,861,867,867,178,261,439,1300
9311,861,850,850,167,261,428,1289
9312,867,850,855,150,266,416,1283
9313,839,839,834,150,261,411,1250
9314,827,833,833,156,261,417,1244
9315,823,817,817,150,261,411,1234
9316,800,822,822,172,261,433,1233
9317,822,833,833,183,261,444,1266
9318,844,845,845,184,261,445,1289
9319,867,850,844,167,255,422,1289
9320,850,866,872,183,261,444,1294
9321,883,884,889,184,266,450,1333
9322,900,894,889,178,261,439,1339
9323,884,883,884,177,262,439,1323
9324,883,889,888,183,261,444,1327
9325,906,900,906,177,267,444,1350
9326,911,906,900,172,261,433,1344
9327,911,894,894,155,261,416,1327
9328,900,895,895,150,261,411,1311
9329,883,911,911,178,261,439,1322
9330,900,900,900,178,261,439,1339
9331,911,889,883,156,255,411,1322
9332,884,878,884,150,261,411,1295
9333,888,894,894,156,261,417,1305
9334,867,889,889,178,261,439,1306
9335,906,883,883,155,261,416,1322
9336,877,872,873,150,262,412,1289
9337,856,884,883,178,261,439,1295
9338,900,878,878,156,261,417,1317
9339,867,872,872,161,261,422,1289
9340,872,866,861,155,256,411,1283
9341,850,873,878,178,261,439,1289
9342,894,872,872,156,261,417,1311
9343,861,867,867,162,261,423,1284
9344,862,850,850,150,261,411,1273
9345,844,866,866,172,261,433,1277
9346,894,878,878,156,261,417,1311
9347,862,883,883,177,261,438,1300
9348,894,873,873,156,261,417,1311
9349,867,861,866,150,266,416,1283
9350,855,883,878,178,261,439,1294
9351,900,878,883,156,266,422,1322
9352,872,866,862,150,262,412,1284
9353,850,862,866,162,266,428,1278
9354,922.5,956,966.5,153,250,419.5,1342
9355,995,919.5,922.25,144,267,411,1406
9356,872,883,878,155,262,417,1289
9357,855,856,855,156,261,417,1272
9358,850,844,845,150,262,412,1262
9359,828,856,855,178,261,439,1267
9360,884,856,856,150,261,411,1295
9361,838,850,844,162,255,417,1255
9362,845,838,839,155,256,411,1256
9363,850,839,844,144,261,405,1255
9364,850,856,856,150,261,411,1261
9365,844,867,867,173,261,434,1278
9366,867,861,855,167,255,422,1289
9367,844,850,856,173,261,434,1278
9368,856,872,872,189,261,450,1306
9369,906,878,878,161,261,422,1328
9370,866,861,861,156,261,417,1283
9371,861,861,861,156,261,417,1278
9372,867,867,867,156,261,417,1284
9373,839,855,855,172,261,433,1272
9374,872,850,850,150,261,411,1283
9375,845,845,845,150,261,411,1256
9376,822,855,855,183,261,444,1266
9377,878,845,845,150,261,411,1289
9378,850,855,855,155,261,416,1266
9379,850,850,850,155,261,416,1266
9380,855,850,856,150,267,417,1272
9381,822,845,839,173,261,434,1256
9382,867,850,850,156,261,417,1284
9383,822,844,844,178,261,439,1261
9384,872,867,867,173,261,434,1306
9385,862,872,872,183,261,444,1306
9386,877,878,878,184,261,445,1322
9387,884,872,872,172,261,433,1317
9388,945,966.5,972,117,250,433,1378
9389,1006,919.25,922,172,261,433,1439
9390,894,872,872,150,261,411,1305
9391,844,844,845,150,262,412,1256
9392,823,823,816,150,255,405,1228
9393,881,811,811,144.5,255,399.5,1216
9394,939,800,800,139,255,394,1333
9395,892,778,778,212,255,467,1172
9396,845,772,772,139,255,394,1239
9397,750,761,756,150,250,400,1150
9398,817,755.5,761,141.5,256,391.5,1161
9399,797.75,755.75,744,133,250,383,1136
9400,778.5,752.875,761,110.5,250,355.5,1123.25
9401,782.5,748.438,778,143.75,250,405.25,1111.625
9402,771.75,743.719,772,177,278,455,1116.812
9403,761,746.859,786,155,267,438.5,1138.906
9404,739,745.93,800,166,256,422,1161
9405,761,742.465,744,150,255,405,1166
9406,744,737.732,739,145,255,400,1144
9407,739,732.866,736,139,256,395,1136
9408,728,724.433,723.5,139,261,400,1123.5
9409,719.5,715.217,714.75,144,256,400,1114.75
9410,715.25,713.108,712.875,139,256,395,1110.375
9411,710.625,709.554,711.938,139,256,395,1108.188
9412,702.312,701.777,700.469,139,261,400,1098.594
9413,701.156,700.889,700.234,139,256,395,1096.797
9414,698.078,697.944,697.117,139,256,395,1092.898
9415,693.539,690.472,693.059,139,255,394,1087.949
9416,688.27,692.236,691.029,133,261,394,1085.475
9417,694.135,690.618,692.515,144,256,400,1089.737
9418,691.567,689.809,688.257,133,261,394,1083.869
9419,692.784,694.905,694.129,133,256,389,1086.434
9420,696.392,700.452,699.564,139,256,395,1093.217
9421,703.696,702.726,702.782,145,255,400,1099.609
9422,713.348,709.863,712.391,139,256,395,1108.304
9423,723.174,724.432,722.696,133,261,394,1117.652
9424,733,734.216,736.348,139,255,394,1130.826
9425,744,750.608,750,139,261,400,1144
9426,761,767,761,145,255,400,1161
9427,773,772,773,144,256,400,1173
9428,789,789,794,144,261,405,1194
9429,805,811,811,150,261,411,1216
9430,817,817,817,150,261,411,1228
9431,828,816,817,138,262,400,1228
9432,838,850,850,150,262,412,1250
9433,862,856,855,144,261,405,1267
9434,855,861,856,150,256,406,1261
9435,856,850,855,144,261,405,1261
9436,889,889,889,144,261,405,1294
9437,894,900,900,150,261,411,1305
9438,883,883,878,150,256,406,1289
9439,878,873,878,145,261,406,1284
9440,895,900,894,150,255,405,1300
9441,877,872,883,145,266,411,1288
9442,867,872,862,150,256,406,1273
9443,867,856,855,139,255,394,1261
9444,861,866,872,144,261,405,1266
9445,866,872,873,150,262,412,1278
9446,862,862,861,150,261,411,1273
9447,850,844,844,144,261,405,1255
9448,844,844,845,144,262,406,1250
9449,817,845,844,172,261,433,1250
9450,872,850,850,150,261,411,1283
9451,850,850,850,150,261,411,1261
9452,833,861,861,178,261,439,1272
9453,872,872,872,178,261,439,1311
9454,889,895,895,184,261,445,1334
9455,889,883,883,178,261,439,1328
9456,906,872,872,144,261,405,1311
9457,861,889,895,172,267,439,1300
9458,900,878,872,150,261,411,1311
9459,861,861,861,150,261,411,1272
9460,861,856,856,145,261,406,1267
9461,850,855,850,150,256,406,1256
9462,850,845,844,145,255,400,1250
9463,833,838,839,150,256,406,1239
9464,845,839,844,144,261,405,1250
9465,844,850,850,150,261,411,1255
9466,878,878,878,150,261,411,1289
9467,861,889,884,178,256,434,1295
9468,889,889,894,178,261,439,1328
9469,911,911,911,178,261,439,1350
9470,922,928,922,184,255,439,1361
9471,923,911,917,172,261,433,1356
9472,911,917,917,178,261,439,1350
9473,933,905,905,150,261,411,1344
9474,900,900,895,150,256,406,1306
9475,889,883,889,144,262,406,1295
9476,883,895,888,156,255,411,1294
9477,889,878,884,145,261,406,1295
9478,872,877,878,150,262,412,1284
9479,873,867,861,144,256,400,1273
9480,850,856,855,150,255,405,1255
9481,827,822,828,145,261,406,1233
9482,800,800,794,145,255,400,1200
9483,800,794,800,139,261,400,1200
9484,800,800,800,139,261,400,1200
9485,795,800,800,144,261,405,1200
9486,800,800,795,144,256,400,1200
9487,805,800,805,139,261,400,1205
9488,784,817,817,172,261,433,1217
9489,844,817,817,145,261,406,1250
9490,811,811,811,145,261,406,1217
9491,811,811,800,145,250,395,1206
9492,856,800,805,139.5,255,395,1200
9493,744,789,795,134,261,395,1139
9494,789,789,767,134,258.5,373,1162
9495,761,766,783,139,256,395,1156
9496,773,773,772,139,255,394,1167
9497,761,766,761,144,250,394,1155
9498,761,761,767,144,256,400,1161
9499,761,761,761,139,261,400,1161
9500,756,761,756,144,256,400,1156
9501,766,761,761,139,256,395,1161
9502,756,761,761,144,256,400,1156
9503,761,766.5,755,139,255,394,1155
9504,767,772,773,144,256,400,1167
9505,766,767,772,145,261,406,1172
9506,784,783,778,144,256,400,1184
9507,800,800,800,144,256,400,1200
9508,827,822,827,139,261,400,1227
9509,828,839,839,150,261,411,1239
9510,845,845,839,150,255,405,1250
9511,838,844,845,156,256,412,1250
9512,878,872,872,150,256,406,1284
9513,839,861,866,172,261,433,1272
9514,889,867,867,150,261,411,1300
9515,867,867,861,150,255,405,1272
9516,855,855,861,150,261,411,1266
9517,850,845,845,145,261,406,1256
9518,839,844,839,150,256,406,1245
9519,850,845,844,145,255,400,1250
9520,850,850,856,145,261,406,1256
9521,850,855,855,150,261,411,1261
9522,845,867,861,172,255,427,1272
9523,888,866,873,150,262,412,1300
9524,867,900,900,183,262,445,1312
9525,906,906,905,183,261,444,1350
9526,927,900,895,156,256,412,1339
9527,853.5,867,872,169.5,261,430.5,1284
9528,869.5,877,872,177,256,433,1302.5
9529,872,873,872,178,255,433,1305
9530,905,877,884,150,262,412,1317
9531,867,889,888,172,261,433,1300
9532,917,900,900,155,261,416,1333
9533,878,906,906,183,261,444,1322
9534,927,911,911,167,261,428,1355
9535,917,906,906,156,261,417,1334
9536,900,916,916,172,261,433,1333
9537,911,917,917,178,261,439,1350
9538,945,917,917,150,261,411,1356
9539,883,905,905,172,261,433,1316
9540,917,917,917,172,261,433,1350
9541,933,928,922,167,255,422,1355
9542,922,905,911,150,261,411,1333
9543,906,906,900,150,255,405,1311
9544,905,905,911,150,261,411,1316
9545,922,922,923,150,262,412,1334
9546,889,917,916,178,261,439,1328
9547,928,911,911,161,261,422,1350
9548,883,906,906,184,261,445,1328
9549,923,916,917,177,262,439,1362
9550,939,912,911,150,261,411,1350
9551,900,900,900,150,261,411,1311
9552,883,905,905,172,261,433,1316
9553,900,906,906,178,261,439,1339
9554,928,905,905,155,261,416,1344
9555,894,889,889,150,261,411,1305
9556,889,889,889,150,261,411,1300
9557,861,861,861,150,261,411,1272
9558,856,850,850,144,261,405,1261
9559,839,845,845,150,261,411,1250
9560,827,827,827,150,261,411,1238
9561,828,828,823,150,256,406,1234
9562,828,822,827,144,261,405,1233
9563,822,823,823,145,261,406,1228
9564,850,850,850,145,261,406,1256
9565,867,866,866,144,261,405,1272
9566,850,889,895,183,267,450,1300
9567,922,895,889,156,261,417,1339
9568,878,883,877,161,255,416,1294
9569,889,878,878,150,255,405,1294
9570,844,872,878,178,261,439,1283
9571,906,878,878,150,261,411,1317
9572,872,872,866,150,255,405,1277
9573,867,867,867,150,255,405,1272
9574,850,850,861,150,266,416,1266
9575,850,850,845,150,261,411,1261
9576,855,850,855,145,266,411,1266
9577,833,861,856,173,261,434,1267
9578,889,872,878,156,267,423,1312
9579,873,867,861,150,261,411,1284
9580,861,888,889,177,262,439,1300
9581,905,878,883,150,267,417,1322
9582,856,884,878,178,261,439,1295
9583,900,872,872,150,261,411,1311
9584,889,889,889,150,261,411,1300
9585,883,883,883,150,261,411,1294
9586,872,872,872,150,261,411,1283
9587,867,867,867,150,261,411,1278
9588,844,867,867,173,261,434,1278
9589,906,883,889,150,267,417,1323
9590,883,883,877,150,261,411,1294
9591,861,889,889,178,261,439,1300
9592,917,911,911,172,261,433,1350
9593,900,900,906,172,267,439,1339
9594,889,895,889,178,261,439,1328
9595,928,894,900,144,267,411,1339
9596,889,895,889,150,261,411,1300
9597,877,883,883,156,261,417,1294
9598,878,872,872,150,261,411,1289
9599,872,872,872,150,261,411,1283
9600,867,867,867,150,261,411,1278
9601,861,867,867,156,261,417,1278
9602,861,883,883,178,261,439,1300
9603,895,894,895,177,262,439,1334
9604,905,900,894,172,256,428,1333
9605,906,889,894,155,261,416,1322
9606,878,895,900,172,266,438,1316
9607,916,900,895,156,261,417,1333
9608,884,889,889,161,261,422,1306
9609,871.25,869.5,869.5,158.5,261,419.5,1287.75
9610,858.5,850,850,150,261,411,1269.5
9611,833,833,833,150,261,411,1244
9612,828,828,828,150,261,411,1239
9613,833,827,833,144,267,411,1244
9614,822,828,822,150,261,411,1233
9615,817,811,811,144,261,405,1222
9616,811,811,812,144,262,406,1217
9617,811,812,811,145,261,406,1217
9618,806,805,805,144,261,405,1211
9619,805,806,800,145,255,400,1205
9620,806,805,811,144,261,405,1211
9621,816,811,811,139,261,400,1216
9622,812,817,817,144,261,405,1217
9623,822,822,822,144,261,405,1227
9624,816,850,850,178,261,439,1255
9625,884,861,867,155,267,422,1306
9626,861,867,867,161,267,428,1289
9627,850,867,861,178,261,439,1289
9628,878,877,878,177,262,439,1317
9629,905,884,883,156,261,417,1322
9630,867,872,872,161,261,422,1289
9631,878,867,867,150,261,411,1289
9632,883,883,889,150,267,417,1300
9633,867,889,883,172,261,433,1300
9634,877,861,861,156,261,417,1294
9635,878,867,867,145,261,406,1284
9636,872,872,872,145,261,406,1278
9637,867,872,872,150,261,411,1278
9638,850,850,850,150,261,411,1261
9639,856,856,856,150,261,411,1267
9640,833,855,855,172,261,433,1266
9641,867,845,845,150,261,411,1278
9642,827,827,828,150,262,412,1239
9643,828,823,827,145,266,411,1239
9644,817,822,817,150,261,411,1228
9645,811,811,811,150,261,411,1222
9646,811,811,811,150,261,411,1222
9647,789,817,817,178,261,439,1228
9648,850,816,817,144,262,406,1256
9649,828,828,827,144,261,405,1233
9650,828,828,828,144,261,405,1233
9651,800,833,833,177,261,438,1238
9652,872,839,839,144,261,405,1277
9653,855,861,861,150,261,411,1266
9654,878,878,884,150,267,417,1295
9655,867,883,878,166,262,428,1295
9656,883,889,888,172,261,433,1316
9657,895,873,873,150,261,411,1306
9658,888,888,889,150,262,412,1300
9659,867,873,877,156,266,422,1289
9660,878,872,867,150,261,411,1289
9661,872,872,872,150,261,411,1283
9662,850,878,878,178,261,439,1289
9663,895,867,867,150,261,411,1306
9664,861,866,861,155,256,411,1272
9665,866,861,866,150,261,411,1277
9666,839,839,839,150,261,411,1250
9667,839,834,834,145,261,406,1245
9668,828,833,833,150,261,411,1239
9669,822,850,850,178,261,439,1261
9670,895,867,872,150,266,416,1311
9671,850,866,861,166,261,427,1277
9672,872,861,861,155,261,416,1288
9673,855,878,878,178,261,439,1294
9674,884,883,889,177,267,444,1328
9675,911,884,878,150,261,411,1322
9676,878,883,883,155,261,416,1294
9677,850,872,878,177,267,444,1294
9678,900,873,872,150,266,416,1316
9679,877,883,878,156,261,417,1294
9680,873,867,867,150,261,411,1284
9681,850,883,883,183,261,444,1294
9682,883,878,878,178,261,439,1322
9683,894,872,872,156,261,417,1311
9684,873,872,872,155,261,416,1289
9685,855,872,878,172,267,439,1294
9686,878,878,872,172,261,433,1311
9687,883,861,861,150,261,411,1294
9688,839,867,867,178,261,439,1278
9689,878,872,872,172,261,433,1311
9690,878,883,884,177,262,439,1317
9691,866,873,872,184,261,445,1311
9692,884,872,872,172,261,433,1317
9693,883,883,883,172,261,433,1316
9694,894,900,900,178,261,439,1333
9695,884,878,873,172,256,428,1312
9696,894,878,883,156,261,417,1311
9697,861,883,889,178,267,445,1306
9698,895,889,883,172,261,433,1328
9699,889,872,872,155,261,416,1305
9700,877,878,878,156,261,417,1294
9701,867,883,889,172,267,439,1306
9702,900,884,878,156,261,417,1317
9703,872,872,866,156,255,411,1283
9704,878,872,878,150,261,411,1289
9705,861,861,867,150,267,417,1278
9706,867,872,867,155,262,417,1284
9707,861,862,855,156,255,411,1272
9708,856,855,861,155,261,416,1272
9709,855,850,850,150,261,411,1266
9710,845,845,845,150,261,411,1256
9711,833,833,833,150,261,411,1244
9712,844,844,844,150,261,411,1255
9713,845,850,850,155,261,416,1261
9714,828,845,845,172,261,433,1261
9715,844,833,833,161,261,422,1266
9716,856,845,850,150,266,416,1272
9717,844,844,839,150,261,411,1255
9718,817,839,839,172,261,433,1250
9719,855,839,839,156,261,417,1272
9720,850,850,850,156,261,417,1267
9721,845,844,850,155,267,422,1267
9722,833,850,850,172,267,439,1272
9723,867,845,839,150,261,411,1278
9724,850,850,855,150,266,416,1266
9725,850,850,845,150,261,411,1261
9726,844,850,850,156,261,417,1261
9727,856,850,850,150,261,411,1267
9728,855,855,855,150,261,411,1266
9729,856,861,861,155,261,416,1272
9730,850,856,856,161,261,422,1272
9731,855,867,872,173,266,439,1294
9732,878,877,878,172,267,439,1317
9733,889,873,867,156,261,417,1306
9734,850,861,861,167,261,428,1278
9735,889,872,872,150,261,411,1300
9736,872,872,872,150,261,411,1283
9737,861,867,867,156,261,417,1278
9738,861,861,861,156,261,417,1278
9739,878,867,872,145,266,411,1289
9740,833,866,861,178,261,439,1272
9741,884,856,856,150,261,411,1295
9742,850,855,855,155,261,416,1266
9743,839,861,862,177,262,439,1278
9744,900,873,872,150,261,411,1311
9745,850,861,861,161,261,422,1272
9746,850,839,839,150,261,411,1261
9747,827,850,855,173,266,439,1266
9748,862,850,845,161,261,422,1284
9749,866,866,872,161,267,428,1294
9750,850,861,856,172,262,434,1284
9751,872,878,877,178,261,439,1311
9752,878,878,884,178,267,445,1323
9753,884,883,877,177,261,438,1322
9754,877,873,867,173,255,428,1305
9755,884,894,906,183,267,450,1334
9756,900,889,883,172,261,433,1333
9757,889,883,883,166,261,427,1316
9758,888,872,873,150,262,412,1300
9759,873,895,900,172,267,439,1312
9760,877,889,883,184,261,445,1322
9761,917,889,894,156,266,422,1339
9762,883,883,873,156,256,412,1295
9763,895,889,894,150,261,411,1306
9764,883,889,894,156,266,422,1305
9765,895,894,889,155,261,416,1311
9766,872,867,867,150,261,411,1283
9767,867,867,867,150,261,411,1278
9768,850,855,855,155,261,416,1266
9769,855,850,856,150,267,417,1272
9770,856,856,855,150,266,416,1272
9771,839,866,867,177,267,444,1283
9772,877,873,867,173,261,434,1311
9773,867,866,866,172,261,433,1300
9774,867,872,873,177,262,439,1306
9775,883,878,883,172,267,439,1322
9776,889,895,889,178,261,439,1328
9777,905,883,883,156,261,417,1322
9778,889,883,889,150,267,417,1306
9779,878,900,900,172,267,439,1317
9780,906,884,878,150,261,411,1317
9781,861,861,861,150,261,411,1272
9782,844,866,867,172,262,434,1278
9783,889,867,866,150,261,411,1300
9784,856,856,856,150,261,411,1267
9785,855,861,861,156,261,417,1272
9786,878,866,867,144,262,406,1284
9787,867,873,872,150,261,411,1278
9788,866,866,866,150,261,411,1277
9789,856,861,867,155,267,422,1278
9790,872,873,861,156,255,411,1283
9791,872,866,872,150,261,411,1283
9792,850,856,856,156,261,417,1267
9793,845,867,867,178,261,439,1284
9794,883,883,883,178,261,439,1322
9795,883,889,889,184,261,445,1328
9796,889,883,883,178,261,439,1328
9797,906,878,878,150,261,411,1317
9798,872,872,878,150,267,417,1289
9799,878,878,878,150,267,417,1295
9800,878,878,877,150,266,416,1294
9801,855,883,878,178,261,439,1294
9802,884,883,883,177,261,438,1322
9803,894,878,884,161,267,428,1322
9804,861,878,872,178,261,439,1300
9805,806,878,878,164,261,428,1317
9806,966,866,872,150,267,417,1383
9807,850,878,878,178,267,445,1295
9808,900,872,866,150,261,411,1311
9809,850,878,878,178,261,439,1289
9810,884,883,884,177,262,439,1323
9811,883,884,883,178,261,439,1322
9812,900,878,878,156,261,417,1317
9813,861,883,883,178,261,439,1300
9814,906,878,883,150,266,416,1322
9815,866,872,867,156,261,417,1283
9816,861,872,878,167,267,434,1295
9817,889,895,889,173,261,434,1323
9818,895,877,877,155,261,416,1311
9819,866,878,884,167,267,434,1300
9820,884,895,894,178,266,444,1328
9821,900,894,895,172,267,439,1339
9822,911,894,889,155,262,417,1328
9823,900,895,894,150,261,411,1311
9824,894,900,900,156,261,417,1311
9825,895,894,900,155,267,422,1317
9826,866,889,883,178,261,439,1305
9827,906,878,878,150,261,411,1317
9828,883,883,889,150,267,417,1300
9829,873,878,872,155,261,416,1289
9830,861,878,878,172,261,433,1294
9831,889,867,872,150,266,416,1305
9832,855,888,884,183,262,445,1300
9833,900,884,888,167,266,433,1333
9834,883,878,878,162,266,428,1311
9835,889,877,878,150,267,417,1306
9836,861,889,889,178,267,445,1306
9837,889,889,889,178,267,445,1334
9838,895,878,872,161,261,422,1317
9839,872,883,883,172,261,433,1305
9840,894,900,900,178,261,439,1333
9841,895,889,895,172,267,439,1334
9842,878,883,878,177,262,439,1317
9843,877,884,883,184,261,445,1322
9844,895,889,889,178,261,439,1334
9845,894,883,883,167,261,428,1322
9846,889,878,878,156,261,417,1306
9847,884,883,883,155,261,416,1300
9848,861,878,878,172,261,433,1294
9849,889,867,867,150,261,411,1300
9850,844,866,866,172,261,433,1277
9851,867,872,878,177,267,444,1311
9852,877,878,878,178,267,445,1322
9853,889,867,861,156,261,417,1306
9854,867,867,867,156,261,417,1284
9855,850,872,872,178,261,439,1289
9856,883,883,883,178,261,439,1322
9857,889,867,867,156,261,417,1306
9858,845,866,867,177,262,439,1284
9859,877,878,877,178,261,439,1316
9860,895,872,873,155,262,417,1312
9861,850,867,866,172,261,433,1283
9862,889,872,878,155,267,422,1311
9863,861,884,878,178,261,439,1300
9864,894,877,883,161,267,428,1322
9865,861,878,872,178,261,439,1300
9866,873,872,878,177,267,444,1317
9867,889,889,889,177,267,444,1333
9868,894,884,878,167,261,428,1322
9869,872,883,883,178,261,439,1311
9870,884,889,889,183,261,444,1328
9871,905,894,900,172,267,439,1344
9872,900,889,883,161,261,422,1322
9873,889,884,884,156,261,417,1306
9874,894,888,894,150,267,417,1311
9875,878,878,878,150,267,417,1295
9876,861,867,861,156,261,417,1278
9877,856,844,844,144,261,405,1261
9878,839,839,845,144,267,411,1250
9879,839,839,839,144,267,411,1250
9880,827,833,828,150,262,412,1239
9881,834,834,833,150,261,411,1245
9882,850,855,861,155,267,422,1272
9883,850,873,867,178,261,439,1289
9884,883,877,877,172,261,433,1316
9885,856,867,867,183,261,444,1300
9886,889,889,895,183,267,450,1339
9887,894,889,888,178,266,444,1338
9888,894,894,895,178,267,445,1339
9889,895,889,889,172,267,439,1334
9890,894,900,900,178,267,445,1339
9891,928,906,900,156,261,417,1345
9892,895,894,894,155,261,416,1311
9893,877,900,900,178,261,439,1316
9894,934,911,917,155,267,422,1356
9895,889,906,905,172,266,438,1327
9896,916,900,895,156,261,417,1333
9897,900,894,900,150,267,417,1317
9898,867,895,889,178,261,439,1306
9899,917,894,894,155,261,416,1333
9900,877,878,884,156,267,423,1300
9901,867,889,883,178,261,439,1306
9902,894,866,872,150,267,417,1311
9903,867,873,867,156,261,417,1284
9904,872,866,866,150,261,411,1283
9905,856,884,884,178,261,439,1295
9906,894,872,872,156,261,417,1311
9907,867,878,878,167,261,428,1295
9908,867,883,883,183,261,444,1311
9909,922,894,900,155,267,422,1344
9910,908.5,897,900,173,261,434,1339
9911,895,900,900,178,261,439,1334
9912,928,900,900,150,261,411,1339
9913,877,905,905,178,261,439,1316
9914,900,895,895,173,261,434,1334
9915,917,900,900,156,261,417,1334
9916,906,900,905,150,266,416,1322
9917,866,894,889,178,261,439,1305
9918,917,889,889,150,261,411,1328
9919,867,894,894,177,261,438,1305
9920,883,884,889,178,266,444,1327
9921,894,872,873,156,267,423,1317
9922,878,878,872,156,261,417,1295
9923,856,877,883,177,267,444,1300
9924,900,878,872,155,261,416,1316
9925,861,867,867,161,261,422,1283
9926,866,855,856,150,262,412,1278
9927,850,850,850,150,262,412,1262
9928,839,839,844,150,267,417,1256
9929,845,850,844,155,261,416,1261
9930,855,850,850,150,261,411,1266
9931,873,867,873,144,267,411,1284
9932,861,872,872,155,267,422,1283
9933,889,884,883,150,266,416,1305
9934,866,883,878,167,261,428,1294
9935,884,900,900,183,261,444,1328
9936,916,883,889,150,267,417,1333
9937,884,895,889,161,261,422,1306
9938,894,883,883,150,261,411,1305
9939,867,900,900,183,261,444,1311
9940,927,900,900,156,261,417,1344
9941,884,889,895,161,267,428,1312
9942,883,889,883,167,261,428,1311
9943,900,883,889,150,267,417,1317
9944,861,889,889,178,267,445,1306
9945,922,894,894,150,267,417,1339
9946,873,873,872,150,266,416,1289
9947,850,872,867,172,261,433,1283
9948,877,850,850,145,261,406,1283
9949,828,828,833,145,266,411,1239
9950,828,827,823,144,262,406,1234
9951,817,817,816,144,261,405,1222
9952,805,806,806,145,261,406,1211
9953,800,800,800,145,261,406,1206
9954,800,800,805,145,266,411,1211
9955,806,805,800,144,261,405,1211
9956,805,806,806,145,261,406,1211
9957,806,805,805,144,261,405,1211
9958,828,828,834,144,267,411,1239
9959,850,850,850,144,267,411,1261
9960,866,872,872,150,267,417,1283
9961,889,889,889,150,267,417,1306
9962,895,922,922,177,267,444,1339
9963,911,906,906,172,267,439,1350
9964,922,911,905,161,261,422,1344
9965,917,906,906,150,261,411,1328
9966,889,916,916,177,261,438,1327
9967,916,911,912,172,262,434,1350
9968,917,895,894,150,261,411,1328
9969,889,889,889,150,261,411,1300
9970,889,894,900,155,267,422,1311
9971,894,889,883,150,261,411,1305
9972,861,867,867,156,261,417,1278
9973,845,866,867,177,262,439,1284
9974,866,834,833,145,261,406,1272
9975,823,828,828,150,261,411,1234
9976,816,811,811,145,261,406,1222
9977,800,800,800,145,261,406,1206
9978,789,789,789,145,261,406,1195
9979,783,783,777,145,255,400,1183
9980,778,778,784,145,261,406,1184
9981,778,777,778,144,262,406,1184
9982,772,773,772,145,261,406,1178
9983,778,777,778,144,262,406,1184
9984,778,778,777,144,261,405,1183
9985,789,789,789,144,261,405,1194
9986,794,795,800,145,266,411,1205
9987,828,827,822,144,261,405,1233
9988,833,834,839,145,266,411,1244
9989,822,855,850,178,261,439,1261
9990,873,856,856,161,261,422,1295
9991,861,878,878,178,261,439,1300
9992,916,888,889,150,262,412,1328
9993,884,889,888,155,261,416,1300
9994,866,867,867,156,261,417,1283
9995,884,878,878,150,261,411,1295
9996,839,861,867,172,267,439,1278
9997,889,867,861,150,261,411,1300
9998,861,861,866,150,266,416,1277
9999,850,872,867,172,261,433,1283
10000,866,878,878,184,261,445,1311
10001,906,883,883,161,261,422,1328
10002,889,878,878,150,261,411,1300
10003,889,889,889,150,261,411,1300
10004,866,894,894,178,261,439,1305
10005,900,900,900,178,261,439,1339
10006,895,889,889,172,261,433,1328
10007,905,917,922,184,266,450,1355
10008,917,905,900,172,261,433,1350
10009,928,906,906,150,261,411,1339
10010,889,894,894,155,261,416,1305
10011,905,906,906,156,261,417,1322
10012,889,894,894,161,261,422,1311
10013,878,895,895,178,261,439,1317
10014,900,872,866,150,255,405,1305
10015,855,878,884,173,261,434,1289
10016,856,861,861,178,261,439,1295
10017,889,861,861,150,261,411,1300
10018,855,861,861,156,261,417,1272
10019,834,856,856,178,261,439,1273
10020,866,844,844,156,261,417,1283
10021,839,833,833,150,261,411,1250
10022,828,823,823,145,261,406,1234
10023,833,833,833,145,261,406,1239
10024,839,844,844,150,261,411,1250
10025,856,878,878,172,261,433,1289
10026,883,867,867,156,261,417,1300
10027,850,878,878,184,261,445,1295
10028,889,888,894,183,267,450,1339
10029,906,900,895,177,262,439,1345
10030,905,889,888,161,261,422,1327
10031,889,911,912,183,262,445,1334
10032,911,906,911,178,267,445,1356
10033,917,911,905,172,261,433,1350
10034,905,906,906,173,261,434,1339
10035,906,911,911,178,261,439,1345
10036,911,911,911,178,261,439,1350
10037,900,900,900,178,261,439,1339
10038,895,900,900,183,261,444,1339
10039,938,911,911,156,261,417,1355
10040,884,900,906,172,267,439,1323
10041,883,889,877,178,255,433,1316
10042,900,872,878,150,261,411,1311
10043,856,856,856,150,261,411,1267
10044,833,833,833,150,261,411,1244
10045,828,828,828,150,261,411,1239
10046,828,828,828,150,261,411,1239
10047,811,805,811,144,267,411,1222
10048,800,806,794,150,255,405,1205
10049,811,805,811,144,261,405,1216
10050,811,806,811,139,266,405,1216
10051,822,833,828,150,261,411,1233
10052,845,839,839,144,261,405,1250
10053,838,878,878,184,261,445,1283
10054,878,866,872,172,267,439,1317
10055,861,867,861,178,261,439,1300
10056,867,872,872,183,261,444,1311
10057,900,895,895,178,261,439,1339
10058,911,889,889,156,261,417,1328
10059,878,877,883,155,267,422,1300
10060,889,884,878,150,261,411,1300
10061,889,889,889,150,261,411,1300
10062,861,883,883,172,261,433,1294
10063,889,872,872,155,261,416,1305
10064,889,884,884,150,261,411,1300
10065,850,872,872,172,261,433,1283
10066,888,872,872,156,261,417,1305
10067,878,872,872,150,261,411,1289
10068,845,872,873,177,262,439,1284
10069,900,873,877,150,266,416,1316
10070,850,855,856,155,267,422,1272
10071,855,850,844,150,261,411,1266
10072,856,856,856,150,261,411,1267
10073,839,839,839,150,261,411,1250
10074,827,833,833,156,261,417,1244
10075,828,822,822,150,261,411,1239
10076,811,839,839,178,261,439,1250
10077,828,833,834,183,262,445,1273
10078,856,850,850,177,262,439,1295
10079,850,850,850,177,262,439,1289
10080,872,878,877,183,261,444,1316
10081,894,895,900,184,266,450,1344
10082,923,916,911,177,261,438,1361
10083,900,900,900,177,261,438,1338
10084,905,906,906,178,261,439,1344
10085,917,922,922,183,261,444,1361
10086,939,917,917,161,261,422,1361
10087,911,900,900,150,261,411,1322
10088,889,905,905,166,261,427,1316
10089,889,900,900,177,261,438,1327
10090,922,900,900,155,261,416,1338
10091,889,884,884,150,261,411,1300
10092,889,889,889,150,261,411,1300
10093,855,888,889,183,262,445,1300
10094,911,889,888,161,261,422,1333
10095,867,884,884,178,261,439,1306
10096,911,883,883,150,261,411,1322
10097,856,889,889,183,261,444,1300
10098,916,889,889,156,261,417,1333
10099,884,889,883,161,255,416,1300
10100,894,889,895,156,261,417,1311
10101,878,894,894,172,261,433,1311
10102,900,894,895,166,262,428,1328
10103,889,884,883,161,261,422,1311
10104,866,889,883,184,255,439,1305
10105,884,872,878,172,261,433,1317
10106,883,867,867,156,261,417,1300
10107,867,861,855,150,255,405,1272
10108,839,866,878,177,267,444,1283
10109,872,867,861,172,261,433,1305
10110,872,867,867,167,261,428,1300
10111,883,872,872,156,261,417,1300
10112,861,861,861,156,261,417,1278
10113,850,850,850,156,261,417,1267
10114,850,844,845,150,262,412,1262
10115,862,862,861,150,261,411,1273
10116,833,855,855,172,261,433,1266
10117,889,867,867,150,261,411,1300
10118,855,861,861,156,261,417,1272
10119,873,861,861,144,261,405,1278
10120,844,872,872,172,261,433,1277
10121,872,884,884,184,261,445,1317
10122,889,872,872,167,261,428,1317
10123,883,872,872,156,261,417,1300
10124,867,867,861,156,255,411,1278
10125,867,861,872,150,266,416,1283
10126,839,866,862,177,262,439,1278
10127,883,856,861,150,267,417,1300
10128,861,861,850,150,256,406,1267
10129,828,861,866,183,261,444,1272
10130,883,856,861,156,266,422,1305
10131,856,861,856,161,261,422,1278
10132,844,855,856,172,262,434,1278
10133,872,884,883,184,261,445,1317
10134,878,872,872,178,261,439,1317
10135,867,861,867,172,267,439,1306
10136,861,867,861,178,261,439,1300
10137,867,872,867,183,256,439,1306
10138,877,872,883,178,267,445,1322
10139,884,872,867,166,262,428,1312
10140,872,862,861,156,261,417,1289
10141,839,861,861,178,261,439,1278
10142,861,861,861,178,261,439,1300
10143,872,850,850,156,261,417,1289
10144,845,839,839,150,261,411,1256
10145,816,844,844,178,261,439,1255
10146,867,839,839,150,261,411,1278
10147,828,828,828,150,261,411,1239
10148,828,828,828,150,261,411,1239
10149,805,838,844,183,267,450,1255
10150,878,850,845,155,262,417,1295
10151,850,856,855,161,261,422,1272
10152,867,861,861,155,261,416,1283
10153,861,878,884,172,267,439,1300
10154,905,894,888,161,261,422,1327
10155,872,884,884,173,261,434,1306
10156,900,883,883,156,261,417,1317
10157,867,894,895,183,262,445,1312
10158,911,895,894,167,261,428,1339
10159,895,883,889,155,267,422,1317
10160,889,884,878,150,261,411,1300
10161,900,900,900,150,261,411,1311
10162,877,888,889,161,262,423,1300
10163,884,873,872,150,261,411,1295
10164,872,877,872,155,256,411,1283
10165,872,873,878,156,261,417,1289
10166,856,855,855,155,261,416,1272
10167,839,839,839,155,261,416,1255
10168,833,833,828,155,256,411,1244
10169,844,834,839,145,261,406,1250
10170,823,828,828,150,261,411,1234
10171,827,833,833,156,261,417,1244
10172,817,822,822,161,261,422,1239
10173,811,828,828,178,261,439,1250
10174,867,839,844,150,266,416,1283
10175,839,844,845,155,267,422,1261
10176,855,856,850,156,261,417,1272
10177,861,855,855,150,261,411,1272
10178,839,867,867,178,261,439,1278
10179,872,872,878,178,267,445,1317
10180,878,872,867,172,262,434,1312
10181,878,856,855,150,261,411,1289
10182,844,872,878,178,267,445,1289
10183,884,878,872,172,261,433,1317
10184,872,872,872,172,261,433,1305
10185,861,867,867,178,261,439,1300
10186,883,883,889,178,267,445,1328
10187,889,884,883,173,266,439,1328
10188,895,877,867,155,256,411,1306
10189,850,873,878,178,261,439,1289
10190,900,872,872,150,261,411,1311
10191,850,866,867,166,262,428,1278
10192,872,856,850,150,256,406,1278
10193,844,850,861,156,267,423,1267
10194,845,867,866,178,266,444,1289
10195,894,866,867,150,267,417,1311
10196,850,867,861,167,261,428,1278
10197,873,861,861,155,261,416,1289
10198,844,867,872,178,266,444,1288
10199,872,878,873,184,261,445,1317
10200,889,883,883,178,261,439,1328
10201,878,872,872,172,261,433,1311
10202,878,883,889,177,267,444,1322
10203,889,884,883,172,266,438,1327
10204,888,889,884,173,261,434,1322
10205,884,877,878,166,262,428,1312
10206,861,873,872,178,261,439,1300
10207,883,861,866,156,266,422,1305
10208,872,872,867,156,261,417,1289
10209,862,861,861,155,261,416,1278
10210,872,867,867,150,261,411,1283
10211,867.75,869.5,864,152.5,266,418.5,1281.25
10212,863.5,872,861,161,255,416,1279.5
10213,850,867,873,178,261,439,1289
10214,883,883,883,178,261,439,1322
10215,883,883,889,178,267,445,1328
10216,884,884,872,178,255,433,1317
10217,900,872,878,150,261,411,1311
10218,855,872,872,167,261,428,1283
10219,873,878,878,172,261,433,1306
10220,877,883,883,178,261,439,1316
10221,884,878,878,172,261,433,1317
10222,894,872,872,150,261,411,1305
10223,845,867,867,172,261,433,1278
10224,883,866,867,155,262,417,1300
10225,867,862,861,150,261,411,1278
10226,838,872,877,184,266,450,1288
10227,895,889,884,178,261,439,1334
10228,878,877,878,177,262,439,1317
10229,877,878,877,178,261,439,1316
10230,889,895,895,184,261,445,1334
10231,900,894,900,178,267,445,1345
10232,895,895,889,178,261,439,1334
10233,900,894,894,172,261,433,1333
10234,911,917,922,178,266,444,1355
10235,928,911,911,161,266,427,1355
10236,900,905,900,166,261,427,1327
10237,889,900,900,177,261,438,1327
10238,900,906,906,183,261,444,1344
10239,922,911,917,172,267,439,1361
10240,911,906,900,167,261,428,1339
10241,905,894,894,156,261,417,1322
10242,895,922,922,183,261,444,1339
10243,911,906,911,178,266,444,1355
10244,917,905,900,166,261,427,1344
10245,900,889,884,155,256,411,1311
10246,877,900,911,178,267,445,1322
10247,923,895,894,150,266,416,1339
10248,883,905,906,172,267,439,1322
10249,900,884,883,156,266,422,1322
10250,894,894,889,156,261,417,1311
10251,889,883,889,150,267,417,1306
10252,878,878,878,150,267,417,1295
10253,878,878,872,150,261,411,1289
10254,872,872,872,150,261,411,1283
10255,861,889,889,178,261,439,1300
10256,884,883,889,177,267,444,1328
10257,900,895,894,172,266,438,1338
10258,877,883,878,178,261,439,1316
10259,895,878,878,161,261,422,1317
10260,866,889,894,184,266,450,1316
10261,900,889,889,173,266,439,1339
10262,895,877,873,155,262,417,1312
10263,878,873,877,150,266,416,1294
10264,894,889,889,145,266,411,1305
10265,861,894,889,178,261,439,1300
10266,900,878,883,156,266,422,1322
10267,884,878,878,150,266,416,1300
10268,888,888,884,150,262,412,1300
10269,889,895,900,156,267,423,1312
10270,878,878,872,156,261,417,1295
10271,867,877,878,166,262,428,1295
10272,872,889,888,183,261,444,1316
10273,889,878,878,172,261,433,1322
10274,883,867,867,156,261,417,1300
10275,867,861,861,150,261,411,1278
10276,850,850,850,150,261,411,1261
10277,811,839,839,178,261,439,1250
10278,867,844,844,155,261,416,1283
10279,839,839,839,155,261,416,1255
10280,850,845,845,150,261,411,1261
10281,827,861,866,184,266,450,1277
10282,884,866,867,166,267,433,1317
10283,855,867,861,178,261,439,1294
10284,867,867,867,178,261,439,1306
10285,889,889,894,178,266,444,1333
10286,900,900,900,178,266,444,1344
10287,894,894,889,178,261,439,1333
10288,928,900,900,150,261,411,1339
10289,889,917,917,178,261,439,1328
10290,933,922,922,167,261,428,1361
10291,911,905,911,161,267,428,1339
10292,900,900,895,161,262,423,1323
10293,889,906,905,178,261,439,1328
10294,922,900,906,156,267,423,1345
10295,900,900,894,156,261,417,1317
10296,895,889,889,150,261,411,1306
10297,905,900,906,145,267,412,1317
10298,895,900,900,150,267,417,1312
10299,872,900,894,178,261,439,1311
10300,900,894,894,172,261,433,1333
10301,922,911,917,161,267,428,1350
10302,917,906,906,150,267,417,1334
10303,900,900,894,150,261,411,1311
10304,861,889,895,178,267,445,1306
10305,911,911,905,178,261,439,1350
10306,895,900,900,183,261,444,1339
10307,905,894,895,172,262,434,1339
10308,900,895,888,167,255,422,1322
10309,895,905,917,177,267,444,1339
10310,911,906,906,172,267,439,1350
10311,900,894,889,166,262,428,1328
10312,905,895,894,156,261,417,1322
10313,873,900,900,183,261,444,1317
10314,911,905,906,177,262,439,1350
10315,905,889,888,161,261,422,1327
10316,895,884,884,150,261,411,1306
10317,861,894,894,183,261,444,1305
10318,894,889,889,178,261,439,1333
10319,900,883,889,161,267,428,1328
10320,895,884,878,150,261,411,1306
10321,889,889,894,150,266,416,1305
10322,872,888,884,166,262,428,1300
10323,889,884,888,161,266,427,1316
10324,894,900,895,167,261,428,1322
10325,889,894,900,172,267,439,1328
10326,894,900,894,178,261,439,1333
10327,906,895,900,167,266,433,1339
10328,889,894,895,172,267,439,1328
10329,922,906,905,156,266,422,1344
10330,883,900,895,173,261,434,1317
10331,923,900,905,150,266,416,1339
10332,900,905,906,155,267,422,1322
10333,889,900,894,166,261,427,1316
10334,911,900,906,155,267,422,1333
10335,889,911,911,177,267,444,1333
10336,916,895,889,156,261,417,1333
10337,900,900,900,156,261,417,1317
10338,895,889,894,150,266,416,1311
10339,877,883,878,156,261,417,1294
10340,878,872,872,150,261,411,1289
10341,867,861,861,144,261,405,1272
10342,861,861,867,144,267,411,1272
10343,844,850,845,150,262,412,1256
10344,850,850,850,150,262,412,1262
10345,850,845,850,145,267,412,1262
10346,839,839,838,145,266,411,1250
10347,839,839,839,145,266,411,1250
10348,845,850,845,150,261,411,1256
10349,844,850,850,156,261,417,1261
10350,850,844,844,150,261,411,1261
10351,850,850,850,150,261,411,1261
10352,861,856,861,145,266,411,1272
10353,845,850,845,150,261,411,1256
10354,855,855,855,150,261,411,1266
10355,856,850,850,144,261,405,1261
10356,844,850,850,150,261,411,1255
10357,856,850,850,144,261,405,1261
10358,833,834,834,145,261,406,1239
10359,833,833,833,145,261,406,1239
10360,834,839,839,150,261,411,1245
10361,822,816,817,144,262,406,1228
10362,817,817,822,144,267,411,1228
10363,822,822,816,144,261,405,1227
10364,739,806,806,211,261,472,1211
10365,866,800,800,145,261,406,1272
10366,806,800,794,139,255,394,1200
10367,761,767,762,145,250,395,1156
10368,778,794,794,161,250,411,1189
10369,750,761,772,172,261,433,1183
10370,778,755.5,750,150,255,405,1183
10371,753,749.75,756,178,261,439,1161
10372,728,744.375,761,194,278,472,1200
10373,772,730.688,697.5,161,272,433,1205
10374,793,726.344,742.75,207,263.5,470.5,1263.5
10375,814,724.172,788,230,255,492.25,1322
10376,744.5,723.086,752.5,265,261,524.125,1236
10377,814.25,720.043,734.75,199,256,456.562,1231
10378,884,718.521,730.875,133,256,389,1273
10379,803,717.261,715.438,145,266,411,1192
10380,763,714.13,721.719,139,250,389,1154.5
10381,728.5,707.065,708.359,127,267,394,1121.75
10382,714.25,706.533,704.18,133,262,395,1108.375
10383,698.625,697.766,696.09,139,256,395,1095.688
10384,710.812,701.383,704.045,145,255,400,1103.844
10385,699.906,700.692,696.022,127,262,389,1090.422
10386,693.953,694.846,695.511,138,250,388,1086.711
10387,696.977,700.423,700.256,139,256,395,1093.355
10388,701.488,700.211,700.128,145,255,400,1096.678
10389,703.744,702.606,703.064,139,255,394,1098.339
10390,701.872,704.303,704.532,138,256,394,1099.169
10391,717.436,718.651,718.766,144,256,400,1116.085
10392,733,720.826,720.383,144,256,400,1119.042
10393,727.5,721.413,724.191,145,255,400,1123.521
10394,733.25,727.206,728.596,145,261,406,1131.261
10395,739,736.103,733.798,139,261,400,1139
10396,745,743.052,739,139,255,394,1139
10397,739,743.526,750,150,255,405,1144
10398,750,752.263,745,144,256,400,1150
10399,761,761,761,144,256,400,1161
10400,761,767,766,150,255,405,1166
10401,772,766,767,144,256,400,1172
10402,750,766.5,756,150,256,406,1156
10403,767,767,766,150,255,405,1172
10404,777,772,778,145,261,406,1183
10405,773,772,767,144,256,400,1173
10406,772,778,777,150,255,405,1177
10407,767,800,800,183,255,438,1205
10408,800,794,800,177,261,438,1238
10409,822,795,789,150,255,405,1227
10410,805,805,806,150,256,406,1211
10411,823,817,822,144,261,405,1228
10412,816,822,822,150,261,411,1227
10413,811,817,811,156,255,411,1222
10414,834,828,834,150,261,411,1245
10415,822,855,850,183,256,439,1261
10416,844,834,833,173,255,428,1272
10417,850,827,828,150,256,406,1256
10418,828,834,833,156,255,411,1239
10419,811,833,839,178,261,439,1250
10420,839,833,833,172,261,433,1272
10421,850,828,823,150,256,406,1256
10422,828,833,833,155,256,411,1239
10423,828,850,850,177,256,433,1261
10424,861,834,839,150,261,411,1272
10425,816,839,839,173,261,434,1250
10426,823,827,822,177,256,433,1256
10427,861,834,833,150,255,405,1266
10428,805,839,839,184,255,439,1244
10429,839,827,828,172,256,428,1267
10430,845,817,822,144,261,405,1250
10431,800,833,834,177,262,439,1239
10432,850,850,844,177,256,433,1283
10433,844,845,844,178,255,433,1277
10434,850,833,828,161,250,411,1261
10435,822,839,845,178,256,434,1256
10436,845,850,850,183,256,439,1284
10437,855,845,844,173,255,428,1283
10438,850,850,845,173,250,423,1273
10439,861,850,861,162,261,423,1284
10440,850,866,861,178,256,434,1284
10441,884,850,855,144,261,405,1289
10442,839,856,850,161,255,416,1255
10443,844,855,856,172,256,428,1272
10444,850,861,861,183,256,439,1289
10445,883,850,850,150,256,406,1289
10446,856,862,867,156,261,417,1273
10447,867,861,855,150,255,405,1272
10448,833,861,861,178,255,433,1266
10449,856,866,867,188,256,444,1300
10450,872,856,856,172,256,428,1300
10451,861,861,861,172,256,428,1289
10452,861,867,866,178,255,433,1294
10453,872,872,873,178,256,434,1306
10454,867,867,872,178,261,439,1306
10455,905,877,872,150,256,406,1311
10456,944,867,867,166.5,256,425,1273
10457,983,861,866,183,261,444,1427
10458,872,861,861,172,261,433,1305
10459,867,867,862,172,256,428,1295
10460,878,861,855,155,250,405,1283
10461,855,850,861,150,261,411,1266
10462,867,867,861,150,255,405,1272
10463,839,861,867,172,261,433,1272
10464,866,844,839,150,256,406,1272
10465,834,834,833,150,255,405,1239
10466,839,833,839,144,261,405,1244
10467,816,822,817,150,256,406,1222
10468,806,822,822,166,256,422,1228
10469,844,828,828,150,256,406,1250
10470,800,828,833,178,261,439,1239
10471,834,839,833,183,255,438,1272
10472,855,844,850,172,261,433,1288
10473,856,839,834,155,256,411,1267
10474,811,834,839,178,261,439,1250
10475,861,866,861,183,256,439,1300
10476,861,856,861,178,261,439,1300
10477,889,861,855,150,255,405,1294
10478,855,872,873,167,256,423,1278
10479,878,895,900,184,261,445,1323
10480,911,905,905,178,261,439,1350
10481,928,922,917,172,256,428,1356
10482,933,923,922,162,255,417,1350
10483,917,933,945,178,267,445,1362
10484,956,933,922,155,256,411,1367
10485,916,917,916,156,255,411,1327
10486,923,917,923,150,261,411,1334
10487,927,927,922,150,256,406,1333
10488,889,911,911,172,256,428,1317
10489,928,912,911,156,255,411,1339
10490,900,927,933,183,261,444,1344
10491,939,928,928,172,261,433,1372
10492,922,900,895,150,256,406,1328
10493,906,933,933,177,256,433,1339
10494,916,889,894,150,261,411,1327
10495,873,873,867,150,255,405,1278
10496,866,861,867,145,261,406,1272
10497,834,839,833,150,255,405,1239
10498,816,811,811,145,255,400,1216
10499,806,800,800,139,255,394,1200
10500,833.5,789,795,142,261,400,1189
10501,861,783,783,145,261,406,1267
10502,773,767,767,139,261,400,1173
10503,782.5,777,772,189,256,445,1172
10504,792,767,767,164,256,420,1212
10505,775,761,766,150,261,411,1186
10506,772,767,761,145,255,400,1172
10507,761,764,761,139,261,400,1161
10508,750,761,756,150,256,406,1156
10509,773,767,767,144,256,400,1173
10510,766,767,772,145,261,406,1172
10511,778,778,778,145,261,406,1184
10512,795,800,794,150,255,405,1200
10513,827,827,833,150,261,411,1238
10514,817,850,850,183,261,444,1261
10515,872,861,856,172,256,428,1300
10516,889,873,872,156,255,411,1300
10517,872,894,900,178,261,439,1311
10518,917,911,911,172,261,433,1350
10519,914,911,913.5,150,256,406,1336
10520,911,911,916,150,261,411,1322
10521,900,895,895,145,261,406,1306
10522,878,883,883,150,261,411,1289
10523,895,889,884,144,256,400,1295
10524,877,883,883,150,256,406,1283
10525,873,900,905,177,261,438,1311
10526,894,889,884,172,256,428,1322
10527,911,884,889,145,261,406,1317
10528,878,888,889,155,262,417,1295
10529,883,884,877,156,255,411,1294
10530,867,900,906,189,261,450,1317
10531,922,889,889,156,261,417,1339
10532,867,889,889,178,261,439,1306
10533,905,883,877,156,255,411,1316
10534,867,889,895,178,261,439,1306
10535,911,911,905,178,255,433,1344
10536,906,900,906,172,261,433,1339
10537,916,900,900,156,261,417,1333
10538,895,905,906,166,262,428,1323
10539,905,923,922,184,261,445,1350
10540,945,911,911,150,261,411,1356
10541,894,894,894,150,261,411,1305
10542,878,884,884,156,261,417,1295
10543,889,877,877,144,261,405,1294
10544,878,878,878,144,261,405,1283
10545,861,872,872,155,261,416,1277
10546,878,873,873,150,261,411,1289
10547,855,877,877,172,261,433,1288
10548,895,873,873,150,261,411,1306
10549,872,888,883,166,256,422,1294
10550,878,867,867,155,256,411,1289
10551,850,872,872,177,256,433,1283
10552,888,873,878,162,261,423,1311
10553,878,866,866,150,261,411,1289
10554,845,867,861,172,255,427,1272
10555,861,867,873,178,261,439,1300
10556,883,877,877,172,261,433,1316
10557,900,884,878,156,255,411,1311
10558,878,877,878,155,256,411,1289
10559,872,895,906,178,267,445,1317
10560,911,883,877,150,261,411,1322
10561,856,872,873,166,262,428,1284
10562,889,873,872,150,261,411,1300
10563,850,850,850,150,261,411,1261
10564,833,833,833,150,261,411,1244
10565,833,828,828,145,261,406,1239
10566,839,844,839,150,256,406,1245
10567,834,828,839,144,267,411,1245
10568,827,833,822,150,256,406,1233
10569,828,823,828,145,261,406,1234
10570,817,816,816,144,261,405,1222
10571,805,811,811,150,261,411,1216
10572,828,823,823,145,261,406,1234
10573,817,850,850,178,261,439,1256
10574,866,838,839,150,262,412,1278
10575,839,839,838,150,261,411,1250
10576,867,867,867,150,261,411,1278
10577,861,861,861,150,261,411,1272
10578,867,867,861,150,255,405,1272
10579,878,872,878,144,261,405,1283
10580,866,894,895,172,262,434,1300
10581,917,900,900,155,262,417,1334
10582,911,906,900,150,256,406,1317
10583,894,894,894,150,256,406,1300
10584,917,917,922,150,261,411,1328
10585,895,895,895,150,261,411,1306
10586,900,900,900,150,261,411,1311
10587,883,888,883,155,256,411,1294
10588,889,884,883,150,255,405,1294
10589,894,894,900,150,261,411,1305
10590,856,889,884,183,256,439,1295
10591,905,878,877,156,255,411,1316
10592,884,878,878,150,255,405,1289
10593,872,894,900,172,261,433,1305
10594,872,878,878,178,261,439,1311
10595,900,878,878,156,261,417,1317
10596,883,883,883,156,261,417,1300
10597,856,878,878,178,261,439,1295
10598,922,894,900,150,267,417,1339
10599,872,906,900,184,261,445,1317
10600,895,889,889,178,261,439,1334
10601,905,900,900,173,261,434,1339
10602,906,911,911,178,261,439,1345
10603,917,916,917,177,262,439,1356
10604,939,917,916,155,261,416,1355
10605,888,906,906,173,261,434,1322
10606,906,911,905,178,255,433,1339
10607,933,905,911,150,261,411,1344
10608,895,900,900,155,261,416,1311
10609,894,889,889,150,261,411,1305
10610,850,878,878,178,261,439,1289
10611,895,894,895,177,262,439,1334
10612,900,873,872,150,261,411,1311
10613,855,861,861,156,261,417,1272
10614,861,855,855,150,261,411,1272
10615,850,878,878,178,261,439,1289
10616,895,867,867,150,261,411,1306
10617,861,866,867,155,262,417,1278
10618,855,873,866,173,255,428,1283
10619,867,872,884,178,267,445,1312
10620,906,905,900,177,262,439,1345
10621,905,906,905,178,261,439,1344
10622,922,911,911,167,261,428,1350
10623,923,933,939,177,267,444,1367
10624,950,945,939,172,261,433,1383
10625,933,933,933,172,261,433,1366
10626,939,939,939,172,261,433,1372
10627,950,961,956,183,256,439,1389
10628,978,945,955,150,266,416,1394
10629,944,944,939,150,261,411,1355
10630,917,945,945,178,261,439,1356
10631,950,950,950,178,261,439,1389
10632,944,922,922,156,261,417,1361
10633,928,922,922,150,261,411,1339
10634,911,944,945,183,262,445,1356
10635,945,934,938,172,266,438,1383
10636,944,939,928,167,255,422,1366
10637,950,933,939,150,261,411,1361
10638,922,944,945,172,262,434,1356
10639,939,939,938,172,261,433,1372
10640,939,939,939,172,261,433,1372
10641,944,956,956,184,261,445,1389
10642,950,939,939,173,261,434,1384
10643,939,944,950,178,267,445,1384
10644,945,950,950,183,267,450,1395
10645,928,900,894,155,261,416,1344
10646,883,878,878,150,261,411,1294
10647,822,855,856,183,262,445,1267
10648,861,828,833,150,267,417,1278
10649,817,817,811,150,261,411,1228
10650,772,800,806,178,267,445,1217
10651,806,778,766,150,255,405,1211
10652,800,789,784,139,250,389,1189
10653,772,766,772,133,256,389,1161
10654,733,767,772,167,261,428,1161
10655,778,764.5,756,144,262,406,1184
10656,739,762,755,167,255,422,1161
10657,778,750,767,139,272,411,1189
10658,733,733.5,741.5,144,262,406,1139
10659,769,736.25,737.75,205,261,466,1169.5
10660,805,732.125,732.375,139,256,395,1200
10661,728,716.062,719.188,139,255,394,1150
10662,728,716.031,718.094,145,261,406,1136.5
10663,728,719.516,717.047,133,262,395,1123.75
10664,711.5,706.758,706.023,145,255,400,1109.375
10665,708.25,706.379,705.512,144,256,400,1107.188
10666,715.125,711.189,713.756,145,255,400,1114.594
10667,719.062,717.095,715.378,139,261,400,1115.797
10668,720.531,719.547,721.689,139,255,394,1118.898
10669,732.266,731.774,730.344,139,261,400,1128.949
10670,744,735.387,739,139,256,395,1139
10671,734,740.193,744,144,261,405,1139
10672,744,750.597,745,145,261,406,1150
10673,761,761,761,145,261,406,1167
10674,784,783,783,144,261,405,1189
10675,794,794,800,144,267,411,1205
10676,822,823,817,145,261,406,1228
10677,839,844,844,150,261,411,1250
10678,861,861,861,150,261,411,1272
10679,872,872,878,150,267,417,1289
10680,878,878,867,150,256,406,1284
10681,878,884,889,156,261,417,1295
10682,917,916,922,155,267,422,1339
10683,900,922,922,177,267,444,1344
10684,933,900,889,144,256,400,1333
10685,900,906,911,150,261,411,1311
10686,922,928,928,156,261,417,1339
10687,928,916,917,144,262,406,1334
10688,911,917,916,150,261,411,1322
10689,906,906,900,150,255,405,1311
10690,883,916,922,183,261,444,1327
10691,944,911,912,150,262,412,1356
10692,906,906,905,150,261,411,1317
10693,900,900,900,150,261,411,1311
10694,906,906,900,150,255,405,1311
10695,894,927,933,183,261,444,1338
10696,917,906,906,172,261,433,1350
10697,927,905,911,150,267,417,1344
10698,906,912,900,156,255,411,1317
10699,883,905,917,178,267,445,1328
10700,945,911,911,144,267,411,1356
10701,900,906,900,150,261,411,1311
10702,894,894,894,150,261,411,1305
10703,900,900,900,150,261,411,1311
10704,889,917,923,178,267,445,1334
10705,945,917,916,150,266,416,1361
10706,922,922,922,150,266,416,1338
10707,900,916,917,166,267,433,1333
10708,922,934,933,178,266,444,1366
10709,922,922,917,178,261,439,1361
10710,956,922,928,144,267,411,1367
10711,922,922,917,144,262,406,1328
10712,889,917,922,172,267,439,1328
10713,922,928,928,178,267,445,1367
10714,961,933,927,150,261,411,1372
10715,911,911,917,150,267,417,1328
10716,911,917,911,156,261,417,1328
10717,900,917,922,173,266,439,1339
10718,945,916,911,144,261,405,1350
10719,900,900,906,144,267,411,1311
10720,794,911,906,158,262,422,1317
10721,995,906,905,172,261,433,1428
10722,916,900,900,156,261,417,1333
10723,878,872,872,150,261,411,1289
10724,867,867,867,150,261,411,1278
10725,861,861,861,150,261,411,1272
10726,867,861,861,144,261,405,1272
10727,855,861,861,150,261,411,1266
10728,867,861,867,144,267,411,1278
10729,883,884,878,145,261,406,1289
10730,878,883,883,150,261,411,1289
10731,878,878,878,150,261,411,1289
10732,889,883,889,144,267,411,1300
10733,894,900,894,150,261,411,1305
10734,872,906,906,184,261,445,1317
10735,923,911,916,172,266,438,1361
10736,933,911,906,150,261,411,1344
10737,911,911,911,150,261,411,1322
10738,917,911,917,144,267,411,1328
10739,900,900,900,144,267,411,1311
10740,894,900,894,150,261,411,1305
10741,889,900,900,161,261,422,1311
10742,906,895,900,150,266,416,1322
10743,900,900,900,150,266,416,1316
10744,894,894,889,150,261,411,1305
10745,750,894,900,152.5,267,413.5,1311
10746,827.5,917,911,155,261,416,1319
10747,905,906,911,156,266,422,1327
10748,900,900,895,156,261,417,1317
10749,895,889,889,150,261,411,1306
10750,861,888,894,177,267,444,1305
10751,894,873,867,156,261,417,1311
10752,867,861,866,150,266,416,1283
10753,878,878,873,150,261,411,1289
10754,872,872,877,150,266,416,1288
10755,900,894,895,144,267,411,1311
10756,889,928,922,183,261,444,1333
10757,933,928,928,178,261,439,1372
10758,917,916,917,177,262,439,1356
10759,911,923,927,189,266,455,1366
10760,950,939,939,178,266,444,1394
10761,978,950,945,150,261,411,1389
10762,933,938,939,155,262,417,1350
10763,922,934,927,167,255,422,1344
10764,939,950,956,178,261,439,1378
10765,944,939,939,173,261,434,1378
10766,956,933,928,150,256,406,1362
10767,900,928,927,178,255,433,1333
10768,928,933,939,183,261,444,1372
10769,933,928,928,178,261,439,1372
10770,950,922,922,150,261,411,1361
10771,917,917,911,150,255,405,1322
10772,883,911,917,178,261,439,1322
10773,922,922,922,178,261,439,1361
10774,950,928,928,156,261,417,1367
10775,917,922,922,161,261,422,1339
10776,944,939,939,156,261,417,1361
10777,923,939,939,172,261,433,1356
10778,944,933,933,161,261,422,1366
10779,917,939,939,183,261,444,1361
10780,950,939,939,172,261,433,1383
10781,939,922,922,155,261,416,1355
10782,900,917,917,172,261,433,1333
10783,922,933,933,183,261,444,1366
10784,944,928,934,167,267,434,1378
10785,928,911,905,150,261,411,1339
10786,883,906,906,173,261,434,1317
10787,912,911,916,172,266,438,1350
10788,916,916,917,172,267,439,1355
10789,922,906,900,156,261,417,1339
10790,900,894,895,150,262,412,1312
10791,862,889,894,177,267,444,1306
10792,888,856,850,145,261,406,1294
10793,839,844,844,150,261,411,1250
10794,834,828,823,144,256,400,1234
10795,800,800,811,144,267,411,1211
10796,800,800,800,144,267,411,1211
10797,800,800,800,144,267,411,1211
10798,800,800,794,144,261,405,1205
10799,789,789,789,144,261,405,1194
10800,800,800,806,144,267,411,1211
10801,816,817,811,145,261,406,1222
10802,834,833,839,144,267,411,1245
10803,844,850,844,150,261,411,1255
10804,867,867,867,150,261,411,1278
10805,900,900,900,150,261,411,1311
10806,861,883,889,172,267,439,1300
10807,900,872,866,144,261,405,1305
10808,878,884,884,150,261,411,1289
10809,888,883,883,145,261,406,1294
10810,867,872,872,150,261,411,1278
10811,861,856,861,145,266,411,1272
10812,861,866,861,150,261,411,1272
10813,873,867,873,144,267,411,1284
10814,866,872,866,150,261,411,1277
10815,867,867,867,150,261,411,1278
10816,880.5,880.5,880.5,150,261,411,1291.5
10817,894,894,894,150,261,411,1305
10818,906,900,906,144,267,411,1317
10819,922,928,922,150,261,411,1333
10820,916,939,944,173,266,439,1355
10821,928,927,928,172,267,439,1367
10822,950,928,922,150,261,411,1361
10823,917,917,917,150,261,411,1328
10824,917,928,928,161,261,422,1339
10825,938,927,933,150,267,417,1355
10826,923,928,922,155,261,416,1339
10827,922,911,911,144,261,405,1327
10828,900,934,928,178,255,433,1333
10829,955,927,934,150,262,412,1367
10830,900,912,905,162,255,417,1317
10831,912,905,911,155,261,416,1328
10832,911,911,911,155,261,416,1327
10833,911,906,911,150,266,416,1327
10834,911,916,906,155,256,411,1322
10835,900,895,900,150,261,411,1311
10836,894,928,928,184,261,445,1339
10837,928,922,922,178,261,439,1367
10838,945,928,928,161,261,422,1367
10839,927,916,911,150,256,406,1333
10840,884,911,922,177,267,444,1328
10841,955,928,922,150,261,411,1366
10842,911,934,939,173,266,439,1350
10843,934,927,928,166,267,433,1367
10844,933,934,928,167,261,428,1361
10845,928,916,916,155,261,416,1344
10846,905,934,934,184,261,445,1350
10847,950,933,933,167,261,428,1378
10848,939,922,922,150,261,411,1350
10849,889,922,923,183,262,445,1334
10850,928,928,927,183,261,444,1372
10851,933,917,917,167,261,428,1361
10852,945,928,928,150,261,411,1356
10853,933,939,939,156,261,417,1350
10854,950,950,950,156,261,417,1367
10855,922,944,944,178,261,439,1361
10856,961,944,945,161,262,423,1384
10857,923,934,927,172,255,427,1350
10858,966,944,950,150,261,411,1377
10859,917,934,934,167,261,428,1345
10860,933,927,927,161,261,422,1355
10861,950,939,939,150,261,411,1361
10862,945,950,950,155,261,416,1361
10863,939,934,934,150,261,411,1350
10864,911,933,933,172,261,433,1344
10865,933,928,928,167,261,428,1361
10866,939,922,928,150,267,417,1356
10867,900,933,927,183,261,444,1344
10868,950,922,923,155,262,417,1367
10869,922,912,911,145,261,406,1328
10870,895,900,905,150,266,416,1311
10871,877,877,878,150,267,417,1294
10872,856,856,850,150,261,411,1267
10873,844,844,844,150,261,411,1255
10874,823,817,828,144,272,416,1239
10875,800,800,795,144,267,411,1211
10876,794,794,789,144,262,406,1200
10877,794,795,794,145,261,406,1200
10878,784,783,783,144,261,405,1189
10879,739,784,784,189,261,450,1189
10880,783,783,839.5,189,258.5,436,1208.5
10881,806,783,895,166,256,422,1228
10882,783,772,778,155,262,417,1200
10883,789,778,777,144,261,405,1194
10884,783,778,784,139,267,406,1189
10885,761,761,750,139,256,395,1156
10886,767,767,766,139,255,394,1161
10887,767,761,773,133,267,400,1167
10888,755,761,761,139,267,406,1161
10889,756,761,755,139,266,405,1161
10890,795,761,750,139,255,478,1155
10891,834,761,761,139,266,405,1239
10892,755,761,750,145,255,400,1155
10893,750,758.5,756,150,256,406,1156
10894,767,759.75,755,139,255,394,1161
10895,767,761,867,133,260.5,402.5,1261
10896,744,752.5,800.5,145,266,411,1155
10897,745,748.25,775.25,144,256,400,1145
10898,738,746.625,750,150,262,412,1150
10899,748,742.812,761,147,264,380,1151
10900,764,735.406,772,122,266,388,1152
10901,745.75,731.203,741.5,123,255,378,1120.5
10902,727.5,729.602,740.25,122.5,252.5,375.25,1110.5
10903,728,725.801,739,122.5,250,372.5,1102.5
10904,756,724.4,706,161.25,250,386.25,1143.25
10905,784,720.2,739,200,253,400,1184
10906,795,718.6,772,191.5,256,422,1172
10907,806,717.8,747,183,261,444,1250
10908,777,714.4,721,123,266,389,1166
10909,746.5,715.2,721.5,139,250,389,1138.5
10910,731.75,716.1,713.25,139,256,395,1119.25
10911,721.375,713.55,698.625,139,244,383,1093.125
10912,771.688,767.775,767.062,139,237.25,376.25,1142.312
10913,822,822,835.5,139,166.125,369.5,1191.5
10914,655.25,561,625.75,163.75,188.562,472,1039.75
10915,680.625,633.5,660.375,188.5,194.281,399.5,1067.125
10916,692.812,669.25,710.688,188.5,225.141,388.5,1108.312
10917,613.156,582.125,761,188.5,256,444.5,1149.5
10918,684.078,702.062,800,150,256,389,1188.75
10919,755,822,839,217,256,473,1228
10920,744.5,758.5,764,183.5,261,444.5,1189
10921,744.5,729.25,732,183.5,255,438.5,1163.75
10922,744.5,709.125,713.5,139,255,394,1138.5
10923,740,698.562,723.25,162.75,261,443.25,1183.25
10924,735.5,693.781,689.625,186.5,267,433.125,1228
10925,720.75,696.891,622.312,150,273,423,1148.5
10926,718.875,703.945,733.656,144,267.5,411.5,1132.75
10927,711.938,710.473,845,138,262,400,1121.875
10928,716.969,716.236,783.5,150,256,406,1124.938
10929,711.484,725.118,755.75,150,256,406,1129.469
10930,733.242,726.059,733.375,178,250,428,1134.234
10931,755,732.53,722.188,150,228,384,1139
10932,739,738.765,736.094,150,219.5,370,1122.5
10933,750,752.382,750,145,221.25,418.5,1128.25
10934,805.5,766,778,145,238.125,467,1194.625
10935,861,762,794,145,255,400,1261
10936,761,761,788.5,145,227.5,372,1191.5
10937,778,777,783,144,241.25,386,1192.75
10938,794,795,850,145,255,400,1194
10939,789,794,795,150,256,406,1195
10940,789,795,794,156,255,411,1200
10941,817,805,806,144,256,400,1217
10942,805,811,811,150,256,406,1211
10943,806,806,811,150,261,411,1217
10944,822,817,811,145,255,400,1222
10945,806,811,811,150,255,405,1211
10946,816,811,817,145,261,406,1222
10947,817,817,817,145,261,406,1223
10948,806,816,811,155,256,411,1217
10949,822,822,822,155,256,411,1233
10950,833,823,822,145,255,400,1233
10951,806,839,845,178,261,439,1245
10952,839,838,833,177,256,433,1272
10953,855,834,833,156,255,411,1266
10954,927.5,850,856,169.5,261,424.5,1267
10955,1000,861,855,183,255,438,1438
10956,877,872,873,178,256,434,1311
10957,867,867,822,178,244.75,389,1256
10958,711,742,730.25,205,249.875,438.5,1166.5
10959,836,793,787.625,177.5,255,422.25,1266.75
10960,961,844,845,150,256,406,1367
10961,850,850,850,150,256,406,1256
10962,845,867,867,172,256,428,1273
10963,855,856,936,173,258.5,433,1161
10964,873,877,910,177,261,438,1311
10965,886,884,884,175,261,436,1322
10966,786,911,772,162.5,258,422,1208
10967,804,889,830.5,150,255,405,1444
10968,822,894,889,164,250,472,1294
10969,939,895,900,178,255,433,1372
10970,911,883,756,150,255.5,422,1189
10971,878,883,817,155,256,411,1289
10972,855,872,878,172,262,434,1289
10973,872,873,866,173,255,428,1300
10974,789,866,872,178,261,436,1300
10975,945,878,878,183,261,444,1389
10976,816,878,872,183,255,372,1316
10977,934,872,938.5,183,258,423.5,1234
10978,830,861,902.75,214,261,475,1305
10979,867,867,867,214,261,475,1342
10980,894,894,889,214,256,470,1364
10981,914,873,872,173,255,428,1342
10982,878,883,889,178,261,439,1317
10983,885.5,883,878,175.5,256,431.5,1317
10984,892.5,895,900,178,261,439,1331.5
10985,972,883,889,133.5,267,394.5,1328
10986,872,872,866,185.75,261,447.25,1222
10987,855,872,873,226.375,262,423.625,1223
10988,838,867,738,188.188,258.5,400,1238
10989,995,878,802.5,150,255,405,1400
10990,813.5,872,867,208.5,250,458.5,1272
10991,936.5,872,756,144,255.5,395.75,1214.5
10992,939,867,994,108,261,366.875,1272
10993,867,867,872,142.5,266,399.938,1205
10994,761,866,856,177,256,433,1194
10995,811,856,855,188.25,255,477,1288
10996,877.5,855,850,199.5,250,449.5,1327
10997,872.5,862,867,189,255,444,1316.5
10998,789,861,861,169.5,255,427.5,1305
10999,972,861,867,150,261,411,1383
11000,872,872,869,150,258,408,1280
11001,850,872,875,172,261,433,1283
11002,828,878,878,175,261,372,1311
11003,922,878,750,178,258.5,358.5,1233
11004,972,883,822,181,256,398.75,1317
11005,800,895,894,184,255,439,1239
11006,922,894,900,156,261,417,1339
11007,873,894,856,177,261,400,1273
11008,905,906,944,178,261,439,1344
11009,850,906,900,167,255,428,1339
11010,972,894,900,156,261,417,1389
11011,844,883,895,195,273,468,1312
11012,918,895,883,172,261,433,1351
11013,997,911,911,164,261,391.5,1344
11014,808,878,811,156,261.5,434.75,1158
11015,817,877,945,216,262,478,1295
11016,933,873,866,156,255,411,1344
11017,845,866,872,177,261,438,1283
11018,972.5,850,784,130.5,258,388.5,1222
11019,875.25,873,933,159.75,255,416.25,1439
11020,778,883,883,189,255,444,1222
11021,900,900,906,189,261,450,1350
11022,894,889,833,184,261,389,1283
11023,917,911,967,178,261,439,1356
11024,900,911,906,189,256,445,1345
11025,933,917,825,173,258.5,464,1347.5
11026,867,916,744,175.5,261,451.5,1350
11027,950,906,906,178,261,439,1389
11028,911,917,944,184,230.5,472,1383
11029,911,911,823,184,242.75,384,1295
11030,928,922,977,178,255,433,1361
11031,911,917,923,184,261,445,1356
11032,928,905,994,161,258.5,436.5,1439
11033,900,911,817,172,256,428,1328
11034,900,906,816,178,258.5,432,1244
11035,908,905,861,175,261,436,1344
11036,1003,906,906,165.5,261,426.5,1342
11037,822,900,900,156,261,417,1239
11038,895,889,894,150,266,416,1311
11039,883,883,873,150,256,406,1289
11040,872,878,883,156,261,417,1289
11041,850,878,872,184,255,439,1289
11042,900,872,889,156,272,428,1328
11043,811,872,856,217,256,473,1284
11044,912,872,877,177,261,438,1350
11045,894,895,895,178,261,439,1333
11046,878,883,889,183,267,450,1328
11047,989,889,883,180,261,441.5,1333
11048,800,894,889,177,256,433,1233
11049,900,906,922,183,272,455,1355
11050,911,894,889,166,267,433,1344
11051,894,912,906,184,261,445,1339
11052,928,900,900,156,261,417,1345
11053,878,894,900,172,267,439,1317
11054,978,894,889,161,262,425,1328
11055,827,889,888,150,261,411,1238
11056,884,884,884,150,261,411,1295
11057,872,872,872,150,261,411,1283
11058,800,867,867,217,261,478,1278
11059,944,872,872,145,261,406,1350
11060,873,900,900,172,261,433,1306
11061,894,905,911,183,267,450,1344
11062,928,895,889,150,261,411,1339
11063,878,911,911,183,261,444,1322
11064,916,911,911,178,261,439,1355
11065,939,911,911,150,261,411,1350
11066,900,895,895,145,261,406,1306
11067,900,905,911,150,267,417,1317
11068,878,900,900,172,267,439,1317
11069,906,895,889,161,261,422,1328
11070,888,877,877,150,261,411,1299
11071,850,878,873,178,256,434,1284
11072,895,872,883,155,267,422,1317
11073,872,867,856,150,256,406,1278
11074,850,872,877,172,261,433,1283
11075,850,861,867,183,267,450,1300
11076,894,884,878,173,261,434,1328
11077,912,889,889,150,261,411,1323
11078,888,911,911,173,261,434,1322
11079,895,905,911,183,267,450,1345
11080,917,917,911,183,261,444,1361
11081,938,911,917,156,267,423,1361
11082,884,911,905,183,261,444,1328
11083,916,911,917,178,267,445,1361
11084,917,911,911,172,267,439,1356
11085,911,911,906,172,262,434,1345
11086,934,912,916,150,266,416,1350
11087,911,916,917,155,267,422,1333
11088,889,911,905,177,261,438,1327
11089,922,895,900,150,266,416,1338
11090,883,911,912,178,267,445,1328
11091,922,900,894,156,261,417,1339
11092,895,889,889,150,261,411,1306
11093,883,883,889,150,267,417,1300
11094,883,883,878,150,262,412,1295
11095,884,884,883,150,261,411,1295
11096,889,883,889,144,267,411,1300
11097,844,889,889,189,267,456,1300
11098,911,906,900,184,261,445,1356
11099,911,911,911,184,261,445,1356
11100,934,916,922,166,267,433,1367
11101,916,928,928,178,267,445,1361
11102,934,939,933,183,261,444,1378
11103,939,939,945,183,267,450,1389
11104,966,939,938,156,266,422,1388
11105,922,944,939,178,261,439,1361
11106,962,939,939,155,261,416,1378
11107,933,933,939,155,267,422,1355
11108,950,939,939,144,267,411,1361
11109,900,934,933,178,266,444,1344
11110,955,927,928,150,267,417,1372
11111,923,923,922,150,266,416,1339
11112,905,927,928,172,267,439,1344
11113,922,928,922,178,261,439,1361
11114,950,922,923,150,262,412,1362
11115,884,912,922,178,272,450,1334
11116,922,916,911,172,267,439,1361
11117,900,911,911,183,267,450,1350
11118,933,900,894,150,261,411,1344
11119,867,889,895,172,267,439,1306
11120,850.5,880.5,884,145,266,411,1295
11121,834,872,873,183,267,450,1284
11122,922,878,877,139,266,405,1327
11123,861,866,867,144,267,411,1272
11124,872,873,872,145,266,411,1283
11125,850,877,878,172,267,439,1289
11126,917,889,889,144,267,411,1328
11127,861,900,900,183,267,450,1311
11128,917,911,911,177,267,444,1361
11129,916,923,922,184,266,450,1366
11130,945,939,939,178,266,444,1389
11131,928,933,934,183,267,450,1378
11132,922,922,922,183,267,450,1372
11133,922,928,922,189,261,450,1372
11134,928,922,928,183,267,450,1378
11135,939,928,928,172,267,439,1378
11136,927,933,933,178,267,445,1372
11137,928,928,928,178,267,445,1373
11138,950,922,916,150,261,411,1361
11139,900,922,928,172,267,439,1339
11140,934,917,917,155,267,422,1356
11141,911,911,905,155,261,416,1327
11142,866,889,889,178,261,439,1305
11143,867,867,867,178,261,439,1306
11144,883,850,855,145,266,411,1294
11145,828,861,862,178,267,445,1273
11146,895,867,861,150,261,411,1306
11147,844,872,877,178,266,444,1288
11148,889,883,884,172,267,439,1328
11149,905,911,911,178,267,445,1350
11150,945,917,917,150,267,417,1362
11151,922,950,955,178,272,450,1372
11152,933,933,928,178,267,445,1378
11153,923,922,917,177,262,439,1362
11154,927,928,933,178,267,445,1372
11155,934,934,933,178,266,444,1378
11156,944,944,945,178,267,445,1389
11157,967,939,939,150,267,417,1384
11158,944,939,938,145,266,411,1355
11159,889,928,923,184,261,445,1334
11160,945,938,944,177,267,444,1389
11161,933,934,933,178,266,444,1377
11162,939,939,939,178,266,444,1383
11163,955,933,928,156,261,417,1372
11164,934,933,939,155,267,422,1356
11165,900,923,922,178,266,444,1344
11166,864,927,928,178,267,447,1372
11167,828,917,922,178,272,450,1278
11168,928,928,922,178,266,444,1372
11169,956,928,923,150,261,411,1367
11170,922,922,922,150,261,411,1333
11171,928,933,939,155,267,422,1350
11172,922,939,939,172,267,439,1361
11173,944,950,950,178,267,445,1389
11174,939,944,950,183,273,456,1395
11175,950,950,944,183,267,450,1400
11176,983,956,956,156,267,423,1406
11177,923,950,944,183,261,444,1367
11178,950,944,950,177,267,444,1394
11179,950,956,956,183,267,450,1400
11180,955,950,944,178,261,439,1394
11181,967,933,939,144,267,411,1378
11182,911,950,950,183,267,450,1361
11183,950,945,939,178,261,439,1389
11184,928,933,933,183,261,444,1372
11185,939,933,934,177,262,439,1378
11186,961,934,938,150,266,416,1377
11187,900,933,934,183,267,450,1350
11188,922,922,916,183,261,444,1366
11189,933,928,934,178,267,445,1378
11190,950,922,916,150,261,411,1361
11191,917,923,928,156,266,422,1339
11192,889,905,906,172,267,439,1328
11193,894,906,900,184,261,445,1339
11194,939,894,900,139,267,406,1345
11195,884,895,894,150,266,416,1300
11196,872,900,900,178,266,444,1316
11197,944,916,917,150,267,417,1361
11198,817,934,933,161,266,428,1350
11199,886,955,956,172,267,439,1377.5
11200,955,967,966,184,266,450,1405
11201,973,972,973,183,267,450,1423
11202,966,944,939,161,262,423,1389
11203,917,934,938,178,266,444,1361
11204,939,939,939,178,266,444,1383
11205,939,939,939,178,266,444,1383
11206,900,933,928,211,261,472,1372
11207,955,928,933,184,266,450,1405
11208,961,927,928,150,267,417,1378
11209,895,923,922,178,266,444,1339
11210,922,916,917,172,267,439,1361
11211,911,917,917,178,267,445,1356
11212,939,917,916,156,266,422,1361
11213,895,911,911,172,266,438,1333
11214,894,905,906,183,267,450,1344
11215,922,884,883,145,266,411,1333
11216,884,883,884,144,267,411,1295
11217,877,878,877,145,266,411,1288
11218,878,878,878,145,266,411,1289
11219,872,872,872,145,266,411,1283
11220,856,889,889,178,266,444,1300
11221,894,894,895,178,267,445,1339
11222,923,917,916,172,266,438,1361
11223,955,928,928,145,266,411,1366
11224,900,933,928,178,261,439,1339
11225,983,950,956,145,267,412,1395
11226,928,955,955,172,267,439,1367
11227,978,950,950,144,267,411,1389
11228,928,956,956,172,267,439,1367
11229,939,944,944,177,267,444,1383
11230,944,939,939,172,267,439,1383
11231,933,939,939,178,267,445,1378
11232,939,928,928,167,267,434,1373
11233,939,933,933,161,267,428,1367
11234,939,928,928,150,267,417,1356
11235,922,922,928,150,273,423,1345
11236,789,928,922,147,267,414,1345
11237,850,911,905,144,261,405,1333.5
11238,911,911,917,144,267,411,1322
11239,878,911,911,177,267,444,1322
11240,939,906,906,144,267,411,1350
11241,905,911,905,150,261,411,1316
11242,883,911,917,178,267,445,1328
11243,923,917,917,172,267,439,1362
11244,922,922,916,172,261,433,1355
11245,955,928,934,145,267,412,1367
11246,906,939,933,178,261,439,1345
11247,967,933,939,144,267,411,1378
11248,916,945,950,173,272,445,1361
11249,939,944,939,178,267,445,1384
11250,945,939,822,172,267,447.5,1267
11251,939,950,877.5,183,267,450,1389
11252,933,933,933,183,267,450,1383
11253,961,928,817,150,267,447,1267
11254,906,933,867,177,267,444,1350
11255,950,917,917,144,267,411,1361
11256,916,922,872,150,267,411.5,1283
11257,922,917,967,145,267,412,1334
11258,906,905,911,144,273,417,1323
11259,900,900,894,144,267,411,1311
11260,861,895,895,178,267,445,1306
11261,911,883,883,150,267,417,1328
11262,878,872,872,144,267,411,1289
11263,878,873,872,139,266,405,1283
11264,833,872,873,178,267,445,1278
11265,861,861,872,178,278,456,1317
11266,861,861,924.5,178,272,433.5,1184
11267,889,856,977,145,266,411,1300
11268,845,844,850,144,272,416,1261
11269,832.5,833,828,144.5,267,411.5,1244
11270,839.5,834,839,139,272,411,1250.5
11271,794,828,822,173,266,439,1233
11272,834,838,839,177,267,444,1278
11273,847,845,850,175,272,447,1294
11274,875,878,900,178,269.5,472,1347
11275,900,894,867,172,267,439,1339
11276,905,906,919.5,173,280.5,453.5,1358.5
11277,895,905,891.5,183,267,450,1345
11278,900,900,900,183,267,450,1350
11279,950,911,911,144,267,411,1361
11280,883,911,911,172,267,439,1322
11281,934,912,911,150,266,416,1350
11282,894,922,922,178,266,444,1338
11283,950,922,923,150,267,417,1367
11284,922,917,916,145,266,411,1333
11285,884,916,923,177,273,450,1334
11286,938,911,905,150,267,417,1355
11287,928,928,928,150,267,417,1345
11288,917,939,939,172,267,439,1356
11289,933,939,939,178,267,445,1378
11290,934,939,939,183,267,450,1384
11291,961,955,955,177,267,444,1405
11292,955,950,950,172,267,439,1394
11293,950,956,956,178,267,445,1395
11294,961,956,955,173,266,439,1400
11295,973,961,917,161,266.5,383,1356
11296,950,966,861.5,177,267,444,1394
11297,977,950,806,150,267,433,1250
11298,956,961,845,155,267,422,1378
11299,928,956,884,183,267,378,1306
11300,944,944,914.5,183,267,450,1394
11301,961,950,945,172,262,434,1395
11302,961,945,944,156,261,417,1378
11303,928,950,950,178,261,439,1367
11304,945,944,944,177,261,438,1383
11305,961,939,934,155,256,411,1372
11306,900,928,939,183,267,450,1350
11307,966,933,927.5,150,261.5,411.5,1377.5
11308,928,928,933.5,150,267,417,1345
11309,906,933,933,177,267,444,1350
11310,911,917,911,183,261,444,1355
11311,933,922,922,172,261,433,1366
11312,939,917,895,150,261,389,1328
11313,883,917,939,184,261,445,1328
11314,928,894,900,150,267,417,1345
11315,900,895,894,145,266,411,1311
11316,895,894,889,144,261,405,1300
11317,900,900,900,144,261,405,1305
11318,900,906,906,150,261,411,1311
11319,897,894,894,147,261,408,1305
11320,897,894,895,144,262,406,1303
11321,889,889,877,144,250,394,1283
11322,861,889,783,172,255.5,400,1305.5
11323,922,895,830.5,145,261,406,1328
11324,884,889,878,150,250,400,1284
11325,885.5,883,894,147.5,261,408.5,1294
11326,841.5,878,878,184,261,445,1286.5
11327,889,877,878,172,262,434,1323
11328,867,867,872,172,267,439,1306
11329,850,861,858.5,183,264.5,447.5,1297.5
11330,833,850,785.5,200,262.75,400,1233
11331,895,834,895,139,261,400,1295
11332,844,844,855,139,272,411,1255
11333,795,839,845,183,278,461,1256
11334,866,844,833,161,267,428,1294
11335,828,850,872,183,264,472,1300
11336,883,873,845,173,261,434,1317
11337,861,877,883,189,267,456,1317
11338,884,884,878,189,261,450,1334
11339,855,872,872,206,261,467,1322
11340,917,894,911,183,278,461,1378
11341,856,895,883,183,266,452.5,1344
11342,933,894,889,183,261,444,1377
11343,900,900,906,183,267,450,1350
11344,917,917,911,183,261,444,1361
11345,872,911,917,177.5,267,438.5,1361
11346,961,911,905,172,261,433,1394
11347,911,922,925,183,264,447,1358
11348,894,928,925,217,261,478,1372
11349,945,928,934,200,267,467,1412
11350,955,933,927,178,261,439,1394
11351,917,922,928,183,267,450,1367
11352,967,934,931,150,264,414,1381
11353,816,933,930,166.5,261,401.25,1344
11354,851,928,872.5,183,261,388.5,1400.5
11355,886,928,983.5,204,261,440.25,1372
11356,922,922,928,174.5,267,423.125,1414
11357,997,917,911,145,261,406,1403
11358,883,922,927,184,266,450,1333
11359,917,911,912,178,267,445,1362
11360,914,917,916,181,266,447,1361
11361,942,922,917,161,261,422,1364
11362,905,928,933,184,266,450,1355
11363,928,927,856,183,266,378,1306
11364,861,923,994,202.5,266,430.5,1372
11365,794,927,922,179,261,423.5,1277
11366,989.5,923,923,155.5,261,416.5,1406
11367,843.5,916,916,134.75,261,396.25,1332.5
11368,848.25,922,923,114,262,376,1412
11369,853,917,916,178,261,439,1292
11370,1006,917,917,178,261,442,1356
11371,822,911,917,178,267,445,1267
11372,911,917,911,184,261,445,1356
11373,911,905,905,178,261,439,1350
11374,911,906,911,173,266,439,1350
11375,900,905,900,178,261,439,1339
11376,895,900,900,183,261,444,1339
11377,867,900,900,216,261,477,1344
11378,938,900,911,178,272,450,1388
11379,900,900,895,178,267,445,1345
11380,856,906,908.5,178,269.5,442,1353.5
11381,950,900,891.5,178,261,439,1389
11382,894,889,900,173,272,445,1339
11383,889,894,883,178,261,439,1328
11384,891.5,889,889,175.5,261,436.5,1328
11385,886.5,889,917,178,266.5,467,1353.5
11386,883,889,872,184,272,456,1339
11387,839,878,883,128,277,397.5,1339
11388,797.5,877,867,150,267,415.25,1367
11389,756,856,850,172,261,433,1189
11390,889,839,828,122,250,372,1261
11391,794,822,833,150,261,411,1205
11392,881,806,806,112.5,261,379.5,1217
11393,788,788,800,136.75,273,401.25,1177
11394,799.5,800,789,161,262,423,1205.5
11395,811,800,811,150,273,423,1234
11396,773,806,827,183,270,477,1250
11397,849.5,833,806,166.5,267,433.5,1283
11398,844.5,861,856,183,262,445,1289.5
11399,983,878,883,186,267,453,1328
11400,778,889,894,189,272,461,1239
11401,906,889,884,172,267,439,1345
11402,894,894,905,172,278,450,1344
11403,900,889,889,161,278,439,1339
11404,828,895,878,158,261,430.5,1317
11405,967,894,900,155,267,422,1389
11406,900,900,894,155,261,416,1316
11407,877,895,898,173,264,437,1314
11408,891,889,879.5,172,262.5,455,1315
11409,905,883,861,150,261,411,1316
11410,850,861,862,161,262,423,1273
11411,834,850,850,177,262,439,1273
11412,805,850,850,202,262,466.5,1289
11413,845,850,855,215,267,479.5,1339
11414,861,862,859.5,182.5,264.5,448.25,1353.5
11415,944,866,868.5,150,267,417,1361
11416,822,889,889,217,267,428,1306
11417,956,917,911,178,261,439,1395
11418,822,911,911,164,261,430.5,1350
11419,827.5,917,928,150,272,422,1338.5
11420,833,911,905,191.5,266,461,1327
11421,900,905,906,223.25,267,488.5,1400
11422,878,900,894,203.625,261,469.25,1394
11423,977,906,911,184,266,450,1427
11424,862,900,895,161.5,261,414,1345
11425,983,900,878,139,264,378,1361
11426,889,894,922,144,267,411,1300
11427,855,889,889,178,267,445,1300
11428,900,895,889,173,261,434,1334
11429,895,894,855,172,266.5,394,1289
11430,899.5,900,950,172.5,272,444.5,1344
11431,900.5,906,889,178,255,433,1333.5
11432,928,900,906,150,261,411,1339
11433,900,894,900,144,267,411,1311
11434,897,900,894,147,261,408,1305
11435,897,900,900,150,261,411,1308
11436,911,906,906,145,261,406,1317
11437,872,905,905,178,261,439,1311
11438,917,911,917,172,267,439,1356
11439,925,928,922,175,261,436,1361
11440,958,933,928,150,256,406,1364
11441,895,917,917,172,256,428,1323
11442,916,917,922,173,261,434,1350
11443,906,916,916,183,261,444,1350
11444,950,911,912,144,262,406,1356
11445,861,912,933,195,261.5,478,1339
11446,945,927,905,177,261,438,1383
11447,914,923,928,186,266,452,1366
11448,863,927,895,187.5,263.5,451,1347
11449,978,917,944,189,261,450,1428
11450,922,911,917,178,267,445,1367
11451,839,928,928,200.25,267,464.25,1373
11452,966.5,922,916,211.375,261,473.875,1450
11453,928,928,928,197.688,261,461.938,1411.5
11454,966.5,928,933,184,266,450,1416.5
11455,950,916,900,150,250,400,1350
11456,906,923,939,167,266,433,1339
11457,911,927,922,183,261,444,1355
11458,950,928,928,161,261,422,1372
11459,867,917,922,211,266,477,1344
11460,950,922,923,183,267,450,1400
11461,883,928,922,227.5,261,483,1372
11462,878,922,905,205.75,244,466.5,1394
11463,1005,917,939,184,266,450,1380.5
11464,928,916,917,172,267,439,1367
11465,945,923,900,150,244,394,1339
11466,872,916,939,194,267,461,1333
11467,922,911,911,183,267,450,1372
11468,872,917,878,163.5,283.5,456,1328
11469,995,911,983,144,274.75,444,1439
11470,883,917,883,178,266,444,1327
11471,933,916,912,161,262,423,1356
11472,923,906,900,144,256,400,1323
11473,844,906,916,206,266,472,1316
11474,961,900,900,145,266,411,1372
11475,822,905,878,145,260.5,467,1289
11476,989,906,922,145,255,400,1389
11477,872,911,917,184,261,445,1317
11478,906,905,911,183,267,450,1356
11479,950,911,794,144,272.5,445.75,1244
11480,897.5,917,847,163.5,278,441.5,1339
11481,896.5,911,900,178,267,445,1341.5
11482,878.75,928,922,158.5,261,425.5,1367
11483,861,911,917,139,267,406,1267
11484,975.5,906,905,164,266,431,1311
11485,785.5,905,906,189,267,456,1241.5
11486,934,889,889,144,267,411,1345
11487,805,889,883,144,261,411,1294
11488,967,883,889,144,267,411,1378
11489,805,889,883,144,261,411,1294
11490,956,872,878,144,267,411,1367
11491,839,878,875,183,264,447,1286
11492,897.5,878,881,163.5,267,430.5,1328
11493,830.5,900,900,140,267,406.5,1330.5
11494,870.75,906,905,116.5,266,382.5,1405
11495,911,911,900,116.5,255,371.5,1282.5
11496,816.5,916,928,216,267,410.75,1299.5
11497,961,928,928,183,267,450,1411
11498,844,928,905,205.5,244,472.5,1355
11499,972,933,956,227.75,267,494.75,1394.5
11500,917,939,939,202.875,267,469.375,1434
11501,894.5,945,944,178,266,444,1428
11502,872,950,978,178,266,444,1422
11503,913.5,961,933,178,266,444,1411
11504,955,955,956,178,267,445,1400
11505,973,945,939,150,261,411,1384
11506,922,944,950,172,267,439,1361
11507,933,939,939,178,267,445,1378
11508,939,933,927,172,261,433,1372
11509,845,928,928,175,261,439,1361
11510,1005,928,934,178,267,445,1450
11511,889.5,928,922,216.5,261,477.5,1367
11512,982.5,911,911,145,261,406,1388.5
11513,889,922,922,178,261,439,1328
11514,906,917,917,189,261,450,1356
11515,872,922,922,201.5,261,468,1372
11516,953,928,939,214,272,459,1439
11517,969,939,933,184,266,450,1419
11518,950,950,945,184,261,445,1395
11519,939,933,933,178,261,439,1378
11520,936,939,939,181,261,442,1378
11521,875,944,950,212.5,267,473.5,1392
11522,945,939,933,195.25,261,456.25,1450
11523,994,928,928,178,261,439,1433
11524,889,922,922,211,261,472,1361
11525,944,906,911,173,266,439,1383
11526,917,922,919.5,178,263.5,441.5,1358.5
11527,911,928,925.5,195,261,456,1367
11528,945,927,933,177,267,444,1389
11529,933,934,933,178,266,444,1377
11530,956,922,928,144,272,416,1372
11531,911,917,911,150,266,416,1327
11532,889,922,923,183,267,450,1339
11533,800,894,894,183.5,267,447.5,1344
11534,988,895,889,184,261,445,1433
11535,845,894,928,196.25,261,457.25,1373
11536,935.5,911,877,208.5,261,469.5,1405
11537,881.5,906,912,215.25,267,479.25,1381.5
11538,933,922,922,221.375,267,483.875,1422
11539,922.5,928,922,199.688,261,464.438,1411
11540,960.5,911,917,178,267,445,1405.5
11541,989,883,889,151.5,273,374,1334
11542,814,867,772,125,269.5,382.5,1290.5
11543,856,856,944,125,266,391,1247
11544,827,827,828,125,267,392,1219
11545,823,823,817,125,261,386,1209
11546,747,805,805,183,261,444,1191
11547,828,800,800,155,261,416,1244
11548,738,783,784,200,262,462,1200
11549,806,784,788,178,266,444,1250
11550,842,778,767,161,255,424.5,1211
11551,878,766,772,144,261,405,1283
11552,778,772,773,138,262,400,1178
11553,805.5,767,761,211,256,467,1161
11554,833,761,766,139,261,400,1233
11555,750,755.5,756,145,261,406,1156
11556,761,747.25,739,134,250,384,1145
11557,728,745.625,750,145,261,406,1145
11558,745,745.312,739,144,256,400,1145
11559,744.5,739.156,744,144.5,255,399.5,1144
11560,739.25,744.578,739,195,261,456,1138.5
11561,734,741.789,750,211,261,472,1206
11562,805,742.895,750,145,255,400,1205
11563,745,746.447,750,144,261,405,1150
11564,755,751.224,750,139,261,400,1155
11565,756,758.612,756,139,261,400,1156
11566,767,766,767,138,262,400,1167
11567,777,784,783,145,261,406,1183
11568,806,800,800,139,261,400,1206
11569,794,833,833,178,261,439,1233
11570,884,856,856,150,261,411,1295
11571,844,866,866,172,261,433,1277
11572,872,884,884,184,261,445,1317
11573,911,905,905,178,261,439,1350
11574,912,906,906,172,261,433,1345
11575,966,939,944,145,266,411,1377
11576,922,927,923,150,262,412,1334
11577,917,912,911,145,261,406,1323
11578,911,916,916,150,261,411,1322
11579,917,911,917,144,267,411,1328
11580,917,923,917,150,261,411,1328
11581,911,911,911,150,261,411,1322
11582,894,922,928,178,267,445,1339
11583,945,950,944,183,261,444,1389
11584,966,961,961,178,261,439,1405
11585,967,944,945,155,262,417,1384
11586,928,956,955,183,261,444,1372
11587,977,967,967,173,261,434,1411
11588,984,961,961,150,261,411,1395
11589,939,966,967,177,262,439,1378
11590,966,967,966,178,261,439,1405
11591,1000,967,972,145,266,411,1411
11592,950,955,950,150,261,411,1361
11593,939,973,973,184,261,445,1384
11594,972,966,972,178,267,445,1417
11595,978,972,967,172,262,434,1412
11596,989,962,961,145,261,406,1395
11597,933,961,961,173,261,434,1367
11598,962,961,961,172,261,433,1395
11599,944,950,950,178,261,439,1383
11600,939,939,939,178,261,439,1378
11601,961,955,955,172,261,433,1394
11602,950,956,956,178,261,439,1389
11603,950,944,944,172,261,433,1383
11604,933,934,934,173,261,434,1367
11605,967,944,944,150,261,411,1378
11606,906,928,933,172,266,438,1344
11607,950,928,923,150,261,411,1361
11608,894,922,922,178,261,439,1333
11609,922,928,928,184,261,445,1367
11610,939,933,939,178,267,445,1384
11611,928,933,927,183,261,444,1372
11612,944,945,945,184,261,445,1389
11613,939,939,939,184,261,445,1384
11614,939,933,939,178,267,445,1384
11615,933,928,922,173,261,434,1367
11616,956,927,933,144,267,411,1367
11617,878,906,900,172,261,433,1311
11618,894,900,900,178,261,439,1333
11619,911,878,878,145,261,406,1317
11620,861,894,900,178,267,445,1306
11621,962,928,928,144,267,411,1373
11622,916,950,950,178,267,445,1361
11623,939,939,933,178,261,439,1378
11624,933,939,944,184,266,450,1383
11625,956,955,950,183,261,444,1400
11626,967,956,956,172,261,433,1400
11627,883,944,950,177.5,267,439,1383
11628,1011,961,956,183,262,445,1391.5
11629,989,956,955,150,261,411,1400
11630,922,944,945,172,262,434,1356
11631,939,945,944,178,261,439,1378
11632,950,944,950,172,267,439,1389
11633,961,939,933,150,261,411,1372
11634,950,950,950,150,261,411,1361
11635,917,950,956,183,267,450,1367
11636,955,950,944,178,261,439,1394
11637,950,922,923,150,262,412,1362
11638,923,912,911,139,261,400,1323
11639,894,905,905,150,261,411,1305
11640,900,895,900,145,266,411,1311
11641,917,911,906,139,261,400,1317
11642,900,939,944,178,266,444,1344
11643,1000,966,961,144,261,405,1405
11644,933,956,961,167,266,433,1366
11645,978,955,950,144,261,405,1383
11646,933,967,967,178,261,439,1372
11647,972,944,945,150,262,412,1384
11648,945,950,950,155,262,417,1362
11649,933,950,955,172,267,439,1372
11650,956,962,956,178,261,439,1395
11651,955,955,955,178,261,439,1394
11652,950,950,956,178,267,445,1395
11653,956,956,950,178,261,439,1395
11654,944,944,944,178,261,439,1383
11655,973,939,939,144,261,405,1378
11656,916,950,950,178,261,439,1355
11657,945,944,950,177,267,444,1389
11658,972,939,939,144,267,411,1383
11659,905,939,933,178,261,439,1344
11660,923,928,928,183,261,444,1367
11661,944,933,933,172,261,433,1377
11662,950,934,934,156,261,417,1367
11663,906,927,933,177,267,444,1350
11664,939,945,939,183,261,444,1383
11665,927,928,928,184,261,445,1372
11666,956,922,928,150,267,417,1373
11667,767,928,922,150,261,414,1339
11668,828,922,922,150,261,411,1333.5
11669,889,911,917,172,267,439,1328
11670,928,900,894,144,261,405,1333
11671,900,894,895,138,262,400,1300
11672,872,906,905,172,261,433,1305
11673,944,917,917,145,261,406,1350
11674,895,927,928,177,262,439,1334
11675,950,945,950,172,267,439,1389
11676,944,955,950,183,262,445,1389
11677,967,962,966,178,266,444,1411
11678,972,950,945,156,261,417,1389
11679,917,938,944,177,267,444,1361
11680,950,956,950,183,261,444,1394
11681,989,956,961,150,266,416,1405
11682,922,950,950,178,266,444,1366
11683,950,950,945,178,261,439,1389
11684,978,950,950,150,261,411,1389
11685,944,944,944,150,261,411,1355
11686,922,928,928,156,261,417,1339
11687,917,939,939,178,261,439,1356
11688,939,944,944,183,261,444,1383
11689,961,933,934,155,262,417,1378
11690,933,928,927,150,261,411,1344
11691,934,939,939,155,261,416,1350
11692,905,928,928,178,261,439,1344
11693,928,928,928,178,261,439,1367
11694,944,916,916,150,261,411,1355
11695,947,916.5,919.5,183,261,444,1361
11696,950,917,923,150,267,417,1367
11697,883,917,911,184,261,445,1328
11698,950,916,922,150,267,417,1367
11699,884,911,911,177,267,444,1328
11700,905,906,906,178,267,445,1350
11701,911,911,911,178,267,445,1356
11702,906,911,905,183,261,444,1350
11703,916,911,917,178,267,445,1361
11704,912,911,911,177,267,444,1356
11705,944,911,906,144,262,406,1350
11706,867,900,900,177,262,439,1306
11707,900,900,905,177,267,444,1344
11708,900,900,900,177,267,444,1344
11709,916,912,911,173,266,439,1355
11710,906,922,917,189,261,450,1356
11711,950,939,939,178,261,439,1389
11712,944,944,950,178,267,445,1389
11713,967,972,972,183,267,450,1417
11714,989,978,978,172,267,439,1428
11715,989,967,966,150,266,416,1405
11716,939,966,962,177,262,439,1378
11717,966,967,972,178,267,445,1411
11718,967,961,961,172,267,439,1406
11719,967,945,939,150,261,411,1378
11720,905,933,933,178,261,439,1344
11721,945,917,917,150,261,411,1356
11722,905,905,911,150,267,417,1322
11723,895,889,883,144,261,405,1300
11724,861,889,889,172,261,433,1294
11725,905,872,878,139,267,406,1311
11726,878,878,872,139,261,400,1278
11727,878,878,883,139,266,405,1283
11728,855,894,889,178,261,439,1294
11729,912,911,911,177,261,438,1350
11730,950,911,917,138,267,405,1355
11731,894,928,928,172,267,439,1333
11732,939,945,944,178,266,444,1383
11733,939,944,939,183,261,444,1383
11734,966,933,934,150,262,412,1378
11735,895,923,927,178,266,444,1339
11736,944,944,945,178,267,445,1389
11737,961,945,939,162,261,423,1384
11738,939,950,955,173,266,439,1378
11739,967,944,939,150,261,411,1378
11740,917,944,950,177,267,444,1361
11741,983,956,950,150,261,411,1394
11742,939,944,950,155,267,422,1361
11743,950,945,939,150,261,411,1361
11744,922,950,956,178,267,445,1367
11745,933,933,933,178,267,445,1378
11746,945,917,911,150,261,411,1356
11747,911,905,911,144,267,411,1322
11748,900,900,900,144,267,411,1311
11749,900,900,900,144,267,411,1311
11750,906,912,906,150,261,411,1317
11751,877,911,916,184,266,450,1327
11752,928,922,923,178,267,445,1373
11753,850,933,933,175.5,267,439.5,1378
11754,889,934,928,173,261,434,1378
11755,928,938,944,183,267,450,1378
11756,945,939,933,177,261,438,1383
11757,961,934,939,150,266,416,1377
11758,933,927,928,144,267,411,1344
11759,906,939,939,177,267,444,1350
11760,944,945,944,178,266,444,1388
11761,956,933,928,155,261,416,1372
11762,905,933,934,183,262,445,1350
11763,939,934,933,178,261,439,1378
11764,961,939,939,156,261,417,1378
11765,939,927,928,144,262,406,1345
11766,894,934,933,184,261,445,1339
11767,928,928,928,184,261,445,1373
11768,961,938,939,161,262,423,1384
11769,923,934,933,172,261,433,1356
11770,966,944,944,150,261,411,1377
11771,917,934,939,167,266,433,1350
11772,928,933,934,172,267,439,1367
11773,944,917,916,145,266,411,1355
11774,906,944,939,183,261,444,1350
11775,883,939,939,183.5,261,444.5,1383
11776,983,928,928,184,261,445,1428
11777,961,922,928,145,267,412,1373
11778,900,933,927,178,261,439,1339
11779,934,928,934,172,267,439,1373
11780,922,928,922,178,261,439,1361
11781,922,928,928,184,261,445,1367
11782,928,922,927,178,266,444,1372
11783,961,939,939,156,266,422,1383
11784,917,927,923,166,262,428,1345
11785,933,945,950,178,267,445,1378
11786,945,944,938,177,261,438,1383
11787,938,939,945,178,267,445,1383
11788,950,950,950,178,267,445,1395
11789,884,956,955,244.5,266,511.5,1400
11790,900,961,962,211.25,267,477.75,1472
11791,939,967,966,178,266,444,1444
11792,978,972,972,172,266,438,1416
11793,983,966,962,155,262,417,1400
11794,961,962,961,156,261,417,1378
11795,928,950,950,178,261,439,1367
11796,955,950,950,173,261,434,1389
11797,956,950,950,167,261,428,1384
11798,944,927,933,150,267,417,1361
11799,906,906,906,150,267,417,1323
11800,867,855,850,138,262,400,1267
11801,838,845,844,145,261,406,1244
11802,823,817,817,139,261,400,1223
11803,805,805,800,139,256,395,1200
11804,789,806,811,156,261,417,1206
11805,802.5,794,783,147.5,250,397.5,1200
11806,747.5,783,789,183,256,439,1186.5
11807,789,789,789,183,256,439,1228
11808,853,784,805,180,277,439,1244
11809,917,777,762,177,262,439,1356
11810,836.5,778,766,212,250,473.5,1205
11811,756,775,767,175.5,261,439.75,1264
11812,880,772,778,139,267,406,1286
11813,887.5,761,783.5,116.5,261.5,456,1265.5
11814,895,761,789,119.25,256,422.5,1245
11815,811.5,755.5,761,122,267,389,1186.5
11816,728,755.75,739,144,256,400,1170.75
11817,755,749.875,755,145,255,400,1155
11818,745,741.938,750,144,261,405,1150
11819,739,739.969,744.5,139,261,400,1139
11820,739,739.484,739,211,262,473,1139
11821,739,733.742,738,211,261,472,1211
11822,795,730.871,733,144,261,405,1200
11823,803,729.436,730.5,217,261,478,1203
11824,811,728.218,731.75,134,261,395,1206
11825,805.5,731.109,726.875,205,267,472,1200
11826,800,729.554,732.938,139,255,394,1194
11827,769.5,733.777,739,206,266,472,1200
11828,739,736.389,741.5,205,262,467,1206
11829,805,746.194,744,139,267,406,1211
11830,756,759.097,750,139,261,400,1156
11831,772,772,772,139,261,400,1172
11832,789,778,784,128,267,395,1184
11833,778,794,788,144,261,405,1183
11834,828,828,828,144,261,405,1233
11835,833,833,839,144,267,411,1244
11836,861,867,861,150,261,411,1272
11837,867,872,872,155,261,416,1283
11838,905,900,900,150,261,411,1316
11839,934,928,934,144,267,411,1345
11840,933,939,933,150,261,411,1344
11841,917,911,911,144,261,405,1322
11842,927,928,934,145,267,412,1339
11843,923,928,927,150,266,416,1339
11844,916,911,911,145,266,411,1327
11845,934,933,928,144,261,405,1339
11846,916,917,922,145,266,411,1327
11847,923,922,917,144,261,405,1328
11848,922,928,928,150,261,411,1333
11849,939,939,944,150,266,416,1355
11850,933,933,928,150,261,411,1344
11851,922,922,922,150,261,411,1333
11852,917,911,917,144,267,411,1328
11853,917,917,917,144,267,411,1328
11854,894,900,894,150,261,411,1305
11855,911,911,911,150,261,411,1322
11856,911,906,911,145,266,411,1322
11857,906,911,911,150,266,416,1322
11858,922,916,912,144,262,406,1328
11859,911,917,916,150,261,411,1322
11860,939,939,939,150,261,411,1350
11861,928,933,933,155,261,416,1344
11862,928,923,923,150,261,411,1339
11863,927,922,922,145,261,406,1333
11864,906,911,911,150,261,411,1317
11865,911,911,917,150,267,417,1328
11866,894,917,916,173,266,439,1333
11867,956,933,928,150,261,411,1367
11868,906,928,928,172,261,433,1339
11869,938,922,922,156,261,417,1355
11870,917,939,939,178,261,439,1356
11871,945,922,922,155,261,416,1361
11872,922,911,917,144,267,411,1333
11873,905,906,900,145,261,406,1311
11874,895,900,905,150,266,416,1311
11875,900,900,895,150,261,411,1311
11876,900,900,900,150,261,411,1311
11877,894,900,900,156,261,417,1311
11878,911,916,917,161,262,423,1334
11879,923,912,911,150,261,411,1334
11880,916,916,922,150,267,417,1333
11881,911,922,917,161,262,423,1334
11882,895,917,916,183,261,444,1339
11883,922,917,922,178,266,444,1366
11884,928,928,923,178,261,439,1367
11885,939,922,927,161,266,427,1366
11886,939,928,923,150,261,411,1350
11887,922,922,922,150,261,411,1333
11888,911,911,911,150,261,411,1322
11889,894,894,894,150,261,411,1305
11890,900,895,895,145,261,406,1306
11891,873,878,878,150,261,411,1284
11892,872,872,877,150,266,416,1288
11893,889,889,884,150,261,411,1300
11894,872,877,878,155,262,417,1289
11895,878,873,872,150,261,411,1289
11896,883,883,883,150,261,411,1294
11897,872,872,872,150,261,411,1283
11898,872,867,873,145,267,412,1284
11899,878,878,877,145,266,411,1289
11900,878,883,878,150,261,411,1289
11901,872,883,889,161,267,428,1300
11902,900,895,889,156,261,417,1317
11903,906,900,900,150,261,411,1317
11904,900,905,905,155,261,416,1316
11905,878,900,900,177,261,438,1316
11906,933,928,928,172,261,433,1366
11907,933,939,939,178,261,439,1372
11908,939,917,922,156,266,422,1361
11909,911,905,900,150,261,411,1322
11910,906,900,900,144,261,405,1311
11911,894,895,900,145,266,411,1305
11912,895,900,895,150,261,411,1306
11913,877,877,878,150,262,412,1289
11914,878,878,877,150,261,411,1289
11915,889,884,884,145,261,406,1295
11916,872,900,905,173,266,439,1311
11917,917,900,895,156,261,417,1334
11918,889,916,916,183,261,444,1333
11919,933,928,928,178,261,439,1372
11920,950,928,933,156,266,422,1372
11921,917,928,923,167,261,428,1345
11922,944,927,922,150,256,406,1350
11923,939,939,944,150,261,411,1350
11924,911,934,934,173,261,434,1345
11925,950,927,927,150,261,411,1361
11926,917,917,917,150,261,411,1328
11927,928,928,928,150,261,411,1339
11928,922,922,928,150,267,417,1339
11929,889,917,905,178,255,433,1322
11930,933,905,911,150,261,411,1344
11931,895,922,923,177,262,439,1334
11932,939,912,916,150,266,416,1355
11933,894,916,911,172,261,433,1327
11934,922,900,900,150,261,411,1333
11935,889,911,911,172,261,433,1322
11936,928,906,906,150,261,411,1339
11937,894,900,900,156,261,417,1311
11938,900,894,894,150,261,411,1311
11939,873,906,906,183,261,444,1317
11940,916,917,922,184,266,450,1366
11941,956,927,928,155,267,422,1378
11942,911,911,906,155,262,417,1328
11943,905,934,933,184,261,445,1350
11944,945,928,928,167,261,428,1373
11945,928,916,916,155,261,416,1344
11946,905,911,911,161,261,422,1327
11947,917,911,912,155,262,417,1334
11948,911,906,905,150,261,411,1322
11949,894,894,900,150,267,417,1311
11950,889,889,883,150,261,411,1300
11951,889,889,889,150,261,411,1300
11952,878,878,878,150,261,411,1289
11953,878,878,883,150,266,416,1294
11954,878,878,873,150,261,411,1289
11955,855,883,883,178,261,439,1294
11956,900,872,872,150,261,411,1311
11957,861,861,861,150,261,411,1272
11958,861,861,861,150,261,411,1272
11959,873,861,862,138,262,400,1273
11960,866,878,877,150,261,411,1277
11961,878,884,884,156,261,417,1295
11962,878,872,872,150,261,411,1289
11963,866,889,894,173,266,439,1305
11964,917,894,895,150,267,417,1334
11965,895,895,889,150,261,411,1306
11966,888,916,916,178,261,439,1327
11967,939,922,923,161,262,423,1362
11968,923,917,916,155,261,416,1339
11969,916,911,911,150,261,411,1327
11970,895,917,917,172,261,433,1328
11971,944,928,928,156,261,417,1361
11972,928,922,928,150,267,417,1345
11973,900,900,894,150,261,411,1311
11974,894,889,889,145,261,406,1300
11975,895,900,900,150,261,411,1306
11976,889,889,889,150,261,411,1300
11977,861,883,883,172,261,433,1294
11978,894,872,872,150,261,411,1305
11979,878,872,873,144,262,406,1284
11980,850,884,883,178,261,439,1289
11981,894,889,889,173,261,434,1328
11982,906,877,878,144,262,406,1312
11983,878,884,883,150,261,411,1289
11984,905,905,911,150,267,417,1322
11985,900,906,903,156,264,420,1320
11986,894.5,908.5,907.5,150,261,411,1321.5
11987,889,911,912,172,262,434,1323
11988,939,917,922,150,267,417,1356
11989,895,922,916,177,261,438,1333
11990,933,906,906,150,261,411,1344
11991,894,894,894,150,261,411,1305
11992,884,884,884,150,261,411,1295
11993,872,872,872,150,261,411,1283
11994,861,861,856,150,256,406,1267
11995,856,850,855,144,261,405,1261
11996,838,839,845,145,267,412,1250
11997,845,850,844,150,261,411,1256
11998,861,861,867,150,267,417,1278
11999,861,883,883,172,267,439,1300
12000,917,928,922,183,261,444,1361
12001,872,939,945,183.5,267,444.5,1389
12002,994,928,922,184,261,445,1439
12003,934,933,933,183,261,444,1378
12004,944,945,945,184,261,445,1389
12005,967,955,961,172,267,439,1406
12006,972,950,944,150,261,411,1383
12007,956,950,950,144,261,405,1361
12008,939,945,945,150,261,411,1350
12009,905,933,933,178,261,439,1344
12010,972,944,944,150,261,411,1383
12011,934,939,939,155,261,416,1350
12012,927,928,928,156,261,417,1344
12013,923,917,911,150,255,405,1328
12014,927,922,934,145,267,412,1339
12015,912,917,916,150,266,416,1328
12016,911,911,906,150,261,411,1322
12017,911,911,911,150,261,411,1322
12018,905,905,911,150,267,417,1322
12019,873,906,900,183,261,444,1317
12020,916,883,883,150,261,411,1327
12021,884,889,884,155,256,411,1295
12022,888,883,889,150,262,412,1300
12023,884,878,877,144,261,405,1289
12024,883,889,895,150,267,417,1300
12025,878,900,900,172,267,439,1317
12026,905,911,905,178,261,439,1344
12027,900,900,900,178,261,439,1339
12028,934,906,911,150,266,416,1350
12029,911,916,912,155,262,417,1328
12030,911,912,911,156,261,417,1328
12031,911,916,922,161,267,428,1339
12032,889,906,900,178,261,439,1328
12033,928,905,911,155,267,422,1350
12034,916,911,906,150,262,412,1328
12035,878,906,911,178,267,445,1323
12036,922,900,900,156,267,423,1345
12037,917,906,905,145,266,411,1328
12038,883,916,911,178,261,439,1322
12039,934,906,906,150,261,411,1345
12040,905,905,905,150,261,411,1316
12041,906,906,906,150,261,411,1317
12042,889,922,922,183,261,444,1333
12043,933,911,917,161,267,428,1361
12044,911,895,889,145,261,406,1317
12045,895,900,900,150,261,411,1306
12046,883,883,883,150,261,411,1294
12047,872,872,878,150,267,417,1289
12048,845,872,867,177,262,439,1284
12049,916,889,894,150,267,417,1333
12050,861,889,883,178,261,439,1300
12051,895,884,889,167,266,433,1328
12052,889,894,895,172,267,439,1328
12053,894,900,900,178,267,445,1339
12054,911,906,900,173,261,434,1345
12055,911,894,894,156,261,417,1328
12056,889,906,906,173,261,434,1323
12057,917,900,900,156,261,417,1334
12058,894,894,900,156,267,423,1317
12059,878,906,900,184,261,445,1323
12060,911,900,900,173,261,434,1345
12061,928,916,916,161,261,422,1350
12062,889,900,900,172,261,433,1322
12063,939,917,917,150,261,411,1350
12064,894,900,900,156,261,417,1311
12065,895,894,894,155,261,416,1311
12066,866,884,884,173,261,434,1300
12067,917,894,900,150,267,417,1334
12068,883,895,889,162,261,423,1306
12069,889,883,883,156,261,417,1306
12070,856,883,883,183,261,444,1300
12071,900,895,895,178,261,439,1339
12072,911,889,889,156,261,417,1328
12073,883,883,883,156,261,417,1300
12074,845,867,867,178,261,439,1284
12075,878,877,877,177,261,438,1316
12076,900,867,867,144,261,405,1305
12077,866,872,878,150,267,417,1283
12078,878,878,878,150,267,417,1295
12079,867,867,861,150,261,411,1278
12080,861,861,861,150,261,411,1272
12081,872,872,878,150,267,417,1289
12082,856,889,883,183,261,444,1300
12083,888,889,889,184,261,445,1333
12084,912,905,911,177,267,444,1356
12085,905,906,906,178,267,445,1350
12086,922,900,894,156,261,417,1339
12087,906,905,906,155,262,417,1323
12088,917,912,916,150,266,416,1333
12089,900,911,906,161,261,422,1322
12090,911,905,905,155,261,416,1327
12091,922,917,917,150,261,411,1333
12092,917,917,917,150,261,411,1328
12093,883,905,905,172,261,433,1316
12094,922,900,900,150,261,411,1333
12095,889,917,917,178,261,439,1328
12096,928,916,917,166,262,428,1356
12097,911,912,911,167,261,428,1339
12098,928,905,905,144,261,405,1333
12099,911,922,922,155,261,416,1327
12100,905,917,917,167,261,428,1333
12101,906,911,911,172,261,433,1339
12102,905,911,911,178,261,439,1344
12103,917,917,923,178,267,445,1362
12104,939,917,911,156,261,417,1356
12105,900,905,905,161,261,422,1322
12106,894,911,911,178,261,439,1333
12107,928,906,906,156,261,417,1345
12108,878,905,905,183,261,444,1322
12109,906,895,895,172,261,433,1339
12110,894,905,905,183,261,444,1338
12111,922,923,923,184,261,445,1367
12112,834,927,933,173,267,436.5,1378
12113,867,923,922,162,266,428,1358.5
12114,900,916,911,178,261,439,1339
12115,928,934,939,184,266,450,1378
12116,956,938,934,166,262,428,1384
12117,928,928,927,166,261,427,1355
12118,933,917,917,150,261,411,1344
12119,944,944,944,150,261,411,1355
12120,923,945,950,172,266,438,1361
12121,944,928,923,156,261,417,1361
12122,917,916,916,155,261,416,1333
12123,933,928,934,150,267,417,1350
12124,933,933,933,150,267,417,1350
12125,895,923,917,178,261,439,1334
12126,944,911,916,145,266,411,1355
12127,884,916,911,177,261,438,1322
12128,938,911,912,150,262,412,1350
12129,895,900,900,155,262,417,1312
12130,889,900,900,166,262,428,1317
12131,928,912,911,150,261,411,1339
12132,888,911,916,173,266,439,1327
12133,906,911,906,178,261,439,1345
12134,900,905,905,183,261,444,1344
12135,917,911,917,177,267,444,1361
12136,911,912,906,178,261,439,1350
12137,922,894,894,150,261,411,1333
12138,878,900,900,172,261,433,1311
12139,928,906,911,150,266,416,1344
12140,894,894,895,150,267,417,1311
12141,861,889,883,178,261,439,1300
12142,928,900,900,150,261,411,1339
12143,867,872,878,155,267,422,1289
12144,877,872,866,150,261,411,1288
12145,856,878,878,172,261,433,1289
12146,894,872,872,150,261,411,1305
12147,850,856,856,156,261,417,1267
12148,861,855,861,150,267,417,1278
12149,850,878,878,178,267,445,1295
12150,895,889,883,172,261,433,1328
12151,878,883,884,177,262,439,1317
12152,889,889,894,177,267,444,1333
12153,905,906,906,178,267,445,1350
12154,917,911,905,172,261,433,1350
12155,911,894,900,155,267,422,1333
12156,900,895,889,150,261,411,1311
12157,911,911,911,150,261,411,1322
12158,883,911,911,178,261,439,1322
12159,923,895,895,150,261,411,1334
12160,877,900,900,173,261,434,1311
12161,928,911,911,156,261,417,1345
12162,900,900,905,156,266,422,1322
12163,895,894,895,155,267,422,1317
12164,877,900,894,178,261,439,1316
12165,911,906,906,173,261,434,1345
12166,900,905,905,178,261,439,1339
12167,917,889,895,150,267,417,1334
12168,867,895,894,178,266,444,1311
12169,911,911,906,178,261,439,1350
12170,928,905,911,155,267,422,1350
12171,900,900,894,155,261,416,1316
12172,894,900,900,161,261,422,1316
12173,889,906,911,178,266,444,1333
12174,911,911,912,178,267,445,1356
12175,911,900,894,167,261,428,1339
12176,895,900,900,172,261,433,1328
12177,900,905,906,177,262,439,1339
12178,933,906,911,150,267,417,1350
12179,894,906,900,162,261,423,1317
12180,895,888,889,155,262,417,1312
12181,889,889,888,155,261,416,1305
12182,872,900,900,183,261,444,1316
12183,900,895,900,178,266,444,1344
12184,894,894,889,178,261,439,1333
12185,906,906,906,178,261,439,1345
12186,939,911,917,150,267,417,1356
12187,883,911,905,178,261,439,1322
12188,906,906,911,178,266,444,1350
12189,916,916,911,178,261,439,1355
12190,934,928,934,172,267,439,1373
12191,928,933,927,177,261,438,1366
12192,938,917,917,156,261,417,1355
12193,906,922,928,172,267,439,1345
12194,917,928,922,183,261,444,1361
12195,955,933,933,161,261,422,1377
12196,911,917,917,167,261,428,1339
12197,817,911,911,158.5,261,419.5,1339
12198,856,911,911,150,261,411,1433
12199,895,906,911,161,266,427,1322
12200,900,894,889,155,261,416,1316
12201,905,900,900,150,261,411,1316
12202,878,906,906,178,261,439,1317
12203,900,900,900,178,261,439,1339
12204,922,900,905,156,266,422,1344
12205,872,894,895,178,267,445,1317
12206,906,906,905,178,266,444,1350
12207,911,911,906,178,261,439,1350
12208,900,900,900,178,261,439,1339
12209,911,894,894,161,261,422,1333
12210,895,906,906,172,261,433,1328
12211,900,905,906,177,262,439,1339
12212,933,912,911,156,261,417,1350
12213,878,894,894,172,261,433,1311
12214,889,894,895,177,262,439,1328
12215,889,895,894,183,261,444,1333
12216,916,900,900,167,261,428,1344
12217,906,894,900,155,267,422,1328
12218,894,889,889,150,267,417,1311
12219,884,911,905,177,261,438,1322
12220,794,911,912,177.5,262,441.5,1350
12221,852.5,906,911,178,267,445,1353
12222,911,917,911,184,261,445,1356
12223,911,905,905,178,261,439,1350
12224,912,906,906,172,261,433,1345
12225,911,889,894,150,266,416,1327
12226,889,889,884,150,261,411,1300
12227,877,877,877,150,261,411,1288
12228,861,889,889,178,261,439,1300
12229,912,889,895,155,267,422,1334
12230,883,900,900,172,267,439,1322
12231,900,883,883,155,267,422,1322
12232,867,895,889,183,261,444,1311
12233,927,900,906,156,267,423,1350
12234,878,900,894,178,261,439,1317
12235,922,894,894,150,261,411,1333
12236,889,889,895,150,267,417,1306
12237,911,906,905,145,266,411,1322
12238,911,922,917,156,261,417,1328
12239,900,900,900,156,261,417,1317
12240,923,917,922,150,266,416,1339
12241,900,905,900,155,261,416,1316
12242,889,906,911,172,266,438,1327
12243,922,922,923,172,267,439,1361
12244,916,911,905,167,261,428,1344
12245,912,922,922,177,261,438,1350
12246,933,906,906,150,261,411,1344
12247,878,889,889,161,261,422,1300
12248,883,872,878,150,267,417,1300
12249,850,878,877,178,266,444,1294
12250,894,872,867,156,261,417,1311
12251,850,878,878,184,261,445,1295
12252,912,878,878,150,261,411,1323
12253,844,872,872,178,261,439,1283
12254,894,894,900,178,267,445,1339
12255,906,900,894,172,261,433,1339
12256,894,895,900,173,266,439,1333
12257,889,894,889,178,261,439,1328
12258,923,922,928,177,267,444,1367
12259,933,906,900,150,261,411,1344
12260,878,905,906,177,262,439,1317
12261,911,912,911,178,261,439,1350
12262,916,916,922,178,267,445,1361
12263,923,906,900,161,261,422,1345
12264,911,900,905,150,266,416,1327
12265,894,916,912,172,262,434,1328
12266,928,912,916,156,266,422,1350
12267,906,900,900,150,266,416,1322
12268,900,900,900,150,266,416,1316
12269,888,894,884,156,256,412,1300
12270,873,889,894,172,261,433,1306
12271,889,889,889,172,261,433,1322
12272,900,878,883,150,266,416,1316
12273,877,883,878,156,261,417,1294
12274,889,883,883,150,261,411,1300
12275,886.5,886,889,167,261,428,1311.5
12276,884,889,895,172,267,439,1323
12277,877,878,877,173,266,439,1316
12278,928,905,900,150,261,411,1339
12279,878,906,906,178,261,439,1317
12280,917,894,894,155,261,416,1333
12281,883,906,906,178,261,439,1322
12282,917,911,917,172,267,439,1356
12283,905,911,911,178,267,445,1350
12284,911,917,911,184,261,445,1356
12285,928,922,922,178,261,439,1367
12286,956,933,933,155,261,416,1372
12287,911,922,923,166,262,428,1339
12288,911,923,922,178,261,439,1350
12289,955,927,933,150,267,417,1372
12290,912,939,933,177,261,438,1350
12291,938,911,917,150,267,417,1355
12292,912,917,911,155,261,416,1328
12293,900,922,922,177,261,438,1338
12294,950,928,928,155,261,416,1366
12295,900,917,917,172,261,433,1333
12296,905,916,917,183,262,445,1350
12297,922,917,916,178,261,439,1361
12298,923,922,928,177,267,444,1367
12299,933,923,917,167,261,428,1361
12300,922,911,911,156,261,417,1339
12301,750,916,916,164,261,428,1333
12302,836,917,923,172,267,439,1344
12303,922,922,916,172,261,433,1355
12304,911,906,911,167,266,433,1344
12305,900,911,906,178,261,439,1339
12306,928,922,928,172,267,439,1367
12307,911,917,916,178,266,444,1355
12308,917,911,912,172,267,439,1356
12309,933,911,905,150,261,411,1344
12310,889,917,917,178,261,439,1328
12311,922,922,928,178,267,445,1367
12312,922,922,916,178,261,439,1361
12313,906,906,906,178,261,439,1345
12314,928,927,933,177,267,444,1372
12315,933,939,933,183,261,444,1377
12316,950,934,934,167,261,428,1378
12317,917,927,928,177,262,439,1356
12318,922,917,922,172,267,439,1361
12319,928,933,933,177,267,444,1372
12320,944,934,933,167,266,433,1377
12321,933,939,934,173,261,434,1367
12322,939,922,922,156,261,417,1356
12323,884,905,906,177,262,439,1323
12324,922,900,900,155,262,417,1339
12325,900,895,900,150,267,417,1317
12326,883,883,883,150,267,417,1300
12327,884,884,883,150,266,416,1300
12328,900,900,895,150,261,411,1311
12329,861,888,894,177,267,444,1305
12330,900,889,883,166,261,427,1327
12331,900,884,884,150,261,411,1311
12332,855,883,889,178,267,445,1300
12333,900,894,894,172,267,439,1339
12334,884,889,883,177,261,438,1322
12335,883,884,884,178,261,439,1322
12336,911,900,905,167,266,433,1344
12337,928,911,911,150,266,416,1344
12338,883,911,906,178,261,439,1322
12339,895,889,889,172,261,433,1328
12340,900,911,911,183,261,444,1344
12341,916,911,917,178,267,445,1361
12342,922,906,900,162,261,423,1345
12343,906,905,905,161,261,422,1328
12344,911,900,900,150,261,411,1322
12345,889,917,917,178,261,439,1328
12346,928,922,922,172,261,433,1361
12347,911,906,911,167,266,433,1344
12348,928,911,906,150,261,411,1339
12349,883,916,916,183,261,444,1327
12350,928,895,895,150,261,411,1339
12351,878,883,883,155,261,416,1294
12352,866,861,867,150,267,417,1283
12353,867,861,861,144,267,411,1278
12354,805,839,833,178,261,439,1244
12355,839,839,839,178,261,439,1278
12356,873,839,839,144,261,405,1278
12357,850,844,850,138,267,405,1255
12358,844,845,839,139,261,400,1244
12359,844,850,850,145,261,406,1250
12360,850,878,878,173,261,434,1284
12361,889,889,894,173,266,439,1328
12362,895,900,895,178,261,439,1334
12363,894,894,894,178,261,439,1333
12364,906,911,911,183,261,444,1350
12365,922,917,922,178,266,444,1366
12366,944,922,917,156,261,417,1361
12367,912,911,911,155,261,416,1328
12368,911,933,934,177,262,439,1350
12369,927,934,933,184,261,445,1372
12370,939,922,928,167,267,434,1373
12371,923,939,933,183,261,444,1367
12372,961,928,928,150,261,411,1372
12373,911,922,922,161,261,422,1333
12374,900,917,917,178,261,439,1339
12375,939,911,911,150,261,411,1350
12376,911,916,916,155,261,416,1327
12377,911,911,912,155,262,417,1328
12378,911,906,905,150,261,411,1322
12379,894,917,917,173,261,434,1328
12380,906,911,911,178,261,439,1345
12381,911,905,911,172,267,439,1350
12382,939,917,911,150,261,411,1350
12383,900,933,933,183,261,444,1344
12384,878,928,934,177.5,267,438.5,1378
12385,983,922,916,172,261,433,1416
12386,922,928,928,178,261,439,1361
12387,961,945,945,162,261,423,1384
12388,934,927,933,155,267,422,1356
12389,900,917,911,172,261,433,1333
12390,911,917,917,178,261,439,1350
12391,911,911,916,178,266,444,1355
12392,933,911,906,156,261,417,1350
12393,878,894,900,172,267,439,1317
12394,922,900,900,150,267,417,1339
12395,878,906,900,178,261,439,1317
12396,906,905,906,177,262,439,1345
12397,894,895,900,178,267,445,1339
12398,900,900,894,178,261,439,1339
12399,922,917,917,173,261,434,1356
12400,928,927,933,172,267,439,1367
12401,922,911,911,161,267,428,1350
12402,911,906,900,156,261,417,1328
12403,889,911,911,178,261,439,1328
12404,895,889,889,172,261,433,1328
12405,900,883,889,155,267,422,1322
12406,883,884,878,156,261,417,1300
12407,867,894,900,183,267,450,1317
12408,900,900,894,183,261,444,1344
12409,905,900,900,178,261,439,1344
12410,906,895,895,167,261,428,1334
12411,905,911,916,173,266,439,1344
12412,912,916,911,177,261,438,1350
12413,911,911,912,177,262,439,1350
12414,927,906,905,156,261,417,1344
12415,906,906,906,156,261,417,1323
12416,883,905,905,178,261,439,1322
12417,934,906,911,150,266,416,1350
12418,883,900,900,167,266,433,1316
12419,906,911,911,172,266,438,1344
12420,916,922,917,178,261,439,1355
12421,934,928,928,172,261,433,1367
12422,916,922,922,178,261,439,1355
12423,934,906,906,150,261,411,1345
12424,894,922,922,178,261,439,1333
12425,911,911,911,178,261,439,1350
12426,928,905,906,155,262,417,1345
12427,878,900,900,177,262,439,1317
12428,933,912,911,156,261,417,1350
12429,900,911,916,167,266,433,1333
12430,894,905,900,178,261,439,1333
12431,923,900,900,155,261,416,1339
12432,911,906,906,150,261,411,1322
12433,916,916,917,150,262,412,1328
12434,878,906,905,178,261,439,1317
12435,895,894,895,177,262,439,1334
12436,911,912,911,178,261,439,1350
12437,905,900,900,173,261,434,1339
12438,911,905,905,167,261,428,1339
12439,884,895,895,178,261,439,1323
12440,933,911,911,156,261,417,1350
12441,895,911,916,172,266,438,1333
12442,916,900,900,156,266,422,1338
12443,878,900,895,178,261,439,1317
12444,917,922,928,183,267,450,1367
12445,927,922,916,178,261,439,1366
12446,917,906,906,167,261,428,1345
12447,928,905,905,144,261,405,1333
12448,878,911,917,177,267,444,1322
12449,911,906,906,172,267,439,1350
12450,916,900,894,156,261,417,1333
12451,878,900,900,178,261,439,1317
12452,906,906,906,178,261,439,1345
12453,916,911,911,173,261,434,1350
12454,906,894,894,161,261,422,1328
12455,900,889,895,150,267,417,1317
12456,900,900,894,150,261,411,1311
12457,889,900,900,161,261,422,1311
12458,889,894,900,166,267,433,1322
12459,783,900,895,171.5,262,438.5,1328
12460,1006,900,905,177,267,444,1450
12461,905,906,900,178,261,439,1344
12462,917,894,900,155,267,422,1339
12463,900,895,889,150,261,411,1311
12464,878,905,911,177,267,444,1322
12465,916,906,900,167,261,428,1344
12466,895,889,889,161,261,422,1317
12467,889,911,911,183,261,444,1333
12468,911,906,911,178,266,444,1355
12469,905,894,889,167,261,428,1333
12470,895,883,883,155,261,416,1311
12471,866,889,895,178,267,445,1311
12472,900,895,889,173,261,434,1334
12473,873,877,878,177,262,439,1312
12474,866,873,872,184,261,445,1311
12475,906,889,894,167,266,433,1339
12476,900,883,878,150,261,411,1311
12477,850,878,872,178,255,433,1283
12478,878,877,884,177,262,439,1317
12479,883,889,888,183,261,444,1327
12480,911,895,895,167,261,428,1339
12481,883,894,894,178,261,439,1322
12482,912,895,895,161,261,422,1334
12483,900,889,889,150,261,411,1311