b,PPn,RRn,TTn,PR,RT,PT,TPn
4,942,944,944,184,370,554,1496
5,938,936,936,182,370,552,1490
6,954,952,948,180,366,546,1500
7,950,954,958,184,370,554,1504
8,966,964,962,182,368,550,1516
9,946,946,946,182,368,550,1496
10,910,912,910,184,366,550,1460
11,910,910,910,184,366,550,1460
12,910,910,908,184,364,548,1458
13,912,906,910,178,368,546,1458
14,906,908,904,180,364,544,1450
15,928,932,934,184,366,550,1478
16,940,936,936,180,366,546,1486
17,946,944,946,178,368,546,1492
18,944,946,944,180,366,546,1490
19,926,926,928,180,368,548,1474
20,922,924,924,182,368,550,1472
21,932,934,934,184,368,552,1484
22,962,958,958,180,368,548,1510
23,916,922,922,186,368,554,1470
24,918,914,914,182,368,550,1468
25,916,918,918,184,368,552,1468
26,942,938,940,180,370,550,1492
27,934,938,936,184,368,552,1486
28,934,930,930,180,368,548,1482
29,932,934,936,182,370,552,1484
30,950,948,952,180,371,554,1504
31,940,946,944,186,372,558,1498
32,954,954,950,186,368,554,1508
33,946,946,948,186,370,556,1502
34,944,938,938,180,370,550,1494
35,956,956,958,180,372,552,1508
36,958,958,956,180,370,550,1508
37,934,936,932,182,366,548,1482
38,924,922,922,180,366,546,1470
39,918,916,916,178,366,544,1462
40,918,920,920,180,366,546,1464
41,922,922,924,180,368,548,1470
42,918,922,922,184,368,552,1470
43,920,916,916,180,368,548,1468
44,902,904,906,182,370,552,1454
45,922,922,922,182,370,552,1474
46,940,938,938,180,370,550,1490
47,918,922,920,184,368,552,1470
48,916,910,908,178,366,544,1460
49,900,904,906,182,368,550,1450
50,922,918,918,178,368,546,1468
51,922,924,928,180,372,552,1474
52,918,922,920,184,370,554,1472
53,938,936,936,182,370,552,1490
54,954,952,952,180,370,550,1504
55,958,964,964,186,370,556,1514
56,988,980,980,178,370,548,1536
57,926,930,926,182,366,548,1474
58,912,912,914,182,368,550,1462
59,920,916,918,178,370,548,1468
60,908,910,908,180,368,548,1456
61,890,886,884,176,366,542,1432
62,896,898,898,178,366,544,1440
63,916,914,914,176,366,542,1458
64,874,880,876,182,362,544,1418
65,884,884,888,182,366,548,1432
66,902,902,904,182,368,550,1452
67,918,924,920,188,364,552,1470
68,934,930,932,184,366,550,1484
69,910,912,916,186,370,556,1466
70,916,914,910,184,366,550,1466
71,928,926,932,182,372,554,1482
72,922,920,918,180,370,550,1472
73,914,916,910,182,364,546,1460
74,894,894,892,182,362,544,1438
75,872,874,876,184,364,548,1420
76,918,914,920,180,370,550,1468
77,912,916,914,184,368,552,1464
78,912,914,912,186,366,552,1464
79,904,900,902,182,368,550,1454
80,902,900,900,180,368,548,1450
81,910,910,912,180,370,550,1460
82,928,926,924,178,368,546,1474
83,894,898,896,182,366,548,1442
84,878,878,878,182,366,548,1426
85,890,888,888,180,366,546,1436
86,896,896,896,180,366,546,1442
87,898,898,896,180,364,544,1442
88,876,880,880,184,364,548,1424
89,870,866,866,180,364,544,1414
90,884,884,888,180,368,548,1432
91,886,888,886,182,366,548,1434
92,906,906,906,182,366,548,1454
93,890,888,888,180,366,546,1436
94,888,888,890,180,368,548,1436
95,900,898,896,178,366,544,1444
96,892,898,896,184,364,548,1440
97,910,910,910,184,364,548,1458
98,882,882,882,184,364,548,1430
99,854,852,850,182,362,544,1398
100,864,866,866,184,362,546,1410
101,856,856,856,184,362,546,1402
102,842,838,836,180,360,540,1382
103,834,840,840,186,360,546,1380
104,880,878,884,184,366,550,1430
105,898,898,894,184,362,546,1444
106,884,884,886,184,364,548,1432
107,874,876,874,186,362,548,1422
108,874,868,870,180,364,544,1418
109,904,904,904,180,364,544,1448
110,884,886,884,182,362,544,1428
111,860,862,860,184,360,544,1404
112,868,866,870,182,364,546,1414
113,892,890,894,180,368,548,1440
114,902,902,898,180,364,544,1446
115,892,898,896,186,362,548,1440
116,866,862,860,182,360,542,1408
117,866,864,868,180,364,544,1410
118,882,884,884,182,364,546,1428
119,900,902,902,184,364,548,1448
120,894,898,896,188,362,550,1444
121,896,890,892,182,364,546,1442
122,862,862,862,182,364,546,1408
123,878,874,872,178,362,540,1418
124,886,888,890,180,364,544,1430
125,884,888,888,184,364,548,1432
126,884,882,882,182,364,546,1430
127,890,894,894,186,364,550,1440
128,942,938,942,182,368,550,1492
129,928,928,924,182,364,546,1474
130,910,912,908,184,360,544,1454
131,906,904,908,182,364,546,1452
132,926,926,928,182,366,548,1474
133,932,930,928,180,364,544,1476
134,900,900,900,180,364,544,1444
135,874,878,878,184,364,548,1422
136,904,900,898,180,362,542,1446
137,902,908,910,186,364,550,1452
138,908,910,908,188,362,550,1458
139,874,870,868,184,360,544,1418
140,876,872,874,180,362,542,1418
141,912,914,914,182,362,544,1456
142,912,910,912,180,364,544,1456
143,892,894,890,182,360,542,1434
144,888,888,888,182,360,542,1430
145,894,890,896,178,366,544,1438
146,898,906,904,186,364,550,1448
147,912,906,902,180,360,540,1452
148,902,902,906,180,364,544,1446
149,882,884,880,182,360,542,1424
150,904,900,902,178,362,540,1444
151,898,900,900,180,362,542,1440
152,898,900,896,182,358,540,1438
153,884,886,888,184,360,544,1428
154,886,882,886,180,364,544,1430
155,912,914,914,182,364,546,1458
156,910,914,914,186,364,550,1460
157,912,910,908,184,362,546,1458
158,896,896,892,184,358,542,1438
159,896,894,898,182,362,544,1440
160,924,924,928,182,366,548,1472
161,946,948,946,184,364,548,1494
162,918,918,920,184,366,550,1468
163,912,910,908,182,364,546,1458
164,942,944,946,184,366,550,1492
165,934,934,934,184,366,550,1484
166,932,930,926,182,362,544,1476
167,912,908,910,178,364,542,1454
168,910,910,908,178,362,540,1450
169,910,914,916,182,364,546,1456
170,918,918,916,182,362,544,1462
171,890,890,890,182,362,544,1434
172,862,864,862,184,360,544,1406
173,900,900,904,184,364,548,1448
174,912,910,912,182,366,548,1460
175,908,906,902,180,362,542,1450
176,888,894,892,186,360,546,1434
177,904,902,906,184,364,548,1452
178,926,924,926,182,366,548,1474
179,926,930,930,186,366,552,1478
180,920,914,910,180,362,542,1462
181,872,878,876,186,360,546,1418
182,868,864,866,182,362,544,1412
183,924,924,928,182,366,548,1472
184,930,934,932,186,364,550,1480
185,954,952,952,184,364,548,1502
186,922,924,924,186,364,550,1472
187,956,954,956,184,366,550,1506
188,924,924,926,184,368,552,1476
189,930,926,924,180,366,546,1476
190,912,912,908,180,362,542,1454
191,882,888,888,186,362,548,1430
192,910,906,910,182,366,548,1458
193,920,922,922,184,366,550,1470
194,922,922,922,184,366,550,1472
195,918,922,920,188,364,552,1470
196,940,938,938,186,364,550,1490
197,978,976,978,184,366,550,1528
198,990,992,994,186,368,554,1544
199,954,954,950,186,364,550,1504
200,952,948,950,182,366,548,1500
201,970,970,970,182,366,548,1518
202,966,968,968,184,366,550,1516
203,952,954,952,186,364,550,1502
204,924,922,922,184,364,548,1472
205,924,924,928,184,368,552,1476
206,930,930,926,184,364,548,1478
207,918,916,916,182,364,546,1464
208,894,892,890,180,362,542,1436
209,890,888,888,178,362,540,1430
210,876,878,878,180,362,542,1418
211,886,886,886,180,362,542,1428
212,860,864,864,184,362,546,1406
213,880,878,878,182,362,544,1424
214,882,880,882,180,364,544,1426
215,882,886,884,184,362,546,1428
216,872,872,870,184,360,544,1416
217,862,860,862,182,362,544,1406
218,882,880,880,180,362,542,1424
219,902,904,906,182,364,546,1448
220,916,916,916,182,364,546,1462
221,876,876,874,182,362,544,1420
222,864,864,862,182,360,542,1406
223,904,902,906,180,364,544,1448
224,892,894,896,182,366,548,1440
225,884,888,886,186,364,550,1434
226,896,894,892,184,362,546,1442
227,932,930,936,182,368,550,1482
228,940,942,942,184,368,552,1492
229,942,940,936,182,364,546,1488
230,924,924,922,182,362,544,1468
231,902,900,904,180,366,546,1448
232,914,916,914,182,364,546,1460
233,918,916,916,180,364,544,1462
234,898,900,900,182,364,546,1444
235,892,888,888,178,364,542,1434
236,878,878,876,178,362,540,1418
237,906,908,910,180,364,544,1450
238,902,906,906,184,364,548,1450
239,888,886,884,182,362,544,1432
240,878,876,876,180,362,542,1420
241,892,894,896,182,364,546,1438
242,902,898,900,178,366,544,1446
243,874,874,870,178,362,540,1414
244,830,832,830,180,360,540,1370
245,825,826,826,178,360,538,1365
246,839.5,840,840,178,362,540,1379.5
247,854,854,854,178,362,540,1394
248,890,892,894,180,364,544,1434
249,880,882,880,182,362,544,1424
250,912,916,918,186,364,550,1462
251,940,936,934,182,362,544,1484
252,996,996,1000,182,366,548,1544
253,982,982,980,182,364,546,1528
254,952,954,954,184,364,548,1500
255,954,946,946,176,364,540,1494
256,942,942,944,176,366,542,1484
257,926,928,924,178,362,540,1466
258,900,904,900,182,358,540,1440
259,888,884,886,178,360,538,1426
260,886,888,890,180,362,542,1428
261,912,916,918,184,364,548,1460
262,942,940,934,182,358,540,1482
263,930,932,934,184,360,544,1474
264,902,902,902,184,360,544,1446
265,914,910,914,180,364,544,1458
266,926,928,924,182,360,542,1468
267,906,908,908,184,360,544,1450
268,906,906,908,184,362,546,1452
269,920,922,924,186,364,550,1470
270,954,956,956,188,364,552,1506
271,984,982,980,186,362,548,1532
272,946,948,948,188,362,550,1496
273,958,956,960,186,366,552,1510
274,978,978,984,186,372,558,1536
275,1000,1002,998,188,368,556,1556
276,978,976,972,186,364,550,1528
277,972,972,972,186,364,550,1522
278,962,960,962,184,366,550,1512
279,960,960,962,184,368,552,1512
280,960,960,956,184,364,548,1508
281,936,936,936,184,364,548,1484
282,924,924,926,184,366,550,1474
283,930,924,924,178,366,544,1474
284,938,944,942,184,364,548,1486
285,918,920,920,186,364,550,1468
286,914,914,914,186,364,550,1464
287,932,930,930,184,364,548,1480
288,940,940,942,184,366,550,1490
289,956,954,950,182,362,544,1500
290,924,930,932,188,364,552,1476
291,916,912,914,184,366,550,1466
292,932,930,930,182,366,548,1480
293,932,934,932,184,364,548,1480
294,908,906,906,182,364,546,1454
295,892,894,892,184,362,546,1438
296,932,934,938,186,366,552,1484
297,954,950,952,182,368,550,1504
298,944,946,944,184,366,550,1494
299,940,942,940,186,364,550,1490
300,942,942,946,186,368,554,1496
301,988,986,984,184,366,550,1538
302,988,984,986,180,368,548,1536
303,960,966,962,186,364,550,1510
304,952,950,952,184,366,550,1502
305,944,944,946,184,368,552,1496
306,936,934,928,182,362,544,1480
307,908,906,906,180,362,542,1450
308,896,896,898,180,364,544,1440
309,898,898,902,180,368,548,1446
310,908,912,912,184,368,552,1460
311,934,934,930,184,364,548,1482
312,920,920,920,184,364,548,1468
313,922,918,926,180,372,552,1474
314,956,960,958,184,370,554,1510
315,948,950,944,186,364,550,1498
316,932,934,936,188,366,554,1486
317,946,940,944,182,370,552,1498
318,952,948,946,178,368,546,1498
319,958,962,962,182,368,550,1508
320,930,932,928,184,364,548,1478
321,922,922,922,184,364,548,1470
322,924,924,928,184,368,552,1476
323,954,954,954,184,368,552,1506
324,934,936,936,186,368,554,1488
325,924,920,916,182,364,546,1470
326,920,918,922,180,368,548,1468
327,922,926,926,184,368,552,1474
328,934,936,934,186,366,552,1486
329,934,932,930,184,364,548,1482
330,924,922,926,182,368,550,1474
331,952,948,950,178,370,548,1500
332,964,970,968,184,368,552,1516
333,936,934,934,182,368,550,1486
334,928,926,926,180,368,548,1476
335,940,944,948,184,372,556,1496
336,968,970,966,186,368,554,1522
337,970,968,964,184,364,548,1518
338,936,934,934,182,364,546,1482
339,938,934,938,178,368,546,1484
340,944,944,946,178,370,548,1492
341,944,948,944,182,366,548,1492
342,920,918,916,180,364,544,1464
343,900,900,902,180,366,546,1446
344,912,910,912,178,368,546,1458
345,934,934,936,178,370,548,1482
346,926,934,930,186,366,552,1478
347,928,924,924,182,366,548,1476
348,924,922,924,180,368,548,1472
349,958,958,962,180,372,552,1510
350,968,970,968,182,370,552,1520
351,936,938,934,184,366,550,1486
352,948,950,950,186,366,552,1500
353,958,948,952,176,370,546,1504
354,940,950,948,186,368,554,1494
355,938,932,932,180,368,548,1486
356,924,928,926,184,366,550,1474
357,920,914,916,178,368,546,1466
358,910,908,908,176,368,544,1454
359,894,898,896,180,366,546,1440
360,854,854,848,180,360,540,1394
361,854,852,856,178,364,542,1396
362,856,856,860,178,368,546,1402
363,888,888,886,178,366,544,1432
364,960,964,968,182,370,552,1512
365,962,966,964,186,368,554,1516
366,962,960,960,184,368,552,1514
367,956,952,954,180,370,550,1506
368,994,990,990,176,370,546,1540
369,986,994,992,184,368,552,1538
370,966,964,964,182,368,550,1516
371,974,970,972,178,370,548,1522
372,966,968,968,180,370,550,1516
373,950,948,944,178,366,544,1494
374,924,928,928,182,366,548,1472
375,934,934,932,182,364,546,1480
376,944,944,950,182,370,552,1496
377,948,946,942,180,366,546,1494
378,916,916,916,180,366,546,1462
379,914,916,914,182,364,546,1460
380,922,924,930,184,370,554,1476
381,952,950,948,182,368,550,1502
382,932,936,934,186,366,552,1484
383,926,920,920,180,366,546,1472
384,898,898,896,180,364,544,1442
385,904,906,910,182,368,550,1454
386,898,900,896,184,364,548,1446
387,878,878,878,184,364,548,1426
388,894,892,892,182,364,546,1440
389,858,858,860,182,366,548,1406
390,880,878,878,180,366,546,1426
391,880,876,876,176,366,542,1422
392,876,884,884,184,366,550,1426
393,920,920,920,184,366,550,1470
394,976,980,984,188,370,558,1534
395,994,994,992,188,368,556,1550
396,1000,998,998,186,368,554,1554
397,968,966,966,184,368,552,1520
398,976,976,976,184,368,552,1528
399,976,978,978,186,368,554,1530
400,960,956,954,182,366,548,1508
401,940,940,942,182,368,550,1490
402,924,920,920,178,368,546,1470
403,878,876,874,176,366,542,1420
404,866,866,862,176,362,538,1404
405,834,842,840,184,360,544,1378
406,850,844,846,178,362,540,1390
407,870,874,874,182,362,544,1414
408,910,910,916,182,368,550,1460
409,932,932,930,182,366,548,1480
410,908,908,906,182,364,546,1454
411,960,960,964,182,368,550,1510
412,970,970,970,182,368,550,1520
413,992,992,994,182,370,552,1544
414,998,1004,1000,188,366,554,1552
415,994,986,988,180,368,548,1542
416,996,1000,1002,184,370,554,1550
417,1008,1006,1004,182,368,550,1558
418,990,990,986,182,364,546,1536
419,956,960,962,186,366,552,1508
420,956,948,950,178,368,546,1502
421,946,950,950,182,368,550,1496
422,962,964,964,184,368,552,1514
423,944,942,940,182,366,548,1492
424,934,932,934,180,368,548,1482
425,956,956,956,180,368,548,1504
426,966,968,966,182,366,548,1514
427,948,948,946,182,364,546,1494
428,932,930,930,180,364,544,1476
429,922,922,922,180,364,544,1466
430,942,944,946,182,366,548,1490
431,938,940,940,184,366,550,1488
432,930,932,930,186,364,550,1480
433,932,930,930,184,364,548,1480
434,948,948,954,184,370,554,1502
435,966,968,966,186,368,554,1520
436,962,960,958,184,366,550,1512
437,960,956,958,180,368,548,1508
438,920,926,928,186,370,556,1476
439,966,960,958,180,368,548,1514
440,966,972,970,186,366,552,1518
441,932,928,930,182,368,550,1482
442,936,936,934,182,366,548,1484
443,932,932,936,182,370,552,1484
444,944,944,940,182,366,548,1492
445,948,950,948,184,364,548,1496
446,912,916,916,188,364,552,1464
447,910,906,908,184,366,550,1460
448,910,910,912,184,368,552,1462
449,936,934,934,182,368,550,1486
450,918,922,920,186,366,552,1470
451,938,936,938,184,368,552,1490
452,944,940,942,180,370,550,1494
453,964,968,970,184,372,556,1520
454,986,984,980,182,368,550,1536
455,940,942,942,184,368,552,1492
456,918,914,912,180,366,546,1464
457,900,896,896,176,366,542,1442
458,882,884,884,178,366,544,1426
459,892,892,894,178,368,546,1438
460,914,916,916,180,368,548,1462
461,902,908,908,186,368,554,1456
462,946,942,944,182,370,552,1498
463,1010,1012,1016,184,372,558,1568
464,1022,1025,1025,184,371,558,1580
465,1034,1038,1034,188,370,558,1592
466,1022,1020,1018,186,368,554,1576
467,1042,1034,1038,178,372,550,1592
468,1034,1038,1038,182,372,554,1588
469,984,980,978,178,370,548,1532
470,952,956,952,182,366,548,1500
471,938,934,936,178,368,546,1484
472,934,934,936,178,370,548,1482
473,956,962,962,184,370,554,1510
474,968,970,970,186,370,556,1524
475,950,948,944,184,366,550,1500
476,940,940,940,184,366,550,1490
477,972,970,974,182,370,552,1524
478,970,974,970,186,366,552,1522
479,942,938,940,182,368,550,1492
480,928,930,930,184,368,552,1480
481,922,920,924,182,372,554,1476
482,934,934,934,182,372,554,1488
483,908,912,906,186,366,552,1460
484,922,922,922,186,366,552,1474
485,910,910,912,186,368,554,1464
486,946,942,944,182,370,552,1498
487,942,940,940,180,370,550,1492
488,948,952,948,184,366,550,1498
489,938,936,936,182,366,548,1486
490,936,934,940,180,372,552,1488
491,946,950,950,184,372,556,1502
492,936,936,934,184,370,554,1490
493,926,924,922,182,368,550,1476
494,906,908,908,184,368,552,1458
495,912,912,910,184,366,550,1462
496,942,938,942,180,370,550,1492
497,934,940,936,186,366,552,1486
498,924,924,924,186,366,552,1476
499,922,920,920,184,366,550,1472
500,954,948,952,178,370,548,1502
501,946,952,952,184,370,554,1500
502,930,938,934,192,366,558,1488
503,936,926,928,182,368,550,1486
504,920,918,920,180,370,550,1470
505,928,930,930,182,370,552,1480
506,910,910,904,182,364,546,1456
507,898,902,902,186,364,550,1448
508,896,890,892,180,366,546,1442
509,904,902,902,178,366,544,1448
510,900,900,900,178,366,544,1444
511,898,906,902,186,362,548,1446
512,906,904,906,184,364,548,1454
513,928,924,930,180,370,550,1478
514,918,920,914,182,364,546,1464
515,940,944,946,186,366,552,1492
516,930,930,930,186,366,552,1482
517,916,916,920,186,370,556,1472
518,948,944,944,182,370,552,1500
519,956,956,956,182,370,552,1508
520,956,958,958,184,370,554,1510
521,926,926,924,184,368,552,1478
522,906,906,908,184,370,554,1460
523,938,936,936,182,370,552,1490
524,936,940,938,186,368,554,1490
525,932,932,928,186,364,550,1482
526,908,908,908,186,364,550,1458
527,912,906,910,180,368,548,1460
528,924,922,922,178,368,546,1470
529,924,932,930,186,366,552,1476
530,920,918,916,184,364,548,1468
531,912,912,912,184,364,548,1460
532,924,922,924,182,366,548,1472
533,924,922,924,180,368,548,1472
534,918,922,918,184,364,548,1466
535,904,904,902,184,362,546,1450
536,930,928,932,182,366,548,1478
537,966,968,974,184,372,556,1522
538,980,978,974,182,368,550,1530
539,938,940,938,184,366,550,1488
540,958,956,958,182,368,550,1508
541,972,964,968,183,372,546,1518
542,960,970,966,184,368,552,1512
543,948,948,944,184,364,548,1496
544,948,946,950,182,368,550,1498
545,964,964,964,182,368,550,1514
546,966,968,966,184,366,550,1516
547,944,946,948,186,368,554,1498
548,932,934,932,188,366,554,1486
549,946,942,944,184,368,552,1498
550,968,966,968,182,370,552,1520
551,952,956,952,186,366,552,1504
552,946,944,946,184,368,552,1498
553,936,934,934,182,368,550,1486
554,962,960,962,180,370,550,1512
555,974,982,980,188,368,556,1530
556,966,964,966,186,370,556,1522
557,954,954,952,186,368,554,1508
558,952,954,956,188,370,558,1510
559,978,974,976,184,372,556,1534
560,980,978,974,182,368,550,1530
561,956,958,958,184,368,552,1508
562,928,928,928,184,368,552,1480
563,934,930,932,180,370,550,1484
564,938,938,938,180,370,550,1488
565,930,936,930,186,364,550,1480
566,934,932,936,184,368,552,1486
567,912,908,908,180,368,548,1460
568,912,910,908,178,366,544,1456
569,890,892,892,180,366,546,1436
570,862,860,860,178,366,544,1406
571,858,860,856,180,362,542,1400
572,862,860,864,178,366,544,1406
573,914,916,918,180,368,548,1462
574,934,938,936,184,366,550,1484
575,958,968,968,194,366,560,1518
576,986,978,986,186,370,560,1546
577,1046,1046,1046,186,370,560,1606
578,1043,1041,1041,186,370,556,1599
579,1040,1036,1036,182,370,552,1592
580,1014,1012,1014,180,372,552,1566
581,1000,998,998,178,372,550,1550
582,998,1000,1000,180,372,552,1550
583,962,966,962,184,368,552,1514
584,934,930,928,180,366,546,1480
585,922,920,922,178,368,546,1468
586,946,946,946,178,368,546,1492
587,936,938,936,180,366,546,1482
588,930,932,932,182,366,548,1478
589,908,906,906,180,366,546,1454
590,936,940,942,184,368,552,1488
591,978,980,982,186,370,556,1534
592,990,992,988,188,366,554,1544
593,976,976,978,188,368,556,1532
594,954,952,952,186,368,554,1508
595,970,966,970,182,372,554,1524
596,970,968,966,180,370,550,1520
597,952,954,950,182,366,548,1500
598,944,948,950,186,368,554,1498
599,952,946,946,180,368,548,1500
600,970,970,974,180,372,552,1522
601,972,974,968,182,366,548,1520
602,944,948,950,186,368,554,1498
603,936,938,940,188,370,558,1494
604,972,968,968,184,370,554,1526
605,976,974,972,182,368,550,1526
606,952,954,952,184,366,550,1502
607,958,956,960,182,370,552,1510
608,970,970,970,182,370,552,1522
609,982,980,980,180,370,550,1532
610,946,952,948,186,366,552,1498
611,942,938,940,182,368,550,1492
612,944,944,944,182,368,550,1494
613,926,930,930,186,368,554,1480
614,924,924,922,186,366,552,1476
615,946,942,946,182,370,552,1498
616,956,954,952,180,368,548,1504
617,926,926,924,180,366,546,1472
618,904,906,906,182,366,548,1452
619,916,914,918,180,370,550,1466
620,934,934,936,180,372,552,1486
621,938,938,934,180,368,548,1486
622,912,918,916,186,366,552,1464
623,922,918,920,182,368,550,1472
624,922,922,924,182,370,552,1474
625,934,934,936,182,372,554,1488
626,926,928,922,184,366,550,1476
627,932,932,932,184,366,550,1482
628,926,922,926,180,370,550,1476
629,942,944,944,182,370,552,1494
630,938,942,940,186,368,554,1492
631,946,944,942,184,366,550,1496
632,942,942,942,184,366,550,1492
633,936,934,938,182,370,552,1488
634,982,984,986,184,372,556,1538
635,1030,1034,1032,188,370,558,1588
636,1010,1004,1006,182,372,554,1564
637,978,986,980,190,366,556,1534
638,976,966,972,180,372,552,1528
639,982,986,984,184,370,554,1536
640,996,994,996,182,372,554,1550
641,968,968,964,182,368,550,1518
642,936,934,936,180,370,550,1486
643,906,904,900,178,366,544,1450
644,892,892,896,178,370,548,1440
645,912,916,914,182,368,550,1462
646,934,936,938,184,370,554,1488
647,942,946,944,188,368,556,1498
648,968,970,974,190,372,562,1530
649,1042,1038,1038,186,372,558,1600
650,1045,1043,1041,188,371,562,1603
651,1048,1048,1044,188,370,558,1606
652,1020,1018,1020,186,372,558,1578
653,1026,1020,1020,180,372,552,1578
654,1034,1042,1042,188,372,560,1594
655,994,990,980,184,362,546,1540
656,960,962,966,186,366,552,1512
657,974,968,974,180,372,552,1526
658,954,958,954,184,368,552,1506
659,974,974,972,184,366,550,1524
660,892,968,970,184,368,551,1520
661,1008,932,932,184,368,552,1560
662,966,966,964,184,366,550,1516
663,934,936,934,186,364,550,1484
664,924,920,924,182,368,550,1474
665,930,934,938,186,372,558,1488
666,978,976,974,184,370,554,1532
667,978,978,978,184,370,554,1532
668,958,960,956,186,366,552,1510
669,940,938,938,184,366,550,1490
670,948,946,950,182,370,552,1500
671,964,968,968,186,370,556,1520
672,972,970,970,184,370,554,1526
673,942,942,942,184,370,554,1496
674,934,934,930,184,366,550,1484
675,954,956,960,186,370,556,1510
676,976,976,978,186,372,558,1534
677,956,960,958,190,370,560,1516
678,946,942,942,186,370,556,1502
679,954,952,952,184,370,554,1508
680,982,978,982,180,369,554,1536
681,972,978,972,186,368,554,1526
682,946,946,944,186,366,552,1498
683,940,938,938,184,366,550,1490
684,950,950,952,184,368,552,1502
685,966,968,970,186,370,556,1522
686,970,970,970,186,370,556,1526
687,958,956,954,184,368,552,1510
688,970,968,972,182,372,554,1524
689,970,968,966,180,370,550,1520
690,960,962,960,182,368,550,1510
691,936,936,938,182,370,552,1488
692,936,932,930,178,368,546,1482
693,942,942,944,178,370,548,1490
694,936,938,936,180,368,548,1484
695,918,920,918,182,366,548,1466
696,924,924,928,182,370,552,1476
697,936,934,936,180,372,552,1488
698,984,986,988,182,370,556,1540
699,960,964,958,186,368,554,1514
700,946,946,946,186,368,554,1500
701,944,936,940,178,372,550,1494
702,960,964,964,182,372,554,1514
703,962,960,956,180,368,548,1510
704,946,950,950,184,368,552,1498
705,954,954,956,184,370,554,1508
706,956,956,960,184,370,558,1514
707,970,970,966,184,370,554,1524
708,940,936,932,180,366,546,1486
709,924,928,930,184,368,552,1476
710,964,958,960,178,370,548,1512
711,950,954,954,182,370,552,1502
712,962,964,962,184,368,552,1514
713,946,948,952,186,372,558,1504
714,944,942,942,184,372,556,1500
715,966,968,968,186,372,558,1524
716,986,986,984,186,370,556,1542
717,980,980,976,186,366,552,1532
718,968,970,974,188,370,558,1526
719,984,978,980,182,372,554,1538
720,982,978,978,178,372,550,1532
721,978,986,982,186,368,554,1532
722,964,962,962,184,368,552,1516
723,960,952,954,176,370,546,1506
724,954,960,962,182,372,554,1508
725,942,938,936,178,370,548,1490
726,926,930,928,182,368,550,1476
727,916,916,914,182,366,548,1464
728,904,906,908,184,368,552,1456
729,912,910,908,182,366,548,1460
730,902,906,904,186,364,550,1452
731,904,898,902,180,368,548,1452
732,932,934,932,182,366,548,1480
733,944,944,946,182,368,550,1494
734,926,930,928,186,366,552,1478
735,922,918,920,182,368,550,1472
736,950,950,950,182,368,550,1500
737,964,966,970,184,372,556,1520
738,988,988,984,184,368,552,1540
739,950,950,948,184,366,550,1500
740,934,934,934,184,366,550,1484
741,938,940,944,186,370,556,1494
742,956,954,952,184,368,552,1508
743,962,962,964,184,370,554,1516
744,948,946,942,182,366,548,1496
745,936,936,940,182,370,552,1488
746,950,950,950,182,370,552,1502
747,962,966,962,186,366,552,1514
748,944,948,948,190,366,556,1500
749,932,926,928,184,368,552,1484
750,966,966,970,184,372,556,1522
751,960,960,960,184,372,556,1516
752,962,966,960,188,366,554,1516
753,948,946,946,186,366,552,1500
754,940,940,946,186,372,558,1498
755,968,966,964,184,370,554,1522
756,980,978,974,182,366,548,1528
757,942,944,942,184,364,548,1490
758,930,928,932,182,368,550,1480
759,936,938,938,184,368,552,1488
760,946,946,946,184,368,552,1498
761,926,928,924,186,364,550,1476
762,930,928,928,184,364,548,1478
763,952,950,954,182,368,550,1502
764,958,962,964,186,370,556,1514
765,936,934,930,184,366,550,1486
766,932,934,934,186,366,552,1484
767,916,910,916,180,372,552,1468
768,940,942,938,182,368,550,1490
769,932,936,936,186,368,554,1486
770,920,916,916,182,368,550,1470
771,918,920,916,184,364,548,1466
772,926,928,934,186,370,556,1482
773,944,944,940,186,366,552,1496
774,936,932,936,182,370,552,1488
775,934,936,934,184,368,552,1486
776,968,970,968,186,366,552,1520
777,970,968,972,184,370,554,1524
778,942,942,938,184,366,550,1492
779,940,938,942,182,370,552,1492
780,938,938,938,182,370,552,1490
781,940,942,942,184,370,554,1494
782,946,948,942,186,364,550,1496
783,940,938,942,184,368,552,1492
784,948,948,946,184,366,550,1498
785,958,956,960,182,370,552,1510
786,966,970,968,186,368,554,1520
787,946,946,942,186,364,550,1496
788,952,946,948,180,366,546,1498
789,968,976,974,188,364,552,1520
790,998,996,1002,186,370,556,1554
791,974,974,968,186,364,550,1524
792,960,954,958,180,368,548,1508
793,958,956,960,178,372,550,1508
794,936,940,938,182,370,552,1488
795,942,942,938,182,366,548,1490
796,914,916,912,184,362,546,1460
797,898,892,896,178,366,544,1442
798,912,916,920,182,370,552,1464
799,938,940,938,184,368,552,1490
800,938,942,938,188,364,552,1490
801,940,938,942,186,368,554,1494
802,936,934,934,184,368,552,1488
803,966,968,970,186,370,556,1522
804,986,982,982,182,370,552,1538
805,964,964,962,182,368,550,1514
806,942,942,940,182,366,548,1490
807,938,934,938,178,370,548,1486
808,950,948,946,176,368,544,1494
809,926,934,932,184,366,550,1476
810,928,922,922,178,366,544,1472
811,914,914,916,178,368,546,1460
812,952,958,958,184,368,552,1504
813,956,958,956,186,366,552,1508
814,934,936,936,188,366,554,1488
815,932,926,926,182,366,548,1480
816,940,938,942,180,370,550,1490
817,958,958,956,180,368,548,1506
818,950,954,952,184,366,550,1500
819,954,954,956,184,368,552,1506
820,946,944,944,182,368,550,1496
821,952,954,956,184,370,554,1506
822,980,974,972,178,368,546,1526
823,956,956,958,178,370,548,1504
824,938,942,942,182,370,552,1490
825,940,936,932,178,366,544,1484
826,960,964,968,182,370,552,1512
827,972,976,976,186,370,556,1528
828,966,964,960,184,366,550,1516
829,948,948,950,184,368,552,1500
830,974,968,972,178,372,550,1524
831,988,996,994,186,370,556,1544
832,980,980,976,186,366,552,1532
833,964,960,962,182,368,550,1514
834,960,960,960,182,368,550,1510
835,970,970,974,182,372,554,1524
836,950,954,950,186,368,554,1504
837,956,954,952,184,366,550,1506
838,942,944,946,186,368,554,1496
839,936,928,928,178,368,546,1482
840,920,924,924,182,368,550,1470
841,898,898,896,182,366,548,1446
842,908,908,912,182,370,552,1460
843,928,926,926,180,370,550,1478
844,934,938,936,184,368,552,1486
845,916,916,914,184,366,550,1466
846,912,912,910,184,364,548,1460
847,938,938,944,184,370,554,1492
848,966,968,970,186,372,558,1524
849,952,950,944,184,366,550,1502
850,932,934,936,186,368,554,1486
851,922,920,916,184,364,548,1470
852,950,948,954,182,370,552,1502
853,940,940,940,182,370,552,1492
854,948,948,944,182,366,548,1496
855,922,920,922,180,368,548,1470
856,922,924,924,182,368,550,1472
857,942,942,942,182,368,550,1492
858,960,958,960,180,370,550,1510
859,924,928,926,184,368,552,1476
860,922,922,922,184,368,552,1474
861,940,936,936,180,368,548,1488
862,940,942,944,182,370,552,1492
863,952,952,948,182,366,548,1500
864,930,936,936,188,366,554,1484
865,930,926,926,184,366,550,1480
866,962,962,966,184,370,554,1516
867,972,972,972,184,370,554,1526
868,948,952,946,188,364,552,1500
869,936,934,936,186,366,552,1488
870,942,934,934,178,366,544,1486
871,950,956,954,184,364,548,1498
872,948,946,944,182,362,544,1492
873,922,922,924,182,364,546,1468
874,904,902,906,180,368,548,1452
875,936,932,932,176,368,544,1480
876,916,922,918,182,364,546,1462
877,904,906,906,184,364,548,1452
878,906,906,906,184,364,548,1454
879,946,942,948,180,370,550,1496
880,944,944,940,180,366,546,1490
881,938,946,942,188,362,550,1488
882,922,920,924,186,366,552,1474
883,922,918,920,182,368,550,1472
884,946,944,946,180,370,550,1496
885,946,950,948,184,368,552,1498
886,928,932,928,188,364,552,1480
887,924,922,924,186,366,552,1476
888,946,942,944,182,368,550,1496
889,964,962,964,180,370,550,1514
890,938,940,934,182,364,546,1484
891,900,902,902,184,364,548,1448
892,896,890,890,178,364,542,1438
893,902,906,906,182,364,546,1448
894,918,918,922,182,368,550,1468
895,902,900,892,180,360,540,1442
896,892,894,898,182,364,546,1438
897,864,866,864,184,362,546,1410
898,932,928,932,180,366,546,1478
899,910,912,910,182,364,546,1456
900,870,874,872,186,362,548,1418
901,908,904,904,182,362,544,1452
902,900,896,900,178,366,544,1444
903,912,914,912,180,364,544,1456
904,900,902,902,182,364,546,1446
905,900,898,896,180,362,542,1442
906,886,886,888,180,364,544,1430
907,908,908,908,180,364,544,1452
908,914,916,916,182,364,546,1460
909,936,936,940,182,368,550,1486
910,892,894,888,184,362,546,1438
911,910,910,912,184,364,548,1458
912,944,944,946,184,366,550,1494
913,934,934,932,184,364,548,1482
914,906,906,906,184,364,548,1454
915,908,906,908,182,366,548,1456
916,942,942,942,182,366,548,1490
917,964,966,966,184,366,550,1514
918,932,932,934,184,368,552,1484
919,954,952,952,182,368,550,1504
920,942,944,940,184,364,548,1490
921,942,940,940,182,364,546,1488
922,942,940,942,180,366,546,1488
923,956,962,962,186,366,552,1508
924,934,932,932,184,366,550,1484
925,934,934,932,184,364,548,1482
926,960,958,960,182,366,548,1508
927,964,964,964,182,366,548,1512
928,966,972,972,188,366,554,1520
929,958,954,952,184,364,548,1506
930,940,940,944,184,368,552,1492
931,966,966,964,184,366,550,1516
932,970,970,970,184,366,550,1520
933,976,978,976,186,364,550,1526
934,944,944,946,186,366,552,1496
935,956,954,956,184,368,552,1508
936,966,966,964,184,366,550,1516
937,954,954,954,184,366,550,1504
938,938,940,936,186,362,548,1486
939,942,938,940,182,364,546,1488
940,958,958,964,182,370,552,1510
941,978,980,976,184,366,550,1528
942,982,986,984,188,364,552,1534
943,982,980,982,186,366,552,1534
944,980,980,984,186,370,556,1536
945,1024,1026,1026,188,370,558,1582
946,1019,1019,1019,186,368,554,1574
947,1014,1012,1012,184,368,552,1566
948,998,1000,998,186,366,552,1550
949,1012,1008,1014,182,372,554,1566
950,1008,1012,1008,186,368,554,1562
951,982,982,980,186,366,552,1534
952,966,966,968,186,368,554,1520
953,972,970,968,184,366,550,1522
954,986,986,992,184,372,556,1542
955,972,970,962,182,364,546,1518
956,976,978,978,184,364,548,1524
957,954,954,954,184,364,548,1502
958,962,956,960,178,368,546,1508
959,966,974,972,186,366,552,1518
960,944,938,938,180,366,546,1490
961,946,948,948,182,366,548,1494
962,954,952,954,180,368,548,1502
963,958,960,960,182,368,550,1508
964,946,948,948,184,368,552,1498
965,940,940,938,184,366,550,1490
966,954,952,954,182,368,550,1504
967,968,966,964,180,366,546,1514
968,932,934,934,182,366,548,1480
969,934,934,934,182,366,548,1482
970,958,960,960,184,366,550,1508
971,954,950,952,180,368,548,1502
972,948,952,952,184,368,552,1500
973,924,924,922,184,366,550,1474
974,940,934,936,178,368,546,1486
975,934,942,940,186,366,552,1486
976,950,946,946,182,366,548,1498
977,940,942,942,184,366,550,1490
978,934,932,936,182,370,552,1486
979,944,946,946,184,370,554,1498
980,948,946,944,182,368,550,1498
981,928,926,924,180,366,546,1474
982,924,924,926,180,368,548,1472
983,916,918,916,182,366,548,1464
984,928,924,926,178,368,546,1474
985,918,920,916,180,364,544,1462
986,910,916,920,186,368,554,1464
987,916,914,912,184,366,550,1466
988,960,960,960,184,366,550,1510
989,984,984,988,184,370,554,1538
990,968,968,966,184,368,552,1520
991,954,956,956,186,368,554,1508
992,968,966,968,184,370,554,1522
993,1004,1002,1000,182,368,550,1554
994,1004,1004,1004,182,368,550,1554
995,980,982,978,184,364,548,1528
996,956,952,958,180,370,550,1506
997,948,950,950,182,370,552,1500
998,954,954,954,182,370,552,1506
999,932,934,930,184,366,550,1482
1000,930,926,926,180,366,546,1476
1001,916,918,918,182,366,548,1464
1002,930,926,926,178,366,544,1474
1003,932,934,934,180,366,546,1478
1004,926,930,928,184,364,548,1474
1005,914,914,914,184,364,548,1462
1006,918,918,922,184,368,552,1470
1007,938,936,936,182,368,550,1488
1008,946,948,946,184,366,550,1496
1009,940,938,938,182,366,548,1488
1010,966,966,970,182,370,552,1518
1011,952,950,950,180,370,550,1502
1012,946,946,944,180,368,548,1494
1013,926,928,924,182,364,546,1472
1014,912,912,914,182,366,548,1460
1015,930,932,934,184,368,552,1482
1016,944,944,942,184,366,550,1494
1017,924,918,920,178,368,546,1470
1018,918,920,920,180,368,548,1466
1019,938,940,940,182,368,550,1488
1020,930,932,930,184,366,550,1480
1021,918,918,916,184,364,548,1466
1022,922,920,922,182,366,548,1470
1023,924,922,924,180,368,548,1472
1024,936,940,938,184,366,550,1486
1025,948,948,948,184,366,550,1498
1026,930,926,926,180,366,546,1476
1027,934,938,936,184,364,548,1482
1028,966,960,966,178,370,548,1514
1029,950,954,948,182,364,546,1496
1030,962,966,968,186,366,552,1514
1031,952,946,944,180,364,544,1496
1032,926,930,934,184,368,552,1478
1033,948,944,946,180,370,550,1498
1034,950,954,950,184,366,550,1500
1035,932,930,926,182,362,544,1476
1036,910,910,912,182,364,546,1456
1037,926,922,926,178,368,546,1472
1038,932,932,930,178,366,544,1476
1039,912,920,916,186,362,548,1460
1040,910,906,910,182,366,548,1458
1041,914,914,914,182,366,548,1462
1042,934,938,938,186,366,552,1486
1043,962,958,958,182,366,548,1510
1044,966,966,966,182,366,548,1514
1045,948,948,948,182,366,548,1496
1046,932,936,936,186,366,552,1484
1047,964,958,962,180,370,550,1514
1048,966,966,962,180,366,546,1512
1049,938,946,946,188,366,554,1492
1050,956,950,950,182,366,548,1504
1051,964,962,966,180,370,550,1514
1052,974,976,976,182,370,552,1526
1053,962,964,960,184,366,550,1512
1054,950,948,948,182,366,548,1498
1055,930,930,932,182,368,550,1480
1056,938,936,934,180,366,546,1484
1057,918,920,920,182,366,548,1466
1058,902,904,900,184,362,546,1448
1059,880,876,876,180,362,542,1422
1060,882,880,884,178,366,544,1426
1061,904,906,906,180,366,546,1450
1062,908,908,902,180,360,540,1448
1063,866,870,872,184,362,546,1412
1064,912,910,910,182,362,544,1456
1065,886,888,890,184,364,548,1434
1066,906,902,904,180,366,546,1452
1067,884,888,882,184,360,544,1428
1068,870,872,868,186,356,542,1412
1069,874,874,882,186,364,550,1424
1070,906,902,902,182,364,546,1452
1071,906,908,904,184,360,544,1450
1072,884,884,886,184,362,546,1430
1073,904,900,902,180,364,544,1448
1074,912,912,912,180,364,544,1456
1075,912,914,912,182,362,544,1456
1076,896,896,894,182,360,542,1438
1077,872,874,878,184,364,548,1420
1078,900,900,902,184,366,550,1450
1079,932,932,932,184,366,550,1482
1080,934,934,936,184,368,552,1486
1081,920,922,918,186,364,550,1470
1082,914,914,914,186,364,550,1464
1083,922,918,920,182,366,548,1470
1084,954,954,954,182,366,548,1502
1085,924,926,924,184,364,548,1472
1086,896,894,892,182,362,544,1440
1087,902,904,906,184,364,548,1450
1088,930,926,926,180,364,544,1474
1089,936,940,942,184,366,550,1486
1090,908,912,908,188,362,550,1458
1091,870,864,864,182,362,544,1414
1092,910,906,908,178,364,542,1452
1093,944,950,952,184,366,550,1494
1094,924,922,922,182,366,548,1472
1095,894,896,892,184,362,546,1440
1096,880,878,876,182,360,542,1422
1097,890,890,894,182,364,546,1436
1098,902,898,900,178,366,544,1446
1099,886,890,886,182,362,544,1430
1100,892,894,894,184,362,546,1438
1101,896,896,900,184,366,550,1446
1102,952,954,952,186,364,550,1502
1103,942,942,938,186,360,546,1488
1104,950,952,954,188,362,550,1500
1105,928,924,928,184,366,550,1478
1106,952,954,952,186,364,550,1502
1107,950,948,948,184,364,548,1498
1108,918,918,916,184,362,546,1464
1109,914,914,914,184,362,546,1460
1110,928,926,926,182,362,544,1472
1111,934,938,938,186,362,548,1482
1112,930,926,926,182,362,544,1474
1113,902,908,906,188,360,548,1450
1114,930,926,930,184,364,548,1478
1115,930,926,928,180,366,546,1476
1116,936,938,936,182,364,546,1482
1117,910,912,910,184,362,546,1456
1118,914,914,912,184,360,544,1458
1119,902,898,902,180,364,544,1446
1120,922,922,924,180,366,546,1468
1121,924,924,920,180,362,542,1466
1122,882,884,884,182,362,544,1426
1123,908,906,906,180,362,542,1450
1124,920,920,922,180,364,544,1464
1125,954,956,956,182,364,546,1500
1126,944,944,944,182,364,546,1490
1127,918,920,918,184,362,546,1464
1128,922,916,920,178,366,544,1466
1129,942,946,946,182,366,548,1490
1130,960,962,960,184,364,548,1508
1131,946,944,942,182,362,544,1490
1132,938,940,940,184,362,546,1484
1133,916,914,916,182,364,546,1462
1134,932,934,936,184,366,550,1482
1135,926,926,920,184,360,544,1470
1136,882,878,878,180,360,540,1422
1137,878,880,882,182,362,544,1422
1138,866,864,862,180,360,540,1406
1139,924,928,930,184,362,546,1470
1140,912,914,916,186,364,550,1462
1141,900,898,896,184,362,546,1446
1142,880,878,878,182,362,544,1424
1143,944,946,950,184,366,550,1494
1144,970,970,970,184,366,550,1520
1145,982,980,980,182,366,548,1530
1146,968,972,970,186,364,550,1518
1147,990,988,990,184,366,550,1540
1148,1052,1052,1013,184,370,554,1606
1149,1036,1036,1036,184,370,554,1590
1150,1026,1026,1020,184,364,548,1574
1151,976,976,978,184,366,550,1526
1152,962,956,956,178,366,544,1506
1153,964,966,968,180,368,548,1512
1154,984,986,984,182,366,548,1532
1155,924,926,922,184,362,546,1470
1156,908,904,906,180,364,544,1452
1157,912,916,918,184,366,550,1462
1158,932,928,930,180,368,548,1480
1159,910,912,908,182,364,546,1456
1160,914,912,910,180,362,542,1456
1161,932,936,938,184,364,548,1480
1162,978,980,984,186,368,554,1532
1163,966,958,956,178,366,544,1510
1164,924,930,928,184,364,548,1472
1165,940,938,938,182,364,546,1486
1166,934,930,932,178,366,544,1478
1167,938,946,946,186,366,552,1490
1168,958,956,956,184,366,550,1508
1169,956,956,954,184,364,548,1504
1170,930,932,932,186,364,550,1480
1171,954,954,960,186,370,556,1510
1172,1010,1008,1006,184,368,552,1562
1173,980,980,978,184,366,550,1530
1174,944,946,942,186,362,548,1492
1175,926,924,926,184,364,548,1474
1176,936,930,936,178,370,548,1484
1177,940,944,940,182,366,548,1488
1178,950,952,948,184,362,546,1496
1179,916,918,922,186,366,552,1468
1180,892,890,884,184,360,544,1436
1181,912,914,918,186,364,550,1462
1182,940,932,936,178,368,546,1486
1183,932,934,928,180,362,542,1474
1184,912,916,916,184,362,546,1458
1185,908,906,908,182,364,546,1454
1186,958,960,964,184,368,552,1510
1187,958,960,958,186,366,552,1510
1188,966,966,966,186,366,552,1518
1189,942,944,942,188,364,552,1494
1190,924,920,920,184,364,548,1472
1191,942,942,946,184,368,552,1494
1192,940,938,936,182,366,548,1488
1193,914,912,912,180,366,546,1460
1194,910,912,908,182,362,544,1454
1195,930,932,936,184,366,550,1480
1196,962,964,964,186,366,552,1514
1197,968,970,968,188,364,552,1520
1198,954,950,950,184,364,548,1502
1199,926,924,926,182,366,548,1474
1200,958,956,956,180,366,546,1504
1201,948,948,946,180,364,544,1492
1202,924,924,926,180,366,546,1470
1203,904,908,906,184,364,548,1452
1204,918,914,916,180,366,546,1464
1205,944,944,942,180,364,544,1488
1206,956,956,954,180,362,542,1498
1207,936,940,942,184,364,548,1484
1208,922,922,922,184,364,548,1470
1209,932,932,936,184,368,552,1484
1210,970,968,972,182,372,554,1524
1211,952,954,946,184,364,548,1500
1212,922,924,924,186,364,550,1472
1213,924,922,924,184,366,550,1474
1214,934,932,934,182,368,550,1484
1215,942,944,942,184,366,550,1492
1216,946,946,946,184,366,550,1496
1217,946,948,946,186,364,550,1496
1218,956,954,956,184,366,550,1506
1219,976,968,972,176,370,546,1522
1220,952,958,956,182,368,550,1502
1221,944,944,942,182,366,548,1492
1222,940,940,942,182,368,550,1490
1223,960,958,956,180,366,546,1506
1224,950,946,946,176,366,542,1492
1225,920,922,918,178,362,540,1460
1226,880,884,886,182,364,546,1426
1227,928,924,926,178,366,544,1472
1228,908,910,910,180,366,546,1454
1229,892,894,892,182,364,546,1438
1230,844,850,846,188,360,548,1392
1231,870,860,862,178,362,540,1410
1232,884,886,888,180,364,544,1428
1233,902,902,902,180,364,544,1446
1234,890,894,894,184,364,548,1438
1235,852,854,850,186,360,546,1398
1236,864,860,862,182,362,544,1408
1237,886,888,890,184,364,548,1434
1238,968,966,968,182,366,548,1516
1239,930,932,932,184,366,550,1480
1240,930,930,928,184,364,548,1478
1241,890,888,884,182,360,542,1432
1242,894,894,902,182,368,550,1444
1243,946,946,948,182,370,552,1498
1244,962,966,958,186,362,548,1510
1245,916,916,916,186,362,548,1464
1246,894,892,896,184,366,550,1444
1247,940,940,938,184,364,548,1488
1248,956,956,958,184,366,550,1506
1249,928,928,926,184,364,548,1476
1250,910,908,910,182,366,548,1458
1251,970,968,970,180,368,548,1518
1252,972,976,978,184,370,554,1526
1253,994,996,990,186,364,550,1544
1254,962,958,960,182,366,548,1510
1255,954,954,954,182,366,548,1502
1256,948,952,954,186,368,554,1502
1257,956,950,952,180,370,550,1506
1258,954,958,952,184,364,548,1502
1259,920,920,920,184,364,548,1468
1260,926,928,932,186,368,554,1480
1261,968,962,960,180,366,546,1514
1262,958,960,966,182,372,554,1512
1263,972,978,974,188,368,556,1528
1264,956,956,952,188,364,552,1508
1265,956,954,958,186,368,554,1510
1266,982,980,982,184,370,554,1536
1267,1030,1032,1034,186,372,558,1588
1268,1014,1012,1010,184,370,554,1568
1269,966,968,966,186,368,554,1520
1270,956,956,956,186,368,554,1510
1271,974,968,966,180,366,546,1520
1272,980,978,984,178,372,550,1530
1273,956,958,952,180,366,546,1502
1274,936,936,938,180,368,548,1484
1275,924,926,924,182,366,548,1472
1276,904,908,906,186,364,550,1454
1277,926,922,922,182,364,546,1472
1278,918,922,922,186,364,550,1468
1279,892,884,884,178,364,542,1434
1280,898,900,894,180,358,538,1436
1281,868,870,874,182,362,544,1412
1282,896,896,898,182,364,546,1442
1283,940,940,944,182,368,550,1490
1284,954,960,960,188,368,556,1510
1285,954,954,952,188,366,554,1508
1286,946,942,942,184,366,550,1496
1287,976,976,978,184,368,552,1528
1288,988,984,984,180,368,548,1536
1289,968,974,974,186,368,554,1522
1290,952,948,942,182,362,544,1496
1291,942,942,948,182,368,550,1492
1292,964,966,964,184,366,550,1514
1293,960,958,958,182,366,548,1508
1294,962,958,954,178,362,540,1502
1295,922,932,932,188,362,550,1472
1296,918,910,912,180,364,544,1462
1297,914,910,912,176,366,542,1456
1298,920,930,928,186,364,550,1470
1299,914,912,910,184,362,546,1460
1300,912,910,910,182,362,544,1456
1301,914,916,914,184,360,544,1458
1302,940,942,950,186,368,554,1494
1303,962,958,956,182,366,548,1510
1304,926,926,926,182,366,548,1474
1305,920,920,916,182,362,544,1464
1306,924,920,922,178,364,542,1466
1307,934,940,944,184,368,552,1486
1308,934,932,930,182,366,548,1482
1309,910,912,910,184,364,548,1458
1310,900,898,900,182,366,548,1448
1311,920,918,918,180,366,546,1466
1312,936,940,940,184,366,550,1486
1313,922,920,918,182,364,546,1468
1314,902,906,904,186,362,548,1450
1315,908,902,906,180,366,546,1454
1316,942,944,948,182,370,552,1494
1317,960,956,952,178,366,544,1504
1318,934,940,940,184,366,550,1484
1319,926,922,924,180,368,548,1474
1320,938,936,938,178,370,548,1486
1321,936,938,936,180,368,548,1484
1322,916,918,914,182,364,546,1462
1323,890,890,890,182,364,546,1436
1324,876,874,872,180,362,542,1418
1325,910,910,912,180,364,544,1454
1326,908,912,914,184,366,550,1458
1327,888,890,884,186,360,546,1434
1328,872,870,872,184,362,546,1418
1329,894,888,888,178,362,540,1434
1330,932,934,938,180,366,546,1478
1331,952,956,956,184,366,550,1502
1332,910,912,908,186,362,548,1458
1333,910,906,908,182,364,546,1456
1334,942,940,944,180,368,548,1490
1335,976,980,980,184,368,552,1528
1336,976,976,976,184,368,552,1528
1337,948,950,946,186,364,550,1498
1338,916,912,912,182,364,546,1462
1339,944,944,948,182,368,550,1494
1340,948,946,946,180,368,548,1496
1341,958,962,960,184,366,550,1508
1342,896,896,892,184,362,546,1442
1343,906,904,910,182,368,550,1456
1344,966,968,970,184,370,554,1520
1345,956,956,952,184,366,550,1506
1346,918,918,914,184,362,546,1464
1347,924,920,924,180,366,546,1470
1348,940,940,942,180,368,548,1488
1349,926,926,924,180,366,546,1472
1350,868,872,868,184,362,546,1414
1351,872,868,870,180,364,544,1416
1352,862,864,862,182,362,544,1406
1353,880,878,880,180,364,544,1424
1354,898,896,898,178,366,544,1442
1355,872,876,868,182,358,540,1412
1356,868,870,870,184,358,542,1410
1357,888,884,890,180,364,544,1432
1358,906,904,904,178,364,542,1448
1359,902,904,904,180,364,544,1446
1360,864,870,864,186,358,544,1408
1361,862,856,856,180,358,538,1400
1362,892,892,896,180,362,542,1434
1363,888,888,890,180,364,544,1432
1364,878,878,874,180,360,540,1418
1365,884,884,888,180,364,544,1428
1366,886,888,884,182,360,542,1428
1367,944,944,950,182,366,548,1492
1368,956,956,954,182,364,546,1502
1369,910,914,910,186,360,546,1456
1370,894,892,894,184,362,546,1440
1371,902,898,900,180,364,544,1446
1372,920,920,922,180,366,546,1466
1373,958,958,954,180,362,542,1500
1374,904,910,910,186,362,548,1452
1375,874,868,866,180,360,540,1414
1376,904,900,906,176,366,542,1446
1377,906,908,908,178,366,544,1450
1378,864,870,862,184,358,542,1406
1379,888,888,894,184,364,548,1436
1380,906,902,904,180,366,546,1452
1381,936,940,940,184,366,550,1486
1382,948,946,946,182,366,548,1496
1383,914,912,908,180,362,542,1456
1384,868,870,872,182,364,546,1414
1385,894,894,892,182,362,544,1438
1386,924,922,924,180,364,544,1468
1387,894,892,890,178,362,540,1434
1388,912,912,914,178,364,542,1454
1389,858,864,858,184,358,542,1400
1390,860,856,858,180,360,540,1400
1391,842,842,842,180,360,540,1382
1392,836,836,835,182,360,542,1376
1393,830,830,833.5,182,358,540,1370
1394,842,832,832,186,358,544,1372
1395,854,850,850,182,358,540,1394
1396,926,930,936,186,364,550,1476
1397,924,922,920,184,362,546,1470
1398,906,910,908,188,360,548,1454
1399,902,894,898,180,364,544,1446
1400,908,916,914,188,362,550,1458
1401,954,946,948,180,364,544,1498
1402,924,924,920,180,360,540,1464
1403,914,918,916,184,358,542,1456
1404,888,884,882,180,356,536,1424
1405,892,892,894,180,358,538,1430
1406,906,902,906,176,362,538,1444
1407,884,890,888,182,360,542,1426
1408,854,854,850,182,356,538,1392
1409,858,856,858,180,358,538,1396
1410,872,870,870,178,358,536,1408
1411,888,890,888,180,356,536,1424
1412,868,870,870,182,356,538,1406
1413,870,870,870,182,356,538,1408
1414,892,890,894,180,360,540,1432
1415,916,920,920,184,360,544,1460
1416,918,916,914,182,358,540,1458
1417,902,902,898,182,354,536,1438
1418,902,900,904,180,358,538,1440
1419,918,918,924,180,364,544,1462
1420,894,892,886,178,358,536,1430
1421,912,914,914,180,358,538,1450
1422,852,860,858,188,356,544,1396
1423,854,848,848,182,356,538,1392
1424,874,866,868,183,358,532,1406
1425,852,862,862,184,358,542,1394
1426,868,868,868,184,358,542,1410
1427,838,838,836,184,356,540,1378
1428,860,858,858,182,356,538,1398
1429,870,870,874,182,360,542,1412
1430,898,896,896,180,360,540,1438
1431,900,904,900,184,356,540,1440
1432,864,862,864,182,358,540,1404
1433,874,874,874,182,358,540,1414
1434,906,908,910,184,360,544,1450
1435,910,904,906,178,362,540,1450
1436,874,880,872,184,354,538,1412
1437,866,860,866,178,360,538,1404
1438,872,872,870,178,358,536,1408
1439,882,884,886,180,360,540,1422
1440,880,878,876,178,358,536,1416
1441,862,866,866,182,358,540,1402
1442,854,830,854,184,354,538,1391
1443,846,842,842,180,354,534,1380
1444,848,846,850,178,358,536,1384
1445,858,860,860,180,358,538,1396
1446,844,842,842,186,352,538,1379
1447,830,836,838,180,352,532,1372.5
1448,832,830,834,178,356,534,1377.25
1449,846,848,848,180,356,536,1382
1450,844,842,842,178,356,534,1378
1451,837,833,833,186,354,540,1371
1452,830,838.5,839.5,180,354,534,1375.5
1453,846,844,846,178,356,534,1380
1454,832,834,836,180,358,538,1370
1455,834,840,836,186,354,540,1374
1456,834,832,832,184,354,538,1372
1457,844,840,844,180,358,538,1382
1458,868,872,872,184,358,542,1410
1459,912,908,908,180,358,538,1450
1460,880,884,882,184,356,540,1420
1461,866,864,866,182,358,540,1406
1462,896,892,892,178,358,536,1432
1463,906,908,912,180,362,542,1448
1464,900,904,900,184,358,542,1442
1465,872,876,874,188,356,544,1416
1466,872,866,868,182,358,540,1412
1467,906,902,904,178,360,538,1444
1468,910,912,908,180,356,536,1446
1469,876,876,880,180,360,540,1416
1470,866,868,866,182,358,540,1406
1471,886,886,888,182,360,542,1428
1472,890,888,888,180,360,540,1430
1473,888,890,890,182,360,542,1430
1474,888,882,878,176,356,532,1420
1475,872,878,876,182,354,536,1408
1476,880,878,880,180,356,536,1416
1477,892,894,898,182,360,542,1434
1478,900,894,894,176,360,536,1436
1479,872,880,876,184,356,540,1412
1480,858,858,860,184,358,542,1400
1481,892,890,892,182,360,542,1434
1482,902,896,896,176,360,536,1438
1483,874,878,876,180,358,538,1412
1484,846,848,846,182,356,538,1384
1485,858,858,860,182,358,540,1398
1486,882,880,880,180,358,538,1420
1487,882,880,880,178,358,536,1418
1488,858,864,856,184,350,534,1392
1489,846,842,848,180,356,536,1382
1490,876,876,880,180,360,540,1416
1491,886,884,884,178,360,538,1424
1492,868,874,872,184,358,542,1410
1493,852,854,854,186,358,544,1396
1494,878,872,872,180,358,538,1416
1495,894,894,896,180,360,540,1434
1496,886,890,886,184,356,540,1426
1497,854,854,854,184,356,540,1394
1498,866,862,866,180,360,540,1406
1499,862,860,858,178,358,536,1398
1500,870,870,870,178,358,536,1406
1501,852,858,856,184,356,540,1392
1502,842,842,840,184,354,538,1380
1503,874,870,876,180,360,540,1414
1504,908,908,908,180,360,540,1448
1505,894,898,900,184,362,546,1440
1506,882,882,876,184,356,540,1422
1507,923,886,884,182,354,539,1424
1508,964,882,886,180,358,538,1502
1509,912,916,918,184,360,544,1456
1510,912,910,910,182,360,542,1454
1511,866,864,858,180,354,534,1400
1512,864,862,864,178,356,534,1398
1513,870,870,874,178,360,538,1408
1514,862,862,862,178,360,538,1400
1515,870,870,866,178,356,534,1404
1516,856,858,858,180,356,536,1392
1517,866,864,864,178,356,534,1400
1518,886,888,892,180,360,540,1426
1519,880,878,876,178,358,536,1416
1520,906,912,910,184,356,540,1446
1521,900,900,902,184,358,542,1442
1522,882,880,880,182,358,540,1422
1523,922,924,926,184,360,544,1466
1524,942,938,938,180,360,540,1482
1525,916,920,918,184,358,542,1458
1526,880,880,878,184,356,540,1420
1527,902,900,904,182,360,542,1444
1528,914,912,910,180,358,538,1452
1529,836,916,916,181,358,540,1454
1530,964,886,888,182,360,542,1506
1531,868,866,864,180,358,538,1406
1532,894,892,894,178,360,538,1432
1533,916,918,916,180,358,538,1454
1534,880,882,882,182,358,540,1420
1535,884,884,886,182,360,542,1426
1536,888,886,888,180,362,542,1430
1537,892,898,898,186,362,548,1440
1538,944,940,936,182,358,540,1484
1539,892,896,896,186,358,544,1436
1540,898,894,894,182,358,540,1438
1541,912,910,914,180,362,542,1454
1542,940,940,938,180,360,540,1480
1543,924,926,924,182,358,540,1464
1544,880,882,882,184,358,542,1422
1545,876,870,874,178,362,540,1416
1546,926,926,928,178,364,542,1468
1547,898,900,892,180,356,536,1434
1548,896,900,900,184,356,540,1436
1549,870,864,866,178,358,536,1406
1550,920,876,878,178,360,538,1414
1551,970,894,896,178,362,540,1510
1552,890,894,892,182,360,542,1432
1553,876,878,876,184,358,542,1418
1554,856,852,850,180,356,536,1392
1555,834,916,922,183,362,539,1458
1556,968,892,886,186,356,542,1510
1557,888,882,880,180,354,534,1422
1558,886,886,890,180,358,538,1424
1559,906,906,910,180,362,542,1448
1560,930,934,932,184,360,544,1474
1561,956,956,960,184,364,548,1504
1562,918,920,914,186,358,544,1462
1563,922,916,918,180,360,540,1462
1564,944,944,944,180,360,540,1484
1565,942,944,946,182,362,544,1486
1566,938,938,934,182,358,540,1478
1567,900,896,896,178,358,536,1436
1568,924,928,932,182,362,544,1468
1569,934,934,934,182,362,544,1478
1570,908,908,904,182,358,540,1448
1571,882,882,886,182,362,544,1426
1572,922,916,914,176,360,536,1458
1573,914,920,922,182,362,544,1458
1574,916,920,916,186,358,544,1460
1575,862,860,860,184,358,542,1404
1576,884,878,884,178,364,542,1426
1577,920,922,920,180,362,542,1462
1578,908,916,914,188,360,548,1456
1579,898,896,898,186,362,548,1446
1580,904,894,896,176,364,540,1444
1581,910,916,912,182,360,542,1452
1582,946,946,948,182,362,544,1490
1583,912,918,916,188,360,548,1460
1584,840,910,912,184,362,545,1460
1585,1012,934,934,180,362,542,1554
1586,944,944,944,180,362,542,1486
1587,912,914,912,182,360,542,1454
1588,922,922,922,182,360,542,1464
1589,936,934,938,180,364,544,1480
1590,944,952,952,188,364,552,1496
1591,948,942,940,182,362,544,1492
1592,834,916,916,181,362,543,1460
1593,980,896,896,180,362,542,1522
1594,928,926,928,178,364,542,1470
1595,910,914,910,182,360,542,1452
1596,884,884,884,182,360,542,1426
1597,870,870,870,182,360,542,1412
1598,906,856,854,181,358,542,1396
1599,942,872,876,180,362,542,1484
1600,874,872,870,178,360,538,1412
1601,866,870,866,182,356,538,1404
1602,862,862,864,182,358,540,1402
1603,916,910,914,176,362,538,1454
1604,902,908,908,182,362,544,1446
1605,908,908,906,182,360,542,1450
1606,935,886,884,180,358,542,1426
1607,962,874,880,178,364,542,1504
1608,890,892,886,180,358,538,1428
1609,890,892,896,182,362,544,1434
1610,868,872,868,186,358,544,1412
1611,876,870,872,180,360,540,1416
1612,932,932,934,180,362,542,1474
1613,904,904,904,180,362,542,1446
1614,880,884,880,184,358,542,1422
1615,880,880,884,184,362,546,1426
1616,908,906,906,182,362,544,1452
1617,936,936,938,182,364,546,1482
1618,904,906,902,184,360,544,1448
1619,890,888,888,182,360,542,1432
1620,894,892,894,180,362,542,1436
1621,922,922,924,180,364,544,1466
1622,936,938,934,182,360,542,1478
1623,916,912,912,178,360,538,1454
1624,880,884,884,182,360,542,1422
1625,912,906,908,176,362,538,1450
1626,930,932,928,178,358,536,1466
1627,902,904,908,180,362,542,1444
1628,894,894,896,180,364,544,1438
1629,892,892,888,180,360,540,1432
1630,904,906,908,182,362,544,1448
1631,902,900,900,180,362,542,1444
1632,882,880,878,178,360,538,1420
1633,844,846,844,180,358,538,1382
1634,862,864,868,182,362,544,1406
1635,866,860,858,176,360,536,1402
1636,860,866,864,182,358,540,1400
1637,874,874,872,182,356,538,1412
1638,864,860,864,178,360,538,1402
1639,886,888,886,180,358,538,1424
1640,902,908,912,186,362,548,1450
1641,898,898,900,186,364,550,1448
1642,902,902,898,186,360,546,1448
1643,930,924,926,180,362,542,1472
1644,970,972,976,182,366,548,1518
1645,932,930,922,180,358,538,1470
1646,904,908,912,184,362,546,1450
1647,922,920,920,182,362,544,1466
1648,967,904,902,180,360,542,1446
1649,1012,922,924,178,362,540,1552
1650,876,880,878,182,360,542,1418
1651,902,896,900,176,364,540,1442
1652,894,900,896,182,360,542,1436
1653,912,912,912,182,360,542,1454
1654,880,882,880,184,358,542,1422
1655,943,878,880,182,360,545,1422
1656,1006,932,940,180,368,548,1554
1657,944,946,940,182,362,544,1488
1658,922,922,922,182,362,544,1466
1659,930,926,928,178,364,542,1472
1660,864,956,960,181,368,544,1502
1661,1024,938,932,184,362,546,1570
1662,918,914,914,180,362,542,1460
1663,900,898,900,178,364,542,1442
1664,932,930,928,176,362,538,1470
1665,934,942,944,184,364,548,1482
1666,902,900,896,182,360,542,1444
1667,898,894,896,178,362,540,1438
1668,900,904,906,182,364,546,1446
1669,894,894,890,182,360,542,1436
1670,886,884,886,180,362,542,1428
1671,864,862,858,178,358,536,1400
1672,868,868,872,178,362,540,1408
1673,896,898,900,180,364,544,1440
1674,874,876,874,182,362,544,1418
1675,870,868,866,180,360,540,1410
1676,878,878,876,180,358,538,1416
1677,916,912,918,176,364,540,1456
1678,922,928,928,182,364,546,1468
1679,886,886,880,182,358,540,1426
1680,882,882,884,182,360,542,1424
1681,898,898,902,182,364,546,1444
1682,936,934,934,180,364,544,1480
1683,914,918,916,184,362,546,1460
1684,892,888,886,180,360,540,1432
1685,900,898,902,178,364,542,1442
1686,938,940,942,180,366,546,1484
1687,940,938,936,178,364,542,1482
1688,914,920,916,184,360,544,1458
1689,914,912,916,182,364,546,1460
1690,916,912,910,178,362,540,1456
1691,956,956,960,178,366,544,1500
1692,944,944,942,178,364,542,1486
1693,898,902,900,182,362,544,1442
1694,904,906,906,184,362,546,1450
1695,902,894,894,176,362,538,1440
1696,888,894,896,182,364,546,1434
1697,892,890,886,180,360,540,1432
1698,876,878,878,182,360,542,1418
1699,884,882,882,180,360,540,1424
1700,904,906,908,182,362,544,1448
1701,910,912,914,184,364,548,1458
1702,894,894,892,184,362,546,1440
1703,914,912,910,182,360,542,1456
1704,904,904,906,182,362,544,1448
1705,924,924,926,182,364,546,1470
1706,906,902,898,178,360,538,1444
1707,890,892,894,180,362,542,1432
1708,882,884,884,182,362,544,1426
1709,900,898,902,180,366,546,1446
1710,926,926,924,180,364,544,1470
1711,940,942,940,182,362,544,1484
1712,912,914,914,184,362,546,1458
1713,922,918,920,180,364,544,1466
1714,948,956,956,188,364,552,1500
1715,964,958,956,182,362,544,1508
1716,918,922,924,186,364,550,1468
1717,908,902,898,180,360,540,1448
1718,914,918,920,184,362,546,1460
1719,932,928,932,180,366,546,1478
1720,926,930,930,184,366,550,1476
1721,922,922,918,184,362,546,1468
1722,922,920,922,182,364,546,1468
1723,910,910,912,182,366,548,1458
1724,928,928,928,182,366,548,1476
1725,930,932,928,184,362,546,1476
1726,908,910,912,186,364,550,1458
1727,910,904,902,180,362,542,1452
1728,928,928,932,180,366,546,1474
1729,936,936,936,180,366,546,1482
1730,914,920,916,186,362,548,1462
1731,914,914,916,186,364,550,1464
1732,930,924,924,180,364,544,1474
1733,972,976,978,184,366,550,1522
1734,946,946,944,184,364,548,1494
1735,928,928,926,184,362,546,1474
1736,930,926,926,180,362,542,1472
1737,934,940,944,186,366,552,1486
1738,946,938,936,178,364,542,1488
1739,912,916,914,182,362,544,1456
1740,914,912,914,180,364,544,1458
1741,922,924,924,182,364,546,1468
1742,948,948,948,182,364,546,1494
1743,934,932,930,180,362,542,1476
1744,910,912,912,182,362,544,1454
1745,906,908,910,184,364,548,1454
1746,924,916,918,176,366,542,1466
1747,928,932,930,180,364,544,1472
1748,922,924,920,182,360,542,1464
1749,878,878,878,182,360,542,1420
1750,890,888,892,180,364,544,1434
1751,902,900,900,178,364,542,1444
1752,900,900,898,178,362,540,1440
1753,868,874,872,184,360,544,1412
1754,864,862,864,182,362,544,1408
1755,880,880,880,182,362,544,1424
1756,920,916,920,178,366,544,1464
1757,894,898,896,182,364,546,1440
1758,862,860,858,180,362,542,1404
1759,882,884,886,182,364,546,1428
1760,882,878,878,178,364,542,1424
1761,890,898,898,186,364,550,1440
1762,890,886,882,182,360,542,1432
1763,882,884,884,184,360,544,1426
1764,886,886,888,184,362,546,1432
1765,926,922,926,180,366,546,1472
1766,920,924,922,184,364,548,1468
1767,900,900,898,184,362,546,1446
1768,880,878,880,182,364,546,1426
1769,910,908,908,180,364,544,1454
1770,896,898,900,182,366,548,1444
1771,888,892,888,186,362,548,1436
1772,890,888,888,184,362,546,1436
1773,894,892,894,182,364,546,1440
1774,930,930,932,182,366,548,1478
1775,912,912,910,182,364,546,1458
1776,896,896,892,182,360,542,1438
1777,890,888,890,180,362,542,1432
1778,890,888,888,178,362,540,1430
1779,898,906,908,186,364,550,1448
1780,910,906,906,182,364,546,1456
1781,890,888,884,180,360,540,1430
1782,872,872,874,180,362,542,1414
1783,884,882,882,178,362,540,1424
1784,924,926,928,180,364,544,1468
1785,892,894,894,182,364,546,1438
1786,876,878,872,184,358,542,1418
1787,890,888,892,182,362,544,1434
1788,902,900,902,180,364,544,1446
1789,940,944,944,184,364,548,1488
1790,912,912,910,184,362,546,1458
1791,892,890,890,182,362,544,1436
1792,884,882,882,180,362,542,1426
1793,888,886,886,178,362,540,1428
1794,866,868,864,180,358,538,1404
1795,854,854,856,180,360,540,1394
1796,880,878,880,178,362,540,1420
1797,896,900,898,182,360,542,1438
1798,870,868,864,180,356,536,1406
1799,870,874,874,184,356,540,1410
1800,880,878,882,182,360,542,1422
1801,952,954,958,184,364,548,1500
1802,942,944,942,186,362,548,1490
1803,896,894,890,184,358,542,1438
1804,876,874,876,182,360,542,1418
1805,888,882,886,176,364,540,1428
1806,900,900,898,176,362,538,1438
1807,866,874,870,184,358,542,1408
1808,876,876,876,184,358,542,1418
1809,876,872,874,180,360,540,1416
1810,914,912,916,178,364,542,1456
1811,898,906,902,186,360,546,1444
1812,884,880,880,182,360,542,1426
1813,874,876,876,184,360,544,1418
1814,878,878,878,184,360,544,1422
1815,964,960,966,180,366,546,1510
1816,920,920,916,180,362,542,1462
1817,930,932,932,182,362,544,1474
1818,900,900,900,182,362,544,1444
1819,874,870,866,178,358,536,1410
1820,944,944,950,178,364,542,1486
1821,956,964,966,186,366,552,1508
1822,966,964,960,184,362,546,1512
1823,938,938,938,184,362,546,1484
1824,952,952,956,184,366,550,1502
1825,1018,1014,1012,180,364,544,1562
1826,962,966,968,184,366,550,1512
1827,956,952,948,180,362,542,1498
1828,924,928,928,184,362,546,1470
1829,934,932,934,182,364,546,1480
1830,980,986,990,188,368,556,1536
1831,956,948,944,180,364,544,1500
1832,958,956,958,178,366,544,1502
1833,934,940,936,184,362,546,1480
1834,940,938,942,182,366,548,1488
1835,964,966,968,184,368,552,1516
1836,986,988,986,186,366,552,1538
1837,994,992,992,184,366,550,1544
1838,958,960,956,186,362,548,1506
1839,940,938,938,184,362,546,1486
1840,960,956,960,180,366,546,1506
1841,956,958,960,182,368,550,1506
1842,938,938,938,182,368,550,1488
1843,918,916,906,180,358,538,1456
1844,902,904,910,182,364,546,1448
1845,898,894,896,178,366,544,1442
1846,924,930,928,184,364,548,1472
1847,956,954,954,182,364,546,1502
1848,942,944,944,184,364,548,1490
1849,930,928,928,182,364,546,1476
1850,926,928,930,184,366,550,1476
1851,968,968,968,184,366,550,1518
1852,964,960,960,180,366,546,1510
1853,934,934,932,180,364,544,1478
1854,924,928,928,184,364,548,1472
1855,938,934,936,180,366,546,1484
1856,942,942,942,180,366,546,1488
1857,946,950,946,184,362,546,1492
1858,934,934,934,184,362,546,1480
1859,928,924,924,180,362,542,1470
1860,936,940,944,184,366,550,1486
1861,952,948,944,180,362,542,1494
1862,922,922,920,180,360,540,1462
1863,906,908,908,182,360,542,1448
1864,916,914,918,180,364,544,1460
1865,932,930,932,178,366,544,1476
1866,914,914,914,178,366,544,1458
1867,888,892,888,182,362,544,1432
1868,876,876,874,182,360,542,1418
1869,908,908,914,182,366,548,1456
1870,940,938,938,180,366,546,1486
1871,922,922,920,180,364,544,1466
1872,872,876,872,184,360,544,1416
1873,898,894,896,180,362,542,1440
1874,882,882,880,180,360,540,1422
1875,928,930,938,182,368,550,1478
1876,928,928,924,182,364,546,1474
1877,904,906,906,184,364,548,1452
1878,912,912,916,184,368,552,1464
1879,1004,1004,1004,184,368,552,1556
1880,996,996,998,184,370,554,1550
1881,978,978,974,184,366,550,1528
1882,954,952,952,182,366,548,1502
1883,956,958,960,184,368,552,1508
1884,976,972,974,180,370,550,1526
1885,960,960,956,180,366,546,1506
1886,930,928,924,178,362,540,1470
1887,914,914,918,178,366,544,1458
1888,908,908,908,178,366,544,1452
1889,902,902,902,178,366,544,1446
1890,888,888,884,178,362,540,1428
1891,858,862,862,182,362,544,1402
1892,884,880,882,178,364,542,1426
1893,916,918,918,180,364,544,1460
1894,898,896,898,178,366,544,1442
1895,856,860,854,182,360,542,1398
1896,872,870,872,180,362,542,1414
1897,904,904,906,180,364,544,1448
1898,916,916,920,180,368,548,1464
1899,904,904,896,180,360,540,1444
1900,868,866,868,178,362,540,1408
1901,892,896,898,182,364,546,1438
1902,910,912,910,184,362,546,1456
1903,920,914,918,178,366,544,1464
1904,894,900,896,184,362,546,1440
1905,900,898,898,182,362,544,1444
1906,908,908,908,182,362,544,1452
1907,934,930,932,178,364,542,1476
1908,924,928,928,182,364,546,1470
1909,920,924,920,186,360,546,1466
1910,898,894,898,182,364,546,1444
1911,920,916,918,178,366,544,1464
1912,932,934,932,180,364,544,1476
1913,956,958,960,182,366,548,1504
1914,928,932,930,186,364,550,1478
1915,920,914,916,180,366,546,1466
1916,954,952,956,178,370,548,1502
1917,958,958,954,178,366,544,1502
1918,924,930,928,184,364,548,1472
1919,912,912,912,184,364,548,1460
1920,942,936,938,178,366,544,1486
1921,954,954,954,178,366,544,1498
1922,930,934,930,182,362,544,1474
1923,910,910,912,182,364,546,1456
1924,944,942,946,180,368,548,1492
1925,918,918,914,180,364,544,1462
1926,924,926,928,182,366,548,1472
1927,900,902,900,184,364,548,1448
1928,900,900,898,184,362,546,1446
1929,942,940,944,182,366,548,1490
1930,960,958,958,180,366,546,1506
1931,912,914,912,182,364,546,1458
1932,908,908,910,182,366,548,1456
1933,920,922,918,184,362,546,1466
1934,950,946,954,180,370,550,1500
1935,938,936,932,178,366,544,1482
1936,898,900,898,180,364,544,1442
1937,898,896,898,178,366,544,1442
1938,916,916,918,178,368,546,1462
1939,906,908,906,180,366,546,1452
1940,916,920,916,184,362,546,1462
1941,880,878,880,182,364,546,1426
1942,924,924,926,182,366,548,1472
1943,972,978,982,188,370,558,1530
1944,1012,1004,1004,180,370,550,1562
1945,980,984,982,184,368,552,1532
1946,950,948,946,182,366,548,1498
1947,948,950,950,184,366,550,1498
1948,968,966,970,182,370,552,1520
1949,976,972,972,178,370,548,1524
1950,952,958,956,184,368,552,1504
1951,930,928,926,182,366,548,1478
1952,940,936,938,178,368,546,1486
1953,946,946,946,178,368,546,1492
1954,942,950,948,186,366,552,1494
1955,940,938,940,184,368,552,1492
1956,936,932,932,180,368,548,1484
1957,974,978,982,184,372,556,1530
1958,978,978,974,184,368,552,1530
1959,986,978,982,176,372,548,1534
1960,940,946,942,182,368,550,1490
1961,934,932,930,180,366,546,1480
1962,924,926,926,182,366,548,1472
1963,944,940,942,178,368,546,1490
1964,944,948,950,182,370,552,1496
1965,922,922,918,182,366,548,1470
1966,910,912,912,184,366,550,1460
1967,924,922,920,182,364,546,1470
1968,956,956,962,182,370,552,1508
1969,950,948,946,180,368,548,1498
1970,926,928,926,182,366,548,1474
1971,906,906,902,182,362,544,1450
1972,906,902,908,178,368,546,1452
1973,906,910,908,182,366,548,1454
1974,912,910,912,180,368,548,1460
1975,882,880,876,178,364,542,1424
1976,868,868,868,178,364,542,1410
1977,896,898,898,180,364,544,1440
1978,938,938,942,180,368,548,1486
1979,926,926,924,180,366,546,1472
1980,906,908,908,182,366,548,1454
1981,902,896,892,176,362,538,1440
1982,906,910,914,180,366,546,1452
1983,938,936,936,178,366,544,1482
1984,944,950,948,184,364,548,1492
1985,922,918,920,180,366,546,1468
1986,914,910,908,176,364,540,1454
1987,920,920,924,176,368,544,1464
1988,944,944,944,176,368,544,1488
1989,948,954,954,182,368,550,1498
1990,936,936,932,182,364,546,1482
1991,918,916,916,180,364,544,1462
1992,928,928,928,180,364,544,1472
1993,982,982,986,180,368,548,1530
1994,978,982,980,184,366,550,1528
1995,942,940,942,182,368,550,1492
1996,934,932,930,180,366,546,1480
1997,944,944,946,180,368,548,1492
1998,956,954,954,178,368,546,1502
1999,964,966,968,180,370,550,1514
2000,912,912,906,180,364,544,1456
2001,882,884,882,182,362,544,1426
2002,910,904,910,176,368,544,1454
2003,916,920,922,180,370,550,1466
2004,944,946,944,182,368,550,1494
2005,930,932,932,184,368,552,1482
2006,924,926,924,186,366,552,1476
2007,936,934,938,184,370,554,1490
2008,926,922,922,180,370,550,1476
2009,944,942,942,178,370,548,1492
2010,950,952,952,180,370,550,1500
2011,926,926,926,180,370,550,1476
2012,934,934,932,180,368,548,1482
2013,956,956,956,180,368,548,1504
2014,986,988,992,182,372,554,1540
2015,988,990,986,184,368,552,1540
2016,980,978,978,182,368,550,1530
2017,958,964,964,188,368,556,1514
2018,974,964,964,178,368,546,1520
2019,964,966,968,180,370,550,1514
2020,970,972,968,182,366,548,1518
2021,942,942,942,182,366,548,1490
2022,938,938,940,182,368,550,1488
2023,944,942,942,180,368,548,1492
2024,968,968,968,180,368,548,1516
2025,964,966,964,182,366,548,1512
2026,950,952,950,184,364,548,1498
2027,940,940,942,184,366,550,1490
2028,944,942,942,182,366,548,1492
2029,986,988,990,184,368,552,1538
2030,952,952,954,184,370,554,1506
2031,942,938,936,180,368,548,1490
2032,922,920,918,178,366,544,1466
2033,916,920,920,182,366,548,1464
2034,906,902,902,178,366,544,1450
2035,956,958,960,180,368,548,1504
2036,968,972,976,184,372,556,1524
2037,968,972,966,188,366,554,1522
2038,958,956,960,186,370,556,1514
2039,962,962,962,186,370,556,1518
2040,992,992,994,186,372,558,1550
2041,1012,1010,1008,184,370,554,1566
2042,974,972,972,182,370,552,1526
2043,958,958,954,182,366,548,1506
2044,954,952,952,180,366,546,1500
2045,956,958,962,182,370,552,1508
2046,950,950,948,182,368,550,1500
2047,940,944,940,186,364,550,1490
2048,932,928,930,182,366,548,1480
2049,924,926,928,184,368,552,1476
2050,962,958,958,180,368,548,1510
2051,960,962,964,182,370,552,1512
2052,938,940,938,184,368,552,1490
2053,938,932,932,178,368,546,1484
2054,924,928,930,182,370,552,1476
2055,928,926,922,180,366,546,1474
2056,910,912,910,182,364,546,1456
2057,928,928,930,182,366,548,1476
2058,952,952,956,182,370,552,1504
2059,958,964,964,188,370,558,1516
2060,966,962,958,184,366,550,1516
2061,946,946,946,184,366,550,1496
2062,932,926,930,178,370,548,1480
2063,948,954,954,184,370,554,1502
2064,962,962,962,184,370,554,1516
2065,944,948,944,188,366,554,1498
2066,938,934,936,184,368,552,1490
2067,922,922,924,184,370,554,1476
2068,964,964,966,184,372,556,1520
2069,998,1000,1000,186,372,558,1556
2070,994,996,994,188,370,558,1552
2071,988,986,986,186,370,556,1544
2072,1000,996,1000,182,372,556,1556
2073,1052,1029,1031,186,373,560,1589
2074,992,1018.5,1019.5,184,373.5,558,1577.5
2075,932,1008,1008,181,372.75,554,1566
2076,1050,968,966,178,372,550,1600
2077,966,966,966,178,372,550,1516
2078,966,966,966,178,372,550,1516
2079,964,966,962,180,368,548,1512
2080,920,922,920,182,366,548,1468
2081,918,914,916,178,368,546,1464
2082,928,928,932,178,372,550,1478
2083,924,926,922,180,368,548,1472
2084,914,918,916,184,366,550,1464
2085,912,906,904,178,364,542,1454
2086,910,910,912,178,366,544,1454
2087,924,930,936,184,372,556,1480
2088,930,932,928,186,368,554,1484
2089,916,914,912,184,366,550,1466
2090,910,910,912,184,368,552,1462
2091,930,928,930,182,370,552,1482
2092,928,928,926,182,368,550,1478
2093,950,952,952,184,368,552,1502
2094,922,922,920,184,366,550,1472
2095,918,918,918,184,366,550,1468
2096,948,944,948,180,370,550,1498
2097,944,944,944,180,370,550,1494
2098,934,938,936,184,368,552,1486
2099,938,938,940,184,370,554,1492
2100,930,932,930,186,368,554,1484
2101,964,958,962,180,372,552,1516
2102,978,984,984,186,372,558,1536
2103,976,970,970,180,372,552,1528
2104,936,938,930,182,364,546,1482
2105,942,940,944,180,368,548,1490
2106,970,968,972,178,372,550,1520
2107,960,962,960,180,370,550,1510
2108,928,936,932,188,366,554,1482
2109,948,942,944,182,368,550,1498
2110,976,976,978,182,370,552,1528
2111,960,960,962,182,372,554,1514
2112,948,942,940,176,370,546,1494
2113,918,924,924,182,370,552,1470
2114,904,900,900,178,370,548,1452
2115,908,864,862,177,368,543,1410
2116,912,842,836,176,362,538,1450
2117,870,832,827,180,364,544,1406
2118,841,825,826.5,180,360,534,1383
2119,828.5,820.5,819.25,180,368,548,1371.5
2120,833.25,826.25,826.625,180,364,544,1374.75
2121,838,832,834,179,366,540,1378
2122,835,831,830,178,368,546,1370
2123,832,830,835,176,354,573,1370
2124,819,830,840,215,364,592.5,1370
2125,863.5,830,837,195.5,358,565.25,1418
2126,908,830,834,176,362,538,1446
2127,856,818,819,176,360,536,1393
2128,828,808,809.5,178,358,536,1364.5
2129,807,799,798.75,176,360,536,1344.25
2130,793.5,787.5,787.375,180,358,538,1329.125
2131,783.75,782.75,781.688,176,358,534,1319.562
2132,781.875,777.375,775.844,180,356,536,1312.781
2133,778.938,777.688,776.922,177,354,532,1308.391
2134,786.469,784.844,785.461,174.5,354,530,1315.195
2135,782.234,782.422,782.73,174.25,356,530,1311.598
2136,779.117,778.211,777.365,173.125,356,528,1306.799
2137,777.559,777.105,777.683,172.562,354,528,1305.399
2138,777.779,777.553,775.841,172.281,356,526,1303.7
2139,784.89,785.776,785.921,173.141,352,527,1311.85
2140,819.445,816.888,818.96,170.57,354,526.5,1345.925
2141,854,848,852,173.285,358,531.25,1380
2142,860,868,870,176,360,536,1396
2143,854,848,844,174,356,533,1380
2144,844,846,848,173,358,530.5,1374
2145,832,832,830,173.5,356,532.25,1372
2146,836,838,842,174.75,360,534,1370
2147,860,862,860,176,358,534,1394
2148,966,970,976,180,364,544,1510
2149,1010,1014,1016,184,366,550,1560
2150,1010,1012,1008,186,362,548,1558
2151,1000,1000,1000,186,362,548,1548
2152,980,970,972,176,364,540,1520
2153,972,976,978,180,366,546,1518
2154,992,994,990,182,362,544,1536
2155,958,956,958,180,364,544,1502
2156,930,934,932,184,362,546,1476
2157,964,960,962,180,364,544,1508
2158,976,976,980,180,368,548,1524
2159,982,980,976,178,364,542,1524
2160,942,944,944,180,364,544,1486
2161,936,934,934,178,364,542,1478
2162,944,950,952,184,366,550,1494
2163,1012,1012,1010,184,364,548,1560
2164,964,960,960,180,364,544,1508
2165,922,926,926,184,364,548,1470
2166,916,914,914,182,364,546,1462
2167,894,888,886,176,362,538,1432
2168,900,902,902,178,362,540,1440
2169,954,966,970,190,366,556,1510
2170,960,960,960,190,366,556,1516
2171,986,988,990,192,368,560,1546
2172,1002,1000,1000,190,368,558,1560
2173,1054,1052,1052,188,368,556,1610
2174,1056,1052,1051,192,370,562,1611
2175,1041,1052,1050,186,368,554,1594.5
2176,1026,1026,1024,186,366,552,1578
2177,988,990,990,188,366,554,1542
2178,992,986,988,182,368,550,1542
2179,966,968,970,184,370,554,1520
2180,978,980,976,186,366,552,1530
2181,958,960,960,188,366,554,1512
2182,954,952,954,186,368,554,1508
2183,984,986,984,188,366,554,1538
2184,1004,1004,1004,188,366,554,1558
2185,1000,998,998,186,366,552,1552
2186,968,968,968,186,366,552,1520
2187,960,958,958,184,366,550,1510
2188,972,972,976,184,370,554,1526
2189,986,988,986,186,368,554,1540
2190,948,950,946,188,364,552,1500
2191,966,960,964,182,368,550,1516
2192,968,970,972,184,370,554,1522
2193,966,968,966,186,368,554,1520
2194,952,950,948,184,366,550,1502
2195,958,958,962,184,370,554,1512
2196,988,990,990,186,370,556,1544
2197,990,992,988,188,366,554,1544
2198,970,964,964,182,366,548,1518
2199,928,934,932,188,364,552,1480
2200,926,922,928,184,370,554,1480
2201,938,936,934,182,368,550,1488
2202,934,938,938,186,368,554,1488
2203,928,926,928,184,370,554,1482
2204,938,946,944,192,368,560,1498
2205,968,964,966,188,370,558,1526
2206,1000,1000,1000,186,371,560,1560
2207,1032,1036,1034,190,372,562,1594
2208,1033,1034,1054,190,370,560,1594
2209,1034,1032,1034,188,372,560,1594
2210,1028,1028,1028,188,372,560,1588
2211,1054,1055,1055,188,373,562,1616
2212,1046,1047.5,1046.5,190,372.5,564,1609
2213,1038,1040,1038,192,372,564,1602
2214,1020,1016,1016,188,372,560,1580
2215,1052,1048,1050,184,373,558,1610
2216,1044,1050,1050,190,372.5,564,1608
2217,1032,1030,1028,188,372,560,1592
2218,990,992,992,190,372,562,1552
2219,1008,1002,1004,184,373,558,1566
2220,1006,1010,1010,188,372.5,562,1568
2221,996,994,992,186,372,558,1554
2222,966,968,966,188,370,558,1524
2223,956,950,954,182,372,556,1512
2224,956,960,960,186,372,560,1516
2225,970,972,970,188,372,560,1530
2226,986,984,980,186,368,554,1540
2227,968,968,972,186,372,558,1526
2228,942,942,942,186,372,558,1500
2229,958,956,960,184,371,560,1518
2230,978,982,976,188,370,558,1536
2231,982,982,982,188,370,558,1540
2232,1008,1010,1012,190,372,562,1570
2233,956,952,952,186,372,558,1514
2234,964,966,966,188,372,560,1524
2235,998,996,998,186,372,560,1558
2236,992,994,992,188,372,560,1552
2237,1000,998,1004,186,374,564,1564
2238,1032,1034,1032,188,375,564,1596
2239,1044,1042,1042,186,374.5,562,1606
2240,1014,1018,1016,190,374.25,564,1578
2241,992,988,988,186,375.125,560,1552
2242,1008,1000,1002,178,375.562,554,1562
2243,1020,1028,1028,186,372.781,562,1582
2244,992,992,986,186,370,556,1548
2245,976,976,978,186,372,558,1534
2246,954,952,954,184,373,558,1512
2247,966,968,968,186,373.5,560,1526
2248,958,958,958,186,372.75,560,1518
2249,942,942,940,186,372,558,1500
2250,932,932,930,186,370,556,1488
2251,924,924,928,186,372,560,1484
2252,946,944,944,184,373,558,1504
2253,950,948,948,182,371.5,556,1506
2254,952,952,948,182,370,552,1504
2255,938,942,944,186,372,558,1496
2256,960,958,960,184,374,558,1518
2257,978,978,980,184,373,560,1538
2258,990,992,988,186,372,558,1548
2259,964,968,966,190,370,560,1524
2260,956,952,956,186,372,560,1516
2261,990,992,992,188,374,562,1552
2262,1024,1022,1024,186,373,562,1586
2263,1016,1018,1014,188,372,560,1576
2264,1004,1002,1006,186,373,562,1566
2265,978,976,974,184,373.5,558,1536
2266,978,976,976,182,374.75,556,1534
2267,1000,1002,1004,184,375.375,560,1560
2268,982,982,982,184,373.688,560,1542
2269,962,962,958,184,372,556,1518
2270,956,956,960,184,373,560,1516
2271,976,976,974,184,373.5,558,1534
2272,974,974,974,184,373.75,558,1532
2273,952,956,956,188,372.875,562,1514
2274,954,954,952,188,372,560,1514
2275,976,974,976,186,373,560,1536
2276,958,958,958,186,373.5,560,1518
2277,980,978,978,184,372.75,558,1538
2278,942,946,944,188,372,560,1502
2279,942,936,934,182,370,552,1494
2280,944,942,948,180,374,556,1500
2281,976,978,980,182,373,560,1536
2282,956,960,954,186,372,558,1514
2283,970,974,976,190,373,564,1534
2284,966,964,964,188,373.5,562,1528
2285,1002,998,998,184,374.75,558,1560
2286,976,976,978,184,373.375,560,1536
2287,972,970,966,182,372,554,1526
2288,950,956,958,188,371,562,1512
2289,948,946,942,186,370,556,1504
2290,984,980,984,182,373,556,1540
2291,992,998,1000,188,372.5,564,1556
2292,978,978,974,188,372,560,1538
2293,988,984,988,184,373,560,1548
2294,1012,1010,1008,182,375.5,556,1568
2295,982,984,988,184,374.75,562,1544
2296,978,976,972,182,373.375,556,1534
2297,958,958,956,182,372,554,1512
2298,952,954,952,184,370,554,1506
2299,952,946,950,178,372,552,1504
2300,958,964,964,184,371,558,1516
2301,952,952,948,184,370,554,1506
2302,958,962,962,188,370,558,1516
2303,974,972,974,186,372,558,1532
2304,990,988,990,184,374,558,1548
2305,1044,1048,1050,188,373,564,1608
2306,1032,1036,1032,192,372,564,1596
2307,1006,1004,1006,190,373,564,1570
2308,1004,1000,1000,186,375.5,560,1564
2309,1014,1006,1010,178,374.75,556,1570
2310,1014,1022,1018,186,373.375,560,1574
2311,994,996,994,188,372,560,1554
2312,966,962,964,184,373,558,1524
2313,960,962,962,186,374.5,560,1520
2314,988,984,986,182,375.25,558,1546
2315,1000,1002,1002,184,374.625,560,1560
2316,958,962,960,188,374.312,562,1520
2317,962,962,962,188,376.156,562,1524
2318,974,970,974,184,375.078,562,1536
2319,1004,1006,1002,186,374.539,560,1564
2320,990,988,988,184,374.27,558,1548
2321,956,952,952,180,374.135,554,1510
2322,944,944,944,180,374.067,554,1498
2323,942,942,942,180,374.034,554,1496
2324,950,954,954,184,371.017,558,1508
2325,936,938,932,186,368,554,1490
2326,926,922,926,182,372,554,1480
2327,906,910,908,186,370,556,1462
2328,940,938,942,184,372,558,1498
2329,944,944,944,184,374,558,1502
2330,954,952,954,182,372,558,1512
2331,942,944,938,184,370,554,1496
2332,926,928,928,186,370,556,1482
2333,970,966,970,182,371,556,1526
2334,974,976,974,184,372,556,1530
2335,954,958,954,188,368,556,1510
2336,946,942,944,184,370,554,1500
2337,924,926,928,186,372,558,1482
2338,936,932,934,182,372,556,1492
2339,952,956,954,186,372,558,1510
2340,932,934,934,188,372,560,1492
2341,928,926,924,186,370,556,1484
2342,932,932,932,186,370,556,1488
2343,954,956,956,188,370,558,1512
2344,966,966,968,188,372,560,1526
2345,966,964,962,186,370,556,1522
2346,934,932,934,184,372,556,1490
2347,922,922,922,184,372,556,1478
2348,932,932,930,184,370,554,1486
2349,936,932,930,180,368,548,1484
2350,904,908,910,184,370,554,1458
2351,916,918,914,186,366,552,1468
2352,948,946,954,184,370,558,1506
2353,980,980,980,184,370,558,1538
2354,972,980,976,192,370,562,1534
2355,962,954,958,184,370,558,1520
2356,938,944,940,190,370,560,1498
2357,968,962,964,184,372,556,1524
2358,964,968,968,188,372,560,1524
2359,978,972,972,182,372,554,1532
2360,954,954,952,182,370,552,1506
2361,928,930,928,184,368,552,1480
2362,936,932,936,180,372,552,1488
2363,940,942,942,182,372,554,1494
2364,950,948,948,180,372,552,1502
2365,916,920,916,184,368,552,1468
2366,932,928,930,180,370,550,1482
2367,928,932,930,184,368,552,1480
2368,926,924,926,182,370,552,1478
2369,948,948,948,182,370,552,1500
2370,940,944,942,186,368,554,1494
2371,948,948,954,186,370,560,1508
2372,996,998,996,188,372,560,1556
2373,1038,1036,1036,186,372,558,1596
2374,996,1002,1000,192,370,562,1558
2375,996,990,990,186,370,556,1552
2376,1020,1020,1024,186,373,560,1580
2377,1008,1008,1010,186,372.5,562,1570
2378,986,984,980,184,372,556,1542
2379,962,966,964,188,370,558,1520
2380,962,954,958,180,371,554,1516
2381,970,974,972,184,372,556,1526
2382,990,984,986,178,371,552,1542
2383,966,974,970,186,370,556,1522
2384,962,964,960,188,366,554,1516
2385,946,948,954,190,372,562,1508
2386,984,978,978,184,372,556,1540
2387,988,986,988,182,371,556,1544
2388,976,978,974,184,370,554,1530
2389,952,954,954,186,370,556,1508
2390,946,944,944,184,370,554,1500
2391,952,950,952,182,372,554,1506
2392,964,968,968,186,372,558,1522
2393,952,956,954,190,370,560,1512
2394,946,944,942,188,368,556,1502
2395,930,924,926,182,370,552,1482
2396,956,960,964,186,370,560,1516
2397,956,954,950,184,370,554,1510
2398,934,936,936,186,370,556,1490
2399,926,924,922,184,368,552,1478
2400,940,940,942,184,370,554,1494
2401,976,980,984,188,371,562,1538
2402,1004,1006,1004,190,372,562,1566
2403,974,966,964,182,370,552,1526
2404,952,952,954,182,372,554,1506
2405,972,972,972,182,372,554,1526
2406,968,972,970,186,370,556,1524
2407,980,974,976,180,372,552,1532
2408,940,944,942,184,370,554,1494
2409,938,938,938,184,370,554,1492
2410,948,944,946,180,372,552,1500
2411,948,954,952,186,370,556,1504
2412,942,940,940,184,370,554,1496
2413,926,926,922,184,366,550,1476
2414,930,932,936,186,370,556,1486
2415,964,962,964,184,372,556,1520
2416,958,960,954,186,366,552,1510
2417,960,958,962,184,370,554,1514
2418,940,938,936,182,368,550,1490
2419,962,966,968,186,370,556,1518
2420,970,968,972,184,371,558,1528
2421,944,942,940,182,372,554,1498
2422,936,938,932,184,366,550,1486
2423,932,930,936,182,372,554,1486
2424,946,950,952,186,370,560,1506
2425,966,966,960,186,368,554,1520
2426,938,938,940,186,370,556,1494
2427,942,942,942,186,370,556,1498
2428,980,974,976,180,372,552,1532
2429,998,1000,1000,182,372,554,1552
2430,964,972,968,190,368,558,1522
2431,964,958,958,184,368,552,1516
2432,948,946,948,182,370,552,1500
2433,962,962,962,182,370,552,1514
2434,942,946,946,186,370,556,1498
2435,936,932,930,182,368,550,1486
2436,932,932,932,182,368,550,1482
2437,910,910,908,182,366,548,1458
2438,910,910,912,182,368,550,1460
2439,948,948,950,182,370,552,1500
2440,962,964,964,184,370,554,1516
2441,970,972,972,186,370,556,1526
2442,976,974,974,184,370,554,1530
2443,968,968,970,184,372,556,1524
2444,988,986,990,182,372,558,1546
2445,988,994,990,188,372,560,1548
2446,1006,1000,1000,182,372,554,1560
2447,970,976,972,188,368,556,1526
2448,984,982,984,186,370,556,1540
2449,1012,1010,1014,184,371,558,1570
2450,1030,1026,1024,180,372,552,1582
2451,986,992,990,186,370,556,1542
2452,978,976,978,184,372,556,1534
2453,986,986,986,184,372,556,1542
2454,1016,1016,1018,184,371,558,1574
2455,1004,1002,998,182,370,552,1556
2456,974,976,978,184,372,556,1530
2457,962,964,964,186,372,558,1520
2458,984,982,982,184,372,556,1540
2459,994,998,1000,188,371,562,1556
2460,998,992,988,182,370,552,1550
2461,962,966,966,186,370,556,1518
2462,966,962,962,182,370,552,1518
2463,998,994,996,178,372,550,1548
2464,1000,1006,1008,184,371,558,1558
2465,974,974,970,184,370,554,1528
2466,964,964,964,184,370,554,1518
2467,952,952,954,184,372,556,1508
2468,972,968,968,180,372,552,1524
2469,982,980,978,178,370,548,1530
2470,968,974,972,184,368,552,1520
2471,942,944,944,186,368,554,1496
2472,978,972,976,180,372,552,1530
2473,970,976,974,186,370,556,1526
2474,968,968,970,186,372,558,1526
2475,954,950,948,182,370,552,1506
2476,948,946,948,180,372,552,1500
2477,960,962,962,182,372,554,1514
2478,950,958,956,190,370,560,1510
2479,962,960,960,188,370,558,1520
2480,1026,1026,1032,188,373,564,1590
2481,1042,1041,1043,188,373.5,564,1604
2482,1031,1029.5,1054,186,372.75,560,1590
2483,1020,1018,1016,184,372,556,1576
2484,990,986,990,180,373,556,1546
2485,1016,1016,1014,180,373.5,554,1570
2486,1002,1006,1006,184,371.75,558,1560
2487,966,962,958,180,370,550,1516
2488,942,946,946,184,370,554,1496
2489,954,950,954,180,371,554,1508
2490,944,946,944,182,372,554,1498
2491,946,946,940,182,366,548,1494
2492,924,924,928,182,370,552,1476
2493,914,916,912,184,366,550,1464
2494,920,914,918,178,370,548,1468
2495,914,922,920,186,368,554,1468
2496,932,934,930,188,364,552,1484
2497,910,910,914,188,368,556,1466
2498,904,902,900,186,366,552,1456
2499,934,930,934,182,370,552,1486
2500,942,948,950,188,372,560,1502
2501,948,944,940,184,368,552,1500
2502,920,920,918,184,366,550,1470
2503,924,924,926,184,368,552,1476
2504,944,942,944,182,370,552,1496
2505,932,936,932,186,366,552,1484
2506,940,944,944,190,366,556,1496
2507,926,924,922,188,364,552,1478
2508,940,938,946,186,372,558,1498
2509,996,996,994,186,370,556,1552
2510,994,994,996,186,372,558,1552
2511,958,958,954,186,368,554,1512
2512,952,952,952,186,368,554,1506
2513,968,966,968,184,370,554,1522
2514,988,990,994,186,370,560,1548
2515,986,984,980,184,370,554,1540
2516,972,974,974,186,370,556,1528
2517,954,950,950,182,370,552,1506
2518,980,984,984,186,370,556,1536
2519,974,974,974,186,370,556,1530
2520,948,946,944,184,368,552,1500
2521,934,938,936,188,366,554,1488
2522,944,938,946,182,368,556,1500
2523,952,950,946,180,370,550,1502
2524,938,944,942,186,368,554,1492
2525,966,964,966,184,370,554,1520
2526,938,934,934,180,370,550,1488
2527,938,942,942,184,370,554,1492
2528,944,946,948,186,372,558,1502
2529,944,942,936,184,366,550,1494
2530,964,968,970,188,368,556,1520
2531,992,990,994,186,372,558,1550
2532,1008,1016,1018,194,373,561,1576
2533,1034,1030,1030,190,371.5,564,1598
2534,992,992,988,190,370,560,1552
2535,996,994,994,188,370,558,1554
2536,1002,1002,1004,188,372,560,1562
2537,1034,1030,1034,184,371,560,1594
2538,1018,1020,1014,186,370,556,1574
2539,966,964,964,184,370,554,1520
2540,956,956,956,184,370,554,1510
2541,972,966,970,178,372,552,1524
2542,988,996,996,186,370,560,1548
2543,968,972,966,190,368,558,1526
2544,954,954,954,190,368,558,1512
2545,964,958,960,184,370,554,1518
2546,1000,1004,1008,188,370,562,1562
2547,1026,1022,1018,184,370,554,1580
2548,990,994,994,188,370,558,1548
2549,996,992,994,184,372,556,1552
2550,1016,1012,1012,180,372,552,1568
2551,1020,1026,1026,186,372,558,1578
2552,1002,1004,1002,188,370,558,1560
2553,966,966,964,188,368,556,1522
2554,988,984,988,184,372,556,1544
2555,984,984,984,184,372,556,1540
2556,956,962,960,190,370,560,1516
2557,938,934,932,186,368,554,1492
2558,952,954,958,188,372,560,1512
2559,956,950,952,182,369,556,1512
2560,936,940,932,186,366,552,1488
2561,934,934,936,186,368,554,1488
2562,932,930,934,184,372,556,1488
2563,970,968,970,182,369,556,1526
2564,964,970,962,188,366,554,1518
2565,970,970,974,188,370,558,1528
2566,956,956,956,188,370,558,1514
2567,968,964,966,184,372,556,1524
2568,956,952,952,180,372,552,1508
2569,934,936,934,182,370,552,1486
2570,932,932,930,182,368,550,1482
2571,898,900,900,184,368,552,1450
2572,930,928,930,182,370,552,1482
2573,924,926,924,184,368,552,1476
2574,900,902,900,186,366,552,1452
2575,894,890,892,182,368,550,1444
2576,894,900,898,188,366,554,1448
2577,964,962,968,186,372,558,1522
2578,972,974,972,188,370,558,1530
2579,950,952,952,190,370,560,1510
2580,946,944,942,188,368,556,1502
2581,962,962,966,188,372,560,1522
2582,1006,1002,1004,184,371,558,1564
2583,998,998,994,184,370,554,1552
2584,968,968,970,184,372,556,1524
2585,944,944,944,184,372,556,1500
2586,958,960,960,186,372,558,1516
2587,970,968,968,184,372,556,1526
2588,940,944,940,188,368,556,1496
2589,942,942,942,188,368,556,1498
2590,940,938,940,186,370,556,1496
2591,974,976,978,188,372,560,1534
2592,986,986,986,188,372,560,1546
2593,938,936,932,186,368,554,1492
2594,936,934,932,184,366,550,1486
2595,928,928,930,184,368,552,1480
2596,954,954,956,184,370,554,1508
2597,956,954,952,182,368,550,1506
2598,924,928,928,186,368,554,1478
2599,912,912,910,186,366,552,1464
2600,914,908,912,180,370,550,1464
2601,904,906,904,182,368,550,1454
2602,890,896,892,188,364,552,1442
2603,874,870,872,184,366,550,1424
2604,894,894,894,184,366,550,1444
2605,930,928,930,182,368,550,1480
2606,946,950,950,186,368,554,1500
2607,936,934,932,184,366,550,1486
2608,906,904,908,182,370,552,1458
2609,916,914,910,180,366,546,1462
2610,920,920,922,180,368,548,1468
2611,900,906,902,186,364,550,1450
2612,904,900,902,182,366,548,1452
2613,922,916,916,176,366,542,1464
2614,924,928,932,180,370,550,1474
2615,942,944,944,182,370,552,1494
2616,924,926,926,184,370,554,1478
2617,890,884,882,178,368,546,1436
2618,890,892,880,180,356,536,1426
2619,872,886,900,194,370,564,1436
2620,876,862,852,180,360,540,1416
2621,846,852,852,186,360,546,1392
2622,844,840,846,182,366,548,1392
2623,834,836,839,184,359,539,1376
2624,830,830,832,178,352,532.5,1368
2625,834,823,830,177,358,529.25,1351
2626,791,810.5,818,176,350,556.625,1341.5
2627,816.5,802.25,802,177,358,542.312,1355.75
2628,842,793.125,794,178,350,534.156,1370
2629,809,784.562,788,176,352,533.078,1339
2630,786.5,775.281,777,176,358,532,1318.5
2631,769.25,764.641,761.5,176,358,534,1299.25
2632,759.625,756.32,754.75,178,350,530,1287.625
2633,756.812,752.16,751.375,176,350,525,1280.812
2634,748.406,747.08,746.688,174,350,523.5,1271.406
2635,747.203,744.54,743.344,171,350,519.75,1266.703
2636,745.602,743.27,743.672,168.5,350,517.875,1263.352
2637,741.801,743.635,746.836,170.25,350,522.938,1264.676
2638,745.9,744.818,744.418,169.125,356,521.469,1267.338
2639,750.95,750.409,750.209,168.562,352,520.734,1271.669
2640,765.475,763.204,764.104,166.281,352,519.367,1284.834
2641,787.738,787.602,788.052,166.141,354,519.684,1307.417
2642,817.869,820.801,822.026,169.07,354,523.842,1341.709
2643,848,854,856,171.535,356,527.921,1376
2644,890,892,894,171.768,358,532,1422
2645,920,918,922,173.884,362,534,1454
2646,1026,1030,1030,176,362,538,1564
2647,1018,1016,1018,176,364,538,1556
2648,978,980,978,176,362,538,1516
2649,988,986,990,176,366,540,1528
2650,1030,1032,1034,176,368,544,1574
2651,1052,1026,1052,180,364,544,1596
2652,1020,1020,1022,180,366,546,1566
2653,974,966,964,179,364,536,1510
2654,956,962,960,178,362,540,1496
2655,936,944,944,186,362,548,1484
2656,956,952,952,182,362,544,1500
2657,972,970,968,180,360,540,1512
2658,956,960,962,184,362,546,1502
2659,946,938,940,176,364,540,1486
2660,916,914,910,176,360,534,1450
2661,882,884,886,176,362,538,1420
2662,874,868,864,178,358,538,1402
2663,842,852,852,180,358,538,1380
2664,848,844,844,176,358,534,1382
2665,846,846,846,176,358,534,1380
2666,848,852,850,180,356,536,1384
2667,882,886,890,184,360,544,1426
2668,912,914,910,186,356,542,1454
2669,974,976,980,188,360,548,1522
2670,1042,1044,1046,190,362,552,1594
2671,1033,1054,1054,188,362,550,1606
2672,1024,1024,1024,188,362,550,1574
2673,1024,1018,1020,182,364,546,1570
2674,1030,1026,1028,178,366,544,1574
2675,1000,1002,996,180,360,540,1540
2676,966,968,968,182,360,542,1508
2677,948,944,946,178,362,540,1488
2678,952,954,952,180,360,540,1492
2679,960,966,966,186,360,546,1506
2680,964,968,968,190,360,550,1514
2681,958,954,954,186,360,546,1504
2682,930,928,928,184,360,544,1474
2683,946,946,946,184,360,544,1490
2684,932,934,936,186,362,548,1480
2685,948,952,950,190,360,550,1498
2686,956,954,954,188,360,548,1504
2687,974,972,976,186,364,550,1524
2688,1000,1000,1000,186,364,550,1550
2689,1020,1026,1026,192,364,556,1576
2690,1002,998,998,188,364,552,1554
2691,1012,1008,1008,184,364,548,1560
2692,1002,1004,1004,186,364,550,1552
2693,1020,1022,1022,188,364,552,1572
2694,1008,1004,1000,184,360,544,1552
2695,990,994,996,188,362,550,1540
2696,998,996,998,186,364,550,1548
2697,1040,1038,1040,184,366,550,1590
2698,1010,1020,1018,194,364,558,1568
2699,988,980,980,186,364,550,1538
2700,990,990,990,186,364,550,1540
2701,990,988,990,184,366,550,1540
2702,984,986,984,186,364,550,1534
2703,946,952,950,192,362,554,1500
2704,954,952,952,190,362,552,1506
2705,970,968,970,188,364,552,1522
2706,970,968,968,186,364,550,1520
2707,960,964,962,190,362,552,1512
2708,944,950,948,196,360,556,1500
2709,984,976,980,188,364,552,1536
2710,960,962,964,190,366,556,1516
2711,970,970,968,190,364,554,1524
2712,966,964,964,188,364,552,1518
2713,934,934,932,188,362,550,1484
2714,966,966,970,188,366,554,1520
2715,980,980,978,188,364,552,1532
2716,958,962,962,192,364,556,1514
2717,950,954,954,196,364,560,1510
2718,986,978,982,188,368,556,1542
2719,984,986,986,190,368,558,1542
2720,972,974,974,192,368,560,1532
2721,980,976,974,188,366,554,1534
2722,990,992,996,190,370,560,1550
2723,1012,1010,1010,188,370,558,1570
2724,1020,1020,1018,188,368,556,1576
2725,960,958,956,186,366,552,1512
2726,940,934,932,180,364,544,1484
2727,944,952,954,188,366,554,1498
2728,946,946,948,188,368,556,1502
2729,948,946,942,186,364,550,1498
2730,936,936,936,186,364,550,1486
2731,938,936,938,184,366,550,1488
2732,974,978,980,188,368,556,1530
2733,1006,1004,1006,186,370,556,1562
2734,986,988,988,188,370,558,1544
2735,968,966,960,186,364,550,1518
2736,1010,1008,1014,184,370,554,1564
2737,1042,1044,1046,186,372,558,1600
2738,980,974,972,180,370,550,1530
2739,956,958,956,182,368,550,1506
2740,940,938,936,180,366,546,1486
2741,910,910,910,180,366,546,1456
2742,902,902,900,180,364,544,1446
2743,970,970,974,180,368,548,1518
2744,932,938,936,186,366,552,1484
2745,962,964,964,188,366,554,1516
2746,988,996,996,196,366,562,1550
2747,1010,1008,1012,194,370,564,1574
2748,1058,1054,1055,192,370,562,1617
2749,1065,1065,1066.5,186,368,554,1624.5
2750,1053.5,1052.5,1053.25,190,370,560,1612.25
2751,1042,1040,1040,188,370,558,1600
2752,1051,1051,1049,182,370,556,1607
2753,1049.5,1050.5,1048.5,184,370,554,1604.5
2754,1048,1050,1048,186,368,554,1602
2755,1014,1014,1014,186,368,554,1568
2756,982,978,976,182,366,548,1530
2757,998,1000,1002,184,368,552,1550
2758,992,994,994,186,368,554,1546
2759,978,976,976,184,368,552,1530
2760,962,962,962,184,368,552,1514
2761,964,964,962,184,366,550,1514
2762,982,984,988,186,370,556,1538
2763,980,982,980,188,368,556,1536
2764,962,958,954,184,364,548,1510
2765,948,948,954,184,370,554,1502
2766,960,960,960,184,370,554,1514
2767,968,972,970,188,368,556,1524
2768,954,952,952,186,368,554,1508
2769,958,954,952,182,366,548,1506
2770,954,956,960,184,370,554,1508
2771,964,966,962,186,366,552,1516
2772,964,962,964,184,368,552,1516
2773,944,946,946,186,368,554,1498
2774,958,952,954,180,370,550,1508
2775,970,974,976,184,372,556,1526
2776,956,956,954,184,370,554,1510
2777,950,952,950,186,368,554,1504
2778,954,954,958,186,372,558,1512
2779,966,962,962,182,372,554,1520
2780,938,942,938,186,368,554,1492
2781,944,944,942,186,366,552,1496
2782,942,940,942,184,368,552,1494
2783,956,956,956,184,368,552,1508
2784,948,950,950,186,368,554,1502
2785,946,946,948,186,370,556,1502
2786,950,948,944,184,366,550,1500
2787,978,978,982,184,370,554,1532
2788,1000,1004,1002,188,368,556,1556
2789,976,978,978,190,368,558,1534
2790,984,984,986,190,370,560,1544
2791,976,972,974,186,372,558,1534
2792,972,968,968,182,372,554,1526
2793,962,968,966,188,370,558,1520
2794,954,952,952,186,370,556,1510
2795,944,942,940,184,368,552,1496
2796,944,946,948,186,370,556,1500
2797,964,970,968,192,368,560,1524
2798,970,964,968,186,372,558,1528
2799,952,952,948,186,368,554,1506
2800,956,956,956,186,368,554,1510
2801,980,978,978,184,368,552,1532
2802,976,980,980,188,368,556,1532
2803,960,958,958,186,368,554,1514
2804,950,952,952,188,368,556,1506
2805,980,978,978,186,368,554,1534
2806,1004,1002,1004,184,370,554,1558
2807,998,1000,1000,186,370,556,1554
2808,982,984,982,188,368,556,1538
2809,990,984,988,182,372,554,1544
2810,992,994,992,184,370,554,1546
2811,966,968,964,186,366,552,1518
2812,956,958,960,188,368,556,1512
2813,976,970,972,182,370,552,1528
2814,964,966,968,184,372,556,1520
2815,972,972,966,184,366,550,1522
2816,964,966,966,186,366,552,1516
2817,954,956,960,188,370,558,1512
2818,960,956,956,184,370,554,1514
2819,958,960,962,186,372,558,1516
2820,960,960,954,186,366,552,1512
2821,942,942,944,186,368,554,1496
2822,940,942,944,188,370,558,1498
2823,966,962,964,184,372,556,1522
2824,944,946,942,186,368,554,1498
2825,944,944,940,186,364,550,1494
2826,948,946,950,184,368,552,1500
2827,914,910,910,180,368,548,1462
2828,920,924,924,184,368,552,1472
2829,886,884,880,182,364,546,1432
2830,880,882,884,184,366,550,1430
2831,876,878,878,186,366,552,1428
2832,892,890,888,184,364,548,1440
2833,918,918,922,184,368,552,1470
2834,934,936,936,186,368,554,1488
2835,926,930,926,190,364,554,1480
2836,908,908,910,190,366,556,1464
2837,968,960,964,182,370,552,1520
2838,966,968,968,184,370,554,1520
2839,954,956,950,186,364,550,1504
2840,942,942,942,186,364,550,1492
2841,924,920,922,182,366,548,1472
2842,934,934,936,182,368,550,1484
2843,942,946,946,186,368,554,1496
2844,930,928,926,184,366,550,1480
2845,928,930,932,186,368,554,1482
2846,940,936,934,182,366,548,1488
2847,960,962,964,184,368,552,1512
2848,954,958,956,188,366,554,1508
2849,970,970,972,188,368,556,1526
2850,976,974,974,186,368,554,1530
2851,996,998,1000,188,370,558,1554
2852,1002,1002,1000,188,368,556,1558
2853,1006,1002,1004,184,370,554,1560
2854,1008,1012,1008,188,366,554,1562
2855,988,990,990,190,366,556,1544
2856,1000,998,1002,188,370,558,1558
2857,1020,1018,1020,186,372,558,1578
2858,1022,1026,1020,190,366,556,1578
2859,1004,1004,1010,190,372,562,1566
2860,1000,998,998,188,372,560,1560
2861,1008,1008,1002,188,366,554,1562
2862,992,990,990,186,366,552,1544
2863,970,970,974,186,370,556,1526
2864,976,974,976,184,372,556,1532
2865,966,966,964,184,370,554,1520
2866,958,964,962,190,368,558,1516
2867,992,994,994,192,368,560,1552
2868,992,988,990,188,370,558,1550
2869,1010,1012,1010,190,368,558,1568
2870,1038,1040,1042,192,370,562,1600
2871,1050,1048,1050,190,372,562,1615
2872,1050,1049,1051,194,372,565,1616.5
2873,1050,1050,1052,194,370,560.5,1613.25
2874,1054,1048,1042,188,368,556,1610
2875,1012,1014,1014,190,368,558,1570
2876,1010,1008,1008,188,368,556,1566
2877,1002,998,1002,184,372,556,1558
2878,988,990,988,186,370,556,1544
2879,958,960,962,188,372,560,1518
2880,944,944,938,188,366,554,1498
2881,938,938,938,188,366,554,1492
2882,938,936,938,186,368,554,1492
2883,944,942,944,184,370,554,1498
2884,914,916,918,186,372,558,1472
2885,894,894,888,186,366,552,1446
2886,888,886,886,184,366,550,1438
2887,880,882,880,186,364,550,1430
2888,912,914,914,188,364,552,1464
2889,914,914,916,188,366,554,1468
2890,910,912,912,190,366,556,1466
2891,926,924,924,188,366,554,1480
2892,898,898,896,188,364,552,1450
2893,950,950,950,188,364,552,1502
2894,952,954,956,190,366,556,1508
2895,954,950,950,186,366,552,1506
2896,926,928,930,188,368,556,1482
2897,916,912,912,184,368,552,1468
2898,916,916,914,184,366,550,1466
2899,924,922,922,182,366,548,1472
2900,916,920,916,186,362,548,1464
2901,882,880,882,184,364,548,1430
2902,876,876,876,184,364,548,1424
2903,866,864,864,182,364,546,1412
2904,888,888,888,182,364,546,1434
2905,876,880,880,186,364,550,1426
2906,864,866,866,188,364,552,1416
2907,886,884,882,186,362,548,1434
2908,890,888,890,184,364,548,1438
2909,962,960,962,182,366,548,1510
2910,946,954,954,190,366,556,1502
2911,968,968,970,190,368,558,1526
2912,962,960,958,188,366,554,1516
2913,998,996,1000,186,370,556,1554
2914,1012,1018,1016,192,368,560,1572
2915,1025,1025,1024,192,370,562,1583
2916,1038,1032,1032,186,370,556,1594
2917,1036,1036,1036,186,370,556,1592
2918,1048,1046,1044,184,368,552,1600
2919,1022,1024,1024,186,368,554,1576
2920,1012,1010,1010,184,368,552,1564
2921,1010,1010,1008,184,366,550,1560
2922,990,990,990,184,366,550,1540
2923,1000,1000,1002,184,368,552,1552
2924,1002,1002,1002,184,368,552,1554
2925,1010,1014,1016,188,370,558,1568
2926,1012,1010,1010,186,370,556,1568
2927,1002,1002,998,186,366,552,1554
2928,994,994,994,186,366,552,1546
2929,990,990,992,186,368,554,1544
2930,982,978,976,182,366,548,1530
2931,970,978,980,190,368,558,1528
2932,970,966,966,186,368,554,1524
2933,944,948,942,190,362,552,1496
2934,946,942,944,186,364,550,1496
2935,944,942,946,184,368,552,1496
2936,954,954,954,184,368,552,1506
2937,942,946,942,188,364,552,1494
2938,942,940,938,186,362,548,1490
2939,928,930,932,188,364,552,1480
2940,946,944,944,186,364,550,1496
2941,944,944,946,186,366,552,1496
2942,934,934,932,186,364,550,1484
2943,926,926,926,186,364,550,1476
2944,914,914,914,186,364,550,1464
2945,908,906,908,184,366,550,1458
2946,924,928,926,188,364,552,1476
2947,904,904,902,188,362,550,1454
2948,934,934,936,188,364,552,1486
2949,934,934,932,188,362,550,1484
2950,980,976,980,184,366,550,1530
2951,986,988,988,186,366,552,1538
2952,984,988,988,190,366,556,1540
2953,992,988,992,186,370,556,1548
2954,1000,998,996,184,368,552,1552
2955,980,982,982,186,368,554,1534
2956,980,978,978,184,368,552,1532
2957,972,976,974,188,366,554,1526
2958,964,964,962,188,364,552,1516
2959,952,950,950,186,364,550,1502
2960,954,958,960,190,366,556,1510
2961,954,952,954,188,368,556,1510
2962,940,942,938,190,364,554,1494
2963,930,928,926,188,362,550,1480
2964,918,916,920,186,366,552,1470
2965,936,934,936,184,368,552,1488
2966,958,964,962,190,366,556,1514
2967,964,970,966,196,362,558,1522
2968,968,966,970,194,366,560,1528
2969,998,992,994,188,368,556,1554
2970,994,998,998,192,368,560,1554
2971,984,982,980,190,366,556,1540
2972,978,972,974,184,368,552,1530
2973,968,972,972,188,368,556,1524
2974,954,956,952,190,364,554,1508
2975,936,934,934,188,364,552,1488
2976,912,910,906,186,360,546,1458
2977,924,926,930,188,364,552,1476
2978,928,926,926,186,364,550,1478
2979,924,924,924,186,364,550,1474
2980,940,946,942,192,360,552,1492
2981,936,932,932,188,360,548,1484
2982,928,926,930,186,364,550,1478
2983,946,948,948,188,364,552,1498
2984,946,944,946,186,366,552,1498
2985,926,928,924,188,362,550,1476
2986,922,920,922,186,364,550,1472
2987,890,890,886,186,360,546,1436
2988,902,900,904,184,364,548,1450
2989,896,898,898,186,364,550,1446
2990,876,880,876,190,360,550,1426
2991,874,874,874,190,360,550,1424
2992,874,872,872,188,360,548,1422
2993,886,884,888,186,364,550,1436
2994,894,898,898,190,364,554,1448
2995,896,894,888,188,358,546,1442
2996,884,888,890,192,360,552,1436
2997,902,898,900,188,362,550,1452
2998,916,914,912,186,360,546,1462
2999,954,956,958,188,362,550,1504
3000,952,952,954,188,364,552,1504
3001,938,936,932,186,360,546,1484
3002,940,940,944,186,364,550,1490
3003,936,938,936,188,362,550,1486
3004,910,908,906,186,360,546,1456
3005,944,944,946,186,362,548,1492
3006,938,940,940,188,362,550,1488
3007,898,898,894,188,358,546,1444
3008,914,914,914,188,358,546,1460
3009,890,888,888,186,358,544,1434
3010,898,894,896,182,360,542,1440
3011,886,890,892,186,362,548,1434
3012,882,886,884,190,360,550,1432
3013,886,884,880,188,356,544,1430
3014,878,880,878,190,354,544,1422
3015,874,874,876,190,356,546,1420
3016,892,890,892,188,358,546,1438
3017,900,902,904,190,360,550,1450
3018,896,896,894,190,358,548,1444
3019,882,886,886,194,358,552,1434
3020,892,884,882,186,356,542,1434
3021,882,884,886,188,358,546,1428
3022,890,892,894,190,360,550,1440
3023,892,888,886,186,358,544,1436
3024,880,884,882,190,356,546,1426
3025,878,880,882,192,358,550,1428
3026,870,868,868,190,358,548,1418
3027,914,912,914,188,360,548,1462
3028,904,910,910,194,360,554,1458
3029,916,914,910,192,356,548,1464
3030,936,936,938,192,358,550,1486
3031,946,946,948,192,360,552,1498
3032,976,974,972,190,358,548,1524
3033,968,970,970,192,358,550,1518
3034,948,948,948,192,358,550,1498
3035,974,968,972,186,362,548,1522
3036,956,964,962,194,360,554,1510
3037,962,956,954,188,358,546,1508
3038,942,944,942,190,356,546,1488
3039,948,946,952,188,362,550,1498
3040,940,942,940,190,360,550,1490
3041,928,928,928,190,360,550,1478
3042,938,938,936,190,358,548,1486
3043,930,930,930,190,358,548,1478
3044,944,940,942,186,360,546,1490
3045,940,946,944,192,358,550,1490
3046,948,948,948,192,358,550,1498
3047,942,938,936,188,356,544,1486
3048,936,936,938,188,358,546,1482
3049,946,946,946,188,358,546,1492
3050,930,930,932,188,360,548,1478
3051,910,912,908,190,356,546,1456
3052,898,898,898,190,356,546,1444
3053,912,910,912,188,358,546,1458
3054,930,928,928,186,358,544,1474
3055,924,930,930,192,358,550,1474
3056,940,944,944,196,358,554,1494
3057,966,958,958,188,358,546,1512
3058,966,970,972,192,360,552,1518
3059,974,974,974,192,360,552,1526
3060,968,966,966,190,360,550,1518
3061,970,966,968,186,362,548,1518
3062,948,948,946,186,360,546,1494
3063,924,926,922,188,356,544,1468
3064,904,902,902,186,356,542,1446
3065,912,912,914,186,358,544,1456
3066,926,932,932,192,358,550,1476
3067,912,912,914,192,360,552,1464
3068,902,904,900,194,356,550,1452
3069,898,898,898,194,356,550,1448
3070,924,922,924,192,358,550,1474
3071,956,952,954,188,360,548,1504
3072,932,936,936,192,360,552,1484
3073,910,912,910,194,358,552,1462
3074,930,924,924,188,358,546,1476
3075,948,950,952,190,360,550,1498
3076,930,928,928,188,360,548,1478
3077,912,912,908,188,356,544,1456
3078,900,902,902,190,356,546,1446
3079,908,902,904,184,358,542,1450
3080,888,892,892,188,358,546,1434
3081,882,880,880,186,358,544,1426
3082,874,876,874,188,356,544,1418
3083,878,880,878,190,354,544,1422
3084,900,900,904,190,358,548,1448
3085,902,904,904,192,358,550,1452
3086,900,900,898,192,356,548,1448
3087,878,882,880,196,354,550,1428
3088,890,884,886,190,356,546,1436
3089,900,904,904,194,356,550,1450
3090,930,924,926,188,358,546,1476
3091,890,892,890,190,356,546,1436
3092,892,896,894,194,354,548,1440
3093,898,896,898,192,356,548,1446
3094,928,926,928,190,358,548,1476
3095,904,902,902,188,358,546,1450
3096,902,910,908,196,356,552,1454
3097,896,890,890,190,356,546,1442
3098,888,888,888,190,356,546,1434
3099,906,902,902,186,356,542,1448
3100,924,928,930,190,358,548,1472
3101,940,938,936,188,356,544,1484
3102,904,910,908,194,354,548,1452
3103,918,916,918,192,356,548,1466
3104,936,930,930,186,356,542,1478
3105,932,932,934,186,358,544,1476
3106,946,954,952,194,356,550,1496
3107,948,944,946,190,358,548,1496
3108,936,936,936,190,358,548,1484
3109,962,960,958,188,356,544,1506
3110,944,942,946,186,360,546,1490
3111,920,922,918,188,356,544,1464
3112,912,910,908,186,354,540,1452
3113,902,898,902,182,358,540,1442
3114,890,894,892,186,356,542,1432
3115,884,882,880,184,354,538,1422
3116,858,862,860,188,352,540,1398
3117,860,858,856,186,350,536,1396
3118,846,848,852,188,354,542,1388
3119,858,856,856,186,354,540,1398
3120,844,848,848,190,354,544,1388
3121,844,842,838,188,350,538,1382
3122,834,834,836,188,352,540,1374
3123,836,836,834,188,350,538,1374
3124,864,860,862,184,352,536,1400
3125,852,854,856,186,354,540,1392
3126,862,864,862,188,352,540,1402
3127,838,838,838,188,352,540,1378
3128,850,850,850,188,352,540,1390
3129,876,874,874,186,352,538,1414
3130,914,914,916,186,354,540,1454
3131,888,892,892,190,354,544,1432
3132,910,910,910,190,354,544,1454
3133,896,896,896,190,354,544,1440
3134,924,920,922,186,356,542,1466
3135,910,912,912,188,356,544,1454
3136,926,928,928,190,356,546,1472
3137,932,930,928,188,354,542,1474
3138,934,936,938,190,356,546,1480
3139,938,938,938,190,356,546,1484
3140,946,946,944,190,354,544,1490
3141,956,954,956,188,356,544,1500
3142,954,954,954,188,356,544,1498
3143,962,962,958,188,352,540,1502
3144,958,956,960,186,356,542,1500
3145,962,960,962,184,358,542,1504
3146,938,942,936,188,352,540,1478
3147,938,938,940,188,354,542,1480
3148,920,918,918,186,354,540,1460
3149,940,940,942,186,356,542,1482
3150,926,930,928,190,354,544,1470
3151,944,946,946,192,354,546,1490
3152,940,946,944,198,352,550,1490
3153,938,932,934,192,354,546,1484
3154,962,958,960,188,356,544,1506
3155,956,958,958,190,356,546,1502
3156,950,952,950,192,354,546,1496
3157,958,958,960,192,356,548,1506
3158,962,964,964,194,356,550,1512
3159,974,970,972,190,358,548,1522
3160,986,988,986,192,356,548,1534
3161,998,1000,1000,194,356,550,1548
3162,994,994,996,194,358,552,1546
3163,994,994,994,194,358,552,1546
3164,996,996,994,194,356,550,1546
3165,980,980,980,194,356,550,1530
3166,968,968,970,194,358,552,1520
3167,982,976,976,188,358,546,1528
3168,962,968,968,194,358,552,1514
3169,984,986,984,196,356,552,1536
3170,970,970,970,196,356,552,1522
3171,984,984,988,196,360,556,1540
3172,988,982,980,190,358,548,1536
3173,966,970,970,194,358,552,1518
3174,954,950,954,190,362,552,1506
3175,932,930,924,188,356,544,1476
3176,934,928,930,182,358,540,1474
3177,928,930,932,184,360,544,1472
3178,890,900,896,194,356,550,1440
3179,900,892,894,186,358,544,1444
3180,876,880,878,190,356,546,1422
3181,938,932,934,184,358,542,1480
3182,902,908,908,190,358,548,1450
3183,926,924,926,188,360,548,1474
3184,894,898,896,192,358,550,1444
3185,902,900,898,190,356,546,1448
3186,906,900,898,184,354,538,1444
3187,908,912,918,188,360,548,1456
3188,890,888,886,186,358,544,1434
3189,888,888,884,186,354,540,1428
3190,878,878,878,186,354,540,1418
3191,868,866,868,184,356,540,1408
3192,896,896,896,184,356,540,1436
3193,852,854,852,186,354,540,1392
3194,878,884,884,192,354,546,1424
3195,850,848,848,190,354,544,1394
3196,888,886,888,188,356,544,1432
3197,914,916,916,190,356,546,1460
3198,988,990,992,192,358,550,1538
3199,1032,1038,1040,198,360,558,1590
3200,1008,1000,1000,190,360,550,1558
3201,982,978,978,186,360,546,1528
3202,1026,1030,1028,190,358,548,1574
3203,1002,994,994,182,358,540,1542
3204,972,978,980,188,360,548,1520
3205,980,978,976,186,358,544,1524
3206,958,956,956,184,358,542,1500
3207,954,958,956,188,356,544,1498
3208,954,950,952,184,358,542,1496
3209,938,942,940,188,356,544,1482
3210,938,940,940,190,356,546,1484
3211,928,926,924,188,354,542,1470
3212,962,962,970,188,362,550,1512
3213,980,986,984,194,360,554,1534
3214,978,974,970,190,356,546,1524
3215,978,982,984,194,358,552,1530
3216,986,982,984,190,360,550,1536
3217,1000,1000,998,190,358,548,1548
3218,1000,998,998,188,358,546,1546
3219,978,980,978,190,356,546,1524
3220,990,988,990,188,358,546,1536
3221,986,988,988,190,358,548,1534
3222,984,988,988,194,358,552,1536
3223,976,968,968,186,358,544,1520
3224,974,978,978,190,358,548,1522
3225,958,962,960,194,356,550,1508
3226,972,970,974,192,360,552,1524
3227,970,974,974,196,360,556,1526
3228,1012,1008,1008,192,360,552,1564
3229,1008,1014,1012,198,358,556,1564
3230,1004,1000,1004,194,362,556,1560
3231,1024,1022,1020,192,360,552,1576
3232,1018,1018,1018,192,360,552,1570
3233,1008,1004,1006,188,362,550,1558
3234,994,994,992,188,360,548,1542
3235,978,982,978,192,356,548,1526
3236,966,970,972,196,358,554,1520
3237,966,958,962,188,362,550,1516
3238,940,944,940,192,358,550,1490
3239,934,934,932,192,356,548,1482
3240,932,934,936,194,358,552,1484
3241,942,940,944,192,362,554,1496
3242,930,932,932,194,362,556,1486
3243,952,954,950,196,358,554,1506
3244,952,956,958,192,360,560,1512
3245,966,954,956,188,362,550,1516
3246,964,970,970,194,362,556,1520
3247,966,968,966,196,360,556,1522
3248,970,970,970,196,360,556,1526
3249,964,964,966,196,362,558,1522
3250,956,956,954,196,360,556,1512
3251,980,980,982,196,362,558,1538
3252,976,976,972,196,358,554,1530
3253,972,972,972,196,358,554,1526
3254,966,966,966,196,358,554,1520
3255,984,978,984,190,364,554,1538
3256,964,966,960,192,358,550,1514
3257,962,962,966,192,362,554,1516
3258,956,958,956,194,360,554,1510
3259,986,978,978,186,360,546,1532
3260,954,956,958,188,362,550,1504
3261,926,932,928,194,358,552,1478
3262,922,914,912,186,356,542,1464
3263,904,906,910,188,360,548,1452
3264,906,904,904,186,360,546,1452
3265,886,888,888,188,360,548,1434
3266,854,854,852,188,358,546,1400
3267,846,842,842,184,358,542,1388
3268,842,846,842,188,354,542,1384
3269,880,878,882,186,358,544,1424
3270,852,854,852,188,356,544,1396
3271,858,858,856,188,354,542,1400
3272,862,862,864,188,356,544,1406
3273,884,882,882,186,356,542,1426
3274,934,932,936,184,360,544,1478
3275,902,904,902,186,358,544,1446
3276,912,910,910,184,358,542,1454
3277,902,902,902,184,358,542,1444
3278,910,910,910,184,358,542,1452
3279,928,930,932,186,360,546,1474
3280,934,934,932,186,358,544,1478
3281,946,944,946,184,360,544,1490
3282,914,914,912,184,358,542,1456
3283,912,912,910,184,356,540,1452
3284,926,922,924,180,358,538,1464
3285,940,944,944,184,358,542,1482
3286,972,978,978,190,358,548,1520
3287,938,936,934,188,356,544,1482
3288,932,928,928,184,356,540,1472
3289,936,938,938,186,356,542,1478
3290,952,956,956,190,356,546,1498
3291,956,954,956,188,358,546,1502
3292,944,944,944,188,358,546,1490
3293,944,944,944,188,358,546,1490
3294,946,948,946,190,356,546,1492
3295,946,948,952,192,360,552,1498
3296,952,948,946,188,358,546,1498
3297,944,948,946,192,356,548,1492
3298,960,958,962,190,360,550,1510
3299,982,984,982,192,358,550,1532
3300,984,986,986,194,358,552,1536
3301,988,988,988,194,358,552,1540
3302,1022,1022,1026,194,362,556,1578
3303,1042,1046,1044,198,360,558,1600
3304,1030,1024,1024,192,360,552,1582
3305,1012,1010,1008,190,358,548,1560
3306,1004,1002,1004,188,360,548,1552
3307,988,994,996,194,362,556,1544
3308,978,976,974,192,360,552,1530
3309,968,970,970,194,360,554,1522
3310,966,962,962,190,360,550,1516
3311,954,960,958,196,358,554,1508
3312,970,970,972,196,360,556,1526
3313,968,966,964,194,358,552,1520
3314,964,966,966,196,358,554,1518
3315,984,986,988,198,360,558,1542
3316,962,958,956,194,358,552,1514
3317,976,976,980,194,362,556,1532
3318,998,994,994,190,362,552,1550
3319,964,966,962,192,358,550,1514
3320,944,940,938,188,356,544,1488
3321,930,926,930,184,360,544,1474
3322,926,926,926,184,360,544,1470
3323,896,898,898,186,360,546,1442
3324,868,874,870,192,356,548,1416
3325,878,876,876,190,356,546,1424
3326,872,870,868,188,354,542,1414
3327,912,914,918,190,358,548,1460
3328,918,920,920,192,358,550,1468
3329,904,910,908,198,356,554,1458
3330,918,910,912,190,358,548,1466
3331,916,912,910,186,356,542,1458
3332,924,924,928,186,360,546,1470
3333,920,922,920,188,358,546,1466
3334,908,910,908,190,356,546,1454
3335,914,912,912,188,356,544,1458
3336,932,932,934,188,358,546,1478
3337,972,970,972,186,360,546,1518
3338,940,942,938,188,356,544,1484
3339,934,936,936,190,356,546,1480
3340,936,936,938,190,358,548,1484
3341,932,930,930,188,358,546,1478
3342,924,922,920,186,356,542,1466
3343,924,928,926,190,354,544,1468
3344,906,904,906,188,356,544,1450
3345,916,916,916,188,356,544,1460
3346,906,906,904,188,354,542,1448
3347,892,896,894,192,352,544,1436
3348,898,896,898,190,354,544,1442
3349,914,914,916,190,356,546,1460
3350,912,914,912,192,354,546,1458
3351,922,924,924,194,354,548,1470
3352,924,922,924,192,356,548,1472
3353,930,930,932,192,358,550,1480
3354,930,930,928,192,356,548,1478
3355,912,910,908,190,354,544,1456
3356,910,910,912,190,356,546,1456
3357,914,910,908,186,354,540,1454
3358,920,922,926,188,358,546,1466
3359,918,922,918,192,354,546,1464
3360,908,910,910,194,354,548,1456
3361,930,930,932,194,356,550,1480
3362,944,940,942,190,358,548,1492
3363,928,930,926,192,354,546,1474
3364,926,926,926,192,354,546,1472
3365,952,948,952,188,358,546,1498
3366,954,958,956,192,356,548,1502
3367,918,918,916,192,354,546,1464
3368,914,916,918,194,356,550,1464
3369,940,932,932,186,356,542,1482
3370,898,900,900,188,356,544,1442
3371,894,898,896,192,354,546,1440
3372,888,886,884,190,352,542,1430
3373,890,888,890,188,354,542,1432
3374,898,898,898,188,354,542,1440
3375,864,866,864,190,352,542,1406
3376,876,876,878,190,354,544,1420
3377,864,868,868,194,354,548,1412
3378,884,880,880,190,354,544,1428
3379,890,890,890,190,354,544,1434
3380,876,876,876,190,354,544,1420
3381,868,870,868,192,352,544,1412
3382,866,862,862,188,352,540,1406
3383,862,858,860,184,354,538,1400
3384,854,856,858,186,356,542,1396
3385,836,836,832,186,352,538,1374
3386,824,825,823,188,350,538,1363
3387,818,819.5,817.5,190,350,540,1357.5
3388,831,827.75,827.75,192,350,540,1367.75
3389,844,836,838,184,350,534,1378
3390,832,832,834,184,352,536,1384
3391,848,854,854,190,352,542,1390
3392,862,860,860,188,352,540,1402
3393,852,854,852,190,350,540,1392
3394,868,864,866,186,352,538,1406
3395,910,910,912,186,354,540,1450
3396,898,896,898,184,356,540,1438
3397,890,894,892,188,354,542,1432
3398,888,886,886,186,354,540,1428
3399,880,876,878,182,356,538,1418
3400,882,882,878,182,352,534,1416
3401,868,874,874,188,352,540,1408
3402,858,858,858,188,352,540,1398
3403,844,842,842,186,352,538,1382
3404,842,838,838,182,352,534,1376
3405,840,846,844,188,350,538,1378
3406,890,892,894,190,352,542,1432
3407,910,914,916,194,354,548,1458
3408,914,914,912,194,352,546,1460
3409,970,966,968,190,354,544,1514
3410,958,958,958,190,354,544,1502
3411,962,960,960,188,354,542,1504
3412,946,944,942,186,352,538,1484
3413,926,928,928,188,352,540,1466
3414,944,938,942,182,356,538,1482
3415,922,926,920,186,350,536,1458
3416,910,912,914,188,352,540,1450
3417,910,912,910,190,350,540,1450
3418,908,908,912,190,354,544,1452
3419,904,904,902,190,352,542,1446
3420,890,890,888,190,350,540,1430
3421,890,894,894,194,350,544,1434
3422,896,894,896,192,352,544,1440
3423,924,924,926,192,354,546,1470
3424,912,908,910,188,356,544,1456
3425,888,894,892,194,354,548,1436
3426,900,898,894,192,350,542,1442
3427,902,902,904,192,352,544,1446
3428,900,900,902,192,354,546,1446
3429,922,924,922,194,352,546,1468
3430,918,916,916,192,352,544,1462
3431,914,914,914,192,352,544,1458
3432,938,938,938,192,352,544,1482
3433,928,932,932,196,352,548,1476
3434,938,934,932,192,350,542,1480
3435,924,924,924,192,350,542,1466
3436,914,912,914,190,352,542,1456
3437,916,918,918,192,352,544,1460
3438,924,922,924,190,354,544,1468
3439,932,934,936,192,356,548,1480
3440,920,920,920,192,356,548,1468
3441,894,894,890,192,352,544,1438
3442,904,904,902,192,350,542,1446
3443,902,898,902,188,354,542,1444
3444,900,902,902,190,354,544,1444
3445,942,942,942,190,354,544,1486
3446,924,932,930,198,352,550,1474
3447,904,900,900,194,352,546,1450
3448,912,908,908,190,352,542,1454
3449,922,924,924,192,352,544,1466
3450,916,912,914,188,354,542,1458
3451,902,908,906,194,352,546,1448
3452,902,898,894,190,352,538,1440
3453,900,896,900,186,352,538,1438
3454,886,888,888,188,352,540,1426
3455,882,884,884,190,352,542,1424
3456,862,868,866,196,350,546,1408
3457,876,868,866,188,349,536,1412
3458,860,860,860,188,350.5,536,1396
3459,876,876,880,188,352,540,1416
3460,878,878,878,188,352,540,1418
3461,878,882,880,192,350,542,1420
3462,926,924,926,190,352,542,1468
3463,924,926,928,192,354,546,1470
3464,964,966,966,194,354,548,1512
3465,978,980,978,196,352,548,1526
3466,974,966,970,188,356,544,1518
3467,970,972,968,190,352,542,1512
3468,968,968,968,190,352,542,1510
3469,982,978,980,186,354,540,1522
3470,958,966,966,194,354,548,1506
3471,956,952,950,190,352,542,1498
3472,940,938,938,188,352,540,1480
3473,932,932,932,188,352,540,1472
3474,926,926,928,188,354,542,1468
3475,928,930,928,190,352,542,1470
3476,928,926,928,188,354,542,1470
3477,936,942,940,194,352,546,1482
3478,934,934,932,194,350,544,1478
3479,934,928,930,188,352,540,1474
3480,942,942,944,188,354,542,1484
3481,926,932,930,194,352,546,1472
3482,928,924,926,190,354,544,1472
3483,914,914,912,190,352,542,1456
3484,928,928,930,190,354,544,1472
3485,914,918,916,194,352,546,1460
3486,906,904,904,192,352,544,1450
3487,898,900,902,194,354,548,1446
3488,918,918,918,194,354,548,1466
3489,922,924,924,196,354,550,1472
3490,916,914,910,194,350,544,1460
3491,896,900,900,198,350,548,1444
3492,902,898,902,194,354,548,1450
3493,942,940,942,192,356,548,1490
3494,930,930,926,192,352,544,1474
3495,918,918,918,192,352,544,1462
3496,918,918,918,192,352,544,1462
3497,936,932,934,188,354,542,1478
3498,930,932,934,190,356,546,1476
3499,924,928,924,194,352,546,1470
3500,926,926,928,194,354,548,1474
3501,918,916,914,192,352,544,1462
3502,930,930,934,192,356,548,1478
3503,956,956,956,192,356,548,1504
3504,934,940,936,198,352,550,1484
3505,922,918,918,194,352,546,1468
3506,920,916,920,190,356,546,1466
3507,928,926,926,188,356,544,1472
3508,924,930,924,194,350,544,1468
3509,898,898,900,194,352,546,1444
3510,894,894,892,194,350,544,1438
3511,918,912,914,188,352,540,1458
3512,882,884,886,190,354,544,1426
3513,882,884,882,192,352,544,1426
3514,882,882,882,192,352,544,1426
3515,862,862,860,192,350,542,1404
3516,902,904,906,194,352,546,1448
3517,890,886,886,190,352,542,1432
3518,892,894,894,192,352,544,1436
3519,868,870,868,194,350,544,1412
3520,888,886,888,192,352,544,1432
3521,888,888,888,192,352,544,1432
3522,876,876,876,192,352,544,1420
3523,864,864,862,192,350,542,1406
3524,862,862,862,192,350,542,1404
3525,860,858,860,190,352,542,1402
3526,868,868,868,190,352,542,1410
3527,850,850,850,190,352,542,1392
3528,836,836,834,190,350,540,1376
3529,832,830,830,188,350,538,1370
3530,834,832,832,186,350,536,1370
3531,837,834,835,190,350,540,1374
3532,840,836,838,186,352,538,1378
3533,840,844,840,190,350,538,1378
3534,858,856,856,188,350,536,1394
3535,888,884,886,184,350,534,1422
3536,880,880,884,184,354,538,1418
3537,874,874,872,184,352,536,1410
3538,876,874,876,182,354,536,1412
3539,856,860,854,186,351,534,1390
3540,852,850,850,184,350.5,532,1384
3541,850,846,848,180,350,532,1380
3542,840,840,842,180,352,532,1372
3543,832,834,834,182,352,534,1363
3544,823,823,823,184,350,532,1353.5
3545,813.5,815.5,815.5,182,349,533,1345.75
3546,811.75,812.75,811.75,186,347.5,534,1343.875
3547,817.875,817.375,817.875,186,347.75,532,1349.938
3548,825.938,824.688,825.938,184,348.875,532,1357.969
3549,834,832,834,182,350,532,1364.984
3550,836,840,840,186,350,536,1372
3551,872,874,874,188,350,538,1410
3552,868,868,868,188,350,538,1406
3553,884,884,884,188,350,538,1422
3554,900,900,900,188,350,538,1438
3555,886,886,886,188,350,538,1424
3556,888,886,884,186,350,534,1422
3557,890,890,892,186,350,536,1426
3558,904,904,904,186,350,536,1440
3559,896,896,892,186,349,532,1428
3560,882,882,884,186,348.5,534,1416
3561,890,888,888,184,350.25,532,1422
3562,890,892,896,186,352,538,1428
3563,892,894,892,188,350,538,1430
3564,888,890,886,190,349,536,1424
3565,890,886,888,186,349.5,534,1424
3566,908,910,912,188,350,538,1446
3567,908,910,910,190,350,540,1448
3568,926,926,926,190,350,540,1466
3569,930,930,928,190,350,538,1468
3570,908,910,912,192,350,542,1450
3571,950,946,948,188,352,540,1490
3572,934,936,934,190,350,540,1474
3573,952,956,954,194,350,542,1494
3574,942,942,944,194,350,544,1486
3575,974,980,980,197,350,550,1524
3576,998,998,1000,194.5,352,552,1550
3577,1000,992,992,192,352,544,1544
3578,970,974,974,196,352,548,1518
3579,976,970,970,190,352,542,1518
3580,986,988,990,192,354,546,1532
3581,1014,1014,1016,192,356,548,1562
3582,1050,1013,1016,194,354,554,1604
3583,1016,1012,1016,196,358,554,1570
3584,1040,1038,1034,194,354,548,1588
3585,1038,1040,1042,196,356,552,1590
3586,1034,1032,1032,194,356,550,1584
3587,1006,1006,1004,194,354,548,1554
3588,1008,1008,1010,194,356,550,1558
3589,1008,1008,1006,194,354,548,1556
3590,988,990,992,196,356,552,1540
3591,992,986,986,190,356,546,1538
3592,992,994,994,192,356,548,1540
3593,1010,1008,1010,190,358,548,1558
3594,962,960,956,188,354,542,1504
3595,958,964,964,194,354,548,1506
3596,952,944,946,186,356,542,1494
3597,960,966,966,192,356,548,1508
3598,950,950,950,192,356,548,1498
3599,972,976,976,196,356,552,1524
3600,972,976,976,195,356,556,1528
3601,984,978,978,194,356,550,1534
3602,1010,1010,1012,194,358,552,1562
3603,1022,1020,1018,192,356,548,1570
3604,994,994,992,192,354,546,1540
3605,980,980,982,192,356,548,1528
3606,978,976,976,190,356,546,1524
3607,980,976,976,186,356,542,1522
3608,956,958,958,188,356,544,1500
3609,944,944,942,188,354,542,1486
3610,944,946,946,190,354,544,1488
3611,956,960,962,194,356,550,1506
3612,964,962,962,192,356,548,1512
3613,966,968,966,194,354,548,1514
3614,976,976,980,194,358,552,1528
3615,984,984,984,194,358,552,1536
3616,976,976,972,194,354,548,1524
3617,972,972,972,194,354,548,1520
3618,982,982,986,194,358,552,1534
3619,988,986,984,192,356,548,1536
3620,976,976,978,192,358,550,1526
3621,960,962,958,194,354,548,1508
3622,974,970,974,190,358,548,1522
3623,960,964,964,194,358,552,1512
3624,988,990,988,196,356,552,1540
3625,978,972,972,190,356,546,1524
3626,968,968,968,190,356,546,1514
3627,976,980,982,194,358,552,1528
3628,996,998,996,196,356,552,1548
3629,986,984,986,194,358,552,1538
3630,996,996,998,194,360,554,1550
3631,1010,1012,1010,196,358,554,1564
3632,1006,1006,1006,196,358,554,1560
3633,1010,1008,1010,194,360,554,1564
3634,1018,1020,1022,196,362,558,1576
3635,1006,1006,1000,196,356,552,1558
3636,998,996,998,194,358,552,1550
3637,982,980,978,192,356,548,1530
3638,990,986,990,188,360,548,1538
3639,966,968,964,190,356,546,1512
3640,950,952,954,192,358,550,1500
3641,948,944,944,188,358,546,1494
3642,940,938,936,186,356,542,1482
3643,940,942,946,188,360,548,1488
3644,926,932,928,194,356,550,1476
3645,922,918,918,190,356,546,1468
3646,906,906,906,190,356,546,1452
3647,924,922,922,188,356,544,1468
3648,924,924,924,188,356,544,1468
3649,924,928,930,192,358,550,1474
3650,922,918,916,188,356,544,1466
3651,916,918,916,190,354,544,1460
3652,904,902,906,188,358,546,1450
3653,914,914,912,188,356,544,1458
3654,906,908,904,190,352,542,1448
3655,902,904,906,192,354,546,1448
3656,906,902,906,188,358,546,1452
3657,908,910,908,190,356,546,1454
3658,906,908,906,192,354,546,1452
3659,904,902,902,190,354,544,1448
3660,916,916,918,190,356,546,1462
3661,930,928,928,188,356,544,1474
3662,906,908,908,190,356,546,1452
3663,904,904,902,190,354,544,1448
3664,902,904,904,192,354,546,1448
3665,930,926,928,188,356,544,1474
3666,922,924,922,190,354,544,1466
3667,936,934,936,188,356,544,1480
3668,928,932,930,192,354,546,1474
3669,940,940,942,192,356,548,1488
3670,944,940,942,188,358,546,1490
3671,946,952,952,194,358,552,1498
3672,956,958,954,196,354,550,1506
3673,942,938,940,192,356,548,1490
3674,932,928,928,188,356,544,1476
3675,1080,1075,1083,190,357,532,1623
3676,1023,1026.5,1027.5,184,358,542,1568.5
3677,966,978,972,196,352,548,1514
3678,960,952,956,188,356,544,1504
3679,950,952,956,190,360,550,1500
3680,978,982,982,194,360,554,1532
3681,978,982,978,198,356,554,1532
3682,980,970,972,188,358,546,1526
3683,956,960,960,192,358,550,1506
3684,958,956,958,190,360,550,1508
3685,960,962,958,192,356,548,1508
3686,960,960,960,192,356,548,1508
3687,942,942,942,192,356,548,1490
3688,944,938,940,186,358,544,1488
3689,934,938,936,190,356,546,1480
3690,926,928,930,192,358,550,1476
3691,922,920,918,190,356,546,1468
3692,920,922,920,192,354,546,1466
3693,940,938,942,190,358,548,1488
3694,926,926,924,190,356,546,1472
3695,920,922,922,192,356,548,1468
3696,908,906,908,190,358,548,1456
3697,920,920,918,190,356,546,1466
3698,908,906,908,188,358,546,1454
3699,876,878,876,190,356,546,1422
3700,852,852,854,190,358,548,1400
3701,848,844,842,186,356,542,1390
3702,834,830,830,182,356,538,1372
3703,840,846,844,188,354,542,1382
3704,876,876,880,188,358,546,1422
3705,884,886,884,190,356,546,1430
3706,912,910,908,188,354,542,1454
3707,954,954,954,188,354,542,1496
3708,1028,1028,1036,188,362,550,1578
3709,1016,1018,1016,190,360,550,1566
3710,1024,1022,1024,188,362,550,1574
3711,992,988,984,184,358,542,1534
3712,978,974,978,180,362,542,1520
3713,986,988,988,182,362,544,1530
3714,974,972,970,180,360,540,1514
3715,936,934,932,178,358,536,1472
3716,928,930,930,180,358,538,1466
3717,918,920,920,182,358,540,1458
3718,920,920,922,182,360,542,1462
3719,924,930,928,188,358,546,1470
3720,940,944,942,192,356,548,1488
3721,936,930,932,186,358,544,1480
3722,930,930,928,186,356,542,1472
3723,936,940,942,190,358,548,1484
3724,942,942,940,190,356,546,1488
3725,944,942,942,188,356,544,1488
3726,962,966,968,192,358,550,1512
3727,976,972,970,188,356,544,1520
3728,966,964,966,186,358,544,1510
3729,968,968,966,186,356,542,1510
3730,956,958,960,188,358,546,1502
3731,954,952,954,186,360,546,1500
3732,936,938,936,188,358,546,1482
3733,930,928,928,186,358,544,1474
3734,922,922,924,186,360,546,1468
3735,942,948,946,192,358,550,1492
3736,960,964,964,196,358,554,1514
3737,996,1000,1000,195,358,558,1554
3738,992,986,986,194,358,552,1544
3739,1012,1012,1016,194,362,556,1568
3740,1027,1026,1028,198,360,558,1583
3741,1042,1040,1040,196,360,556,1598
3742,1016,1014,1014,194,360,554,1570
3743,1028,1024,1024,190,360,550,1578
3744,1004,1010,1010,196,360,556,1560
3745,1010,1010,1010,196,360,556,1566
3746,992,986,986,190,360,550,1542
3747,986,990,992,194,362,556,1542
3748,976,972,968,190,358,548,1524
3749,966,972,974,196,360,556,1522
3750,962,958,958,192,360,552,1514
3751,972,972,972,192,360,552,1524
3752,964,964,962,192,358,550,1514
3753,956,956,956,192,358,550,1506
3754,946,950,950,196,358,554,1500
3755,978,984,984,198,358,560,1538
3756,994,992,994,200,360,560,1554
3757,1040,1042,1042,199,360,562,1602
3758,1012,1008,1008,198,360,558,1570
3759,1004,1002,1004,196,362,558,1562
3760,1048,1050,1050,198,362,560,1608
3761,1039,1037,1038,198,360,558,1596
3762,1030,1024,1026,192,362,554,1584
3763,1014,1014,1012,192,360,552,1566
3764,1014,1008,1010,186,362,548,1562
3765,990,990,986,186,358,544,1534
3766,970,972,974,188,360,548,1518
3767,974,970,970,184,360,544,1518
3768,956,966,966,194,360,554,1510
3769,970,968,968,192,360,552,1522
3770,958,960,958,194,358,552,1510
3771,980,980,984,194,362,556,1536
3772,976,974,976,192,364,556,1532
3773,980,986,980,198,358,556,1536
3774,984,978,980,192,360,552,1536
3775,978,976,976,190,360,550,1528
3776,978,980,978,192,358,550,1528
3777,970,972,974,194,360,554,1524
3778,968,968,964,194,356,550,1518
3779,962,962,966,194,360,554,1516
3780,992,992,994,194,362,556,1548
3781,984,984,982,194,360,554,1538
3782,984,992,990,192,358,560,1544
3783,988,976,980,190,362,552,1540
3784,978,982,984,194,364,558,1536
3785,980,980,978,194,362,556,1536
3786,984,988,984,198,358,556,1540
3787,982,978,982,194,362,556,1538
3788,972,970,970,192,362,554,1526
3789,978,978,976,192,360,552,1530
3790,970,974,974,196,360,556,1526
3791,958,956,956,194,360,554,1512
3792,950,946,946,190,360,550,1500
3793,956,960,960,194,360,554,1510
3794,956,954,954,192,360,552,1508
3795,934,938,938,196,360,556,1490
3796,914,908,902,190,354,544,1458
3797,936,936,942,190,360,550,1486
3798,926,928,928,192,360,552,1478
3799,914,916,912,194,356,550,1464
3800,902,904,906,196,358,554,1456
3801,898,892,890,190,356,546,1444
3802,934,938,940,194,358,552,1486
3803,926,924,924,192,358,550,1476
3804,930,936,936,198,358,556,1486
3805,916,910,908,192,356,548,1464
3806,950,950,952,192,358,550,1500
3807,962,962,962,192,358,550,1512
3808,950,952,950,194,356,550,1500
3809,924,918,920,188,358,546,1470
3810,930,928,930,186,360,546,1476
3811,936,938,938,188,360,548,1484
3812,926,930,928,192,358,550,1476
3813,940,942,942,194,358,552,1492
3814,900,894,892,188,356,544,1444
3815,898,898,898,188,356,544,1442
3816,888,890,890,190,356,546,1434
3817,894,896,898,192,358,550,1444
3818,900,902,904,194,360,554,1454
3819,924,926,922,196,356,552,1476
3820,946,946,946,196,356,552,1498
3821,958,954,956,192,358,550,1508
3822,960,958,958,190,358,548,1508
3823,938,940,938,192,356,548,1486
3824,924,922,922,190,356,546,1470
3825,932,930,936,188,362,550,1482
3826,928,930,926,190,358,548,1476
3827,896,898,894,192,354,546,1442
3828,902,898,896,188,352,540,1442
3829,888,888,892,188,356,544,1432
3830,908,908,912,188,360,548,1456
3831,882,884,880,190,356,546,1428
3832,886,888,886,192,354,546,1432
3833,870,874,874,196,354,550,1420
3834,880,872,874,188,356,544,1424
3835,878,878,876,188,354,542,1420
3836,930,932,934,190,356,546,1476
3837,912,918,920,196,358,554,1466
3838,900,896,892,192,354,546,1446
3839,904,904,904,192,354,546,1450
3840,910,910,914,192,358,550,1460
3841,976,980,982,196,360,556,1532
3842,986,982,982,192,360,552,1538
3843,952,950,948,190,358,548,1500
3844,918,918,916,190,356,546,1464
3845,912,908,906,186,354,540,1452
3846,896,898,900,188,356,544,1440
3847,948,948,948,188,356,544,1492
3848,954,962,966,196,360,556,1510
3849,966,968,966,198,358,556,1522
3850,958,956,954,196,356,552,1510
3851,964,962,964,194,358,552,1516
3852,974,972,976,192,362,554,1528
3853,984,978,974,186,358,544,1528
3854,976,978,976,188,356,544,1520
3855,946,946,946,188,356,544,1490
3856,938,938,938,188,356,544,1482
3857,936,936,938,188,358,546,1482
3858,924,924,922,188,356,544,1468
3859,904,908,904,192,352,544,1448
3860,908,904,906,188,354,542,1450
3861,912,910,910,186,354,540,1452
3862,896,900,904,190,358,548,1444
3863,902,904,900,192,354,546,1448
3864,904,906,904,194,352,546,1450
3865,926,922,926,190,356,546,1472
3866,940,944,946,194,358,552,1492
3867,952,956,954,198,356,554,1506
3868,972,970,968,196,354,550,1522
3869,962,964,966,198,356,554,1516
3870,980,976,976,194,356,550,1530
3871,986,984,986,192,358,550,1536
3872,980,986,984,198,356,554,1534
3873,984,980,978,194,354,548,1532
3874,972,970,972,192,356,548,1520
3875,962,966,968,196,358,554,1516
3876,972,968,966,192,356,548,1520
3877,964,972,970,194,354,554,1518
3878,970,966,968,196,356,552,1522
3879,974,974,978,196,360,556,1530
3880,988,990,990,198,360,558,1546
3881,980,978,976,196,358,554,1534
3882,976,976,974,196,356,552,1528
3883,972,970,970,194,356,550,1522
3884,976,974,976,192,358,550,1526
3885,966,968,970,194,360,554,1520
3886,952,948,946,190,358,548,1500
3887,944,952,950,198,356,554,1498
3888,940,934,934,192,356,548,1488
3889,950,956,958,198,358,556,1506
3890,992,992,994,198,360,558,1550
3891,1006,1006,1006,198,360,558,1564
3892,1002,1004,1000,198,356,556,1558
3893,1004,1002,1006,198,360,558,1562
3894,1004,998,998,192,360,552,1556
3895,1026,1030,1034,196,364,560,1586
3896,998,1002,996,195,358,558,1556
3897,986,980,978,194,356,550,1536
3898,970,968,970,192,358,550,1520
3899,982,974,974,184,358,542,1524
3900,962,966,968,188,360,548,1510
3901,956,964,964,196,360,556,1512
3902,956,954,950,194,356,550,1506
3903,956,952,952,190,356,546,1502
3904,974,978,980,194,358,552,1526
3905,974,976,976,196,358,554,1528
3906,992,998,1002,196,362,564,1556
3907,996,990,988,196,360,556,1552
3908,998,1000,998,198,358,556,1554
3909,1014,1010,1014,194,362,556,1570
3910,1012,1010,1008,192,360,552,1564
3911,978,974,972,188,358,546,1524
3912,964,964,964,188,358,546,1510
3913,978,976,976,186,358,544,1522
3914,958,964,966,192,360,552,1510
3915,960,960,956,192,356,548,1508
3916,952,950,952,190,358,548,1500
3917,942,944,944,192,358,550,1492
3918,956,956,956,192,358,550,1506
3919,952,950,950,190,358,548,1500
3920,946,952,950,196,356,552,1498
3921,948,944,946,192,358,550,1498
3922,932,932,928,192,354,546,1478
3923,940,940,944,192,358,550,1490
3924,958,962,964,196,360,556,1514
3925,972,970,966,194,356,550,1522
3926,954,958,958,198,356,554,1508
3927,950,948,950,196,358,554,1504
3928,984,980,978,192,356,548,1532
3929,972,970,972,190,358,548,1520
3930,960,966,966,196,358,554,1514
3931,988,984,986,192,360,552,1540
3932,952,950,948,190,358,548,1500
3933,974,976,976,192,358,550,1524
3934,1038,1040,1044,194,362,556,1594
3935,1022,1016,1014,188,360,548,1570
3936,988,996,994,196,358,554,1542
3937,978,974,970,192,354,546,1524
3938,980,980,986,192,360,552,1532
3939,986,988,986,194,358,552,1538
3940,980,982,982,196,358,554,1534
3941,968,966,968,194,360,554,1522
3942,964,958,960,188,362,550,1514
3943,962,962,962,188,362,550,1512
3944,950,948,946,186,360,546,1496
3945,942,946,942,190,356,546,1488
3946,936,936,938,190,358,548,1484
3947,938,940,940,192,358,550,1488
3948,956,962,964,198,360,558,1514
3949,970,964,964,192,360,552,1522
3950,962,966,964,196,358,554,1516
3951,976,972,974,192,360,552,1528
3952,976,976,976,192,360,552,1528
3953,1002,1004,1006,194,362,556,1558
3954,1006,1012,1012,195,362,562,1568
3955,1016,1012,1008,196,358,554,1570
3956,1006,1000,1002,190,360,550,1556
3957,990,990,990,190,360,550,1540
3958,996,998,998,192,360,552,1548
3959,972,970,966,190,356,546,1518
3960,958,960,960,192,356,548,1506
3961,942,940,940,190,356,546,1488
3962,956,950,954,184,360,544,1500
3963,932,938,934,190,356,546,1478
3964,944,946,946,192,356,548,1492
3965,942,940,942,190,358,548,1490
3966,926,924,922,188,356,544,1470
3967,948,946,948,186,358,544,1492
3968,928,932,934,190,360,550,1478
3969,934,934,930,190,356,546,1480
3970,924,922,920,188,354,542,1466
3971,918,918,918,188,354,542,1460
3972,930,930,934,188,358,546,1476
3973,932,934,934,190,358,548,1480
3974,966,970,970,194,358,552,1518
3975,944,948,946,198,356,554,1498
3976,956,954,954,196,356,552,1508
3977,992,988,990,192,358,550,1542
3978,1012,1012,1012,192,358,550,1562
3979,1026,1028,1030,194,360,554,1580
3980,1004,1002,1002,192,360,552,1556
3981,964,962,958,190,356,546,1510
3982,964,960,960,186,356,542,1506
3983,956,954,958,184,360,544,1500
3984,942,946,944,188,358,546,1488
3985,944,946,946,190,358,548,1492
3986,928,926,926,188,358,546,1474
3987,946,950,952,192,360,552,1498
3988,962,966,964,196,358,554,1516
3989,978,980,982,198,360,558,1536
3990,972,968,966,194,358,552,1524
3991,966,964,964,192,358,550,1516
3992,982,978,982,188,362,550,1532
3993,974,978,974,192,358,550,1524
3994,966,966,964,192,356,548,1514
3995,956,950,952,186,358,544,1500
3996,952,954,954,188,358,546,1498
3997,942,944,944,190,358,548,1490
3998,928,926,924,188,356,544,1472
3999,922,922,924,188,358,546,1468
4000,928,926,928,186,360,546,1474
4001,916,922,918,192,356,548,1464
4002,896,900,898,196,354,550,1446
4003,916,912,912,192,354,546,1462
4004,924,922,924,190,356,546,1470
4005,920,922,922,192,356,548,1468
4006,940,934,938,186,360,546,1486
4007,946,948,944,188,356,544,1490
4008,908,912,910,192,354,546,1454
4009,906,906,908,192,356,548,1454
4010,934,932,930,190,354,544,1478
4011,954,952,954,188,356,544,1498
4012,942,944,944,190,356,546,1488
4013,972,974,976,192,358,550,1522
4014,958,958,956,192,356,548,1506
4015,982,978,980,188,358,546,1528
4016,1006,1008,1010,190,360,550,1556
4017,1020,1022,1020,192,358,550,1570
4018,1010,1010,1012,192,360,552,1562
4019,1020,1022,1022,194,360,554,1574
4020,1016,1012,1012,190,360,550,1566
4021,988,988,984,190,356,546,1534
4022,974,978,978,194,356,550,1524
4023,1004,1000,1006,190,362,552,1556
4024,1006,1010,1006,194,358,552,1558
4025,1016,1018,1018,196,358,554,1570
4026,1020,1010,1012,186,360,546,1566
4027,1010,1014,1016,190,362,552,1562
4028,1006,1008,1004,192,358,550,1556
4029,1012,1008,1012,188,362,550,1562
4030,1006,1010,1010,192,362,554,1560
4031,984,990,988,198,360,558,1542
4032,1000,990,990,188,360,548,1548
4033,986,990,990,192,360,552,1538
4034,974,976,974,194,358,552,1526
4035,980,980,978,194,356,550,1530
4036,976,978,980,196,358,554,1530
4037,1018,1018,1024,196,364,560,1578
4038,1034,1032,1030,194,362,556,1590
4039,1014,1012,1008,192,358,550,1564
4040,982,982,982,192,358,550,1532
4041,996,992,996,188,362,550,1546
4042,980,982,984,190,364,554,1534
4043,950,950,942,190,356,546,1496
4044,942,940,944,188,360,548,1490
4045,940,938,936,186,358,544,1484
4046,936,936,938,186,360,546,1482
4047,928,926,926,184,360,544,1472
4048,910,914,912,188,358,546,1456
4049,896,898,898,190,358,548,1444
4050,900,898,898,188,358,546,1446
4051,928,926,928,186,360,546,1474
4052,930,930,932,186,362,548,1478
4053,922,926,922,190,358,548,1470
4054,910,912,908,192,354,546,1456
4055,914,910,912,188,356,544,1458
4056,928,924,926,184,358,542,1470
4057,944,950,952,190,360,550,1494
4058,946,944,948,188,364,552,1498
4059,924,928,920,192,356,548,1472
4060,920,920,924,192,360,552,1472
4061,944,942,940,190,358,548,1492
4062,950,950,952,190,360,550,1500
4063,948,952,950,194,358,552,1500
4064,966,960,960,188,358,546,1512
4065,954,954,956,188,360,548,1502
4066,978,980,980,190,360,550,1528
4067,978,982,980,194,358,552,1530
4068,976,974,974,192,358,550,1526
4069,968,964,964,188,358,546,1514
4070,988,984,988,184,362,546,1534
4071,960,968,964,192,358,550,1510
4072,952,956,954,196,356,552,1504
4073,954,948,950,190,358,548,1502
4074,958,956,956,188,358,546,1504
4075,980,986,986,194,358,552,1532
4076,974,978,978,198,358,556,1530
4077,990,980,982,188,360,548,1538
4078,984,992,996,196,364,560,1544
4079,994,992,986,194,358,552,1546
4080,1008,1010,1010,196,358,554,1562
4081,1012,1012,1016,196,362,558,1570
4082,1036,1036,1036,196,362,558,1594
4083,1026,1022,1018,192,358,550,1576
4084,1012,1014,1014,194,358,552,1564
4085,992,986,988,188,360,548,1540
4086,980,984,986,192,362,554,1534
4087,964,962,956,190,356,546,1510
4088,946,950,950,194,356,550,1496
4089,946,942,942,190,356,546,1492
4090,938,936,940,188,360,548,1486
4091,934,938,938,192,360,552,1486
4092,926,920,920,186,360,546,1472
4093,878,880,876,188,356,544,1422
4094,896,896,896,188,356,544,1440
4095,900,894,894,182,356,538,1438
4096,886,888,888,184,356,540,1426
4097,916,926,928,194,358,552,1468
4098,968,968,970,194,360,554,1522
4099,948,950,946,196,356,552,1500
4100,964,956,956,188,356,544,1508
4101,974,974,980,188,362,550,1524
4102,984,982,984,186,364,550,1534
4103,960,966,960,192,358,550,1510
4104,946,940,940,186,358,544,1490
4105,942,944,948,188,362,550,1492
4106,926,924,922,186,360,546,1472
4107,910,910,904,186,354,540,1450
4108,896,894,894,184,354,538,1434
4109,892,890,892,182,356,538,1430
4110,896,898,898,184,356,540,1436
4111,866,872,870,190,354,544,1410
4112,880,882,882,192,354,546,1426
4113,904,898,904,186,360,546,1450
4114,926,930,928,190,358,548,1474
4115,952,952,952,190,358,548,1500
4116,936,934,930,188,354,542,1478
4117,964,964,966,188,356,544,1508
4118,980,978,980,186,358,544,1524
4119,974,978,978,190,358,548,1522
4120,956,962,960,196,356,552,1508
4121,982,972,974,186,358,544,1526
4122,976,984,984,194,358,552,1528
4123,964,960,958,190,356,546,1510
4124,950,950,950,190,356,546,1496
4125,944,938,938,184,356,540,1484
4126,932,936,936,188,356,544,1476
4127,936,940,938,192,354,546,1482
4128,916,918,916,194,352,546,1462
4129,928,926,930,192,356,548,1476
4130,940,938,938,190,356,546,1486
4131,932,938,940,196,358,554,1486
4132,940,938,936,194,356,550,1490
4133,942,940,938,192,354,546,1488
4134,942,942,942,192,354,546,1488
4135,956,958,962,194,358,552,1508
4136,960,960,960,194,358,552,1512
4137,952,954,954,196,358,554,1506
4138,998,996,996,194,358,552,1550
4139,996,994,996,192,360,552,1548
4140,938,1010,1008,193,358,551,1560
4141,958,986,984,194,356,550,1606
4142,978,978,980,194,358,552,1530
4143,1000,998,998,192,358,550,1550
4144,1012,1014,1016,194,360,554,1566
4145,1028,1026,1026,192,360,552,1580
4146,1032,1030,1030,190,360,550,1582
4147,1038,1037,1038,192,358,550,1589
4148,1044,1044,1046,192,360,552,1596
4149,1034,1034,1034,192,360,552,1586
4150,1030,1026,1026,188,360,548,1578
4151,1008,1010,1008,190,358,548,1556
4152,1012,1010,1012,188,360,548,1560
4153,1006,1008,1008,190,360,550,1556
4154,986,988,984,192,356,548,1534
4155,986,982,986,188,360,548,1534
4156,1026,1030,1032,192,362,554,1580
4157,1036,1038,1036,194,360,554,1590
4158,1038,1036,1036,192,360,552,1590
4159,1024,1020,1018,188,358,546,1570
4160,1034,1034,1038,188,362,550,1584
4161,1037,1036,1038,196,362,558,1590
4162,1040,1038,1038,194,362,556,1596
4163,1050,1048,1048,192,362,554,1604
4164,1048,1048,1049,196,360,556,1605
4165,1046,1048,1050,198,362,560,1606
4166,1036,1034,1034,196,362,558,1594
4167,1059,1060,1060,190,364,554,1617
4168,1059.5,1061,1061,194,364,558,1618.5
4169,1059.75,1059.5,1059.5,196,364,560,1618.25
4170,1069.875,1066.75,1065.75,194,364,558,1624.125
4171,1061.938,1063.375,1062.875,188,362,550,1617.062
4172,1054,1053.688,1054.438,194,362,556,1610
4173,1044,1044,1046,194,364,558,1602
4174,1038,1038,1036,194,362,556,1594
4175,1032,1026,1028,188,364,552,1584
4176,1022,1026,1026,192,364,556,1578
4177,1030,1026,1024,188,362,550,1580
4178,990,990,992,188,364,552,1542
4179,984,984,982,188,362,550,1534
4180,966,970,968,192,360,552,1518
4181,970,972,976,194,364,558,1528
4182,1002,998,996,190,362,552,1554
4183,976,984,986,198,364,562,1538
4184,968,966,962,196,360,556,1524
4185,966,958,958,188,360,548,1514
4186,960,960,962,188,362,550,1510
4187,954,954,954,188,362,550,1504
4188,926,928,926,190,360,550,1476
4189,918,914,914,186,360,546,1464
4190,920,916,916,182,360,542,1462
4191,906,908,910,184,362,546,1452
4192,904,906,904,186,360,546,1450
4193,870,874,870,190,356,546,1416
4194,874,870,872,186,358,544,1418
4195,904,906,906,188,358,546,1450
4196,952,952,956,188,362,550,1502
4197,980,986,986,194,362,556,1536
4198,964,960,958,190,360,550,1514
4199,980,986,984,196,358,554,1534
4200,1008,998,1004,186,364,550,1558
4201,1002,1004,1002,188,362,550,1552
4202,1006,1004,1008,186,366,552,1558
4203,986,984,982,184,364,548,1534
4204,1000,1002,1000,186,362,548,1548
4205,1012,1012,1010,186,360,546,1558
4206,1002,1002,1004,186,362,548,1550
4207,984,982,984,184,364,548,1532
4208,974,972,968,182,360,542,1516
4209,946,952,952,188,360,548,1494
4210,932,926,922,182,356,538,1470
4211,926,926,930,182,360,542,1468
4212,900,906,904,188,358,546,1446
4213,888,890,886,190,354,544,1432
4214,900,896,900,186,358,544,1444
4215,908,908,908,186,358,544,1452
4216,922,924,924,188,358,546,1468
4217,956,960,958,192,356,548,1504
4218,984,988,992,196,360,556,1540
4219,1008,1004,1004,192,360,552,1560
4220,1026,1028,1028,194,360,554,1580
4221,1016,1012,1012,190,360,550,1566
4222,1010,1010,1008,190,358,548,1558
4223,1002,1000,1002,188,360,548,1550
4224,994,990,988,184,358,542,1536
4225,998,1000,1000,186,358,544,1542
4226,990,992,994,188,360,548,1538
4227,988,994,994,194,360,554,1542
4228,1004,1002,1002,192,360,552,1556
4229,1030,1030,1034,192,364,556,1586
4230,1046,1050,1046,196,360,556,1602
4231,1020,1020,1024,196,364,560,1580
4232,1047,1050,1051,190,364,554,1606
4233,1048.5,1050,1050.5,196,362,558,1607
4234,1050,1050,1050,196,362,558,1608
4235,1028,1018,1022,186,366,552,1580
4236,1004,1012,1006,194,360,554,1558
4237,998,998,1000,194,362,556,1554
4238,986,986,984,194,360,554,1540
4239,1006,1006,1010,194,364,558,1564
4240,998,1000,998,196,362,558,1556
4241,1010,1008,1006,194,360,554,1564
4242,980,982,982,196,360,556,1536
4243,1006,1008,1010,198,362,560,1566
4244,1020,1016,1016,194,362,556,1576
4245,1010,1012,1012,196,362,558,1568
4246,1002,1000,998,194,360,554,1556
4247,992,996,998,198,362,560,1552
4248,1012,1012,1014,198,364,562,1574
4249,1024,1024,1024,198,364,562,1586
4250,1000,996,994,194,362,556,1556
4251,1012,1012,1014,194,364,558,1570
4252,1018,1018,1016,194,362,556,1574
4253,998,998,998,194,362,556,1554
4254,992,990,992,192,364,556,1548
4255,982,978,980,188,366,554,1536
4256,954,958,950,192,358,550,1504
4257,956,960,962,196,360,556,1512
4258,990,986,990,192,364,556,1546
4259,982,982,980,192,362,554,1536
4260,990,994,996,196,364,560,1550
4261,972,970,966,194,360,554,1526
4262,954,946,950,186,364,550,1504
4263,990,994,994,190,364,554,1544
4264,958,960,960,192,364,556,1514
4265,966,970,968,196,362,558,1524
4266,972,974,974,198,362,560,1532
4267,978,976,978,196,364,560,1538
4268,1014,1014,1016,196,366,562,1576
4269,986,980,976,190,362,552,1538
4270,968,970,968,192,360,552,1520
4271,960,954,954,186,360,546,1506
4272,942,942,944,186,362,548,1490
4273,946,946,944,186,360,546,1492
4274,926,932,934,192,362,554,1480
4275,912,904,900,184,358,542,1454
4276,898,902,902,188,358,546,1444
4277,896,894,894,186,358,544,1440
4278,900,902,902,188,358,546,1446
4279,908,906,906,186,358,544,1452
4280,884,890,888,192,356,548,1432
4281,896,892,892,188,356,544,1440
4282,908,908,910,188,358,546,1454
4283,948,946,948,186,360,546,1494
4284,934,938,936,190,358,548,1482
4285,940,938,938,188,358,546,1486
4286,934,934,934,188,358,546,1480
4287,942,942,944,188,360,548,1490
4288,952,950,946,186,356,542,1494
4289,942,944,948,188,360,548,1490
4290,948,948,944,188,356,544,1492
4291,952,950,952,186,358,544,1496
4292,956,956,956,186,358,544,1500
4293,954,956,956,188,358,546,1500
4294,936,936,932,188,354,542,1478
4295,944,942,946,186,358,544,1488
4296,968,966,966,184,358,542,1510
4297,930,936,934,190,356,546,1476
4298,928,924,926,186,358,544,1472
4299,914,918,914,190,354,544,1458
4300,914,916,918,192,356,548,1462
4301,966,968,970,194,358,552,1518
4302,946,938,938,186,358,544,1490
4303,936,944,942,194,356,550,1486
4304,920,920,922,194,358,552,1472
4305,944,944,944,194,358,552,1496
4306,1002,1000,1002,192,360,552,1554
4307,1006,1006,1006,192,360,552,1558
4308,992,992,990,192,358,550,1542
4309,1002,1002,1002,192,358,550,1552
4310,986,988,992,194,362,556,1542
4311,984,982,978,192,358,550,1534
4312,988,984,984,188,358,546,1534
4313,984,982,982,186,358,544,1528
4314,966,970,970,190,358,548,1514
4315,980,980,980,190,358,548,1528
4316,970,972,974,192,360,552,1522
4317,994,990,990,188,360,548,1542
4318,992,1000,998,196,358,554,1546
4319,980,978,978,194,358,552,1532
4320,982,978,980,190,360,550,1532
4321,1014,1020,1020,196,360,556,1570
4322,1018,1018,1016,196,358,554,1572
4323,1022,1022,1022,196,358,554,1576
4324,1006,1008,1008,198,358,556,1562
4325,1046,1046,1044,194,364,558,1600
4326,1042,1045,1043,192,360,552,1597
4327,1038,1044,1042,198,358,556,1594
4328,1020,1012,1014,190,360,550,1570
4329,1012,1012,1014,190,362,552,1564
4330,1040,1042,1040,192,360,552,1592
4331,1016,1022,1022,198,360,558,1574
4332,1018,1012,1014,192,362,554,1572
4333,1026,1026,1028,192,364,556,1582
4334,1010,1012,1006,194,358,552,1562
4335,996,996,998,194,360,554,1550
4336,992,990,992,192,362,554,1546
4337,1004,1000,998,188,360,548,1552
4338,996,1002,1002,194,360,554,1550
4339,992,994,994,196,360,556,1548
4340,988,988,988,196,360,556,1544
4341,1016,1010,1014,190,364,554,1570
4342,1026,1034,1036,198,366,564,1590
4343,1048,1044,1044,194,366,560,1608
4344,1000,1000,996,194,362,556,1556
4345,1004,1004,1004,194,362,556,1560
4346,1048,1050,1054,196,366,562,1610
4347,1038,1034,1028,192,360,552,1590
4348,1012,1014,1016,194,362,556,1568
4349,998,990,990,186,362,548,1546
4350,1010,1010,1014,186,366,552,1562
4351,982,984,980,188,362,550,1532
4352,970,972,972,190,362,552,1522
4353,950,950,950,190,362,552,1502
4354,952,948,952,186,366,552,1504
4355,946,950,944,190,360,550,1496
4356,932,932,930,190,358,548,1480
4357,934,932,932,188,358,546,1480
4358,956,956,962,188,364,552,1508
4359,936,940,938,192,362,554,1490
4360,942,946,946,196,362,558,1500
4361,910,900,896,186,358,544,1454
4362,886,882,882,182,358,540,1426
4363,904,904,906,182,360,542,1446
4364,900,904,904,186,360,546,1446
4365,922,924,924,188,360,548,1470
4366,958,958,956,188,358,546,1504
4367,938,938,942,188,362,550,1488
4368,1024,1024,1028,188,366,554,1578
4369,1000,1002,1002,190,366,556,1556
4370,1026,1024,1018,188,360,548,1574
4371,986,980,984,182,364,546,1532
4372,958,956,954,180,362,542,1500
4373,978,976,978,178,364,542,1520
4374,950,954,952,182,362,544,1494
4375,920,920,916,182,358,540,1460
4376,908,906,906,180,358,538,1446
4377,900,898,898,178,358,536,1436
4378,934,934,938,178,362,540,1474
4379,908,912,908,182,358,540,1448
4380,914,912,914,180,360,540,1454
4381,904,910,908,186,358,544,1448
4382,936,934,932,184,356,540,1476
4383,926,928,932,186,360,546,1472
4384,946,946,946,186,360,546,1492
4385,966,968,962,188,354,542,1508
4386,940,938,944,186,360,546,1486
4387,966,966,968,186,362,548,1514
4388,974,980,980,192,362,554,1528
4389,998,994,992,188,360,548,1546
4390,984,984,984,188,360,548,1532
4391,990,988,990,186,362,548,1538
4392,980,982,978,188,358,546,1526
4393,966,970,968,192,356,548,1514
4394,972,966,968,186,358,544,1516
4395,982,982,986,186,362,548,1530
4396,988,992,990,190,360,550,1538
4397,978,982,980,194,358,552,1530
4398,990,988,988,192,358,550,1540
4399,1002,998,1000,188,360,548,1550
4400,1046,1054,1035,196,362,558,1604
4401,1054,1059,1048.5,196,364,560,1613
4402,1042,1041.5,1036.25,198,362,560,1598.5
4403,1030,1024,1024,192,362,554,1584
4404,1038,1032,1034,186,364,550,1588
4405,1042,1044,1042,188,362,550,1592
4406,992,992,988,188,358,546,1538
4407,960,962,964,190,360,550,1510
4408,966,964,964,188,360,548,1514
4409,974,980,980,194,360,554,1528
4410,982,980,984,192,364,556,1538
4411,972,976,970,196,358,554,1526
4412,958,956,956,194,358,552,1510
4413,982,978,982,190,362,552,1534
4414,992,990,990,188,362,550,1542
4415,1010,1014,1012,192,360,552,1562
4416,994,996,994,194,358,552,1546
4417,986,988,988,196,358,554,1540
4418,988,978,982,186,362,548,1536
4419,1002,1006,1008,190,364,554,1556
4420,1006,1006,1006,190,364,554,1560
4421,974,972,970,188,362,550,1524
4422,972,974,970,190,358,548,1520
4423,964,964,964,190,358,548,1512
4424,964,962,962,188,358,546,1510
4425,998,1002,1006,192,362,554,1552
4426,1010,1008,1008,190,362,552,1562
4427,1006,1010,1008,194,360,554,1560
4428,990,988,990,192,362,554,1544
4429,1004,998,1000,186,364,550,1554
4430,992,996,994,190,362,552,1544
4431,950,952,948,192,358,550,1500
4432,948,944,944,188,358,546,1494
4433,940,940,942,188,360,548,1488
4434,928,928,926,188,358,546,1474
4435,924,924,922,188,356,544,1468
4436,936,938,940,190,358,548,1484
4437,980,978,982,188,362,550,1530
4438,972,978,976,194,360,554,1526
4439,998,998,1000,194,362,556,1554
4440,992,996,992,198,358,556,1548
4441,1006,1000,1002,192,360,552,1558
4442,1026,1024,1026,190,362,552,1578
4443,1042,1044,1042,192,360,552,1594
4444,1032,1030,1032,190,362,552,1584
4445,1050,1052,1054,192,364,556,1606
4446,1050,1050,1050,192,364,556,1606
4447,1036,1032,1028,188,360,548,1584
4448,1022,1022,1024,188,362,550,1572
4449,1026,1026,1028,188,364,552,1578
4450,1022,1024,1024,190,364,554,1576
4451,994,996,994,192,362,554,1548
4452,980,982,980,194,360,554,1534
4453,1002,998,1000,190,362,552,1554
4454,986,986,984,190,360,550,1536
4455,988,990,992,192,362,554,1542
4456,1012,1016,1014,196,360,556,1568
4457,992,988,992,192,364,556,1548
4458,1002,1002,1002,192,364,556,1558
4459,996,996,992,192,360,552,1548
4460,972,972,972,192,360,552,1524
4461,998,996,998,190,362,552,1550
4462,986,990,988,194,360,554,1540
4463,1012,1016,1018,198,362,560,1572
4464,1022,1016,1018,192,364,556,1578
4465,1036,1038,1038,194,364,558,1594
4466,1040,1038,1040,196,362,558,1597
4467,1044,1038,1042,190,366,556,1600
4468,1034,1032,1028,188,362,550,1584
4469,1016,1020,1022,192,364,556,1572
4470,998,994,992,188,362,550,1548
4471,996,994,996,186,364,550,1546
4472,994,996,996,188,364,552,1546
4473,976,982,982,194,364,558,1534
4474,976,972,970,190,362,552,1528
4475,952,948,948,186,362,548,1500
4476,974,978,978,190,362,552,1526
4477,1008,1012,1016,194,366,560,1568
4478,1016,1022,1020,195,364,564,1580
4479,1012,1008,1004,196,360,556,1568
4480,1010,1004,1010,190,366,556,1566
4481,1036,1038,1040,192,368,560,1596
4482,1026,1027,1026,192,366,558,1583
4483,1016,1016,1012,192,362,554,1570
4484,1026,1018,1024,184,368,552,1578
4485,1004,1006,1002,186,364,550,1554
4486,980,982,980,188,362,550,1530
4487,970,966,966,184,362,546,1516
4488,954,950,952,180,364,544,1498
4489,938,942,942,184,364,548,1486
4490,930,932,928,186,360,546,1476
4491,926,926,926,186,360,546,1472
4492,944,944,946,186,362,548,1492
4493,976,982,984,192,364,556,1532
4494,1024,1028,1026,196,362,558,1582
4495,1048,1046,1048,194,364,558,1606
4496,1068,1069,1069,190,366,556,1626
4497,1056,1055.5,1055.5,194,364,558,1613
4498,1044,1042,1042,192,364,556,1600
4499,1044,1038,1040,186,366,552,1596
4500,1044,1044,1040,186,362,548,1592
4501,1036,1042,1044,192,364,556,1592
4502,1020,1012,1014,184,366,550,1570
4503,1040,1046,1042,190,362,552,1592
4504,1026,1029,1028,192,362,554,1580
4505,1012,1012,1014,192,364,556,1568
4506,1022,1016,1016,186,364,550,1572
4507,1032,1036,1038,190,366,556,1588
4508,1012,1012,1010,190,364,554,1566
4509,992,992,990,190,362,552,1544
4510,972,970,972,188,364,552,1524
4511,980,982,980,190,362,552,1532
4512,968,966,968,188,364,552,1520
4513,970,978,976,196,362,558,1528
4514,986,986,988,196,364,560,1546
4515,1010,1008,1012,194,368,562,1572
4516,1052,1050,1046,192,364,556,1608
4517,1048,1052,1052,196,364,560,1608
4518,1030,1026,1026,192,364,556,1586
4519,1024,1022,1020,190,362,552,1576
4520,1022,1022,1024,190,364,554,1576
4521,992,994,992,192,362,554,1546
4522,976,970,972,186,364,550,1526
4523,988,990,988,188,362,550,1538
4524,960,964,964,192,362,554,1514
4525,954,954,954,192,362,554,1508
4526,944,940,936,188,358,546,1490
4527,956,960,964,192,362,554,1510
4528,962,960,962,190,364,554,1516
4529,938,938,936,190,362,552,1490
4530,946,946,946,190,362,552,1498
4531,938,936,938,188,364,552,1490
4532,966,962,962,184,364,548,1514
4533,958,962,960,188,362,550,1508
4534,938,942,938,192,358,550,1488
4535,940,934,934,186,358,544,1484
4536,934,930,932,182,360,542,1476
4537,932,938,938,188,360,548,1480
4538,936,932,934,184,362,546,1482
4539,914,918,918,188,362,550,1464
4540,918,914,912,184,360,544,1462
4541,922,924,926,186,362,548,1470
4542,922,926,924,190,360,550,1472
4543,926,930,930,194,360,554,1480
4544,950,948,948,192,360,552,1502
4545,986,984,986,190,362,552,1538
4546,1006,1010,1012,194,364,558,1564
4547,1016,1012,1010,190,362,552,1568
4548,994,990,992,186,364,550,1544
4549,1008,1008,1008,186,364,550,1558
4550,1012,1012,1012,186,364,550,1562
4551,994,992,990,184,362,546,1540
4552,976,978,978,186,362,548,1524
4553,982,974,976,178,364,542,1524
4554,950,960,956,188,360,548,1498
4555,952,952,952,188,360,548,1500
4556,936,938,936,190,358,548,1484
4557,946,940,944,184,362,546,1492
4558,944,946,946,186,362,548,1492
4559,942,946,942,190,358,548,1490
4560,950,948,948,188,358,546,1496
4561,964,966,968,190,360,550,1514
4562,1006,1008,1006,192,358,550,1556
4563,998,1002,1002,196,358,554,1552
4564,996,988,990,188,360,548,1544
4565,1002,1000,1004,186,364,550,1552
4566,998,998,996,186,362,548,1546
4567,950,954,950,190,358,548,1498
4568,942,938,942,186,362,548,1490
4569,930,930,930,186,362,548,1478
4570,924,926,922,188,358,546,1470
4571,924,930,932,194,360,554,1478
4572,964,964,962,194,358,552,1516
4573,1036,1034,1042,192,366,558,1594
4574,1033,1033,1035,196,364,560,1591
4575,1030,1032,1028,198,360,558,1588
4576,1004,996,994,190,358,548,1552
4577,1012,1006,1012,184,364,548,1560
4578,1006,1010,1008,188,362,550,1556
4579,994,994,994,188,362,550,1544
4580,980,978,976,186,360,546,1526
4581,968,962,964,180,362,542,1510
4582,952,956,956,184,362,546,1498
4583,944,946,946,186,362,548,1492
4584,940,940,934,186,356,542,1482
4585,920,920,922,186,358,544,1464
4586,922,920,922,184,360,544,1466
4587,928,936,934,192,358,550,1478
4588,938,934,934,188,358,546,1484
4589,922,926,924,192,356,548,1470
4590,928,924,928,188,360,548,1476
4591,954,956,958,190,362,552,1506
4592,956,956,954,190,360,550,1506
4593,974,978,974,194,356,550,1524
4594,972,970,974,192,360,552,1524
4595,990,986,986,188,360,548,1538
4596,992,990,990,186,360,546,1538
4597,972,976,974,190,358,548,1520
4598,972,972,972,190,358,548,1520
4599,990,986,988,186,360,546,1536
4600,990,996,998,192,362,554,1544
4601,978,980,978,194,360,554,1532
4602,974,970,968,190,358,548,1522
4603,1002,1004,1006,192,360,552,1554
4604,1006,1002,1006,188,364,552,1558
4605,992,994,988,190,358,548,1540
4606,980,978,978,188,358,546,1526
4607,966,970,972,192,360,552,1518
4608,990,988,990,190,362,552,1542
4609,990,992,994,192,364,556,1546
4610,1002,1002,998,192,360,552,1554
4611,974,972,972,190,360,550,1524
4612,998,996,998,188,362,550,1548
4613,1002,1000,998,186,360,546,1548
4614,990,996,996,192,360,552,1542
4615,972,970,968,190,358,548,1520
4616,980,974,976,184,360,544,1524
4617,968,974,974,190,360,550,1518
4618,980,978,976,188,358,546,1526
4619,974,978,978,192,358,550,1524
4620,978,974,974,188,358,546,1524
4621,1010,1010,1016,188,364,552,1562
4622,1014,1016,1012,190,360,550,1564
4623,990,990,992,190,362,552,1542
4624,998,996,996,188,362,550,1548
4625,982,986,984,192,360,552,1534
4626,986,982,982,188,360,548,1534
4627,988,988,990,188,362,550,1538
4628,992,992,990,188,360,548,1540
4629,1006,1008,1008,190,360,550,1556
4630,1014,1018,1018,194,360,554,1568
4631,1032,1032,1034,194,362,556,1588
4632,1054,1052,1052,194,364,558,1608
4633,1061,1062,1064,190,362,552,1618
4634,1058.5,1058,1058,194,366,560,1615
4635,1047.25,1054,1052,192,364,556,1601.5
4636,1036,1034,1032,190,362,552,1588
4637,1018,1016,1016,188,362,550,1568
4638,1018,1016,1018,186,364,550,1568
4639,982,990,986,194,360,554,1536
4640,972,966,968,188,362,550,1522
4641,982,980,980,186,362,548,1530
4642,956,960,956,190,358,548,1504
4643,946,950,948,194,356,550,1496
4644,956,948,954,186,362,548,1504
4645,984,988,988,190,362,552,1536
4646,1046,1054,1054,198,362,560,1606
4647,1047,1050,1050,198,362,562,1607
4648,1048,1046,1046,198,362,560,1608
4649,1008,1002,1002,192,362,554,1562
4650,1032,1028,1030,188,364,552,1584
4651,1054,1052,1050,186,362,548,1602
4652,1004,1004,1002,186,360,546,1550
4653,978,976,978,184,362,546,1524
4654,956,956,956,184,362,546,1502
4655,964,964,966,184,364,548,1512
4656,970,974,970,188,360,548,1518
4657,970,972,972,190,360,550,1520
4658,994,994,994,190,360,550,1544
4659,1000,994,998,184,364,548,1548
4660,1010,1014,1010,188,360,548,1558
4661,990,992,992,190,360,550,1540
4662,980,974,974,184,360,544,1524
4663,984,984,988,184,364,548,1532
4664,976,978,976,186,362,548,1524
4665,962,964,962,188,360,548,1510
4666,972,976,972,192,356,548,1520
4667,972,972,980,192,364,556,1528
4668,998,994,994,188,364,552,1550
4669,988,994,994,194,364,558,1546
4670,990,992,988,196,360,556,1546
4671,978,974,974,192,360,552,1530
4672,990,982,982,184,360,544,1534
4673,986,990,990,188,360,548,1534
4674,998,998,998,188,360,548,1546
4675,966,968,970,190,362,552,1518
4676,962,958,956,186,360,546,1508
4677,966,966,968,186,362,548,1514
4678,986,988,986,188,360,548,1534
4679,978,978,976,188,358,546,1524
4680,956,958,960,190,360,550,1506
4681,968,964,966,186,362,548,1516
4682,974,978,978,190,362,552,1526
4683,976,980,980,194,362,556,1532
4684,994,990,992,190,364,554,1548
4685,1000,996,994,186,362,548,1548
4686,980,976,976,182,362,544,1524
4687,964,970,966,188,358,546,1510
4688,956,954,954,186,358,544,1500
4689,954,954,960,186,364,550,1504
4690,944,944,942,186,362,548,1492
4691,938,938,932,186,356,542,1480
4692,930,932,934,188,358,546,1476
4693,936,936,934,188,356,544,1480
4694,952,950,956,186,362,548,1500
4695,956,958,956,188,360,548,1504
4696,924,930,924,194,354,548,1472
4697,934,926,930,186,358,544,1478
4698,942,942,944,186,360,546,1488
4699,920,924,922,190,358,548,1468
4700,922,926,926,194,358,552,1474
4701,916,910,908,188,356,544,1460
4702,914,914,916,188,358,546,1460
4703,948,948,950,188,360,548,1496
4704,944,948,946,192,358,550,1494
4705,942,942,940,192,356,548,1490
4706,952,948,950,188,358,546,1498
4707,968,972,972,192,358,550,1518
4708,984,984,984,192,358,550,1534
4709,978,976,974,190,356,546,1524
4710,998,990,996,182,362,544,1542
4711,982,984,982,184,360,544,1526
4712,990,990,988,184,358,542,1532
4713,986,988,988,186,358,544,1530
4714,992,992,994,186,360,546,1538
4715,1006,1008,1006,188,358,546,1552
4716,982,984,982,190,356,546,1528
4717,980,974,976,184,358,542,1522
4718,952,950,952,182,360,542,1494
4719,936,938,936,184,358,542,1478
4720,928,932,932,188,358,546,1474
4721,912,910,908,186,356,542,1454
4722,904,904,902,186,354,540,1444
4723,914,912,914,184,356,540,1454
4724,912,916,918,188,358,546,1458
4725,906,906,904,188,356,544,1450
4726,912,908,908,184,356,540,1452
4727,932,932,934,184,358,542,1474
4728,944,946,948,186,360,546,1490
4729,932,936,932,190,356,546,1478
4730,942,942,942,190,356,546,1488
4731,940,936,936,186,356,542,1482
4732,972,970,972,184,358,542,1514
4733,958,958,960,184,360,544,1502
4734,934,936,932,186,356,542,1476
4735,912,908,910,182,358,540,1452
4736,916,916,916,182,358,540,1456
4737,894,894,892,182,356,538,1432
4738,876,880,880,186,356,542,1418
4739,874,872,870,184,354,538,1412
4740,874,876,876,186,354,540,1414
4741,918,916,920,184,358,542,1460
4742,914,916,916,186,358,544,1458
4743,908,910,906,188,354,542,1450
4744,898,900,900,190,354,544,1442
4745,942,938,940,186,356,542,1484
4746,960,962,964,188,358,546,1506
4747,950,950,948,188,356,544,1494
4748,940,938,940,186,358,544,1484
4749,956,956,956,186,358,544,1500
4750,964,964,962,186,356,542,1506
4751,942,942,942,186,356,542,1484
4752,924,920,918,182,354,536,1460
4753,924,920,922,178,356,534,1458
4754,882,888,888,184,356,540,1422
4755,876,876,874,184,354,538,1414
4756,850,852,848,186,350,536,1386
4757,872,874,876,188,352,540,1412
4758,906,908,910,190,354,544,1450
4759,994,994,994,190,354,544,1538
4760,1046,1052,1036,196,358,554,1600
4761,1042,1042,1033,195,360,560,1595
4762,1038,1032,1030,194,358,552,1590
4763,1033,1054,1029,188,360,548,1608
4764,1028,1026,1028,186,362,548,1576
4765,1012,1010,1008,184,360,544,1556
4766,966,966,962,184,356,540,1506
4767,954,952,952,182,356,538,1492
4768,964,964,964,182,356,538,1502
4769,948,954,954,188,356,544,1492
4770,956,958,958,190,356,546,1502
4771,938,934,932,186,354,540,1478
4772,948,950,954,188,358,546,1494
4773,958,958,956,188,356,544,1502
4774,972,974,972,190,354,544,1516
4775,974,972,972,188,354,542,1516
4776,978,976,980,186,358,544,1522
4777,984,986,990,188,362,550,1534
4778,1008,1012,1004,192,354,546,1554
4779,974,972,972,190,354,544,1518
4780,976,972,974,186,356,542,1518
4781,970,972,974,188,358,546,1516
4782,982,982,982,188,358,546,1528
4783,952,954,950,190,354,544,1496
4784,944,940,940,186,354,540,1484
4785,940,940,940,186,354,540,1480
4786,944,946,948,188,356,544,1488
4787,926,928,926,190,354,544,1470
4788,926,924,922,188,352,540,1466
4789,912,914,916,190,354,544,1456
4790,922,920,922,188,356,544,1466
4791,908,912,910,192,354,546,1454
4792,938,938,940,192,356,548,1486
4793,960,958,958,190,356,546,1506
4794,986,988,990,192,358,550,1536
4795,1011,1010,1011,198,358,556,1562
4796,1036,1032,1032,194,358,552,1588
4797,1030,1028,1028,192,358,550,1580
4798,1032,1030,1030,190,358,548,1580
4799,994,998,998,194,358,552,1546
4800,984,980,978,190,356,546,1530
4801,972,964,966,182,358,540,1512
4802,962,968,968,188,358,546,1508
4803,934,938,934,192,354,546,1480
4804,946,944,946,190,356,546,1492
4805,942,944,944,192,356,548,1490
4806,976,974,976,190,358,548,1524
4807,972,970,966,188,354,542,1514
4808,964,974,976,198,356,554,1518
4809,966,960,960,192,356,548,1514
4810,980,980,978,192,354,546,1526
4811,1010,1010,1012,192,356,548,1558
4812,1002,1000,1000,190,356,546,1548
4813,988,992,992,194,356,550,1538
4814,976,970,974,188,360,548,1524
4815,996,998,996,190,358,548,1544
4816,992,992,994,190,360,550,1542
4817,974,976,976,192,360,552,1526
4818,968,966,964,190,358,548,1516
4819,962,958,956,186,356,542,1504
4820,952,956,958,190,358,548,1500
4821,944,944,940,190,354,544,1488
4822,938,938,940,190,356,546,1484
4823,954,952,952,188,356,544,1498
4824,934,936,934,190,354,544,1478
4825,926,926,926,190,354,544,1470
4826,920,914,916,184,356,540,1460
4827,932,934,934,186,356,542,1474
4828,916,924,926,194,358,552,1468
4829,924,922,918,192,354,546,1470
4830,920,918,920,190,356,546,1466
4831,908,904,902,186,354,540,1448
4832,942,950,954,194,358,552,1494
4833,952,948,946,190,356,546,1498
4834,958,962,962,194,356,550,1508
4835,968,962,962,188,356,544,1512
4836,958,962,962,192,356,548,1506
4837,1010,1012,1016,194,360,554,1564
4838,994,990,990,190,360,550,1544
4839,994,996,994,192,358,550,1544
4840,966,960,962,186,360,546,1512
4841,964,964,960,186,356,542,1506
4842,968,968,970,186,358,544,1512
4843,960,966,966,192,358,550,1510
4844,968,962,962,186,358,544,1512
4845,950,954,950,190,354,544,1494
4846,956,952,956,186,358,544,1500
4847,968,974,976,192,360,552,1520
4848,978,976,970,190,354,544,1522
4849,972,974,978,192,358,550,1522
4850,970,966,966,188,358,546,1516
4851,992,992,994,188,360,548,1540
4852,1032,1040,1040,196,360,556,1588
4853,1006,1000,998,190,358,548,1554
4854,980,980,980,190,358,548,1528
4855,996,992,994,186,360,546,1542
4856,970,972,970,188,358,546,1516
4857,966,966,964,188,356,544,1510
4858,954,954,956,188,358,546,1500
4859,962,960,958,186,356,542,1504
4860,968,976,976,194,356,550,1518
4861,978,978,978,194,356,550,1528
4862,990,992,994,196,358,554,1544
4863,1030,1024,1026,190,360,550,1580
4864,1002,1006,1004,194,358,552,1554
4865,1000,994,994,188,358,546,1546
4866,976,976,974,188,356,544,1520
4867,988,986,990,186,360,546,1534
4868,990,992,992,188,360,548,1538
4869,978,984,982,194,358,552,1530
4870,1024,1022,1026,192,362,554,1578
4871,1022,1024,1022,194,360,554,1576
4872,1020,1014,1012,188,358,546,1566
4873,1040,1044,1046,192,360,552,1592
4874,1042,1044,1044,194,360,554,1596
4875,1044,1042,1040,192,358,550,1594
4876,996,994,994,190,358,548,1544
4877,1008,1006,1010,188,362,550,1558
4878,992,990,988,186,360,546,1538
4879,946,948,944,188,356,544,1490
4880,936,938,938,190,356,546,1482
4881,912,906,904,184,354,538,1450
4882,894,894,896,184,356,540,1434
4883,868,872,870,188,354,542,1410
4884,870,870,870,188,354,542,1412
4885,896,896,896,188,354,542,1438
4886,978,980,982,190,356,546,1524
4887,998,1006,1012,198,362,560,1558
4888,1046,1042,1040,194,360,554,1600
4889,1024,1024,1024,194,360,554,1578
4890,1002,996,994,188,358,546,1548
4891,1032,1026,1032,182,364,546,1578
4892,1004,1006,1004,184,362,546,1550
4893,962,966,960,188,356,544,1506
4894,940,934,934,182,356,538,1478
4895,940,942,944,184,358,542,1482
4896,918,922,922,188,358,546,1464
4897,904,902,898,186,354,540,1444
4898,894,896,898,188,356,544,1438
4899,886,884,884,186,356,542,1428
4900,934,936,938,188,358,546,1480
4901,964,966,966,190,358,548,1512
4902,952,960,956,198,354,552,1504
4903,982,974,976,190,356,546,1528
4904,1008,1010,1012,192,358,550,1558
4905,1052,1054,1018,194,360,554,1606
4906,1028,1028,1024,194,356,550,1578
4907,1020,1014,1014,188,356,544,1564
4908,1024,1018,1026,182,364,546,1570
4909,1006,1012,1008,188,360,548,1554
4910,996,994,992,186,358,544,1540
4911,974,974,974,186,358,544,1518
4912,970,966,966,182,358,540,1510
4913,962,962,964,182,360,542,1504
4914,936,942,936,188,354,542,1478
4915,952,952,954,188,356,544,1496
4916,936,934,934,186,356,542,1478
4917,948,950,952,188,358,546,1494
4918,952,952,950,188,356,544,1496
4919,956,958,958,190,356,546,1502
4920,962,960,964,188,360,548,1510
4921,1016,1024,1020,196,356,552,1568
4922,1050,1048,1054,194,362,556,1606
4923,1018,1018,1014,194,358,552,1570
4924,1008,1006,1006,192,358,550,1558
4925,1032,1028,1030,188,360,548,1580
4926,1022,1026,1024,192,358,550,1572
4927,992,992,992,192,358,550,1542
4928,972,968,966,188,356,544,1516
4929,958,956,962,186,362,548,1506
4930,960,964,962,190,360,550,1510
4931,956,952,950,186,358,544,1500
4932,966,968,966,188,356,544,1510
4933,962,966,966,192,356,548,1510
4934,1022,1016,1024,186,364,550,1572
4935,1010,1014,1010,190,360,550,1560
4936,1006,1008,1008,192,360,552,1558
4937,1028,1026,1028,190,362,552,1580
4938,946,1024,1026,190,364,551,1578
4939,970,1000,996,190,360,550,1561
4940,994,994,994,190,360,550,1544
4941,980,978,978,188,360,548,1528
4942,950,950,946,188,356,544,1494
4943,942,940,942,186,358,544,1486
4944,926,928,928,188,358,546,1472
4945,940,938,938,186,358,544,1484
4946,924,922,924,184,360,544,1468
4947,918,924,920,190,356,546,1464
4948,936,934,936,188,358,546,1482
4949,946,942,942,184,358,542,1488
4950,1008,1014,1014,190,358,548,1556
4951,1030,1032,1032,195,360,562,1584
4952,1052,1050,1050,195.5,360,560,1604
4953,1079,1076,1078,196,360,556,1633
4954,1093.5,1092,1093,192,364,556,1648.5
4955,1071.75,1070,1069.5,192,364,556,1625.25
4956,1050,1048,1046,190,362,552,1602
4957,1004,1000,1000,186,362,548,1552
4958,1002,1000,1000,184,362,546,1548
4959,980,982,982,186,362,548,1528
4960,958,958,954,186,358,544,1502
4961,948,950,950,188,358,546,1494
4962,942,942,944,188,360,548,1490
4963,970,970,968,188,358,546,1516
4964,986,988,990,190,360,550,1536
4965,978,978,978,190,360,550,1528
4966,986,986,986,190,360,550,1536
4967,1004,1006,1008,192,362,554,1558
4968,1030,1026,1028,188,364,552,1582
4969,1006,1006,1000,188,358,546,1552
4970,998,998,1000,188,360,548,1546
4971,1002,1002,1002,188,360,548,1550
4972,1000,998,996,186,358,544,1544
4973,1004,1008,1012,190,362,552,1556
4974,1004,1000,1000,186,362,548,1552
4975,984,986,982,188,358,546,1530
4976,978,978,978,188,358,546,1524
4977,972,970,972,186,360,546,1518
4978,960,964,962,190,358,548,1508
4979,956,960,958,194,356,550,1506
4980,952,946,948,188,358,546,1498
4981,944,948,948,192,358,550,1494
4982,958,958,960,192,360,552,1510
4983,966,964,962,190,358,548,1514
4984,966,974,974,198,358,556,1522
4985,976,974,974,196,358,554,1530
4986,992,988,988,192,358,550,1542
4987,1024,1024,1028,192,362,554,1578
4988,1016,1020,1018,196,360,556,1572
4989,1020,1020,1020,196,360,556,1576
4990,1026,1026,1030,196,364,560,1586
4991,1046,1042,1036,192,358,550,1596
4992,1000,1002,1002,194,358,552,1552
4993,978,974,976,190,360,550,1528
4994,1000,998,1002,188,364,552,1552
4995,984,984,982,188,362,550,1534
4996,926,924,920,186,358,544,1470
4997,928,926,926,184,358,542,1470
4998,946,944,946,182,360,542,1488
4999,950,964,964,196,360,556,1506
5000,998,998,998,196,360,556,1554
5001,988,984,982,192,358,550,1538
5002,996,1000,1002,196,360,556,1552
5003,1038,1036,1038,194,362,556,1594
5004,1042,1040,1036,192,358,550,1592
5005,980,984,986,196,360,556,1536
5006,990,980,980,186,360,546,1536
5007,960,960,962,186,362,548,1508
5008,954,954,950,186,358,544,1498
5009,914,912,910,184,356,540,1454
5010,904,904,906,184,358,542,1446
5011,906,908,908,186,358,544,1450
5012,952,958,962,192,362,554,1506
5013,980,984,980,196,358,554,1534
5014,990,990,992,196,360,556,1546
5015,996,994,994,194,360,554,1550
5016,1036,1034,1036,192,362,554,1590
5017,1043,1042,1041,194,364,558,1597
5018,1050,1050,1046,194,360,554,1604
5019,1018,1016,1016,192,360,552,1570
5020,1004,998,1000,186,362,548,1552
5021,998,998,996,186,360,546,1544
5022,986,986,988,186,362,548,1534
5023,956,956,954,186,360,546,1502
5024,946,946,946,186,360,546,1492
5025,934,932,930,184,358,542,1476
5026,932,932,934,184,360,544,1476
5027,942,946,946,188,360,548,1490
5028,928,934,930,194,356,550,1478
5029,938,932,934,188,358,546,1484
5030,926,924,924,186,358,544,1470
5031,946,952,952,192,358,550,1496
5032,938,938,936,192,356,548,1486
5033,938,936,938,190,358,548,1486
5034,940,938,940,188,360,548,1488
5035,936,940,938,192,358,550,1486
5036,932,928,926,188,356,544,1476
5037,900,904,904,192,356,548,1448
5038,908,904,904,188,356,544,1452
5039,936,934,936,186,358,544,1480
5040,920,924,924,190,358,548,1468
5041,902,902,900,190,356,546,1448
5042,916,912,912,186,356,542,1458
5043,920,922,922,188,356,544,1464
5044,948,950,956,190,362,552,1500
5045,928,926,922,188,358,546,1474
5046,894,894,890,188,354,542,1436
5047,898,898,898,188,354,542,1440
5048,892,890,892,186,356,542,1434
5049,908,910,910,188,356,544,1452
5050,928,928,930,188,358,546,1474
5051,912,918,914,194,354,548,1460
5052,958,958,960,194,356,550,1508
5053,970,972,972,196,356,552,1522
5054,1026,1022,1024,192,358,550,1576
5055,1026,1024,1024,190,358,548,1574
5056,1012,1020,1020,198,358,556,1568
5057,1000,994,994,192,358,550,1550
5058,992,986,986,186,358,544,1536
5059,990,994,994,190,358,548,1538
5060,998,994,994,186,358,544,1542
5061,992,996,998,190,360,550,1542
5062,1006,1006,1002,190,356,546,1552
5063,1018,1018,1022,190,360,550,1568
5064,1032,1034,1034,192,360,552,1584
5065,1040,1042,1042,194,360,554,1594
5066,1044,1036,1038,186,362,548,1592
5067,1032,1034,1032,188,360,548,1580
5068,1026,1030,1028,192,358,550,1576
5069,1018,1016,1016,190,358,548,1566
5070,1024,1022,1024,188,360,548,1572
5071,1034,1036,1036,190,360,550,1584
5072,1030,1034,1032,194,358,552,1582
5073,1006,1004,1008,192,362,554,1560
5074,1020,1020,1020,192,362,554,1574
5075,1038,1040,1038,194,360,554,1592
5076,1054,1040,1041,198,360,558,1597
5077,1046,1040,1044,192,364,556,1602
5078,1061,1061,1063,188,362,550,1617
5079,1069.5,1069.5,1070.5,194,362,556,1625.5
5080,1074.75,1073.75,1076.25,194,362,556,1631.75
5081,1094.375,1094.875,1095.125,192,366,558,1651.875
5082,1095.188,1095.438,1095.562,194,364,558,1652.938
5083,1080.594,1081.719,1082.781,194,364,558,1640.469
5084,1081.297,1080.859,1079.391,196,366,562,1639.234
5085,1060.648,1059.43,1056.695,194,362,556,1614.617
5086,1040,1038,1034,192,358,550,1590
5087,1010,1008,1014,190,364,554,1564
5088,1014,1010,1010,186,364,550,1564
5089,980,986,980,192,358,550,1530
5090,978,978,978,192,358,550,1528
5091,984,986,988,194,360,554,1538
5092,996,996,996,194,360,554,1550
5093,982,984,982,196,358,554,1536
5094,970,968,970,194,360,554,1524
5095,954,948,948,188,360,548,1502
5096,950,950,952,188,362,550,1500
5097,954,954,956,188,364,552,1506
5098,928,930,924,190,358,548,1476
5099,934,934,934,190,358,548,1482
5100,912,914,916,192,360,552,1464
5101,954,950,950,188,360,548,1502
5102,956,954,954,186,360,546,1502
5103,964,972,972,194,360,554,1518
5104,952,950,952,192,362,554,1506
5105,958,956,954,190,360,550,1508
5106,998,998,1000,190,362,552,1550
5107,1014,1014,1016,190,364,554,1568
5108,1022,1022,1022,190,364,554,1576
5109,992,992,988,190,360,550,1542
5110,994,994,994,190,360,550,1544
5111,1006,1004,1004,188,360,548,1554
5112,1004,1008,1012,192,364,556,1560
5113,998,998,998,192,364,556,1554
5114,966,968,960,194,356,550,1516
5115,956,950,956,188,362,550,1506
5116,972,972,974,188,364,552,1524
5117,970,972,966,190,358,548,1518
5118,954,954,952,190,356,546,1500
5119,948,946,948,188,358,546,1494
5120,962,964,964,190,358,548,1510
5121,970,972,976,192,362,554,1524
5122,968,966,962,190,358,548,1516
5123,964,962,962,188,358,546,1510
5124,958,954,956,184,360,544,1502
5125,966,968,970,186,362,548,1514
5126,962,964,962,188,360,548,1510
5127,950,952,950,190,358,548,1498
5128,932,930,928,188,356,544,1476
5129,934,932,934,186,358,544,1478
5130,952,954,956,188,360,548,1500
5131,966,970,968,192,358,550,1516
5132,968,972,970,196,356,552,1520
5133,984,982,984,194,358,552,1536
5134,984,980,982,190,360,550,1534
5135,994,994,996,190,362,552,1546
5136,980,982,978,192,358,550,1530
5137,958,954,956,188,360,548,1506
5138,966,964,964,186,360,546,1512
5139,972,976,976,190,360,550,1522
5140,974,972,970,188,358,546,1520
5141,944,946,944,190,356,546,1490
5142,942,938,940,186,358,544,1486
5143,960,966,968,192,360,552,1512
5144,960,960,960,192,360,552,1512
5145,970,970,966,192,356,548,1518
5146,956,958,958,194,356,550,1506
5147,958,958,960,194,358,552,1510
5148,964,956,958,186,360,546,1510
5149,956,958,956,188,358,546,1502
5150,952,954,952,190,356,546,1498
5151,944,946,946,192,356,548,1492
5152,938,936,938,190,358,548,1486
5153,954,950,952,186,360,546,1500
5154,956,964,960,194,356,550,1506
5155,942,940,940,192,356,548,1490
5156,948,942,946,186,360,546,1494
5157,954,956,954,188,358,546,1500
5158,950,954,954,192,358,550,1500
5159,962,962,960,192,356,548,1510
5160,966,966,970,192,360,552,1518
5161,968,964,962,188,358,546,1514
5162,968,976,974,196,356,552,1520
5163,956,946,946,186,356,542,1498
5164,968,964,966,182,358,540,1508
5165,962,970,970,190,358,548,1510
5166,948,954,950,196,354,550,1498
5167,952,946,948,190,356,546,1498
5168,962,958,960,186,358,544,1506
5169,962,964,962,188,356,544,1506
5170,946,952,950,194,354,548,1494
5171,946,938,938,186,354,540,1486
5172,942,942,946,186,358,544,1486
5173,968,974,974,192,358,550,1518
5174,1000,1002,1000,194,356,550,1550
5175,980,978,978,192,356,548,1528
5176,998,1002,1004,196,358,554,1552
5177,1042,1043,1045,196,362,558,1598
5178,1078,1077.5,1078.5,194,364,558,1634
5179,1087,1083.75,1083.25,192,364,556,1639
5180,1082.5,1083.875,1083.625,186,362,548,1635.5
5181,1072.25,1069.938,1069.812,192,362,554,1622.75
5182,1066.125,1066.969,1067.906,186,362,548,1610
5183,1060.062,1058.484,1058.953,190,364,554,1607
5184,1054,1050,1050,186,364,550,1604
5185,1048,1054,1052,192,362,554,1602
5186,1030,1022,1024,184,364,548,1578
5187,1004,1008,1004,188,360,548,1552
5188,978,980,978,190,358,548,1526
5189,962,962,962,190,358,548,1510
5190,978,974,976,186,360,546,1524
5191,950,952,954,188,362,550,1500
5192,950,958,952,196,356,552,1502
5193,974,970,970,192,356,548,1522
5194,986,984,988,190,360,550,1536
5195,984,980,980,186,360,546,1530
5196,1004,1001,1001,194,364,558,1555
5197,1024,1022,1022,192,364,556,1580
5198,1026,1024,1022,190,362,552,1578
5199,1042,1043,1043,188,364,552,1597
5200,1037,1035.5,1033.5,192,366,558,1589.5
5201,1032,1028,1024,188,362,550,1582
5202,908,990,988,186,360,548,1538
5203,953,976,978,184,362,546,1608
5204,998,1000,1000,186,362,548,1546
5205,998,998,1000,186,364,550,1548
5206,1002,1006,1004,190,362,552,1554
5207,988,986,986,188,362,550,1538
5208,1010,1010,1010,188,362,550,1560
5209,1026,1026,1028,188,364,552,1578
5210,1034,1036,1036,190,364,554,1588
5211,1022,1022,1020,190,362,552,1574
5212,1014,1014,1014,190,362,552,1566
5213,1044,1042,1044,188,364,552,1596
5214,1016,1016,1014,188,362,550,1566
5215,1004,1000,998,184,360,544,1548
5216,1014,1018,1020,188,362,550,1564
5217,996,994,992,186,360,546,1542
5218,974,976,978,188,362,550,1524
5219,960,962,960,190,360,550,1510
5220,984,978,980,184,362,546,1530
5221,990,994,992,188,360,548,1538
5222,978,980,978,190,358,548,1526
5223,992,994,998,192,362,554,1546
5224,1016,1020,1022,196,364,560,1576
5225,1038,1039,1041,194,360,554,1595
5226,1049,1046.5,1047.5,192,362,554,1601.5
5227,1035.5,1054,1054,186,362,548,1608
5228,1022,1020,1020,184,362,546,1568
5229,1021,1022,1020,188,366,554,1571
5230,1020,1024,1020,192,362,554,1574
5231,1000,996,996,188,362,550,1550
5232,1004,1006,1004,190,360,550,1554
5233,1012,1010,1014,188,364,552,1564
5234,998,1002,1000,192,362,554,1552
5235,1008,1006,1004,190,360,550,1558
5236,1002,994,998,182,364,546,1548
5237,1022,1024,1022,184,362,546,1568
5238,998,1004,1002,190,360,550,1548
5239,1000,1000,1002,190,362,552,1552
5240,1004,1004,1006,190,364,554,1558
5241,1034,1036,1034,192,362,554,1588
5242,1010,1012,1010,194,360,554,1564
5243,1010,1004,1008,188,364,552,1562
5244,1012,1016,1016,192,364,556,1568
5245,1014,1012,1008,190,360,550,1564
5246,990,990,990,190,360,550,1540
5247,982,980,980,188,360,548,1530
5248,978,978,982,188,364,552,1530
5249,970,974,970,192,360,552,1522
5250,974,978,980,196,362,558,1532
5251,978,976,976,194,362,556,1534
5252,1010,1004,1002,188,360,548,1558
5253,1010,1012,1014,190,362,552,1562
5254,1012,1022,1020,192,360,560,1572
5255,988,982,978,194,356,550,1538
5256,986,984,988,192,360,552,1538
5257,1002,1000,1000,190,360,550,1552
5258,1008,1008,1012,190,364,554,1562
5259,986,990,988,194,362,556,1542
5260,962,956,956,188,362,550,1512
5261,948,952,950,192,360,552,1500
5262,958,956,958,190,362,552,1510
5263,964,960,958,186,360,546,1510
5264,942,946,946,190,360,550,1492
5265,920,920,918,190,358,548,1468
5266,908,908,906,190,356,546,1454
5267,950,948,954,188,362,550,1500
5268,926,922,922,184,362,546,1472
5269,908,914,912,190,360,550,1458
5270,888,886,886,188,360,548,1436
5271,870,868,864,186,356,542,1412
5272,870,868,868,184,356,540,1410
5273,854,854,856,184,358,542,1396
5274,850,854,852,188,356,544,1394
5275,848,848,846,188,354,542,1390
5276,854,854,856,188,356,544,1398
5277,880,874,870,182,352,534,1414
5278,920,924,928,186,356,542,1462
5279,912,908,912,182,360,542,1454
5280,916,916,916,182,360,542,1458
5281,882,886,882,186,356,542,1424
5282,880,876,876,182,356,538,1418
5283,874,872,870,180,354,534,1408
5284,878,878,882,180,358,538,1416
5285,868,870,866,182,354,536,1404
5286,858,860,862,184,356,540,1398
5287,846,844,840,182,352,534,1380
5288,838,840,840,184,352,536,1374
5289,848,842,842,178,352,534,1378
5290,856,856,858,178,354,532,1388
5291,842,850,850,186,354,540,1382
5292,858,858,854,186,350,536,1394
5293,850,848,848,184,350,534,1384
5294,860,860,862,184,352,536,1396
5295,886,884,886,182,354,536,1422
5296,870,876,874,188,352,540,1410
5297,868,864,862,184,350,534,1402
5298,856,856,858,184,352,536,1392
5299,864,864,862,184,350,534,1398
5300,892,894,896,186,352,538,1430
5301,864,866,866,188,352,540,1404
5302,848,846,842,186,352,534,1382
5303,856,852,856,182,352,534,1390
5304,862,864,864,184,352,536,1398
5305,864,864,862,184,350,534,1398
5306,880,882,882,186,350,536,1416
5307,868,868,868,186,350,536,1404
5308,876,876,878,186,352,538,1414
5309,886,884,884,184,352,536,1422
5310,894,896,896,186,352,538,1432
5311,896,898,894,188,351,536,1432
5312,880,878,880,186,350,536,1416
5313,890,890,892,186,352,538,1428
5314,912,912,912,186,352,538,1450
5315,924,926,926,188,352,540,1464
5316,898,898,898,188,352,540,1438
5317,894,892,890,186,350,536,1430
5318,906,906,906,186,350,536,1442
5319,940,942,944,188,352,540,1480
5320,922,924,922,190,350,540,1462
5321,902,902,902,190,350,540,1442
5322,920,918,918,188,350,538,1458
5323,940,940,942,188,352,540,1480
5324,930,930,930,188,352,540,1470
5325,940,944,944,192,352,544,1484
5326,932,934,934,194,352,546,1478
5327,934,926,924,186,350,536,1470
5328,954,954,956,186,352,538,1492
5329,964,964,966,186,354,540,1504
5330,944,944,942,186,352,538,1482
5331,910,912,908,188,352,536,1446
5332,958,958,962,188,352,540,1498
5333,950,948,948,186,352,538,1488
5334,944,946,946,188,352,540,1484
5335,926,934,932,196,350,546,1472
5336,952,944,944,188,350,538,1490
5337,972,972,976,188,354,542,1514
5338,978,976,978,186,356,542,1520
5339,976,982,978,192,352,544,1520
5340,976,974,978,190,356,546,1522
5341,974,974,970,190,352,542,1516
5342,1016,1014,1018,188,356,544,1560
5343,1000,1000,998,188,354,542,1542
5344,978,982,984,192,356,548,1526
5345,992,988,988,188,356,544,1536
5346,1010,1010,1008,188,354,542,1552
5347,990,998,1000,196,356,552,1542
5348,1000,994,992,190,354,544,1544
5349,1012,1014,1018,192,358,550,1562
5350,1006,1006,1004,192,356,548,1554
5351,1014,1010,1008,188,354,542,1556
5352,1010,1010,1012,188,356,544,1554
5353,1022,1022,1020,188,354,542,1564
5354,986,988,986,190,352,542,1528
5355,984,984,986,190,354,544,1528
5356,972,972,974,190,356,546,1518
5357,998,998,1000,190,358,548,1546
5358,972,978,976,196,356,552,1524
5359,962,958,956,192,354,546,1508
5360,948,954,952,198,352,550,1498
5361,970,966,970,194,356,550,1520
5362,982,980,980,192,356,548,1530
5363,980,978,976,190,354,544,1524
5364,956,958,960,192,356,548,1504
5365,950,948,948,190,356,546,1496
5366,954,948,948,184,356,540,1494
5367,962,968,968,190,356,546,1508
5368,962,958,958,186,356,542,1504
5369,950,962,960,198,354,552,1502
5370,954,946,948,190,356,546,1500
5371,936,930,930,184,356,540,1476
5372,960,966,966,190,356,546,1506
5373,960,962,962,192,356,548,1508
5374,976,978,980,194,358,552,1528
5375,966,964,960,192,354,546,1512
5376,964,964,966,192,356,548,1512
5377,1014,1014,1014,192,356,548,1562
5378,1008,1008,1012,192,360,552,1560
5379,1006,1012,1010,198,358,556,1562
5380,992,982,978,188,354,542,1534
5381,976,978,978,190,354,544,1520
5382,980,974,980,184,360,544,1524
5383,994,1004,1004,194,360,554,1548
5384,1004,1000,998,190,358,548,1552
5385,980,984,982,194,356,550,1530
5386,978,970,972,186,358,544,1522
5387,992,996,996,190,358,548,1540
5388,1018,1022,1022,194,358,552,1570
5389,1000,996,994,190,356,546,1546
5390,980,980,982,190,358,548,1528
5391,994,992,994,188,360,548,1542
5392,992,994,994,190,360,550,1542
5393,912,992,990,189,358,547,1540
5394,1042,960,958,188,356,544,1586
5395,980,978,982,186,360,546,1526
5396,1012,1016,1012,190,356,546,1558
5397,976,980,982,194,358,552,1528
5398,986,984,980,192,354,546,1532
5399,980,976,980,188,358,546,1526
5400,980,984,986,192,360,552,1532
5401,986,984,980,190,356,546,1532
5402,966,968,968,192,356,548,1514
5403,966,964,964,190,356,546,1512
5404,992,990,992,188,358,546,1538
5405,1008,1012,1014,192,360,552,1560
5406,1010,1010,1008,192,358,550,1560
5407,1008,1010,1010,194,358,552,1560
5408,1008,1002,1004,188,360,548,1556
5409,1016,1020,1020,192,360,552,1568
5410,1002,1002,998,192,356,548,1550
5411,982,978,982,188,360,548,1530
5412,982,984,984,190,360,550,1532
5413,952,956,950,194,354,548,1500
5414,960,956,958,190,356,546,1506
5415,946,946,950,190,360,550,1496
5416,970,970,970,190,360,550,1520
5417,958,958,958,190,360,550,1508
5418,942,944,940,192,356,548,1490
5419,952,944,944,184,356,540,1492
5420,942,938,942,180,360,540,1482
5421,946,952,952,186,360,546,1492
5422,916,916,912,186,356,542,1458
5423,898,898,898,186,356,542,1440
5424,888,888,886,186,354,540,1428
5425,922,918,920,182,356,538,1460
5426,896,898,898,184,356,540,1436
5427,862,866,866,188,356,544,1406
5428,868,864,862,184,354,538,1406
5429,870,868,868,182,354,536,1406
5430,880,880,882,182,356,538,1418
5431,894,900,898,188,354,542,1436
5432,870,868,866,186,352,538,1408
5433,886,884,886,184,354,538,1424
5434,932,932,936,184,358,542,1474
5435,946,948,946,186,356,542,1488
5436,952,954,956,188,358,546,1498
5437,948,950,948,190,356,546,1494
5438,982,978,982,186,360,546,1528
5439,1006,1004,1002,184,358,542,1548
5440,990,990,988,184,356,540,1530
5441,956,954,954,182,356,538,1494
5442,966,968,970,184,358,542,1508
5443,942,942,938,184,354,538,1480
5444,924,926,926,186,354,540,1464
5445,944,944,946,186,356,542,1486
5446,940,940,940,186,356,542,1482
5447,914,918,916,190,354,544,1458
5448,928,922,922,184,354,538,1466
5449,926,926,930,184,358,542,1468
5450,922,926,926,188,358,546,1468
5451,922,922,916,188,352,540,1462
5452,924,924,926,188,354,542,1466
5453,956,958,958,190,354,544,1500
5454,1022,1026,1030,194,358,552,1574
5455,1004,1000,1000,190,358,548,1552
5456,1000,1004,1004,194,358,552,1552
5457,1012,1010,1012,192,360,552,1564
5458,1036,1032,1034,188,362,550,1586
5459,946,1034,1032,188,360,548,1582
5460,980,1004,1002,188,358,546,1570
5461,1014,1010,1012,184,360,544,1558
5462,998,1002,1002,188,360,548,1546
5463,970,970,966,188,356,544,1514
5464,960,960,962,188,358,546,1506
5465,972,974,974,190,358,548,1520
5466,1010,1008,1010,188,360,548,1558
5467,976,984,984,196,360,556,1532
5468,998,992,990,190,358,548,1546
5469,1018,1020,1024,192,362,554,1572
5470,1016,1018,1012,194,356,550,1566
5471,996,994,996,192,358,550,1546
5472,980,974,974,186,358,544,1524
5473,950,950,950,186,358,544,1494
5474,940,940,940,186,358,544,1484
5475,926,924,926,184,360,544,1470
5476,888,888,880,184,352,536,1424
5477,950,946,950,180,356,536,1486
5478,906,912,914,186,358,544,1450
5479,976,980,982,190,360,550,1526
5480,1012,1020,1018,198,358,556,1568
5481,986,986,986,198,358,556,1542
5482,994,984,984,188,358,546,1540
5483,1044,1042,1046,186,362,548,1592
5484,1032,1032,1030,186,360,546,1578
5485,990,990,990,186,360,546,1536
5486,976,974,970,184,356,540,1516
5487,962,958,960,180,358,538,1500
5488,948,948,950,180,360,540,1488
5489,930,932,932,182,360,542,1472
5490,916,918,914,184,356,540,1456
5491,908,906,904,182,354,536,1444
5492,924,924,928,182,358,540,1464
5493,914,918,916,186,356,542,1456
5494,928,928,930,186,358,544,1472
5495,920,920,918,186,356,542,1462
5496,916,916,916,186,356,542,1458
5497,944,944,946,186,358,544,1488
5498,956,960,960,190,358,548,1504
5499,974,980,980,196,358,554,1528
5500,950,948,944,194,354,548,1498
5501,958,950,950,186,354,540,1498
5502,982,982,986,186,358,544,1526
5503,1000,1004,1006,190,360,550,1550
5504,1038,1044,1046,196,362,558,1596
5505,1020,1020,1018,196,360,556,1576
5506,1030,1024,1028,190,364,554,1584
5507,1046,1042,1044,190,362,552,1598
5508,1045,1045,1044,188,362,550,1596
5509,1044,1048,1044,192,358,550,1594
5510,1052,1048,1050,188,360,548,1600
5511,1040,1040,1041,188,362,550,1591
5512,1028,1032,1032,192,362,554,1582
5513,942,1032,1030,190,360,551,1584
5514,970,994,994,188,360,548,1565
5515,998,998,998,188,360,548,1546
5516,1016,1018,1018,190,360,550,1566
5517,1038,1038,1038,190,360,550,1588
5518,1030,1032,1034,192,362,554,1584
5519,1010,1008,1008,190,362,552,1562
5520,1008,1004,1000,186,358,544,1552
5521,1008,1012,1016,190,362,552,1560
5522,1012,1012,1008,190,358,548,1560
5523,980,980,980,190,358,548,1528
5524,972,974,974,192,358,550,1522
5525,1000,998,1002,190,362,552,1552
5526,1016,1020,1020,194,362,556,1572
5527,1000,1004,1002,198,360,558,1558
5528,1000,992,992,190,360,550,1550
5529,1010,1012,1014,192,362,554,1564
5530,1016,1016,1016,192,362,554,1570
5531,988,990,986,194,358,552,1540
5532,974,968,968,188,358,546,1520
5533,964,966,966,190,358,548,1512
5534,982,982,986,190,362,552,1534
5535,970,972,968,192,358,550,1520
5536,966,966,968,192,360,552,1518
5537,942,944,940,194,356,550,1492
5538,976,972,976,190,360,550,1526
5539,1010,1012,1014,192,362,554,1564
5540,1042,1040,1038,190,360,550,1592
5541,992,998,998,196,360,556,1548
5542,992,984,984,188,360,548,1540
5543,1008,1006,1010,186,364,550,1558
5544,1012,1016,1012,190,360,550,1562
5545,994,994,994,190,360,550,1544
5546,974,970,970,186,360,546,1520
5547,966,964,966,184,362,546,1512
5548,954,960,958,190,360,550,1504
5549,956,956,956,190,360,550,1506
5550,946,944,942,188,358,546,1492
5551,930,932,932,190,358,548,1478
5552,958,956,958,188,360,548,1506
5553,946,950,950,192,360,552,1498
5554,948,948,950,192,362,554,1502
5555,950,946,942,188,358,546,1496
5556,946,950,950,192,358,550,1496
5557,978,974,976,188,360,548,1526
5558,956,956,956,188,360,548,1504
5559,940,940,940,188,360,548,1488
5560,950,954,952,192,358,550,1500
5561,946,940,940,186,358,544,1490
5562,964,970,972,192,360,552,1516
5563,964,960,960,188,360,548,1512
5564,948,954,952,194,358,552,1500
5565,940,936,934,190,356,546,1486
5566,944,940,944,186,360,546,1490
5567,964,966,966,188,360,548,1512
5568,968,970,970,190,360,550,1518
5569,952,956,954,194,358,552,1504
5570,966,960,960,188,358,546,1512
5571,962,960,962,186,360,546,1508
5572,966,964,966,184,362,546,1512
5573,950,956,954,190,360,550,1500
5574,954,956,954,192,358,550,1504
5575,966,962,964,188,360,548,1514
5576,980,980,978,188,358,546,1526
5577,960,964,964,192,358,550,1510
5578,958,952,952,186,358,544,1502
5579,982,986,990,190,362,552,1534
5580,1012,1014,1012,192,360,552,1564
5581,1006,1006,1004,192,358,550,1556
5582,990,986,988,188,360,548,1538
5583,1000,998,998,186,360,546,1546
5584,982,986,986,190,360,550,1532
5585,976,980,982,194,362,556,1532
5586,954,950,944,190,356,546,1500
5587,976,972,976,186,360,546,1522
5588,954,956,956,188,360,548,1502
5589,944,946,944,190,358,548,1492
5590,942,940,940,188,358,546,1488
5591,916,912,912,184,358,542,1458
5592,934,930,930,180,358,538,1472
5593,908,918,916,190,356,546,1454
5594,932,932,936,190,360,550,1482
5595,900,898,892,188,354,542,1442
5596,898,896,898,186,356,542,1440
5597,992,996,1000,190,360,550,1542
5598,994,998,998,194,360,554,1548
5599,992,988,990,190,362,552,1544
5600,968,968,966,190,360,550,1518
5601,960,958,956,188,358,546,1506
5602,954,952,950,186,356,542,1496
5603,980,980,980,186,356,542,1522
5604,978,984,988,192,360,552,1530
5605,976,974,972,190,358,548,1524
5606,960,962,962,192,358,550,1510
5607,972,966,968,186,360,546,1518
5608,990,992,992,188,360,548,1538
5609,1002,1006,1008,192,362,554,1556
5610,992,992,988,192,358,550,1542
5611,976,972,972,188,358,546,1522
5612,964,966,968,190,360,550,1514
5613,988,984,986,186,362,548,1536
5614,978,978,978,186,362,548,1526
5615,960,966,962,192,358,550,1510
5616,950,948,946,190,356,546,1496
5617,966,966,968,190,358,548,1514
5618,1004,1000,1002,186,360,546,1550
5619,982,986,986,190,360,550,1532
5620,972,970,966,188,356,544,1516
5621,978,980,982,190,358,548,1526
5622,1000,1000,1002,190,360,550,1550
5623,1010,1008,1006,188,358,546,1556
5624,982,988,990,194,360,554,1536
5625,992,986,986,188,360,548,1540
5626,998,1004,1004,194,360,554,1552
5627,998,992,990,188,358,546,1544
5628,1000,1004,1004,192,358,550,1550
5629,1017,1020,1018,188,364,552,1567
5630,1034,1036,1032,190,360,550,1584
5631,1008,1004,1006,186,362,548,1556
5632,994,994,992,186,360,546,1540
5633,970,970,968,186,358,544,1514
5634,958,954,954,182,358,540,1498
5635,956,960,964,186,362,548,1504
5636,962,962,960,186,360,546,1508
5637,950,954,948,190,354,544,1494
5638,946,950,956,194,360,554,1500
5639,1010,1004,1002,188,358,546,1556
5640,992,996,1000,192,362,554,1546
5641,1010,1012,1012,194,362,556,1566
5642,1030,1024,1024,188,362,550,1580
5643,1046,1048,1050,190,364,554,1600
5644,1032,1034,1035,190,360,550,1585
5645,1018,1020,1020,192,360,552,1570
5646,996,994,996,190,362,552,1548
5647,994,994,990,190,358,548,1542
5648,992,994,994,192,358,550,1542
5649,992,986,988,186,360,546,1538
5650,978,980,978,188,358,546,1524
5651,968,972,974,192,360,552,1520
5652,974,972,974,190,362,552,1526
5653,974,974,972,190,360,550,1524
5654,994,992,990,188,358,546,1540
5655,990,994,996,192,360,552,1542
5656,976,974,976,190,362,552,1528
5657,988,992,992,194,362,556,1544
5658,1000,996,996,190,362,552,1552
5659,986,990,986,194,358,552,1538
5660,976,976,978,194,360,554,1530
5661,994,994,998,194,364,558,1552
5662,986,984,982,192,362,554,1540
5663,982,980,976,190,358,548,1530
5664,966,970,970,194,358,552,1518
5665,1000,998,1004,192,364,556,1556
5666,1010,1008,1008,190,364,554,1564
5667,964,966,962,192,360,552,1516
5668,968,964,962,188,358,546,1514
5669,968,964,968,184,362,546,1514
5670,962,968,968,190,362,552,1514
5671,950,946,942,186,358,544,1494
5672,950,958,956,194,356,550,1500
5673,946,944,944,192,356,548,1494
5674,958,960,964,194,360,554,1512
5675,958,958,962,194,364,558,1516
5676,946,944,940,192,360,552,1498
5677,922,914,912,184,358,542,1464
5678,914,912,912,182,358,540,1454
5679,904,906,908,184,360,544,1448
5680,874,880,874,190,354,544,1418
5681,862,860,862,188,356,544,1406
5682,870,866,864,184,354,538,1408
5683,902,900,902,182,356,538,1440
5684,868,866,868,180,358,538,1406
5685,858,866,864,188,356,544,1402
5686,870,866,866,184,356,540,1410
5687,874,874,874,184,356,540,1414
5688,926,926,928,184,358,542,1468
5689,930,932,934,186,360,546,1476
5690,912,914,912,188,358,546,1458
5691,906,900,898,182,356,538,1444
5692,924,922,924,180,358,538,1462
5693,948,952,954,184,360,544,1492
5694,934,932,930,182,358,540,1474
5695,894,900,898,188,356,544,1438
5696,894,890,888,184,354,538,1432
5697,892,890,894,182,358,540,1432
5698,906,904,904,180,358,538,1444
5699,868,874,872,186,356,542,1410
5700,910,912,910,188,354,542,1452
5701,914,908,914,182,360,542,1456
5702,946,952,950,188,358,546,1492
5703,944,946,942,190,354,544,1488
5704,934,928,930,184,356,540,1474
5705,946,946,948,184,358,542,1488
5706,944,946,946,186,358,544,1488
5707,934,934,932,186,356,542,1476
5708,922,922,922,186,356,542,1464
5709,940,938,938,184,356,540,1480
5710,950,954,956,188,358,546,1496
5711,928,928,926,188,356,544,1472
5712,940,940,940,188,356,544,1484
5713,948,948,950,188,358,546,1494
5714,952,956,954,192,356,548,1500
5715,926,928,926,194,354,548,1474
5716,934,928,928,188,354,542,1476
5717,934,928,932,182,358,540,1474
5718,942,948,948,188,358,546,1488
5719,932,936,932,192,354,546,1478
5720,916,914,914,190,354,544,1460
5721,920,916,918,186,356,542,1462
5722,922,920,920,184,356,540,1462
5723,908,914,912,190,354,544,1452
5724,894,886,884,182,352,534,1428
5725,848,850,854,184,356,540,1388
5726,838,836,830,182,350,532,1370
5727,840,843,841,180,350,535,1375
5728,842,850,852,188,350,538,1380
5729,936,944,946,196,352,548,1484
5730,928,928,928,196,352,548,1476
5731,966,962,962,192,352,544,1510
5732,1020,1018,1022,190,356,546,1566
5733,1040,1040,1040,190,356,546,1586
5734,996,990,990,184,356,540,1536
5735,962,956,954,178,354,532,1494
5736,958,960,962,180,356,536,1494
5737,944,940,940,176,356,532,1476
5738,916,918,918,178,356,534,1450
5739,888,890,886,180,352,532,1420
5740,896,888,890,181,354,533,1422
5741,854,864,862,182,352,534,1388
5742,842,838,838,178,352,533,1372
5743,827,825,824,182,350,532,1357
5744,819.5,820.5,820,182,349,533,1351.5
5745,843.75,843.25,844,186,349.5,534,1376.75
5746,868,866,868,184,350,534,1402
5747,886,884,884,182,350,532,1418
5748,946,950,952,186,352,538,1484
5749,916,924,924,194,352,546,1462
5750,954,944,944,184,352,536,1490
5751,1022,1022,1024,184,354,538,1560
5752,1034,1038,1042,188,358,546,1580
5753,1030,1028,1026,186,356,542,1572
5754,996,994,994,184,356,540,1536
5755,1018,1018,1020,184,358,542,1560
5756,1012,1012,1010,184,356,540,1552
5757,974,976,974,186,354,540,1514
5758,958,952,952,180,354,534,1492
5759,968,974,974,186,354,540,1508
5760,964,966,968,188,356,544,1508
5761,942,944,938,190,350,540,1482
5762,934,930,932,186,352,538,1472
5763,956,954,958,184,356,540,1496
5764,948,952,948,188,352,540,1488
5765,944,946,948,190,354,544,1488
5766,932,930,928,188,352,540,1472
5767,954,950,954,184,356,540,1494
5768,948,954,952,190,354,544,1492
5769,952,950,948,188,352,540,1492
5770,936,938,938,190,352,542,1478
5771,974,970,972,186,354,540,1514
5772,980,984,986,190,356,546,1526
5773,966,968,968,192,356,548,1514
5774,972,968,966,188,354,542,1514
5775,984,988,988,192,354,546,1530
5776,990,986,986,188,354,542,1532
5777,976,980,980,192,354,546,1522
5778,984,984,984,192,354,546,1530
5779,984,980,980,188,354,542,1526
5780,1010,1008,1012,186,358,544,1554
5781,1002,1006,1002,190,354,544,1546
5782,982,982,982,190,354,544,1526
5783,984,982,982,188,354,542,1526
5784,978,980,984,190,358,548,1526
5785,972,972,968,190,354,544,1516
5786,976,976,976,190,354,544,1520
5787,980,984,984,194,354,548,1528
5788,984,978,982,188,358,546,1530
5789,986,988,988,190,358,548,1534
5790,958,962,962,194,358,552,1510
5791,956,948,944,186,354,540,1496
5792,960,962,966,188,358,546,1506
5793,972,978,976,194,356,550,1522
5794,966,960,960,188,356,544,1510
5795,934,938,936,192,354,546,1480
5796,940,932,934,184,356,540,1480
5797,936,942,940,190,354,544,1480
5798,944,946,946,192,354,546,1490
5799,926,928,930,194,356,550,1476
5800,938,934,930,190,352,542,1480
5801,952,954,954,192,352,544,1496
5802,978,978,984,192,358,550,1528
5803,1006,1006,1006,192,358,550,1556
5804,992,994,994,194,358,552,1544
5805,994,994,992,194,356,550,1544
5806,984,976,976,186,356,542,1526
5807,978,984,986,192,358,550,1528
5808,1012,1014,1016,194,360,554,1566
5809,1034,1030,1026,190,356,546,1580
5810,1004,1006,1008,192,358,550,1554
5811,996,998,996,194,356,550,1546
5812,1040,1034,1036,188,358,546,1586
5813,1042,1039,1040,192,360,552,1608
5814,1044,1044,1044,192,360,552,1596
5815,1022,1024,1020,194,356,550,1572
5816,1034,1028,1030,188,358,546,1580
5817,1046,1048,1052,190,362,552,1598
5818,1042,1042,1040,190,360,550,1592
5819,1002,1002,1000,190,358,548,1550
5820,1002,1004,1006,192,360,552,1554
5821,1020,1024,1026,196,362,558,1578
5822,1022,1022,1020,196,360,556,1578
5823,1004,1000,1000,192,360,552,1556
5824,968,962,960,186,358,544,1512
5825,1006,1014,1018,194,362,556,1562
5826,1014,1008,1008,188,362,550,1564
5827,982,988,986,194,360,554,1536
5828,996,1000,996,198,356,554,1550
5829,998,990,992,190,358,548,1546
5830,1000,1002,1006,192,362,554,1554
5831,1008,1008,1006,192,360,552,1560
5832,986,986,984,192,358,550,1536
5833,972,970,968,190,356,546,1518
5834,972,972,976,190,360,550,1522
5835,972,968,968,186,360,546,1518
5836,966,972,970,192,358,550,1516
5837,958,960,960,194,358,552,1510
5838,958,954,952,190,356,546,1504
5839,964,962,966,188,360,548,1512
5840,956,958,958,190,360,550,1506
5841,944,942,938,188,356,544,1488
5842,924,926,926,190,356,546,1470
5843,936,930,932,184,358,542,1478
5844,924,934,934,194,358,552,1476
5845,960,954,954,188,358,546,1506
5846,922,930,928,196,356,552,1474
5847,930,920,920,186,356,542,1472
5848,902,902,900,186,354,540,1442
5849,892,894,896,188,356,544,1436
5850,894,896,896,190,356,546,1440
5851,928,924,922,186,354,540,1468
5852,940,942,946,188,358,546,1486
5853,998,1002,1002,192,358,550,1548
5854,1019,1021,1021,196,360,560,1574
5855,1040,1040,1040,195,360,560,1600
5856,1058,1054,1054,194,360,554,1611
5857,1055,1056,1057,186,360,546,1608.5
5858,1052,1023,1021.5,192,362,554,1606
5859,994,990,986,188,358,546,1540
5860,970,964,966,182,360,542,1512
5861,958,958,956,182,358,540,1498
5862,934,932,934,180,360,540,1474
5863,902,910,906,188,356,544,1446
5864,882,878,876,184,354,538,1420
5865,876,874,874,182,354,536,1412
5866,916,916,918,182,356,538,1454
5867,936,938,944,184,362,546,1482
5868,916,918,912,186,356,542,1458
5869,926,928,928,188,356,544,1470
5870,940,938,938,186,356,542,1482
5871,950,948,952,184,360,544,1494
5872,960,964,962,188,358,546,1506
5873,930,928,926,186,356,542,1472
5874,914,914,914,186,356,542,1456
5875,924,920,920,182,356,538,1462
5876,908,912,912,186,356,542,1450
5877,912,914,912,188,354,542,1454
5878,902,898,898,184,354,538,1440
5879,922,924,924,186,354,540,1462
5880,920,920,922,186,356,542,1462
5881,948,950,952,188,358,546,1494
5882,966,970,968,192,356,548,1514
5883,1002,1000,1004,190,360,550,1552
5884,1028,1028,1026,190,358,548,1576
5885,992,990,990,188,358,546,1538
5886,1004,1004,1008,188,362,550,1554
5887,1028,1024,1022,184,360,544,1572
5888,1004,1010,1008,190,358,548,1552
5889,992,992,992,190,358,548,1540
5890,982,978,978,186,358,544,1526
5891,974,974,976,186,360,546,1520
5892,968,968,968,186,360,546,1514
5893,954,950,946,182,356,538,1492
5894,936,948,946,194,354,548,1484
5895,964,960,964,190,358,548,1512
5896,976,976,978,190,360,550,1526
5897,994,1000,998,196,358,554,1548
5898,976,976,974,196,356,552,1528
5899,980,978,980,194,358,552,1532
5900,1010,1004,1004,188,358,546,1556
5901,1017,1015,1013,188,362,550,1564
5902,1024,1026,1022,190,358,548,1572
5903,990,986,988,186,360,546,1536
5904,1006,1008,1006,188,358,546,1552
5905,1010,1006,1012,184,364,548,1558
5906,1004,1010,1004,190,358,548,1552
5907,994,992,992,188,358,546,1540
5908,1002,1002,1004,188,360,548,1550
5909,1030,1032,1034,190,362,552,1582
5910,986,986,982,190,358,548,1534
5911,990,990,990,190,358,548,1538
5912,978,1016,1015,192,362,554,1566
5913,966,1042,1040,192,360,553,1594
5914,977,994,994,192,360,552,1566
5915,988,986,986,190,360,550,1538
5916,984,982,980,188,358,546,1530
5917,1010,1010,1014,188,362,550,1560
5918,1022,1024,1022,190,360,550,1572
5919,980,984,984,194,360,554,1534
5920,978,972,970,188,358,546,1524
5921,990,990,992,188,360,548,1538
5922,1004,1006,1010,190,364,554,1558
5923,1004,1006,1002,192,360,552,1556
5924,1002,1002,1000,192,358,550,1552
5925,984,980,984,188,362,550,1534
5926,1026,1026,1026,188,362,550,1576
5927,1030,1028,1028,186,362,548,1578
5928,982,988,984,192,358,550,1532
5929,964,960,960,188,358,546,1510
5930,990,990,994,188,362,550,1540
5931,966,962,962,184,362,546,1512
5932,970,974,970,188,358,546,1516
5933,976,974,976,186,360,546,1522
5934,988,992,992,190,360,550,1538
5935,984,980,980,186,360,546,1530
5936,952,952,948,186,356,542,1494
5937,944,942,944,184,358,542,1486
5938,932,932,934,184,360,544,1476
5939,954,954,956,184,362,546,1500
5940,952,958,956,190,360,550,1502
5941,940,942,942,192,360,552,1492
5942,942,940,938,190,358,548,1490
5943,968,964,968,186,362,548,1516
5944,1008,1010,1012,188,364,552,1560
5945,1002,1004,1000,190,360,550,1552
5946,970,974,974,194,360,554,1524
5947,978,970,970,186,360,546,1524
5948,1008,1010,1010,188,360,548,1556
5949,998,1004,1008,194,364,558,1556
5950,1004,1000,998,190,362,552,1556
5951,982,982,980,190,360,550,1532
5952,970,966,970,186,364,550,1520
5953,1004,1006,1002,188,360,548,1552
5954,1004,1006,1008,190,362,552,1556
5955,1016,1018,1020,192,364,556,1572
5956,982,980,978,190,362,552,1534
5957,1002,1000,1000,188,362,550,1552
5958,1004,1008,1008,192,362,554,1558
5959,990,988,984,190,358,548,1538
5960,972,972,974,190,360,550,1522
5961,1002,1000,1004,188,364,552,1554
5962,1032,1032,1032,188,364,552,1584
5963,1018,1024,1022,194,362,556,1574
5964,1002,1002,1002,194,362,556,1558
5965,982,976,978,188,364,552,1534
5966,1016,1014,1012,186,362,548,1564
5967,1004,1012,1012,194,362,556,1560
5968,974,974,974,194,362,556,1530
5969,956,950,950,188,362,550,1506
5970,970,968,970,186,364,550,1520
5971,960,960,960,186,364,550,1510
5972,954,956,952,188,360,548,1502
5973,944,944,946,188,362,550,1494
5974,948,948,948,188,362,550,1498
5975,990,998,998,196,362,558,1548
5976,1030,1034,1036,197,364,564,1594
5977,1016,1014,1010,198,360,558,1574
5978,1002,996,1000,192,364,556,1558
5979,1016,1014,1012,190,362,552,1568
5980,980,976,976,186,362,548,1528
5981,978,982,980,190,360,550,1528
5982,946,944,942,188,358,546,1492
5983,938,932,934,182,360,542,1480
5984,928,930,932,184,362,546,1474
5985,918,918,916,184,360,544,1462
5986,896,898,896,186,358,544,1440
5987,900,898,896,184,356,540,1440
5988,916,912,912,180,356,536,1452
5989,970,976,982,186,362,548,1518
5990,1032,1040,1040,194,362,556,1588
5991,1000,1002,1002,196,362,558,1558
5992,1024,1014,1012,186,360,546,1570
5993,1032,1027,1027,180,366,546,1579
5994,1040,1040,1042,180,368,548,1588
5995,1014,1018,1014,184,364,548,1562
5996,966,962,956,180,358,538,1504
5997,946,948,952,182,362,544,1490
5998,954,950,950,178,362,540,1494
5999,932,938,936,184,360,544,1476
6000,924,920,920,180,360,540,1464
6001,918,920,918,182,358,540,1458
6002,912,916,916,186,358,544,1456
6003,940,940,942,186,360,546,1486
6004,972,974,976,188,362,550,1522
6005,980,978,976,186,360,546,1526
6006,932,934,932,188,358,546,1478
6007,958,954,952,184,356,540,1498
6008,978,980,986,186,362,548,1526
6009,984,984,982,186,360,546,1530
6010,952,952,950,186,358,544,1496
6011,962,962,962,186,358,544,1506
6012,964,960,960,182,358,540,1504
6013,956,960,964,186,362,548,1504
6014,976,978,976,188,360,548,1524
6015,948,948,946,188,358,546,1494
6016,958,954,958,184,362,546,1504
6017,962,964,964,186,362,548,1510
6018,976,978,974,188,358,546,1522
6019,958,958,958,188,358,546,1504
6020,960,962,960,190,356,546,1506
6021,998,992,1000,184,364,548,1546
6022,1030,1038,1036,192,362,554,1584
6023,1038,1040,1042,194,364,558,1596
6024,1042,1038,1034,190,360,550,1592
6025,1044,1046,1048,192,362,554,1598
6026,1052,1050,1050,190,362,552,1604
6027,1026,1024,1024,188,362,550,1576
6028,998,996,996,186,362,548,1546
6029,1036,1036,1038,186,364,550,1586
6030,1010,1012,1010,188,362,550,1560
6031,982,984,980,190,358,548,1530
6032,988,984,988,186,362,548,1536
6033,998,998,996,186,360,546,1544
6034,1032,1040,1042,194,362,556,1588
6035,1038,1040,1040,196,362,558,1596
6036,1052,1052,1052,194,366,560,1610
6037,1053,1053,1052,192,366,558,1610
6038,1054,1054,1052,192,364,556,1610
6039,1048,1040,1042,184,366,550,1598
6040,1054,1044,1043,188,366,554,1608
6041,1044,1048,1044,192,362,554,1598
6042,1046,1042,1044,188,364,552,1598
6043,1072,1072,1073,190,362,552,1626
6044,1055,1056,1057.5,194,362,556,1612
6045,1038,1040,1042,196,364,560,1598
6046,1054,1044,1046,186,366,552,1606
6047,1032,1038,1032,192,360,552,1584
6048,1036,1040,1042,196,362,558,1594
6049,1026,1020,1024,190,366,556,1582
6050,1024,1024,1022,190,364,554,1578
6051,1028,1034,1034,196,364,560,1588
6052,1000,994,992,190,362,552,1552
6053,1010,1008,1010,188,364,552,1562
6054,1022,1024,1022,190,362,552,1574
6055,924,1006,1008,191,364,554,1560
6056,1048,968,968,192,364,556,1604
6057,950,944,944,186,364,550,1500
6058,934,928,924,180,360,540,1474
6059,912,914,914,182,360,542,1454
6060,896,896,896,182,360,542,1438
6061,892,892,892,182,360,542,1434
6062,892,892,886,182,354,536,1428
6063,934,936,942,184,360,544,1478
6064,982,984,986,186,362,548,1530
6065,978,980,982,188,364,552,1530
6066,968,970,966,190,360,550,1518
6067,978,970,972,182,362,544,1522
6068,998,1002,1006,186,366,552,1550
6069,984,984,984,186,366,552,1536
6070,968,968,962,186,360,546,1514
6071,940,932,934,178,362,540,1480
6072,962,966,968,182,364,546,1508
6073,944,946,944,184,362,546,1490
6074,934,936,932,186,358,544,1478
6075,924,922,922,184,358,542,1466
6076,948,952,954,188,360,548,1496
6077,998,998,1002,188,364,552,1550
6078,1022,1026,1028,192,366,558,1580
6079,1046,1046,1042,192,362,554,1600
6080,1032,1032,1034,192,364,556,1588
6081,1044,1045,1045,190,366,556,1600
6082,1059,1058.5,1059.5,192,364,556,1615
6083,1083.5,1082.25,1083.75,190,366,556,1639.5
6084,1087.75,1090.125,1089.875,188,368,556,1645.75
6085,1087.875,1086.062,1086.938,194,366,560,1644.875
6086,1099.938,1102.031,1103.469,188,368,556,1660.438
6087,1098.969,1098.016,1096.734,194,370,564,1657.219
6088,1112.484,1114.008,1113.367,190,366,556,1671.609
6089,1108.242,1106.004,1106.684,194,366,560,1665.805
6090,1106.121,1108.002,1107.342,188,368,556,1664.902
6091,1104.061,1106.001,1104.671,194,366,560,1663.451
6092,1100.03,1099,1101.335,196,364,560,1660.726
6093,1067.015,1108.5,1109.668,192,370,562,1670.363
6094,1034,1121.25,1120.834,194,370,563,1724.181
6095,1060,1101.625,1099.417,196,368,564,1683.091
6096,1054,1072.813,1072.708,192,364,556,1642.545
6097,1048,1044,1046,188,366,554,1602
6098,1058,1059,1059,186,368,554,1614
6099,1046,1046.5,1045.5,192,366,558,1602
6100,1034,1034,1032,192,364,556,1590
6101,1010,1012,1014,194,366,560,1570
6102,1039,1040,1042,190,366,556,1598
6103,1039.5,1042,1042,190,368,558,1599
6104,1040,1044,1042,194,366,560,1600
6105,1028,1024,1024,190,366,556,1584
6106,1054,1052,1054,188,368,556,1610
6107,1044,1045,1044,192,368,560,1602
6108,1034,1038,1034,196,364,560,1594
6109,1034,1032,1034,194,366,560,1594
6110,1040,1036,1040,190,370,560,1600
6111,1024,1028,1024,194,366,560,1584
6112,1041,1050,1054,188,370,558,1602
6113,1052.5,1054,1055,194,368,562,1610
6114,1037.25,1039,1039.5,188,366,554,1594
6115,1022,1024,1024,190,366,556,1578
6116,1046,1048,1048,192,366,558,1604
6117,1028,1026,1028,190,368,558,1586
6118,1028,1024,1026,186,370,556,1584
6119,1020,1030,1026,196,366,562,1582
6120,1000,996,996,192,366,558,1558
6121,1034,1032,1032,190,366,556,1590
6122,1018,1022,1026,194,370,564,1582
6123,1051,1054,1058,194,366,560,1616
6124,1083.5,1088,1088,196,370,564,1650
6125,1078.75,1079,1081,197,366,566,1646
6126,1076.375,1073.5,1075.5,198,370,565,1642
6127,1054.188,1053.75,1054.75,192,372,564,1620
6128,1032,1034,1034,194,372,559,1598
6129,1028,1018,1016,184,370,554,1582
6130,978,984,982,190,368,558,1536
6131,996,992,994,186,370,556,1552
6132,972,972,968,186,366,552,1524
6133,964,966,966,188,366,554,1518
6134,956,954,954,186,366,552,1508
6135,952,954,954,188,366,554,1506
6136,954,954,954,188,366,554,1508
6137,936,936,934,188,364,552,1488
6138,944,946,946,190,364,554,1498
6139,948,944,944,186,364,550,1498
6140,966,968,970,188,366,554,1520
6141,960,960,958,188,364,552,1512
6142,924,924,926,188,366,554,1478
6143,914,912,910,186,364,550,1464
6144,938,936,936,184,364,548,1486
6145,928,932,932,188,364,552,1480
6146,920,920,920,188,364,552,1472
6147,914,910,908,184,362,546,1460
6148,904,906,902,186,358,544,1448
6149,942,940,944,184,362,546,1488
6150,928,928,930,184,364,548,1476
6151,902,906,904,188,362,550,1452
6152,914,914,914,188,362,550,1464
6153,926,922,922,184,362,546,1472
6154,944,944,946,184,364,548,1492
6155,942,948,948,190,364,554,1496
6156,932,926,928,184,366,550,1482
6157,932,934,932,186,364,550,1482
6158,914,916,912,188,360,548,1462
6159,910,908,910,186,362,548,1458
6160,938,936,938,184,364,548,1486
6161,938,942,942,188,364,552,1490
6162,970,972,972,190,364,554,1524
6163,932,930,928,188,362,550,1482
6164,942,940,942,186,364,550,1492
6165,934,934,932,186,362,548,1482
6166,904,902,900,184,360,544,1448
6167,900,904,900,188,356,544,1444
6168,922,918,922,184,360,544,1466
6169,918,918,922,184,364,548,1466
6170,920,924,920,188,360,548,1468
6171,906,908,906,190,358,548,1454
6172,910,902,904,182,360,542,1452
6173,882,882,882,182,360,542,1424
6174,862,862,862,182,360,542,1404
6175,854,846,848,181,362,536,1390
6176,852,858,852,180,356,536,1388
6177,832,832,832,184,356,540,1368
6178,819,818,814,182,354,536,1350
6179,810.5,813,813,180,352,536,1344
6180,777.25,807.5,806.5,186,350,536,1340
6181,815.625,802.75,799.25,187,346,533,1362
6182,854,797.375,801.625,188,350,551.5,1384
6183,817,788.688,769.812,202,354,539.75,1346
6184,812.5,784.344,783.906,195,342,528.875,1336
6185,798.25,780.172,790.953,188,347,530.438,1326
6186,779.125,767.086,713.477,180,352,532,1247
6187,761.062,756.543,771.738,178.5,335,513.5,1242.5
6188,763.031,746.271,830,177,308.5,471.75,1218.75
6189,725.516,738.136,811,183.5,326.25,502.875,1220.375
6190,724.758,725.068,757.5,190,331.125,534,1229.188
6191,718.379,716.534,732.75,178,333.562,522,1225.594
6192,720.189,709.267,718.375,166,335.781,507,1219.797
6193,702.095,701.633,708.188,165,338.891,506.5,1204.898
6194,698.047,692.817,695.094,159.5,339.445,500.25,1196.449
6195,687.024,685.408,692.547,157.75,345.723,504.125,1190.225
6196,678.512,678.704,678.273,157.875,352,503.062,1181.112
6197,673.256,670.352,672.137,154.938,350,501.531,1174.556
6198,667.628,665.176,665.068,152.469,348,498.766,1166.278
6199,673.814,665.588,664.534,144.234,346,489.383,1163.139
6200,666.907,666.794,667.267,144.117,346,489.691,1156.57
6201,667.453,668.397,670.634,145.059,348,492.846,1160.285
6202,669.727,673.199,674.317,148.529,350,497.423,1167.142
6203,678.863,679.599,682.158,149.265,350,500.711,1179.571
6204,681.432,682.8,684.079,150.632,354,503.356,1184.786
6205,681.716,686.4,688.04,155.316,354,509.678,1191.393
6206,688.858,689.2,691.02,155.658,356,511.839,1200.696
6207,692.429,692.6,693.51,155.829,358,512.919,1205.348
6208,695.214,698.3,697.755,158.915,358,515.46,1210.674
6209,710.607,710.15,710.877,158.457,356,515.73,1226.337
6210,728.304,731.075,733.439,161.229,358,520.865,1249.169
6211,748.152,749.537,751.719,162.614,362,524.432,1272.584
6212,763.076,763.769,763.86,163.307,364,525.216,1288.292
6213,773.538,772.884,769.93,162.654,362,521.608,1295.146
6214,785.769,785.442,784.965,162.327,356,520.804,1306.573
6215,797.884,799.721,798.482,164.163,358,521.402,1319.287
6216,804.942,804.861,805.241,164.082,356,521.701,1326.643
6217,819.471,818.43,817.621,163.041,358,519.851,1339.322
6218,834,832,830,164.52,356,523.925,1357.661
6219,848,852,858,165.26,362,525.963,1376
6220,868,868,868,166.63,362,527.981,1396
6221,884,886,886,167.315,362,526.991,1414
6222,874,874,870,167.658,358,527.495,1400
6223,876,876,878,165.829,360,524.748,1404
6224,892,888,886,165.914,358,525.374,1414
6225,932,934,936,169.957,360,530.687,1458
6226,956,964,966,171.979,362,536,1492
6227,946,946,944,172.989,360,534,1480
6228,948,948,948,171.495,360,534,1482
6229,956,952,950,172.747,358,533,1484
6230,948,952,952,173.374,358,532,1480
6231,990,990,992,176.687,360,534,1524
6232,1004,1010,1014,180,364,544,1548
6233,1006,1002,998,176,360,536,1542
6234,1004,1006,1002,178,356,534,1538
6235,1052,1052,1054,178,358,536,1588
6236,1073,1073,1074,182,360,542,1612
6237,1053.5,1054.5,1054,182,360,542,1594
6238,1034,1036,1034,184,358,542,1576
6239,1024,1018,1020,178,360,538,1562
6240,1000,998,996,176,358,534,1534
6241,1038,1046,1046,184,358,542,1580
6242,1037,1042,1040,186,362,548,1581
6243,1036,1038,1034,188,358,546,1582
6244,1042,1034,1032,180,356,536,1578
6245,1055,1051,1050,184,360,544,1610
6246,1051.5,1049.5,1048,184,360,544,1600
6247,1048,1048,1046,184,358,542,1590
6248,1012,1012,1012,184,358,542,1554
6249,996,990,990,178,358,536,1532
6250,1006,1008,1006,180,356,536,1542
6251,1038,1042,1044,184,358,542,1580
6252,1044,1032,1031,196,362,558,1602
6253,1030,1022,1018,188,358,546,1576
6254,1002,994,994,180,358,538,1540
6255,1030,1032,1034,182,360,542,1572
6256,1038,1038,1038,182,360,542,1580
6257,1004,1006,1006,184,360,544,1548
6258,974,974,970,184,356,540,1514
6259,1002,1004,1006,186,358,544,1546
6260,994,990,988,182,356,538,1532
6261,990,994,998,186,360,546,1536
6262,984,984,980,186,356,542,1526
6263,988,984,984,182,356,538,1526
6264,986,990,994,186,360,546,1532
6265,1020,1020,1018,186,358,544,1564
6266,1020,1022,1024,188,360,548,1568
6267,998,996,994,186,358,544,1542
6268,1010,1004,1008,180,362,542,1552
6269,1020,1022,1022,182,362,544,1564
6270,1006,1006,1006,182,362,544,1550
6271,990,992,990,184,360,544,1534
6272,974,976,974,186,358,544,1518
6273,998,994,994,182,358,540,1538
6274,1000,1004,1006,186,360,546,1546
6275,1032,1036,1036,190,360,550,1582
6276,1024,1024,1022,190,358,548,1572
6277,1010,1010,1012,190,360,550,1560
6278,1022,1018,1016,186,358,544,1566
6279,1022,1020,1024,184,362,546,1568
6280,1014,1014,1014,184,362,546,1560
6281,994,996,996,186,362,548,1542
6282,968,966,964,184,360,544,1512
6283,982,982,980,184,358,542,1524
6284,1006,1008,1012,186,362,548,1554
6285,1018,1022,1020,190,360,550,1568
6286,1002,1000,1002,188,362,550,1552
6287,1000,994,994,182,362,544,1544
6288,996,998,996,184,360,544,1540
6289,1000,1002,1004,186,362,548,1548
6290,996,992,990,182,360,542,1538
6291,962,964,964,184,360,544,1506
6292,954,950,950,180,360,540,1494
6293,952,956,956,184,360,544,1496
6294,976,976,976,184,360,544,1520
6295,984,988,990,188,362,550,1534
6296,964,960,958,184,360,544,1508
6297,958,958,956,184,358,542,1500
6298,956,958,956,186,356,542,1498
6299,1004,1002,1006,184,360,544,1548
6300,1010,1014,1018,188,364,552,1562
6301,1000,1000,998,188,362,550,1550
6302,982,982,978,188,358,546,1528
6303,990,984,986,182,360,542,1532
6304,988,992,992,186,360,546,1534
6305,1008,1004,1008,182,364,546,1554
6306,970,976,972,188,360,548,1518
6307,980,980,980,188,360,548,1528
6308,1000,996,996,184,360,544,1544
6309,1006,1010,1012,188,362,550,1556
6310,1020,1022,1022,190,362,552,1572
6311,978,972,970,184,360,544,1522
6312,984,984,982,184,358,542,1526
6313,986,984,988,182,362,544,1530
6314,954,958,956,186,360,546,1500
6315,946,944,944,184,360,544,1490
6316,940,940,936,184,356,540,1480
6317,994,996,998,186,358,544,1538
6318,1000,1002,1004,188,360,548,1548
6319,1020,1020,1026,188,366,554,1574
6320,986,986,980,188,360,548,1534
6321,1024,1018,1020,182,362,544,1568
6322,1004,1006,1006,184,362,546,1550
6323,986,982,982,180,362,542,1528
6324,956,958,958,182,362,544,1500
6325,940,940,936,182,358,540,1480
6326,938,934,936,178,360,538,1476
6327,954,956,956,180,360,540,1494
6328,984,992,994,188,362,550,1534
6329,984,988,984,192,358,550,1534
6330,980,976,976,188,358,546,1526
6331,1012,1012,1014,188,360,548,1560
6332,1044,1044,1048,188,364,552,1596
6333,1009,1011,1012,182,364,546,1559
6334,974,978,976,186,362,548,1522
6335,968,962,964,180,364,544,1512
6336,964,966,964,182,362,544,1508
6337,948,950,950,184,362,546,1494
6338,930,926,924,180,360,540,1470
6339,926,930,932,184,362,546,1472
6340,962,962,960,184,360,544,1506
6341,998,1004,1006,190,362,552,1550
6342,996,1001,999,190,368,558,1550
6343,994,998,992,194,362,556,1550
6344,990,982,980,186,360,546,1536
6345,1000,998,1002,184,364,548,1548
6346,1018,1018,1018,184,364,548,1566
6347,976,980,978,188,362,550,1526
6348,950,944,942,182,360,542,1492
6349,940,936,938,178,362,540,1480
6350,940,946,944,184,360,544,1484
6351,936,934,936,182,362,544,1480
6352,908,912,906,186,356,542,1450
6353,924,918,922,180,360,540,1464
6354,916,920,920,184,360,544,1460
6355,934,934,936,184,362,546,1480
6356,912,914,914,186,362,548,1460
6357,906,904,898,184,356,540,1446
6358,934,930,932,180,358,538,1472
6359,912,916,916,184,358,542,1454
6360,918,918,918,184,358,542,1460
6361,920,922,920,186,356,542,1462
6362,942,942,944,186,358,544,1486
6363,956,956,958,186,360,546,1502
6364,960,960,958,186,358,544,1504
6365,922,914,916,178,360,538,1460
6366,902,902,900,178,358,536,1438
6367,918,920,920,180,358,538,1456
6368,926,928,932,182,362,544,1470
6369,958,962,962,186,362,548,1506
6370,966,964,962,184,360,544,1510
6371,950,952,952,186,360,546,1496
6372,974,974,972,186,358,544,1518
6373,996,998,1002,188,362,550,1546
6374,1038,1036,1038,186,364,550,1588
6375,1002,1004,1004,188,364,552,1554
6376,1000,998,996,186,362,548,1548
6377,1008,1008,1008,186,362,548,1556
6378,1020,1022,1022,188,362,550,1570
6379,1048,1046,1050,186,366,552,1600
6380,1022,1022,1024,186,368,554,1576
6381,1012,1014,1008,188,362,550,1562
6382,1002,1000,1002,186,364,550,1552
6383,962,960,956,184,360,544,1506
6384,944,942,940,182,358,540,1484
6385,968,968,970,182,360,542,1510
6386,988,992,994,186,362,548,1536
6387,980,980,982,186,364,550,1530
6388,968,966,966,184,364,548,1516
6389,942,944,940,186,360,546,1488
6390,924,920,918,182,358,540,1464
6391,920,916,918,178,360,538,1458
6392,892,890,888,176,358,534,1426
6393,870,872,864,178,350,526,1398
6394,864,862,854,176,357,533.5,1382
6395,845,846,868,177,364,541,1386
6396,853,844,832,179.5,352,538.5,1373
6397,853.5,842,844,182,354,536,1377.5
6398,854,846,846,181,354,537,1382
6399,838,844,848,180,358,538,1376
6400,842,842,840,180,356,536,1378
6401,830,832,832,182,356,538,1367
6402,823,822,824,180,352,532,1357.5
6403,815.5,814,813,176,356,532,1345.75
6404,803.75,805,806.5,177,352,533,1335.875
6405,799.875,800.5,798.25,178,356,534,1329.938
6406,800.938,801.25,801.125,178,350,532,1330.969
6407,804.469,805.625,806.562,178,352,533,1336.484
6408,806.234,805.812,805.281,180,354,534,1337.242
6409,814.117,812.906,812.641,178,352,531,1343.621
6410,829.059,828.453,829.32,176,352,530.5,1358.811
6411,844,844,846,176,354,530.25,1374
6412,882,884,882,178,352,532.125,1412
6413,890,892,894,180,354,534,1424
6414,906,906,906,180,354,534,1440
6415,900,900,904,180,358,538,1438
6416,910,908,904,178,354,532,1442
6417,936,942,944,184,356,540,1476
6418,972,972,972,184,356,540,1512
6419,1004,1006,1010,186,360,546,1550
6420,950,950,950,186,360,546,1496
6421,950,948,944,184,356,540,1490
6422,972,970,970,182,356,538,1510
6423,992,996,998,186,358,544,1536
6424,1006,1004,1004,184,358,542,1548
6425,964,972,970,192,356,548,1512
6426,978,974,974,188,356,544,1522
6427,958,960,962,190,358,548,1506
6428,968,962,960,184,356,540,1508
6429,962,964,968,186,360,546,1508
6430,956,958,956,188,358,546,1502
6431,948,944,944,184,358,542,1490
6432,940,942,942,186,358,544,1484
6433,978,978,978,186,358,544,1522
6434,996,1004,1004,194,358,552,1548
6435,996,994,996,192,360,552,1548
6436,944,938,934,186,356,542,1486
6437,934,934,936,186,358,544,1478
6438,972,974,974,188,358,546,1518
6439,978,978,980,188,360,548,1526
6440,992,992,992,188,360,548,1540
6441,970,972,970,190,358,548,1518
6442,966,966,966,190,358,548,1514
6443,1018,1014,1018,186,362,548,1566
6444,1034,1038,1038,190,362,552,1586
6445,1010,1018,1014,198,358,556,1566
6446,1002,996,996,192,358,550,1552
6447,1024,1020,1026,188,364,552,1576
6448,1002,1004,1002,190,362,552,1554
6449,1006,1004,1004,188,362,550,1556
6450,978,978,976,188,360,548,1526
6451,960,962,962,190,360,550,1510
6452,1008,1008,1008,190,360,550,1558
6453,1008,1008,1008,190,360,550,1558
6454,978,982,982,194,360,554,1532
6455,1000,992,994,186,362,548,1548
6456,978,984,984,192,362,554,1532
6457,984,984,986,192,364,556,1540
6458,940,938,934,190,360,550,1490
6459,930,924,924,184,360,544,1474
6460,960,962,962,186,360,546,1506
6461,974,978,982,190,364,554,1528
6462,980,980,978,190,362,552,1532
6463,968,970,966,192,358,550,1518
6464,958,956,960,190,362,552,1510
6465,996,994,994,188,362,550,1546
6466,1006,1012,1012,194,362,556,1562
6467,1004,1000,1000,190,362,552,1556
6468,980,978,982,188,366,554,1534
6469,1002,1002,1002,188,366,554,1556
6470,1008,1006,1006,186,366,552,1560
6471,998,1002,1000,190,364,554,1552
6472,970,968,964,188,360,548,1518
6473,966,964,968,186,364,550,1516
6474,990,990,988,186,362,548,1538
6475,972,980,986,194,368,562,1534
6476,972,966,960,188,362,550,1522
6477,930,934,932,192,360,552,1482
6478,934,928,930,186,362,548,1482
6479,926,926,926,186,362,548,1474
6480,940,942,942,188,362,550,1490
6481,972,978,978,194,362,556,1528
6482,972,974,974,196,362,558,1530
6483,994,990,992,192,364,556,1550
6484,1022,1024,1026,194,366,560,1582
6485,1054,1046,1046,186,366,552,1606
6486,1012,1020,1018,194,364,558,1570
6487,986,978,980,186,366,552,1538
6488,974,974,974,186,366,552,1526
6489,982,986,982,190,362,552,1534
6490,982,982,984,190,364,554,1536
6491,968,966,966,188,364,552,1520
6492,936,932,930,184,362,546,1482
6493,932,934,934,186,362,548,1480
6494,942,944,944,188,362,550,1492
6495,964,966,968,190,364,554,1518
6496,998,1004,1006,196,366,562,1560
6497,982,982,980,196,364,560,1542
6498,986,976,976,186,364,550,1536
6499,1024,1024,1028,186,368,554,1578
6500,1022,1024,1024,188,368,556,1578
6501,986,986,982,188,364,552,1538
6502,952,948,948,184,364,548,1500
6503,952,954,952,186,362,548,1500
6504,952,950,952,184,364,548,1500
6505,948,946,948,182,366,548,1496
6506,910,918,914,190,362,552,1462
6507,926,926,924,190,360,550,1476
6508,952,946,948,184,362,546,1498
6509,954,962,966,192,366,558,1512
6510,952,946,944,186,364,550,1502
6511,954,952,954,184,366,550,1504
6512,952,950,946,182,362,544,1496
6513,942,942,942,182,362,544,1486
6514,920,924,924,186,362,548,1468
6515,938,934,934,182,362,544,1482
6516,962,968,970,188,364,552,1514
6517,974,980,978,194,362,556,1530
6518,980,980,980,194,362,556,1536
6519,958,960,960,196,362,558,1516
6520,1010,1006,1008,192,364,556,1566
6521,1036,1038,1042,194,368,562,1598
6522,1046,1038,1036,186,366,552,1598
6523,976,986,986,196,366,562,1538
6524,992,980,978,184,364,548,1540
6525,1006,1012,1014,190,366,556,1562
6526,1010,1008,1008,188,366,554,1564
6527,962,966,964,192,364,556,1518
6528,944,944,944,192,364,556,1500
6529,976,966,968,182,366,548,1524
6530,998,1002,1004,186,368,554,1552
6531,1010,1014,1012,190,366,556,1566
6532,974,974,974,190,366,556,1530
6533,964,966,962,192,362,554,1518
6534,996,994,998,190,366,556,1552
6535,1010,1008,1008,188,366,554,1564
6536,974,978,974,192,362,554,1528
6537,960,958,958,190,362,552,1512
6538,988,984,988,186,366,552,1540
6539,962,964,964,188,366,554,1516
6540,956,952,950,184,364,548,1504
6541,940,942,944,186,366,552,1492
6542,910,908,906,184,364,548,1458
6543,934,938,936,188,362,550,1484
6544,934,932,936,186,366,552,1486
6545,898,900,896,188,362,550,1448
6546,904,902,900,186,360,546,1450
6547,930,928,930,184,362,546,1476
6548,946,950,952,188,364,552,1498
6549,964,966,966,190,364,554,1518
6550,952,952,952,190,364,554,1506
6551,960,956,958,186,366,552,1512
6552,980,982,984,188,368,556,1536
6553,1000,996,996,184,368,552,1552
6554,984,988,982,188,362,550,1534
6555,972,970,972,186,364,550,1522
6556,978,978,980,186,366,552,1530
6557,966,966,966,186,366,552,1518
6558,940,942,936,188,360,548,1488
6559,928,924,924,184,360,544,1472
6560,910,910,912,184,362,546,1456
6561,934,936,940,186,366,552,1486
6562,954,956,956,188,366,554,1508
6563,916,918,914,190,362,552,1468
6564,934,928,926,184,360,544,1478
6565,894,896,900,186,364,550,1444
6566,940,938,934,184,360,544,1484
6567,872,960,964,188,364,551,1508
6568,925,984,986,192,366,558,1519
6569,978,972,972,186,366,552,1530
6570,946,950,944,190,360,550,1496
6571,948,946,950,188,364,552,1500
6572,998,994,996,184,366,550,1548
6573,1020,1022,1024,186,368,554,1574
6574,1010,1014,1012,190,366,556,1566
6575,916,996,994,188,364,554,1550
6576,1050,966,968,186,366,552,1602
6577,1006,1004,1006,184,368,552,1558
6578,986,990,988,188,366,554,1540
6579,960,964,960,192,362,554,1514
6580,954,948,950,186,364,550,1504
6581,974,976,976,188,364,552,1526
6582,968,968,970,188,366,554,1522
6583,962,962,960,188,364,552,1514
6584,960,956,956,184,364,548,1508
6585,970,972,974,186,366,552,1522
6586,956,960,958,190,364,554,1510
6587,932,932,932,190,364,554,1486
6588,940,932,932,182,364,546,1486
6589,928,932,930,186,362,548,1476
6590,938,940,942,188,364,552,1490
6591,924,928,926,192,362,554,1478
6592,922,920,920,190,362,552,1474
6593,968,964,964,186,362,548,1516
6594,972,976,978,190,364,554,1526
6595,960,960,958,190,362,552,1512
6596,944,944,942,190,360,550,1494
6597,968,964,966,186,362,548,1516
6598,988,992,996,190,366,556,1544
6599,986,984,980,188,362,550,1536
6600,938,938,936,188,360,548,1486
6601,930,922,926,180,364,544,1474
6602,948,950,948,182,362,544,1492
6603,942,944,946,184,364,548,1490
6604,920,924,920,188,360,548,1468
6605,904,900,900,184,360,544,1448
6606,942,942,944,184,362,546,1488
6607,934,940,942,190,364,554,1488
6608,942,940,940,188,364,552,1494
6609,920,920,914,188,358,546,1466
6610,932,930,934,186,362,548,1480
6611,932,932,932,186,362,548,1480
6612,950,950,952,186,364,550,1500
6613,940,946,944,192,362,554,1494
6614,932,928,926,188,360,548,1480
6615,944,946,948,190,362,552,1496
6616,1006,1004,1006,188,364,552,1558
6617,1014,1016,1016,190,364,554,1568
6618,972,974,972,192,362,554,1526
6619,1002,1000,1002,190,364,554,1556
6620,994,990,986,186,360,546,1540
6621,1012,1012,1018,186,366,552,1564
6622,968,974,968,192,360,552,1520
6623,974,970,972,188,362,550,1524
6624,990,990,992,188,364,552,1542
6625,1032,1034,1038,190,368,558,1590
6626,1026,1030,1028,194,366,560,1586
6627,980,978,974,192,362,554,1534
6628,1008,1006,1010,190,366,556,1564
6629,1024,1024,1024,190,366,556,1580
6630,966,964,964,188,366,554,1520
6631,956,954,950,186,362,548,1504
6632,942,944,944,188,362,550,1492
6633,954,954,958,188,366,554,1508
6634,946,948,944,190,362,552,1498
6635,926,926,924,190,360,550,1476
6636,922,918,918,186,360,546,1468
6637,940,940,942,186,362,548,1488
6638,918,920,920,188,362,550,1468
6639,902,904,902,190,360,550,1452
6640,900,898,900,188,362,550,1450
6641,880,876,874,184,360,544,1424
6642,922,922,924,184,362,546,1468
6643,922,926,926,188,362,550,1472
6644,928,932,930,192,360,552,1480
6645,926,922,926,188,364,552,1478
6646,898,898,894,188,360,548,1446
6647,972,966,966,182,360,542,1514
6648,958,966,968,190,362,552,1510
6649,952,948,948,186,362,548,1500
6650,934,938,936,190,360,550,1484
6651,942,936,936,184,360,544,1486
6652,970,974,980,188,366,554,1524
6653,986,984,982,186,364,550,1536
6654,944,948,944,190,360,550,1494
6655,940,940,942,190,362,552,1492
6656,978,972,974,184,364,548,1526
6657,998,1006,1008,192,366,558,1556
6658,990,988,986,190,364,554,1544
6659,958,960,958,192,362,554,1512
6660,956,952,954,188,364,552,1508
6661,982,978,980,184,366,550,1532
6662,986,992,990,190,364,554,1540
6663,962,966,962,194,360,554,1516
6664,960,954,956,188,362,550,1510
6665,968,968,970,188,364,552,1520
6666,970,972,972,190,364,554,1524
6667,952,954,948,192,358,550,1502
6668,946,948,950,194,360,554,1500
6669,978,970,972,186,362,548,1526
6670,988,992,994,190,364,554,1542
6671,976,980,978,194,362,556,1532
6672,972,970,970,192,362,554,1526
6673,954,950,952,188,364,552,1506
6674,994,994,994,188,364,552,1546
6675,996,1002,1002,194,364,558,1554
6676,950,950,950,194,364,558,1508
6677,978,972,972,188,364,552,1530
6678,978,980,978,190,362,552,1530
6679,944,946,942,192,358,550,1494
6680,948,946,946,190,358,548,1496
6681,1016,1016,1024,190,366,556,1572
6682,1014,1022,1020,198,364,562,1576
6683,1024,1018,1020,192,366,558,1582
6684,990,986,984,188,364,552,1542
6685,988,986,990,186,368,554,1542
6686,1000,1000,996,186,364,550,1550
6687,992,998,1002,192,368,560,1552
6688,972,972,964,192,360,552,1524
6689,960,954,956,186,362,548,1508
6690,930,924,922,180,360,540,1470
6691,936,940,944,184,364,548,1484
6692,936,944,944,192,364,556,1492
6693,936,934,932,190,362,552,1488
6694,930,934,930,194,358,552,1482
6695,944,938,940,188,360,548,1492
6696,942,942,944,188,362,550,1492
6697,964,964,966,188,364,552,1516
6698,938,940,938,190,362,552,1490
6699,928,928,930,190,364,554,1482
6700,960,960,956,190,360,550,1510
6701,978,982,984,194,362,556,1534
6702,978,978,978,194,362,556,1534
6703,926,922,920,190,360,550,1476
6704,860,926,928,188,362,549,1478
6705,1032,962,962,186,362,548,1580
6706,946,950,950,190,362,552,1498
6707,954,954,956,190,364,554,1508
6708,936,934,932,188,362,550,1486
6709,922,918,918,184,362,546,1468
6710,942,944,944,186,362,548,1490
6711,940,946,946,192,362,554,1494
6712,920,922,920,194,360,554,1474
6713,934,934,936,194,362,556,1490
6714,932,930,930,192,362,554,1486
6715,964,958,960,186,364,550,1514
6716,952,958,956,192,362,554,1506
6717,932,932,930,192,360,552,1484
6718,912,904,904,184,360,544,1456
6719,930,930,932,184,362,546,1476
6720,902,904,902,186,360,546,1448
6721,902,902,900,186,358,544,1446
6722,874,874,872,186,356,542,1416
6723,880,882,882,188,356,544,1424
6724,900,898,900,186,358,544,1444
6725,904,910,912,192,360,552,1456
6726,892,888,886,188,358,546,1438
6727,876,876,876,188,358,546,1422
6728,924,920,922,184,360,544,1468
6729,942,950,952,192,362,554,1496
6730,938,938,934,192,358,550,1488
6731,938,938,940,192,360,552,1490
6732,922,922,920,192,358,550,1472
6733,938,934,934,188,358,546,1484
6734,942,944,948,190,362,552,1494
6735,922,924,920,192,358,550,1472
6736,914,912,910,190,356,546,1460
6737,922,920,922,188,358,546,1468
6738,938,940,944,190,362,552,1490
6739,940,940,936,190,358,548,1488
6740,922,920,918,188,356,544,1466
6741,920,920,922,188,358,546,1466
6742,952,952,954,188,360,548,1500
6743,970,972,972,190,360,550,1520
6744,938,942,938,194,356,550,1488
6745,940,938,942,192,360,552,1492
6746,982,978,978,188,360,548,1530
6747,994,996,1000,190,364,554,1548
6748,990,990,986,190,360,550,1540
6749,966,966,966,190,360,550,1516
6750,948,948,946,190,358,548,1496
6751,970,970,974,190,362,552,1522
6752,966,964,964,188,362,550,1516
6753,942,942,936,188,356,544,1486
6754,924,926,926,190,356,546,1470
6755,952,950,956,188,362,550,1502
6756,966,970,972,192,364,556,1522
6757,964,962,960,190,362,552,1516
6758,938,944,940,196,358,554,1492
6759,976,970,972,190,360,550,1526
6760,980,980,984,190,364,554,1534
6761,954,956,950,192,358,550,1504
6762,948,942,944,186,360,546,1494
6763,958,962,964,190,362,552,1510
6764,962,962,962,190,362,552,1514
6765,954,956,958,192,364,556,1510
6766,936,938,936,194,362,556,1492
6767,938,934,934,190,362,552,1490
6768,958,956,954,188,360,548,1506
6769,960,964,966,192,362,554,1514
6770,932,936,936,196,362,558,1490
6771,858,928,922,191,356,553,1480
6772,1018,938,944,186,362,548,1566
6773,954,956,958,188,364,552,1506
6774,938,940,936,190,360,550,1488
6775,930,926,926,186,360,546,1476
6776,926,926,926,186,360,546,1472
6777,952,956,956,190,360,550,1502
6778,972,974,976,192,362,554,1526
6779,938,938,932,192,356,548,1486
6780,936,936,938,192,358,550,1486
6781,954,944,946,182,360,542,1496
6782,938,948,948,192,360,552,1490
6783,952,954,956,194,362,556,1508
6784,942,940,936,192,358,550,1492
6785,944,942,944,190,360,550,1494
6786,966,964,968,188,364,552,1518
6787,954,958,954,192,360,552,1506
6788,950,954,952,196,358,554,1504
6789,958,952,954,190,360,550,1508
6790,996,994,994,188,360,548,1544
6791,980,982,984,190,362,552,1532
6792,952,952,948,190,358,548,1500
6793,926,922,922,186,358,544,1470
6794,942,938,940,182,360,542,1484
6795,916,920,922,186,362,548,1464
6796,910,916,912,192,358,550,1460
6797,924,924,924,192,358,550,1474
6798,934,932,934,190,360,550,1484
6799,962,966,968,194,362,556,1518
6800,978,978,978,194,362,556,1534
6801,926,924,922,192,360,552,1478
6802,924,922,920,190,358,548,1472
6803,926,924,926,188,360,548,1474
6804,950,950,954,188,364,552,1502
6805,988,992,986,192,358,550,1538
6806,962,960,960,190,358,548,1510
6807,946,946,948,190,360,550,1496
6808,990,992,996,192,364,556,1546
6809,998,996,994,190,362,552,1550
6810,968,974,972,196,360,556,1524
6811,970,966,966,192,360,552,1522
6812,964,960,962,188,362,550,1514
6813,1002,1006,1010,192,366,558,1560
6814,1000,1000,996,192,362,554,1554
6815,968,968,970,192,364,556,1524
6816,962,964,960,194,360,554,1516
6817,986,982,984,190,362,552,1538
6818,1014,1018,1020,194,364,558,1572
6819,988,990,988,196,362,558,1546
6820,968,966,966,194,362,556,1524
6821,968,964,964,190,362,552,1520
6822,1006,1004,1008,188,366,554,1560
6823,1014,1016,1012,190,362,552,1566
6824,956,956,958,190,364,554,1510
6825,946,946,942,190,360,550,1496
6826,966,964,964,188,360,548,1514
6827,956,960,962,192,362,554,1510
6828,932,930,928,190,360,550,1482
6829,932,930,930,188,360,548,1480
6830,934,936,936,190,360,550,1484
6831,954,954,954,190,360,550,1504
6832,960,962,964,192,362,554,1514
6833,932,930,926,190,358,548,1480
6834,938,940,942,192,360,552,1490
6835,972,964,966,184,362,546,1518
6836,986,996,998,194,364,558,1544
6837,990,984,986,188,366,554,1544
6838,964,966,962,190,362,552,1516
6839,984,982,986,188,366,554,1538
6840,998,998,994,188,362,550,1548
6841,958,964,964,194,362,556,1514
6842,972,966,966,188,362,550,1522
6843,968,966,968,186,364,550,1518
6844,978,984,982,192,362,554,1532
6845,952,950,948,190,360,550,1502
6846,940,938,936,188,358,546,1486
6847,948,946,950,186,362,548,1496
6848,962,962,964,186,364,550,1512
6849,944,946,946,188,364,552,1496
6850,910,914,906,192,356,548,1458
6851,910,904,908,186,360,546,1456
6852,944,944,946,186,362,548,1492
6853,956,960,962,190,364,554,1510
6854,956,960,958,194,362,556,1512
6855,956,954,954,192,362,554,1510
6856,962,960,958,190,360,550,1512
6857,992,992,994,190,362,552,1544
6858,986,988,990,192,364,556,1542
6859,954,950,946,188,360,548,1502
6860,938,938,940,188,362,550,1488
6861,950,948,948,186,362,548,1498
6862,944,946,946,188,362,550,1494
6863,934,934,930,188,358,546,1480
6864,916,916,916,188,358,546,1462
6865,904,902,904,186,360,546,1450
6866,924,926,926,188,360,548,1472
6867,938,942,942,192,360,552,1490
6868,936,936,934,192,358,550,1486
6869,938,934,936,188,360,548,1486
6870,942,942,944,188,362,550,1492
6871,980,982,984,190,364,554,1534
6872,938,938,938,190,364,554,1492
6873,938,938,934,190,360,550,1488
6874,946,938,940,182,362,544,1490
6875,974,978,982,186,366,552,1526
6876,964,966,962,188,362,550,1514
6877,926,928,924,190,358,548,1474
6878,936,932,934,186,360,546,1482
6879,944,942,942,184,360,544,1488
6880,950,958,964,192,366,558,1508
6881,944,942,934,190,358,548,1492
6882,932,934,934,192,358,550,1482
6883,936,930,932,186,360,546,1482
6884,980,978,984,184,366,550,1530
6885,976,984,982,192,364,556,1532
6886,966,968,962,194,358,552,1518
6887,952,948,950,190,360,550,1502
6888,972,966,970,184,364,548,1520
6889,988,990,990,186,364,550,1538
6890,982,988,986,192,362,554,1536
6891,952,950,948,190,360,550,1502
6892,978,974,976,186,362,548,1526
6893,976,978,980,188,364,552,1528
6894,974,976,974,190,362,552,1526
6895,950,948,950,188,364,552,1502
6896,936,938,934,190,360,550,1486
6897,964,962,962,188,360,548,1512
6898,978,978,980,188,362,550,1528
6899,944,944,944,188,362,550,1494
6900,940,940,938,188,360,548,1488
6901,950,950,950,188,360,548,1498
6902,974,974,978,188,364,552,1526
6903,984,982,982,186,364,550,1534
6904,928,934,928,192,358,550,1478
6905,934,934,936,192,360,552,1486
6906,964,960,960,188,360,548,1512
6907,968,966,972,186,366,552,1520
6908,940,946,942,192,362,554,1494
6909,930,924,922,186,360,546,1476
6910,932,932,934,186,362,548,1480
6911,954,956,958,188,364,552,1506
6912,950,950,946,188,360,548,1498
6913,940,940,938,188,358,546,1486
6914,936,940,940,192,358,550,1486
6915,964,958,960,186,360,546,1510
6916,968,972,974,190,362,552,1520
6917,970,972,970,192,360,552,1522
6918,950,948,950,190,362,552,1502
6919,944,942,944,188,364,552,1496
6920,960,960,960,188,364,552,1512
6921,972,976,976,192,364,556,1528
6922,934,934,930,192,360,552,1486
6923,932,930,930,190,360,550,1482
6924,928,924,924,186,360,546,1474
6925,936,938,940,188,362,550,1486
6926,940,940,940,188,362,550,1490
6927,930,932,930,190,360,550,1480
6928,938,936,934,188,358,546,1484
6929,966,966,970,188,362,550,1516
6930,982,986,988,192,364,556,1538
6931,948,948,944,192,360,552,1500
6932,960,956,958,188,362,550,1510
6933,968,962,962,182,362,544,1512
6934,976,980,982,186,364,550,1526
6935,964,966,964,188,362,550,1514
6936,946,946,944,188,360,548,1494
6937,948,944,944,184,360,544,1492
6938,952,956,960,188,364,552,1504
6939,958,958,954,188,360,548,1506
6940,924,928,928,192,360,552,1476
6941,908,902,898,186,356,542,1450
6942,936,936,942,186,362,548,1484
6943,930,928,930,184,364,548,1478
6944,902,906,900,188,358,546,1448
6945,898,894,894,184,358,542,1440
6946,920,928,930,192,360,552,1472
6947,934,930,930,188,360,548,1482
6948,954,956,956,190,360,550,1504
6949,926,926,924,190,358,548,1474
6950,932,934,934,192,358,550,1482
6951,966,960,964,186,362,548,1514
6952,980,984,986,190,364,554,1534
6953,988,988,984,190,360,550,1538
6954,948,950,950,192,360,552,1500
6955,950,948,950,190,362,552,1502
6956,984,980,980,186,362,548,1532
6957,988,990,992,188,364,552,1540
6958,952,954,950,190,360,550,1502
6959,948,948,946,190,358,548,1496
6960,964,962,964,188,360,548,1512
6961,988,988,988,188,360,548,1536
6962,972,972,974,188,362,550,1522
6963,958,958,956,188,360,548,1506
6964,938,936,938,186,362,548,1486
6965,952,952,952,186,362,548,1500
6966,948,948,948,186,362,548,1496
6967,912,914,910,188,358,546,1458
6968,908,906,908,186,360,546,1454
6969,934,932,932,184,360,544,1478
6970,1038.5,1037,1043,185,350,535,1583.5
6971,985.25,986.5,988.5,184,362,546,1531.75
6972,932,936,934,188,360,548,1480
6973,934,932,934,186,362,548,1482
6974,940,942,942,188,362,550,1490
6975,940,942,942,190,362,552,1492
6976,930,930,926,190,358,548,1478
6977,934,938,940,194,360,554,1488
6978,944,938,938,188,360,548,1492
6979,964,964,968,188,364,552,1516
6980,958,960,960,190,364,554,1512
6981,936,936,930,190,358,548,1484
6982,924,918,920,184,360,544,1468
6983,964,962,966,182,364,546,1510
6984,942,944,944,184,364,548,1490
6985,920,920,914,184,358,542,1462
6986,894,894,898,184,362,546,1440
6987,890,888,886,182,360,542,1432
6988,894,898,898,186,360,546,1440
6989,882,884,882,188,358,546,1428
6990,854,852,850,186,356,542,1396
6991,848,848,848,186,356,542,1390
6992,860,856,856,182,356,538,1398
6993,860,866,866,188,356,544,1404
6994,886,888,890,190,358,548,1434
6995,858,860,858,192,356,548,1406
6996,876,870,870,186,356,542,1418
6997,880,884,884,190,356,546,1426
6998,904,896,898,182,358,540,1444
6999,892,896,898,186,360,546,1438
7000,928,930,930,188,360,548,1476
7001,874,876,870,190,354,544,1418
7002,898,894,898,186,358,544,1442
7003,928,928,930,186,360,546,1474
7004,942,946,946,190,360,550,1492
7005,942,942,938,190,356,546,1488
7006,928,930,932,192,358,550,1478
7007,954,948,950,186,360,546,1500
7008,986,988,986,188,358,546,1532
7009,966,966,970,188,362,550,1516
7010,946,944,942,186,360,546,1492
7011,934,934,932,186,358,544,1478
7012,946,946,946,186,358,544,1490
7013,940,944,948,190,362,552,1492
7014,912,910,906,188,358,546,1458
7015,912,910,910,186,358,544,1456
7016,922,924,922,188,356,544,1466
7017,926,928,934,190,362,552,1478
7018,928,924,922,186,360,546,1474
7019,912,914,912,188,358,546,1458
7020,914,912,910,186,356,542,1456
7021,928,928,932,186,360,546,1474
7022,924,926,924,188,358,546,1470
7023,834,910,908,187,356,545,1454
7024,1004,926,928,186,358,544,1548
7025,964,962,964,184,360,544,1508
7026,934,940,940,190,360,550,1484
7027,930,930,928,190,358,548,1478
7028,930,926,926,186,358,544,1474
7029,962,962,962,186,358,544,1506
7030,956,962,966,192,362,554,1510
7031,934,936,934,194,360,554,1488
7032,946,944,942,192,358,550,1496
7033,970,968,972,190,362,552,1522
7034,970,972,970,192,360,552,1522
7035,940,940,938,192,358,550,1490
7036,926,920,920,186,358,544,1470
7037,936,932,932,182,358,540,1476
7038,950,956,958,188,360,548,1498
7039,938,940,940,190,360,550,1488
7040,932,928,926,186,358,544,1476
7041,924,926,926,188,358,546,1470
7042,934,934,934,188,358,546,1480
7043,954,950,952,184,360,544,1498
7044,942,946,948,188,362,550,1492
7045,922,924,922,190,360,550,1472
7046,912,912,908,190,356,546,1458
7047,936,934,938,188,360,548,1484
7048,940,944,942,192,358,550,1490
7049,942,942,944,192,360,552,1494
7050,956,958,956,194,358,552,1508
7051,994,992,994,192,360,552,1546
7052,1026,1028,1032,194,364,558,1584
7053,1024,1024,1020,194,360,554,1578
7054,972,968,966,190,358,548,1520
7055,976,972,978,186,364,550,1526
7056,976,976,976,186,364,550,1526
7057,968,970,966,188,360,548,1516
7058,942,942,942,188,360,548,1490
7059,938,936,936,186,360,546,1484
7060,954,958,958,190,360,550,1504
7061,966,964,966,188,362,550,1516
7062,946,948,944,190,358,548,1494
7063,956,956,958,190,360,550,1506
7064,976,976,974,190,358,548,1524
7065,998,998,1002,190,362,552,1550
7066,978,980,978,192,360,552,1530
7067,960,958,958,190,360,550,1510
7068,978,976,974,188,358,546,1524
7069,986,986,994,188,366,554,1540
7070,958,960,952,190,358,548,1506
7071,948,946,950,188,362,550,1498
7072,942,942,938,188,358,546,1488
7073,960,960,964,188,362,550,1510
7074,958,958,958,188,362,550,1508
7075,926,928,924,190,358,548,1474
7076,934,928,928,184,358,542,1476
7077,942,944,948,186,362,548,1490
7078,958,960,958,188,360,548,1506
7079,946,952,950,194,358,552,1498
7080,954,948,950,188,360,548,1502
7081,954,952,952,186,360,546,1500
7082,980,982,984,188,362,550,1530
7083,996,1000,998,192,360,552,1548
7084,984,984,984,192,360,552,1536
7085,962,958,960,188,362,550,1512
7086,1010,1008,1012,186,366,552,1562
7087,1006,1010,1008,190,364,554,1560
7088,962,960,956,188,360,548,1510
7089,954,954,956,188,362,550,1504
7090,980,980,980,188,362,550,1530
7091,996,996,998,188,364,552,1548
7092,968,970,966,190,360,550,1518
7093,952,952,954,190,362,552,1504
7094,970,970,970,190,362,552,1522
7095,982,980,978,188,360,548,1530
7096,946,952,952,194,360,554,1500
7097,942,942,942,194,360,554,1496
7098,978,972,974,188,362,550,1528
7099,968,972,972,192,362,554,1522
7100,948,946,944,190,360,550,1498
7101,924,922,922,188,360,548,1472
7102,926,926,924,188,358,546,1472
7103,930,928,934,186,364,550,1480
7104,950,952,952,188,364,552,1502
7105,932,930,924,186,358,544,1476
7106,922,924,926,188,360,548,1470
7107,936,934,934,186,360,546,1482
7108,982,988,990,192,362,554,1536
7109,1008,1010,1012,194,364,558,1566
7110,982,980,978,192,362,554,1536
7111,1002,998,1000,188,364,552,1554
7112,1008,1010,1010,190,364,554,1562
7113,1028,1030,1032,192,366,558,1586
7114,1012,1012,1010,192,364,556,1568
7115,998,994,992,188,362,550,1548
7116,976,976,976,188,362,550,1526
7117,976,976,978,188,364,552,1528
7118,966,966,962,188,360,548,1514
7119,958,956,958,186,362,548,1506
7120,962,964,964,188,362,550,1512
7121,958,958,960,188,364,552,1510
7122,970,970,970,188,364,552,1522
7123,942,942,942,188,364,552,1494
7124,924,922,918,186,360,546,1470
7125,964,968,970,190,362,552,1516
7126,968,968,970,190,364,554,1522
7127,966,966,966,190,364,554,1520
7128,956,956,952,190,360,550,1506
7129,954,952,956,188,364,552,1506
7130,982,982,982,188,364,552,1534
7131,964,966,968,190,366,556,1520
7132,940,940,936,190,362,552,1492
7133,926,922,920,186,360,546,1472
7134,934,936,938,188,362,550,1484
7135,932,932,936,188,366,554,1486
7136,924,922,916,186,360,546,1470
7137,908,908,906,186,358,544,1452
7138,906,906,906,186,358,544,1450
7139,920,922,924,188,360,548,1468
7140,920,922,926,190,364,554,1474
7141,892,888,886,186,362,548,1440
7142,898,898,898,186,362,548,1446
7143,908,910,908,188,360,548,1456
7144,920,918,920,186,362,548,1468
7145,930,938,938,194,362,556,1486
7146,914,912,910,192,360,552,1466
7147,922,918,920,188,362,550,1472
7148,922,920,918,186,360,546,1468
7149,898,900,900,188,360,548,1446
7150,870,868,862,186,354,540,1410
7151,870,868,870,184,356,540,1410
7152,864,864,864,184,356,540,1404
7153,904,900,902,180,358,538,1442
7154,884,888,890,184,360,544,1428
7155,858,862,860,188,358,546,1404
7156,872,874,870,190,354,544,1416
7157,892,888,892,186,358,544,1436
7158,938,936,938,184,360,544,1482
7159,934,938,938,188,360,548,1482
7160,898,900,894,190,354,544,1442
7161,924,922,928,188,360,548,1472
7162,940,940,940,188,360,548,1488
7163,976,974,976,186,362,548,1524
7164,984,986,986,188,362,550,1534
7165,948,948,944,188,358,546,1494
7166,936,936,936,188,358,546,1482
7167,956,958,960,190,360,550,1506
7168,962,958,960,186,362,548,1510
7169,920,926,922,192,358,550,1470
7170,916,908,910,184,360,544,1460
7171,930,930,930,184,360,544,1474
7172,920,922,922,186,360,546,1466
7173,910,914,912,190,358,548,1458
7174,914,910,912,186,360,546,1460
7175,904,904,902,186,358,544,1448
7176,952,954,954,188,358,546,1498
7177,942,944,946,190,360,550,1492
7178,936,936,934,190,358,548,1484
7179,940,940,942,190,360,550,1490
7180,972,968,966,186,358,544,1516
7181,978,982,984,190,360,550,1528
7182,960,960,960,190,360,550,1510
7183,944,946,942,192,356,548,1492
7184,952,946,948,186,358,544,1496
7185,962,968,968,192,358,550,1512
7186,962,956,958,186,360,546,1508
7187,966,970,966,190,356,546,1512
7188,966,960,964,184,360,544,1510
7189,962,964,966,186,362,548,1510
7190,1000,1006,1006,192,362,554,1554
7191,1000,998,998,190,362,552,1552
7192,964,966,964,192,360,552,1516
7193,974,968,968,186,360,546,1520
7194,990,996,998,192,362,554,1544
7195,1006,1004,1006,190,364,554,1560
7196,994,998,996,194,362,556,1550
7197,962,954,952,186,360,546,1508
7198,976,978,982,188,364,552,1528
7199,982,988,984,194,360,554,1536
7200,934,936,936,196,360,556,1490
7201,938,932,932,190,360,550,1488
7202,952,954,956,192,362,554,1506
7203,986,988,990,194,364,558,1544
7204,980,980,978,194,362,556,1536
7205,990,988,990,192,364,556,1546
7206,988,982,982,186,364,550,1538
7207,1040,1042,1044,188,366,554,1594
7208,1004,1006,1008,190,368,558,1562
7209,982,976,972,184,364,548,1530
7210,942,946,942,188,360,548,1490
7211,962,960,966,186,366,552,1514
7212,990,990,990,186,366,552,1542
7213,960,968,964,194,362,556,1516
7214,946,942,942,190,362,552,1498
7215,946,940,940,184,362,546,1492
7216,958,962,964,188,364,552,1510
7217,936,936,932,188,360,548,1484
7218,920,922,920,190,358,548,1468
7219,946,944,948,188,362,550,1496
7220,928,928,930,188,364,552,1480
7221,914,912,910,186,362,548,1462
7222,884,882,880,184,360,544,1428
7223,892,890,890,182,360,542,1434
7224,934,938,942,186,364,550,1484
7225,928,934,932,192,362,554,1482
7226,908,908,906,192,360,552,1460
7227,920,918,920,190,362,552,1472
7228,924,920,918,186,360,546,1470
7229,944,946,946,188,360,548,1492
7230,944,950,952,194,362,556,1500
7231,932,928,924,190,358,548,1480
7232,842,912,912,189,358,549,1460
7233,996,924,928,188,362,550,1546
7234,950,948,948,186,362,548,1498
7235,952,954,954,188,362,550,1502
7236,948,954,952,194,360,554,1502
7237,970,966,968,190,362,552,1522
7238,998,1000,1000,192,362,554,1552
7239,1016,1016,1022,192,368,560,1576
7240,978,980,972,194,360,554,1532
7241,990,986,990,190,364,554,1544
7242,984,982,980,188,362,550,1534
7243,988,988,988,188,362,550,1538
7244,968,968,968,188,362,550,1518
7245,948,950,950,190,362,552,1500
7246,944,938,936,184,360,544,1488
7247,960,960,964,184,364,548,1508
7248,948,950,948,186,362,548,1496
7249,922,926,922,190,358,548,1470
7250,920,922,922,192,358,550,1470
7251,928,920,924,184,362,546,1474
7252,950,952,952,186,362,548,1498
7253,946,946,946,186,362,548,1494
7254,912,914,914,188,362,550,1462
7255,894,892,888,186,358,544,1438
7256,928,926,928,184,360,544,1472
7257,928,930,932,186,362,548,1476
7258,922,926,924,190,360,550,1472
7259,908,908,908,190,360,550,1458
7260,908,904,904,186,360,546,1454
7261,934,938,940,190,362,552,1486
7262,940,940,940,190,362,552,1492
7263,916,918,914,192,358,550,1466
7264,906,904,904,190,358,548,1454
7265,916,912,914,186,360,546,1462
7266,934,942,942,194,360,554,1488
7267,930,926,928,190,362,552,1482
7268,924,924,918,190,356,546,1470
7269,946,944,948,188,360,548,1494
7270,986,988,990,190,362,552,1538
7271,1000,1002,1004,192,364,556,1556
7272,956,954,952,190,362,552,1508
7273,946,944,942,188,360,548,1494
7274,948,942,944,182,362,544,1492
7275,974,980,980,188,362,550,1524
7276,976,980,978,192,360,552,1528
7277,958,956,954,190,358,548,1506
7278,946,944,948,188,362,550,1496
7279,976,974,974,186,362,548,1524
7280,988,988,990,186,364,550,1538
7281,948,950,946,188,360,548,1496
7282,956,952,954,184,362,546,1502
7283,942,942,942,184,362,546,1488
7284,968,970,972,186,364,550,1518
7285,958,958,954,186,360,546,1504
7286,874,956,956,187,360,547,1502
7287,1022,942,942,188,360,548,1570
7288,988,986,992,186,366,552,1540
7289,998,1002,1000,190,364,554,1552
7290,958,958,958,190,364,554,1512
7291,956,956,952,190,360,550,1506
7292,964,960,966,186,366,552,1516
7293,980,980,980,186,366,552,1532
7294,978,980,980,188,366,554,1532
7295,958,960,956,190,362,552,1510
7296,986,984,984,188,362,550,1536
7297,966,966,968,188,364,552,1518
7298,962,960,958,186,362,548,1510
7299,940,940,942,186,364,550,1490
7300,956,956,952,186,360,546,1502
7301,960,960,964,186,364,550,1510
7302,962,964,962,188,362,550,1512
7303,942,946,944,192,360,552,1494
7304,950,946,950,188,364,552,1502
7305,984,986,984,190,362,552,1536
7306,1000,998,1000,188,364,552,1552
7307,956,956,954,188,362,550,1506
7308,970,968,966,186,360,546,1516
7309,972,974,978,188,364,552,1524
7310,976,976,976,188,364,552,1528
7311,946,948,946,190,362,552,1498
7312,950,944,944,184,362,546,1496
7313,952,952,956,184,366,550,1502
7314,950,956,956,190,366,556,1506
7315,930,928,922,188,360,548,1478
7316,918,920,922,190,362,552,1470
7317,916,912,912,186,362,548,1464
7318,940,946,948,192,364,556,1496
7319,946,942,938,188,360,548,1494
7320,926,928,926,190,358,548,1474
7321,934,936,936,192,358,550,1484
7322,962,964,970,194,364,558,1520
7323,998,998,1000,194,366,560,1558
7324,980,978,976,192,364,556,1536
7325,972,972,968,192,360,552,1524
7326,972,970,976,190,366,556,1528
7327,1000,996,998,186,368,554,1554
7328,968,970,964,188,362,550,1518
7329,934,934,934,188,362,550,1484
7330,932,928,930,184,364,548,1480
7331,950,948,948,182,364,546,1496
7332,914,922,924,190,366,556,1470
7333,892,888,882,186,360,546,1438
7334,890,892,890,188,358,546,1436
7335,944,942,948,186,364,550,1494
7336,946,948,946,188,362,550,1496
7337,930,940,936,198,358,556,1486
7338,970,966,970,194,362,556,1526
7339,998,998,998,194,362,556,1554
7340,1020,1016,1022,190,368,558,1578
7341,994,996,990,192,362,554,1548
7342,978,978,980,192,364,556,1534
7343,988,984,986,188,366,554,1542
7344,986,988,988,190,366,556,1542
7345,964,964,960,190,362,552,1516
7346,946,944,946,188,364,552,1498
7347,938,936,932,186,360,546,1484
7348,968,968,972,186,364,550,1518
7349,976,984,984,194,364,558,1534
7350,976,972,970,190,362,552,1528
7351,958,954,954,186,362,548,1506
7352,974,976,976,188,362,550,1524
7353,980,980,980,188,362,550,1530
7354,946,946,946,188,362,550,1496
7355,952,950,952,186,364,550,1502
7356,968,972,970,190,362,552,1520
7357,976,972,974,186,364,550,1526
7358,968,972,972,190,364,554,1522
7359,956,952,952,186,364,550,1506
7360,990,992,994,188,366,554,1544
7361,984,984,984,188,366,554,1538
7362,944,946,944,190,364,554,1498
7363,930,928,924,188,360,548,1478
7364,944,942,944,186,362,548,1492
7365,972,972,976,186,366,552,1524
7366,948,952,952,190,366,556,1504
7367,944,942,940,188,364,552,1496
7368,954,952,952,186,364,550,1504
7369,968,970,970,188,364,552,1520
7370,956,958,960,190,366,556,1512
7371,950,950,946,190,362,552,1502
7372,936,934,936,188,364,552,1488
7373,972,974,976,190,366,556,1528
7374,974,974,976,190,368,558,1532
7375,946,946,942,190,364,554,1500
7376,940,940,938,190,362,552,1492
7377,946,940,940,184,362,546,1492
7378,952,956,958,188,364,552,1504
7379,950,950,948,188,362,550,1500
7380,932,934,932,190,360,550,1482
7381,932,930,930,188,360,548,1480
7382,946,946,948,188,362,550,1496
7383,954,956,958,190,364,554,1508
7384,928,930,926,192,360,552,1480
7385,938,934,934,188,360,548,1486
7386,938,936,938,186,362,548,1486
7387,964,970,972,192,364,556,1520
7388,934,930,928,188,362,550,1484
7389,928,932,930,192,360,552,1480
7390,928,920,924,184,364,548,1476
7391,950,956,956,190,364,554,1504
7392,948,946,946,188,364,552,1500
7393,912,912,908,188,360,548,1460
7394,914,912,912,186,360,546,1460
7395,922,920,924,184,364,548,1470
7396,916,916,916,184,364,548,1464
7397,898,900,896,186,360,546,1444
7398,898,898,896,186,358,544,1442
7399,918,918,922,186,362,548,1466
7400,936,938,940,188,364,552,1488
7401,924,924,920,188,360,548,1472
7402,894,894,896,188,362,550,1444
7403,910,904,902,182,360,542,1452
7404,924,924,926,182,362,544,1468
7405,898,900,900,184,362,546,1444
7406,880,880,876,184,358,542,1422
7407,880,880,884,184,362,546,1426
7408,886,886,882,184,358,542,1428
7409,866,870,868,188,356,544,1410
7410,848,848,850,188,358,546,1394
7411,846,844,842,186,356,542,1388
7412,866,864,868,184,360,544,1410
7413,878,880,880,186,360,546,1424
7414,846,850,844,190,354,544,1390
7415,852,848,846,186,352,538,1390
7416,844,844,848,186,356,542,1386
7417,866,866,866,186,356,542,1408
7418,894,896,898,188,358,546,1440
7419,876,876,874,188,356,544,1420
7420,882,882,884,188,358,546,1428
7421,888,886,884,186,356,542,1430
7422,928,928,930,186,358,544,1472
7423,930,932,932,188,358,546,1476
7424,874,878,878,192,358,550,1424
7425,904,900,898,188,356,544,1448
7426,916,912,916,184,360,544,1460
7427,952,954,956,186,362,548,1500
7428,906,908,902,188,356,544,1450
7429,884,884,884,188,356,544,1428
7430,892,890,892,186,358,544,1436
7431,934,932,934,184,360,544,1478
7432,944,942,942,182,360,542,1486
7433,888,894,892,188,358,546,1434
7434,888,880,878,180,356,536,1424
7435,902,908,908,186,356,542,1444
7436,952,952,954,186,358,544,1496
7437,934,940,938,192,356,548,1482
7438,858,938,938,192,356,549,1486
7439,1022,942,944,192,358,550,1572
7440,964,962,964,190,360,550,1514
7441,974,972,974,188,362,550,1524
7442,954,956,952,190,358,548,1502
7443,938,936,934,188,356,544,1482
7444,936,934,938,186,360,546,1482
7445,942,944,944,188,360,548,1490
7446,946,946,946,188,360,548,1494
7447,920,924,922,192,358,550,1470
7448,924,920,920,188,358,546,1470
7449,920,916,916,184,358,542,1462
7450,944,946,948,186,360,546,1490
7451,944,946,946,188,360,548,1492
7452,916,918,916,190,358,548,1464
7453,922,918,916,186,356,542,1464
7454,932,934,936,188,358,546,1478
7455,954,952,954,186,360,546,1500
7456,938,944,942,192,358,550,1488
7457,922,920,918,190,356,546,1468
7458,928,926,928,188,358,546,1474
7459,934,932,936,186,362,548,1482
7460,944,948,946,190,360,550,1494
7461,948,944,944,186,360,546,1494
7462,910,914,912,190,358,548,1458
7463,912,908,908,186,358,544,1456
7464,944,944,946,186,360,546,1490
7465,944,944,946,186,362,548,1492
7466,912,918,914,192,358,550,1462
7467,938,932,930,186,356,542,1480
7468,918,918,920,186,358,544,1462
7469,916,918,918,188,358,546,1462
7470,904,906,902,190,354,544,1448
7471,924,922,922,188,354,542,1466
7472,922,918,922,184,358,542,1464
7473,942,946,948,188,360,548,1490
7474,974,976,980,190,364,554,1528
7475,936,938,932,192,358,550,1486
7476,940,938,938,190,358,548,1488
7477,950,942,946,182,362,544,1494
7478,930,932,930,184,360,544,1474
7479,912,912,912,184,360,544,1456
7480,868,868,864,184,356,540,1408
7481,878,878,878,184,356,540,1418
7482,902,902,908,184,362,546,1448
7483,932,940,936,192,358,550,1482
7484,964,966,966,194,358,552,1516
7485,1004,1006,1006,196,358,554,1558
7486,946,940,940,190,358,548,1494
7487,996,996,1000,190,362,552,1548
7488,994,996,998,192,364,556,1550
7489,962,958,954,188,360,548,1510
7490,936,936,934,188,358,546,1482
7491,954,952,956,186,362,548,1502
7492,948,948,946,186,360,546,1494
7493,918,920,920,188,360,548,1466
7494,914,914,912,188,358,546,1460
7495,922,916,918,182,360,542,1464
7496,922,928,928,188,360,548,1470
7497,924,922,922,186,360,546,1470
7498,906,910,906,190,356,546,1452
7499,908,906,906,188,356,544,1452
7500,922,920,922,186,358,544,1466
7501,924,926,930,188,362,550,1474
7502,920,924,918,192,356,548,1468
7503,908,902,904,186,358,544,1452
7504,890,890,888,186,356,542,1432
7505,932,932,934,186,358,544,1476
7506,898,898,898,186,358,544,1442
7507,878,878,876,186,356,542,1420
7508,870,868,870,184,358,542,1412
7509,882,882,880,184,356,540,1422
7510,904,906,908,186,358,544,1448
7511,906,906,904,186,356,542,1448
7512,868,870,872,188,358,546,1414
7513,916,914,912,186,356,542,1458
7514,918,916,918,184,358,542,1460
7515,938,942,942,188,358,546,1484
7516,932,940,936,196,354,550,1482
7517,920,912,914,188,356,544,1464
7518,924,922,924,186,358,544,1468
7519,976,978,982,188,362,550,1526
7520,974,974,976,188,364,552,1526
7521,938,942,934,192,356,548,1486
7522,946,942,942,188,356,544,1490
7523,954,954,958,188,360,548,1502
7524,968,966,968,186,362,548,1516
7525,940,942,938,188,358,546,1486
7526,938,936,940,186,362,548,1486
7527,932,932,930,186,360,546,1478
7528,960,960,962,186,362,548,1508
7529,954,956,952,188,358,546,1500
7530,940,944,944,192,358,550,1490
7531,940,932,934,184,360,544,1484
7532,964,970,972,190,362,552,1516
7533,968,970,968,192,360,552,1520
7534,940,936,934,188,358,546,1486
7535,936,932,932,184,358,542,1478
7536,912,914,912,186,356,542,1454
7537,942,944,950,188,362,550,1492
7538,958,964,962,194,360,554,1512
7539,940,938,934,192,356,548,1488
7540,948,942,944,186,358,544,1492
7541,944,944,948,186,362,548,1492
7542,986,990,988,190,360,550,1536
7543,994,994,998,190,364,554,1548
7544,950,948,944,188,360,548,1498
7545,936,934,932,186,358,544,1480
7546,958,960,962,188,360,548,1506
7547,960,962,966,190,364,554,1514
7548,938,938,936,190,362,552,1490
7549,936,934,932,188,360,548,1484
7550,930,930,928,188,358,546,1476
7551,968,964,970,184,364,548,1516
7552,960,964,962,188,362,550,1510
7553,934,938,936,192,360,552,1486
7554,934,932,930,190,358,548,1482
7555,960,956,960,186,362,548,1508
7556,968,974,974,192,362,554,1522
7557,942,942,942,192,362,554,1496
7558,932,932,928,192,358,550,1482
7559,936,934,936,190,360,550,1486
7560,946,942,944,186,362,548,1494
7561,942,944,940,188,358,546,1488
7562,934,938,942,192,362,554,1488
7563,934,930,928,188,360,548,1482
7564,952,954,954,190,360,550,1502
7565,980,978,980,188,362,550,1530
7566,964,966,966,190,362,552,1516
7567,934,944,942,190,360,560,1494
7568,962,952,954,190,362,552,1514
7569,996,994,996,188,364,552,1548
7570,990,992,994,190,366,556,1546
7571,956,956,950,190,360,550,1506
7572,944,940,940,186,360,546,1490
7573,964,964,968,186,364,550,1514
7574,956,958,958,188,364,552,1508
7575,932,932,930,188,362,550,1482
7576,934,938,936,192,360,552,1486
7577,938,932,934,186,362,548,1486
7578,952,952,952,186,362,548,1500
7579,948,952,952,190,362,552,1500
7580,922,918,918,186,362,548,1470
7581,930,928,928,184,362,546,1476
7582,942,942,944,184,364,548,1490
7583,946,950,950,188,364,552,1498
7584,936,938,934,190,360,550,1486
7585,922,920,918,188,358,546,1468
7586,930,928,930,186,360,546,1476
7587,934,940,942,192,362,554,1488
7588,968,964,964,188,362,550,1518
7589,920,924,922,192,360,552,1472
7590,948,940,944,184,364,548,1496
7591,964,968,968,188,364,552,1516
7592,974,974,976,188,366,554,1528
7593,948,948,946,188,364,552,1500
7594,946,946,944,188,362,550,1496
7595,966,962,962,184,362,546,1512
7596,1000,1000,1006,184,368,552,1552
7597,974,976,968,186,360,546,1520
7598,950,952,954,188,362,550,1500
7599,942,942,940,188,360,548,1490
7600,960,958,960,186,362,548,1508
7601,960,962,966,188,366,554,1514
7602,944,946,942,190,362,552,1496
7603,938,932,934,184,364,548,1486
7604,964,968,970,188,366,554,1518
7605,970,966,966,184,366,550,1520
7606,930,934,930,188,362,550,1480
7607,930,930,928,188,360,548,1478
7608,942,938,942,184,364,548,1490
7609,954,958,960,188,366,554,1508
7610,954,956,950,190,360,550,1504
7611,952,952,954,190,362,552,1504
7612,938,940,940,192,362,554,1492
7613,974,974,978,192,366,558,1532
7614,994,990,990,188,366,554,1548
7615,962,964,960,190,362,552,1514
7616,946,942,940,186,360,546,1492
7617,956,958,960,188,362,550,1506
7618,966,966,968,188,364,552,1518
7619,968,970,968,190,362,552,1520
7620,940,940,940,190,362,552,1492
7621,950,944,946,184,364,548,1498
7622,978,982,984,188,366,554,1532
7623,968,970,968,190,364,554,1522
7624,954,954,952,190,362,552,1506
7625,956,952,952,186,362,548,1504
7626,982,984,988,188,366,554,1536
7627,994,992,992,186,366,552,1546
7628,952,956,954,190,364,554,1506
7629,932,932,930,190,362,552,1484
7630,940,936,936,186,362,548,1488
7631,942,944,948,188,366,554,1496
7632,934,936,932,190,362,552,1486
7633,922,922,920,190,360,550,1472
7634,924,924,924,190,360,550,1474
7635,946,946,952,190,366,556,1502
7636,960,960,960,190,366,556,1516
7637,938,936,932,188,362,550,1488
7638,930,932,932,190,362,552,1482
7639,934,928,930,184,364,548,1482
7640,964,968,968,188,364,552,1516
7641,960,960,960,188,364,552,1512
7642,934,934,932,188,362,550,1484
7643,920,918,918,186,362,548,1468
7644,936,934,934,184,362,546,1482
7645,960,966,968,190,364,554,1514
7646,984,982,982,188,364,552,1536
7647,956,958,954,190,360,550,1506
7648,956,954,958,188,364,552,1508
7649,950,946,944,184,362,546,1496
7650,922,926,926,188,362,550,1472
7651,918,916,916,186,362,548,1466
7652,950,950,952,186,364,550,1500
7653,968,970,970,188,364,552,1520
7654,924,928,926,192,362,554,1478
7655,942,940,940,190,362,552,1494
7656,978,974,976,186,364,550,1528
7657,974,976,980,188,368,556,1530
7658,936,936,928,188,360,548,1484
7659,924,922,920,186,358,544,1468
7660,918,916,920,184,362,546,1464
7661,950,952,954,186,364,550,1500
7662,954,956,956,188,364,552,1506
7663,916,916,914,188,362,550,1466
7664,920,918,916,186,360,546,1466
7665,926,924,924,184,360,544,1470
7666,940,940,942,184,362,546,1486
7667,904,910,908,190,360,550,1454
7668,914,914,912,190,358,548,1462
7669,936,932,936,186,362,548,1484
7670,956,958,962,188,366,554,1510
7671,958,958,954,188,362,550,1508
7672,914,916,916,190,362,552,1466
7673,918,914,912,186,360,546,1464
7674,924,924,926,186,362,548,1472
7675,930,928,930,184,364,548,1478
7676,910,916,912,190,360,550,1460
7677,902,902,902,190,360,550,1452
7678,910,906,908,186,362,548,1458
7679,938,938,938,186,362,548,1486
7680,942,944,944,188,362,550,1492
7681,924,924,920,188,358,546,1470
7682,922,924,926,190,360,550,1472
7683,952,950,952,188,362,550,1502
7684,964,962,964,186,364,550,1514
7685,928,928,924,186,360,546,1474
7686,936,936,938,186,362,548,1484
7687,952,948,950,182,364,546,1498
7688,930,938,938,190,364,554,1484
7689,936,934,932,188,362,550,1486
7690,910,910,910,188,362,550,1460
7691,912,908,904,184,358,542,1454
7692,940,944,950,188,364,552,1492
7693,958,956,954,186,362,548,1506
7694,914,918,916,190,360,550,1464
7695,932,928,928,186,360,546,1478
7696,914,914,918,186,364,550,1464
7697,942,940,940,184,364,548,1490
7698,950,954,952,188,362,550,1500
7699,932,930,926,186,358,544,1476
7700,938,940,942,188,360,548,1486
7701,956,954,956,186,362,548,1504
7702,974,976,980,188,366,554,1528
7703,974,972,968,186,362,548,1522
7704,934,936,934,188,360,548,1482
7705,928,928,930,188,362,550,1478
7706,948,944,944,184,362,546,1494
7707,944,948,948,188,362,550,1494
7708,928,930,928,190,360,550,1478
7709,916,916,914,190,358,548,1464
7710,924,920,924,186,362,548,1472
7711,946,946,946,186,362,548,1494
7712,974,978,984,190,368,558,1532
7713,942,942,936,190,362,552,1494
7714,948,950,948,192,360,552,1500
7715,938,932,934,186,362,548,1486
7716,970,970,974,186,366,552,1522
7717,980,980,978,186,364,550,1530
7718,946,948,944,188,360,548,1494
7719,932,930,932,186,362,548,1480
7720,942,942,942,186,362,548,1490
7721,978,978,982,186,366,552,1530
7722,948,950,946,188,362,550,1498
7723,948,950,948,190,360,550,1498
7724,952,952,954,190,362,552,1504
7725,974,976,980,192,366,558,1532
7726,992,988,984,188,362,550,1542
7727,948,950,950,190,362,552,1500
7728,942,940,938,188,360,548,1490
7729,966,962,966,184,364,548,1514
7730,960,964,964,188,364,552,1512
7731,938,940,936,190,360,550,1488
7732,946,944,944,188,360,548,1494
7733,924,922,924,186,362,548,1472
7734,960,962,966,188,366,554,1514
7735,980,980,980,188,366,554,1534
7736,936,936,930,188,360,548,1484
7737,930,934,936,192,362,554,1484
7738,926,922,922,188,362,550,1476
7739,952,952,954,188,364,552,1504
7740,948,948,950,188,366,554,1502
7741,930,932,930,190,364,554,1484
7742,922,920,916,188,360,548,1470
7743,922,922,924,188,362,550,1472
7744,946,944,950,186,368,554,1500
7745,944,944,938,186,362,548,1492
7746,896,896,898,186,364,550,1446
7747,898,896,892,184,360,544,1442
7748,928,924,926,180,362,542,1470
7749,910,918,918,188,362,550,1460
7750,900,902,900,190,360,550,1450
7751,926,926,924,190,358,548,1474
7752,908,904,906,186,360,546,1454
7753,944,946,950,188,364,552,1496
7754,958,956,958,186,366,552,1510
7755,986,992,986,192,360,552,1538
7756,930,926,928,188,362,550,1480
7757,926,922,922,184,362,546,1472
7758,926,926,926,184,362,546,1472
7759,926,930,932,188,364,552,1478
7760,908,906,902,186,360,546,1454
7761,908,910,908,188,358,546,1454
7762,900,900,904,188,362,550,1450
7763,944,944,944,188,362,550,1494
7764,944,946,946,190,362,552,1496
7765,938,942,938,194,358,552,1490
7766,958,956,960,192,362,554,1512
7767,938,932,930,186,360,546,1484
7768,956,958,960,188,362,550,1506
7769,976,978,978,190,362,552,1528
7770,946,946,944,190,360,550,1496
7771,944,942,944,188,362,550,1494
7772,944,936,936,180,362,542,1486
7773,944,950,952,186,364,550,1494
7774,922,928,922,192,358,550,1472
7775,916,912,914,188,360,548,1464
7776,922,922,922,188,360,548,1470
7777,940,942,942,190,360,550,1490
7778,934,932,936,188,364,552,1486
7779,918,916,912,186,360,546,1464
7780,904,904,902,186,358,544,1448
7781,922,922,924,186,360,546,1468
7782,926,928,930,188,362,550,1476
7783,930,930,930,188,362,550,1480
7784,916,916,916,188,362,550,1466
7785,904,906,906,190,362,552,1456
7786,920,916,912,186,358,544,1464
7787,960,962,966,188,362,550,1510
7788,990,990,990,188,362,550,1540
7789,936,944,942,196,360,556,1492
7790,956,946,948,186,362,548,1504
7791,980,984,984,190,362,552,1532
7792,986,984,982,188,360,548,1534
7793,948,946,944,186,358,544,1492
7794,928,928,930,186,360,546,1474
7795,944,944,948,186,364,550,1494
7796,928,932,930,190,362,552,1480
7797,904,902,898,188,358,546,1450
7798,886,880,882,182,360,542,1428
7799,900,900,900,182,360,542,1442
7800,916,922,924,188,362,550,1466
7801,908,904,902,184,360,544,1452
7802,874,872,872,182,360,542,1416
7803,900,902,900,184,358,542,1442
7804,896,900,900,188,358,546,1442
7805,920,918,922,186,362,548,1468
7806,866,868,864,188,358,546,1412
7807,892,888,890,184,360,544,1436
7808,868,868,864,184,356,540,1408
7809,918,920,924,186,360,546,1464
7810,922,926,926,190,360,550,1472
7811,926,926,924,190,358,548,1474
7812,940,940,944,190,362,552,1492
7813,920,918,914,188,358,546,1466
7814,938,934,936,184,360,544,1482
7815,972,978,980,190,362,552,1524
7816,948,946,946,188,362,550,1498
7817,964,966,966,190,362,552,1516
7818,938,936,934,188,360,548,1486
7819,990,990,990,188,360,548,1538
7820,1008,1008,1012,188,364,552,1560
7821,968,966,962,186,360,546,1514
7822,946,946,950,186,364,550,1496
7823,964,960,958,182,362,544,1508
7824,954,956,956,184,362,546,1500
7825,928,934,934,190,362,552,1480
7826,934,934,930,190,358,548,1482
7827,954,946,952,182,364,546,1500
7828,934,940,938,188,362,550,1484
7829,930,932,930,190,360,550,1480
7830,896,892,890,186,358,544,1440
7831,928,930,932,188,360,548,1476
7832,946,950,952,192,362,554,1500
7833,1008,1008,1012,192,366,558,1566
7834,962,964,960,194,362,556,1518
7835,974,968,966,188,360,548,1522
7836,996,996,1002,188,366,554,1550
7837,1002,1000,1000,186,366,552,1554
7838,968,972,968,190,362,552,1520
7839,958,954,952,186,360,546,1504
7840,952,948,952,182,364,546,1498
7841,956,964,964,190,364,554,1510
7842,960,956,954,186,362,548,1508
7843,918,918,918,186,362,548,1466
7844,906,906,902,186,358,544,1450
7845,930,930,934,186,362,548,1478
7846,936,932,932,182,362,544,1480
7847,920,926,928,188,364,552,1472
7848,914,916,916,190,364,554,1468
7849,914,912,908,188,360,548,1462
7850,958,958,960,188,362,550,1508
7851,966,970,972,192,364,556,1522
7852,956,956,952,192,360,552,1508
7853,932,932,930,192,358,550,1482
7854,970,962,968,184,364,548,1518
7855,950,958,960,192,366,558,1508
7856,960,958,954,190,362,552,1512
7857,922,918,918,186,362,548,1470
7858,920,922,922,188,362,550,1470
7859,958,958,956,188,360,548,1506
7860,984,990,994,194,364,558,1542
7861,962,958,956,190,362,552,1514
7862,956,960,960,194,362,556,1512
7863,976,974,978,192,366,558,1534
7864,986,980,978,186,364,550,1536
7865,956,960,958,190,362,552,1508
7866,946,946,944,190,360,550,1496
7867,944,942,944,188,362,550,1494
7868,944,936,938,180,364,544,1488
7869,912,920,916,188,360,548,1460
7870,896,896,898,188,362,550,1446
7871,894,890,890,184,362,546,1440
7872,932,932,932,184,362,546,1478
7873,932,936,938,188,364,552,1484
7874,934,936,932,190,360,550,1484
7875,934,934,934,190,360,550,1484
7876,944,944,944,190,360,550,1494
7877,1000,1000,1006,190,366,556,1556
7878,1002,1002,1000,190,364,554,1556
7879,978,978,976,190,362,552,1530
7880,986,982,984,186,364,550,1536
7881,1002,1000,1002,184,366,550,1552
7882,966,970,968,188,364,552,1518
7883,932,932,932,188,364,552,1484
7884,912,914,910,190,360,550,1462
7885,924,920,920,186,360,546,1470
7886,942,946,948,190,362,552,1494
7887,958,954,954,186,362,548,1506
7888,936,942,940,192,360,552,1488
7889,932,930,932,190,362,552,1484
7890,966,964,964,188,362,550,1516
7891,992,992,996,188,366,554,1546
7892,954,954,954,188,366,554,1508
7893,932,932,926,188,360,548,1480
7894,926,922,926,184,364,548,1474
7895,938,938,936,184,362,546,1484
7896,944,944,946,184,364,548,1492
7897,906,910,906,188,360,548,1454
7898,896,894,894,186,360,546,1442
7899,910,910,912,186,362,548,1458
7900,920,924,924,190,362,552,1472
7901,922,924,922,192,360,552,1474
7902,902,896,896,186,360,546,1448
7903,882,880,878,184,358,542,1424
7904,940,936,940,180,362,542,1482
7905,912,916,918,184,364,548,1460
7906,904,912,908,192,360,552,1456
7907,910,904,902,186,358,544,1454
7908,908,904,906,182,360,542,1450
7909,940,948,950,190,362,552,1492
7910,936,936,936,190,362,552,1488
7911,928,926,926,188,362,550,1478
7912,926,928,928,190,362,552,1478
7913,942,938,938,186,362,548,1490
7914,972,972,974,186,364,550,1522
7915,960,960,960,186,364,550,1510
7916,922,922,918,186,360,546,1468
7917,918,916,914,184,358,542,1460
7918,924,924,932,184,366,550,1474
7919,944,944,942,184,364,548,1492
7920,944,948,944,188,360,548,1492
7921,922,924,924,190,360,550,1472
7922,926,926,928,190,362,552,1478
7923,944,942,940,188,360,548,1492
7924,972,974,976,190,362,552,1524
7925,978,974,974,186,362,548,1526
7926,940,942,942,188,362,550,1490
7927,928,928,928,188,362,550,1478
7928,950,946,946,184,362,546,1496
7929,960,962,962,186,362,548,1508
7930,938,940,940,188,362,550,1488
7931,930,930,926,188,358,546,1476
7932,940,940,946,188,364,552,1492
7933,950,952,952,190,364,554,1504
7934,944,942,940,188,362,550,1494
7935,940,940,942,188,364,552,1492
7936,938,938,934,188,360,548,1486
7937,966,964,968,186,364,550,1516
7938,988,988,990,186,366,552,1540
7939,970,974,970,190,362,552,1522
7940,952,950,950,188,362,550,1502
7941,950,948,948,186,362,548,1498
7942,990,994,996,190,364,554,1544
7943,1016,1012,1014,186,366,552,1568
7944,944,946,942,188,362,550,1494
7945,948,946,946,186,362,548,1496
7946,952,950,950,184,362,546,1498
7947,950,950,954,184,366,550,1500
7948,950,952,948,186,362,548,1498
7949,914,916,914,188,360,548,1462
7950,916,910,910,182,360,542,1458
7951,928,932,934,186,362,548,1476
7952,936,936,942,186,368,554,1490
7953,838,912,904,186,360,550,1458
7954,986,912,912,186,360,546,1532
7955,926,924,926,184,362,546,1472
7956,944,950,952,190,364,554,1498
7957,948,944,944,186,364,550,1498
7958,920,920,918,186,362,548,1468
7959,902,904,900,188,358,546,1448
7960,918,912,914,182,360,542,1460
7961,912,918,922,188,364,552,1464
7962,906,906,900,188,358,546,1452
7963,898,896,898,186,360,546,1444
7964,922,918,918,182,360,542,1464
7965,944,946,950,184,364,548,1492
7966,944,946,946,186,364,550,1494
7967,912,914,912,188,362,550,1462
7968,922,922,920,188,360,548,1470
7969,934,934,934,188,360,548,1482
7970,944,944,948,188,364,552,1496
7971,944,944,940,188,360,548,1492
7972,930,930,932,188,362,550,1480
7973,928,928,926,188,360,548,1476
7974,938,932,934,182,362,544,1482
7975,938,944,944,188,362,550,1488
7976,938,940,940,190,362,552,1490
7977,906,904,900,188,358,546,1452
7978,910,912,914,190,360,550,1460
7979,932,926,928,184,362,546,1478
7980,928,938,938,194,362,556,1484
7981,950,944,944,188,362,550,1500
7982,926,930,928,192,360,552,1478
7983,928,924,924,188,360,548,1476
7984,938,936,938,186,362,548,1486
7985,940,944,946,190,364,554,1494
7986,932,930,926,188,360,548,1480
7987,924,924,926,188,362,550,1474
7988,928,926,928,186,364,550,1478
7989,938,940,942,188,366,554,1492
7990,922,926,918,192,358,550,1472
7991,926,924,924,190,358,548,1474
7992,914,908,910,184,360,544,1458
7993,942,944,944,186,360,546,1488
7994,930,932,934,188,362,550,1480
7995,912,910,908,186,360,546,1458
7996,888,884,884,182,360,542,1430
7997,880,882,882,184,360,544,1424
7998,910,912,916,186,364,550,1460
7999,898,896,890,184,358,542,1440
8000,862,864,862,186,356,542,1404
8001,870,870,870,186,356,542,1412
8002,870,870,872,186,358,544,1414
8003,912,908,910,182,360,542,1454
8004,894,898,898,186,360,546,1440
8005,866,866,862,186,356,542,1408
8006,882,882,884,186,358,544,1426
8007,914,912,912,184,358,542,1456
8008,910,912,914,186,360,546,1456
8009,902,902,902,186,360,546,1448
8010,874,876,872,188,356,544,1418
8011,874,872,872,186,356,542,1416
8012,890,886,886,182,356,538,1428
8013,926,930,936,186,362,548,1474
8014,910,912,912,188,362,550,1460
8015,898,900,898,190,360,550,1448
8016,904,902,900,188,358,546,1450
8017,960,958,962,186,362,548,1508
8018,944,948,948,190,362,552,1496
8019,950,950,948,190,360,550,1500
8020,928,926,924,188,358,546,1474
8021,928,924,926,184,360,544,1472
8022,948,946,948,182,362,544,1492
8023,952,960,960,190,362,552,1504
8024,944,944,944,190,362,552,1496
8025,930,926,924,186,360,546,1476
8026,920,922,922,188,360,548,1468
8027,954,952,952,186,360,546,1500
8028,954,958,958,190,360,550,1504
8029,936,938,936,192,358,550,1486
8030,930,928,928,190,358,548,1478
8031,934,932,934,188,360,548,1482
8032,964,964,968,188,364,552,1516
8033,968,966,968,186,366,552,1520
8034,934,938,932,190,360,550,1484
8035,946,942,942,186,360,546,1492
8036,964,968,970,190,362,552,1516
8037,964,964,966,190,364,554,1518
8038,958,956,954,188,362,550,1508
8039,932,934,934,190,362,552,1484
8040,936,932,930,186,360,546,1482
8041,938,936,936,184,360,544,1482
8042,958,962,964,188,362,550,1508
8043,960,960,960,188,362,550,1510
8044,932,934,932,190,360,550,1482
8045,936,930,930,184,360,544,1480
8046,956,960,962,188,362,550,1506
8047,986,986,986,188,362,550,1536
8048,944,946,944,190,360,550,1494
8049,928,924,924,186,360,546,1474
8050,936,936,938,186,362,548,1484
8051,942,942,944,186,364,550,1492
8052,944,948,946,190,362,552,1496
8053,942,938,934,186,358,544,1486
8054,914,914,916,186,360,546,1460
8055,936,932,934,182,362,544,1480
8056,928,932,932,186,362,548,1476
8057,924,926,924,188,360,548,1472
8058,920,920,918,188,358,546,1466
8059,928,924,928,184,362,546,1474
8060,912,918,914,190,358,548,1460
8061,926,926,928,190,360,550,1476
8062,914,906,906,182,360,542,1456
8063,902,908,910,188,362,550,1452
8064,912,910,910,186,362,548,1460
8065,944,948,948,190,362,552,1496
8066,956,954,952,188,360,548,1504
8067,926,930,928,192,358,550,1476
8068,946,940,940,186,358,544,1490
8069,960,962,966,188,362,550,1510
8070,978,980,980,190,362,552,1530
8071,952,950,950,188,362,550,1502
8072,924,924,920,188,358,546,1470
8073,920,914,916,182,360,542,1462
8074,940,944,948,186,364,550,1490
8075,942,940,940,184,364,548,1490
8076,926,932,926,190,358,548,1474
8077,936,930,934,184,362,546,1482
8078,932,934,934,186,362,548,1480
8079,972,976,980,190,366,556,1528
8080,994,994,990,190,362,552,1546
8081,874,946,944,187,360,548,1496
8082,1010,932,932,184,360,544,1554
8083,962,962,966,184,364,548,1510
8084,966,970,968,188,362,550,1516
8085,940,942,942,190,362,552,1492
8086,974,972,974,188,364,552,1526
8087,956,954,954,186,364,550,1506
8088,956,956,956,186,364,550,1506
8089,926,924,920,184,360,544,1470
8090,920,924,926,188,362,550,1470
8091,960,962,962,190,362,552,1512
8092,968,970,970,192,362,554,1522
8093,944,944,946,192,364,556,1500
8094,948,944,942,188,362,550,1498
8095,986,984,986,186,364,550,1536
8096,990,990,990,186,364,550,1540
8097,954,958,954,190,360,550,1504
8098,962,958,960,186,362,548,1510
8099,980,984,984,190,362,552,1532
8100,986,982,982,186,362,548,1534
8101,958,960,960,188,362,550,1508
8102,944,940,940,184,362,546,1490
8103,956,958,960,186,364,550,1506
8104,964,964,964,186,364,550,1514
8105,922,928,924,192,360,552,1474
8106,934,932,932,190,360,550,1484
8107,928,924,928,186,364,550,1478
8108,966,964,964,184,364,548,1514
8109,956,962,960,190,362,552,1508
8110,950,952,950,192,360,552,1502
8111,922,916,918,186,362,548,1470
8112,936,932,930,182,360,542,1478
8113,950,954,960,186,366,552,1502
8114,946,952,946,192,360,552,1498
8115,932,928,928,188,360,548,1480
8116,932,932,934,188,362,550,1482
8117,964,962,966,186,366,552,1516
8118,978,978,978,186,366,552,1530
8119,946,946,942,186,362,548,1494
8120,920,922,922,188,362,550,1470
8121,910,904,904,182,362,544,1454
8122,922,922,922,182,362,544,1466
8123,916,920,920,186,362,548,1464
8124,896,898,894,188,358,546,1442
8125,882,876,874,182,356,538,1420
8126,908,908,910,182,358,540,1448
8127,934,938,942,186,362,548,1482
8128,934,936,934,188,360,548,1482
8129,932,934,934,190,360,550,1482
8130,944,942,946,188,364,552,1496
8131,1000,998,1002,186,368,554,1554
8132,978,980,976,188,364,552,1530
8133,972,972,972,188,364,552,1524
8134,966,964,962,186,362,548,1514
8135,942,940,942,184,364,548,1490
8136,978,972,974,178,366,544,1522
8137,950,960,960,188,366,554,1504
8138,948,948,946,188,364,552,1500
8139,930,930,928,188,362,550,1480
8140,936,934,934,186,362,548,1484
8141,948,948,950,186,364,550,1498
8142,962,962,962,186,364,550,1512
8143,922,924,922,188,362,550,1472
8144,914,914,910,188,358,546,1460
8145,932,930,936,186,364,550,1482
8146,956,954,956,184,366,550,1506
8147,918,920,916,186,362,548,1466
8148,896,894,894,184,362,546,1442
8149,888,886,886,182,362,544,1432
8150,910,914,914,186,362,548,1458
8151,900,902,902,188,362,550,1450
8152,888,888,888,188,362,550,1438
8153,908,904,902,184,360,544,1452
8154,888,886,886,182,360,542,1430
8155,912,912,914,182,362,544,1456
8156,924,930,930,188,362,550,1474
8157,882,882,876,188,356,544,1426
8158,898,896,900,186,360,546,1444
8159,912,908,908,182,360,542,1454
8160,940,946,950,188,364,552,1492
8161,926,924,922,186,362,548,1474
8162,900,902,898,188,358,546,1446
8163,882,878,878,184,358,542,1424
8164,904,900,902,180,360,540,1444
8165,920,922,924,182,362,544,1464
8166,882,888,884,188,358,546,1428
8167,906,904,906,186,360,546,1452
8168,918,918,918,186,360,546,1464
8169,946,948,950,188,362,550,1496
8170,966,962,964,184,364,548,1514
8171,940,946,942,190,360,550,1490
8172,934,930,928,186,358,544,1478
8173,946,948,950,188,360,548,1494
8174,946,940,944,182,364,546,1492
8175,932,940,936,190,360,550,1482
8176,922,918,920,186,362,548,1470
8177,922,920,920,184,362,546,1468
8178,938,940,942,186,364,550,1488
8179,948,944,942,182,362,544,1492
8180,912,918,918,188,362,550,1462
8181,914,912,910,186,360,546,1460
8182,932,926,928,180,362,542,1474
8183,930,938,938,188,362,550,1480
8184,930,930,928,188,360,548,1478
8185,914,914,910,188,356,544,1458
8186,928,924,930,184,362,546,1474
8187,942,944,944,186,362,548,1490
8188,940,942,942,188,362,550,1490
8189,926,926,926,188,362,550,1476
8190,922,922,922,188,362,550,1472
8191,950,948,950,186,364,550,1500
8192,972,974,976,188,366,554,1526
8193,964,966,962,190,362,552,1516
8194,948,946,946,188,362,550,1498
8195,944,944,944,188,362,550,1494
8196,960,956,958,184,364,548,1508
8197,938,938,936,184,362,546,1484
8198,904,908,906,188,360,548,1452
8199,912,912,910,188,358,546,1458
8200,920,916,918,184,360,544,1464
8201,918,922,926,188,364,552,1470
8202,928,928,922,188,358,546,1474
8203,920,920,922,188,360,548,1468
8204,932,930,932,186,362,548,1480
8205,934,934,932,186,360,546,1480
8206,982,984,988,188,364,552,1534
8207,984,984,982,188,362,550,1534
8208,946,950,946,192,358,550,1496
8209,978,974,978,188,362,550,1528
8210,996,996,1000,188,366,554,1550
8211,984,982,980,186,364,550,1534
8212,978,978,978,186,364,550,1528
8213,952,950,950,184,364,548,1500
8214,946,948,946,186,362,548,1494
8215,912,916,914,190,360,550,1462
8216,940,934,934,184,360,544,1484
8217,910,910,912,184,362,546,1456
8218,916,918,918,186,362,548,1464
8219,944,944,948,186,366,552,1496
8220,908,914,910,192,362,554,1462
8221,930,926,924,188,360,548,1478
8222,912,910,910,186,360,546,1458
8223,944,948,952,190,364,554,1498
8224,972,972,970,190,362,552,1524
8225,936,942,942,196,362,558,1494
8226,952,944,944,188,362,550,1502
8227,958,960,960,190,362,552,1510
8228,968,970,972,192,364,556,1524
8229,970,970,968,192,362,554,1524
8230,942,940,940,190,362,552,1494
8231,934,930,928,186,360,546,1480
8232,956,956,958,186,362,548,1504
8233,954,956,960,188,366,554,1508
8234,940,942,940,190,364,554,1494
8235,960,964,966,194,366,560,1520
8236,944,940,936,190,362,552,1496
8237,950,950,950,190,362,552,1502
8238,948,946,946,188,362,550,1498
8239,916,920,918,192,360,552,1468
8240,922,922,924,192,362,554,1476
8241,924,922,922,190,362,552,1476
8242,924,922,922,188,362,550,1474
8243,946,950,952,192,364,556,1502
8244,938,940,940,194,364,558,1496
8245,942,936,932,188,360,548,1490
8246,936,932,934,184,362,546,1482
8247,982,988,990,190,364,554,1536
8248,970,966,968,186,366,552,1522
8249,936,936,932,186,362,548,1484
8250,922,922,920,186,360,546,1468
8251,930,932,934,188,362,550,1480
8252,930,926,926,184,362,546,1476
8253,914,920,922,190,364,554,1468
8254,918,914,910,186,360,546,1464
8255,884,884,886,186,362,548,1432
8256,880,882,880,188,360,548,1428
8257,862,854,850,180,356,536,1398
8258,838,840,842,182,358,540,1378
8259,848,852,852,180,358,538,1389
8260,858,864,862,186,356,542,1400
8261,844,846,844,188,354,542,1386
8262,860,862,864,190,356,546,1406
8263,928,918,918,180,356,536,1464
8264,868,872,872,184,356,540,1408
8265,922,918,922,180,360,540,1462
8266,946,950,950,184,360,544,1490
8267,988,992,994,188,362,550,1538
8268,970,964,966,182,364,546,1516
8269,952,950,944,180,358,538,1490
8270,960,962,968,182,364,546,1506
8271,974,976,974,184,362,546,1520
8272,974,972,968,182,358,540,1514
8273,934,940,942,188,360,548,1482
8274,928,922,920,182,358,540,1468
8275,930,934,936,186,360,546,1476
8276,934,934,936,186,362,548,1482
8277,946,948,948,188,362,550,1496
8278,938,940,938,190,360,550,1488
8279,932,932,930,190,358,548,1480
8280,970,966,968,186,360,546,1516
8281,958,960,962,188,362,550,1508
8282,986,988,988,190,362,552,1538
8283,936,936,932,190,358,548,1484
8284,940,932,934,182,360,542,1482
8285,960,962,964,184,362,546,1506
8286,986,990,994,188,366,554,1540
8287,990,994,988,192,360,552,1542
8288,956,952,954,188,362,550,1506
8289,938,936,934,186,360,546,1484
8290,964,962,966,184,364,548,1512
8291,964,966,968,186,366,552,1516
8292,958,960,954,188,360,548,1506
8293,926,928,930,190,362,552,1478
8294,928,926,926,188,362,550,1478
8295,954,954,954,188,362,550,1504
8296,972,976,978,192,364,556,1528
8297,984,986,986,194,364,558,1542
8298,964,962,962,192,364,556,1520
8299,952,948,948,188,364,552,1504
8300,976,976,974,188,362,550,1526
8301,990,988,994,186,368,554,1544
8302,944,948,940,190,360,550,1494
8303,948,944,946,186,362,548,1496
8304,976,978,978,188,362,550,1526
8305,976,974,974,186,362,548,1524
8306,960,960,960,186,362,548,1508
8307,916,916,914,186,360,546,1462
8308,922,920,922,184,362,546,1468
8309,916,916,916,184,362,546,1462
8310,916,920,920,188,362,550,1466
8311,916,916,914,188,360,548,1464
8312,908,910,908,190,358,548,1456
8313,922,920,924,188,362,550,1472
8314,948,948,950,188,364,552,1500
8315,976,976,974,188,362,550,1526
8316,942,942,942,188,362,550,1492
8317,932,930,928,186,360,546,1478
8318,966,966,970,186,364,550,1516
8319,958,958,958,186,364,550,1508
8320,956,958,956,188,362,550,1506
8321,946,952,954,194,364,558,1504
8322,952,950,948,192,362,554,1506
8323,984,982,986,190,366,556,1540
8324,1012,1012,1012,190,366,556,1568
8325,1014,1014,1012,190,364,554,1568
8326,972,968,968,186,364,550,1522
8327,954,952,952,184,364,548,1502
8328,974,976,978,186,366,552,1526
8329,986,990,990,190,366,556,1542
8330,952,952,950,190,364,554,1506
8331,940,938,936,188,362,550,1490
8332,950,948,948,186,362,548,1498
8333,962,968,970,192,364,556,1518
8334,980,978,978,190,364,554,1534
8335,962,962,960,190,362,552,1514
8336,954,950,948,186,360,546,1500
8337,950,950,956,186,366,552,1502
8338,966,968,966,188,364,552,1518
8339,968,972,974,192,366,558,1526
8340,966,962,960,188,364,552,1518
8341,940,942,942,190,364,554,1494
8342,960,960,960,190,364,554,1514
8343,1000,998,998,188,364,552,1552
8344,1002,1004,1006,190,366,556,1558
8345,970,968,964,188,362,550,1520
8346,944,946,948,190,364,554,1498
8347,958,954,954,186,364,550,1508
8348,970,974,976,190,366,556,1526
8349,954,954,952,190,364,554,1508
8350,912,910,906,188,360,548,1460
8351,916,916,918,188,362,550,1466
8352,940,938,938,186,362,548,1488
8353,936,936,938,186,364,550,1486
8354,950,952,952,188,364,552,1502
8355,930,928,926,186,362,548,1478
8356,934,936,934,188,360,548,1482
8357,974,972,976,186,364,550,1524
8358,1006,1010,1012,190,366,556,1562
8359,968,970,966,192,362,554,1522
8360,980,976,978,188,364,552,1532
8361,958,954,954,184,364,548,1506
8362,976,978,982,186,368,554,1530
8363,968,970,968,188,366,554,1522
8364,940,942,938,190,362,552,1492
8365,940,938,938,188,362,550,1490
8366,930,930,932,188,364,552,1482
8367,954,954,956,188,366,554,1508
8368,934,934,930,188,362,550,1484
8369,920,920,922,188,364,552,1472
8370,902,900,900,186,364,550,1452
8371,916,916,914,186,362,548,1464
8372,920,922,926,188,366,554,1474
8373,918,922,916,192,360,552,1470
8374,916,918,918,194,360,554,1470
8375,904,896,896,186,360,546,1450
8376,938,940,942,188,362,550,1488
8377,942,940,942,186,364,550,1492
8378,926,930,926,190,360,550,1476
8379,932,930,932,188,362,550,1482
8380,926,926,926,188,362,550,1476
8381,940,938,940,186,364,550,1490
8382,934,938,936,190,362,552,1486
8383,932,932,932,190,362,552,1484
8384,934,930,928,186,360,546,1480
8385,958,960,962,188,362,550,1508
8386,950,946,948,184,364,548,1498
8387,916,918,916,186,362,548,1464
8388,934,932,934,184,364,548,1482
8389,928,932,914,188,362,534,1462
8390,910,896,910,186,360,534,1444
8391,862,872,874,184,362,546,1408
8392,866,860,860,178,362,540,1406
8393,848,854,850,184,358,542,1390
8394,872,874,874,186,358,544,1416
8395,932,932,936,186,362,548,1480
8396,980,984,986,190,364,554,1534
8397,1012,1010,1008,188,362,550,1562
8398,974,978,976,192,360,552,1526
8399,972,966,970,186,364,550,1522
8400,988,986,988,184,366,550,1538
8401,1000,1000,1004,184,370,554,1554
8402,970,972,964,186,362,548,1518
8403,962,962,964,186,364,550,1512
8404,952,948,948,182,364,546,1498
8405,936,938,936,184,362,546,1482
8406,934,932,934,182,364,546,1480
8407,892,896,892,186,360,546,1438
8408,886,880,880,180,360,540,1426
8409,920,922,922,182,360,542,1462
8410,912,918,918,188,360,548,1460
8411,936,940,944,192,364,556,1492
8412,936,930,926,186,360,546,1482
8413,952,954,956,188,362,550,1502
8414,980,984,986,192,364,556,1536
8415,1032,1030,1034,190,368,558,1590
8416,992,988,986,186,366,552,1544
8417,950,950,948,186,364,550,1500
8418,946,944,942,184,362,546,1492
8419,962,960,964,182,366,548,1510
8420,970,978,974,190,362,552,1522
8421,970,974,974,194,362,556,1526
8422,958,954,956,190,364,554,1512
8423,1000,996,996,186,364,550,1550
8424,1008,1010,1010,188,364,552,1560
8425,1010,1010,1010,188,364,552,1562
8426,970,974,972,192,362,554,1524
8427,962,956,960,186,366,552,1514
8428,988,992,994,190,368,558,1546
8429,1000,998,996,188,366,554,1554
8430,956,956,952,188,362,550,1506
8431,970,972,974,190,364,554,1524
8432,950,944,942,184,362,546,1496
8433,948,952,954,188,364,552,1500
8434,942,940,940,186,364,550,1492
8435,928,926,926,184,364,548,1476
8436,918,920,918,186,362,548,1466
8437,914,912,914,184,364,548,1462
8438,952,956,958,188,366,554,1506
8439,952,954,954,190,366,556,1508
8440,950,950,948,190,364,554,1504
8441,956,956,954,190,362,552,1508
8442,946,944,946,188,364,552,1498
8443,974,972,972,186,364,550,1524
8444,978,976,978,184,366,550,1528
8445,872,950,946,185,362,549,1496
8446,1028,952,952,186,362,548,1576
8447,936,936,940,186,366,552,1488
8448,938,936,934,184,364,548,1486
8449,936,938,938,186,364,550,1486
8450,920,918,912,184,358,542,1462
8451,898,902,906,188,362,550,1448
8452,922,920,920,186,362,548,1470
8453,938,940,942,188,364,552,1490
8454,926,926,924,188,362,550,1476
8455,932,936,936,192,362,554,1486
8456,932,930,930,190,362,552,1484
8457,982,978,980,186,364,550,1532
8458,978,980,984,188,368,556,1534
8459,944,942,936,186,362,548,1492
8460,912,910,910,184,362,546,1458
8461,940,936,938,180,364,544,1484
8462,934,942,940,188,362,550,1484
8463,938,936,940,186,366,552,1490
8464,904,908,904,190,362,552,1456
8465,902,900,900,188,362,550,1452
8466,914,906,906,180,362,542,1456
8467,922,930,934,188,366,554,1476
8468,920,920,916,188,362,550,1470
8469,894,894,890,188,358,546,1440
8470,904,898,900,182,360,542,1446
8471,896,898,900,184,362,546,1442
8472,910,910,910,184,362,546,1456
8473,922,924,924,186,362,548,1470
8474,886,888,886,188,360,548,1434
8475,888,886,886,186,360,546,1434
8476,914,910,912,182,362,544,1458
8477,916,920,920,186,362,548,1464
8478,904,906,904,188,360,548,1452
8479,902,900,900,186,360,546,1448
8480,876,878,878,188,360,548,1424
8481,936,930,934,182,364,546,1482
8482,918,920,918,184,362,546,1464
8483,920,926,928,190,364,554,1474
8484,886,886,884,190,362,552,1438
8485,910,904,902,184,360,544,1454
8486,960,966,968,190,362,552,1512
8487,948,948,948,190,362,552,1500
8488,924,928,924,194,358,552,1476
8489,898,892,892,188,358,546,1444
8490,948,946,948,186,360,546,1494
8491,926,926,928,186,362,548,1474
8492,916,918,916,188,360,548,1464
8493,898,896,892,186,356,542,1440
8494,876,872,874,182,358,540,1416
8495,900,898,900,180,360,540,1440
8496,904,908,908,184,360,544,1448
8497,872,878,874,190,356,546,1418
8498,886,884,884,188,356,544,1430
8499,932,930,934,186,360,546,1478
8500,916,916,918,186,362,548,1464
8501,926,926,924,186,360,546,1472
8502,882,882,880,186,358,544,1426
8503,896,898,898,188,358,546,1442
8504,948,948,952,188,362,550,1498
8505,964,962,962,186,362,548,1512
8506,942,944,944,188,362,550,1492
8507,924,926,924,190,360,550,1474
8508,934,928,928,184,360,544,1478
8509,940,946,948,190,362,552,1492
8510,966,966,968,190,364,554,1520
8511,932,932,928,190,360,550,1482
8512,918,916,914,188,358,546,1464
8513,922,920,922,186,360,546,1468
8514,942,944,944,188,360,548,1490
8515,936,936,938,188,362,550,1486
8516,920,922,918,190,358,548,1468
8517,924,918,922,184,362,546,1470
8518,938,942,942,188,362,550,1488
8519,946,946,950,188,366,554,1500
8520,936,934,930,186,362,548,1484
8521,904,904,900,186,358,544,1448
8522,920,920,922,186,360,546,1466
8523,906,908,910,188,362,550,1456
8524,924,922,920,186,360,546,1470
8525,894,896,894,188,358,546,1440
8526,912,914,914,190,358,548,1460
8527,938,938,938,190,358,548,1486
8528,934,934,936,190,360,550,1484
8529,942,944,942,192,358,550,1492
8530,926,920,922,186,360,546,1472
8531,920,920,920,186,360,546,1466
8532,946,946,948,186,362,548,1494
8533,944,946,946,188,362,550,1494
8534,926,928,924,190,358,548,1474
8535,932,930,934,188,362,550,1482
8536,948,944,944,184,362,546,1494
8537,958,964,964,190,362,552,1510
8538,954,956,956,192,362,554,1508
8539,958,958,954,192,358,550,1508
8540,944,940,942,188,360,548,1492
8541,980,980,984,188,364,552,1532
8542,980,986,988,194,366,560,1540
8543,950,948,946,192,364,556,1506
8544,952,946,944,186,362,548,1500
8545,940,936,936,182,362,544,1484
8546,938,944,944,188,362,550,1488
8547,918,918,920,188,364,552,1470
8548,914,912,908,186,360,546,1460
8549,910,908,910,184,362,546,1456
8550,918,920,918,186,360,546,1464
8551,936,940,942,190,362,552,1488
8552,962,964,964,192,362,554,1516
8553,930,930,928,192,360,552,1482
8554,942,934,936,184,362,546,1488
8555,964,962,964,182,364,546,1510
8556,978,984,984,188,364,552,1530
8557,964,962,958,186,360,546,1510
8558,940,940,942,186,362,548,1488
8559,932,930,930,184,362,546,1478
8560,942,944,944,186,362,548,1490
8561,954,956,958,188,364,552,1506
8562,924,924,920,188,360,548,1472
8563,924,926,926,190,360,550,1474
8564,966,964,968,188,364,552,1518
8565,960,960,960,188,364,552,1512
8566,940,940,940,188,364,552,1492
8567,906,904,902,186,362,548,1454
8568,892,888,884,182,358,540,1432
8569,902,904,908,184,362,546,1448
8570,900,904,904,188,362,550,1450
8571,896,894,890,186,358,544,1440
8572,908,914,914,192,358,550,1458
8573,918,914,914,188,358,546,1464
8574,936,936,940,188,362,550,1486
8575,984,986,988,190,364,554,1538
8576,994,998,998,194,364,558,1552
8577,966,964,962,192,362,554,1520
8578,956,952,952,188,362,550,1506
8579,990,986,988,184,364,548,1538
8580,1014,1020,1024,190,368,558,1572
8581,1008,1012,1010,194,366,560,1568
8582,960,956,952,190,362,552,1512
8583,940,934,934,184,362,546,1486
8584,952,952,954,184,364,548,1500
8585,940,940,942,184,366,550,1490
8586,908,912,906,188,360,548,1456
8587,922,918,918,184,360,544,1466
8588,908,910,914,186,364,550,1458
8589,922,920,918,184,362,546,1468
8590,906,910,908,188,360,548,1454
8591,906,906,906,188,360,548,1454
8592,882,878,876,184,358,542,1424
8593,918,924,926,190,360,550,1468
8594,928,928,928,190,360,550,1478
8595,920,922,924,192,362,554,1474
8596,912,906,902,186,358,544,1456
8597,910,908,910,184,360,544,1454
8598,918,920,924,186,364,550,1468
8599,924,924,922,186,362,548,1472
8600,900,900,900,186,362,548,1448
8601,906,908,906,188,360,548,1454
8602,914,912,912,186,360,546,1460
8603,914,916,920,188,364,552,1466
8604,916,914,906,186,356,542,1458
8605,898,898,900,186,358,544,1442
8606,894,890,892,182,360,542,1436
8607,914,916,916,184,360,544,1458
8608,902,902,904,184,362,546,1448
8609,884,888,886,188,360,548,1432
8610,914,912,910,186,358,544,1458
8611,914,914,914,186,358,544,1458
8612,962,964,970,188,364,552,1514
8613,974,976,974,190,362,552,1526
8614,950,948,942,188,356,544,1494
8615,942,940,946,186,362,548,1490
8616,960,962,960,188,360,548,1508
8617,978,978,980,188,362,550,1528
8618,958,956,954,186,360,546,1504
8619,936,934,938,184,364,548,1484
8620,918,920,914,186,358,544,1462
8621,920,918,920,184,360,544,1464
8622,918,920,922,186,362,548,1466
8623,898,902,898,190,358,548,1446
8624,918,914,914,186,358,544,1462
8625,918,918,918,186,358,544,1462
8626,958,960,964,188,362,550,1508
8627,956,956,956,188,362,550,1506
8628,932,936,932,192,358,550,1482
8629,926,922,924,188,360,548,1474
8630,952,948,952,184,364,548,1500
8631,966,968,968,186,364,550,1516
8632,938,940,936,188,360,548,1486
8633,944,946,944,190,358,548,1492
8634,930,926,932,186,364,550,1480
8635,952,952,954,186,366,552,1504
8636,924,926,922,188,362,550,1474
8637,914,914,910,188,358,546,1460
8638,912,908,910,184,360,544,1456
8639,892,892,892,184,360,544,1436
8640,872,876,876,188,360,548,1420
8641,888,888,888,188,360,548,1436
8642,886,882,882,184,360,544,1430
8643,900,902,904,186,362,548,1448
8644,862,864,860,188,358,546,1408
8645,872,868,868,184,358,542,1414
8646,892,892,892,184,358,542,1434
8647,924,928,930,188,360,548,1472
8648,944,942,942,186,360,546,1490
8649,910,912,912,188,360,548,1458
8650,922,920,920,186,360,546,1468
8651,934,932,932,184,360,544,1478
8652,942,944,946,186,362,548,1490
8653,932,934,932,188,360,548,1480
8654,936,932,932,184,360,544,1480
8655,922,926,926,188,360,548,1470
8656,932,928,926,184,358,542,1474
8657,902,904,904,186,358,544,1446
8658,882,880,880,184,358,542,1424
8659,892,888,890,180,360,540,1432
8660,888,890,890,182,360,542,1430
8661,864,868,862,186,354,540,1404
8662,850,852,854,188,356,544,1394
8663,880,878,878,186,356,542,1422
8664,888,886,890,184,360,544,1432
8665,874,878,874,188,356,544,1418
8666,890,890,890,188,356,544,1434
8667,874,874,876,188,358,546,1420
8668,886,882,882,184,358,542,1428
8669,920,922,922,186,358,544,1464
8670,922,922,924,186,360,546,1468
8671,868,868,864,186,356,542,1410
8672,882,878,882,182,360,542,1424
8673,886,886,886,182,360,542,1428
8674,898,904,902,188,358,546,1444
8675,884,884,884,188,358,546,1430
8676,880,880,876,188,354,542,1422
8677,868,868,868,188,354,542,1410
8678,924,920,926,184,360,544,1468
8679,910,912,912,186,360,546,1456
8680,898,898,896,186,358,544,1442
8681,892,894,894,188,358,546,1438
8682,882,882,882,188,358,546,1428
8683,908,906,906,186,358,544,1452
8684,926,930,930,190,358,548,1474
8685,900,900,902,190,360,550,1450
8686,894,894,890,190,356,546,1440
8687,886,884,884,188,356,544,1430
8688,936,932,936,184,360,544,1480
8689,916,918,918,186,360,546,1462
8690,898,900,898,188,358,546,1444
8691,922,922,920,188,356,544,1466
8692,892,890,890,186,356,542,1434
8693,938,934,934,182,356,538,1476
8694,926,930,932,186,358,544,1470
8695,900,900,898,186,356,542,1442
8696,908,910,912,188,358,546,1454
8697,900,898,898,186,358,544,1444
8698,940,938,942,184,362,546,1486
8699,938,940,938,186,360,546,1484
8700,910,916,912,192,356,548,1458
8701,896,892,894,188,358,546,1442
8702,908,904,906,184,360,544,1452
8703,928,928,928,184,360,544,1472
8704,898,900,898,186,358,544,1442
8705,880,880,878,186,356,542,1422
8706,878,874,874,182,356,538,1416
8707,882,884,888,184,360,544,1426
8708,892,894,892,186,358,544,1436
8709,868,872,870,190,356,546,1414
8710,898,894,892,186,354,540,1438
8711,890,890,894,186,358,544,1434
8712,930,930,930,186,358,544,1474
8713,930,934,932,190,356,546,1476
8714,888,890,888,192,354,546,1434
8715,938,930,934,184,358,542,1480
8716,936,938,940,186,360,546,1482
8717,906,908,902,188,354,542,1448
8718,922,924,926,190,356,546,1468
8719,910,906,908,186,358,544,1454
8720,956,958,960,188,360,548,1504
8721,966,966,966,188,360,548,1514
8722,944,948,948,192,360,552,1496
8723,954,950,950,188,360,548,1502
8724,994,992,992,186,360,546,1540
8725,968,966,966,184,360,544,1512
8726,932,934,932,186,358,544,1476
8727,934,934,936,186,360,546,1480
8728,944,938,938,180,360,540,1484
8729,918,924,922,186,358,544,1462
8730,898,898,898,186,358,544,1442
8731,886,886,882,186,354,540,1426
8732,916,910,916,180,360,540,1456
8733,904,908,908,184,360,544,1448
8734,908,912,912,188,360,548,1456
8735,876,876,870,188,354,542,1418
8736,880,880,882,188,356,544,1424
8737,880,880,880,188,356,544,1424
8738,936,934,938,186,360,546,1482
8739,942,944,942,188,358,546,1488
8740,922,924,924,190,358,548,1470
8741,932,930,928,188,356,544,1476
8742,940,936,938,184,358,542,1482
8743,950,960,962,194,360,554,1504
8744,932,926,928,188,362,550,1482
8745,914,914,908,188,356,544,1458
8746,898,894,896,184,358,542,1440
8747,938,938,940,184,360,544,1482
8748,940,942,942,186,360,546,1486
8749,898,900,896,188,356,544,1442
8750,912,914,914,190,356,546,1458
8751,924,922,926,188,360,548,1472
8752,950,956,956,194,360,554,1504
8753,970,962,964,186,362,548,1518
8754,932,936,932,190,358,548,1480
8755,924,922,926,188,362,550,1474
8756,930,926,922,184,358,542,1472
8757,940,942,946,186,362,548,1488
8758,940,944,942,190,360,550,1490
8759,922,922,922,190,360,550,1472
8760,934,932,932,188,360,548,1482
8761,936,936,934,188,358,546,1482
8762,950,950,954,188,362,550,1500
8763,960,958,956,186,360,546,1506
8764,932,934,934,188,360,548,1480
8765,912,912,912,188,360,548,1460
8766,942,938,938,184,360,544,1486
8767,928,932,932,188,360,548,1476
8768,914,916,916,190,360,550,1464
8769,904,902,900,188,358,546,1450
8770,922,922,924,188,360,548,1470
8771,932,932,934,188,362,550,1482
8772,960,960,960,188,362,550,1510
8773,922,920,918,186,360,546,1468
8774,922,922,920,186,358,544,1466
8775,922,920,924,184,362,546,1468
8776,924,924,922,184,360,544,1468
8777,908,912,912,188,360,548,1456
8778,912,916,912,192,356,548,1460
8779,934,928,932,186,360,546,1480
8780,966,964,966,184,362,546,1512
8781,944,952,952,192,362,554,1498
8782,926,920,918,186,360,546,1472
8783,912,912,910,186,358,544,1456
8784,936,936,938,186,360,546,1482
8785,928,930,930,188,360,548,1476
8786,916,918,918,190,360,550,1466
8787,920,918,916,188,358,546,1466
8788,930,928,928,186,358,544,1474
8789,966,970,974,190,362,552,1518
8790,988,988,988,190,362,552,1540
8791,948,948,946,190,360,550,1498
8792,942,938,938,186,360,546,1488
8793,956,954,958,184,364,548,1504
8794,976,980,978,188,362,550,1526
8795,974,976,974,190,360,550,1524
8796,950,948,948,188,360,548,1498
8797,944,940,940,184,360,544,1488
8798,954,956,960,186,364,550,1504
8799,968,968,968,186,364,550,1518
8800,928,934,930,192,360,552,1480
8801,924,922,924,190,362,552,1476
8802,946,942,942,186,362,548,1494
8803,954,954,954,186,362,548,1502
8804,918,920,916,188,358,546,1464
8805,926,928,930,190,360,550,1476
8806,920,914,914,184,360,544,1464
8807,934,934,934,184,360,544,1478
8808,936,942,944,190,362,552,1488
8809,914,912,910,188,360,548,1462
8810,912,914,914,190,360,550,1462
8811,954,950,954,186,364,550,1504
8812,972,978,980,192,366,558,1530
8813,962,958,958,188,366,554,1516
8814,952,952,944,188,358,546,1498
8815,928,926,930,186,362,548,1476
8816,976,970,972,180,364,544,1520
8817,956,962,960,186,362,548,1504
8818,938,942,942,190,362,552,1490
8819,918,916,912,188,358,546,1464
8820,922,920,920,186,358,544,1466
8821,936,940,944,190,362,552,1488
8822,940,938,938,188,362,550,1490
8823,922,916,918,182,364,546,1468
8824,904,902,898,180,360,540,1444
8825,916,922,922,186,360,546,1462
8826,922,922,922,186,360,546,1468
8827,922,922,920,186,358,544,1466
8828,902,906,908,190,360,550,1452
8829,922,916,916,184,360,544,1466
8830,922,926,926,188,360,548,1470
8831,930,930,932,188,362,550,1480
8832,916,916,914,188,360,548,1464
8833,910,908,908,186,360,546,1456
8834,900,900,900,186,360,546,1446
8835,924,924,922,186,358,544,1468
8836,918,922,926,190,362,552,1470
8837,910,906,902,186,358,544,1454
8838,906,908,908,188,358,546,1452
8839,942,940,944,186,362,548,1490
8840,950,954,954,190,362,552,1502
8841,980,978,980,188,364,552,1532
8842,940,946,940,194,358,552,1492
8843,942,934,938,186,362,548,1490
8844,950,948,946,184,360,544,1494
8845,952,954,958,186,364,550,1502
8846,944,948,946,190,362,552,1496
8847,944,938,938,184,362,546,1490
8848,940,940,944,184,366,550,1490
8849,978,982,982,188,366,554,1532
8850,958,958,956,188,364,552,1510
8851,966,966,966,188,364,552,1518
8852,946,942,940,184,362,546,1492
8853,956,956,960,184,366,550,1506
8854,942,942,940,184,364,548,1490
8855,926,928,924,186,360,546,1472
8856,912,910,910,184,360,544,1456
8857,890,888,888,182,360,542,1432
8858,896,900,900,186,360,546,1442
8859,908,912,914,190,362,552,1460
8860,924,926,922,192,358,550,1474
8861,916,916,918,192,360,552,1468
8862,922,916,916,186,360,546,1468
8863,958,956,958,184,362,546,1504
8864,934,934,932,184,360,544,1478
8865,918,924,926,190,362,552,1470
8866,918,914,912,186,360,546,1464
8867,896,892,892,182,360,542,1438
8868,910,912,912,184,360,544,1454
8869,974,988,990,183,356,543,1517
8870,1038,952,952,182,360,542,1580
8871,906,916,914,192,358,550,1456
8872,946,944,946,190,360,550,1496
8873,988,986,990,188,364,552,1540
8874,986,988,986,190,362,552,1538
8875,964,964,966,190,364,554,1518
8876,960,956,954,186,362,548,1508
8877,1018,1022,1026,190,366,556,1574
8878,1028,1026,1026,188,366,554,1582
8879,998,1000,998,190,364,554,1552
8880,960,958,956,188,362,550,1510
8881,978,972,974,182,364,546,1524
8882,942,946,946,186,364,550,1492
8883,948,948,948,186,364,550,1498
8884,914,912,908,184,360,544,1458
8885,902,898,896,180,358,538,1440
8886,904,908,912,184,362,546,1450
8887,896,900,900,188,362,550,1446
8888,908,904,904,184,362,546,1454
8889,914,920,920,190,362,552,1466
8890,926,922,918,186,358,544,1470
8891,976,978,984,188,364,552,1528
8892,1002,1002,1000,188,362,550,1552
8893,964,964,964,188,362,550,1514
8894,956,954,954,186,362,548,1504
8895,986,982,984,182,364,546,1532
8896,966,968,966,184,362,546,1512
8897,946,946,944,184,360,544,1490
8898,922,920,918,182,358,540,1462
8899,920,920,924,182,362,544,1464
8900,926,930,932,186,364,550,1476
8901,940,938,938,184,364,548,1488
8902,918,920,918,186,362,548,1466
8903,884,880,878,182,360,542,1426
8904,926,930,932,186,362,548,1474
8905,948,948,950,186,364,550,1498
8906,964,962,964,184,366,550,1514
8907,938,942,936,188,360,548,1486
8908,930,928,930,186,362,548,1478
8909,962,960,962,184,364,548,1510
8910,992,994,996,186,366,552,1544
8911,1002,1006,1006,190,366,556,1558
8912,962,960,958,188,364,552,1514
8913,952,950,948,186,362,548,1500
8914,980,980,984,186,366,552,1532
8915,980,980,978,186,364,550,1530
8916,946,950,946,190,360,550,1496
8917,954,946,950,182,364,546,1500
8918,988,992,996,186,368,554,1542
8919,970,972,968,188,364,552,1522
8920,974,972,974,186,366,552,1526
8921,940,946,942,192,362,554,1494
8922,942,938,938,188,362,550,1492
8923,966,962,964,184,364,548,1514
8924,954,958,958,188,364,552,1506
8925,978,980,980,190,364,554,1532
8926,966,968,964,192,360,552,1518
8927,990,990,994,192,364,556,1546
8928,1000,994,996,186,366,552,1552
8929,1024,1028,1030,190,368,558,1582
8930,1002,1004,1002,192,366,558,1560
8931,976,972,966,188,360,548,1524
8932,936,932,938,184,366,550,1486
8933,956,956,956,184,366,550,1506
8934,938,940,936,186,362,548,1486
8935,926,928,930,188,364,552,1478
8936,912,912,910,188,362,550,1462
8937,958,956,958,186,364,550,1508
8938,956,958,960,188,366,554,1510
8939,940,940,934,188,360,548,1488
8940,926,928,932,190,364,554,1480
8941,972,968,970,186,366,552,1524
8942,958,960,958,188,364,552,1510
8943,968,968,968,188,364,552,1520
8944,942,942,942,188,364,552,1494
8945,944,942,942,186,364,550,1494
8946,946,948,946,188,362,550,1496
8947,974,974,978,188,366,554,1528
8948,990,990,990,188,366,554,1544
8949,948,954,952,194,364,558,1506
8950,964,958,958,188,364,552,1516
8951,966,966,968,188,366,554,1520
8952,974,974,976,188,368,556,1530
8953,950,946,942,184,364,548,1498
8954,924,930,930,190,364,554,1478
8955,928,924,924,186,364,550,1478
8956,936,934,934,184,364,548,1484
8957,954,954,956,184,366,550,1504
8958,954,958,956,188,364,552,1506
8959,936,936,936,188,364,552,1488
8960,950,950,948,188,362,550,1500
8961,972,970,974,186,366,552,1524
8962,966,968,966,188,364,552,1518
8963,952,954,954,190,364,554,1506
8964,948,944,946,186,366,552,1500
8965,948,952,952,190,366,556,1504
8966,966,962,966,186,370,556,1522
8967,940,944,936,190,362,552,1492
8968,934,932,934,188,364,552,1486
8969,934,932,932,186,364,550,1484
8970,978,982,988,190,370,560,1538
8971,970,970,966,190,366,556,1526
8972,942,944,942,192,364,556,1498
8973,944,940,938,188,362,550,1494
8974,978,978,978,188,362,550,1528
8975,966,966,970,188,366,554,1520
8976,968,968,966,188,364,552,1520
8977,936,940,938,192,362,554,1490
8978,954,946,950,184,366,550,1504
8979,944,946,946,186,366,552,1496
8980,932,934,932,188,364,552,1484
8981,924,924,922,188,362,550,1474
8982,918,916,918,186,364,550,1468
8983,936,938,940,188,366,554,1490
8984,954,956,958,190,368,558,1512
8985,946,952,946,196,362,558,1504
8986,958,948,952,186,366,552,1510
8987,954,952,952,184,366,550,1504
8988,966,968,968,186,366,552,1518
8989,934,936,932,188,362,550,1484
8990,918,914,916,184,364,548,1466
8991,896,894,892,182,362,544,1440
8992,928,926,926,180,362,542,1470
8993,914,922,922,188,362,550,1464
8994,916,920,918,192,360,552,1468
8995,918,914,914,188,360,548,1466
8996,920,920,920,188,360,548,1468
8997,960,960,966,188,366,554,1514
8998,986,982,984,184,368,552,1538
8999,954,960,956,190,364,554,1508
9000,954,950,950,186,364,550,1504
9001,946,948,946,188,362,550,1496
9002,950,946,950,184,366,550,1500
9003,938,940,938,186,364,550,1488
9004,902,900,896,184,360,544,1446
9005,890,886,886,180,360,540,1430
9006,900,904,906,184,362,546,1446
9007,898,898,900,184,364,548,1446
9008,878,878,876,184,362,546,1424
9009,894,894,892,184,360,544,1438
9010,876,878,878,186,360,546,1422
9011,918,916,918,184,362,546,1464
9012,914,916,916,186,362,548,1462
9013,928,926,928,184,364,548,1476
9014,898,900,898,186,362,548,1446
9015,898,898,896,186,360,546,1444
9016,934,932,932,184,360,544,1478
9017,938,940,942,186,362,548,1486
9018,958,956,960,184,366,550,1508
9019,922,926,922,188,362,550,1472
9020,944,942,942,186,362,548,1492
9021,966,966,970,186,366,552,1518
9022,944,946,946,188,366,554,1498
9023,948,948,948,188,366,554,1502
9024,920,920,916,188,362,550,1470
9025,922,924,922,190,360,550,1472
9026,920,918,920,188,362,550,1470
9027,970,968,970,186,364,550,1520
9028,952,954,956,188,366,554,1506
9029,954,960,956,194,362,556,1510
9030,930,922,924,186,364,550,1480
9031,926,928,924,188,360,548,1474
9032,952,950,954,186,364,550,1502
9033,944,946,950,188,368,556,1500
9034,930,932,926,190,362,552,1482
9035,922,920,920,188,362,550,1472
9036,920,914,912,182,360,542,1462
9037,942,944,950,184,366,550,1492
9038,958,962,960,188,364,552,1510
9039,928,928,926,188,362,550,1478
9040,942,942,942,188,362,550,1492
9041,922,920,918,186,360,546,1468
9042,952,954,960,188,366,554,1506
9043,976,978,978,190,366,556,1532
9044,948,946,944,188,364,552,1500
9045,940,946,942,194,360,554,1494
9046,950,940,944,184,364,548,1498
9047,952,960,960,192,364,556,1508
9048,968,966,966,190,364,554,1522
9049,942,944,942,192,362,554,1496
9050,954,948,948,186,362,548,1502
9051,972,974,976,188,364,552,1524
9052,944,936,936,180,364,544,1488
9053,926,930,930,184,364,548,1474
9054,886,884,882,182,362,544,1430
9055,872,872,872,182,362,544,1416
9056,886,888,886,184,360,544,1430
9057,924,926,928,186,362,548,1472
9058,968,976,974,194,360,554,1522
9059,952,944,946,186,362,548,1500
9060,928,926,928,184,364,548,1476
9061,906,904,902,182,362,544,1450
9062,932,932,932,182,362,544,1476
9063,940,948,946,190,360,550,1490
9064,958,954,958,186,364,550,1508
9065,988,992,994,190,366,556,1544
9066,956,958,954,192,362,554,1510
9067,970,964,964,186,362,548,1518
9068,998,1002,1002,190,362,552,1550
9069,1024,1026,1030,192,366,558,1582
9070,992,992,988,192,362,554,1546
9071,1006,1002,1002,188,362,550,1556
9072,976,974,978,186,366,552,1528
9073,974,972,970,184,364,548,1522
9074,960,960,960,184,364,548,1508
9075,962,964,964,186,364,550,1512
9076,938,938,936,186,362,548,1486
9077,958,958,958,186,362,548,1506
9078,970,974,976,190,364,554,1524
9079,976,978,978,192,364,556,1532
9080,968,968,966,192,362,554,1522
9081,996,996,998,192,364,556,1552
9082,1018,1014,1016,188,366,554,1572
9083,1008,1008,1008,188,366,554,1562
9084,964,968,964,192,362,554,1518
9085,946,942,944,188,364,552,1498
9086,968,966,964,186,362,548,1516
9087,984,990,992,192,364,556,1540
9088,992,986,984,186,362,548,1540
9089,964,968,968,190,362,552,1516
9090,978,976,976,188,362,550,1528
9091,966,962,966,184,366,550,1516
9092,944,944,944,184,366,550,1494
9093,934,936,934,186,364,550,1484
9094,910,914,914,190,364,554,1464
9095,914,908,910,184,366,550,1464
9096,916,916,914,184,364,548,1464
9097,930,932,932,186,364,550,1480
9098,932,936,934,190,362,552,1484
9099,924,926,926,192,362,554,1478
9100,972,968,970,188,364,552,1524
9101,978,978,982,188,368,556,1534
9102,966,966,962,188,364,552,1518
9103,942,938,938,184,364,548,1490
9104,920,918,916,182,362,544,1464
9105,942,944,946,184,364,548,1490
9106,930,928,930,182,366,548,1478
9107,908,910,904,184,360,544,1452
9108,914,914,914,184,360,544,1458
9109,870,870,870,184,360,544,1414
9110,918,918,920,184,362,546,1464
9111,928,932,932,188,362,550,1478
9112,940,944,948,192,366,558,1498
9113,926,924,920,190,362,552,1478
9114,960,956,960,186,366,552,1512
9115,964,964,964,186,366,552,1516
9116,938,942,940,190,364,554,1492
9117,928,924,924,186,364,550,1478
9118,952,950,952,184,366,550,1502
9119,950,954,954,188,366,554,1504
9120,938,940,940,190,366,556,1494
9121,926,920,916,184,362,546,1472
9122,898,898,898,184,362,546,1444
9123,924,926,928,186,364,550,1474
9124,928,926,928,184,366,550,1478
9125,928,932,930,188,364,552,1480
9126,896,896,892,188,360,548,1444
9127,892,890,892,186,362,548,1440
9128,920,920,922,186,364,550,1470
9129,924,924,922,186,362,548,1472
9130,922,922,922,186,362,548,1470
9131,914,916,914,188,360,548,1462
9132,896,894,894,186,360,546,1442
9133,926,926,930,186,364,550,1476
9134,922,924,924,188,364,552,1474
9135,910,910,908,188,362,550,1460
9136,908,908,906,188,360,548,1456
9137,902,900,902,186,362,548,1450
9138,944,944,946,186,364,550,1494
9139,944,948,950,190,366,556,1500
9140,922,922,916,190,360,550,1472
9141,908,906,908,188,362,550,1458
9142,924,922,922,186,362,548,1472
9143,926,928,928,188,362,550,1476
9144,928,928,928,188,362,550,1478
9145,900,900,898,188,360,548,1448
9146,882,880,878,186,358,544,1426
9147,924,924,928,186,362,548,1472
9148,932,934,932,188,360,548,1480
9149,922,924,924,190,360,550,1472
9150,910,910,910,190,360,550,1460
9151,888,886,886,188,360,548,1436
9152,908,904,906,184,362,546,1454
9153,916,920,920,188,362,550,1466
9154,908,912,908,192,358,550,1458
9155,902,900,900,190,358,548,1450
9156,876,872,872,186,358,544,1420
9157,912,908,910,182,360,542,1454
9158,918,924,924,188,360,548,1466
9159,924,924,926,188,362,550,1474
9160,898,900,900,190,362,552,1450
9161,882,882,876,190,356,546,1428
9162,924,916,920,182,360,542,1466
9163,938,944,948,188,364,552,1490
9164,940,940,936,188,360,548,1488
9165,908,908,906,188,358,546,1454
9166,882,878,882,184,362,546,1428
9167,890,888,886,182,360,542,1432
9168,892,892,892,182,360,542,1434
9169,886,890,888,186,358,544,1430
9170,874,874,876,186,360,546,1420
9171,874,876,872,188,356,544,1418
9172,902,898,904,184,362,546,1448
9173,940,942,942,186,362,548,1488
9174,958,966,966,194,362,556,1514
9175,950,944,940,188,358,546,1496
9176,934,934,936,188,360,548,1482
9177,946,944,946,186,362,548,1494
9178,970,972,972,188,362,550,1520
9179,962,962,960,188,360,548,1510
9180,932,928,928,184,360,544,1476
9181,916,916,912,184,356,540,1456
9182,916,918,924,186,362,548,1464
9183,920,924,924,190,362,552,1472
9184,932,930,930,188,362,550,1482
9185,920,922,918,190,358,548,1468
9186,928,926,928,188,360,548,1476
9187,958,954,954,184,360,544,1502
9188,962,966,970,188,364,552,1514
9189,960,960,958,188,362,550,1510
9190,948,950,950,190,362,552,1500
9191,942,938,934,186,358,544,1486
9192,964,966,970,188,362,550,1514
9193,988,986,990,186,366,552,1540
9194,974,978,976,190,364,554,1528
9195,938,934,930,186,360,546,1484
9196,918,914,914,182,360,542,1460
9197,914,916,918,184,362,546,1460
9198,912,912,910,184,360,544,1456
9199,908,912,914,188,362,550,1458
9200,904,906,904,190,360,550,1454
9201,934,930,930,186,360,546,1480
9202,942,946,946,190,360,550,1492
9203,982,980,984,188,364,552,1534
9204,968,970,966,190,360,550,1518
9205,942,940,938,188,358,546,1488
9206,952,948,954,184,364,548,1500
9207,968,968,970,184,366,550,1518
9208,952,954,952,186,364,550,1502
9209,924,922,920,184,362,546,1470
9210,912,910,908,182,360,542,1454
9211,912,912,914,182,362,544,1456
9212,908,914,916,188,364,552,1460
9213,902,902,898,188,360,548,1450
9214,892,890,890,186,360,546,1438
9215,880,880,878,186,358,544,1424
9216,920,916,920,182,362,544,1464
9217,928,930,928,184,360,544,1472
9218,908,912,910,188,358,546,1454
9219,914,916,918,190,360,550,1464
9220,936,932,934,186,362,548,1484
9221,968,968,968,186,362,548,1516
9222,962,964,966,188,364,552,1514
9223,930,932,928,190,360,550,1480
9224,930,926,928,186,362,548,1478
9225,958,956,956,184,362,546,1504
9226,970,972,974,186,364,550,1520
9227,964,966,962,188,360,548,1512
9228,940,940,940,188,360,548,1488
9229,936,932,932,184,360,544,1480
9230,930,930,932,184,362,546,1476
9231,944,948,948,188,362,550,1494
9232,940,944,942,192,360,552,1492
9233,924,922,922,190,360,550,1474
9234,918,918,918,190,360,550,1468
9235,928,922,922,184,360,544,1472
9236,952,958,962,190,364,554,1506
9237,958,958,958,190,364,554,1512
9238,926,926,924,190,362,552,1478
9239,912,910,910,188,362,550,1462
9240,934,928,928,182,362,544,1478
9241,924,928,926,186,360,546,1470
9242,926,928,930,188,362,550,1476
9243,908,908,904,188,358,546,1454
9244,910,912,914,190,360,550,1460
9245,918,916,914,188,358,546,1464
9246,970,968,974,186,364,550,1520
9247,978,986,986,194,364,558,1536
9248,948,946,940,192,358,550,1498
9249,934,930,932,188,360,548,1482
9250,930,928,928,186,360,546,1476
9251,954,954,956,186,362,548,1502
9252,940,942,944,188,364,552,1492
9253,918,918,914,188,360,548,1466
9254,912,912,910,188,358,546,1458
9255,938,934,936,184,360,544,1482
9256,918,924,926,190,362,552,1470
9257,948,948,948,190,362,552,1500
9258,912,910,908,188,360,548,1460
9259,912,910,910,186,360,546,1458
9260,936,936,936,186,360,546,1482
9261,950,952,954,188,362,550,1500
9262,938,940,940,190,362,552,1490
9263,924,922,920,188,360,548,1472
9264,922,918,920,184,362,546,1468
9265,920,922,922,186,362,548,1468
9266,920,920,918,186,360,546,1466
9267,900,902,900,188,358,546,1446
9268,894,892,892,186,358,544,1438
9269,892,890,890,184,358,542,1434
9270,938,940,942,186,360,546,1484
9271,932,934,936,188,362,550,1482
9272,924,926,922,190,358,548,1472
9273,912,910,912,188,360,548,1460
9274,924,920,920,184,360,544,1468
9275,932,936,936,188,360,548,1480
9276,934,938,940,192,362,554,1488
9277,920,918,916,190,360,550,1470
9278,912,910,908,188,358,546,1458
9279,932,928,930,184,360,544,1476
9280,944,946,948,186,362,548,1492
9281,950,950,950,186,362,548,1498
9282,914,918,916,190,360,550,1464
9283,894,890,888,186,358,544,1438
9284,910,910,910,186,358,544,1454
9285,932,932,936,186,362,548,1480
9286,934,936,932,188,358,546,1480
9287,904,904,904,188,358,546,1450
9288,920,918,918,186,358,544,1464
9289,908,910,912,188,360,548,1456
9290,944,944,946,188,362,550,1494
9291,942,948,946,194,360,554,1496
9292,936,930,930,188,360,548,1484
9293,928,926,924,186,358,544,1472
9294,952,954,954,188,358,546,1498
9295,970,968,974,186,364,550,1520
9296,940,944,940,190,360,550,1490
9297,934,930,930,186,360,546,1480
9298,948,948,948,186,360,546,1494
9299,944,950,950,192,360,552,1496
9300,912,906,906,186,360,546,1458
9301,898,896,896,184,360,544,1442
9302,910,912,910,186,358,544,1454
9303,928,932,932,190,358,548,1476
9304,938,936,938,188,360,548,1486
9305,912,916,914,192,358,550,1462
9306,932,924,926,184,360,544,1476
9307,912,912,914,184,362,546,1458
9308,906,910,908,188,360,548,1454
9309,920,918,916,186,358,544,1464
9310,906,908,908,188,358,546,1452
9311,932,934,936,190,360,550,1482
9312,986,984,984,188,360,548,1534
9313,1016,1016,1020,188,364,552,1568
9314,1020,1024,1022,192,362,554,1574
9315,978,978,976,192,360,552,1530
9316,990,986,988,188,362,550,1540
9317,1014,1012,1016,186,366,552,1566
9318,990,990,988,186,364,550,1540
9319,942,944,940,188,360,548,1490
9320,926,920,922,182,362,544,1470
9321,930,932,934,184,364,548,1478
9322,922,918,916,180,362,542,1464
9323,910,916,914,186,360,546,1456
9324,892,888,886,182,358,540,1432
9325,880,882,884,184,360,544,1424
9326,908,906,908,182,362,544,1452
9327,912,918,916,188,360,548,1460
9328,896,898,896,190,358,548,1444
9329,902,904,902,192,356,548,1450
9330,908,902,906,186,360,546,1454
9331,936,938,938,188,360,548,1484
9332,954,954,958,188,364,552,1506
9333,928,932,930,192,362,554,1482
9334,940,936,936,188,362,550,1490
9335,948,946,944,186,360,546,1494
9336,946,944,946,184,362,546,1492
9337,930,932,932,186,362,548,1478
9338,904,904,900,186,358,544,1448
9339,896,894,896,184,360,544,1440
9340,888,890,888,186,358,544,1432
9341,930,930,932,186,360,546,1476
9342,936,940,942,190,362,552,1488
9343,934,936,934,192,360,552,1486
9344,950,942,942,184,360,544,1494
9345,948,950,952,186,362,548,1496
9346,962,962,962,186,362,548,1510
9347,954,956,954,188,360,548,1502
9348,928,932,928,192,356,548,1476
9349,956,946,950,182,360,542,1498
9350,942,946,948,186,362,548,1490
9351,980,980,982,186,364,550,1530
9352,980,982,978,188,360,548,1528
9353,956,958,960,190,362,552,1508
9354,966,962,962,186,362,548,1514
9355,976,978,978,188,362,550,1526
9356,988,988,990,188,364,552,1540
9357,964,966,964,190,362,552,1516
9358,948,944,942,186,360,546,1494
9359,958,956,960,184,364,548,1506
9360,930,934,934,188,364,552,1482
9361,956,954,952,186,362,548,1504
9362,950,952,950,188,360,548,1498
9363,930,934,934,192,360,552,1482
9364,944,938,940,186,362,548,1492
9365,986,988,990,188,364,552,1538
9366,984,984,984,188,364,552,1536
9367,966,966,964,188,362,550,1516
9368,964,964,962,188,360,548,1512
9369,966,964,968,186,364,550,1516
9370,978,982,980,190,362,552,1530
9371,978,976,974,188,360,548,1526
9372,936,934,934,186,360,546,1482
9373,928,924,924,182,360,542,1470
9374,936,938,940,184,362,546,1482
9375,954,958,958,188,362,550,1504
9376,950,950,950,188,362,550,1500
9377,930,930,926,188,358,546,1476
9378,932,930,936,186,364,550,1482
9379,952,950,948,184,362,546,1498
9380,952,960,962,192,364,556,1508
9381,940,938,932,190,358,548,1488
9382,922,920,922,188,360,548,1470
9383,918,914,912,184,358,542,1460
9384,930,930,934,184,362,546,1476
9385,928,932,932,188,362,550,1478
9386,916,920,916,192,358,550,1466
9387,908,906,906,190,358,548,1456
9388,936,928,932,182,362,544,1480
9389,924,928,926,186,360,546,1470
9390,904,904,900,186,356,542,1446
9391,900,900,902,186,358,544,1444
9392,862,858,858,182,358,540,1402
9393,892,892,894,182,360,542,1434
9394,882,888,888,188,360,548,1430
9395,856,856,854,188,358,546,1402
9396,850,848,844,186,354,540,1390
9397,886,884,886,184,356,540,1426
9398,876,876,878,184,358,542,1418
9399,888,890,892,186,360,546,1434
9400,922,918,922,182,364,546,1468
9401,902,908,906,188,362,550,1452
9402,878,870,868,180,360,540,1418
9403,894,896,896,182,360,542,1436
9404,906,910,912,186,362,548,1454
9405,940,946,944,192,360,552,1492
9406,924,920,922,188,362,550,1474
9407,890,886,884,184,360,544,1434
9408,924,924,926,184,362,546,1470
9409,932,932,934,184,364,548,1480
9410,950,952,952,186,364,550,1500
9411,908,908,906,186,362,548,1456
9412,892,890,888,184,360,544,1436
9413,928,926,928,182,362,544,1472
9414,932,932,932,182,362,544,1476
9415,880,886,882,188,358,546,1426
9416,892,892,890,188,356,544,1436
9417,914,910,914,184,360,544,1458
9418,914,918,918,188,360,548,1462
9419,910,908,908,186,360,546,1456
9420,882,880,880,184,360,544,1426
9421,888,888,886,184,358,542,1430
9422,894,892,894,182,360,542,1436
9423,926,928,928,184,360,544,1470
9424,896,896,894,184,358,542,1438
9425,880,882,882,186,358,544,1424
9426,910,912,914,188,360,548,1458
9427,892,890,888,186,358,544,1436
9428,954,956,958,188,360,548,1502
9429,966,968,970,190,362,552,1518
9430,948,946,942,188,358,546,1494
9431,956,956,958,188,360,548,1504
9432,956,956,956,188,360,548,1504
9433,946,942,944,184,362,546,1492
9434,940,942,942,186,362,548,1488
9435,914,916,912,188,358,546,1460
9436,900,896,896,184,358,542,1442
9437,910,908,910,182,360,542,1452
9438,926,928,926,184,358,542,1468
9439,960,964,970,188,364,552,1512
9440,936,940,934,192,358,550,1486
9441,954,950,952,188,360,548,1502
9442,936,932,932,184,360,544,1480
9443,950,952,954,186,362,548,1498
9444,946,942,942,182,362,544,1490
9445,900,902,898,184,358,542,1442
9446,908,906,904,182,356,538,1446
9447,898,900,904,184,360,544,1442
9448,914,918,918,188,360,548,1462
9449,914,918,918,192,360,552,1466
9450,914,908,908,186,360,546,1460
9451,898,902,900,190,358,548,1446
9452,942,940,942,188,360,548,1490
9453,948,946,948,186,362,548,1496
9454,922,926,924,190,360,550,1472
9455,932,928,928,186,360,546,1478
9456,934,936,936,188,360,548,1482
9457,950,952,954,190,362,552,1502
9458,920,916,912,186,358,544,1464
9459,908,910,908,188,356,544,1452
9460,902,898,902,184,360,544,1446
9461,908,912,912,188,360,548,1456
9462,914,914,912,188,358,546,1460
9463,888,892,890,192,356,548,1436
9464,894,888,890,186,358,544,1438
9465,920,918,920,184,360,544,1464
9466,908,912,910,188,358,546,1454
9467,914,914,914,188,358,546,1460
9468,914,912,908,186,354,540,1454
9469,894,894,898,186,358,544,1438
9470,912,910,912,184,360,544,1456
9471,942,946,946,188,360,548,1490
9472,936,938,938,190,360,550,1486
9473,920,920,918,190,358,548,1468
9474,918,918,918,190,358,548,1466
9475,950,950,952,190,360,550,1500
9476,954,950,952,186,362,548,1502
9477,934,934,928,186,356,542,1476
9478,918,918,920,186,358,544,1462
9479,900,898,898,184,358,542,1442
9480,928,928,928,184,358,542,1470
9481,942,942,946,184,362,546,1488
9482,948,952,950,188,360,548,1496
9483,946,946,948,188,362,550,1496
9484,942,934,932,180,360,540,1482
9485,926,930,930,184,360,544,1470
9486,950,952,956,186,364,550,1500
9487,946,950,946,190,360,550,1496
9488,928,926,928,188,362,550,1478
9489,928,924,924,184,362,546,1474
9490,934,932,930,182,360,542,1476
9491,952,956,958,186,362,548,1500
9492,936,938,934,188,358,546,1482
9493,918,918,918,188,358,546,1464
9494,916,914,918,186,362,548,1464
9495,934,936,934,188,360,548,1482
9496,946,950,950,192,360,552,1498
9497,938,934,934,188,360,548,1486
9498,922,922,922,188,360,548,1470
9499,918,916,916,186,360,546,1464
9500,944,944,946,186,362,548,1492
9501,936,938,938,188,362,550,1486
9502,920,926,922,194,358,552,1472
9503,914,910,908,190,356,546,1460
9504,900,898,900,188,358,546,1446
9505,940,944,946,192,360,552,1492
9506,948,948,948,192,360,552,1500
9507,918,918,914,192,356,548,1466
9508,920,918,920,190,358,548,1468
9509,944,944,946,190,360,550,1494
9510,958,958,958,190,360,550,1508
9511,956,954,954,188,360,548,1504
9512,944,946,946,190,360,550,1494
9513,922,918,918,186,360,546,1468
9514,952,952,954,186,362,548,1500
9515,946,946,946,186,362,548,1494
9516,934,938,934,190,358,548,1482
9517,926,926,926,190,358,548,1474
9518,912,908,908,186,358,544,1456
9519,940,938,942,184,362,546,1486
9520,936,944,942,192,360,552,1488
9521,868,946,946,191,360,552,1498
9522,1032,952,954,190,362,552,1584
9523,928,928,926,190,360,550,1478
9524,958,950,952,182,362,544,1502
9525,946,952,950,188,360,548,1494
9526,950,952,954,190,362,552,1502
9527,936,932,930,186,360,546,1482
9528,924,922,924,184,362,546,1470
9529,914,914,916,184,364,548,1462
9530,930,932,928,186,360,546,1476
9531,954,958,960,190,362,552,1506
9532,1002,1008,1008,196,362,558,1560
9533,992,992,990,196,360,556,1548
9534,978,972,972,190,360,550,1528
9535,1032,1026,1030,184,364,548,1580
9536,1008,1016,1016,192,364,556,1564
9537,1004,1000,998,188,362,550,1554
9538,964,966,964,190,360,550,1514
9539,968,962,964,184,362,546,1514
9540,976,980,982,188,364,552,1528
9541,986,986,986,188,364,552,1538
9542,944,948,944,192,360,552,1496
9543,884,964,966,190,362,552,1518
9544,1050,966,968,188,364,552,1602
9545,988,990,988,190,362,552,1540
9546,980,978,982,188,366,554,1534
9547,940,944,938,192,360,552,1492
9548,946,944,944,190,360,550,1496
9549,946,940,942,184,362,546,1492
9550,958,962,962,188,362,550,1508
9551,928,930,928,190,360,550,1478
9552,920,918,918,188,360,548,1468
9553,908,906,908,186,362,548,1456
9554,916,916,916,186,362,548,1464
9555,922,922,920,186,360,546,1468
9556,906,914,912,194,358,552,1458
9557,910,904,904,188,358,546,1456
9558,900,898,898,186,358,544,1444
9559,922,926,928,190,360,550,1472
9560,932,928,930,186,362,548,1480
9561,924,922,924,184,364,548,1472
9562,926,928,924,186,360,546,1472
9563,926,924,924,184,360,544,1470
9564,918,916,916,182,360,542,1460
9565,958,966,968,190,362,552,1510
9566,984,990,992,196,364,560,1544
9567,916,990,988,194,362,558,1548
9568,1046,968,970,192,364,556,1602
9569,962,958,956,188,362,550,1512
9570,1008,1012,1014,192,364,556,1564
9571,1022,1016,1018,186,366,552,1574
9572,996,998,998,188,366,554,1550
9573,954,950,948,184,364,548,1502
9574,948,946,942,182,360,542,1490
9575,938,940,946,184,366,550,1488
9576,932,932,930,184,364,548,1480
9577,894,896,892,186,360,546,1440
9578,890,886,882,182,356,538,1428
9579,896,894,900,180,362,542,1438
9580,886,894,894,188,362,550,1436
9581,912,908,908,184,362,546,1458
9582,900,906,902,190,358,548,1448
9583,910,908,910,188,360,548,1458
9584,902,904,904,190,360,550,1452
9585,950,948,950,188,362,550,1500
9586,972,976,980,192,366,558,1530
9587,966,970,964,196,360,556,1522
9588,956,952,952,192,360,552,1508
9589,946,942,944,188,362,550,1496
9590,984,982,982,186,362,548,1532
9591,980,978,984,184,368,552,1532
9592,940,942,938,186,364,550,1490
9593,902,900,894,184,358,542,1444
9594,928,926,932,182,364,546,1474
9595,908,906,906,180,364,544,1452
9596,920,926,924,186,362,548,1468
9597,902,902,900,186,360,546,1448
9598,912,912,912,186,360,546,1458
9599,912,910,912,184,362,546,1458
9600,956,956,958,184,364,548,1504
9601,952,958,954,190,360,550,1502
9602,954,956,958,192,362,554,1508
9603,960,956,954,188,360,548,1508
9604,948,952,956,192,364,556,1504
9605,986,978,980,184,366,550,1536
9606,942,946,944,188,364,552,1494
9607,932,928,924,184,360,544,1476
9608,938,938,940,184,362,546,1484
9609,916,914,916,182,364,546,1462
9610,920,922,918,184,360,544,1464
9611,902,904,902,186,358,544,1446
9612,892,892,896,186,362,548,1440
9613,910,910,906,186,358,544,1454
9614,954,956,960,188,362,550,1504
9615,990,994,998,192,366,558,1548
9616,970,974,972,196,364,560,1530
9617,950,944,940,190,360,550,1500
9618,948,944,946,186,362,548,1496
9619,954,948,948,180,362,542,1496
9620,934,936,934,182,360,542,1476
9621,916,920,920,186,360,546,1462
9622,890,890,886,186,356,542,1432
9623,930,930,934,186,360,546,1476
9624,930,932,934,188,362,550,1480
9625,916,916,912,188,358,546,1462
9626,910,908,910,186,360,546,1456
9627,902,902,902,186,360,546,1448
9628,932,932,936,186,364,550,1482
9629,940,942,940,188,362,550,1490
9630,916,918,918,190,362,552,1468
9631,922,920,918,188,360,548,1470
9632,914,914,910,188,356,544,1458
9633,950,950,954,188,360,548,1498
9634,956,954,954,186,360,546,1502
9635,920,920,920,186,360,546,1466
9636,914,914,914,186,360,546,1460
9637,898,894,894,182,360,542,1440
9638,934,938,938,186,360,546,1480
9639,932,936,938,190,362,552,1484
9640,938,936,934,188,360,548,1486
9641,920,920,920,188,360,548,1468
9642,910,908,906,186,358,544,1454
9643,926,926,930,186,362,548,1474
9644,930,932,932,188,362,550,1480
9645,924,922,922,186,362,548,1472
9646,904,904,900,186,358,544,1448
9647,906,904,906,184,360,544,1450
9648,920,922,924,186,362,548,1468
9649,932,936,936,190,362,552,1484
9650,922,922,920,190,360,550,1472
9651,948,948,946,190,358,548,1496
9652,934,930,934,186,362,548,1482
9653,930,930,930,186,362,548,1478
9654,930,930,926,186,358,544,1474
9655,898,898,896,186,356,542,1440
9656,900,900,902,186,358,544,1444
9657,934,932,934,184,360,544,1478
9658,922,926,926,188,360,548,1470
9659,940,942,942,190,360,550,1490
9660,930,934,936,194,362,556,1486
9661,942,940,940,192,362,554,1496
9662,950,944,944,186,362,548,1498
9663,980,986,988,192,364,556,1536
9664,990,988,990,190,366,556,1546
9665,952,952,950,190,364,554,1506
9666,940,936,930,186,358,544,1484
9667,916,916,920,186,362,548,1464
9668,948,948,948,186,362,548,1496
9669,946,948,950,188,364,552,1498
9670,924,924,920,188,360,548,1472
9671,908,906,904,186,358,544,1452
9672,908,908,910,186,360,546,1454
9673,944,946,946,188,360,548,1492
9674,948,950,952,190,362,552,1500
9675,912,916,914,194,360,554,1466
9676,918,912,912,188,360,548,1466
9677,936,934,934,186,360,546,1482
9678,946,950,952,190,362,552,1498
9679,924,924,922,190,360,550,1474
9680,924,922,922,188,360,548,1472
9681,910,906,906,184,360,544,1454
9682,930,932,936,186,364,550,1480
9683,918,920,916,188,360,548,1466
9684,894,896,894,190,358,548,1442
9685,898,894,894,186,358,544,1442
9686,942,940,942,184,360,544,1486
9687,918,920,920,186,360,546,1464
9688,910,912,912,188,360,548,1458
9689,896,892,890,184,358,542,1438
9690,904,904,906,184,360,544,1448
9691,926,930,932,188,362,550,1476
9692,928,928,926,188,360,548,1476
9693,912,912,910,188,358,546,1458
9694,916,916,916,188,358,546,1462
9695,926,922,924,184,360,544,1470
9696,930,934,934,188,360,548,1478
9697,900,900,900,188,360,548,1448
9698,904,902,900,186,358,544,1448
9699,898,898,898,186,358,544,1442
9700,898,902,904,190,360,550,1448
9701,892,892,890,190,358,548,1440
9702,888,888,886,190,356,546,1434
9703,908,900,904,182,360,542,1450
9704,942,944,944,184,360,544,1486
9705,960,970,970,194,360,554,1514
9706,954,952,950,192,358,550,1504
9707,942,938,940,188,360,548,1490
9708,950,948,946,186,358,544,1494
9709,968,968,972,186,362,548,1516
9710,952,950,950,184,362,546,1498
9711,930,932,930,186,360,546,1476
9712,930,928,930,184,362,546,1476
9713,906,904,902,182,360,542,1448
9714,948,950,950,184,360,544,1492
9715,934,938,938,188,360,548,1482
9716,930,934,932,192,358,550,1480
9717,944,940,942,188,360,548,1492
9718,920,918,916,186,358,544,1464
9719,930,930,932,186,360,546,1476
9720,958,962,964,190,362,552,1510
9721,950,950,948,190,360,550,1500
9722,964,966,966,192,360,552,1516
9723,936,934,934,190,360,550,1486
9724,964,966,966,192,360,552,1516
9725,992,990,992,190,362,552,1544
9726,986,988,986,192,360,552,1538
9727,980,978,980,190,362,552,1532
9728,990,986,984,186,360,546,1536
9729,950,950,954,186,364,550,1500
9730,958,958,956,186,362,548,1506
9731,916,918,918,188,362,550,1466
9732,920,920,916,188,358,546,1466
9733,922,918,918,184,358,542,1464
9734,922,924,924,186,358,544,1466
9735,924,924,926,186,360,546,1470
9736,908,904,902,182,358,540,1448
9737,898,900,902,184,360,544,1442
9738,908,904,904,180,360,540,1448
9739,936,942,944,186,362,548,1484
9740,948,952,950,190,360,550,1498
9741,966,962,964,186,362,548,1514
9742,936,938,934,188,358,546,1482
9743,910,908,910,186,360,546,1456
9744,954,952,954,184,362,546,1500
9745,966,968,970,186,364,550,1516
9746,932,932,930,186,362,548,1480
9747,924,928,922,190,356,546,1470
9748,936,928,936,182,364,546,1482
9749,940,948,946,190,362,552,1492
9750,990,986,988,186,364,550,1540
9751,936,938,934,188,360,548,1484
9752,932,930,928,186,358,544,1476
9753,944,942,944,184,360,544,1488
9754,956,956,958,184,362,546,1502
9755,942,952,950,194,360,554,1496
9756,936,932,932,190,360,550,1486
9757,930,932,932,192,360,552,1482
9758,940,940,940,192,360,552,1492
9759,960,962,964,194,362,556,1516
9760,976,976,974,194,360,554,1530
9761,954,952,954,192,362,554,1508
9762,936,932,934,188,364,552,1488
9763,968,966,966,186,364,550,1518
9764,972,972,972,186,364,550,1522
9765,938,942,938,190,360,550,1488
9766,936,928,926,182,358,540,1476
9767,888,898,884,192,359,536,1424
9768,914,898,914,176,360,536,1450
9769,878,884,884,182,360,542,1420
9770,898,904,906,188,362,550,1448
9771,932,940,938,196,360,556,1488
9772,946,940,940,190,360,550,1496
9773,936,934,934,188,360,548,1484
9774,944,942,942,186,360,546,1490
9775,1000,1002,1006,188,364,552,1552
9776,1016,1020,1020,192,364,556,1572
9777,984,986,980,194,358,552,1536
9778,992,986,990,188,362,550,1542
9779,998,996,998,186,364,550,1548
9780,978,978,980,186,366,552,1530
9781,974,974,970,186,362,548,1522
9782,954,954,954,186,362,548,1502
9783,946,942,942,182,362,544,1490
9784,934,936,940,184,366,550,1484
9785,932,934,930,186,362,548,1480
9786,912,912,912,186,362,548,1460
9787,902,902,900,186,360,546,1448
9788,916,912,912,182,360,542,1458
9789,918,922,922,186,360,546,1464
9790,914,914,916,186,362,548,1462
9791,894,894,892,186,360,546,1440
9792,900,900,898,186,358,544,1444
9793,956,960,962,190,360,550,1506
9794,992,994,996,192,362,554,1546
9795,988,986,986,190,362,552,1540
9796,946,948,946,192,360,552,1498
9797,962,956,958,186,362,548,1510
9798,978,976,976,184,362,546,1524
9799,960,962,962,186,362,548,1508
9800,960,962,960,188,360,548,1508
9801,924,922,926,186,364,550,1474
9802,914,912,908,184,360,544,1458
9803,912,914,914,186,360,546,1458
9804,890,890,892,186,362,548,1438
9805,898,900,896,188,358,546,1444
9806,872,870,870,186,358,544,1416
9807,910,908,910,184,360,544,1454
9808,924,928,930,188,362,550,1474
9809,930,934,932,192,360,552,1482
9810,918,914,912,188,358,546,1464
9811,908,904,904,184,358,542,1450
9812,908,908,910,184,360,544,1452
9813,914,914,916,184,362,546,1460
9814,920,922,918,186,358,544,1464
9815,908,906,906,184,358,542,1450
9816,890,890,890,184,358,542,1432
9817,940,936,938,180,360,540,1480
9818,924,926,928,182,362,544,1468
9819,914,916,914,184,360,544,1458
9820,896,900,900,188,360,548,1444
9821,890,888,888,186,360,546,1436
9822,920,918,918,184,360,544,1464
9823,920,918,918,182,360,542,1462
9824,890,894,892,186,358,544,1434
9825,882,878,878,182,358,540,1422
9826,886,890,890,186,358,544,1430
9827,916,914,914,184,358,542,1458
9828,898,898,902,184,362,546,1444
9829,856,860,854,188,356,544,1400
9830,920,918,920,186,358,544,1464
9831,864,864,864,186,358,544,1408
9832,942,942,944,186,360,546,1488
9833,940,942,942,188,360,548,1488
9834,998,1000,1004,190,364,554,1552
9835,944,944,940,190,360,550,1494
9836,948,944,946,186,362,548,1496
9837,938,936,934,184,360,544,1482
9838,948,950,950,186,360,546,1494
9839,946,948,950,188,362,550,1496
9840,940,944,940,192,358,550,1490
9841,930,924,922,186,356,542,1472
9842,936,932,936,182,360,542,1478
9843,970,976,976,188,360,548,1518
9844,966,966,966,188,360,548,1514
9845,980,980,982,188,362,550,1530
9846,984,986,988,190,364,554,1538
9847,976,976,976,190,364,554,1530
9848,1012,1010,1010,188,364,552,1564
9849,1024,1026,1028,190,366,556,1580
9850,1014,1010,1008,186,364,550,1564
9851,984,988,986,190,362,552,1536
9852,986,982,982,186,362,548,1534
9853,998,998,1002,186,366,552,1550
9854,966,970,968,190,364,554,1520
9855,954,950,946,186,360,546,1500
9856,954,952,954,184,362,546,1500
9857,946,948,950,186,364,550,1496
9858,942,944,940,188,360,548,1490
9859,940,938,938,186,360,546,1486
9860,950,954,954,190,360,550,1500
9861,958,958,960,190,362,552,1510
9862,944,944,940,190,358,548,1492
9863,918,918,920,190,360,550,1468
9864,908,904,902,186,358,544,1452
9865,908,910,912,188,360,548,1456
9866,908,910,908,190,358,548,1456
9867,898,898,898,190,358,548,1446
9868,896,894,894,188,358,546,1442
9869,886,878,876,180,356,536,1422
9870,914,920,924,186,360,546,1460
9871,922,924,922,188,358,546,1468
9872,884,884,884,188,358,546,1430
9873,872,868,866,184,356,540,1412
9874,908,902,906,178,360,538,1446
9875,890,896,896,184,360,544,1434
9876,872,872,870,184,358,542,1414
9877,872,868,870,180,360,540,1412
9878,844,848,842,184,354,538,1382
9879,862,860,862,182,356,538,1400
9880,848,852,854,186,358,544,1392
9881,860,860,858,186,356,542,1402
9882,852,852,850,186,354,540,1392
9883,838,836,838,184,356,540,1378
9884,862,862,864,184,358,542,1404
9885,880,880,882,184,360,544,1424
9886,854,856,856,186,360,546,1400
9887,856,848,846,178,358,536,1392
9888,835,826,821,188,354,542,1365
9889,808.5,809,810.5,178,354,542,1344.5
9890,790.25,791.5,785.25,188,354,542,1323.25
9891,784.125,777.75,776.625,190,349,531,1310.625
9892,775.062,765.875,770.312,176,351.5,524.5,1297.312
9893,769.531,761.938,754.156,167,354,508.25,1276.656
9894,749.766,755.969,755.078,172.5,347,513.125,1262.328
9895,788.883,752.984,754.539,178,345.5,478.562,1267.164
9896,727.441,747.492,747.27,177,343.75,498.281,1225.582
9897,737.721,746.746,751.635,176,347.875,512.141,1249.791
9898,740.86,744.373,746.817,174,352,518.07,1258.896
9899,743.43,744.187,744.409,172,352,519.035,1262.448
9900,740.715,743.093,742.204,173,350,520.518,1261.224
9901,737.358,739.547,739.102,174.5,349,522.259,1259.612
9902,733.679,732.773,732.551,176,348.5,521.129,1254.806
9903,731.839,729.387,728.276,172,347.25,517.565,1249.403
9904,723.92,722.693,722.138,170,346.625,515.782,1239.701
9905,720.96,718.347,717.069,167,345.312,511.891,1232.851
9906,716.48,715.173,715.534,165.5,345.656,510.946,1227.425
9907,710.24,709.587,708.767,164.75,344.828,509.473,1219.713
9908,705.12,703.793,704.384,163.375,345.414,508.736,1213.856
9909,698.56,697.897,697.192,162.688,344.707,507.368,1205.928
9910,693.28,693.948,691.596,163.344,342.354,505.684,1198.964
9911,690.64,688.974,688.798,161.672,342.177,503.842,1194.482
9912,688.32,686.487,686.399,159.836,342.088,501.921,1190.241
9913,688.16,686.244,686.199,157.918,342.044,499.961,1188.121
9914,695.08,696.122,696.1,158.959,342.022,500.98,1196.06
9915,713.54,716.061,718.05,161.479,344.011,505.49,1219.03
9916,749.77,750.03,753.025,161.74,347.006,508.745,1258.515
9917,782.885,785.015,787.512,163.87,350,513.373,1296.258
9918,808.442,810.508,811.756,165.935,352,516.686,1325.129
9919,834,836,836,167.967,352,517.343,1336.564
9920,830,832,836,166.984,351,516.672,1345.282
9921,838,834,836,165.492,350,516.336,1370.641
9922,880,878,880,165.746,352,519.168,1396
9923,926,928,932,166.873,356,521.584,1448
9924,946,948,948,168.436,356,523.792,1470
9925,892,894,894,168.218,356,522.896,1418
9926,900,898,896,169.109,354,524.448,1422
9927,936,938,940,167.555,356,523.224,1462
9928,928,924,924,168.777,356,524.612,1450
9929,926,930,930,170.389,356,525.306,1452
9930,870,872,870,169.194,354,521.653,1396
9931,870,866,862,170.597,350,520.826,1388
9932,850,854,852,170.299,353,523.413,1370
9933,946,944,952,174.149,356,529.707,1472
9934,928,936,938,178,358,536,1464
9935,898,894,890,187,354,527,1426
9936,900,922,890,196,353,524.5,1418
9937,948,922,952,185,352,523.25,1470
9938,878,882,878,179.5,352,524.625,1400
9939,904,904,908,177.75,352,527.312,1430
9940,906,908,910,176,354,528.656,1436
9941,888,892,888,180,350,532.328,1418
9942,904,908,910,184,352,536,1440
9943,942,942,940,184,350,534,1476
9944,982,982,988,184,356,540,1522
9945,968,972,970,188,354,542,1510
9946,958,952,952,182,354,536,1494
9947,994,990,992,178,356,534,1528
9948,1026,1030,1032,182,358,540,1566
9949,964,962,956,180,352,532,1496
9950,942,942,942,180,352,532,1474
9951,972,972,976,180,356,536,1508
9952,1018,1020,1020,182,356,538,1556
9953,956,960,958,186,354,540,1496
9954,880,954,954,184,354,538,1494
9955,1042,964,964,182,354,536,1578
9956,978,980,986,184,360,544,1522
9957,1000,1002,998,186,356,542,1542
9958,946,948,946,188,354,542,1488
9959,960,954,954,182,354,536,1496
9960,932,930,932,180,356,536,1468
9961,924,926,922,182,352,534,1458
9962,908,914,914,188,352,540,1448
9963,858,932,932,229,352,582,1472
9964,988,996,998,212.5,354,569,1559
9965,984,1016,1022,196,360,556,1539.5
9966,980,970,964,186,354,540,1520
9967,940,932,932,178,354,532,1472
9968,952,952,954,178,356,534,1486
9969,1004,1006,1008,180,358,538,1542
9970,998,1004,1002,186,356,542,1540
9971,964,962,962,184,356,540,1504
9972,924,920,918,180,354,534,1458
9973,938,938,940,180,356,536,1474
9974,962,964,966,182,358,540,1502
9975,976,978,980,184,360,544,1520
9976,940,944,940,188,356,544,1484
9977,938,934,932,184,354,538,1476
9978,990,986,990,180,358,538,1528
9979,1000,1000,1002,180,360,540,1540
9980,978,982,986,184,364,548,1526
9981,956,954,946,182,356,538,1494
9982,938,936,936,180,356,536,1474
9983,974,972,976,178,360,538,1512
9984,964,968,970,182,362,544,1508
9985,922,920,918,180,360,540,1462
9986,910,908,904,178,356,534,1444
9987,902,900,900,176,356,532,1434
9988,932,940,946,184,362,546,1478
9989,922,926,924,188,360,548,1470
9990,922,920,920,186,360,546,1468
9991,900,896,890,182,354,536,1436
9992,894,894,898,182,358,540,1434
9993,942,944,942,184,356,540,1482
9994,970,972,976,186,360,546,1516
9995,974,978,976,190,358,548,1522
9996,872,942,942,187,358,545,1490
9997,1026,950,950,184,358,542,1568
9998,992,990,994,182,362,544,1536
9999,1008,1010,1012,184,364,548,1556
10000,996,996,992,184,360,544,1540
10001,964,964,964,184,360,544,1508
10002,944,940,938,180,358,538,1482
10003,942,942,944,180,360,540,1482
10004,928,928,930,180,362,542,1470
10005,924,924,920,180,358,538,1462
10006,882,880,876,178,354,532,1414
10007,870,874,876,182,356,538,1408
10008,942,944,946,184,358,542,1484
10009,1010,1010,1014,184,362,546,1556
10010,1008,1014,1020,190,368,558,1566
10011,984,982,974,188,360,548,1532
10012,976,972,974,184,362,546,1522
10013,1000,1000,1000,184,362,546,1546
10014,1030,1032,1034,186,364,550,1580
10015,996,990,990,180,364,544,1540
10016,960,958,954,178,360,538,1498
10017,928,932,930,182,358,540,1468
10018,910,908,910,180,360,540,1450
10019,930,928,930,178,362,540,1470
10020,930,928,932,176,366,542,1472
10021,932,936,928,180,358,538,1470
10022,906,908,908,182,358,540,1446
10023,890,888,888,180,358,538,1428
10024,948,946,950,178,362,540,1488
10025,948,948,948,178,362,540,1488
10026,936,940,942,182,364,546,1482
10027,946,948,946,184,362,546,1492
10028,900,898,896,182,360,542,1442
10029,890,886,884,178,358,536,1426
10030,912,914,916,180,360,540,1452
10031,910,912,912,182,360,542,1452
10032,926,924,924,180,360,540,1466
10033,896,902,898,186,356,542,1438
10034,888,882,884,180,358,538,1426
10035,936,938,940,182,360,542,1478
10036,938,940,942,184,362,546,1484
10037,924,926,922,186,358,544,1468
10038,916,912,912,182,358,540,1456
10039,894,896,896,184,358,542,1436
10040,934,926,928,176,360,536,1470
10041,916,922,922,182,360,542,1458
10042,876,876,876,182,360,542,1418
10043,878,876,874,180,358,538,1416
10044,894,892,890,178,356,534,1428
10045,908,910,914,180,360,540,1448
10046,896,900,896,184,356,540,1436
10047,880,880,880,184,356,540,1420
10048,860,856,854,180,354,534,1394
10049,872,872,876,180,358,538,1410
10050,896,892,892,176,358,534,1430
10051,876,878,880,178,360,538,1414
10052,840,846,840,184,354,538,1378
10053,856,854,856,182,356,538,1394
10054,930,930,934,182,360,542,1472
10055,922,922,922,182,360,542,1464
10056,916,918,920,184,362,546,1462
10057,878,876,870,182,356,538,1416
10058,890,888,890,180,358,538,1428
10059,894,890,892,176,360,536,1430
10060,888,892,892,180,360,540,1428
10061,856,858,856,182,358,540,1396
10062,884,884,882,182,356,538,1422
10063,900,898,900,180,358,538,1438
10064,932,934,936,182,360,542,1474
10065,906,912,910,188,358,546,1452
10066,894,892,890,186,356,542,1436
10067,882,880,882,184,358,542,1424
10068,938,934,936,180,360,540,1478
10069,920,920,924,180,364,544,1464
10070,880,888,880,188,356,544,1424
10071,888,884,888,184,360,544,1432
10072,888,886,886,182,360,542,1430
10073,924,922,924,180,362,542,1466
10074,910,914,914,184,362,546,1456
10075,880,880,878,184,360,544,1424
10076,874,874,870,184,356,540,1414
10077,870,870,870,184,356,540,1410
10078,908,904,908,180,360,540,1448
10079,882,882,884,180,362,542,1424
10080,864,832,860,186,358,544,1370
10081,846,842,836,182,352,534,1380
10082,832,832,834,182,354,536,1392
10083,866,866,868,182,356,538,1404
10084,886,886,890,182,360,542,1428
10085,890,896,894,188,358,546,1436
10086,860,858,856,186,356,542,1402
10087,884,882,880,184,354,538,1422
10088,884,880,882,180,356,536,1420
10089,874,876,876,182,356,538,1412
10090,850,850,850,182,356,538,1388
10091,836,834,835,184,352,536,1372
10092,837,835,834.5,180,354,534,1370
10093,838,836,834,178,352,536,1386
10094,864,870,872,184,354,538,1402
10095,886,886,890,184,358,542,1428
10096,882,884,882,186,356,542,1424
10097,886,886,888,186,358,544,1430
10098,984,980,982,182,360,542,1526
10099,1006,1008,1012,184,364,548,1554
10100,996,992,994,180,366,546,1542
10101,936,936,932,180,362,542,1478
10102,928,924,920,176,358,534,1462
10103,954,952,954,177,360,534,1488
10104,940,944,944,178,360,538,1478
10105,952,954,956,180,362,542,1494
10106,918,918,916,180,360,540,1458
10107,890,886,880,176,354,536,1420
10108,912,910,914,179,358,532,1444
10109,920,928,930,182,360,542,1462
10110,948,946,946,180,360,540,1488
10111,906,908,902,182,354,536,1442
10112,904,900,900,178,354,532,1436
10113,904,904,908,178,358,536,1440
10114,918,916,916,176,358,534,1452
10115,922,924,924,178,358,536,1458
10116,930,932,932,180,358,538,1468
10117,894,896,894,182,356,538,1432
10118,874,870,870,178,356,534,1408
10119,948,944,948,180,360,534,1482
10120,954,962,964,182,362,544,1498
10121,978,980,980,184,362,546,1524
10122,946,950,944,188,356,544,1490
10123,938,932,934,182,358,540,1478
10124,962,954,956,182,360,534,1496
10125,978,986,988,182,362,544,1522
10126,986,986,984,182,360,542,1528
10127,932,936,936,186,360,546,1478
10128,930,924,924,180,360,540,1470
10129,938,934,934,176,360,536,1474
10130,936,942,942,182,360,542,1478
10131,932,926,926,176,360,536,1468
10132,886,890,886,180,356,536,1422
10133,894,890,892,176,358,534,1428
10134,930,928,928,179,358,532,1462
10135,932,940,944,182,362,544,1476
10136,924,924,920,182,358,540,1464
10137,868,870,868,184,356,540,1408
10138,876,870,870,178,356,534,1410
10139,892,894,896,180,358,538,1430
10140,904,908,910,184,360,544,1448
10141,924,920,926,180,366,546,1470
10142,892,898,890,186,358,544,1436
10143,862,860,856,184,354,538,1400
10144,866,864,864,182,354,536,1402
10145,922,922,928,182,360,542,1464
10146,918,920,920,184,360,544,1462
10147,918,922,922,188,360,548,1466
10148,910,910,908,188,358,546,1456
10149,924,920,924,184,362,546,1470
10150,944,942,942,182,362,544,1488
10151,944,946,948,184,364,548,1492
10152,916,914,912,182,362,544,1460
10153,882,880,876,180,358,538,1420
10154,876,874,876,178,360,538,1414
10155,904,904,904,178,360,538,1442
10156,894,896,898,180,362,542,1436
10157,838,840,836,182,358,540,1378
10158,848,852,850,186,356,542,1390
10159,860,856,856,182,356,538,1398
10160,930,928,934,180,362,542,1472
10161,944,940,938,176,360,536,1480
10162,896,902,906,182,364,546,1442
10163,870,868,860,180,356,536,1406
10164,864,864,868,180,360,540,1404
10165,870,872,870,182,358,540,1410
10166,952,946,950,176,362,538,1490
10167,958,968,968,186,362,548,1506
10168,974,970,974,182,366,548,1522
10169,926,928,924,184,362,546,1472
10170,920,918,914,182,358,540,1460
10171,966,960,964,176,362,538,1504
10172,960,966,968,182,364,546,1506
10173,942,944,942,184,362,546,1488
10174,924,916,914,176,360,536,1460
10175,888,892,890,180,358,538,1426
10176,872,870,872,178,360,538,1410
10177,916,916,916,178,360,538,1454
10178,916,922,924,184,362,546,1462
10179,960,964,966,188,364,552,1512
10180,934,936,930,190,358,548,1482
10181,934,928,932,184,362,546,1480
10182,988,988,990,184,364,548,1536
10183,1038,1036,1036,182,364,546,1584
10184,1030,1034,1036,186,366,552,1582
10185,1002,998,998,182,366,548,1550
10186,954,952,944,180,358,538,1492
10187,962,962,966,180,362,542,1504
10188,962,964,966,182,364,546,1508
10189,928,936,932,190,360,550,1478
10190,932,928,930,186,362,548,1480
10191,950,946,948,182,364,546,1496
10192,992,988,988,178,364,542,1534
10193,952,956,958,182,366,548,1500
10194,934,940,932,188,358,546,1480
10195,918,914,912,184,356,540,1458
10196,886,884,886,182,358,540,1426
10197,928,922,924,176,360,536,1464
10198,932,936,938,180,362,542,1474
10199,924,928,928,184,362,546,1470
10200,906,908,904,186,358,544,1450
10201,906,898,900,178,360,538,1444
10202,932,936,938,182,362,544,1476
10203,946,950,950,186,362,548,1494
10204,924,924,924,186,362,548,1472
10205,904,902,898,184,358,542,1446
10206,902,902,906,184,362,546,1448
10207,926,926,926,184,362,546,1472
10208,942,942,944,184,364,548,1490
10209,960,964,964,188,364,552,1512
10210,908,906,902,186,360,546,1454
10211,888,888,890,186,362,548,1436
10212,888,888,886,186,360,546,1434
10213,912,910,912,184,362,546,1458
10214,920,922,924,186,364,550,1470
10215,910,912,908,188,360,548,1458
10216,910,910,910,188,360,548,1458
10217,936,928,930,180,362,542,1478
10218,946,944,946,178,364,542,1488
10219,922,926,922,182,360,542,1464
10220,886,886,882,182,356,538,1424
10221,914,910,914,178,360,538,1452
10222,920,920,924,178,364,542,1462
10223,902,902,900,178,362,540,1442
10224,846,850,850,182,362,544,1390
10225,858,856,854,180,360,540,1398
10226,908,904,904,176,360,536,1444
10227,914,918,922,180,364,544,1458
10228,892,892,890,180,362,542,1434
10229,848,848,844,180,358,538,1386
10230,834,836,834,182,356,538,1372
10231,844,840,840,178,356,534,1378
10232,898,898,902,178,360,538,1436
10233,876,878,878,180,360,540,1416
10234,868,868,870,180,362,542,1410
10235,848,852,850,184,360,544,1392
10236,848,848,846,184,358,542,1390
10237,864,862,862,182,358,540,1404
10238,944,944,946,182,360,542,1486
10239,964,964,966,182,362,544,1508
10240,932,932,930,182,360,542,1474
10241,896,896,896,182,360,542,1438
10242,890,886,886,178,360,538,1428
10243,924,922,926,176,364,540,1464
10244,920,922,918,178,360,538,1458
10245,910,914,916,182,362,544,1454
10246,854,856,850,184,356,540,1394
10247,858,854,856,180,358,538,1396
10248,856,858,856,182,356,538,1394
10249,896,890,894,176,360,536,1432
10250,866,874,874,184,360,544,1410
10251,850,848,844,182,356,538,1388
10252,850,850,852,182,358,540,1390
10253,850,850,846,182,354,536,1386
10254,900,898,902,180,358,538,1438
10255,894,900,900,186,358,544,1438
10256,856,856,856,186,358,544,1400
10257,870,868,866,184,356,540,1410
10258,866,864,868,182,360,542,1408
10259,914,912,910,180,358,538,1452
10260,918,922,924,184,360,544,1462
10261,898,900,900,186,360,546,1444
10262,870,868,868,184,360,544,1414
10263,880,878,874,182,356,538,1418
10264,914,912,914,180,358,538,1452
10265,916,918,920,182,360,542,1458
10266,886,886,886,182,360,542,1428
10267,872,874,870,184,356,540,1412
10268,916,912,916,180,360,540,1456
10269,918,918,920,180,362,542,1460
10270,908,910,908,182,360,542,1450
10271,866,872,870,188,358,546,1412
10272,904,896,898,180,360,540,1444
10273,948,948,948,180,360,540,1488
10274,944,946,946,182,360,542,1486
10275,904,908,906,186,358,544,1448
10276,894,892,890,184,356,540,1434
10277,882,878,880,180,358,538,1420
10278,912,912,914,180,360,540,1452
10279,906,908,908,182,360,542,1448
10280,874,880,878,188,358,546,1420
10281,882,882,882,188,358,546,1428
10282,888,886,884,186,356,542,1430
10283,948,946,950,184,360,544,1492
10284,936,934,938,182,364,546,1482
10285,892,898,888,188,354,542,1434
10286,888,882,886,182,358,540,1428
10287,900,900,902,182,360,542,1442
10288,946,946,946,182,360,542,1488
10289,928,926,924,180,358,538,1466
10290,892,896,898,184,360,544,1436
10291,860,858,854,182,356,538,1398
10292,858,856,856,180,356,536,1394
10293,902,900,902,178,358,536,1438
10294,896,900,900,182,358,540,1436
10295,862,866,866,186,358,544,1406
10296,856,856,852,186,354,540,1396
10297,910,904,912,180,362,542,1452
10298,908,908,904,180,358,538,1446
10299,904,908,912,184,362,546,1450
10300,900,900,896,184,358,542,1442
10301,854,852,848,182,354,536,1390
10302,878,878,880,182,356,538,1416
10303,904,904,906,182,358,540,1444
10304,882,886,886,186,358,544,1426
10305,858,858,858,186,358,544,1402
10306,844,844,838,186,352,538,1382
10307,848,844,846,182,354,536,1384
10308,866,864,868,180,358,538,1404
10309,888,890,892,182,360,542,1430
10310,932,936,936,186,360,546,1478
10311,898,902,900,190,358,548,1446
10312,920,920,920,190,358,548,1468
10313,948,946,948,188,360,548,1496
10314,998,996,998,186,362,548,1546
10315,1002,1006,1008,190,364,554,1556
10316,966,966,960,190,358,548,1514
10317,956,952,956,186,362,548,1504
10318,966,962,962,182,362,544,1510
10319,966,970,972,186,364,550,1516
10320,962,962,956,186,358,544,1506
10321,930,930,932,186,360,546,1476
10322,938,932,932,180,360,540,1478
10323,914,920,924,186,364,550,1464
10324,904,904,900,186,360,546,1450
10325,906,904,902,184,358,542,1448
10326,904,906,908,186,360,546,1450
10327,896,898,898,188,360,548,1444
10328,912,916,914,192,358,550,1462
10329,946,942,942,188,358,546,1492
10330,944,944,946,188,360,548,1492
10331,950,956,956,194,360,554,1504
10332,984,984,988,194,364,558,1542
10333,982,980,980,192,364,556,1538
10334,956,954,954,190,364,554,1510
10335,960,962,958,192,360,552,1512
10336,950,950,952,192,362,554,1504
10337,932,932,934,192,364,556,1488
10338,900,890,886,182,360,542,1442
10339,876,870,870,176,360,536,1412
10340,888,890,890,178,360,538,1426
10341,886,896,896,188,360,548,1434
10342,870,872,870,190,358,548,1418
10343,856,854,852,188,356,544,1400
10344,870,866,866,184,356,540,1410
10345,864,862,868,182,362,544,1408
10346,870,874,872,186,360,546,1416
10347,852,854,852,188,358,546,1398
10348,866,864,860,186,354,540,1406
10349,902,902,908,186,360,546,1448
10350,932,928,932,182,364,546,1478
10351,924,928,926,186,362,548,1472
10352,886,886,884,186,360,546,1432
10353,902,900,900,184,360,544,1446
10354,928,922,926,178,364,542,1470
10355,920,924,918,182,358,540,1460
10356,880,884,884,186,358,544,1424
10357,880,878,876,184,356,540,1420
10358,904,900,906,180,362,542,1446
10359,886,884,882,178,360,538,1424
10360,854,862,856,186,354,540,1394
10361,866,864,866,184,356,540,1406
10362,866,864,866,182,358,540,1406
10363,886,886,886,182,358,540,1426
10364,852,858,854,188,354,542,1394
10365,874,874,876,188,356,544,1418
10366,870,868,868,186,356,542,1412
10367,902,896,900,180,360,540,1442
10368,890,894,890,184,356,540,1430
10369,866,868,868,186,356,542,1408
10370,870,868,868,184,356,540,1410
10371,920,916,920,180,360,540,1460
10372,908,914,912,186,358,544,1452
10373,934,930,934,182,362,544,1478
10374,864,868,866,186,360,546,1410
10375,868,866,864,184,358,542,1410
10376,884,880,880,180,358,538,1422
10377,898,898,900,180,360,540,1438
10378,894,900,898,186,358,544,1438
10379,858,860,862,188,360,548,1406
10380,868,864,862,184,358,542,1410
10381,922,918,918,180,358,538,1460
10382,908,912,914,184,360,544,1452
10383,902,906,904,188,358,546,1448
10384,878,878,876,188,356,544,1422
10385,892,886,888,182,358,540,1432
10386,920,920,922,182,360,542,1462
10387,916,922,922,188,360,548,1464
10388,882,876,876,182,360,542,1424
10389,874,878,872,186,354,540,1414
10390,892,888,892,182,358,540,1432
10391,914,914,916,182,360,542,1456
10392,898,900,898,184,358,542,1440
10393,856,854,850,182,354,536,1392
10394,866,862,866,178,358,536,1402
10395,884,888,886,182,356,538,1422
10396,880,884,886,186,358,544,1424
10397,880,882,882,188,358,546,1426
10398,908,908,910,188,360,548,1456
10399,912,910,908,186,358,544,1456
10400,904,910,908,192,356,548,1452
10401,890,884,884,186,356,542,1432
10402,886,882,884,182,358,540,1426
10403,906,906,902,182,354,536,1442
10404,888,888,892,182,358,540,1428
10405,872,878,878,188,358,546,1418
10406,872,870,868,186,356,542,1414
10407,866,864,864,184,356,540,1406
10408,896,900,900,188,356,544,1440
10409,918,916,918,186,358,544,1462
10410,936,936,938,186,360,546,1482
10411,908,910,908,188,358,546,1454
10412,900,900,898,188,356,544,1444
10413,946,942,944,184,358,542,1488
10414,940,940,940,184,358,542,1482
10415,910,912,910,186,356,542,1452
10416,906,906,910,186,360,546,1452
10417,918,916,914,184,358,542,1460
10418,938,938,940,184,360,544,1482
10419,926,928,924,186,356,542,1468
10420,906,904,904,184,356,540,1446
10421,928,924,926,180,358,538,1466
10422,906,914,912,188,356,544,1450
10423,902,902,904,188,358,546,1448
10424,900,896,898,184,360,544,1444
10425,902,904,904,186,360,546,1448
10426,896,902,898,192,356,548,1444
10427,882,878,878,188,356,544,1426
10428,892,888,890,184,358,542,1434
10429,870,872,872,186,358,544,1414
10430,854,860,858,192,356,548,1402
10431,870,868,868,190,356,546,1416
10432,866,862,860,186,354,540,1406
10433,918,914,916,182,356,538,1456
10434,920,928,932,190,360,550,1470
10435,904,898,896,184,358,542,1446
10436,876,878,874,186,354,540,1416
10437,898,894,898,182,358,540,1438
10438,938,938,938,182,358,540,1478
10439,928,934,936,188,360,548,1476
10440,930,928,932,186,364,550,1480
10441,904,902,898,184,360,544,1448
10442,890,890,888,184,358,542,1432
10443,902,900,900,182,358,540,1442
10444,940,938,942,180,362,542,1482
10445,942,948,946,186,360,546,1488
10446,932,932,930,186,358,544,1476
10447,914,914,914,186,358,544,1458
10448,928,922,924,180,360,540,1468
10449,930,932,934,182,362,544,1474
10450,916,918,914,184,358,542,1458
10451,914,916,916,186,358,544,1458
10452,910,910,912,186,360,546,1456
10453,924,924,922,186,358,544,1468
10454,926,924,924,184,358,542,1468
10455,908,912,910,188,356,544,1452
10456,916,916,916,188,356,544,1460
10457,928,924,930,184,362,546,1474
10458,920,924,922,188,360,548,1468
10459,922,920,916,186,356,542,1464
10460,904,908,910,190,358,548,1452
10461,906,902,902,186,358,544,1450
10462,900,902,902,188,358,546,1446
10463,890,888,890,186,360,546,1436
10464,866,868,864,188,356,544,1410
10465,868,860,862,180,358,538,1406
10466,834,838,836,184,356,540,1374
10467,894,894,894,184,356,540,1434
10468,920,922,922,186,356,542,1462
10469,912,918,922,192,360,552,1464
10470,900,900,896,192,356,548,1448
10471,908,900,902,184,358,542,1450
10472,926,924,926,182,360,542,1468
10473,956,960,960,186,360,546,1502
10474,952,954,956,188,362,550,1502
10475,918,916,916,186,362,548,1466
10476,902,896,892,180,358,538,1440
10477,904,906,906,182,358,540,1444
10478,910,906,906,178,358,536,1446
10479,904,908,910,182,360,542,1446
10480,850,848,842,180,354,534,1384
10481,856,860,862,184,356,540,1396
10482,856,854,854,182,356,538,1394
10483,864,862,862,180,356,536,1400
10484,850,854,854,184,356,540,1390
10485,838,840,838,186,354,540,1378
10486,846,846,848,186,356,542,1388
10487,880,880,878,186,354,540,1420
10488,884,882,884,184,356,540,1424
10489,884,886,888,186,358,544,1428
10490,862,862,858,186,354,540,1402
10491,876,878,878,188,354,542,1418
10492,896,890,892,182,356,538,1434
10493,888,888,890,182,358,540,1428
10494,900,902,902,184,358,542,1442
10495,858,860,856,186,354,540,1398
10496,862,864,864,188,354,542,1404
10497,886,880,882,182,356,538,1424
10498,880,882,884,184,358,542,1422
10499,888,886,884,182,356,538,1426
10500,870,874,872,186,354,540,1410
10501,912,912,916,186,358,544,1456
10502,914,912,912,184,358,542,1456
10503,896,902,900,190,356,546,1442
10504,896,894,896,188,358,546,1442
10505,924,922,924,186,360,546,1470
10506,912,910,910,184,360,544,1456
10507,890,890,888,184,358,542,1432
10508,872,876,872,188,354,542,1414
10509,872,872,872,188,354,542,1414
10510,890,886,888,184,356,540,1430
10511,896,900,900,188,356,544,1440
10512,916,916,918,188,358,546,1462
10513,908,908,908,188,358,546,1454
10514,930,930,930,188,358,546,1476
10515,970,972,972,190,358,548,1518
10516,946,950,954,194,362,556,1502
10517,964,962,960,192,360,552,1516
10518,938,938,940,192,362,554,1492
10519,972,966,966,186,362,548,1520
10520,968,974,974,192,362,554,1522
10521,962,962,962,192,362,554,1516
10522,926,920,922,186,364,550,1476
10523,912,904,900,178,360,538,1450
10524,940,948,950,186,362,548,1488
10525,958,962,962,190,362,552,1510
10526,926,928,928,192,362,554,1480
10527,920,914,910,186,358,544,1464
10528,936,934,936,184,360,544,1480
10529,918,918,918,184,360,544,1462
10530,928,928,930,184,362,546,1474
10531,898,900,900,186,362,548,1446
10532,874,874,866,186,354,540,1414
10533,920,916,920,182,358,540,1460
10534,918,916,920,180,362,542,1460
10535,916,920,920,184,362,546,1462
10536,886,890,884,188,356,544,1430
10537,896,892,896,184,360,544,1440
10538,926,926,926,184,360,544,1470
10539,932,932,934,184,362,546,1478
10540,926,930,926,188,358,546,1472
10541,900,898,896,186,356,542,1442
10542,892,892,892,186,356,542,1434
10543,916,916,922,186,362,548,1464
10544,936,938,936,188,360,548,1484
10545,926,926,924,188,358,546,1472
10546,918,920,920,190,358,548,1466
10547,950,948,950,188,360,548,1498
10548,982,988,992,194,364,558,1540
10549,968,970,966,196,360,556,1524
10550,962,962,960,196,358,554,1516
10551,976,972,976,192,362,554,1530
10552,966,964,962,190,360,550,1516
10553,946,946,944,190,358,548,1494
10554,920,918,920,188,360,548,1468
10555,936,934,934,186,360,546,1482
10556,946,952,956,192,364,556,1502
10557,922,928,922,198,358,556,1478
10558,932,928,930,194,360,554,1486
10559,912,906,904,188,358,546,1458
10560,880,886,888,194,360,554,1434
10561,888,884,884,190,360,550,1438
10562,850,846,844,186,358,544,1394
10563,922,918,918,182,358,540,1462
10564,926,934,936,190,360,550,1476
10565,932,930,934,188,364,552,1484
10566,876,874,870,186,360,546,1422
10567,872,866,866,180,360,540,1412
10568,924,924,926,180,362,542,1466
10569,924,928,930,184,364,548,1472
10570,914,916,916,186,364,550,1464
10571,876,878,874,188,360,548,1424
10572,878,872,868,182,356,538,1416
10573,900,898,902,180,360,540,1440
10574,886,888,890,182,362,544,1430
10575,874,876,874,184,360,544,1418
10576,857,855,856,186,354,540,1398
10577,840,834,838,180,358,538,1378
10578,850,850,852,180,360,540,1390
10579,842,844,842,182,358,540,1382
10580,829,829,829,186,354,540,1369
10581,821.5,822.5,821.5,184,356,540,1361.5
10582,831.75,830.25,832.75,186,354,540,1372.75
10583,842,838,844,182,360,542,1384
10584,846,852,848,188,356,544,1390
10585,852,854,854,190,356,546,1398
10586,850,848,846,188,354,542,1392
10587,882,880,886,186,360,546,1428
10588,900,894,894,180,360,540,1440
10589,850,860,856,190,356,546,1396
10590,874,872,870,188,354,542,1416
10591,874,872,874,186,356,542,1416
10592,906,906,908,186,358,544,1450
10593,904,906,908,188,360,548,1452
10594,890,892,890,190,358,548,1438
10595,918,918,920,190,360,550,1468
10596,922,918,920,186,362,548,1470
10597,892,896,892,190,358,548,1440
10598,898,898,896,190,356,546,1444
10599,896,894,896,188,358,546,1442
10600,886,882,882,184,358,542,1428
10601,882,884,884,186,358,544,1426
10602,876,880,878,190,356,546,1422
10603,874,874,872,190,354,544,1418
10604,912,906,910,184,358,542,1454
10605,910,908,908,182,358,540,1450
10606,924,930,934,188,362,550,1474
10607,872,876,870,192,356,548,1420
10608,886,876,880,182,360,542,1428
10609,874,874,872,182,358,540,1414
10610,870,868,866,180,356,536,1406
10611,854,860,862,186,358,544,1398
10612,830,834,832,190,356,546,1376
10613,850,844,844,184,356,540,1390
10614,880,880,880,184,356,540,1420
10615,896,896,900,184,360,544,1440
10616,904,906,906,186,360,546,1450
10617,878,884,878,192,354,546,1424
10618,896,888,888,184,354,538,1434
10619,938,936,942,182,360,542,1480
10620,952,948,948,178,360,538,1490
10621,936,944,942,186,358,544,1480
10622,920,922,916,188,352,540,1460
10623,918,914,916,184,354,538,1456
10624,928,926,934,182,362,544,1472
10625,942,944,940,184,358,542,1484
10626,952,952,952,184,358,542,1494
10627,916,922,916,190,352,542,1458
10628,916,912,912,186,352,538,1454
10629,934,930,936,182,358,540,1474
10630,940,942,940,184,356,540,1480
10631,944,948,948,188,356,544,1488
10632,926,928,928,190,356,546,1472
10633,918,914,914,186,356,542,1460
10634,958,952,958,180,362,542,1500
10635,940,948,946,188,360,548,1488
10636,938,944,942,194,358,552,1490
10637,944,944,944,194,358,552,1496
10638,972,964,968,186,362,548,1520
10639,960,962,960,188,360,548,1508
10640,952,952,950,188,358,546,1498
10641,938,936,932,186,354,540,1478
10642,844,928,932,187,358,544,1472
10643,1032,950,952,188,360,548,1580
10644,952,954,954,190,360,550,1502
10645,936,936,934,190,358,548,1484
10646,920,918,918,188,358,546,1466
10647,924,922,924,186,360,546,1470
10648,968,966,966,184,360,544,1512
10649,946,950,950,188,360,548,1494
10650,930,940,940,198,360,558,1488
10651,940,938,934,196,356,552,1492
10652,936,926,930,186,360,546,1482
10653,978,978,980,186,362,548,1526
10654,956,960,960,190,362,552,1508
10655,944,944,942,190,360,550,1494
10656,926,924,924,188,360,548,1474
10657,942,936,938,182,362,544,1486
10658,944,946,944,184,360,544,1488
10659,936,938,938,186,360,546,1482
10660,898,902,898,190,356,546,1444
10661,904,900,900,186,356,542,1446
10662,918,914,920,182,362,544,1462
10663,908,912,912,186,362,548,1456
10664,896,902,898,192,358,550,1446
10665,926,924,926,190,360,550,1476
10666,924,930,926,196,356,552,1476
10667,976,968,976,188,364,552,1528
10668,966,966,966,188,364,552,1518
10669,926,928,922,190,358,548,1474
10670,934,930,932,186,360,546,1480
10671,936,936,936,186,360,546,1482
10672,944,940,944,182,364,546,1490
10673,910,918,912,190,358,548,1458
10674,920,920,920,190,358,548,1468
10675,920,920,922,190,360,550,1470
10676,930,924,924,184,360,544,1474
10677,896,902,902,190,360,550,1446
10678,900,898,896,188,358,546,1446
10679,892,896,894,192,356,548,1440
10680,928,924,930,188,362,550,1478
10681,924,920,922,184,364,548,1472
10682,922,926,926,188,364,552,1474
10683,868,866,860,186,358,544,1412
10684,876,874,874,184,358,542,1418
10685,900,898,900,182,360,542,1442
10686,894,896,898,184,362,546,1440
10687,914,916,916,186,362,548,1462
10688,902,908,904,192,358,550,1452
10689,868,864,866,188,360,548,1416
10690,912,910,910,186,360,546,1458
10691,946,940,940,180,360,540,1486
10692,902,906,906,184,360,544,1446
10693,892,892,892,184,360,544,1436
10694,882,884,884,186,360,546,1428
10695,862,860,858,184,358,542,1404
10696,870,872,872,186,358,544,1414
10697,890,888,892,184,362,546,1436
10698,902,902,904,184,364,548,1450
10699,896,900,896,188,360,548,1444
10700,884,886,886,190,360,550,1434
10701,918,914,916,186,362,548,1466
10702,926,922,924,182,364,546,1472
10703,906,910,906,186,360,546,1452
10704,902,904,900,188,356,544,1446
10705,904,904,908,188,360,548,1452
10706,940,940,938,188,358,546,1486
10707,958,954,958,184,362,546,1504
10708,916,922,922,190,362,552,1468
10709,936,936,932,190,358,548,1484
10710,916,912,914,186,360,546,1462
10711,950,948,952,184,364,548,1498
10712,948,946,946,182,364,546,1494
10713,932,940,938,190,362,552,1484
10714,930,930,928,190,360,550,1480
10715,916,914,914,188,360,548,1464
10716,942,938,940,184,362,546,1488
10717,932,934,934,186,362,548,1480
10718,950,950,946,186,358,544,1494
10719,928,938,940,196,360,556,1484
10720,946,942,944,192,362,554,1500
10721,946,940,938,186,360,546,1492
10722,920,930,932,196,362,558,1478
10723,926,918,914,188,358,546,1472
10724,896,894,898,186,362,548,1444
10725,930,932,932,188,362,550,1480
10726,912,914,912,190,360,550,1462
10727,906,908,908,192,360,552,1458
10728,918,916,916,190,360,550,1468
10729,948,940,942,182,362,544,1492
10730,898,902,902,186,362,548,1446
10731,884,884,882,186,360,546,1430
10732,874,874,874,186,360,546,1420
10733,864,866,866,188,360,548,1412
10734,870,866,864,184,358,542,1412
10735,846,846,848,184,360,544,1390
10736,830,830,826,184,356,540,1370
10737,819,819,817,186,354,540,1359
10738,826.5,823.5,824.5,186,354,540,1365.5
10739,834,817.75,832,180,358,538,1372
10740,820,809.875,817,186,356,542,1358
10741,802,798.938,799.5,182,356,538,1339
10742,800,796.469,790.75,186,350,536,1328.5
10743,803,795.234,797.375,182,349,527,1326.25
10744,788.5,789.617,791.688,181,349.5,528.5,1315.125
10745,784.25,785.809,785.844,180,350,529.25,1312.562
10746,820.125,776.904,777.922,182,350,486.625,1306.281
10747,856,771.452,770.961,178,350,504.312,1257.141
10748,807,765.726,768.48,177,352,517.156,1272.57
10749,784.5,764.863,764.24,176,354,522.578,1281.285
10750,767.25,758.432,758.12,178,350,526.289,1280.643
10751,758.625,753.216,753.06,180,350,527.145,1279.321
10752,750.312,747.608,745.53,178,350,525.572,1272.661
10753,746.156,742.804,742.765,178,349,523.786,1268.33
10754,749.078,746.402,745.383,175,347.5,520.893,1269.165
10755,747.539,748.201,749.691,175.5,348.75,523.447,1270.583
10756,766.77,765.1,765.846,176,350,522.723,1289.291
10757,780.385,779.55,779.923,174,350,522.362,1302.646
10758,782.192,781.775,781.961,173,350,522.181,1304.323
10759,786.096,786.888,785.981,173.5,350,522.09,1308.161
10760,790.048,790.444,789.99,173.75,349,522.045,1312.081
10761,804.024,803.222,804.995,172.875,350.5,523.023,1327.04
10762,849.012,848.611,851.498,172.438,352,525.511,1374.52
10763,894,894,898,171.219,356,525.756,1422
10764,926,924,924,172.609,356,529.878,1452
10765,922,926,930,176.305,360,534,1456
10766,892,898,896,180,358,538,1430
10767,898,894,894,176,358,534,1432
10768,938,934,934,175,358,534,1468
10769,962,964,966,174.5,360,534,1496
10770,934,934,934,177.25,360,534,1468
10771,884,890,888,180,358,538,1422
10772,888,886,884,178,356,534,1422
10773,960,960,962,178,358,536,1496
10774,958,954,956,177,360,534,1492
10775,966,968,968,176,360,536,1502
10776,932,938,936,182,358,540,1472
10777,928,926,926,180,358,538,1466
10778,932,936,934,184,356,540,1472
10779,964,964,968,184,360,544,1508
10780,946,946,946,184,360,544,1490
10781,956,956,956,184,360,544,1500
10782,976,972,972,180,360,540,1516
10783,1012,1018,1018,186,360,546,1558
10784,1044,1044,1044,186,360,546,1590
10785,1042,1044,1046,188,362,550,1592
10786,1006,1004,1002,186,360,546,1552
10787,982,982,984,186,362,548,1530
10788,1022,1022,1022,186,362,548,1570
10789,1018,1024,1026,192,364,556,1574
10790,996,994,990,190,360,550,1546
10791,1010,1008,1010,188,362,550,1560
10792,998,1002,1000,192,360,552,1550
10793,1002,1006,1006,196,360,556,1558
10794,910,990,990,193,360,554,1546
10795,982,1036,1038,190,362,552,1583
10796,1054,1040,1039,198,366,560,1594.5
10797,1038,1044,1040,199,362,561,1606
10798,1008,1002,1002,198.5,362,562,1570
10799,1034,1032,1035,198,362,560,1599
10800,1029,1028,1028.5,199,368,563,1594.5
10801,1024,1024,1022,197.5,366,561.5,1590
10802,982,978,976,196,364,560,1542
10803,1018,1020,1024,198,368,563,1584
10804,1004,1006,1004,205,366,572.5,1570
10805,1046,1039,1037,206.5,370,574.25,1611
10806,1068,1062.5,1061.5,205.25,368,573.125,1636.5
10807,1065,1062.25,1062.75,204.625,368,573.562,1636.25
10808,1055.5,1053.125,1053.375,203.312,370,572.781,1627.125
10809,1046,1044,1044,200.656,370,571.391,1623.562
10810,1050,1046,1048,198,372,569.695,1588.781
10811,986,988,984,197,368,566.848,1554
10812,970,966,966,196,368,564,1534
10813,964,960,960,192,368,560,1524
10814,948,958,956,200,366,569,1516
10815,978,984,988,197,370,565.5,1556
10816,962,948,946,194,368,562,1524
10817,978,982,986,198,372,565,1548
10818,944,948,942,198,366,565.5,1512
10819,930,926,928,198,368,563.75,1496
10820,914,910,910,194,368,562,1476
10821,934,930,932,190,370,560,1494
10822,860,860,856,190,366,556,1416
10823,842,838,838,186,366,552,1394
10824,834,834,832,186,358,544,1378
10825,816,819,819,184,360,544,1370
10826,802,801.5,799.5,190,362,552,1351
10827,794,791.75,792.75,186,358,544,1340.5
10828,795,793.875,792.375,182,362,544,1338.25
10829,799.5,800.938,801.188,182,358,540,1344.125
10830,810.75,811.469,812.594,186,360,546,1357.062
10831,808.375,809.734,811.297,186,362,548,1370
10832,803.188,802.867,801.648,188,364,552,1357
10833,805.594,803.434,802.824,186,360,546,1353.5
10834,810.797,810.717,810.412,182,360,542,1356.75