b,PPn,RRn,TTn,PR,RT,PT,TPn
3,842,844,842,132,340,472,1314
4,844,846,846,134,340,474,1318
5,846,848,846,136,338,474,1320
6,846,846,844,136,336,472,1318
7,850,848,850,134,338,472,1322
8,858,858,860,134,340,474,1332
9,858,858,858,134,340,474,1332
10,864,862,862,132,340,472,1336
11,866,868,868,134,340,474,1340
12,868,868,868,134,340,474,1342
13,872,876,876,138,340,478,1350
14,882,878,880,134,342,476,1358
15,900,900,900,134,342,476,1376
16,902,900,902,132,344,476,1378
17,892,896,894,136,342,478,1370
18,902,900,902,134,344,478,1380
19,900,900,900,134,344,478,1378
20,902,902,900,134,342,476,1378
21,906,906,908,134,344,478,1384
22,896,896,894,134,342,476,1372
23,894,894,894,134,342,476,1370
24,884,884,884,134,342,476,1360
25,886,888,888,136,342,478,1364
26,890,888,890,134,344,478,1368
27,888,890,888,136,342,478,1366
28,876,878,878,138,342,480,1356
29,880,876,878,134,344,478,1358
30,870,870,870,134,344,478,1348
31,862,864,862,136,342,478,1340
32,856,856,856,136,342,478,1334
33,850,850,848,136,340,476,1326
34,842,842,842,136,340,476,1318
35,826,826,828,136,342,478,1304
36,822,820,818,134,340,474,1296
37,826,828,828,136,340,476,1302
38,836,836,838,136,342,478,1314
39,850,848,850,134,344,478,1328
40,858,858,856,134,342,476,1334
41,864,866,868,136,344,480,1344
42,878,876,876,134,344,478,1356
43,896,894,896,132,346,478,1374
44,894,898,896,136,344,480,1374
45,898,898,898,136,344,480,1378
46,902,902,902,136,344,480,1382
47,908,906,906,134,344,478,1386
48,904,906,906,136,344,480,1384
49,910,908,910,134,346,480,1390
50,922,922,922,134,346,480,1402
51,914,916,916,136,346,482,1396
52,916,912,912,132,346,478,1394
53,904,908,904,136,342,478,1382
54,902,900,904,134,346,480,1382
55,890,892,890,136,344,480,1370
56,878,878,878,136,344,480,1358
57,862,860,860,134,344,478,1340
58,860,862,860,136,342,478,1338
59,862,862,860,136,340,476,1338
60,862,862,862,136,340,476,1338
61,868,866,870,134,344,478,1346
62,854,854,854,134,344,478,1332
63,846,846,846,134,344,478,1324
64,844,844,844,134,344,478,1322
65,850,852,848,136,340,476,1326
66,872,870,874,134,344,478,1350
67,898,900,898,136,342,478,1376
68,926,924,928,134,346,480,1406
69,936,936,934,134,344,478,1414
70,934,934,938,134,348,482,1416
71,932,930,928,132,346,478,1410
72,922,924,924,134,346,480,1402
73,924,924,924,134,346,480,1404
74,914,912,914,132,348,480,1394
75,906,910,906,136,344,480,1386
76,890,890,892,136,346,482,1372
77,884,882,880,134,344,478,1362
78,874,874,874,134,344,478,1352
79,874,872,872,132,344,476,1350
80,872,876,874,136,342,478,1350
81,876,874,878,134,346,480,1356
82,868,870,870,136,346,482,1350
83,862,862,860,136,344,480,1342
84,854,852,852,134,344,478,1332
85,846,848,850,136,346,482,1328
86,856,856,854,136,344,480,1336
87,866,866,866,136,344,480,1346
88,864,862,862,134,344,478,1342
89,870,872,872,136,344,480,1350
90,870,870,870,136,344,480,1350
91,878,878,880,136,346,482,1360
92,898,898,900,136,348,484,1382
93,896,894,892,134,346,480,1376
94,892,892,892,134,346,480,1372
95,888,890,890,136,346,482,1370
96,894,892,894,134,348,482,1376
97,890,890,888,134,346,480,1370
98,876,878,878,136,346,482,1358
99,872,872,872,136,346,482,1354
100,866,868,866,138,344,482,1348
101,870,868,868,136,344,480,1350
102,870,870,872,136,346,482,1352
103,884,882,882,134,346,480,1364
104,880,880,880,134,346,480,1360
105,876,876,876,134,346,480,1356
106,876,876,874,134,344,478,1354
107,880,882,884,136,346,482,1362
108,894,894,894,136,346,482,1376
109,904,900,902,132,348,480,1384
110,902,904,904,134,348,482,1384
111,902,902,904,134,350,484,1386
112,906,906,904,134,348,482,1388
113,886,888,886,136,346,482,1368
114,874,874,876,136,348,484,1358
115,876,874,872,134,346,480,1356
116,874,874,876,134,348,482,1356
117,882,882,880,134,346,480,1362
118,878,882,882,138,346,484,1362
119,886,882,882,134,346,480,1366
120,872,874,874,136,346,482,1354
121,874,870,870,132,346,478,1352
122,862,864,864,134,346,480,1342
123,862,864,862,136,344,480,1342
124,858,858,860,136,346,482,1340
125,862,858,860,132,348,480,1342
126,864,866,864,134,346,480,1344
127,860,860,860,134,346,480,1340
128,868,868,866,134,344,478,1346
129,858,858,860,134,346,480,1338
130,838,832,830,128,344,472,1310
131,830,830,830,128,344,472,1302
132,812,816,816,132,344,476,1288
133,800,792,790,124,342,466,1266
134,792,790,786,122,338,460,1252
135,778,780,782,124,340,464,1242
136,772,780,780,132,340,472,1244
137,774,770,770,128,340,468,1242
138,768,776,774,136,338,474,1242
139,774,772,770,134,336,470,1244
140,768,770,768,136,334,470,1238
141,768,768,772,136,338,474,1242
142,772,770,770,134,338,472,1244
143,772,772,772,134,338,472,1244
144,774,774,774,134,338,472,1246
145,784,784,782,134,336,470,1254
146,794,792,794,132,338,470,1264
147,812,814,816,134,340,474,1286
148,832,830,832,132,342,474,1306
149,836,836,838,132,344,476,1312
150,842,842,840,132,342,474,1316
151,844,846,846,134,342,476,1320
152,848,850,848,136,340,476,1324
153,844,844,846,136,342,478,1322
154,850,846,848,132,344,476,1326
155,850,850,850,132,344,476,1326
156,846,844,844,130,344,474,1320
157,840,844,842,134,342,476,1316
158,844,844,844,134,342,476,1320
159,846,846,846,134,342,476,1322
160,858,860,860,136,342,478,1336
161,882,880,882,134,344,478,1360
162,896,894,896,132,346,478,1374
163,900,904,904,136,346,482,1382
164,904,902,902,134,346,480,1384
165,904,904,902,134,344,478,1382
166,882,882,882,134,344,478,1360
167,866,866,866,134,344,478,1344
168,866,864,864,132,344,476,1342
169,864,866,866,134,344,478,1342
170,866,866,866,134,344,478,1344
171,870,870,872,134,346,480,1350
172,888,890,888,136,344,480,1368
173,910,908,910,134,346,480,1390
174,926,926,930,134,350,484,1410
175,936,936,936,134,350,484,1420
176,922,922,920,134,348,482,1404
177,922,920,920,132,348,480,1402
178,916,918,916,134,346,480,1396
179,910,908,908,132,346,478,1388
180,904,902,904,130,348,478,1382
181,898,896,896,128,348,476,1374
182,874,872,870,126,346,472,1346
183,828,832,828,130,342,472,1300
184,802,804,804,132,342,474,1276
185,808,806,806,130,342,472,1280
186,800,802,802,132,342,474,1274
187,812,808,808,128,342,470,1282
188,816,818,820,130,344,474,1290
189,848,848,848,130,344,474,1322
190,862,862,866,130,348,478,1340
191,860,862,858,132,344,476,1336
192,856,852,852,128,344,472,1328
193,852,850,854,126,348,474,1326
194,850,854,852,130,346,476,1326
195,854,852,854,128,348,476,1330
196,850,848,848,126,348,474,1324
197,830,832,828,128,344,472,1302
198,832,834,836,130,346,476,1308
199,848,846,848,128,348,476,1324
200,848,852,848,132,344,476,1324
201,840,838,840,130,346,476,1316
202,836,838,838,132,346,478,1314
203,840,846,844,138,344,482,1322
204,844,838,838,132,344,476,1320
205,844,848,848,136,344,480,1324
206,860,858,860,134,346,480,1340
207,878,878,880,134,348,482,1360
208,886,888,886,136,346,482,1368
209,888,888,886,136,344,480,1368
210,896,894,896,134,346,480,1376
211,894,894,894,134,346,480,1374
212,896,896,896,134,346,480,1376
213,888,886,884,132,344,476,1364
214,886,882,882,128,344,472,1358
215,872,872,872,128,344,472,1344
216,880,880,882,128,346,474,1354
217,884,886,886,130,346,476,1360
218,896,894,896,128,348,476,1372
219,896,894,892,126,346,472,1368
220,892,898,896,132,344,476,1368
221,904,900,902,128,346,474,1378
222,902,902,902,128,346,474,1376
223,898,900,900,130,346,476,1374
224,896,894,892,128,344,472,1368
225,878,880,878,130,342,472,1350
226,868,868,870,130,344,474,1342
227,868,868,868,130,344,474,1342
228,866,866,868,130,346,476,1342
229,868,870,868,132,344,476,1344
230,860,858,856,130,342,472,1332
231,854,854,854,130,342,472,1326
232,850,848,850,128,344,472,1322
233,856,860,858,132,342,474,1330
234,862,860,864,130,346,476,1338
235,862,864,862,132,344,476,1338
236,868,868,870,132,346,478,1346
237,870,870,868,132,344,476,1346
238,866,868,868,134,344,478,1344
239,868,870,870,136,344,480,1348
240,872,872,872,136,344,480,1352
241,870,868,870,134,346,480,1350
242,868,870,866,136,342,478,1346
243,856,856,858,136,344,480,1336
244,852,852,850,136,342,478,1330
245,856,854,858,134,346,480,1336
246,860,860,860,134,346,480,1340
247,852,852,850,134,344,478,1330
248,850,852,852,136,344,480,1330
249,852,852,850,136,342,478,1330
250,856,856,858,136,344,480,1336
251,862,862,860,136,342,478,1340
252,860,860,860,136,342,478,1338
253,864,862,864,134,344,478,1342
254,870,872,872,136,344,480,1350
255,882,882,882,136,344,480,1362
256,898,898,900,136,346,482,1380
257,898,896,896,134,346,480,1378
258,900,898,898,132,346,478,1378
259,892,898,894,138,342,480,1372
260,894,890,894,134,346,480,1374
261,892,894,894,136,346,482,1374
262,898,894,896,132,348,480,1378
263,888,890,888,134,346,480,1368
264,882,882,880,134,344,478,1360
265,874,874,874,134,344,478,1352
266,876,878,878,136,344,480,1356
267,878,876,878,134,346,480,1358
268,872,874,874,136,346,482,1354
269,870,870,866,136,342,478,1348
270,868,868,870,136,344,480,1348
271,878,876,878,134,346,480,1358
272,884,886,886,136,346,482,1366
273,884,882,882,134,346,480,1364
274,884,886,886,136,346,482,1366
275,882,882,880,136,344,480,1362
276,884,886,888,138,346,484,1368
277,884,880,880,134,346,480,1364
278,892,894,894,136,346,482,1374
279,888,888,888,136,346,482,1370
280,874,872,872,134,346,480,1354
281,860,862,858,136,342,478,1338
282,856,854,856,134,344,478,1334
283,842,844,846,136,346,482,1324
284,840,840,836,136,342,478,1318
285,828,826,826,134,342,476,1304
286,814,818,816,138,340,478,1292
287,812,808,810,134,342,476,1288
288,816,816,816,134,342,476,1292
289,824,826,826,136,342,478,1302
290,832,830,834,134,346,480,1312
291,836,836,834,134,344,478,1314
292,836,836,836,134,344,478,1314
293,836,838,836,136,342,478,1314
294,838,838,840,136,344,480,1318
295,846,844,844,134,344,478,1324
296,844,846,846,136,344,480,1324
297,838,838,836,136,342,478,1316
298,846,844,848,134,346,480,1326
299,848,850,848,136,344,480,1328
300,848,848,848,136,344,480,1328
301,854,852,852,134,344,478,1332
302,848,848,848,134,344,478,1326
303,852,854,852,136,342,478,1330
304,856,854,856,134,344,478,1334
305,864,864,866,134,346,480,1344
306,878,880,878,136,344,480,1358
307,882,880,884,134,348,482,1364
308,880,882,876,136,342,478,1358
309,880,878,882,134,346,480,1360
310,896,896,898,134,348,482,1378
311,908,910,908,136,346,482,1390
312,922,920,920,134,346,480,1402
313,922,924,924,136,346,482,1404
314,908,906,906,134,346,480,1388
315,892,894,892,136,344,480,1372
316,878,876,878,134,346,480,1358
317,876,874,876,132,348,480,1356
318,868,872,870,136,346,482,1350
319,866,862,862,132,346,478,1344
320,860,864,860,136,342,478,1338
321,860,862,862,138,342,480,1340
322,876,872,876,134,346,480,1356
323,884,884,884,134,346,480,1364
324,888,888,888,134,346,480,1368
325,892,894,894,136,346,482,1374
326,900,896,894,132,344,476,1376
327,900,904,906,136,346,482,1382
328,900,898,900,134,348,482,1382
329,896,900,896,138,344,482,1378
330,900,894,898,132,348,480,1380
331,894,896,892,134,344,478,1372
332,890,892,892,136,344,480,1370
333,904,902,904,134,346,480,1384
334,912,912,912,134,346,480,1392
335,920,918,918,132,346,478,1398
336,914,914,914,132,346,478,1392
337,920,922,924,134,348,482,1402
338,930,930,928,134,346,480,1410
339,936,936,938,134,348,482,1418
340,938,938,938,134,348,482,1420
341,934,934,930,134,344,478,1412
342,926,928,930,136,346,482,1408
343,928,928,930,136,348,484,1412
344,924,922,924,134,350,484,1408
345,920,918,916,132,348,480,1400
346,910,910,910,132,348,480,1390
347,900,904,900,136,344,480,1380
348,898,896,896,134,344,478,1376
349,894,896,898,136,346,482,1376
350,888,888,888,136,346,482,1370
351,884,882,884,134,348,482,1366
352,858,860,856,136,344,480,1338
353,850,850,846,136,340,476,1326
354,828,822,824,130,342,472,1300
355,820,820,820,130,342,472,1292
356,818,822,822,134,342,476,1294
357,828,830,830,136,342,478,1306
358,828,828,828,136,342,478,1306
359,840,842,842,138,342,480,1320
360,854,848,852,132,346,478,1332
361,862,866,862,136,342,478,1340
362,864,866,866,138,342,480,1344
363,864,862,862,136,342,478,1342
364,858,856,858,134,344,478,1336
365,858,860,858,136,342,478,1336
366,862,860,864,134,346,480,1342
367,868,870,870,136,346,482,1350
368,850,850,846,136,342,478,1328
369,840,838,840,134,344,478,1318
370,842,842,840,134,342,476,1318
371,844,844,848,134,346,480,1324
372,860,860,858,134,344,478,1338
373,880,880,882,134,346,480,1360
374,888,888,888,134,346,480,1368
375,886,886,884,134,344,478,1364
376,888,888,888,134,344,478,1366
377,882,882,884,134,346,480,1362
378,880,880,880,134,346,480,1360
379,868,870,868,136,344,480,1348
380,860,858,858,134,344,478,1338
381,852,850,850,132,344,476,1328
382,846,850,852,136,346,482,1328
383,856,856,854,136,344,480,1336
384,848,848,848,136,344,480,1328
385,838,838,838,136,344,480,1318
386,838,836,836,134,344,478,1316
387,838,838,838,134,344,478,1316
388,840,842,842,136,344,480,1320
389,838,836,838,134,346,480,1318
390,830,832,828,136,342,478,1308
391,834,834,834,136,342,478,1312
392,840,840,842,136,344,480,1320
393,850,850,850,136,344,480,1330
394,860,862,864,138,346,484,1344
395,878,876,876,136,346,482,1360
396,876,874,874,134,346,480,1356
397,870,864,864,128,346,474,1344
398,870,872,870,130,344,474,1344
399,870,870,872,130,346,476,1346
400,866,866,866,130,346,476,1342
401,860,858,856,128,344,472,1332
402,836,840,838,132,342,474,1310
403,848,846,848,130,344,474,1322
404,850,848,850,128,346,474,1324
405,846,850,848,132,344,476,1322
406,846,844,842,130,342,472,1318
407,844,842,842,128,342,470,1314
408,840,842,844,130,344,474,1314
409,844,844,844,130,344,474,1318
410,856,856,856,130,344,474,1330
411,860,858,860,128,346,474,1334
412,862,864,862,130,344,474,1336
413,870,870,868,130,342,472,1342
414,866,866,868,130,344,474,1340
415,884,884,888,130,348,478,1362
416,882,882,880,130,346,476,1358
417,894,892,892,128,346,474,1368
418,882,884,882,130,344,474,1356
419,876,876,876,130,344,474,1350
420,882,880,882,128,346,474,1356
421,888,890,890,130,346,476,1364
422,890,894,894,134,346,480,1370
423,880,882,882,136,346,482,1362
424,880,880,876,136,342,478,1358
425,882,880,882,134,344,478,1360
426,890,890,892,134,346,480,1370
427,892,894,894,136,346,482,1374
428,896,896,896,136,346,482,1378
429,896,894,894,134,346,480,1376
430,896,900,898,138,344,482,1378
431,900,896,898,134,346,480,1380
432,906,906,906,134,346,480,1386
433,896,898,898,136,346,482,1378
434,896,896,896,136,346,482,1378
435,890,890,890,136,346,482,1372
436,886,886,884,136,344,480,1366
437,890,888,890,134,346,480,1370
438,880,884,882,138,344,482,1362
439,880,878,878,136,344,480,1360
440,874,872,872,134,344,478,1352
441,872,874,874,136,344,480,1352
442,878,876,878,134,346,480,1358
443,872,872,870,134,344,478,1350
444,868,870,870,136,344,480,1348
445,862,860,862,134,346,480,1342
446,844,844,840,134,342,476,1320
447,838,840,838,136,340,476,1314
448,840,838,842,134,344,478,1318
449,840,842,842,136,344,480,1320
450,832,834,830,138,340,478,1310
451,830,824,826,132,342,474,1304
452,824,826,826,134,342,476,1300
453,832,834,836,136,344,480,1312
454,836,838,836,138,342,480,1316
455,840,836,836,134,342,476,1316
456,842,844,844,136,342,478,1320
457,848,848,848,136,342,478,1326
458,846,846,848,136,344,480,1326
459,850,848,850,134,346,480,1330
460,842,844,842,136,344,480,1322
461,846,846,848,136,346,482,1328
462,840,838,836,134,344,478,1318
463,842,842,840,134,342,476,1318
464,828,830,832,136,344,480,1308
465,838,836,836,134,344,478,1316
466,834,834,834,134,344,478,1312
467,830,832,830,136,342,478,1308
468,834,832,830,134,340,474,1308
469,824,824,826,134,342,476,1300
470,824,826,826,136,342,478,1302
471,824,824,824,136,342,478,1302
472,826,826,826,136,342,478,1304
473,828,828,826,136,340,476,1304
474,832,830,830,134,340,474,1306
475,826,828,830,136,342,478,1304
476,834,834,834,136,342,478,1312
477,844,844,844,136,342,478,1322
478,846,844,844,134,342,476,1322
479,846,848,848,136,342,478,1324
480,840,840,838,136,340,476,1316
481,840,840,842,136,342,478,1318
482,846,846,846,136,342,478,1324
483,854,852,854,134,344,478,1332
484,864,866,864,136,342,478,1342
485,860,858,858,134,342,476,1336
486,856,858,856,136,340,476,1332
487,850,850,852,136,342,478,1328
488,860,858,858,134,342,476,1336
489,854,856,856,136,342,478,1332
490,848,848,848,136,342,478,1326
491,858,858,856,136,340,476,1334
492,864,864,866,136,342,478,1342
493,876,874,876,134,344,478,1354
494,892,894,894,136,344,480,1372
495,900,900,900,136,344,480,1380
496,900,904,904,140,344,484,1384
497,910,906,904,136,342,478,1388
498,880,880,882,136,344,480,1360
499,866,866,866,136,344,480,1346
500,868,868,868,136,344,480,1348
501,872,870,870,134,344,478,1350
502,872,872,870,134,342,476,1348
503,878,880,882,136,344,480,1358
504,900,900,900,136,344,480,1380
505,928,926,928,134,346,480,1408
506,936,936,936,134,346,480,1416
507,938,940,938,136,344,480,1418
508,922,918,918,132,344,476,1398
509,902,906,906,136,344,480,1382
510,900,900,900,136,344,480,1380
511,904,900,902,132,346,478,1382
512,894,896,896,134,346,480,1374
513,884,886,884,136,344,480,1364
514,884,884,882,136,342,478,1362
515,888,888,890,136,344,480,1368
516,880,880,878,136,342,478,1358
517,870,872,872,138,342,480,1350
518,874,872,870,136,340,476,1350
519,868,866,870,134,344,478,1346
520,860,862,862,136,344,480,1340
521,866,864,864,134,344,478,1344
522,852,854,850,136,340,476,1328
523,852,852,856,136,344,480,1332
524,850,850,848,136,342,478,1328
525,846,844,846,134,344,478,1324
526,844,844,842,134,342,476,1320
527,832,832,830,134,340,474,1306
528,826,830,830,138,340,478,1304
529,832,828,830,134,342,476,1308
530,840,842,842,136,342,478,1318
531,836,836,836,136,342,478,1314
532,836,836,834,136,340,476,1312
533,840,842,840,138,338,476,1316
534,850,850,852,138,340,478,1328
535,862,860,862,136,342,478,1340
536,872,872,872,136,342,478,1350
537,878,878,880,136,344,480,1358
538,874,874,874,136,344,480,1354
539,872,872,870,136,342,478,1350
540,872,872,874,136,344,480,1352
541,884,882,882,134,344,478,1362
542,890,890,892,134,346,480,1370
543,890,890,890,134,346,480,1370
544,862,856,854,128,344,472,1334
545,848,850,846,130,340,470,1318
546,850,850,852,130,342,472,1322
547,858,856,858,128,344,472,1330
548,834,836,836,130,344,474,1308
549,832,830,830,128,344,472,1304
550,830,832,826,130,338,468,1298
551,842,840,846,128,344,472,1314
552,870,872,872,130,344,474,1344
553,862,862,862,130,344,474,1336
554,844,846,842,132,340,472,1316
555,846,844,844,130,340,470,1316
556,822,822,822,130,340,470,1292
557,816,816,816,130,340,470,1286
558,808,808,808,130,340,470,1278
559,798,798,798,130,340,470,1268
560,786,786,782,130,336,466,1252
561,770,768,770,128,338,466,1236
562,762,764,764,130,338,468,1230
563,754,756,754,132,336,468,1222
564,748,746,742,130,332,462,1210
565,742,742,742,130,332,462,1204
566,736,738,738,132,332,464,1200
567,740,738,740,130,334,464,1204
568,744,742,744,128,336,464,1208
569,744,746,744,130,334,464,1208
570,758,756,758,128,336,464,1222
571,778,778,774,128,332,460,1238
572,784,784,788,128,336,464,1248
573,800,802,802,130,336,466,1266
574,810,812,812,132,336,468,1278
575,816,814,816,130,338,468,1284
576,822,820,820,128,338,466,1288
577,818,820,820,130,338,468,1286
578,832,830,830,128,338,466,1298
579,842,840,840,126,338,464,1306
580,836,840,840,130,338,468,1304
581,850,848,848,128,338,466,1316
582,858,860,862,130,340,470,1328
583,868,864,864,126,340,466,1334
584,856,858,856,128,338,466,1322
585,844,846,846,130,338,468,1312
586,846,844,846,128,340,468,1314
587,866,866,868,128,342,470,1336
588,870,872,870,130,340,470,1340
589,878,878,876,130,338,468,1346
590,884,880,882,126,340,466,1350
591,872,876,876,130,340,470,1342
592,902,900,902,128,342,470,1372
593,898,900,898,130,340,470,1368
594,898,898,900,130,342,472,1370
595,892,892,890,130,340,470,1362
596,884,880,882,126,342,468,1352
597,832,836,834,130,340,470,1302
598,836,836,834,130,338,468,1304
599,828,830,832,132,340,472,1300
600,832,830,830,130,340,470,1302
601,828,828,826,130,338,468,1296
602,838,834,834,126,338,464,1302
603,840,844,844,130,338,468,1308
604,864,866,868,132,340,472,1336
605,884,880,882,128,342,470,1354
606,890,890,890,128,342,470,1360
607,886,886,886,128,342,470,1356
608,856,860,858,132,340,472,1328
609,864,862,864,130,342,472,1336
610,874,872,874,128,344,472,1346
611,874,876,872,130,340,470,1344
612,874,874,874,130,340,470,1344
613,874,872,874,128,342,470,1344
614,870,872,872,130,342,472,1342
615,872,872,870,130,340,470,1342
616,854,854,856,130,342,472,1326
617,856,856,854,130,340,470,1326
618,850,850,850,130,340,470,1320
619,860,860,860,130,340,470,1330
620,854,852,852,128,340,468,1322
621,848,852,850,132,338,470,1318
622,858,854,856,128,340,468,1326
623,862,866,866,132,340,472,1334
624,878,878,878,132,340,472,1350
625,868,866,866,130,340,470,1338
626,866,868,868,132,340,472,1338
627,880,876,876,128,340,468,1348
628,888,890,892,130,342,472,1360
629,886,886,886,130,342,472,1358
630,882,880,878,128,340,468,1350
631,886,890,892,132,342,474,1360
632,900,898,900,130,344,474,1374
633,900,898,898,128,344,472,1372
634,896,898,896,130,342,472,1368
635,880,878,880,128,344,472,1352
636,852,854,850,130,340,470,1322
637,858,858,860,130,342,472,1330
638,858,860,862,132,344,476,1334
639,862,860,860,130,344,474,1336
640,866,868,866,132,342,474,1340
641,862,866,868,136,344,480,1342
642,858,858,856,136,342,478,1336
643,870,870,866,136,338,474,1344
644,878,878,882,136,342,478,1356
645,896,896,898,136,344,480,1376
646,914,914,914,136,344,480,1394
647,916,914,916,134,346,480,1396
648,906,906,904,134,344,478,1384
649,888,888,888,134,344,478,1366
650,888,886,886,132,344,476,1364
651,892,892,894,132,346,478,1370
652,884,886,884,134,344,478,1362
653,876,878,876,136,342,478,1354
654,874,876,874,138,340,478,1352
655,866,864,868,136,344,480,1346
656,850,852,850,138,342,480,1330
657,838,836,836,136,342,478,1316
658,834,834,832,136,340,476,1310
659,826,826,826,136,340,476,1302
660,826,826,824,136,338,474,1300
661,812,814,816,138,340,478,1290
662,804,802,800,136,338,474,1278
663,794,794,794,136,338,474,1268
664,796,794,794,134,338,472,1268
665,790,790,790,134,338,472,1262
666,792,794,794,136,338,474,1266
667,798,798,798,136,338,474,1272
668,798,796,796,134,338,472,1270
669,802,806,802,138,334,472,1274
670,806,804,808,136,338,474,1280
671,808,806,808,134,340,474,1282
672,804,806,806,136,340,476,1280
673,802,800,800,134,340,474,1276
674,796,798,794,136,336,472,1268
675,794,792,794,134,338,472,1266
676,790,792,790,136,336,472,1262
677,790,790,790,136,336,472,1262
678,794,794,796,136,338,474,1268
679,802,800,800,134,338,472,1274
680,810,812,808,136,334,470,1280
681,818,820,822,138,336,474,1292
682,840,836,840,134,340,474,1314
683,848,850,850,136,340,476,1324
684,862,862,862,136,340,476,1338
685,876,876,876,136,340,476,1352
686,898,896,896,134,340,474,1372
687,912,914,916,136,342,478,1390
688,928,924,926,132,344,476,1404
689,924,926,926,134,344,478,1402
690,912,912,912,134,344,478,1390
691,900,898,898,132,344,476,1376
692,880,886,882,138,340,478,1358
693,880,876,878,134,342,476,1356
694,882,884,884,136,342,478,1360
695,892,894,892,138,340,478,1370
696,886,884,886,136,342,478,1364
697,890,890,888,136,340,476,1366
698,882,882,884,136,342,478,1360
699,888,888,888,136,342,478,1366
700,884,884,884,136,342,478,1362
701,884,884,884,136,342,478,1362
702,884,884,884,136,342,478,1362
703,878,878,876,136,340,476,1354
704,880,882,884,138,342,480,1360
705,900,898,900,136,344,480,1380
706,906,904,904,134,344,478,1384
707,912,914,914,136,344,480,1392
708,904,906,906,138,344,482,1386
709,898,896,896,136,344,480,1378
710,876,876,872,136,340,476,1352
711,862,864,858,138,334,472,1334
712,844,844,850,138,340,478,1322
713,824,820,820,134,340,474,1298
714,806,808,810,136,342,478,1284
715,800,802,798,138,338,476,1276
716,808,804,806,134,340,474,1282
717,816,818,818,136,340,476,1292
718,844,844,846,136,342,478,1322
719,862,860,860,134,342,476,1338
720,882,886,886,138,342,480,1362
721,898,896,900,136,346,482,1380
722,908,906,906,134,346,480,1388
723,912,910,910,132,346,478,1390
724,910,912,912,134,346,480,1390
725,902,904,904,136,346,482,1384
726,892,890,886,134,342,476,1368
727,888,884,886,130,344,474,1362
728,880,880,880,130,344,474,1354
729,878,878,878,130,344,474,1352
730,880,880,880,130,344,474,1354
731,876,876,876,130,344,474,1350
732,876,876,874,130,342,472,1348
733,870,870,870,130,342,472,1342
734,872,872,872,130,342,472,1344
735,862,864,864,132,342,474,1336
736,872,870,870,130,342,472,1344
737,878,876,876,128,342,470,1348
738,864,868,868,132,342,474,1338
739,876,874,874,130,342,472,1348
740,878,878,878,130,342,472,1350
741,876,874,874,128,342,470,1346
742,858,862,860,132,340,472,1330
743,856,856,858,132,342,474,1330
744,862,862,862,132,342,474,1336
745,874,872,874,130,344,474,1348
746,874,874,874,130,344,474,1348
747,868,870,866,132,340,472,1340
748,856,856,858,132,342,474,1330
749,860,856,856,128,342,470,1330
750,860,862,864,130,344,474,1334
751,860,860,860,130,344,474,1334
752,850,852,848,132,340,472,1322
753,838,836,836,130,340,470,1308
754,828,828,830,130,342,472,1300
755,838,838,838,130,342,472,1310
756,838,840,838,132,340,472,1310
757,834,832,832,130,340,470,1304
758,828,828,828,130,340,470,1298
759,834,836,836,132,340,472,1306
760,844,844,846,132,342,474,1318
761,858,860,860,134,342,476,1334
762,860,860,860,134,342,476,1336
763,870,866,868,130,344,474,1344
764,866,866,864,130,342,472,1338
765,862,864,864,132,342,474,1336
766,874,872,874,130,344,474,1348
767,886,884,884,128,344,472,1358
768,896,894,896,126,346,472,1368
769,872,874,870,128,342,470,1342
770,856,858,858,130,342,472,1328
771,870,868,870,128,344,472,1342
772,870,870,870,128,344,472,1342
773,866,868,866,130,342,472,1338
774,866,866,868,130,344,474,1340
775,856,858,856,132,342,474,1330
776,852,854,854,134,342,476,1328
777,852,852,852,134,342,476,1328
778,856,858,858,136,342,478,1334
779,858,860,860,138,342,480,1338
780,860,858,858,136,342,478,1338
781,864,862,860,134,340,474,1338
782,868,866,870,132,344,476,1344
783,876,878,876,134,342,476,1352
784,880,878,880,132,344,476,1356
785,878,878,878,132,344,476,1354
786,868,868,866,132,342,474,1342
787,860,860,860,132,342,474,1334
788,860,860,860,132,342,474,1334
789,844,844,844,132,342,474,1318
790,816,816,812,132,338,470,1286
791,804,804,804,132,338,470,1274
792,792,790,790,130,338,468,1260
793,776,774,776,128,340,468,1244
794,768,770,768,130,338,468,1236
795,760,760,758,130,336,466,1226
796,764,764,762,130,334,464,1228
797,758,760,762,132,336,468,1226
798,774,772,772,130,336,466,1240
799,762,764,764,132,336,468,1230
800,774,772,772,130,336,466,1240
801,768,766,764,128,334,462,1230
802,768,768,772,128,338,466,1234
803,764,766,766,130,338,468,1232
804,760,760,758,130,336,466,1226
805,764,764,760,130,332,462,1226
806,760,758,762,128,336,464,1224
807,758,760,760,130,336,466,1224
808,758,756,756,128,336,464,1222
809,754,756,752,130,332,462,1216
810,754,756,756,132,332,464,1218
811,766,760,764,126,336,462,1228
812,756,758,758,128,336,464,1220
813,760,760,760,128,336,464,1224
814,762,762,758,128,332,460,1222
815,758,760,762,130,334,464,1222
816,764,766,766,132,334,466,1230
817,772,768,770,128,336,464,1236
818,776,778,778,130,336,466,1242
819,798,798,796,130,334,464,1262
820,812,810,810,128,334,462,1274
821,816,818,820,130,336,466,1282
822,830,830,834,130,340,470,1300
823,828,828,826,130,338,468,1296
824,806,804,804,128,338,466,1272
825,782,782,780,128,336,464,1246
826,764,766,764,130,334,464,1228
827,744,742,740,128,332,460,1204
828,722,726,722,132,328,460,1182
829,708,712,710,136,326,462,1170
830,704,696,696,128,326,454,1158
831,686,692,694,134,328,462,1148
832,680,678,680,132,330,462,1142
833,672,672,670,132,328,460,1132
834,662,662,662,132,328,460,1122
835,658,660,656,134,324,458,1116
836,652,652,654,134,326,460,1112
837,650,650,648,134,324,458,1108
838,654,652,650,132,322,454,1108
839,650,654,654,136,322,458,1108
840,660,656,658,132,324,456,1116
841,658,658,658,132,324,456,1114
842,658,658,660,132,326,458,1116
843,666,664,662,130,324,454,1120
844,668,668,668,130,324,454,1122
845,678,678,676,130,322,452,1130
846,678,680,680,132,322,454,1132
847,688,686,690,130,326,456,1144
848,688,688,688,130,326,456,1144
849,690,690,692,130,328,458,1148
850,692,692,692,130,328,458,1150
851,704,702,700,128,326,454,1158
852,712,714,714,130,326,456,1168
853,734,732,736,128,330,458,1192
854,750,750,752,128,332,460,1210
855,786,786,788,128,334,462,1248
856,810,816,818,134,336,470,1280
857,814,814,814,134,336,470,1284
858,828,828,824,134,332,466,1294
859,836,834,838,132,336,468,1304
860,848,848,848,132,336,468,1316
861,852,856,856,136,336,472,1324
862,864,860,862,132,338,470,1334
863,870,870,870,132,338,470,1340
864,878,878,876,132,336,468,1346
865,882,880,880,130,336,466,1348
866,876,876,876,130,336,466,1342
867,866,870,870,134,336,470,1336
868,852,848,848,130,336,466,1318
869,844,842,842,128,336,464,1308
870,820,820,818,128,334,462,1282
871,798,798,796,128,332,460,1258
872,800,800,800,128,332,460,1260
873,808,808,810,128,334,462,1270
874,812,814,814,130,334,464,1276
875,810,814,812,134,332,466,1276
876,806,802,802,130,332,462,1268
877,790,794,794,134,332,466,1256
878,798,798,800,134,334,468,1266
879,804,804,804,134,334,468,1272
880,818,820,820,136,334,470,1288
881,836,834,834,134,334,468,1304
882,854,856,856,136,334,470,1324
883,870,868,870,134,336,470,1340
884,880,880,882,134,338,472,1352
885,884,884,884,134,338,472,1356
886,888,888,888,134,338,472,1360
887,868,868,864,134,334,468,1336
888,852,854,856,136,336,472,1324
889,842,840,840,134,336,470,1312
890,834,834,834,134,336,470,1304
891,828,830,828,136,334,470,1298
892,828,826,826,134,334,468,1296
893,826,826,826,134,334,468,1294
894,830,832,832,136,334,470,1300
895,828,828,828,136,334,470,1298
896,824,822,822,134,334,468,1292
897,824,824,824,134,334,468,1292
898,824,822,822,132,334,466,1290
899,812,818,818,138,334,472,1284
900,804,800,800,134,334,468,1272
901,792,792,790,134,332,466,1258
902,784,786,786,136,332,468,1252
903,788,790,790,138,332,470,1258
904,800,800,802,138,334,472,1272
905,834,832,832,136,334,470,1304
906,846,844,844,134,334,468,1314
907,852,854,854,136,334,470,1322
908,862,860,864,134,338,472,1334
909,876,874,876,132,340,472,1348
910,888,890,890,134,340,474,1362
911,894,894,892,134,338,472,1366
912,886,888,886,136,336,472,1358
913,878,876,878,134,338,472,1350
914,872,874,874,136,338,474,1346
915,886,882,884,132,340,472,1358
916,894,896,896,134,340,474,1368
917,902,904,902,136,338,474,1376
918,908,906,906,134,338,472,1380
919,922,918,922,130,342,472,1394
920,914,918,918,134,342,476,1390
921,932,926,928,128,344,472,1404
922,902,906,902,132,340,472,1374
923,866,864,862,130,338,468,1334
924,856,860,860,134,338,472,1328
925,848,846,846,132,338,470,1318
926,848,852,854,136,340,476,1324
927,860,860,858,136,338,474,1334
928,868,868,870,136,340,476,1344
929,874,876,874,138,338,476,1350
930,878,876,878,136,340,476,1354
931,884,882,882,134,340,474,1358
932,888,888,890,134,342,476,1364
933,886,888,886,136,340,476,1362
934,884,884,882,136,338,474,1358
935,878,876,876,134,338,472,1350
936,868,870,872,136,340,476,1344
937,872,872,872,136,340,476,1348
938,874,874,874,136,340,476,1350
939,876,874,874,134,340,474,1350
940,868,868,870,134,342,476,1344
941,872,872,872,134,342,476,1348
942,870,872,870,136,340,476,1346
943,872,872,870,136,338,474,1346
944,872,870,874,134,342,476,1348
945,868,868,868,134,342,476,1344
946,862,864,860,136,338,474,1336
947,864,864,868,136,342,478,1342
948,872,872,872,136,342,478,1350
949,874,874,874,136,342,478,1352
950,890,888,888,134,342,476,1366
951,894,896,896,136,342,478,1372
952,878,878,878,136,342,478,1356
953,874,874,874,136,342,478,1352
954,846,846,844,136,340,476,1322
955,822,824,824,138,340,478,1300
956,812,810,808,136,338,474,1286
957,800,798,798,134,338,472,1272
958,796,798,796,136,336,472,1268
959,790,788,786,134,334,468,1258
960,772,772,774,134,336,470,1242
961,768,764,764,130,336,466,1234
962,758,756,752,128,332,460,1218
963,740,748,750,136,334,470,1210
964,730,722,722,128,334,462,1192
965,708,712,708,132,330,462,1170
966,702,702,702,132,330,462,1164
967,704,702,702,130,330,460,1164
968,704,708,706,134,328,462,1166
969,710,708,708,132,328,460,1170
970,710,706,708,128,330,458,1168
971,616,700,702,131,332,464,1160
972,772,694,698,134,336,470,1242
973,700,686,686,120,336,456,1156
974,658,674,670,136,332,468,1126
975,686,672,680,122,340,462,1148
976,650,662,646,134,324,458,1108
977,622,644,664,126,344,457,1122
978,682,644,638,145,338,456,1138
979,598,644,630,158.5,324,478,1086
980,624,632,636,162.25,328,482,1124
981,632,626,618,159.125,320,480,1118
982,628,618,620,149.562,322,478,1106
983,634,618,622,140,326,466,1100
984,604,612,606,144,320,468,1072
985,606,606,616,146,330,478,1084
986,600,600,602,147,332,480,1080
987,594,594,592,147.5,330,478,1072
988,588,588,584,147.75,326,474,1062
989,584,584,588,147.875,330,478,1062
990,580,580,580,147.938,330,478,1058
991,582,582,584,147.969,332,480,1062
992,584,584,586,147.984,334,482,1066
993,582,582,588,147.992,340,485,1070
994,584,584,584,147.996,340,489.5,1072
995,590,590,596,147.998,346,492.75,1084
996,600,600,602,147.999,348,499.375,1096
997,608,608,618,148,354,503.688,1114
998,618,618,620,148,357,505.844,1126
999,632,632,632,140,362.5,502.922,1140
1000,672,656,664,132,366.25,499.461,1172
1001,684,678,680,126,370.125,524.73,1180
1002,658,708,712,124,374.062,512.365,1208
1003,810,756,760,122,375.031,500.183,1310
1004,748,738,736,116,376.516,494.091,1236
1005,740,738,740,113,376.258,490.046,1228
1006,738,738,736,113.5,375.129,489.023,1224
1007,736,740,738,111.75,372.564,484.511,1224
1008,744,740,736,111.875,368.282,480,1224
1009,746,748,742,109.938,369.141,476,1222
1010,756,752,758,109.969,367.571,478,1234
1011,764,766,762,109.984,364.785,476,1240
1012,762,762,758,109.992,363.393,472,1234
1013,762,762,762,109.996,359.696,472,1234
1014,772,772,766,109.998,356.848,466,1238
1015,782,782,780,109.999,354.424,464,1246
1016,788,788,786,109,352.212,462,1250
1017,802,800,798,109.5,350,458,1260
1018,798,800,796,117.75,346,456,1254
1019,784,800,800,126,346,472,1256
1020,772,772,766,126,340,466,1238
1021,788,786,786,124,340,464,1252
1022,776,776,772,124,336,460,1236
1023,764,768,766,128,334,462,1226
1024,784,782,782,126,334,460,1244
1025,812,810,812,124,336,460,1272
1026,832,832,826,124,330,454,1286
1027,820,820,822,124,332,456,1276
1028,806,804,804,122,332,454,1260
1029,802,806,802,126,328,454,1256
1030,836,838,838,128,328,456,1292
1031,850,846,848,124,330,454,1304
1032,842,844,844,126,330,456,1298
1033,846,844,844,124,330,454,1300
1034,844,844,842,124,328,452,1296
1035,882,882,882,124,328,452,1334
1036,894,900,900,130,328,458,1352
1037,884,884,888,130,332,462,1346
1038,886,888,886,132,330,462,1348
1039,908,908,906,132,328,460,1368
1040,920,920,920,132,328,460,1380
1041,930,932,932,134,328,462,1392
1042,938,934,936,130,330,460,1398
1043,936,934,938,128,334,462,1398
1044,910,914,916,132,336,468,1378
1045,898,898,894,132,332,464,1362
1046,926,926,924,132,330,462,1388
1047,926,926,928,132,332,464,1390
1048,930,934,930,136,328,464,1394
1049,924,920,926,132,334,466,1390
1050,900,894,894,126,334,460,1360
1051,888,888,886,126,332,458,1346
1052,932,932,932,126,332,458,1390
1053,952,954,952,128,330,458,1410
1054,952,950,956,126,336,462,1414
1055,928,926,928,124,338,462,1390
1056,814,882,878,125,334,460,1340
1057,986,920,918,126,332,458,1444
1058,930,932,930,128,330,458,1388
1059,934,930,936,124,336,460,1394
1060,920,920,922,124,338,462,1382
1061,884,888,886,128,336,464,1348
1062,920,918,916,126,334,460,1380
1063,924,924,926,126,336,462,1386
1064,932,932,932,126,336,462,1394
1065,920,918,922,124,340,464,1384
1066,890,892,888,126,336,462,1352
1067,892,894,894,128,336,464,1356
1068,918,918,916,128,334,462,1380
1069,908,906,908,126,336,462,1370
1070,908,906,910,124,340,464,1372
1071,862,864,862,126,338,464,1326
1072,850,852,850,128,336,464,1314
1073,882,882,882,128,336,464,1346
1074,908,904,904,124,336,460,1368
1075,894,896,898,126,338,464,1358
1076,800,864,866,128,340,466,1330
1077,910,850,848,130,338,468,1378
1078,902,900,898,128,336,464,1366
1079,930,928,928,126,336,462,1392
1080,934,932,938,124,342,466,1400
1081,920,922,920,126,340,466,1386
1082,938,942,940,130,338,468,1406
1083,954,948,950,124,340,464,1418
1084,940,942,942,126,340,466,1406
1085,930,928,930,124,342,466,1396
1086,904,906,906,126,342,468,1372
1087,892,894,890,128,338,466,1358
1088,882,880,880,126,338,464,1346
1089,884,884,886,126,340,466,1350
1090,868,868,868,126,340,466,1334
1091,794,862,862,127,340,466,1328
1092,934,868,866,128,338,466,1400
1093,908,908,906,128,336,464,1372
1094,920,920,924,128,340,468,1388
1095,930,926,930,124,344,468,1398
1096,900,904,902,128,342,470,1370
1097,894,894,892,128,340,468,1362
1098,922,920,920,126,340,466,1388
1099,912,910,912,124,342,466,1378
1100,896,898,898,126,342,468,1364
1101,882,884,882,128,340,468,1350
1102,916,916,918,128,342,470,1386
1103,934,932,932,126,342,468,1402
1104,928,928,930,126,344,470,1398
1105,906,908,910,128,346,474,1380
1106,886,886,886,128,346,474,1360
1107,854,856,848,130,338,468,1322
1108,874,870,874,126,342,468,1342
1109,888,892,890,130,340,470,1358
1110,888,884,886,126,342,468,1356
1111,868,868,872,126,346,472,1340
1112,866,868,866,128,344,472,1338
1113,884,886,882,130,340,470,1354
1114,898,896,898,128,342,470,1368
1115,904,902,902,126,342,468,1372
1116,872,872,876,126,346,472,1344
1117,850,854,850,130,342,472,1322
1118,866,866,864,130,340,470,1336
1119,868,864,862,126,338,464,1332
1120,886,888,892,128,342,470,1356
1121,876,876,880,128,346,474,1350
1122,856,858,854,130,342,472,1328
1123,892,892,892,130,342,472,1364
1124,918,926,924,138,340,478,1396
1125,916,912,916,134,344,478,1394
1126,896,896,898,134,346,480,1376
1127,916,916,914,134,344,478,1394
1128,914,914,912,134,342,476,1390
1129,912,916,916,138,342,480,1392
1130,900,896,902,134,348,482,1382
1131,868,870,868,136,346,482,1350
1132,876,872,868,132,342,474,1350
1133,898,900,898,134,340,474,1372
1134,902,904,904,136,340,476,1378
1135,908,908,912,136,344,480,1388
1136,906,906,902,136,340,476,1382
1137,892,890,892,134,342,476,1368
1138,880,880,884,134,346,480,1360
1139,860,860,860,134,346,480,1340
1140,862,864,860,136,342,478,1340
1141,892,892,892,136,342,478,1370
1142,902,904,902,138,340,478,1380
1143,926,920,926,132,346,478,1404
1144,904,906,908,134,348,482,1386
1145,878,878,878,134,348,482,1360
1146,894,894,888,134,342,476,1370
1147,910,908,906,132,340,472,1382
1148,908,908,918,132,350,482,1390
1149,884,884,882,132,348,480,1364
1150,858,856,852,130,344,474,1332
1151,890,892,892,132,344,476,1366
1152,902,900,898,130,342,472,1374
1153,906,904,910,128,348,476,1382
1154,904,904,902,128,346,474,1378
1155,882,878,882,124,350,474,1356
1156,856,860,850,128,340,468,1324
1157,860,862,866,130,344,474,1334
1158,864,862,862,128,344,472,1336
1159,868,870,870,130,344,474,1342
1160,864,866,870,132,348,480,1344
1161,862,866,862,136,344,480,1342
1162,896,896,896,136,344,480,1376
1163,920,920,920,136,344,480,1400
1164,950,948,950,134,346,480,1430
1165,946,948,952,136,350,482,1432
1166,920,918,918,134,350,484,1404
1167,914,916,912,136,346,482,1396
1168,920,918,914,134,342,476,1396
1169,908,908,912,134,346,480,1388
1170,890,890,894,134,350,484,1374
1171,870,872,870,136,348,484,1354
1172,876,876,872,136,344,480,1356
1173,886,886,884,136,342,478,1364
1174,886,886,892,136,348,484,1370
1175,854,856,856,138,348,483,1340
1176,850,846,846,134,348,482,1332
1177,862,862,856,134,342,476,1338
1178,896,898,900,136,344,480,1376
1179,898,898,896,136,342,478,1376
1180,916,916,924,136,350,482,1402
1181,906,904,906,134,348,483,1392
1182,906,910,904,138,346,484,1390
1183,946,944,946,136,348,484,1430
1184,950,948,946,134,346,480,1430
1185,940,940,944,134,350,484,1424
1186,890,886,886,130,350,480,1370
1187,842,840,840,128,350,478,1320
1188,836,840,832,132,342,474,1310
1189,834,832,834,130,344,474,1308
1190,836,834,836,128,346,474,1310
1191,834,834,834,128,346,474,1308
1192,834,834,836,128,348,476,1310
1193,806,808,808,130,348,478,1284
1194,798,800,796,132,344,476,1274
1195,850,850,848,132,342,474,1324
1196,892,890,894,130,346,476,1368
1197,886,884,886,128,348,476,1362
1198,866,866,868,128,350,478,1344
1199,850,854,850,132,346,478,1328
1200,894,890,890,128,346,474,1368
1201,902,902,904,128,348,476,1378
1202,890,888,892,126,348,478,1368
1203,868,870,866,128,348,476,1344
1204,870,872,870,130,346,476,1346
1205,888,886,886,128,346,474,1362
1206,880,880,884,128,350,478,1358
1207,874,874,874,128,350,478,1352
1208,866,868,868,130,350,480,1346
1209,856,856,854,130,348,478,1334
1210,834,836,830,132,342,474,1308
1211,840,838,840,130,344,474,1314
1212,844,842,844,128,346,474,1318
1213,838,838,842,128,350,478,1316
1214,840,844,838,132,344,476,1316
1215,868,866,868,130,346,476,1344
1216,862,862,862,130,346,476,1338
1217,844,842,844,128,348,476,1320
1218,824,828,826,132,346,478,1302
1219,854,852,850,130,344,474,1328
1220,874,874,874,130,344,474,1348
1221,886,884,888,128,348,476,1362
1222,876,876,880,128,347,480,1356
1223,864,866,860,130,346,476,1340
1224,890,890,890,130,346,476,1366
1225,906,904,908,128,350,478,1384
1226,902,902,904,128,349,480,1382
1227,880,880,876,128,348,476,1356
1228,890,892,888,130,344,474,1364
1229,910,908,908,128,344,472,1382
1230,914,914,918,128,348,476,1390
1231,914,914,918,128,349,480,1394
1232,878,880,878,130,350,480,1358
1233,866,866,860,130,344,474,1340
1234,890,890,892,130,346,476,1366
1235,898,898,898,130,346,476,1374
1236,908,906,908,128,348,476,1384
1237,876,876,876,128,348,476,1352
1238,848,848,848,128,348,476,1324
1239,866,868,864,130,344,474,1340
1240,878,876,876,128,344,472,1350
1241,858,860,864,130,348,478,1336
1242,836,834,832,128,346,474,1310
1243,846,848,844,130,342,472,1318
1244,854,854,850,130,338,468,1322
1245,868,870,876,132,344,476,1344
1246,878,872,878,126,350,476,1354
1247,852,856,854,130,348,478,1330
1248,920,920,918,130,346,476,1396
1249,934,934,934,130,346,476,1410
1250,938,936,942,128,349,480,1418
1251,912,912,912,128,350.5,480,1392
1252,878,880,880,130,347.25,482,1360
1253,868,868,860,130,344,474,1342
1254,890,890,892,130,346,476,1366
1255,886,884,886,128,348,476,1362
1256,884,886,886,130,348,478,1362
1257,860,858,860,128,350,478,1338
1258,830,832,828,130,346,476,1306
1259,820,822,820,132,344,476,1296
1260,848,846,846,130,344,474,1322
1261,852,852,852,130,344,474,1326
1262,864,864,864,130,344,474,1338
1263,854,856,858,132,346,478,1332
1264,834,832,834,130,348,478,1312
1265,818,822,816,134,342,476,1294
1266,862,860,860,132,342,474,1336
1267,886,884,888,130,346,476,1362
1268,890,888,890,128,348,476,1366
1269,870,868,870,126,350,476,1346
1270,864,868,864,130,346,476,1340
1271,886,882,882,126,346,472,1358
1272,876,878,876,128,344,472,1348
1273,842,844,844,130,344,474,1316
1274,812,812,812,130,344,474,1286
1275,768,770,770,132,344,476,1244
1276,736,736,732,132,340,472,1208
1277,764,766,764,134,338,472,1236
1278,794,794,796,134,340,474,1268
1279,852,850,854,132,344,476,1328
1280,826,824,824,130,344,474,1300
1281,780,780,782,130,346,476,1256
1282,740,744,742,134,344,478,1218
1283,740,740,736,134,340,474,1214
1284,766,766,766,134,340,474,1240
1285,828,824,828,130,344,474,1302
1286,828,828,834,130,350,480,1308
1287,814,812,810,128,348,476,1290
1288,850,852,850,130,346,476,1326
1289,892,892,896,130,350,480,1372
1290,888,886,888,128,351,480,1368
1291,880,880,880,128,354.5,480,1360
1292,870,870,876,128,354.25,481,1356
1293,846,846,842,128,351.125,482,1328
1294,856,858,852,130,348,478,1334
1295,874,874,872,130,346,476,1350
1296,866,866,872,130,349,482,1348
1297,866,864,864,128,350.5,480,1346
1298,856,856,856,128,348.25,480,1336
1299,868,868,862,128,346,474,1342
1300,828,830,828,130,344,474,1302
1301,802,802,804,130,346,476,1278
1302,762,766,764,134,344,478,1240
1303,760,762,754,136,336,472,1232
1304,792,788,794,132,342,474,1266
1305,822,824,818,134,336,470,1292
1306,840,836,842,130,342,472,1312
1307,854,852,858,128,348,476,1330
1308,816,816,814,128,346,474,1290
1309,798,804,796,134,338,472,1270
1310,846,842,846,130,342,472,1318
1311,858,856,858,128,344,472,1330
1312,840,842,842,130,344,474,1314
1313,802,804,802,132,342,474,1276
1314,832,832,830,132,340,472,1304
1315,848,848,848,132,340,472,1320
1316,816,812,818,128,346,474,1290
1317,808,814,806,134,338,472,1280
1318,826,824,826,132,340,472,1298
1319,816,816,818,132,342,474,1290
1320,772,774,772,134,340,474,1246
1321,792,792,788,134,336,470,1262
1322,854,852,854,132,338,470,1324
1323,884,880,880,128,338,466,1350
1324,890,892,896,130,342,472,1362
1325,886,882,886,126,346,472,1358
1326,864,866,864,128,344,472,1336
1327,886,890,886,132,340,472,1358
1328,918,916,918,130,342,472,1390
1329,894,896,896,132,342,474,1368
1330,868,866,868,130,344,474,1342
1331,866,866,866,130,344,474,1340
1332,868,868,866,130,342,472,1340
1333,884,882,884,128,344,472,1356
1334,882,884,882,130,342,472,1354
1335,862,862,862,130,342,472,1334
1336,846,848,848,132,342,474,1320
1337,880,878,878,130,342,472,1352
1338,888,888,886,130,340,470,1358
1339,898,898,902,130,344,474,1372
1340,894,894,896,130,346,476,1370
1341,864,860,860,126,346,472,1336
1342,848,854,850,132,342,474,1322
1343,878,878,880,132,344,476,1354
1344,906,904,898,130,338,468,1374
1345,896,896,900,130,342,472,1368
1346,876,874,878,128,346,474,1350
1347,854,858,854,132,342,474,1328
1348,906,906,904,132,340,472,1378
1349,908,910,914,134,344,478,1386
1350,902,900,898,132,342,474,1376
1351,896,896,898,132,344,476,1372
1352,862,862,862,132,344,476,1338
1353,840,838,836,130,342,472,1312
1354,850,852,850,132,340,472,1322
1355,858,856,858,130,342,472,1330
1356,856,856,856,130,342,472,1328
1357,858,860,862,132,344,476,1334
1358,828,826,826,130,344,474,1302
1359,802,804,800,132,340,472,1274
1360,808,808,806,132,338,470,1278
1361,824,822,822,130,338,468,1292
1362,824,824,826,130,340,470,1294
1363,816,816,818,130,342,472,1288
1364,802,804,802,132,340,472,1274
1365,826,828,824,134,336,470,1296
1366,864,862,866,132,340,472,1336
1367,884,884,884,132,340,472,1356
1368,878,876,880,130,344,474,1352
1369,864,862,862,128,344,472,1336
1370,878,882,878,132,340,472,1350
1371,892,890,892,130,342,472,1364
1372,876,874,874,128,342,470,1346
1373,862,862,864,128,344,472,1334
1374,836,836,836,128,344,472,1308
1375,806,810,806,132,340,472,1278
1376,812,812,810,132,338,470,1282
1377,820,820,818,132,336,468,1288
1378,826,822,826,128,340,468,1294
1379,808,810,812,130,342,472,1280
1380,782,784,780,132,338,470,1252
1381,792,794,790,134,334,468,1260
1382,832,830,834,132,338,470,1302
1383,882,882,884,132,340,472,1354
1384,884,882,884,130,342,472,1356
1385,858,856,858,128,344,472,1330
1386,848,850,848,130,342,472,1320
1387,866,866,864,130,340,470,1336
1388,834,834,834,130,340,470,1304
1389,800,802,798,132,336,468,1268
1390,784,786,786,134,336,470,1254
1391,748,744,748,130,340,470,1218
1392,724,728,724,134,336,470,1194
1393,722,724,722,136,334,470,1192
1394,722,720,720,134,334,468,1190
1395,726,726,722,134,330,464,1190
1396,720,718,722,132,334,466,1186
1397,714,718,718,136,334,470,1184
1398,732,732,728,136,330,466,1198
1399,754,752,754,134,332,466,1220
1400,786,784,786,132,334,466,1252
1401,798,798,800,132,336,468,1266
1402,804,802,798,130,332,462,1266
1403,864,864,866,130,334,464,1328
1404,904,904,906,130,336,466,1370
1405,914,912,916,128,340,468,1382
1406,916,918,918,130,340,470,1386
1407,914,908,910,124,342,466,1380
1408,894,894,894,124,342,466,1360
1409,866,868,868,126,342,468,1334
1410,852,856,852,130,338,468,1320
1411,862,862,858,130,334,464,1326
1412,870,870,872,130,336,466,1336
1413,864,864,866,130,338,468,1332
1414,866,864,864,128,338,466,1332
1415,874,876,876,130,338,468,1342
1416,886,884,884,128,338,466,1352
1417,890,890,892,128,340,468,1358
1418,872,872,874,128,342,470,1342
1419,854,858,854,132,338,470,1324
1420,912,910,912,130,340,470,1382
1421,920,920,918,130,338,468,1388
1422,914,912,918,128,344,472,1386
1423,878,878,876,128,342,470,1348
1424,848,852,852,132,342,474,1322
1425,884,882,880,130,340,470,1354
1426,886,886,888,130,342,472,1358
1427,870,870,868,130,340,470,1340
1428,830,830,832,130,342,472,1302
1429,810,810,808,130,340,470,1280
1430,820,824,820,134,336,470,1290
1431,840,840,838,134,334,468,1308
1432,872,866,872,128,340,468,1340
1433,876,878,878,130,340,470,1346
1434,852,852,854,130,342,472,1324
1435,850,852,848,132,338,470,1320
1436,876,872,876,128,342,470,1346
1437,900,908,904,136,338,474,1374
1438,892,894,894,138,338,476,1368
1439,892,892,896,138,342,480,1372
1440,858,856,856,136,342,478,1336
1441,856,856,852,136,338,474,1330
1442,840,842,840,138,336,474,1314
1443,844,844,846,138,338,476,1320
1444,852,850,850,136,338,474,1326
1445,840,832,836,128,342,470,1310
1446,826,836,834,138,340,478,1304
1447,846,846,844,138,338,476,1322
1448,866,868,864,140,334,474,1340
1449,888,884,888,136,338,474,1362
1450,898,898,904,136,344,480,1378
1451,890,890,890,136,344,480,1370
1452,870,868,866,134,342,476,1346
1453,886,890,888,138,340,478,1364
1454,888,888,890,138,342,480,1368
1455,900,900,896,138,338,476,1376
1456,916,914,916,136,340,476,1392
1457,894,894,898,136,344,480,1374
1458,878,878,876,136,342,478,1356
1459,898,900,898,138,340,478,1376
1460,906,906,908,138,342,480,1386
1461,906,904,902,136,340,476,1382
1462,900,900,904,136,344,480,1380
1463,880,874,874,130,344,474,1354
1464,852,842,838,120,340,460,1312
1465,866,884,886,138,342,480,1346
1466,874,868,868,132,342,474,1348
1467,876,878,876,134,340,474,1350
1468,862,854,856,126,342,468,1330
1469,848,844,842,122,340,462,1310
1470,866,884,882,140,338,478,1344
1471,862,848,850,126,340,466,1328
1472,862,864,864,128,340,468,1330
1473,838,834,836,124,342,466,1304
1474,814,810,808,120,340,460,1274
1475,824,844,840,140,336,476,1300
1476,824,814,816,130,338,468,1292
1477,824,832,834,138,340,478,1302
1478,830,828,826,136,338,474,1304
1479,822,822,822,136,338,474,1296
1480,802,792,796,126,342,468,1270
1481,788,802,798,140,338,478,1266
1482,808,806,806,138,338,476,1284
1483,812,814,814,140,338,478,1290
1484,816,814,816,138,340,478,1294
1485,812,810,812,136,342,478,1290
1486,804,806,804,138,340,478,1282
1487,786,782,782,134,340,474,1260
1488,800,804,802,138,338,476,1276
1489,806,806,806,138,338,476,1282
1490,812,798,802,124,342,466,1278
1491,802,800,800,122,342,464,1266
1492,794,792,788,120,338,458,1252
1493,816,834,834,138,338,476,1292
1494,828,816,818,126,340,466,1294
1495,840,844,842,130,338,468,1308
1496,844,842,846,128,342,470,1314
1497,834,828,828,122,342,464,1298
1498,822,820,818,120,340,460,1282
1499,846,862,864,136,342,478,1324
1500,862,856,854,130,340,470,1332
1501,860,860,864,130,344,474,1334
1502,864,862,860,128,342,470,1334
1503,852,848,850,124,344,468,1320
1504,852,852,850,124,342,466,1318
1505,886,894,894,132,342,474,1360
1506,896,900,902,136,344,480,1376
1507,906,906,902,136,340,476,1382
1508,888,888,894,136,346,482,1370
1509,870,864,862,130,344,474,1344
1510,870,872,868,132,340,472,1342
1511,886,890,890,136,340,476,1362
1512,892,894,892,138,338,476,1368
1513,888,886,888,136,340,476,1364
1514,882,880,884,134,344,478,1360
1515,856,858,856,136,342,478,1334
1516,842,838,834,132,338,470,1312
1517,838,844,844,138,338,476,1314
1518,824,814,810,128,334,462,1286
1519,804,800,806,124,340,464,1268
1520,786,782,780,120,338,458,1244
1521,776,776,774,120,336,456,1232
1522,798,818,816,140,334,474,1272
1523,810,804,806,134,336,470,1280
1524,830,834,836,138,338,476,1306
1525,836,834,838,136,342,478,1314
1526,838,842,838,140,338,478,1316
1527,894,892,894,138,340,478,1372
1528,916,914,912,136,338,474,1390
1529,930,930,936,136,344,480,1410
1530,934,934,934,136,344,480,1414
1531,900,900,902,136,346,482,1382
1532,890,892,888,138,342,480,1370
1533,890,888,888,136,342,478,1368
1534,870,870,870,136,342,478,1348
1535,856,856,858,136,344,480,1336
1536,832,834,830,138,340,478,1310
1537,816,816,816,138,340,478,1294
1538,826,828,826,140,338,478,1304
1539,832,832,832,140,338,478,1310
1540,840,832,830,132,336,468,1308
1541,836,834,836,130,338,468,1304
1542,822,818,820,126,340,466,1288
1543,810,810,804,126,334,460,1270
1544,816,816,818,126,336,462,1278
1545,820,822,820,128,334,462,1282
1546,824,828,830,132,336,468,1292
1547,824,826,826,134,336,470,1294
1548,804,798,800,128,338,466,1270
1549,800,798,796,126,336,462,1262
1550,810,818,818,134,336,470,1280
1551,814,814,812,134,334,468,1282
1552,814,818,820,138,336,474,1288
1553,828,830,830,140,336,476,1304
1554,822,822,826,140,340,480,1302
1555,806,804,804,138,340,478,1284
1556,820,822,818,140,336,476,1296
1557,836,834,834,138,336,474,1310
1558,838,838,840,138,338,476,1314
1559,824,824,828,138,342,480,1304
1560,810,804,802,132,340,472,1282
1561,800,794,790,126,336,462,1262
1562,800,802,804,128,338,466,1266
1563,780,786,786,134,338,472,1252
1564,754,754,752,134,336,470,1224
1565,774,772,770,132,334,466,1240
1566,782,782,782,132,334,466,1248
1567,788,788,788,132,334,466,1254
1568,794,794,796,132,336,468,1262
1569,806,808,806,134,334,468,1274
1570,852,852,856,134,338,472,1324
1571,882,878,878,130,338,468,1350
1572,886,884,884,128,338,466,1352
1573,890,890,888,128,336,464,1354
1574,878,880,884,130,340,470,1348
1575,858,854,854,126,340,466,1324
1576,866,868,866,128,338,466,1332
1577,874,878,874,132,334,466,1340
1578,874,872,874,130,336,466,1340
1579,868,872,872,134,336,470,1338
1580,862,860,864,132,340,472,1334
1581,842,836,832,126,336,462,1304
1582,854,858,860,130,338,468,1322
1583,858,866,862,138,334,472,1330
1584,876,870,870,132,334,466,1342
1585,862,860,866,130,340,470,1332
1586,852,844,844,122,340,462,1314
1587,858,874,870,138,336,474,1332
1588,874,876,876,140,336,476,1350
1589,896,894,894,138,336,474,1370
1590,920,918,922,136,340,476,1396
1591,892,892,892,136,340,476,1368
1592,874,866,866,128,340,468,1342
1593,888,898,896,138,338,476,1364
1594,880,880,878,138,336,474,1354
1595,854,846,850,130,340,470,1324
1596,830,822,820,122,338,460,1290
1597,824,840,836,138,334,472,1296
1598,828,816,818,126,336,462,1290
1599,824,824,824,126,336,462,1286
1600,826,826,830,126,340,466,1292
1601,844,848,846,130,338,468,1312
1602,864,870,870,136,338,474,1338
1603,874,874,874,136,338,474,1348
1604,862,858,860,132,340,472,1334
1605,856,860,860,136,340,476,1332
1606,856,858,856,138,338,476,1332
1607,860,860,856,138,334,472,1332
1608,860,860,864,138,338,476,1336
1609,850,840,842,128,340,468,1318
1610,840,836,834,124,338,462,1302
1611,846,860,858,138,336,474,1320
1612,866,860,860,132,336,468,1334
1613,868,868,868,132,336,468,1336
1614,864,860,866,128,342,470,1334
1615,854,848,846,122,340,462,1316
1616,880,884,880,126,336,462,1342
1617,886,898,898,138,336,474,1360
1618,904,898,900,132,338,470,1374
1619,886,882,886,128,342,470,1356
1620,860,856,854,124,340,464,1324
1621,876,888,888,136,340,476,1352
1622,878,870,868,128,338,466,1344
1623,864,864,866,128,340,468,1332
1624,854,856,854,130,338,468,1322
1625,826,820,824,124,342,466,1292
1626,814,810,806,120,338,458,1272
1627,830,850,850,140,338,478,1308
1628,848,846,846,138,338,476,1324
1629,854,854,852,138,336,474,1328
1630,870,870,872,138,338,476,1346
1631,866,862,866,134,342,476,1342
1632,860,862,862,136,342,478,1338
1633,872,874,870,138,338,476,1348
1634,886,888,890,140,340,480,1366
1635,876,872,874,136,342,478,1354
1636,864,858,858,130,342,472,1336
1637,858,866,862,138,338,476,1334
1638,860,860,860,138,338,476,1336
1639,854,846,844,130,336,466,1320
1640,834,828,832,124,340,464,1298
1641,818,814,814,120,340,460,1278
1642,812,832,828,140,336,476,1288
1643,824,822,820,138,334,472,1296
1644,834,832,836,136,338,474,1308
1645,838,840,840,138,338,476,1314
1646,828,826,828,136,340,476,1304
1647,826,822,816,132,334,466,1292
1648,840,846,850,138,338,476,1316
1649,846,848,844,140,334,474,1320
1650,852,852,858,140,340,480,1332
1651,864,860,860,136,340,476,1340
1652,870,872,870,138,338,476,1346
1653,908,908,910,138,340,478,1386
1654,932,932,932,138,340,478,1410
1655,942,940,942,136,342,478,1420
1656,920,920,922,136,344,480,1400
1657,892,894,890,138,340,478,1370
1658,892,892,890,138,338,476,1368
1659,880,878,876,136,336,472,1352
1660,874,874,874,136,336,472,1346
1661,854,852,860,134,344,478,1332
1662,838,842,836,138,338,476,1314
1663,826,810,806,122,334,456,1282
1664,816,820,820,126,334,460,1276
1665,816,822,824,132,336,468,1284
1666,808,806,808,130,338,468,1276
1667,812,810,810,128,338,466,1278
1668,842,856,854,142,336,478,1320
1669,890,886,888,138,338,476,1366
1670,914,912,912,136,338,474,1388
1671,910,910,914,136,342,478,1388
1672,888,888,886,136,340,476,1364
1673,898,898,898,136,340,476,1374
1674,894,894,890,136,336,472,1366
1675,880,880,886,136,342,478,1358
1676,850,848,846,134,340,474,1324
1677,840,840,836,134,336,470,1310
1678,834,830,832,130,338,468,1302
1679,818,824,824,136,338,474,1292
1680,808,802,802,130,338,468,1276
1681,800,800,802,130,340,470,1270
1682,814,820,816,136,336,472,1286
1683,836,838,838,138,336,474,1310
1684,864,864,866,138,338,476,1340
1685,898,896,896,136,338,474,1372
1686,902,904,906,138,340,478,1380
1687,888,886,890,136,344,480,1368
1688,880,882,878,138,340,478,1358
1689,896,894,894,136,340,476,1372
1690,900,900,902,136,342,478,1378
1691,898,900,896,138,338,476,1374
1692,882,882,886,138,342,480,1362
1693,858,850,850,130,342,472,1330
1694,864,872,870,138,340,478,1342
1695,868,870,864,140,334,474,1342
1696,876,876,878,140,336,476,1352
1697,878,874,876,136,338,474,1352
1698,870,870,874,136,342,478,1348
1699,864,862,862,134,342,476,1340
1700,872,876,870,138,336,474,1346
1701,886,884,888,136,340,476,1362
1702,896,896,894,136,338,474,1370
1703,900,900,900,136,338,474,1374
1704,882,884,888,138,342,480,1362
1705,854,852,852,136,342,478,1332
1706,856,858,854,138,338,476,1332
1707,852,852,850,138,336,474,1326
1708,850,850,850,138,336,474,1324
1709,844,842,844,136,338,474,1318
1710,826,818,818,128,338,466,1292
1711,808,802,802,122,338,460,1268
1712,822,824,820,124,334,458,1280
1713,822,828,830,130,336,466,1288
1714,826,828,828,132,336,468,1294
1715,814,810,812,128,338,466,1280
1716,804,800,798,124,336,460,1264
1717,816,834,832,142,334,476,1292
1718,836,834,832,140,332,472,1308
1719,842,840,844,138,336,474,1316
1720,836,834,836,136,338,474,1310
1721,824,814,814,126,338,464,1288
1722,842,848,846,132,336,468,1310
1723,858,866,866,140,336,476,1334
1724,866,864,862,138,334,472,1338
1725,852,852,856,138,338,476,1328
1726,838,832,832,132,338,470,1308
1727,840,838,836,130,336,466,1306
1728,850,856,858,136,338,474,1324
1729,850,850,850,136,338,474,1324
1730,834,834,836,136,340,476,1310
1731,818,814,812,132,338,470,1288
1732,828,826,824,130,336,466,1294
1733,826,830,832,134,338,472,1298
1734,826,830,826,138,334,472,1298
1735,820,822,826,140,338,478,1298
1736,808,804,802,136,336,472,1280
1737,810,812,810,138,334,472,1282
1738,810,810,812,138,336,474,1284
1739,816,818,818,140,336,476,1292
1740,826,824,826,138,338,476,1302
1741,820,818,820,136,340,476,1296
1742,826,828,824,138,336,474,1300
1743,832,830,832,136,338,474,1306
1744,828,830,828,138,336,474,1302
1745,824,822,826,136,340,476,1300
1746,814,812,810,134,338,472,1286
1747,820,824,822,138,336,474,1294
1748,824,822,820,136,334,470,1294
1749,816,818,822,138,338,476,1292
1750,810,804,806,132,340,472,1282
1751,798,806,802,140,336,476,1274
1752,810,806,808,136,338,474,1284
1753,812,812,810,136,336,472,1284
1754,802,802,800,136,334,470,1272
1755,790,780,782,126,336,462,1252
1756,798,808,806,136,334,470,1268
1757,800,802,802,138,334,472,1272
1758,802,802,800,138,332,470,1272
1759,800,802,804,140,334,474,1274
1760,794,786,790,132,338,470,1264
1761,788,788,784,132,334,466,1254
1762,822,820,822,130,336,466,1288
1763,854,862,860,138,334,472,1326
1764,860,860,860,138,334,472,1332
1765,866,864,868,136,338,474,1340
1766,858,858,862,136,342,478,1336
1767,874,876,872,138,338,476,1350
1768,860,860,860,138,338,476,1336
1769,856,854,852,136,336,472,1328
1770,850,850,850,136,336,472,1322
1771,828,830,834,138,340,478,1306
1772,826,818,816,130,338,468,1294
1773,812,816,810,134,332,466,1278
1774,828,832,834,138,334,472,1300
1775,842,842,842,138,334,472,1314
1776,858,854,856,134,336,470,1328
1777,862,864,864,136,336,472,1334
1778,848,852,854,140,338,478,1326
1779,844,844,842,140,336,476,1320
1780,858,856,856,138,336,474,1332
1781,860,862,864,140,338,478,1338
1782,868,866,862,138,334,472,1340
1783,862,860,868,136,342,478,1340
1784,848,850,848,138,340,478,1326
1785,840,840,836,138,336,474,1314
1786,856,856,858,138,338,476,1332
1787,872,872,872,138,338,476,1348
1788,876,874,874,136,338,474,1350
1789,864,864,868,136,342,478,1342
1790,846,844,844,134,342,476,1322
1791,838,838,832,134,336,470,1308
1792,826,832,832,140,336,476,1302
1793,848,846,844,138,334,472,1320
1794,824,816,818,130,336,466,1290
1795,788,790,790,132,336,468,1256
1796,754,756,754,134,334,468,1222
1797,756,756,754,134,332,466,1222
1798,782,782,782,134,332,466,1248
1799,796,794,792,132,330,462,1258
1800,808,810,812,134,332,466,1274
1801,824,820,824,130,336,466,1290
1802,810,812,812,132,336,468,1278
1803,790,792,790,134,334,468,1258
1804,792,790,786,132,330,462,1254
1805,818,818,822,132,334,466,1284
1806,846,844,846,130,336,466,1312
1807,860,858,858,128,336,464,1324
1808,854,856,856,130,336,466,1320
1809,848,848,850,130,338,468,1316
1810,834,836,834,132,336,468,1302
1811,852,854,848,134,330,464,1316
1812,866,862,864,130,332,462,1328
1813,856,858,860,132,334,466,1322
1814,836,832,838,128,340,468,1304
1815,816,820,816,132,336,468,1284
1816,818,818,814,132,332,464,1282
1817,834,834,834,132,332,464,1298
1818,830,828,830,130,334,464,1294
1819,804,806,808,132,336,468,1272
1820,784,784,780,132,332,464,1248
1821,812,810,810,130,332,462,1274
1822,816,818,818,132,332,464,1280
1823,828,828,828,132,332,464,1292
1824,838,836,838,130,334,464,1302
1825,834,834,836,130,336,466,1300
1826,804,804,802,130,334,464,1268
1827,790,792,790,132,332,464,1254
1828,782,784,784,134,332,466,1248
1829,782,782,778,134,328,462,1244
1830,778,778,780,134,330,464,1242
1831,774,774,772,134,328,462,1236
1832,768,764,768,130,332,462,1230
1833,762,764,764,132,332,464,1226
1834,810,810,808,132,330,462,1272
1835,884,882,886,130,334,464,1348
1836,902,902,902,130,334,464,1366
1837,904,900,906,126,340,466,1370
1838,874,876,876,128,340,468,1342
1839,882,884,880,130,336,466,1348
1840,892,890,890,128,336,464,1356
1841,880,882,880,130,334,464,1344
1842,858,858,860,130,336,466,1324
1843,848,848,846,130,334,464,1312
1844,812,810,814,128,338,466,1278
1845,774,778,774,132,334,466,1240
1846,778,782,776,136,328,464,1242
1847,776,772,774,132,330,462,1238
1848,776,774,776,130,332,462,1238
1849,774,776,774,132,330,462,1236
1850,762,762,764,132,332,464,1226
1851,782,784,782,134,330,464,1246
1852,844,840,842,130,332,462,1306
1853,884,886,886,132,332,464,1348
1854,902,900,904,130,336,466,1368
1855,882,880,882,128,338,466,1348
1856,864,864,862,128,336,464,1328
1857,848,852,850,132,334,466,1314
1858,882,880,882,130,336,466,1348
1859,868,868,866,130,334,464,1332
1860,868,870,870,132,334,466,1334
1861,856,852,856,128,338,466,1322
1862,820,824,822,132,336,468,1288
1863,818,818,816,132,334,466,1284
1864,826,824,822,130,332,462,1288
1865,826,828,828,132,332,464,1290
1866,832,830,830,130,332,462,1294
1867,818,820,822,132,334,466,1284
1868,804,804,806,132,336,468,1272
1869,802,804,800,134,332,466,1268
1870,832,828,828,130,332,462,1294
1871,854,856,860,132,336,468,1322
1872,846,846,842,132,332,464,1310
1873,816,814,818,130,336,466,1282
1874,772,774,772,132,334,466,1238
1875,778,782,776,136,328,464,1242
1876,806,802,806,132,332,464,1270
1877,818,820,818,134,330,464,1282
1878,818,816,818,132,332,464,1282
1879,804,804,806,132,334,466,1270
1880,786,786,786,132,334,466,1252
1881,772,774,772,134,332,466,1238
1882,808,808,806,134,330,464,1272
1883,836,832,832,130,330,460,1296
1884,860,860,864,130,334,464,1324
1885,870,872,872,132,334,466,1336
1886,852,850,852,130,336,466,1318
1887,830,832,832,132,336,468,1298
1888,846,848,844,134,332,466,1312
1889,880,878,880,132,334,466,1346
1890,884,882,882,130,334,464,1348
1891,882,882,884,130,336,466,1348
1892,860,858,860,128,338,466,1326
1893,838,840,840,130,338,468,1306
1894,840,842,838,132,334,466,1306
1895,864,864,864,132,334,466,1330
1896,872,872,870,132,332,464,1336
1897,872,870,874,130,336,466,1338
1898,850,848,850,128,338,466,1316
1899,838,842,838,132,334,466,1304
1900,826,828,824,134,330,464,1290
1901,824,820,824,130,334,464,1288
1902,802,804,804,132,334,466,1268
1903,794,794,796,132,336,468,1262
1904,750,754,750,136,332,468,1218
1905,772,772,768,136,328,464,1236
1906,794,790,794,132,332,464,1258
1907,824,826,826,134,332,466,1290
1908,838,836,838,132,334,466,1304
1909,814,814,816,132,336,468,1282
1910,804,808,804,136,332,468,1272
1911,832,828,830,132,334,466,1298
1912,850,848,848,130,334,464,1314
1913,842,844,842,132,332,464,1306
1914,826,826,830,132,336,468,1294
1915,792,792,790,132,334,466,1258
1916,756,758,756,134,332,466,1222
1917,778,778,778,134,332,466,1244
1918,798,796,794,132,330,462,1260
1919,820,820,820,132,330,462,1282
1920,802,802,804,132,332,464,1266
1921,770,772,774,134,334,468,1238
1922,758,760,756,136,330,466,1224
1923,800,798,798,134,330,464,1264
1924,800,798,798,132,330,462,1262
1925,812,812,814,132,332,464,1276
1926,792,792,794,132,334,466,1258
1927,776,776,776,132,334,466,1242
1928,766,768,766,134,332,466,1232
1929,804,804,804,134,332,466,1270
1930,832,830,830,132,332,464,1296
1931,810,808,806,130,330,460,1270
1932,806,808,812,132,334,466,1272
1933,784,782,782,130,334,464,1248
1934,776,780,776,134,330,464,1240
1935,782,782,782,134,330,464,1246
1936,782,782,780,134,328,462,1244
1937,772,770,772,132,330,462,1234
1938,748,752,752,136,330,466,1214
1939,758,756,754,134,328,462,1220
1940,802,800,802,132,330,462,1264
1941,874,872,872,130,330,460,1334
1942,890,892,894,132,332,464,1354
1943,868,866,872,130,338,468,1336
1944,860,860,858,130,336,466,1326
1945,882,882,876,130,330,460,1342
1946,882,882,884,130,332,462,1344
1947,882,882,882,130,332,462,1344
1948,870,868,870,128,334,462,1332
1949,850,852,854,130,336,466,1316
1950,842,844,840,132,332,464,1306
1951,862,860,860,130,332,462,1324
1952,860,860,862,130,334,464,1324
1953,852,854,852,132,332,464,1316
1954,856,856,858,132,334,466,1322
1955,832,832,834,132,336,468,1300
1956,848,848,844,132,332,464,1312
1957,846,844,842,130,330,460,1306
1958,830,832,834,132,332,464,1294
1959,814,810,812,128,334,462,1276
1960,794,798,796,132,332,464,1258
1961,772,774,774,134,332,466,1238
1962,774,776,772,136,328,464,1238
1963,800,796,798,132,330,462,1262
1964,836,836,836,132,330,462,1298
1965,842,842,842,132,330,462,1304
1966,810,810,814,132,334,466,1276
1967,796,794,794,130,334,464,1260
1968,780,784,780,134,330,464,1244
1969,782,784,780,136,326,462,1244
1970,788,784,788,132,330,462,1250
1971,776,778,778,134,330,464,1240
1972,760,760,760,134,330,464,1224
1973,788,788,786,134,328,462,1250
1974,838,836,836,132,328,460,1298
1975,862,860,864,130,332,462,1324
1976,874,874,872,130,330,460,1334
1977,876,878,880,132,332,464,1340
1978,852,850,852,130,334,464,1316
1979,824,826,824,132,332,464,1288
1980,864,862,864,130,334,464,1328
1981,846,846,842,130,330,460,1306
1982,826,826,830,130,334,464,1290
1983,794,798,796,134,332,466,1260
1984,802,800,798,132,330,462,1264
1985,816,816,814,132,328,460,1276
1986,830,830,834,132,332,464,1294
1987,816,816,816,132,332,464,1280
1988,808,806,808,130,334,464,1272
1989,778,784,780,136,330,466,1244
1990,804,800,800,132,330,462,1266
1991,806,806,806,132,330,462,1268
1992,800,798,800,130,332,462,1262
1993,812,814,812,132,330,462,1274
1994,818,816,816,130,330,460,1278
1995,792,796,796,134,330,464,1256
1996,782,782,780,134,328,462,1244
1997,782,778,780,130,330,460,1242
1998,762,766,768,134,332,466,1228
1999,774,776,772,136,328,464,1238
2000,814,812,814,134,330,464,1278
2001,800,798,800,132,332,464,1264
2002,784,784,786,132,334,466,1250
2003,774,774,772,132,332,464,1238
2004,772,774,772,134,330,464,1236
2005,816,816,816,134,330,464,1280
2006,862,860,864,132,334,466,1328
2007,876,874,872,130,332,462,1338
2008,882,880,884,128,336,464,1346
2009,860,862,862,130,336,466,1326
2010,814,816,812,132,332,464,1278
2011,788,790,788,134,330,464,1252
2012,770,768,766,132,328,460,1230
2013,738,740,742,134,330,464,1202
2014,720,722,720,136,328,464,1184
2015,720,720,718,136,326,462,1182
2016,726,726,726,136,326,462,1188
2017,744,744,744,136,326,462,1206
2018,754,750,752,132,328,460,1214
2019,764,762,766,130,332,462,1226
2020,774,778,776,134,330,464,1238
2021,840,838,838,132,330,462,1302
2022,872,868,872,128,334,462,1334
2023,872,874,874,130,334,464,1336
2024,860,860,862,130,336,466,1326
2025,850,850,846,130,332,462,1312
2026,862,862,862,130,332,462,1324
2027,860,860,862,130,334,464,1324
2028,826,824,822,128,332,460,1286
2029,800,802,804,130,334,464,1264
2030,782,782,780,130,332,462,1244
2031,778,780,778,132,330,462,1240
2032,794,794,794,132,330,462,1256
2033,792,790,790,130,330,460,1252
2034,802,802,802,130,330,460,1262
2035,804,804,804,130,330,460,1264
2036,774,776,776,132,330,462,1236
2037,770,770,770,132,330,462,1232
2038,772,774,770,134,326,460,1232
2039,792,788,790,130,328,458,1250
2040,822,822,822,130,328,458,1280
2041,826,826,830,130,332,462,1288
2042,814,814,816,130,334,464,1278
2043,796,800,796,134,330,464,1260
2044,868,866,868,132,332,464,1332
2045,918,916,918,130,334,464,1382
2046,918,916,916,128,334,462,1380
2047,908,910,912,130,336,466,1374
2048,880,876,880,126,340,466,1346
2049,850,854,848,130,334,464,1314
2050,862,862,862,130,334,464,1326
2051,872,874,872,132,332,464,1336
2052,866,864,866,130,334,464,1330
2053,852,852,854,130,336,466,1318
2054,836,836,836,130,336,466,1302
2055,806,808,806,132,334,466,1272
2056,802,804,800,134,330,464,1266
2057,820,818,820,132,332,464,1284
2058,818,820,816,134,328,462,1280
2059,812,810,814,132,332,464,1276
2060,784,786,786,134,332,466,1250
2061,792,794,792,136,330,466,1258
2062,828,826,828,134,332,466,1294
2063,856,854,854,132,332,464,1320
2064,890,890,892,132,334,466,1356
2065,876,876,878,132,336,468,1344
2066,872,870,872,130,338,468,1340
2067,884,886,884,132,336,468,1352
2068,910,908,908,130,336,466,1376
2069,904,904,902,130,334,464,1368
2070,894,894,896,130,336,466,1360
2071,868,868,870,130,338,468,1336
2072,834,832,830,128,336,464,1298
2073,810,816,812,134,332,466,1276
2074,826,824,824,132,332,464,1290
2075,836,834,834,130,332,462,1298
2076,840,842,844,132,334,466,1306
2077,828,828,828,132,334,466,1294
2078,820,818,820,130,336,466,1286
2079,806,808,802,132,330,462,1268
2080,830,830,832,132,332,464,1294
2081,844,842,842,130,332,462,1306
2082,852,852,854,130,334,464,1316
2083,828,828,830,130,336,466,1294
2084,804,806,804,132,334,466,1270
2085,802,804,800,134,330,464,1266
2086,846,844,846,132,332,464,1310
2087,864,862,866,130,336,466,1330
2088,850,850,850,130,336,466,1316
2089,812,812,812,130,336,466,1278
2090,780,786,778,136,328,464,1244
2091,806,806,808,136,330,466,1272
2092,804,800,800,132,330,462,1266
2093,788,790,792,134,332,466,1254
2094,770,768,768,132,332,464,1234
2095,790,792,788,134,328,462,1252
2096,814,812,816,132,332,464,1278
2097,824,824,824,132,332,464,1288
2098,826,824,826,130,334,464,1290
2099,816,816,816,130,334,464,1280
2100,780,784,782,134,332,466,1246
2101,814,814,814,134,332,466,1280
2102,852,852,848,134,328,462,1314
2103,844,844,846,134,330,464,1308
2104,844,840,844,130,334,464,1308
2105,824,824,828,130,338,468,1292
2106,796,800,796,134,334,468,1264
2107,806,808,804,136,330,466,1272
2108,842,838,842,132,334,466,1308
2109,872,870,868,130,332,462,1334
2110,876,876,878,130,334,464,1340
2111,850,850,852,130,336,466,1316
2112,830,832,832,132,336,468,1298
2113,830,832,828,134,332,466,1296
2114,872,870,872,132,334,466,1338
2115,872,872,868,132,330,462,1334
2116,876,874,878,130,334,464,1340
2117,864,864,866,130,336,466,1330
2118,836,836,838,130,338,468,1304
2119,810,812,808,132,334,466,1276
2120,820,822,818,134,330,464,1284
2121,842,840,844,132,334,466,1308
2122,854,856,854,134,332,466,1320
2123,844,840,844,130,336,466,1310
2124,798,802,802,134,336,470,1268
2125,778,778,774,134,332,466,1244
2126,796,796,794,134,330,464,1260
2127,794,794,792,134,328,462,1256
2128,792,790,794,132,332,464,1256
2129,778,778,780,132,334,466,1244
2130,758,760,760,134,334,468,1226
2131,772,774,768,136,328,464,1236
2132,778,776,778,134,330,464,1242
2133,776,774,774,132,330,462,1238
2134,766,766,768,132,332,464,1230
2135,738,740,738,134,330,464,1202
2136,732,732,732,134,330,464,1196
2137,748,748,744,134,326,460,1208
2138,768,766,768,132,328,460,1228
2139,796,796,800,132,332,464,1260
2140,816,816,820,132,336,468,1284
2141,788,790,786,134,332,466,1254
2142,810,810,808,134,330,464,1274
2143,832,830,834,132,334,466,1298
2144,842,840,840,130,334,464,1306
2145,838,836,838,128,336,464,1302
2146,794,794,796,128,338,466,1260
2147,780,786,782,134,334,468,1248
2148,798,798,794,134,330,464,1262
2149,796,794,794,132,330,462,1258
2150,796,796,800,132,334,466,1262
2151,792,792,790,132,332,464,1256
2152,788,788,788,132,332,464,1252
2153,764,764,764,132,332,464,1228
2154,752,754,752,134,330,464,1216
2155,778,778,776,134,328,462,1240
2156,796,796,796,134,328,462,1258
2157,796,794,796,132,330,462,1258
2158,794,796,796,134,330,464,1258
2159,772,772,772,134,330,464,1236
2160,748,748,746,134,328,462,1210
2161,736,734,738,132,332,464,1200
2162,718,722,716,136,326,462,1180
2163,728,728,728,136,326,462,1190
2164,736,734,734,134,326,460,1196
2165,766,766,768,134,328,462,1228
2166,772,770,772,132,330,462,1234
2167,764,766,766,134,330,464,1228
2168,794,796,794,136,328,464,1258
2169,848,844,848,132,332,464,1312
2170,870,866,866,128,332,460,1330
2171,852,854,854,130,332,462,1314
2172,836,838,840,132,334,466,1302
2173,810,806,810,128,338,466,1276
2174,774,776,772,130,334,464,1238
2175,774,780,774,136,328,464,1238
2176,802,798,800,132,330,462,1264
2177,800,802,800,134,328,462,1262
2178,806,804,808,132,332,464,1270
2179,784,784,784,132,332,464,1248
2180,778,776,778,130,334,464,1242
2181,770,774,768,134,328,462,1232
2182,794,794,792,134,326,460,1254
2183,816,814,818,132,330,462,1278
2184,830,830,834,132,334,466,1296
2185,846,846,844,132,332,464,1310
2186,818,816,820,130,336,466,1284
2187,788,792,788,134,332,466,1254
2188,790,790,786,134,328,462,1252
2189,828,828,830,134,330,464,1292
2190,846,842,842,130,330,460,1306
2191,838,838,840,130,332,462,1300
2192,838,840,842,132,334,466,1304
2193,806,806,806,132,334,466,1272
2194,774,776,774,134,332,466,1240
2195,820,820,816,134,328,462,1282
2196,820,818,820,132,330,462,1282
2197,804,804,802,132,328,460,1264
2198,808,808,810,132,330,462,1270
2199,790,788,790,130,332,462,1252
2200,758,762,758,134,328,462,1220
2201,750,750,750,134,328,462,1212
2202,774,776,774,136,326,462,1236
2203,800,798,798,134,326,460,1260
2204,814,814,816,134,328,462,1276
2205,810,810,812,134,330,464,1274
2206,802,800,804,132,334,466,1268
2207,772,774,768,134,328,462,1234
2208,812,814,812,136,326,462,1274
2209,844,840,844,132,330,462,1306
2210,874,874,874,132,330,462,1336
2211,878,878,880,132,332,464,1342
2212,862,860,862,130,334,464,1326
2213,824,826,824,132,332,464,1288
2214,836,834,832,130,330,460,1296
2215,818,820,818,132,328,460,1278
2216,818,820,822,134,330,464,1282
2217,830,830,828,134,328,462,1292
2218,838,834,836,130,330,460,1298
2219,796,796,800,130,334,464,1260
2220,778,782,778,134,330,464,1242
2221,772,774,770,136,326,462,1234
2222,810,806,810,132,330,462,1272
2223,848,846,846,130,330,460,1308
2224,814,816,814,132,328,460,1274
2225,796,796,800,132,332,464,1260
2226,768,770,770,134,332,466,1234
2227,764,764,760,134,328,462,1226
2228,802,802,802,134,328,462,1264
2229,824,822,824,132,330,462,1286
2230,820,820,820,132,330,462,1282
2231,808,808,810,132,332,464,1272
2232,778,782,778,136,328,464,1242
2233,814,812,812,134,328,462,1276
2234,822,818,820,130,330,460,1282
2235,826,826,824,130,328,458,1284
2236,794,798,800,134,330,464,1258
2237,776,776,776,134,330,464,1240
2238,772,772,770,134,328,462,1234
2239,792,792,790,134,326,460,1252
2240,790,788,790,132,328,460,1250
2241,790,792,792,134,328,462,1252
2242,774,774,776,134,330,464,1238
2243,768,768,768,134,330,464,1232
2244,760,762,758,136,326,462,1222
2245,786,784,786,134,328,462,1248
2246,790,790,790,134,328,462,1252
2247,804,800,802,130,330,460,1264
2248,774,778,778,134,330,464,1238
2249,770,770,768,134,328,462,1232
2250,776,778,774,136,324,460,1236
2251,822,818,822,132,328,460,1282
2252,832,832,834,132,330,462,1294
2253,838,840,840,134,330,464,1302
2254,804,802,804,132,332,464,1268
2255,782,786,784,136,330,466,1248
2256,780,778,774,134,326,460,1240
2257,802,800,802,132,328,460,1262
2258,828,828,828,132,328,460,1288
2259,800,802,802,134,328,462,1262
2260,804,802,804,132,330,462,1266
2261,758,758,760,132,332,464,1222
2262,758,760,756,134,328,462,1220
2263,776,776,774,134,326,460,1236
2264,780,780,782,134,328,462,1242
2265,788,786,784,132,326,458,1246
2266,776,776,778,132,328,460,1236
2267,756,758,760,134,330,464,1220
2268,762,762,758,134,326,460,1222
2269,784,782,782,132,326,458,1242
2270,776,778,778,134,326,460,1236
2271,786,782,786,130,330,460,1246
2272,768,770,768,132,328,460,1228
2273,756,756,756,132,328,460,1216
2274,760,760,760,132,328,460,1220
2275,770,772,768,134,324,458,1228
2276,776,772,776,130,328,458,1234
2277,758,762,762,134,328,462,1220
2278,760,762,762,136,328,464,1224
2279,782,782,780,136,326,462,1244
2280,816,812,816,132,330,462,1278
2281,834,836,832,134,326,460,1294
2282,832,828,832,130,330,460,1292
2283,848,848,848,130,330,460,1308
2284,820,820,822,130,332,462,1282
2285,788,790,788,132,330,462,1250
2286,782,784,780,134,326,460,1242
2287,802,800,802,132,328,460,1262
2288,810,810,810,132,328,460,1270
2289,818,818,818,132,328,460,1278
2290,816,816,818,132,330,462,1278
2291,796,794,798,130,334,464,1260
2292,746,752,746,136,328,464,1210
2293,748,748,742,136,322,458,1206
2294,740,738,740,134,324,458,1198
2295,740,742,740,136,322,458,1198
2296,740,738,742,134,326,460,1200
2297,718,716,716,132,326,458,1176
2298,714,718,714,136,322,458,1172
2299,716,716,718,136,324,460,1176
2300,720,720,718,136,322,458,1178
2301,722,720,722,134,324,458,1180
2302,714,714,716,134,326,460,1174
2303,722,724,722,136,324,460,1182
2304,736,734,734,134,324,458,1194
2305,754,754,752,134,322,456,1210
2306,752,750,754,132,326,458,1210
2307,746,746,746,132,326,458,1204
2308,738,740,738,134,324,458,1196
2309,750,748,748,132,324,456,1206
2310,748,750,752,134,326,460,1208
2311,764,762,762,132,326,458,1222
2312,766,766,766,132,326,458,1224
2313,768,766,770,130,330,460,1228
2314,756,758,754,132,326,458,1214
2315,798,798,796,132,324,456,1254
2316,798,798,798,132,324,456,1254
2317,810,810,812,132,326,458,1268
2318,800,798,800,130,328,458,1258
2319,778,778,778,130,328,458,1236
2320,768,772,768,134,324,458,1226
2321,794,794,792,134,322,456,1250
2322,816,814,816,132,324,456,1272
2323,824,824,824,132,324,456,1280
2324,806,804,808,130,328,458,1264
2325,778,784,782,136,326,462,1240
2326,776,774,774,134,326,460,1236
2327,816,816,816,134,326,460,1276
2328,848,844,848,130,330,460,1308
2329,830,830,828,130,328,458,1288
2330,842,844,844,132,328,460,1302
2331,798,798,798,132,328,460,1258
2332,754,756,754,134,326,460,1214
2333,748,750,748,136,324,460,1208
2334,754,750,752,132,326,458,1212
2335,748,750,748,134,324,458,1206
2336,770,768,770,132,326,458,1228
2337,754,758,760,136,328,464,1218
2338,752,752,750,136,326,462,1214
2339,782,782,780,136,324,460,1242
2340,836,832,836,132,328,460,1296
2341,860,862,862,134,328,462,1322
2342,876,872,874,130,330,460,1336
2343,844,844,844,130,330,460,1304
2344,826,826,830,130,334,464,1290
2345,824,828,822,134,328,462,1286
2346,846,842,844,130,330,460,1306
2347,832,832,830,130,328,458,1290
2348,814,816,818,132,330,462,1276
2349,796,798,796,134,328,462,1258
2350,796,796,796,134,328,462,1258
2351,774,772,772,132,328,460,1234
2352,746,748,748,134,328,462,1208
2353,758,760,756,136,324,460,1218
2354,768,766,764,134,322,456,1224
2355,764,764,768,134,326,460,1224
2356,756,754,756,132,328,460,1216
2357,746,750,748,136,326,462,1208
2358,794,792,792,134,326,460,1254
2359,798,796,792,132,322,454,1252
2360,804,804,810,132,328,460,1264
2361,794,792,796,130,332,462,1256
2362,780,784,780,134,328,462,1242
2363,842,840,840,132,328,460,1302
2364,844,844,842,132,326,458,1302
2365,856,854,856,130,328,458,1314
2366,826,826,826,130,328,458,1284
2367,808,808,814,130,334,464,1272
2368,802,806,800,134,328,462,1264
2369,822,822,824,134,330,464,1286
2370,828,824,824,130,330,460,1288
2371,814,814,812,130,328,458,1272
2372,788,788,790,130,330,460,1248
2373,778,782,782,134,330,464,1242
2374,822,820,818,132,328,460,1282
2375,848,846,846,130,328,458,1306
2376,858,860,860,132,328,460,1318
2377,876,876,878,132,330,462,1338
2378,866,862,866,128,334,462,1328
2379,846,848,846,130,332,462,1308
2380,816,818,812,132,326,458,1274
2381,790,792,792,134,326,460,1250
2382,778,776,778,132,328,460,1238
2383,750,750,752,132,330,462,1212
2384,732,734,732,134,328,462,1194
2385,732,736,732,138,324,462,1194
2386,744,744,744,138,324,462,1206
2387,772,768,770,134,326,460,1232
2388,754,754,756,134,328,462,1216
2389,738,740,738,136,326,462,1200
2390,740,740,740,136,326,462,1202
2391,738,738,738,136,326,462,1200
2392,744,744,740,136,322,458,1202
2393,736,734,738,134,326,460,1196
2394,722,722,724,134,328,462,1184
2395,714,716,710,136,322,458,1172
2396,716,714,716,134,324,458,1174
2397,716,718,716,136,322,458,1174
2398,720,720,722,136,324,460,1180
2399,722,722,722,136,324,460,1182
2400,716,712,714,132,326,458,1174
2401,712,716,712,136,322,458,1170
2402,732,730,730,134,322,456,1188
2403,738,736,738,132,324,456,1194
2404,746,746,748,132,326,458,1204
2405,748,748,746,132,324,456,1204
2406,764,762,764,130,326,456,1220
2407,736,738,738,132,326,458,1194
2408,736,738,734,134,322,456,1192
2409,756,756,756,134,322,456,1212
2410,768,768,768,134,322,456,1224
2411,782,780,782,132,324,456,1238
2412,782,782,784,132,326,458,1240
2413,774,776,776,134,326,460,1234
2414,744,746,744,136,324,460,1204
2415,756,754,752,134,322,456,1212
2416,770,770,770,134,322,456,1226
2417,772,770,770,132,322,454,1226
2418,768,770,774,134,326,460,1228
2419,760,762,760,136,324,460,1220
2420,768,768,766,136,322,458,1226
2421,800,798,798,134,322,456,1256
2422,802,798,802,130,326,456,1258
2423,802,804,804,132,326,458,1260
2424,778,778,780,132,328,460,1238
2425,764,764,764,132,328,460,1224
2426,750,754,748,136,322,458,1208
2427,766,764,766,134,324,458,1224
2428,786,784,784,132,324,456,1242
2429,806,804,806,130,326,456,1262
2430,796,798,800,132,328,460,1256
2431,792,794,792,134,326,460,1252
2432,796,796,796,134,326,460,1256
2433,848,846,846,132,326,458,1306
2434,852,852,852,132,326,458,1310
2435,842,840,842,130,328,458,1300
2436,814,816,816,132,328,460,1274
2437,784,784,784,132,328,460,1244
2438,802,802,800,132,326,458,1260
2439,802,804,802,134,324,458,1260
2440,798,798,800,134,326,460,1258
2441,782,782,784,134,328,462,1244
2442,766,768,766,136,326,462,1228
2443,788,788,788,136,326,462,1250
2444,804,802,800,134,324,458,1262
2445,794,794,792,134,322,456,1250
2446,806,804,810,132,328,460,1266
2447,798,796,796,130,328,458,1256
2448,776,776,776,130,328,458,1234
2449,754,756,756,132,328,460,1214
2450,782,784,778,134,322,456,1238
2451,796,794,798,132,326,458,1254
2452,774,776,774,134,324,458,1232
2453,772,770,772,132,326,458,1230
2454,758,760,760,134,326,460,1218
2455,760,760,760,134,326,460,1220
2456,814,812,812,132,326,458,1272
2457,884,884,888,132,330,462,1346
2458,924,922,922,130,330,460,1384
2459,906,906,908,130,332,462,1368
2460,880,880,882,130,334,464,1344
2461,844,840,840,126,334,460,1304
2462,840,844,840,130,330,460,1300
2463,854,858,856,134,328,462,1316
2464,846,844,846,132,330,462,1308
2465,830,828,830,130,332,462,1292
2466,790,790,788,130,330,460,1250
2467,754,758,754,134,326,460,1214
2468,764,762,762,132,326,458,1222
2469,766,766,766,132,326,458,1224
2470,772,774,776,134,328,462,1234
2471,762,762,762,134,328,462,1224
2472,766,768,764,136,324,460,1226
2473,788,784,784,132,324,456,1244
2474,802,802,806,132,328,460,1262
2475,780,782,782,134,328,462,1242
2476,768,768,768,134,328,462,1230
2477,766,766,764,134,326,460,1226
2478,792,792,792,134,326,460,1252
2479,798,798,800,134,328,462,1260
2480,810,806,808,130,330,460,1270
2481,816,816,816,130,330,460,1276
2482,766,770,768,134,328,462,1228
2483,748,746,746,132,328,460,1208
2484,758,760,758,134,326,460,1218
2485,774,772,772,132,326,458,1232
2486,792,792,792,132,326,458,1250
2487,816,816,818,132,328,460,1276
2488,810,810,814,132,332,464,1274
2489,802,800,800,130,332,462,1264
2490,830,832,828,132,328,460,1290
2491,880,880,880,132,328,460,1340
2492,910,908,910,130,330,460,1370
2493,900,900,904,130,334,464,1364
2494,886,886,884,130,332,462,1348
2495,854,852,854,128,334,462,1316
2496,854,858,854,132,330,462,1316
2497,864,864,864,132,330,462,1326
2498,868,864,866,128,332,460,1328
2499,840,840,840,128,332,460,1300
2500,818,826,822,136,328,464,1282
2501,840,838,838,134,328,462,1302
2502,842,838,840,130,330,460,1302
2503,832,836,836,134,330,464,1296
2504,798,798,800,134,332,466,1264
2505,768,768,766,134,330,464,1232
2506,796,796,794,134,328,462,1258
2507,808,808,808,134,328,462,1270
2508,834,832,832,132,328,460,1294
2509,828,828,830,132,330,462,1290
2510,808,808,810,132,332,464,1272
2511,772,772,770,132,330,462,1234
2512,802,802,800,132,328,460,1262
2513,796,796,796,132,328,460,1256
2514,790,788,790,130,330,460,1250
2515,762,766,766,134,330,464,1226
2516,778,778,776,134,328,462,1240
2517,804,804,804,134,328,462,1266
2518,826,824,824,132,328,460,1286
2519,828,826,830,130,332,462,1290
2520,820,822,820,132,330,462,1282
2521,810,812,812,134,330,464,1274
2522,786,788,786,136,328,464,1250
2523,826,824,826,134,330,464,1290
2524,836,834,834,132,330,462,1298
2525,838,838,836,132,328,460,1298
2526,812,812,814,132,330,462,1274
2527,772,774,774,134,330,464,1236
2528,770,768,770,132,332,464,1234
2529,758,760,754,134,326,460,1218
2530,770,772,770,136,324,460,1230
2531,790,788,792,134,328,462,1252
2532,812,810,812,132,330,462,1274
2533,800,800,798,132,328,460,1260
2534,794,792,794,130,330,460,1254
2535,776,778,778,132,330,462,1238
2536,792,794,794,134,330,464,1256
2537,814,814,814,134,330,464,1278
2538,796,796,792,134,326,460,1256
2539,792,790,792,132,328,460,1252
2540,760,758,760,130,330,460,1220
2541,732,738,736,136,328,464,1196
2542,736,736,732,136,324,460,1196
2543,730,732,730,138,322,460,1190
2544,740,736,740,134,326,460,1200
2545,732,734,732,136,324,460,1192
2546,730,728,730,134,326,460,1190
2547,730,730,728,134,324,458,1188
2548,724,724,726,134,326,460,1184
2549,718,718,716,134,324,458,1176
2550,718,720,720,136,324,460,1178
2551,724,722,720,134,322,456,1180
2552,718,716,718,132,324,456,1174
2553,708,710,712,134,326,460,1168
2554,716,716,714,134,324,458,1174
2555,722,722,720,134,322,456,1178
2556,718,718,718,134,322,456,1174
2557,724,722,724,132,324,456,1180
2558,718,720,720,134,324,458,1176
2559,728,728,726,134,322,456,1184
2560,742,740,738,132,320,452,1194
2561,760,758,762,130,324,454,1214
2562,768,770,770,132,324,456,1224
2563,792,790,792,130,326,456,1248
2564,798,796,798,128,328,456,1254
2565,788,792,786,132,322,454,1242
2566,794,794,796,132,324,456,1250
2567,796,794,794,130,324,454,1250
2568,774,778,778,134,324,458,1232
2569,774,772,774,132,326,458,1232
2570,790,790,788,132,324,456,1246
2571,780,778,778,130,324,454,1234
2572,776,778,776,132,322,454,1230
2573,766,766,768,132,324,456,1222
2574,760,760,762,132,326,458,1218
2575,796,798,794,134,322,456,1252
2576,860,858,862,132,326,458,1318
2577,900,896,900,128,330,458,1358
2578,904,904,906,128,332,460,1364
2579,850,850,850,128,332,460,1310
2580,804,810,804,134,326,460,1264
2581,788,788,788,134,326,460,1248
2582,798,794,794,130,326,456,1254
2583,774,776,778,132,328,460,1234
2584,754,756,754,134,326,460,1214
2585,772,774,772,136,324,460,1232
2586,818,814,816,132,326,458,1276
2587,812,814,814,134,326,460,1272
2588,808,806,808,132,328,460,1268
2589,784,784,786,132,330,462,1246
2590,776,780,774,136,324,460,1236
2591,798,794,796,132,326,458,1256
2592,784,782,784,130,328,458,1242
2593,784,786,786,132,328,460,1244
2594,762,762,760,132,326,458,1220
2595,764,766,764,134,324,458,1222
2596,746,746,746,134,324,458,1204
2597,734,736,738,136,326,462,1196
2598,736,736,730,136,320,456,1192
2599,750,748,750,134,322,456,1206
2600,760,758,760,132,324,456,1216
2601,744,746,746,134,324,458,1202
2602,734,736,736,136,324,460,1194
2603,734,736,734,138,322,460,1194
2604,744,742,740,136,320,456,1200
2605,756,756,758,136,322,458,1214
2606,754,752,754,134,324,458,1212
2607,764,762,760,132,322,454,1218
2608,746,748,752,134,326,460,1206
2609,742,740,740,132,326,458,1200
2610,732,734,732,134,324,458,1190
2611,754,754,752,134,322,456,1210
2612,760,760,762,134,324,458,1218
2613,760,758,760,132,326,458,1218
2614,752,754,754,134,326,460,1212
2615,752,752,750,134,324,458,1210
2616,764,766,762,136,320,456,1220
2617,778,776,778,134,322,456,1234
2618,782,780,784,132,326,458,1240
2619,764,766,764,134,324,458,1222
2620,748,744,750,130,330,460,1208
2621,734,740,734,136,324,460,1194
2622,752,750,746,134,320,454,1206
2623,756,756,760,134,324,458,1214
2624,750,750,750,134,324,458,1208
2625,744,744,744,134,324,458,1202
2626,734,734,734,134,324,458,1192
2627,718,716,718,132,326,458,1176
2628,722,726,718,136,318,454,1176
2629,730,730,730,136,318,454,1184
2630,730,730,732,136,320,456,1186
2631,742,738,740,132,322,454,1196
2632,740,740,744,132,326,458,1198
2633,740,744,742,136,324,460,1200
2634,772,770,768,134,322,456,1228
2635,852,848,852,130,326,456,1308
2636,916,918,920,132,328,460,1376
2637,910,906,910,128,332,460,1370
2638,884,882,884,126,334,460,1344
2639,848,852,850,130,332,462,1310
2640,866,866,864,130,330,460,1326
2641,864,864,864,130,330,460,1324
2642,864,864,864,130,330,460,1324
2643,852,850,854,128,334,462,1314
2644,830,834,830,132,330,462,1292
2645,832,832,832,132,330,462,1294
2646,798,798,796,132,328,460,1258
2647,782,782,780,132,326,458,1240
2648,786,784,786,130,328,458,1244
2649,768,774,772,136,326,462,1230
2650,772,770,772,134,328,462,1234
2651,764,764,760,134,324,458,1222
2652,804,804,806,134,326,460,1264
2653,786,784,784,132,326,458,1244
2654,782,782,782,132,326,458,1240
2655,758,760,760,134,326,460,1218
2656,750,750,748,134,324,458,1208
2657,788,788,788,134,324,458,1246
2658,812,810,812,132,326,458,1270
2659,826,824,824,130,326,456,1282
2660,838,838,842,130,330,460,1298
2661,810,810,810,130,330,460,1270
2662,778,782,780,134,328,462,1240
2663,778,778,774,134,324,458,1236
2664,800,800,800,134,324,458,1258
2665,810,806,810,130,328,458,1268
2666,800,802,802,132,328,460,1260
2667,800,800,800,132,328,460,1260
2668,792,792,792,132,328,460,1252
2669,786,790,786,136,324,460,1246
2670,800,794,798,130,328,458,1258
2671,804,804,802,130,326,456,1260
2672,784,786,788,132,328,460,1244
2673,788,788,788,132,328,460,1248
2674,780,782,778,134,324,458,1238
2675,786,782,784,130,326,456,1242
2676,768,770,772,132,328,460,1228
2677,758,760,758,134,326,460,1218
2678,750,754,750,138,322,460,1210
2679,784,780,782,134,324,458,1242
2680,798,794,798,130,328,458,1256
2681,790,792,792,132,328,460,1250
2682,772,774,774,134,328,462,1234
2683,744,746,744,136,326,462,1206
2684,768,766,764,134,324,458,1226
2685,774,774,774,134,324,458,1232
2686,772,770,772,132,326,458,1230
2687,760,760,762,132,328,460,1220
2688,746,750,748,136,326,462,1208
2689,780,774,774,130,326,456,1236
2690,790,794,794,134,326,460,1250
2691,788,786,784,132,324,456,1244
2692,782,782,786,132,328,460,1242
2693,758,760,758,134,326,460,1218
2694,780,778,776,132,324,456,1236
2695,792,792,794,132,326,458,1250
2696,812,810,812,130,328,458,1270
2697,810,810,810,130,328,458,1268
2698,818,820,822,132,330,462,1280
2699,794,794,792,132,328,460,1254
2700,788,788,786,132,326,458,1246
2701,818,818,818,132,326,458,1276
2702,826,824,826,130,328,458,1284
2703,852,850,850,128,328,456,1308
2704,814,816,818,130,330,460,1274
2705,794,796,794,132,328,460,1254
2706,804,804,802,132,326,458,1262
2707,820,820,822,132,328,460,1280
2708,822,822,822,132,328,460,1282
2709,816,814,814,130,328,458,1274
2710,794,796,798,132,330,462,1256
2711,768,770,766,134,326,460,1228
2712,776,776,774,134,324,458,1234
2713,796,792,794,130,326,456,1252
2714,800,800,802,130,328,458,1258
2715,774,776,776,132,328,460,1234
2716,776,778,776,134,326,460,1236
2717,752,754,752,136,324,460,1212
2718,776,774,776,134,326,460,1236
2719,786,784,784,132,326,458,1244
2720,806,804,808,130,330,460,1266
2721,788,790,790,132,330,462,1250
2722,780,782,778,134,326,460,1240
2723,854,852,856,132,330,462,1316
2724,898,898,900,132,332,464,1362
2725,898,898,896,132,330,462,1360
2726,890,884,888,126,334,460,1350
2727,852,854,856,128,336,464,1316
2728,814,816,814,130,334,464,1278
2729,788,792,786,134,328,462,1250
2730,786,784,786,132,330,462,1248
2731,778,776,776,130,330,460,1238
2732,770,772,770,132,328,460,1230
2733,740,742,744,134,330,464,1204
2734,738,738,736,134,328,462,1200
2735,756,756,754,134,326,460,1216
2736,804,802,804,132,328,460,1264
2737,818,820,820,134,328,462,1280
2738,840,836,838,130,330,460,1300
2739,832,832,834,130,332,462,1294
2740,796,800,798,134,330,464,1260
2741,812,810,808,132,328,460,1272
2742,814,814,814,132,328,460,1274
2743,804,804,804,132,328,460,1264
2744,780,780,782,132,330,462,1242
2745,758,760,758,134,328,462,1220
2746,758,760,758,136,326,462,1220
2747,786,782,782,132,326,458,1244
2748,792,794,794,134,326,460,1252
2749,794,792,794,132,328,460,1254
2750,772,770,772,130,330,460,1232
2751,762,766,764,134,328,462,1224
2752,752,754,750,136,324,460,1212
2753,788,786,788,134,326,460,1248
2754,792,792,794,134,328,462,1254
2755,792,792,792,134,328,462,1254
2756,778,778,780,134,330,464,1242
2757,758,758,756,134,328,462,1220
2758,780,778,776,132,326,458,1238
2759,790,790,790,132,326,458,1248
2760,808,806,810,130,330,460,1268
2761,814,812,814,128,332,460,1274
2762,780,786,784,134,330,464,1244
2763,766,766,766,134,330,464,1230
2764,766,766,762,134,326,460,1226
2765,798,796,796,132,326,458,1256
2766,808,806,810,130,330,460,1268
2767,806,808,806,132,328,460,1266
2768,782,782,784,132,330,462,1244
2769,758,760,758,134,328,462,1220
2770,766,768,766,136,326,462,1228
2771,784,780,778,132,324,456,1240
2772,792,790,794,130,328,458,1250
2773,794,796,794,132,326,458,1252
2774,784,782,784,130,328,458,1242
2775,762,762,766,130,332,462,1224
2776,760,766,760,136,326,462,1222
2777,788,786,788,134,328,462,1250
2778,782,780,780,132,328,460,1242
2779,772,772,772,132,328,460,1232
2780,776,776,778,132,330,462,1238
2781,774,776,772,134,326,460,1234
2782,822,818,822,130,330,460,1282
2783,826,828,828,132,330,462,1288
2784,834,830,832,128,332,460,1294
2785,808,812,812,132,332,464,1272
2786,782,784,782,134,330,464,1246
2787,788,788,784,134,326,460,1248
2788,804,802,804,132,328,460,1264
2789,808,806,808,130,330,460,1268
2790,812,812,810,130,328,458,1270
2791,800,802,804,132,330,462,1262
2792,778,778,778,132,330,462,1240
2793,764,766,764,134,328,462,1226
2794,780,778,776,132,326,458,1238
2795,804,806,806,134,326,460,1264
2796,824,822,822,132,326,458,1282
2797,846,844,848,130,330,460,1306
2798,812,814,818,132,334,466,1278
2799,832,832,828,132,330,462,1294
2800,806,806,804,132,328,460,1266
2801,790,790,790,132,328,460,1250
2802,754,758,760,136,330,466,1220
2803,738,736,734,134,328,462,1200
2804,738,740,734,136,322,458,1196
2805,760,758,760,134,324,458,1218
2806,800,798,802,132,328,460,1260
2807,834,832,834,130,330,460,1294
2808,816,816,822,130,336,466,1282
2809,802,806,800,134,330,464,1266
2810,836,834,832,132,328,460,1296
2811,852,852,854,132,330,462,1314
2812,862,860,860,130,330,460,1322
2813,844,844,846,130,332,462,1306
2814,842,844,844,132,332,464,1306
2815,794,792,792,130,332,462,1256
2816,778,782,778,134,328,462,1240
2817,804,804,804,134,328,462,1266
2818,808,804,806,130,330,460,1268
2819,812,812,812,130,330,460,1272
2820,782,784,784,132,330,462,1244
2821,768,768,766,132,328,460,1228
2822,754,758,756,136,326,462,1216
2823,786,784,782,134,324,458,1244
2824,802,800,802,132,326,458,1260
2825,776,776,776,132,326,458,1234
2826,760,762,766,134,330,464,1224
2827,754,756,752,136,326,462,1216
2828,760,758,756,134,324,458,1218
2829,760,760,760,134,324,458,1218
2830,758,756,758,132,326,458,1216
2831,746,746,746,132,326,458,1204
2832,736,740,738,136,324,460,1196
2833,754,752,750,134,322,456,1210
2834,774,774,778,134,326,460,1234
2835,776,772,776,130,330,460,1236
2836,750,754,752,134,328,462,1212
2837,746,746,746,134,328,462,1208
2838,768,766,760,132,322,454,1222
2839,764,766,768,134,324,458,1222
2840,754,754,754,134,324,458,1212
2841,746,744,746,132,326,458,1204
2842,736,738,740,134,328,462,1198
2843,728,730,726,136,324,460,1188
2844,740,738,738,134,324,458,1198
2845,754,754,754,134,324,458,1212
2846,762,762,762,134,324,458,1220
2847,766,764,766,132,326,458,1224
2848,756,758,760,134,328,462,1218
2849,754,752,752,132,328,460,1214
2850,750,752,750,134,326,460,1210
2851,794,792,792,132,326,458,1252
2852,784,784,786,132,328,460,1244
2853,798,796,796,130,328,458,1256
2854,788,790,790,132,328,460,1248
2855,776,776,778,132,330,462,1238
2856,762,764,760,134,326,460,1222
2857,802,800,802,132,328,460,1262
2858,836,834,836,130,330,460,1296
2859,842,844,844,132,330,462,1304
2860,830,830,830,132,330,462,1292
2861,798,798,800,132,332,464,1262
2862,806,806,802,132,328,460,1266
2863,826,826,828,132,330,462,1288
2864,794,794,794,132,330,462,1256
2865,752,752,752,132,330,462,1214
2866,738,740,736,134,326,460,1198
2867,752,754,752,136,324,460,1212
2868,782,778,780,132,326,458,1240
2869,782,784,784,134,326,460,1242
2870,772,770,770,132,326,458,1230
2871,740,742,744,134,328,462,1202
2872,748,748,746,134,326,460,1208
2873,770,768,768,132,326,458,1228
2874,814,814,816,132,328,460,1274
2875,818,816,816,130,328,458,1276
2876,842,842,846,130,332,462,1304
2877,834,834,834,130,332,462,1296
2878,806,808,806,132,330,462,1268
2879,788,790,788,134,328,462,1250
2880,812,812,810,134,326,460,1272
2881,836,832,834,130,328,458,1294
2882,850,850,852,130,330,460,1310
2883,840,842,842,132,330,462,1302
2884,804,804,804,132,330,462,1266
2885,778,780,778,134,328,462,1240
2886,818,816,814,132,326,458,1276
2887,834,834,836,132,328,460,1294
2888,830,828,828,130,328,458,1288
2889,814,814,816,130,330,460,1274
2890,808,808,806,130,328,458,1266
2891,782,784,788,132,332,464,1246
2892,754,758,752,136,326,462,1216
2893,780,778,776,134,324,458,1238
2894,770,770,770,134,324,458,1228
2895,782,778,780,130,326,456,1238
2896,784,786,788,132,328,460,1244
2897,766,766,766,132,328,460,1226
2898,748,750,748,134,326,460,1208
2899,780,780,778,134,324,458,1238
2900,812,810,810,132,324,456,1268
2901,838,838,844,132,330,462,1300
2902,822,822,822,132,330,462,1284
2903,798,800,800,134,330,464,1262
2904,760,760,758,134,328,462,1222
2905,774,774,772,134,326,460,1234
2906,790,788,788,132,326,458,1248
2907,798,798,800,132,328,460,1258
2908,788,788,788,132,328,460,1248
2909,762,764,764,134,328,462,1224
2910,752,756,752,138,324,462,1214
2911,796,792,794,134,326,460,1256
2912,814,812,814,132,328,460,1274
2913,820,820,820,132,328,460,1280
2914,790,794,794,136,328,464,1254
2915,764,760,760,132,328,460,1224
2916,776,778,776,134,326,460,1236
2917,800,800,800,134,326,460,1260
2918,816,812,816,130,330,460,1276
2919,790,790,786,130,326,456,1246
2920,784,786,788,132,328,460,1244
2921,764,766,764,134,326,460,1224
2922,762,766,762,138,322,460,1222
2923,760,756,756,134,322,456,1216
2924,746,746,752,134,328,462,1208
2925,736,738,736,136,326,462,1198
2926,742,740,740,134,326,460,1202
2927,804,802,802,132,326,458,1262
2928,874,872,876,130,330,460,1334
2929,896,898,898,132,330,462,1358
2930,890,888,890,130,332,462,1352
2931,856,856,858,130,334,464,1320
2932,824,828,824,134,330,464,1288
2933,852,848,850,130,332,462,1314
2934,836,836,836,130,332,462,1298
2935,824,824,824,130,332,462,1286
2936,812,812,812,130,332,462,1274
2937,780,784,784,134,332,466,1246
2938,758,760,758,136,330,466,1224
2939,770,770,766,136,326,462,1232
2940,782,780,780,134,326,460,1242
2941,786,784,784,132,326,458,1244
2942,778,778,778,132,326,458,1236
2943,764,766,768,134,328,462,1226
2944,760,758,760,132,330,462,1222
2945,754,756,752,134,326,460,1214
2946,752,754,750,136,322,458,1210
2947,780,778,778,134,322,456,1236
2948,790,788,794,132,328,460,1250
2949,794,794,792,132,326,458,1252
2950,786,786,790,132,330,462,1248
2951,768,770,770,134,330,464,1232
2952,758,756,752,132,326,458,1216
2953,760,762,762,134,326,460,1220
2954,758,756,756,132,326,458,1216
2955,742,744,744,134,326,460,1202
2956,716,718,718,136,326,462,1178
2957,708,710,706,138,322,460,1168
2958,720,718,718,136,322,458,1178
2959,722,722,720,136,320,456,1178
2960,728,726,732,134,326,460,1188
2961,718,718,716,134,324,458,1176
2962,712,712,712,134,324,458,1170
2963,726,726,724,134,322,456,1182
2964,738,738,736,134,320,454,1192
2965,746,746,752,134,326,460,1206
2966,728,728,730,134,328,462,1190
2967,722,722,720,134,326,460,1182
2968,746,744,744,132,326,458,1204
2969,760,760,760,132,326,458,1218
2970,772,770,774,130,330,460,1232
2971,776,776,776,130,330,460,1236
2972,760,762,762,132,330,462,1222
2973,744,744,742,132,328,460,1204
2974,742,744,740,134,324,458,1200
2975,756,756,756,134,324,458,1214
2976,766,764,766,132,326,458,1224
2977,754,756,754,134,324,458,1212
2978,756,752,756,130,328,458,1214
2979,748,748,748,130,328,458,1206
2980,732,736,732,134,324,458,1190
2981,752,750,750,132,324,456,1208
2982,766,766,766,132,324,456,1222
2983,780,778,780,130,326,456,1236
2984,790,790,790,130,326,456,1246
2985,762,762,762,130,326,456,1218
2986,756,760,758,134,324,458,1214
2987,734,736,734,136,322,458,1192
2988,742,742,738,136,318,454,1196
2989,738,736,738,134,320,454,1192
2990,734,734,736,134,322,456,1190
2991,730,728,732,132,326,458,1188
2992,742,746,742,136,322,458,1200
2993,828,826,830,134,326,460,1288
2994,864,862,862,132,326,458,1322
2995,886,884,888,130,330,460,1346
2996,872,870,870,128,330,458,1330
2997,826,828,830,130,332,462,1288
2998,772,774,772,132,330,462,1234
2999,756,758,754,134,326,460,1216
3000,756,758,756,136,324,460,1216
3001,760,758,758,134,324,458,1218
3002,764,762,764,132,326,458,1222
3003,748,748,750,132,328,460,1208
3004,732,732,730,132,326,458,1190
3005,718,720,718,134,324,458,1176
3006,728,728,724,134,320,454,1182
3007,726,724,728,132,324,456,1182
3008,732,734,734,134,324,458,1190
3009,728,726,728,132,326,458,1186
3010,712,716,710,136,320,456,1168
3011,708,708,708,136,320,456,1164
3012,714,714,714,136,320,456,1170
3013,716,716,714,136,318,454,1170
3014,726,724,724,134,318,452,1178
3015,722,720,724,132,322,454,1176
3016,726,726,728,132,324,456,1182
3017,748,750,746,134,320,454,1202
3018,770,766,768,130,322,452,1222
3019,776,778,782,132,326,458,1234
3020,780,780,778,132,324,456,1236
3021,756,758,758,134,324,458,1214
3022,750,750,748,134,322,456,1206
3023,756,756,754,134,320,454,1210
3024,766,766,766,134,320,454,1220
3025,768,764,768,130,324,454,1222
3026,764,766,766,132,324,456,1220
3027,768,768,768,132,324,456,1224
3028,748,750,750,134,324,458,1206
3029,744,746,744,136,322,458,1202
3030,756,756,752,136,318,454,1210
3031,780,778,782,134,322,456,1236
3032,790,788,790,132,324,456,1246
3033,790,788,788,130,324,454,1244
3034,768,770,772,132,326,458,1226
3035,782,782,780,132,324,456,1238
3036,784,784,784,132,324,456,1240
3037,796,796,794,132,322,454,1250
3038,788,788,792,132,326,458,1246
3039,760,762,762,134,326,460,1220
3040,760,760,758,134,324,458,1218
3041,794,794,792,134,322,456,1250
3042,814,816,816,136,322,458,1272
3043,832,826,830,130,326,456,1288
3044,808,810,814,132,330,462,1270
3045,780,780,778,132,328,460,1240
3046,752,756,752,136,324,460,1212
3047,766,766,762,136,320,456,1222
3048,768,766,770,134,324,458,1226
3049,760,760,762,134,326,460,1220
3050,756,756,756,134,326,460,1216
3051,748,748,746,134,324,458,1206
3052,718,720,722,136,326,462,1180
3053,714,714,710,136,322,458,1172
3054,724,726,724,138,320,458,1182
3055,774,768,772,132,324,456,1230
3056,834,834,840,132,330,462,1296
3057,880,878,880,130,332,462,1342
3058,862,864,866,132,334,466,1328
3059,876,876,874,132,332,464,1340
3060,914,912,914,130,334,464,1378
3061,914,914,912,130,332,462,1376
3062,902,902,904,130,334,464,1366
3063,892,892,892,130,334,464,1356
3064,852,852,854,130,336,466,1318
3065,860,862,860,132,334,466,1326
3066,862,858,860,128,336,464,1326
3067,846,850,846,132,332,464,1310
3068,842,840,840,130,332,462,1304
3069,814,816,818,132,334,466,1280
3070,788,788,786,132,332,464,1252
3071,762,766,762,136,328,464,1226
3072,788,784,784,132,328,460,1248
3073,794,794,796,132,330,462,1256
3074,780,780,780,132,330,462,1242
3075,754,754,756,132,332,464,1218
3076,762,766,760,136,326,462,1224
3077,772,766,766,130,326,456,1228
3078,768,770,770,132,326,458,1226
3079,770,768,770,130,328,458,1228
3080,750,752,754,132,330,462,1212
3081,744,744,742,132,328,460,1204
3082,748,750,746,134,324,458,1206
3083,778,778,778,134,324,458,1236
3084,786,784,788,132,328,460,1246
3085,788,790,786,134,324,458,1246
3086,790,788,792,132,328,460,1250
3087,758,760,760,134,328,462,1220
3088,748,748,744,134,324,458,1206
3089,758,758,754,134,320,454,1212
3090,784,782,788,132,326,458,1242
3091,756,758,758,134,326,460,1216
3092,744,740,742,130,328,458,1202
3093,714,720,716,136,324,460,1174
3094,716,716,714,136,322,458,1174
3095,728,728,726,136,320,456,1184
3096,756,754,758,134,324,458,1214
3097,790,788,792,132,328,460,1250
3098,810,808,810,130,330,460,1270
3099,788,790,790,132,330,462,1250
3100,798,800,798,134,328,462,1260
3101,868,866,868,132,330,462,1330
3102,866,862,866,128,334,462,1328
3103,858,860,858,130,332,462,1320
3104,826,824,824,128,332,460,1286
3105,794,798,798,132,332,464,1258
3106,768,768,764,132,328,460,1228
3107,776,778,776,134,326,460,1236
3108,790,788,790,132,328,460,1250
3109,798,796,796,130,328,458,1256
3110,784,784,786,130,330,460,1244
3111,768,772,770,134,328,462,1230
3112,760,758,756,132,326,458,1218
3113,742,744,744,134,326,460,1202
3114,736,738,734,136,322,458,1194
3115,756,752,754,132,324,456,1212
3116,762,764,764,134,324,458,1220
3117,764,760,762,130,326,456,1220
3118,748,748,750,130,328,458,1206
3119,742,746,744,134,326,460,1202
3120,760,760,758,134,324,458,1218
3121,776,776,774,134,322,456,1232
3122,788,786,790,132,326,458,1246
3123,782,782,784,132,328,460,1242
3124,768,768,766,132,326,458,1226
3125,752,754,756,134,328,462,1214
3126,740,740,736,134,324,458,1198
3127,752,750,750,132,324,456,1208
3128,760,762,762,134,324,458,1218
3129,760,758,760,132,326,458,1218
3130,750,750,750,132,326,458,1208
3131,738,742,742,136,326,462,1200
3132,768,766,764,134,324,458,1226
3133,794,792,794,132,326,458,1252
3134,804,802,806,130,330,460,1264
3135,798,800,798,132,328,460,1258
3136,772,772,774,132,330,462,1234
3137,764,766,764,134,328,462,1226
3138,808,808,806,134,326,460,1268
3139,834,830,832,130,328,458,1292
3140,810,810,810,130,328,458,1268
3141,782,782,782,130,328,458,1240
3142,748,750,750,132,328,460,1208
3143,730,730,728,132,326,458,1188
3144,716,718,712,134,320,454,1170
3145,712,712,712,134,320,454,1166
3146,706,706,708,134,322,456,1162
3147,716,716,716,134,322,456,1172
3148,708,706,710,132,326,458,1166
3149,692,694,690,134,322,456,1148
3150,722,722,720,134,320,454,1176
3151,746,744,748,132,324,456,1202
3152,772,772,776,132,328,460,1232
3153,808,806,808,130,330,460,1268
3154,796,798,798,132,330,462,1258
3155,786,786,784,132,328,460,1246
3156,810,810,810,132,328,460,1270
3157,860,856,858,128,330,458,1318
3158,852,852,852,128,330,458,1310
3159,858,858,860,128,332,460,1318
3160,846,846,846,128,332,460,1306
3161,830,832,830,130,330,460,1290
3162,794,794,796,130,332,462,1256
3163,790,794,786,134,324,458,1248
3164,812,810,812,132,326,458,1270
3165,816,816,816,132,326,458,1274
3166,848,846,848,130,328,458,1306
3167,832,832,832,130,328,458,1290
3168,804,804,806,130,330,460,1264
3169,774,776,776,132,330,462,1236
3170,762,762,760,132,328,460,1222
3171,798,800,796,134,324,458,1256
3172,860,860,862,134,326,460,1320
3173,894,890,894,130,330,460,1354
3174,914,912,914,128,332,460,1374
3175,896,898,898,130,332,462,1358
3176,868,868,868,130,332,462,1330
3177,878,880,878,132,330,462,1340
3178,896,896,896,132,330,462,1358
3179,868,866,868,130,332,462,1330
3180,818,818,820,130,334,464,1282
3181,786,788,780,132,326,458,1244
3182,788,788,790,132,328,460,1248
3183,786,786,788,132,330,462,1248
3184,798,796,794,130,328,458,1256
3185,776,780,780,134,328,462,1238
3186,786,788,786,136,326,462,1248
3187,792,790,790,134,326,460,1252
3188,802,798,800,130,328,458,1260
3189,794,794,794,130,328,458,1252
3190,782,784,782,132,326,458,1240
3191,782,782,784,132,328,460,1242
3192,760,762,762,134,328,462,1222
3193,750,750,748,134,326,460,1210
3194,770,768,766,132,324,456,1226
3195,778,778,780,132,326,458,1236
3196,786,786,784,132,324,456,1242
3197,788,786,790,130,328,458,1246
3198,768,770,772,132,330,462,1230
3199,750,752,748,134,326,460,1210
3200,744,742,744,132,328,460,1204
3201,764,768,764,136,324,460,1224
3202,782,776,780,130,328,458,1240
3203,758,760,762,132,330,462,1220
3204,742,744,740,134,326,460,1202
3205,744,746,742,136,322,458,1202
3206,774,772,776,134,326,460,1234
3207,778,774,776,130,328,458,1236
3208,772,772,774,130,330,460,1232
3209,768,770,770,132,330,462,1230
3210,752,754,752,134,328,462,1214
3211,770,770,766,134,324,458,1228
3212,784,782,788,132,330,462,1246
3213,788,788,788,132,330,462,1250
3214,794,792,792,130,330,460,1254
3215,770,772,772,132,330,462,1232
3216,764,764,762,132,328,460,1224
3217,766,768,764,134,324,458,1224
3218,786,784,788,132,328,460,1246
3219,800,800,802,132,330,462,1262
3220,804,802,800,130,328,458,1262
3221,794,796,798,132,330,462,1256
3222,768,768,766,132,328,460,1228
3223,766,768,768,134,328,462,1228
3224,748,748,744,134,324,458,1206
3225,770,770,770,134,324,458,1228
3226,798,796,798,132,326,458,1256
3227,810,808,810,130,328,458,1268
3228,794,796,798,132,330,462,1256
3229,778,778,778,132,330,462,1240
3230,798,800,796,134,326,460,1258
3231,830,828,830,132,328,460,1290
3232,836,834,836,130,330,460,1296
3233,800,802,802,132,330,462,1262
3234,772,776,772,136,326,462,1234
3235,788,784,784,132,326,458,1246
3236,824,826,828,134,328,462,1286
3237,844,838,840,128,330,458,1302
3238,844,848,848,132,330,462,1306
3239,840,838,838,130,330,460,1300
3240,814,814,816,130,332,462,1276
3241,808,810,806,132,328,460,1268
3242,840,838,840,130,330,460,1300
3243,860,860,862,130,332,462,1322
3244,866,868,866,132,330,462,1328
3245,856,854,856,130,332,462,1318
3246,844,844,846,130,334,464,1308
3247,858,860,856,132,330,462,1320
3248,872,872,872,132,330,462,1334
3249,868,866,868,130,332,462,1330
3250,844,846,844,132,330,462,1306
3251,818,818,820,132,332,464,1282
3252,822,824,822,134,330,464,1286
3253,832,830,828,132,328,460,1292
3254,810,808,810,130,330,460,1270
3255,792,792,792,130,330,460,1252
3256,766,768,764,132,326,458,1224
3257,784,784,784,132,326,458,1242
3258,770,772,772,134,326,460,1230
3259,768,766,766,132,326,458,1226
3260,758,758,760,132,328,460,1218
3261,744,748,746,136,326,462,1206
3262,728,726,724,134,324,458,1186
3263,734,736,734,136,322,458,1192
3264,764,760,762,132,324,456,1220
3265,780,782,784,134,326,460,1240
3266,780,780,780,134,326,460,1240
3267,766,764,766,132,328,460,1226
3268,752,752,752,132,328,460,1212
3269,744,746,742,134,324,458,1202
3270,776,776,778,134,326,460,1236
3271,794,790,792,130,328,458,1252
3272,800,800,802,130,330,460,1260
3273,794,794,796,130,332,462,1256
3274,784,784,782,130,330,460,1244
3275,744,744,744,130,330,460,1204
3276,732,736,732,134,326,460,1192
3277,742,742,740,134,324,458,1200
3278,744,744,742,134,322,456,1200
3279,754,754,756,134,324,458,1212
3280,768,764,768,130,328,458,1226
3281,774,774,774,130,328,458,1232
3282,770,774,772,134,326,460,1230
3283,788,788,786,134,324,458,1246
3284,838,834,838,130,328,458,1296
3285,836,836,836,130,328,458,1294
3286,842,842,844,130,330,460,1302
3287,814,812,814,128,332,460,1274
3288,796,800,798,132,330,462,1258
3289,850,848,848,130,330,460,1310
3290,858,856,858,128,332,460,1318
3291,856,856,854,128,330,458,1314
3292,842,844,844,130,330,460,1302
3293,816,816,816,130,330,460,1276
3294,790,790,790,130,330,460,1250
3295,778,780,776,132,326,458,1236
3296,808,808,810,132,328,460,1268
3297,812,810,810,130,328,458,1270
3298,800,802,800,132,326,458,1258
3299,800,800,802,132,328,460,1260
3300,780,780,780,132,328,460,1240
3301,768,768,766,132,326,458,1226
3302,796,796,798,132,328,460,1256
3303,804,802,800,130,326,456,1260
3304,808,808,810,130,328,458,1266
3305,792,792,794,130,330,460,1252
3306,776,778,776,132,328,460,1236
3307,768,770,770,134,328,462,1230
3308,778,778,774,134,324,458,1236
3309,788,788,788,134,324,458,1246
3310,780,778,778,132,324,456,1236
3311,776,776,778,132,326,458,1234
3312,760,760,762,132,328,460,1220
3313,748,748,746,132,326,458,1206
3314,756,760,756,136,322,458,1214
3315,790,786,790,132,326,458,1248
3316,800,800,800,132,326,458,1258
3317,788,788,790,132,328,460,1248
3318,778,778,780,132,330,462,1240
3319,762,766,758,136,322,458,1220
3320,774,772,772,134,322,456,1230
3321,786,784,788,132,326,458,1244
3322,778,778,778,132,326,458,1236
3323,762,762,764,132,328,460,1222
3324,752,754,750,134,324,458,1210
3325,772,770,770,132,324,456,1228
3326,786,786,788,132,326,458,1244
3327,804,802,804,130,328,458,1262
3328,798,798,798,130,328,458,1256
3329,810,812,812,132,328,460,1270
3330,828,828,830,132,330,462,1290
3331,842,838,838,128,330,458,1300
3332,848,850,850,130,330,460,1308
3333,820,822,824,132,332,464,1284
3334,830,828,824,130,328,458,1288
3335,842,842,844,130,330,460,1302
3336,820,820,820,130,330,460,1280
3337,806,806,808,130,332,462,1268
3338,800,804,798,134,326,460,1260
3339,808,808,810,134,328,462,1270
3340,808,804,804,130,328,458,1266
3341,804,804,806,130,330,460,1264
3342,764,768,766,134,328,462,1226
3343,784,784,780,134,324,458,1242
3344,794,792,794,132,326,458,1252
3345,794,794,794,132,326,458,1252
3346,796,794,796,130,328,458,1254
3347,766,770,770,134,328,462,1228
3348,756,758,756,136,326,462,1218
3349,768,766,764,134,324,458,1226
3350,782,780,780,132,324,456,1238
3351,784,788,788,136,324,460,1244
3352,784,780,782,132,326,458,1242
3353,764,764,766,132,328,460,1224
3354,758,758,758,132,328,460,1218
3355,766,770,764,136,322,458,1224
3356,802,796,800,130,326,456,1258
3357,806,806,810,130,330,460,1266
3358,778,780,778,132,328,460,1238
3359,776,778,778,134,328,462,1238
3360,796,796,794,134,326,460,1256
3361,826,824,826,132,328,460,1286
3362,816,814,816,130,330,460,1276
3363,790,790,792,130,332,462,1252
3364,776,778,772,132,326,458,1234
3365,802,800,802,130,328,458,1260
3366,784,786,788,132,330,462,1246
3367,790,790,788,132,328,460,1250
3368,758,758,758,132,328,460,1218
3369,746,744,746,130,330,460,1206
3370,754,758,752,134,324,458,1212
3371,768,766,768,132,326,458,1226
3372,768,766,768,130,328,458,1226
3373,784,784,784,130,328,458,1242
3374,768,770,772,132,330,462,1230
3375,758,756,756,130,330,460,1218
3376,772,774,768,132,324,456,1228
3377,786,786,790,132,328,460,1246
3378,804,802,804,130,330,460,1264
3379,796,794,796,128,332,460,1256
3380,776,778,778,130,332,462,1238
3381,778,782,780,134,330,464,1242
3382,816,814,812,132,328,460,1276
3383,810,810,812,132,330,462,1272
3384,794,794,794,132,330,462,1256
3385,796,794,794,130,330,460,1256
3386,800,804,800,134,326,460,1260
3387,812,812,812,134,326,460,1272
3388,828,824,828,130,330,460,1288
3389,800,802,798,132,326,458,1258
3390,782,782,784,132,328,460,1242
3391,776,774,774,130,328,458,1234
3392,752,754,752,132,326,458,1210
3393,762,758,758,128,326,454,1216
3394,746,754,750,136,322,458,1204
3395,748,744,748,132,326,458,1206
3396,754,756,752,134,322,456,1210
3397,748,746,748,132,324,456,1204
3398,746,748,748,134,324,458,1204
3399,750,748,748,132,324,456,1206
3400,746,744,746,130,326,456,1202
3401,738,740,738,132,324,456,1194
3402,746,748,744,134,320,454,1200
3403,744,742,744,132,322,454,1198
3404,736,736,738,132,324,456,1192
3405,734,734,730,132,320,452,1186
3406,746,746,746,132,320,452,1198
3407,748,748,750,132,322,454,1202
3408,748,746,748,130,324,454,1202
3409,740,740,740,130,324,454,1194
3410,738,742,738,134,320,454,1192
3411,754,750,752,130,322,452,1206
3412,746,748,750,132,324,456,1202
3413,738,738,738,132,324,456,1194
3414,742,740,738,130,322,452,1194
3415,742,746,742,134,318,452,1194
3416,750,748,750,132,320,452,1202
3417,750,748,754,130,326,456,1206
3418,738,738,736,130,324,454,1192
3419,738,738,738,130,324,454,1192
3420,742,746,742,134,320,454,1196
3421,750,750,750,134,320,454,1204
3422,750,748,750,132,322,454,1204
3423,740,740,742,132,324,456,1196
3424,732,730,728,130,322,452,1184
3425,730,732,732,132,322,454,1184
3426,744,744,740,132,318,450,1194
3427,750,750,754,132,322,454,1204
3428,752,752,754,132,324,456,1208
3429,748,748,748,132,324,456,1204
3430,742,740,742,130,326,456,1198
3431,738,738,736,130,324,454,1192
3432,756,758,754,132,320,452,1208
3433,768,768,772,132,324,456,1224
3434,764,762,764,130,326,456,1220
3435,768,768,770,130,328,458,1226
3436,754,754,752,130,326,456,1210
3437,748,750,748,132,324,456,1204
3438,766,762,762,128,324,452,1218
3439,760,762,762,130,324,454,1214
3440,766,766,768,130,326,456,1222
3441,754,754,754,130,326,456,1210
3442,748,748,746,130,324,454,1202
3443,752,754,752,132,322,454,1206
3444,762,760,762,130,324,454,1216
3445,748,748,752,130,328,458,1206
3446,754,756,750,132,322,454,1208
3447,756,756,756,132,322,454,1210
3448,766,766,770,132,326,458,1224
3449,768,768,766,132,324,456,1224
3450,768,766,770,130,328,458,1226
3451,754,758,754,134,324,458,1212
3452,764,764,760,134,320,454,1218
3453,762,758,762,130,324,454,1216
3454,760,760,760,130,324,454,1214
3455,754,752,754,128,326,454,1208
3456,736,738,740,130,328,458,1194
3457,730,732,726,132,322,454,1184
3458,736,738,734,134,318,452,1188
3459,738,736,740,132,322,454,1192
3460,738,736,740,130,326,456,1194
3461,724,724,722,130,324,454,1178
3462,722,722,722,130,324,454,1176
3463,732,734,728,132,318,450,1182
3464,746,744,746,130,320,450,1196
3465,738,738,744,130,326,456,1194
3466,750,750,746,130,322,452,1202
3467,758,758,758,130,322,452,1210
3468,770,768,772,128,326,454,1224
3469,768,768,768,128,326,454,1222
3470,764,768,766,132,324,456,1220
3471,766,766,766,132,324,456,1222
3472,770,768,770,130,326,456,1226
3473,766,764,764,128,326,454,1220
3474,750,754,752,132,324,456,1206
3475,768,768,766,132,322,454,1222
3476,770,768,770,130,324,454,1224
3477,766,766,770,130,328,458,1224
3478,766,764,762,128,326,454,1220
3479,766,770,766,132,322,454,1220
3480,786,788,790,134,324,458,1244
3481,794,790,792,130,326,456,1250
3482,786,788,786,132,324,456,1242
3483,794,790,792,128,326,454,1248
3484,802,812,812,138,326,464,1266
3485,792,788,788,134,326,460,1252
3486,782,780,780,132,326,458,1240
3487,776,776,776,132,326,458,1234
3488,776,776,774,132,324,456,1232
3489,782,786,784,136,322,458,1240
3490,778,780,780,138,322,460,1238
3491,778,776,774,136,320,456,1234
3492,778,776,782,134,326,460,1238
3493,774,774,772,134,324,458,1232
3494,778,782,782,138,324,462,1240
3495,778,780,778,140,322,462,1240
3496,780,782,780,142,320,462,1242
3497,794,792,794,140,322,462,1256
3498,800,802,802,142,322,464,1264
3499,804,802,804,140,324,464,1268
3500,806,806,804,140,322,462,1268
3501,814,814,816,140,324,464,1278
3502,812,814,812,142,322,464,1276
3503,810,804,808,136,326,462,1272
3504,804,808,806,140,324,464,1268
3505,816,816,812,140,320,460,1276
3506,814,814,816,140,322,462,1276
3507,812,810,814,138,326,464,1276
3508,814,818,814,142,322,464,1278
3509,814,812,812,140,322,462,1276
3510,812,812,812,140,322,462,1274
3511,804,802,806,138,326,464,1268
3512,808,810,806,140,322,462,1270
3513,802,802,802,140,322,462,1264
3514,792,792,790,140,320,460,1252
3515,788,786,790,138,324,462,1250
3516,790,792,788,140,320,460,1250
3517,786,786,786,140,320,460,1246
3518,788,786,788,138,322,460,1248
3519,780,780,780,138,322,460,1240
3520,766,762,762,134,322,456,1222
3521,756,756,754,134,320,454,1210
3522,768,766,764,132,318,450,1218
3523,772,774,774,134,318,452,1224
3524,770,768,772,132,322,454,1224
3525,764,766,762,134,318,452,1216
3526,778,776,776,132,318,450,1228
3527,778,780,778,134,316,450,1228
3528,776,774,780,132,322,454,1230
3529,762,764,762,134,320,454,1216
3530,758,756,756,132,320,452,1210
3531,758,760,756,134,316,450,1208
3532,762,760,760,132,316,448,1210
3533,750,750,754,132,320,452,1202
3534,744,744,742,132,318,450,1194
3535,740,742,740,134,316,450,1190
3536,752,750,750,132,316,448,1200
3537,748,748,748,132,316,448,1196
3538,744,744,748,132,320,452,1196
3539,740,740,740,132,320,452,1192
3540,738,738,734,132,316,448,1186
3541,744,748,746,136,314,450,1194
3542,750,746,750,132,318,450,1200
3543,744,740,742,128,320,448,1192
3544,726,728,726,130,318,448,1174
3545,712,716,714,134,316,450,1162
3546,708,708,706,134,314,448,1156
3547,714,712,712,132,314,446,1160
3548,718,718,722,132,318,450,1168
3549,722,722,720,132,316,448,1170
3550,716,714,716,130,318,448,1164
3551,712,714,714,132,318,450,1162
3552,712,712,712,132,318,450,1162
3553,728,728,728,132,318,450,1178
3554,730,728,730,130,320,450,1180
3555,724,722,724,128,322,450,1174
3556,716,720,720,132,322,454,1170
3557,708,706,708,130,324,454,1162
3558,710,712,708,132,320,452,1162
3559,718,716,714,130,318,448,1166
3560,720,720,722,130,320,450,1170
3561,718,718,720,130,322,452,1170
3562,718,718,718,130,322,452,1170
3563,712,712,712,130,322,452,1164
3564,708,708,708,130,322,452,1160
3565,712,714,708,132,316,448,1160
3566,718,718,720,132,318,450,1168
3567,720,720,720,132,318,450,1170
3568,716,714,716,130,320,450,1166
3569,716,716,718,130,322,452,1168
3570,710,710,710,130,322,452,1162
3571,704,704,702,130,320,450,1154
3572,716,718,714,132,316,448,1164
3573,732,732,732,132,316,448,1180
3574,732,732,736,132,320,452,1184
3575,738,736,738,130,322,452,1190
3576,734,734,734,130,322,452,1186
3577,730,730,728,130,320,450,1180
3578,736,740,736,134,316,450,1186
3579,754,750,756,130,322,452,1206
3580,756,754,752,128,320,448,1204
3581,752,754,754,130,320,450,1202
3582,748,748,754,130,326,456,1204
3583,740,742,740,132,324,456,1196
3584,732,732,728,132,320,452,1184
3585,738,742,740,136,318,454,1192
3586,736,732,734,132,320,452,1188
3587,736,734,736,130,322,452,1188
3588,728,728,728,130,322,452,1180
3589,726,728,726,132,320,452,1178
3590,724,724,724,132,320,452,1176
3591,734,736,732,134,316,450,1184
3592,742,740,744,132,320,452,1194
3593,748,748,748,132,320,452,1200
3594,750,748,750,130,322,452,1202
3595,746,746,746,130,322,452,1198
3596,760,760,756,130,318,448,1208
3597,784,782,788,128,324,452,1236
3598,768,768,768,128,324,452,1220
3599,764,766,764,130,322,452,1216
3600,770,772,770,132,320,452,1222
3601,782,778,782,128,324,452,1234
3602,780,782,782,130,324,454,1234
3603,766,766,764,130,322,452,1218
3604,778,780,778,132,320,452,1230
3605,782,782,784,132,322,454,1236
3606,768,766,764,130,320,450,1218
3607,758,762,760,134,318,452,1210
3608,774,772,772,132,318,450,1224
3609,768,768,770,132,320,452,1220
3610,762,760,762,130,322,452,1214
3611,748,750,748,132,320,452,1200
3612,760,760,756,132,316,448,1208
3613,754,756,758,134,318,452,1206
3614,754,750,754,130,322,452,1206
3615,742,744,742,132,320,452,1194
3616,746,746,744,132,318,450,1196
3617,758,758,756,132,316,448,1206
3618,766,764,766,130,318,448,1214
3619,762,762,766,130,322,452,1214
3620,752,754,750,132,318,450,1202
3621,754,754,754,132,318,450,1204
3622,760,762,758,134,314,448,1208
3623,784,782,786,132,318,450,1234
3624,784,784,784,132,318,450,1234
3625,786,784,788,130,322,452,1238
3626,776,774,776,128,324,452,1228
3627,772,776,770,132,318,450,1222
3628,796,794,796,130,320,450,1246
3629,790,792,794,132,322,454,1244
3630,778,774,774,128,322,450,1228
3631,762,764,764,130,322,452,1214
3632,778,780,776,132,318,450,1228
3633,786,784,788,130,322,452,1238
3634,792,792,790,130,320,450,1242
3635,802,802,806,130,324,454,1256
3636,804,804,802,130,322,452,1256
3637,800,802,800,132,320,452,1252
3638,820,820,822,132,322,454,1274
3639,830,832,834,134,324,458,1288
3640,810,814,814,138,324,462,1272
3641,806,808,804,140,320,460,1266
3642,798,794,796,136,322,458,1256
3643,792,790,788,134,320,454,1246
3644,784,780,782,130,322,452,1236
3645,782,780,780,128,322,450,1232
3646,774,770,768,124,320,444,1218
3647,776,776,774,124,318,442,1218
3648,776,776,778,124,320,444,1220
3649,784,782,784,122,322,444,1228
3650,778,778,776,122,320,442,1220
3651,786,786,786,122,320,442,1228
3652,790,792,794,124,322,446,1236
3653,790,792,792,126,322,448,1238
3654,790,788,790,124,324,448,1238
3655,796,798,794,126,320,446,1242
3656,808,816,818,134,322,456,1264
3657,818,824,824,140,322,462,1280
3658,822,824,824,142,322,464,1286
3659,822,820,820,140,322,462,1284
3660,822,820,820,138,322,460,1282
3661,818,822,822,142,322,464,1282
3662,820,816,816,138,322,460,1280
3663,814,812,814,136,324,460,1274
3664,812,812,810,136,322,458,1270
3665,808,806,804,134,320,454,1262
3666,808,804,808,130,324,454,1262
3667,810,808,804,128,320,448,1258
3668,774,778,778,132,320,452,1226
3669,756,760,758,136,318,454,1210
3670,778,774,776,132,320,452,1230
3671,794,794,794,132,320,452,1246
3672,794,794,796,132,322,454,1248
3673,796,794,794,130,322,452,1248
3674,782,786,784,134,320,454,1236
3675,808,808,808,134,320,454,1262
3676,804,804,804,134,320,454,1258
3677,798,796,798,132,322,454,1252
3678,780,780,780,132,322,454,1234
3679,790,794,790,136,318,454,1244
3680,800,796,798,132,320,452,1252
3681,788,788,790,132,322,454,1242
3682,782,780,780,130,322,452,1234
3683,778,780,776,132,318,450,1228
3684,792,790,794,130,322,452,1244
3685,792,794,794,132,322,454,1246
3686,800,798,796,130,320,450,1250
3687,782,784,784,132,320,452,1234
3688,786,786,784,132,318,450,1236
3689,798,798,798,132,318,450,1248
3690,794,794,796,132,320,452,1246
3691,792,790,792,130,322,452,1244
3692,780,778,778,128,322,450,1230
3693,786,790,788,132,320,452,1238
3694,792,792,790,132,318,450,1242
3695,784,784,786,132,320,452,1236
3696,782,778,780,128,322,450,1232
3697,780,784,782,132,320,452,1232
3698,784,784,784,132,320,452,1236
3699,776,776,778,132,322,454,1230
3700,772,774,770,134,318,452,1224
3701,784,782,784,132,320,452,1236
3702,784,784,784,132,320,452,1236
3703,782,782,784,132,322,454,1236
3704,766,766,766,132,322,454,1220
3705,764,764,762,132,320,452,1216
3706,774,776,772,134,316,450,1224
3707,772,770,774,132,320,452,1224
3708,770,770,770,132,320,452,1222
3709,756,756,756,132,320,452,1208
3710,756,756,754,132,318,450,1206
3711,766,764,766,130,320,450,1216
3712,768,768,768,130,320,450,1218
3713,760,762,762,132,320,452,1212
3714,750,748,748,130,320,450,1200
3715,752,754,752,132,318,450,1202
3716,760,758,760,130,320,450,1210
3717,758,758,756,130,318,448,1206
3718,758,758,762,130,322,452,1210
3719,744,746,744,132,320,452,1196
3720,746,744,744,130,320,450,1196
3721,752,754,752,132,318,450,1202
3722,750,750,752,132,320,452,1202
3723,752,752,752,132,320,452,1204
3724,744,746,746,134,320,454,1198
3725,750,748,748,132,320,452,1202
3726,754,752,752,130,320,450,1204
3727,742,742,744,130,322,452,1194
3728,596,596,584,130,310,440,1036
3729,876,872,886,126,324,450,1326
3730,746,752,746,132,318,450,1196
3731,734,734,738,132,322,454,1188
3732,724,724,722,132,320,452,1176
3733,720,720,718,132,318,450,1170
3734,730,728,726,130,316,446,1176
3735,728,728,730,130,318,448,1176
3736,730,730,732,130,320,450,1180
3737,726,728,728,132,320,452,1178
3738,732,734,730,134,316,450,1182
3739,750,748,748,132,316,448,1198
3740,756,756,758,132,318,450,1206
3741,772,770,772,130,320,450,1222
3742,766,766,768,130,322,452,1218
3743,746,746,744,130,320,450,1196
3744,744,744,742,130,318,448,1192
3745,744,746,746,132,318,450,1194
3746,742,742,744,132,320,452,1194
3747,736,734,734,130,320,450,1186
3748,732,732,734,130,322,452,1184
3749,722,720,720,128,322,450,1172
3750,722,724,722,130,320,450,1172
3751,728,730,724,132,314,446,1174
3752,730,728,734,130,320,450,1180
3753,736,734,736,128,322,450,1186
3754,726,728,728,130,322,452,1178
3755,722,722,718,130,318,448,1170
3756,722,722,722,130,318,448,1170
3757,734,734,734,130,318,448,1182
3758,740,738,740,128,320,448,1188
3759,738,740,742,130,322,452,1190
3760,736,734,734,128,322,450,1186
3761,726,728,726,130,320,450,1176
3762,728,728,726,130,318,448,1176
3763,734,736,736,132,318,450,1184
3764,734,734,736,132,320,452,1186
3765,740,740,742,132,322,454,1194
3766,728,726,724,130,320,450,1178
3767,730,730,728,130,318,448,1178
3768,742,742,742,130,318,448,1190
3769,748,746,748,128,320,448,1196
3770,742,746,746,132,320,452,1194
3771,744,744,746,132,322,454,1198
3772,744,744,744,132,322,454,1198
3773,742,742,740,132,320,452,1194
3774,760,758,756,130,318,448,1208
3775,766,768,768,132,318,450,1216
3776,760,758,764,130,324,454,1214
3777,764,762,762,128,324,452,1216
3778,760,762,758,130,320,450,1210
3779,774,774,772,130,318,448,1222
3780,770,768,772,128,322,450,1220
3781,758,762,762,132,322,454,1212
3782,750,750,750,132,322,454,1204
3783,752,752,748,132,318,450,1202
3784,754,754,754,132,318,450,1204
3785,756,752,756,128,322,450,1206
3786,742,744,742,130,320,450,1192
3787,732,734,734,132,320,452,1184
3788,730,730,728,132,318,450,1180
3789,732,734,730,134,314,448,1180
3790,736,734,738,132,318,450,1186
3791,740,738,738,130,318,448,1188
3792,734,734,738,130,322,452,1186
3793,730,732,730,132,320,452,1182
3794,726,728,726,134,318,452,1178
3795,738,736,734,132,316,448,1186
3796,732,732,734,132,318,450,1182
3797,728,730,730,134,318,452,1180
3798,724,720,724,130,322,452,1176
3799,718,720,716,132,318,450,1168
3800,724,726,724,134,316,450,1174
3801,738,738,740,134,318,452,1190
3802,746,744,746,132,320,452,1198
3803,744,744,746,132,322,454,1198
3804,746,744,744,130,322,452,1198
3805,750,752,750,132,320,452,1202
3806,770,770,768,132,318,450,1220
3807,784,790,796,138,324,462,1246
3808,770,772,774,140,326,466,1236
3809,770,768,768,138,326,464,1234
3810,772,774,770,140,322,462,1234
3811,780,780,778,140,320,460,1240
3812,782,782,784,140,322,462,1244
3813,784,782,784,138,324,462,1246
3814,786,786,786,138,324,462,1248
3815,794,796,796,140,324,464,1258
3816,798,798,796,140,322,462,1260
3817,798,798,800,140,324,464,1262
3818,804,800,800,136,324,460,1264
3819,800,804,806,140,326,466,1266
3820,802,802,798,140,322,462,1264
3821,800,798,800,138,324,462,1262
3822,790,790,790,138,324,462,1252
3823,792,788,786,134,322,456,1248
3824,784,788,788,138,322,460,1244
3825,782,784,784,140,322,462,1244
3826,766,758,758,132,322,454,1220
3827,756,758,758,134,322,456,1212
3828,764,762,760,132,320,452,1216
3829,764,764,766,132,322,454,1218
3830,762,764,760,134,318,452,1214
3831,768,768,768,134,318,452,1220
3832,772,770,772,132,320,452,1224
3833,792,794,794,134,320,454,1246
3834,800,798,798,132,320,452,1252
3835,794,796,794,134,318,452,1246
3836,832,832,834,134,320,454,1286
3837,844,848,850,138,322,460,1304
3838,840,840,840,138,322,460,1300
3839,830,830,832,138,324,462,1292
3840,848,850,846,140,320,460,1308
3841,836,838,840,142,322,464,1300
3842,834,830,832,138,324,462,1296
3843,848,850,846,140,320,460,1308
3844,842,844,844,142,320,462,1304
3845,834,832,834,140,322,462,1296
3846,826,824,824,138,322,460,1286
3847,838,838,838,138,322,460,1298
3848,822,822,824,138,324,462,1284
3849,816,816,814,138,322,460,1276
3850,804,804,804,138,322,460,1264
3851,802,802,802,138,322,460,1262
3852,802,806,804,142,320,462,1264
3853,804,802,804,140,322,462,1266
3854,798,796,796,138,322,460,1258
3855,802,802,802,138,322,460,1262
3856,804,800,798,134,320,454,1258
3857,798,794,798,130,324,454,1252
3858,800,798,792,128,318,446,1246
3859,798,800,804,130,322,452,1250
3860,796,798,798,132,322,454,1250
3861,778,780,778,134,320,454,1232
3862,784,782,784,132,322,454,1238
3863,780,780,778,132,320,452,1232
3864,786,786,784,132,318,450,1236
3865,792,790,792,130,320,450,1242
3866,794,796,798,132,322,454,1248
3867,790,790,788,132,320,452,1242
3868,786,786,784,132,318,450,1236
3869,800,800,802,132,320,452,1252
3870,802,802,804,132,322,454,1256
3871,792,794,792,134,320,454,1246
3872,808,806,804,132,318,450,1258
3873,802,804,806,134,320,454,1256
3874,796,794,796,132,322,454,1250
3875,790,786,786,128,322,450,1240
3876,784,790,786,134,318,452,1236
3877,802,800,802,132,320,452,1254
3878,784,784,784,132,320,452,1236
3879,778,778,778,132,320,452,1230
3880,794,794,792,132,318,450,1244
3881,778,778,782,132,322,454,1232
3882,770,776,772,138,318,456,1226
3883,786,782,782,134,318,452,1238
3884,778,776,778,132,320,452,1230
3885,766,766,766,132,320,452,1218
3886,756,758,756,134,318,452,1208
3887,768,766,764,132,316,448,1216
3888,764,766,766,134,316,450,1214
3889,762,760,764,132,320,452,1214
3890,750,750,750,132,320,452,1202
3891,746,748,744,134,316,450,1196
3892,754,754,754,134,316,450,1204
3893,758,756,758,132,318,450,1208
3894,752,752,756,132,322,454,1206
3895,746,744,742,130,320,450,1196
3896,742,746,744,134,318,452,1194
3897,758,758,756,134,316,450,1208
3898,768,764,768,130,320,450,1218
3899,762,762,764,130,322,452,1214
3900,764,764,762,130,320,450,1214
3901,742,752,754,140,322,462,1204
3902,772,762,760,130,320,450,1222
3903,770,770,772,130,322,452,1222
3904,778,780,782,132,324,456,1234
3905,790,790,788,132,322,454,1244
3906,794,790,794,128,326,454,1248
3907,784,786,786,130,326,456,1240
3908,798,798,796,130,324,454,1252
3909,802,802,802,130,324,454,1256
3910,792,790,792,128,326,454,1246
3911,778,782,780,132,324,456,1234
3912,784,784,782,132,322,454,1238
3913,792,794,794,134,322,456,1248
3914,784,778,782,128,326,454,1238
3915,770,772,772,130,326,456,1226
3916,770,770,766,130,322,452,1222
3917,776,778,774,132,318,450,1226
3918,778,776,778,130,320,450,1228
3919,780,780,784,130,324,454,1234
3920,770,772,770,132,322,454,1224
3921,762,762,764,132,324,456,1218
3922,772,772,768,132,320,452,1224
3923,790,788,790,130,322,452,1242
3924,794,796,798,132,324,456,1250
3925,796,796,796,132,324,456,1252
3926,792,790,790,130,324,454,1246
3927,788,790,786,132,320,452,1240
3928,792,792,794,132,322,454,1246
3929,806,806,804,132,320,452,1258
3930,786,784,786,130,322,452,1238
3931,774,774,774,130,322,452,1226
3932,770,772,770,132,320,452,1222
3933,786,784,786,130,322,452,1238
3934,780,780,780,130,322,452,1232
3935,780,782,784,132,324,456,1236
3936,776,776,774,132,322,454,1230
3937,776,774,774,130,322,452,1228
3938,784,788,784,134,318,452,1236
3939,806,802,806,130,322,452,1258
3940,796,796,800,130,326,456,1252
3941,790,792,790,132,324,456,1246
3942,778,782,776,136,318,454,1232
3943,802,798,802,132,322,454,1256
3944,788,786,786,130,322,452,1240
3945,768,772,772,134,322,456,1224
3946,762,762,760,134,320,454,1216
3947,768,766,764,132,318,450,1218
3948,766,766,766,132,318,450,1216
3949,764,762,764,130,320,450,1214
3950,746,744,746,128,322,450,1196
3951,736,740,736,132,318,450,1186
3952,744,744,742,132,316,448,1192
3953,742,744,746,134,318,452,1194
3954,742,736,738,128,320,448,1190
3955,740,742,742,130,320,450,1190
3956,736,734,736,128,322,450,1186
3957,728,732,728,132,318,450,1178
3958,744,744,744,132,318,450,1194
3959,744,744,744,132,318,450,1194
3960,752,752,754,132,320,452,1204
3961,756,756,758,132,322,454,1210
3962,762,758,760,128,324,452,1214
3963,740,744,742,132,322,454,1194
3964,744,746,742,134,318,452,1196
3965,758,754,754,130,318,448,1206
3966,758,758,760,130,320,450,1208
3967,754,752,754,128,322,450,1204
3968,748,750,750,130,322,452,1200
3969,744,742,742,128,322,450,1194
3970,732,734,732,130,320,450,1182
3971,742,744,740,132,316,448,1190
3972,746,744,748,130,320,450,1196
3973,744,744,748,130,324,454,1198
3974,750,748,746,128,322,450,1200
3975,728,730,732,130,324,454,1182
3976,718,718,716,130,322,452,1170
3977,720,722,716,132,316,448,1168
3978,718,720,720,134,316,450,1168
3979,726,724,726,132,318,450,1176
3980,728,728,730,132,320,452,1180
3981,730,728,732,130,324,454,1184
3982,728,730,728,132,322,454,1182
3983,750,748,746,130,320,450,1200
3984,762,764,764,132,320,452,1214
3985,784,780,786,128,326,454,1238
3986,774,778,780,132,328,460,1234
3987,772,772,770,132,326,458,1230
3988,770,772,768,134,322,456,1226
3989,786,782,784,130,324,454,1240
3990,792,790,794,128,328,456,1248
3991,784,784,784,128,328,456,1240
3992,782,784,784,130,328,458,1240
3993,788,788,784,130,324,454,1242
3994,800,800,800,130,324,454,1254
3995,796,794,798,128,328,456,1252
3996,798,798,796,128,326,454,1252
3997,806,812,806,134,320,454,1260
3998,834,830,838,130,328,458,1292
3999,842,842,838,130,324,454,1296
4000,838,836,840,128,328,456,1294
4001,824,826,824,130,326,456,1280
4002,822,822,820,130,324,454,1276
4003,828,830,830,132,324,456,1284
4004,872,868,870,128,326,454,1326
4005,850,852,852,130,326,456,1306
4006,862,860,860,128,326,454,1316
4007,820,822,820,130,324,454,1274
4008,824,824,822,130,322,452,1276
4009,826,824,826,128,324,452,1278
4010,798,800,800,130,324,454,1252
4011,806,804,804,128,324,452,1258
4012,800,804,800,132,320,452,1252
4013,820,818,822,130,324,454,1274
4014,810,812,812,132,324,456,1266
4015,816,814,812,130,322,452,1268
4016,798,802,800,134,320,454,1252
4017,820,818,820,132,322,454,1274
4018,810,808,810,130,324,454,1264
4019,804,806,802,132,320,452,1256
4020,808,808,808,132,320,452,1260
4021,824,822,824,130,322,452,1276
4022,802,804,804,132,322,454,1256
4023,798,796,796,130,322,452,1250
4024,800,804,800,134,318,452,1252
4025,808,806,808,132,320,452,1260
4026,818,818,820,132,322,454,1272
4027,790,788,792,130,326,456,1246
4028,792,796,790,134,320,454,1246
4029,814,814,812,134,318,452,1266
4030,834,830,836,130,324,454,1288
4031,826,828,826,132,322,454,1280
4032,822,820,826,130,328,458,1280
4033,794,798,790,134,320,454,1248
4034,804,804,804,134,320,454,1258
4035,804,802,802,132,320,452,1256
4036,802,802,806,132,324,456,1258
4037,768,772,768,136,320,456,1224
4038,770,766,766,132,320,452,1222
4039,774,774,774,132,320,452,1226
4040,774,774,774,132,320,452,1226
4041,764,764,766,132,322,454,1218
4042,752,752,752,132,322,454,1206
4043,758,760,756,134,318,452,1210
4044,774,772,774,132,320,452,1226
4045,780,778,780,130,322,452,1232
4046,774,776,778,132,324,456,1230
4047,766,768,766,134,322,456,1222
4048,760,760,758,134,320,454,1214
4049,786,784,786,132,322,454,1240
4050,788,788,788,132,322,454,1242
4051,796,794,796,130,324,454,1250
4052,784,784,784,130,324,454,1238
4053,774,774,776,130,326,456,1230
4054,766,766,766,130,326,456,1222
4055,764,766,760,132,320,452,1216
4056,758,758,760,132,322,454,1212
4057,758,756,758,130,324,454,1212
4058,740,744,742,134,322,456,1196
4059,736,736,736,134,322,456,1192
4060,734,734,732,134,320,454,1188
4061,746,744,742,132,318,450,1196
4062,740,740,744,132,322,454,1194
4063,740,740,740,132,322,454,1194
4064,726,724,722,130,320,450,1176
4065,718,722,722,134,320,454,1172
4066,726,726,722,134,316,450,1176
4067,732,730,734,132,320,452,1184
4068,736,736,736,132,320,452,1188
4069,752,752,754,132,322,454,1206
4070,744,742,746,130,326,456,1200
4071,750,754,750,134,322,456,1206
4072,766,764,762,132,320,452,1218
4073,784,782,784,130,322,452,1236
4074,784,786,790,132,326,458,1242
4075,774,774,774,132,326,458,1232
4076,770,772,768,134,322,456,1226
4077,788,784,784,130,322,452,1240
4078,782,782,784,130,324,454,1236
4079,778,780,780,132,324,456,1234
4080,776,774,776,130,326,456,1232
4081,766,764,764,128,326,454,1220
4082,760,766,760,134,320,454,1214
4083,778,774,776,130,322,452,1230
4084,780,780,780,130,322,452,1232
4085,768,770,772,132,324,456,1224
4086,764,764,762,132,322,454,1218
4087,774,774,770,132,318,450,1224
4088,788,786,790,130,322,452,1240
4089,792,792,794,130,324,454,1246
4090,780,782,780,132,322,454,1234
4091,780,780,780,132,322,454,1234
4092,788,788,788,132,322,454,1242
4093,802,800,802,130,324,454,1256
4094,784,786,784,132,322,454,1238
4095,790,788,790,130,324,454,1244
4096,786,788,786,132,322,454,1240
4097,782,782,780,132,320,452,1234
4098,786,784,786,130,322,452,1238
4099,780,782,782,132,322,454,1234
4100,770,772,768,134,318,452,1222
4101,796,794,796,132,320,452,1248
4102,796,796,798,132,322,454,1250
4103,792,790,792,130,324,454,1246
4104,782,784,778,132,318,450,1232
4105,806,808,810,134,320,454,1260
4106,818,814,816,130,322,452,1270
4107,810,810,810,130,322,452,1262
4108,792,794,794,132,322,454,1246
4109,778,778,774,132,318,450,1228
4110,796,794,796,130,320,450,1246
4111,790,792,792,132,320,452,1242
4112,780,780,782,132,322,454,1234
4113,778,778,776,132,320,452,1230
4114,788,786,786,130,320,450,1238
4115,812,814,814,132,320,452,1264
4116,820,818,820,130,322,452,1272
4117,818,818,818,130,322,452,1270
4118,810,810,814,130,326,456,1266
4119,800,804,796,134,318,452,1252
4120,820,816,818,130,320,450,1270
4121,800,800,804,130,324,454,1254
4122,784,784,782,130,322,452,1236
4123,782,784,780,132,318,450,1232
4124,796,796,796,132,318,450,1246
4125,788,786,790,130,322,452,1240
4126,780,780,780,130,322,452,1232
4127,766,766,766,130,322,452,1218
4128,762,764,760,132,318,450,1212
4129,766,766,768,132,320,452,1218
4130,766,764,764,130,320,450,1216
4131,754,754,754,130,320,450,1204
4132,752,756,754,134,318,452,1204
4133,782,780,780,132,318,450,1232
4134,784,784,784,132,318,450,1234
4135,782,780,784,130,322,452,1234
4136,778,778,778,130,322,452,1230
4137,770,774,770,134,318,452,1222
4138,786,782,784,130,320,450,1236
4139,802,802,804,130,322,452,1254
4140,782,782,784,130,324,454,1236
4141,776,774,772,128,322,450,1226
4142,770,772,768,130,318,448,1218
4143,778,780,780,132,318,450,1228
4144,776,772,776,128,322,450,1226
4145,766,770,768,132,320,452,1218
4146,756,756,756,132,320,452,1208
4147,750,750,748,132,318,450,1200
4148,754,754,752,132,316,448,1202
4149,764,764,766,132,318,450,1214
4150,762,762,764,132,320,452,1214
4151,764,762,762,130,320,450,1214
4152,762,762,764,130,322,452,1214
4153,748,748,746,130,320,450,1198
4154,744,746,744,132,318,450,1194
4155,762,762,760,132,316,448,1210
4156,764,762,766,130,320,450,1214
4157,758,758,758,130,320,450,1208
4158,754,754,754,130,320,450,1204
4159,750,748,750,128,322,450,1200
4160,748,752,748,132,318,450,1198
4161,766,764,764,130,318,448,1214
4162,768,770,770,132,318,450,1218
4163,786,782,786,128,322,450,1236
4164,792,794,794,130,322,452,1244
4165,782,784,782,132,320,452,1234
4166,776,776,776,132,320,452,1228
4167,788,786,786,130,320,450,1238
4168,792,792,794,130,322,452,1244
4169,788,790,790,132,322,454,1242
4170,786,784,784,130,322,452,1238
4171,764,766,764,132,320,452,1216
4172,760,760,760,132,320,452,1212
4173,772,772,770,132,318,450,1222
4174,776,776,776,132,318,450,1226
4175,794,792,798,130,324,454,1248
4176,776,778,778,132,324,456,1232
4177,768,768,768,132,324,456,1224
4178,764,762,760,130,322,452,1216
4179,778,778,776,130,320,450,1228
4180,790,792,794,132,322,454,1244
4181,794,790,792,128,324,452,1246
4182,780,782,782,130,324,454,1234
4183,770,772,772,132,324,456,1226
4184,760,760,758,132,322,454,1214
4185,770,772,768,134,318,452,1222
4186,782,782,784,134,320,454,1236
4187,778,776,778,132,322,454,1232
4188,776,776,778,132,324,456,1232
4189,774,774,774,132,324,456,1230
4190,758,756,756,130,324,454,1212
4191,752,756,752,134,320,454,1206
4192,776,774,776,132,322,454,1230
4193,780,778,778,130,322,452,1232
4194,778,780,780,132,322,454,1232
4195,772,772,774,132,324,456,1228
4196,770,770,768,132,322,454,1224
4197,778,778,776,132,320,452,1230
4198,788,788,790,132,322,454,1242
4199,780,780,780,132,322,454,1234
4200,766,766,766,132,322,454,1220
4201,766,766,764,132,320,452,1218
4202,766,768,768,134,320,454,1220
4203,764,762,764,132,322,454,1218
4204,760,760,760,132,322,454,1214
4205,764,764,762,132,320,452,1216
4206,774,774,772,132,318,450,1224
4207,764,766,770,134,322,456,1220
4208,766,766,764,134,320,454,1220
4209,768,768,766,134,318,452,1220
4210,778,776,778,132,320,452,1230
4211,774,770,774,128,324,452,1226
4212,764,768,764,132,320,452,1216
4213,770,768,768,130,320,450,1220
4214,784,786,784,132,318,450,1234
4215,792,790,794,130,322,452,1244
4216,786,788,786,132,320,452,1238
4217,778,778,778,132,320,452,1230
4218,768,770,770,134,320,454,1222
4219,784,784,782,134,318,452,1236
4220,782,778,780,130,320,450,1232
4221,776,780,782,134,322,456,1232
4222,776,774,772,132,320,452,1228
4223,776,774,776,130,322,452,1228
4224,798,800,796,132,318,450,1248
4225,820,818,822,130,322,452,1272
4226,780,784,782,134,320,454,1234
4227,790,788,788,132,320,452,1242
4228,792,792,790,132,318,450,1242
4229,814,812,818,130,324,454,1268
4230,802,806,802,134,320,454,1256
4231,798,794,798,130,324,454,1252
4232,780,784,778,134,318,452,1232
4233,796,794,798,132,322,454,1250
4234,794,792,792,130,322,452,1246
4235,782,782,782,130,322,452,1234
4236,768,772,770,134,320,454,1222
4237,774,772,768,132,316,448,1222
4238,774,776,778,134,318,452,1226
4239,770,768,770,132,320,452,1222
4240,758,758,758,132,320,452,1210
4241,760,760,762,132,322,454,1214
4242,750,750,748,132,320,452,1202
4243,744,742,742,130,320,450,1194
4244,740,744,738,134,314,448,1188
4245,744,744,744,134,314,448,1192
4246,744,742,748,132,320,452,1196
4247,752,752,748,132,316,448,1200
4248,748,746,750,130,320,450,1198
4249,742,744,742,132,318,450,1192
4250,746,744,744,130,318,448,1194
4251,760,762,762,132,318,450,1210
4252,778,776,778,130,320,450,1228
4253,776,776,778,130,322,452,1228
4254,782,782,784,130,324,454,1236
4255,774,776,774,132,322,454,1228
4256,772,772,768,132,318,450,1222
4257,788,788,790,132,320,452,1240
4258,792,790,790,130,320,450,1242
4259,784,786,788,132,322,454,1238
4260,772,770,772,130,324,454,1226
4261,756,758,754,132,320,452,1208
4262,760,760,758,132,318,450,1210
4263,758,760,760,134,318,452,1210
4264,768,766,768,132,320,452,1220
4265,758,758,760,132,322,454,1212
4266,746,746,746,132,322,454,1200
4267,750,750,748,132,320,452,1202
4268,756,758,756,134,318,452,1208
4269,772,770,772,132,320,452,1224
4270,776,774,778,130,324,454,1230
4271,774,774,774,130,324,454,1228
4272,774,772,772,128,324,452,1226
4273,764,768,766,132,322,454,1218
4274,768,768,766,132,320,452,1220
4275,774,772,774,130,322,452,1226
4276,770,770,772,130,324,454,1224
4277,754,756,756,132,324,456,1210
4278,764,764,760,132,320,452,1216
4279,758,758,760,132,322,454,1212
4280,758,760,760,134,322,456,1214
4281,748,746,748,132,324,456,1204
4282,748,748,746,132,322,454,1202
4283,756,756,756,132,322,454,1210
4284,756,754,756,130,324,454,1210
4285,750,752,750,132,322,454,1204
4286,752,754,752,134,320,454,1206
4287,762,762,760,134,318,452,1214
4288,770,768,772,132,322,454,1224
4289,760,760,760,132,322,454,1214
4290,754,752,752,130,322,452,1206
4291,768,770,768,132,320,452,1220
4292,788,784,786,128,322,450,1238
4293,776,780,780,132,322,454,1230
4294,784,784,782,132,320,452,1236
4295,788,790,788,134,318,452,1240
4296,792,790,794,132,322,454,1246
4297,786,784,786,130,324,454,1240
4298,780,782,776,132,318,450,1230
4299,788,788,790,132,320,452,1240
4300,784,784,786,132,322,454,1238
4301,778,778,776,132,320,452,1230
4302,762,762,760,132,318,450,1212
4303,772,772,772,132,318,450,1222
4304,784,782,784,130,320,450,1234
4305,776,780,780,134,320,454,1230
4306,784,780,780,130,320,450,1234
4307,796,798,798,132,320,452,1248
4308,784,784,784,132,320,452,1236
4309,788,788,786,132,318,450,1238
4310,782,780,782,130,320,450,1232
4311,780,782,782,132,320,452,1232
4312,776,776,776,132,320,452,1228
4313,794,794,794,132,320,452,1246
4314,794,794,794,132,320,452,1246
4315,802,802,804,132,322,454,1256
4316,788,788,786,132,320,452,1240
4317,802,804,802,134,318,452,1254
4318,818,816,818,132,320,452,1270
4319,802,802,804,132,322,454,1256
4320,808,804,804,128,322,450,1258
4321,790,794,790,132,318,450,1240
4322,820,818,820,130,320,450,1270
4323,810,808,810,128,322,450,1260
4324,788,794,790,134,318,452,1240
4325,780,776,778,130,320,450,1230
4326,780,782,780,132,318,450,1230
4327,786,784,786,130,320,450,1236
4328,778,780,776,132,316,448,1226
4329,766,766,770,132,320,452,1218
4330,760,760,758,132,318,450,1210
4331,764,766,764,134,316,450,1214
4332,782,780,784,132,320,452,1234
4333,780,778,778,130,320,450,1230
4334,766,768,768,132,320,452,1218
4335,762,764,764,134,320,454,1216
4336,760,760,758,134,318,452,1212
4337,768,768,766,134,316,450,1218
4338,764,762,764,132,318,450,1214
4339,760,760,762,132,320,452,1212
4340,744,744,746,132,322,454,1198
4341,736,738,734,134,318,452,1188
4342,734,734,732,134,316,450,1184
4343,738,740,740,136,316,452,1190
4344,738,734,736,132,318,450,1188
4345,736,734,736,130,320,450,1186
4346,720,720,722,130,322,452,1172
4347,714,718,714,134,318,452,1166
4348,722,722,720,134,316,450,1172
4349,728,726,726,132,316,448,1176
4350,716,718,720,134,318,452,1168
4351,716,712,714,130,320,450,1166
4352,700,704,702,134,318,452,1152
4353,698,696,696,132,318,450,1148
4354,702,704,704,134,318,452,1154
4355,726,724,726,132,320,452,1178
4356,752,750,752,130,322,452,1204
4357,770,772,774,132,324,456,1226
4358,748,754,756,138,326,464,1212
4359,770,762,762,130,326,456,1226
4360,784,784,782,130,324,454,1238
4361,804,802,804,128,326,454,1258
4362,792,792,796,128,330,458,1250
4363,780,782,784,130,332,462,1242
4364,742,752,746,140,326,466,1208
4365,754,742,742,128,326,454,1208
4366,734,738,734,132,322,454,1188
4367,720,718,722,130,326,456,1176
4368,704,704,702,130,324,454,1158
4369,692,692,692,130,324,454,1146
4370,686,690,688,134,322,456,1142
4371,684,682,682,132,322,454,1138
4372,678,676,676,130,322,452,1130
4373,668,670,668,132,320,452,1120
4374,666,664,664,130,320,450,1116
4375,664,668,664,134,316,450,1114
4376,668,666,666,132,316,448,1116
4377,668,668,668,132,316,448,1116
4378,668,668,668,132,316,448,1116
4379,664,664,668,132,320,452,1116
4380,658,660,656,134,316,450,1108
4381,664,662,662,132,316,448,1112
4382,662,660,662,130,318,448,1110
4383,640,654,650,156,314,458,1098
4384,612,650,658,180,322,487,1116
4385,628,650,640,186.5,312,501,1144
4386,651,640,650,179.25,322,500.5,1166
4387,653,632,638,175.625,328,493.25,1153
4388,624,624,610,187.812,314,504.625,1110
4389,588,616,618,186.906,316,507.312,1104
4390,622,608,616,167.453,324,487.656,1132
4391,650,612,608,145.727,320,468,1118
4392,618,594,582,124,308,432,1050
4393,576,588,604,136,324,460,1036
4394,586,592,582,142,314,456,1042
4395,657,586,574,148,302,463,1030
4396,491,574,588,112.5,316,470,961
4397,653,576,580,94.75,320,425.5,1050
4398,570,570,554,85.875,304,408.25,951
4399,564,564,574,81.438,314,397.625,955
4400,560,560,556,79.219,310,400.312,947
4401,560,560,576,78.109,326,404.656,963
4402,552,552,558,77.555,332,406.828,961
4403,552,552,552,77.277,332,408.914,961
4404,544,544,546,77.139,334,409.957,955
4405,538,538,538,77.069,334,410.479,949
4406,538,538,538,137.535,334,475.239,949
4407,584.5,534,542,118.267,342,458.12,953
4408,631,532,532,108.634,342,441,1072
4409,532,532,528,103.817,338,437,969
4410,528,528,530,141.908,340,439,967
4411,526,522,522,158.954,340,381.5,961
4412,524,520,581,166.477,303,410.75,962.5
4413,524,522,640,173.239,323.5,440,964
4414,522,528,606,175.119,344,479.5,1046
4415,535,532,530,176.06,342,500.25,1054
4416,536,536,538,176.53,344,509.625,1057
4417,542,542,540,176.765,342,515.312,1061
4418,554,554,556,176.882,344,519.156,1075
4419,560,560,562,176.941,346,523.078,1083
4420,564,564,568,176.971,350,526.039,1091
4421,568,568,570,176.985,350,526.52,1097
4422,576,576,574,176.993,350,526.76,1103
4423,578,578,578,176.996,350,527.88,1105
4424,580,580,582,176.998,349,526.44,1109
4425,586,586,582,176.999,348,526.72,1111
4426,590,590,592,177,350,527.86,1117
4427,592,592,594,177,326,503.43,1121
4428,598,598,548,177,302,479,1077
4429,594,594,486,177,323,500,965
4430,598,598,748,177,344,504.5,1119
4431,594,594,582,157.5,332,451.25,1103
4432,643,604,532,138,337,476.625,1041
4433,582,604,686,133,342,473.312,1084
4434,640,608,608,128,342,470,1110
4435,594,606,602,140,338,478,1072
4436,644,610,622,128,350,456,1100
4437,600,610,598,147,338,454,1054
4438,564,614,610,139.5,334,458,1064
4439,654,620,616,132,330,462,1116
4440,620,632,640,153,338,482,1102
4441,602,632,628,145.5,334,501,1110
4442,670,634,682,138,344,562.5,1190
4443,512,644,616,155,313,508.25,1136
4444,734,636,564,141.5,285.5,454,1188
4445,690,646,622,128,321.75,467,1076
4446,658,652,752,122,277.875,480,1138
4447,664,660,536,162,243.938,446,1016
4448,566,650,626,161,231.969,413,978
4449,688,646,656,197.5,241.984,449.5,1068
4450,572,646,678,157.25,277.992,440.25,1058
4451,761,644,706,157.625,314,431,1192
4452,603,644,646,149.812,316,474,1077
4453,660,644,552,142,247,392,1026
4454,650,640,594,132,257.5,408,960
4455,614,638,728,168,220.75,398,1038
4456,598,646,562,194,264.375,463,986
4457,630,646,770,180,308,469.5,1158
4458,710,656,658,154,310,476,1186
4459,694,656,660,128,314,442,1136
4460,660,658,654,126,310,436,1096
4461,666,666,664,126,308,434,1100
4462,670,670,668,126,306,432,1102
4463,668,684,684,142,306,448,1116
4464,702,684,684,124,306,430,1132
4465,690,692,696,126,310,436,1126
4466,626,684,682,128,308,434,1118
4467,736,682,676,130,302,432,1168
4468,610,670,676,155,308,459,1108
4469,676,666,664,185.5,306,488.5,1162
4470,628,664,660,168.75,302,432.25,1146
4471,732,668,590,148.375,302,431.125,1108
4472,684,660,738,128,302,430,1114
4473,640,652,656,140,306,446,1086
4474,668,650,628,122,303,460,1074
4475,590,642,658,142,302.5,474,1064
4476,656,644,646,159,302,464,1120
4477,626,640,644,165.5,306,482,1108
4478,638,634,624,168.75,316,468,1106
4479,630,630,660,174.375,326,476,1128
4480,622,630,608,147.188,304,484,1106
4481,686,626,628,120,306,459,1112
4482,608,620,616,132,302,434,1042
4483,610,608,612,130,306,436,1046
4484,602,606,602,134,302,436,1038
4485,600,598,598,132,302,434,1034
4486,566,594,592,146,299,460,1026
4487,590,590,586,153,296.5,456,1046
4488,588,588,586,146.5,296.25,454,1042
4489,604,584,586,140,295.125,436,1040
4490,572,582,580,138,296.562,444,1016
4491,594,580,584,136,296.281,434,1028
4492,582,586,584,140,297.141,436,1018
4493,588,588,590,140,296.57,438,1026
4494,598,596,594,138,297.285,434,1032
4495,606,604,606,136,298.643,434,1040
4496,620,618,620,134,303.321,434,1054
4497,630,626,634,130,308,438,1068
4498,632,632,630,130,306,436,1068
4499,644,640,642,126,308,434,1078
4500,638,642,638,130,304,434,1072
4501,600,642,646,129,308,480,1080
4502,690,646,644,128,306,434,1124
4503,646,644,646,126,308,434,1080
4504,638,642,644,130,310,440,1078
4505,636,636,636,130,310,440,1076
4506,638,634,630,126,306,432,1070
4507,626,630,630,130,306,436,1062
4508,630,630,628,130,304,434,1064
4509,632,632,634,130,306,436,1068
4510,632,632,632,130,306,436,1068
4511,640,638,638,128,306,434,1074
4512,634,638,636,132,304,436,1070
4513,642,640,642,130,306,436,1078
4514,646,646,646,130,306,436,1082
4515,650,650,648,130,304,434,1084
4516,650,648,654,128,310,438,1088
4517,648,650,648,130,308,438,1086
4518,600,644,640,131,304,478,1078
4519,684,642,644,132,306,438,1122
4520,648,648,646,132,304,436,1084
4521,644,644,646,132,306,438,1082
4522,644,644,644,132,306,438,1082
4523,642,644,644,134,306,440,1082
4524,644,640,640,130,306,436,1080
4525,636,640,638,134,304,438,1074
4526,648,644,644,130,304,434,1082
4527,646,646,648,130,306,436,1082
4528,642,642,644,130,308,438,1080
4529,642,644,642,132,306,438,1080
4530,642,640,636,130,302,432,1074
4531,646,644,644,128,302,430,1076
4532,644,650,652,134,304,438,1082
4533,654,650,654,130,308,438,1092
4534,650,650,650,130,308,438,1088
4535,650,650,652,130,310,440,1090
4536,648,650,642,132,302,434,1082
4537,604,646,646,131,302,476,1080
4538,692,648,648,130,302,432,1124
4539,644,648,652,134,306,440,1084
4540,648,646,646,132,306,438,1086
4541,644,644,644,132,306,438,1082
4542,642,640,638,130,304,434,1076
4543,636,640,640,134,304,438,1074
4544,640,638,636,132,302,434,1074
4545,646,644,644,130,302,432,1078
4546,640,642,646,132,306,438,1078
4547,646,646,644,132,304,436,1082
4548,640,640,642,132,306,438,1078
4549,646,646,644,132,304,436,1082
4550,646,646,644,132,302,434,1080
4551,648,646,650,130,306,436,1084
4552,644,646,650,132,310,442,1086
4553,646,644,640,130,306,436,1082
4554,638,642,640,134,304,438,1076
4555,640,640,640,134,304,438,1078
4556,640,640,638,134,302,436,1076
4557,648,644,646,130,304,434,1082
4558,646,650,652,134,306,440,1086
4559,648,646,646,132,306,438,1086
4560,646,648,648,134,306,440,1086
4561,654,650,648,130,304,434,1088
4562,652,652,652,130,304,434,1086
4563,654,656,660,132,308,440,1094
4564,658,660,658,134,306,440,1098
4565,660,658,660,132,308,440,1100
4566,658,656,654,130,306,436,1094
4567,654,654,656,130,308,438,1092
4568,654,656,654,132,306,438,1092
4569,660,660,664,132,310,442,1102
4570,668,666,666,130,310,440,1108
4571,666,670,668,134,308,442,1108
4572,672,668,668,130,308,438,1110
4573,664,660,662,126,310,436,1100
4574,658,658,656,126,308,434,1092
4575,680,680,680,126,308,434,1114
4576,670,672,670,128,306,434,1104
4577,686,682,686,124,310,434,1120
4578,646,652,648,130,306,436,1082
4579,682,678,684,126,312,438,1120
4580,646,652,648,132,308,440,1086
4581,692,688,696,128,316,444,1136
4582,664,666,658,130,308,438,1102
4583,692,684,686,122,310,432,1124
4584,664,668,668,126,310,436,1100
4585,640,644,638,130,304,434,1074
4586,644,644,648,130,308,438,1082
4587,634,634,630,130,304,434,1068
4588,632,632,636,130,308,438,1070
4589,626,628,628,132,308,440,1066
4590,624,626,624,134,306,440,1064
4591,624,624,624,134,306,440,1064
4592,618,618,620,134,308,442,1060
4593,618,618,616,134,306,440,1058
4594,612,616,614,138,304,442,1054
4595,618,614,616,134,306,440,1058
4596,614,616,618,136,308,444,1058
4597,618,616,616,134,308,442,1060
4598,614,614,616,134,310,444,1058
4599,614,616,612,136,306,442,1056
4600,612,614,612,138,304,442,1054
4601,616,614,614,136,304,440,1056
4602,616,618,618,138,304,442,1058
4603,620,616,622,134,310,444,1064
4604,620,620,622,134,312,446,1066
4605,622,622,618,134,308,442,1064
4606,624,624,620,134,304,438,1062
4607,622,622,626,134,308,442,1064
4608,624,628,626,138,306,444,1068
4609,634,632,632,136,306,442,1076
4610,630,630,634,136,310,446,1076
4611,634,632,634,134,312,446,1080
4612,634,634,632,134,310,444,1078
4613,634,634,634,134,310,444,1078
4614,636,634,634,132,310,442,1078
4615,632,634,632,134,308,442,1074
4616,632,634,634,136,308,444,1076
4617,638,636,636,134,308,442,1080
4618,636,636,636,134,308,442,1078
4619,634,634,638,134,312,446,1080
4620,636,636,634,134,310,444,1080
4621,636,638,634,136,306,442,1078
4622,640,640,642,136,308,444,1084
4623,642,642,646,136,312,448,1090
4624,644,642,642,134,312,446,1090
4625,646,644,646,132,314,446,1092
4626,642,644,638,134,308,442,1084
4627,642,640,642,132,310,442,1084
4628,638,642,640,136,308,444,1082
4629,636,638,638,138,308,446,1082
4630,646,640,642,132,310,442,1088
4631,640,642,642,134,310,444,1084
4632,642,642,640,134,308,442,1084
4633,636,638,640,136,310,446,1082
4634,638,638,636,136,308,444,1082
4635,638,638,638,136,308,444,1082
4636,642,642,644,136,310,446,1088
4637,652,648,650,132,312,444,1096
4638,648,650,646,134,308,442,1090
4639,654,652,654,132,310,442,1096
4640,648,650,648,134,308,442,1090
4641,650,650,652,134,310,444,1094
4642,656,656,656,134,310,444,1100
4643,658,658,658,134,310,444,1102
4644,656,658,660,136,312,448,1104
4645,658,656,654,134,310,444,1102
4646,650,650,652,134,312,446,1096
4647,648,648,646,134,310,444,1092
4648,644,646,644,136,308,444,1088
4649,648,648,652,136,312,448,1096
4650,652,650,646,134,308,442,1094
4651,646,646,648,134,310,444,1090
4652,644,646,644,136,308,444,1088
4653,642,642,642,136,308,444,1086
4654,640,640,642,136,310,446,1086
4655,640,640,638,136,308,444,1084
4656,644,644,642,136,306,442,1086
4657,642,644,646,138,308,446,1088
4658,652,648,652,134,312,446,1098
4659,650,648,646,132,310,442,1092
4660,646,648,646,134,308,442,1088
4661,644,646,646,136,308,444,1088
4662,646,644,644,134,308,442,1088
4663,644,648,648,138,308,446,1090
4664,648,644,644,134,308,442,1090
4665,648,646,650,132,312,444,1092
4666,648,650,648,134,310,444,1092
4667,646,648,650,136,312,448,1094
4668,648,646,644,134,310,444,1092
4669,642,644,644,136,310,446,1088
4670,650,646,646,132,310,442,1092
4671,646,650,648,136,308,444,1090
4672,654,650,652,132,310,442,1096
4673,652,652,656,132,314,446,1098
4674,652,654,650,134,310,444,1096
4675,650,648,648,132,310,442,1092
4676,648,650,650,134,310,444,1092
4677,646,648,646,136,308,444,1090
4678,648,648,650,136,310,446,1094
4679,646,644,644,134,310,444,1090
4680,650,650,648,134,308,442,1092
4681,642,644,644,136,308,444,1086
4682,640,640,642,136,310,446,1086
4683,640,640,638,136,308,444,1084
4684,640,638,640,134,310,444,1084
4685,638,640,638,136,308,444,1082
4686,642,640,640,134,308,442,1084
4687,640,640,644,134,312,446,1086
4688,638,640,636,136,308,444,1082
4689,636,638,640,138,310,448,1084
4690,638,636,634,136,308,444,1082
4691,636,638,638,138,308,446,1082
4692,640,638,640,136,310,446,1086
4693,638,638,636,136,308,444,1082
4694,642,640,642,134,310,444,1086
4695,638,640,638,136,308,444,1082
4696,638,638,640,136,310,446,1084
4697,636,638,636,138,308,446,1082
4698,640,638,640,136,310,446,1086
4699,640,640,640,136,310,446,1086
4700,644,644,644,136,310,446,1090
4701,644,642,642,134,310,444,1088
4702,638,640,642,136,312,448,1086
4703,638,636,636,134,312,446,1084
4704,634,638,634,138,308,446,1080
4705,634,634,636,138,310,448,1082
4706,638,638,638,138,310,448,1086
4707,638,634,636,134,312,446,1084
4708,636,638,634,136,308,444,1080
4709,634,634,636,136,310,446,1080
4710,634,634,634,136,310,446,1080
4711,632,632,632,136,310,446,1078
4712,632,634,632,138,308,446,1078
4713,634,634,634,138,308,446,1080
4714,644,642,642,136,308,444,1088
4715,646,644,644,134,308,442,1088
4716,644,646,648,136,310,446,1090
4717,646,644,644,134,310,444,1090
4718,642,644,642,136,308,444,1086
4719,642,640,642,134,310,444,1086
4720,642,644,644,136,310,446,1088
4721,644,644,644,136,310,446,1090
4722,648,644,646,132,312,444,1092
4723,642,644,644,134,312,446,1088
4724,640,642,642,136,312,448,1088
4725,638,638,636,136,310,446,1084
4726,634,634,634,136,310,446,1080
4727,638,638,634,136,306,442,1080
4728,636,634,638,134,310,444,1080
4729,638,638,640,134,312,446,1084
4730,632,634,634,136,312,448,1080
4731,634,634,632,136,310,446,1080
4732,630,632,632,138,310,448,1078
4733,636,634,632,136,308,444,1080
4734,636,638,636,138,306,444,1080
4735,640,638,644,136,312,448,1088
4736,640,638,638,134,312,446,1086
4737,638,638,638,134,312,446,1084
4738,636,636,634,134,310,444,1080
4739,634,634,634,134,310,444,1078
4740,632,634,634,136,310,446,1078
4741,634,634,634,136,310,446,1080
4742,632,632,632,136,310,446,1078
4743,628,628,628,136,310,446,1074
4744,628,628,628,136,310,446,1074
4745,628,628,626,136,308,444,1072
4746,620,624,622,140,306,446,1066
4747,630,626,630,136,310,446,1076
4748,630,632,632,138,310,448,1078
4749,634,632,634,136,312,448,1082
4750,638,636,634,134,310,444,1082
4751,636,638,638,136,310,446,1082
4752,638,636,636,134,310,444,1082
4753,638,638,636,134,308,442,1080
4754,638,640,642,136,310,446,1084
4755,642,642,640,136,308,444,1086
4756,640,640,642,136,310,446,1086
4757,644,640,644,132,314,446,1090
4758,636,640,636,136,310,446,1082
4759,636,636,640,136,314,450,1086
4760,638,638,634,136,310,446,1084
4761,630,632,630,138,308,446,1076
4762,636,634,636,136,310,446,1082
4763,636,638,636,138,308,446,1082
4764,636,636,636,138,308,446,1082
4765,636,636,640,138,312,450,1086
4766,634,632,630,136,310,446,1080
4767,634,634,632,136,308,444,1078
4768,632,634,632,138,306,444,1076
4769,634,634,636,138,308,446,1080
4770,642,640,640,136,308,444,1086
4771,644,644,644,136,308,444,1088
4772,644,644,646,136,310,446,1090
4773,648,648,650,136,312,448,1096
4774,644,644,642,136,310,446,1090
4775,644,644,642,136,308,444,1088
4776,648,648,646,136,306,442,1090
4777,646,646,648,136,308,444,1090
4778,648,648,648,136,308,444,1092
4779,650,648,652,134,312,446,1096
4780,650,650,648,134,310,444,1094
4781,646,648,646,136,308,444,1090
4782,648,648,648,136,308,444,1092
4783,648,646,648,134,310,444,1092
4784,646,650,648,138,308,446,1092
4785,652,648,652,134,312,446,1098
4786,648,650,648,136,310,446,1094
4787,648,646,646,134,310,444,1092
4788,642,646,644,138,308,446,1088
4789,644,642,642,136,308,444,1088
4790,642,644,644,138,308,446,1088
4791,648,646,646,136,308,444,1092
4792,646,644,644,134,308,442,1088
4793,642,644,646,136,310,446,1088
4794,642,642,640,136,308,444,1086
4795,636,638,638,138,308,446,1082
4796,642,638,640,134,310,444,1086
4797,638,642,638,138,306,444,1082
4798,642,640,642,136,308,444,1086
4799,642,644,644,138,308,446,1088
4800,642,640,642,136,310,446,1088
4801,640,638,638,134,310,444,1084
4802,632,636,634,138,308,446,1078
4803,642,638,638,134,308,442,1084
4804,636,638,638,136,308,444,1080
4805,640,640,642,136,310,446,1086
4806,638,640,640,138,310,448,1086
4807,644,640,640,134,310,444,1088
4808,636,640,640,138,310,448,1084
4809,640,640,636,138,306,444,1084
4810,640,640,642,138,308,446,1086
4811,646,642,644,134,310,444,1090
4812,646,648,648,136,310,446,1092
4813,650,648,648,134,310,444,1094
4814,656,656,658,134,312,446,1102
4815,652,654,652,136,310,446,1098
4816,656,652,652,132,310,442,1098
4817,650,654,654,136,310,446,1096
4818,660,656,656,132,310,442,1102
4819,658,662,662,136,310,446,1104
4820,662,660,662,134,312,446,1108
4821,664,664,666,134,314,448,1112
4822,664,664,662,134,312,446,1110
4823,660,660,660,134,312,446,1106
4824,660,662,660,136,310,446,1106
4825,664,662,664,134,312,446,1110
4826,668,666,666,132,312,444,1112
4827,670,670,670,132,312,444,1114
4828,670,672,674,134,314,448,1118
4829,668,668,666,134,312,446,1114
4830,664,664,664,134,312,446,1110
4831,664,664,662,134,310,444,1108
4832,660,662,662,136,310,446,1106
4833,666,666,668,136,312,448,1114
4834,666,664,666,134,314,448,1114
4835,666,666,664,134,312,446,1112
4836,662,662,660,134,310,444,1106
4837,658,660,662,136,312,448,1106
4838,658,658,656,136,310,446,1104
4839,662,662,662,136,310,446,1108
4840,666,666,664,136,308,444,1110
4841,666,666,670,136,312,448,1114
4842,666,664,666,134,314,448,1114
4843,662,664,662,136,312,448,1110
4844,660,658,658,134,312,446,1106
4845,656,658,654,136,308,444,1100
4846,654,654,656,136,310,446,1100
4847,656,656,656,136,310,446,1102
4848,658,658,658,136,310,446,1104
4849,656,658,658,138,310,448,1104
4850,666,662,664,134,312,446,1112
4851,662,662,664,134,314,448,1110
4852,660,660,658,134,312,446,1106
4853,660,660,660,134,312,446,1106
4854,656,658,656,136,310,446,1102
4855,662,660,660,134,310,444,1106
4856,662,664,666,136,312,448,1110
4857,664,662,664,134,314,448,1112
4858,664,666,664,136,312,448,1112
4859,662,660,660,134,312,446,1108
4860,652,656,656,138,312,450,1102
4861,654,652,648,136,308,444,1098
4862,648,650,652,138,310,448,1096
4863,648,648,648,138,310,448,1096
4864,646,646,646,138,310,448,1094
4865,646,648,648,140,310,450,1096
4866,646,642,644,136,312,448,1094
4867,644,648,646,140,310,450,1094
4868,644,644,640,140,306,446,1090
4869,652,648,650,136,308,444,1096
4870,654,654,656,136,310,446,1100
4871,660,660,660,136,310,446,1106
4872,660,660,662,136,312,448,1108
4873,660,658,656,134,310,444,1104
4874,658,658,658,134,310,444,1102
4875,656,658,658,136,310,446,1102
4876,664,662,662,134,310,444,1108
4877,662,660,664,132,314,446,1108
4878,662,664,662,134,312,446,1108
4879,660,660,660,134,312,446,1106
4880,660,660,658,134,310,444,1104
4881,660,660,660,134,310,444,1104
4882,664,662,664,132,312,444,1108
4883,666,666,668,132,314,446,1112
4884,666,668,668,134,314,448,1114
4885,668,668,666,134,312,446,1114
4886,662,664,664,136,312,448,1110
4887,662,660,658,134,310,444,1106
4888,662,662,662,134,310,444,1106
4889,666,666,666,134,310,444,1110
4890,670,672,672,136,310,446,1116
4891,674,672,674,134,312,446,1120
4892,674,674,676,134,314,448,1122
4893,678,676,678,132,316,448,1126
4894,668,672,668,136,312,448,1116
4895,674,670,668,132,310,442,1116
4896,668,670,670,134,310,444,1112
4897,666,668,670,136,312,448,1114
4898,674,672,670,134,310,444,1118
4899,674,674,678,134,314,448,1122
4900,676,674,676,132,316,448,1124
4901,672,674,670,134,312,446,1118
4902,670,670,668,134,310,444,1114
4903,664,664,666,134,312,446,1110
4904,670,670,668,134,310,444,1114
4905,670,672,674,136,312,448,1118
4906,674,672,672,134,312,446,1120
4907,676,676,676,134,312,446,1122
4908,676,674,674,132,312,444,1120
4909,666,668,666,134,310,444,1110
4910,668,668,670,134,312,446,1114
4911,670,672,668,136,308,444,1114
4912,678,676,680,134,312,446,1124
4913,676,676,676,134,312,446,1122
4914,674,674,674,134,312,446,1120
4915,672,672,670,134,310,444,1116
4916,666,668,668,136,310,446,1112
4917,666,666,666,136,310,446,1112
4918,666,662,662,132,310,442,1108
4919,666,670,670,136,310,446,1112
4920,670,668,670,134,312,446,1116
4921,672,672,672,134,312,446,1118
4922,668,670,670,136,312,448,1116
4923,670,670,670,136,312,448,1118
4924,672,672,672,136,312,448,1120
4925,684,682,682,134,312,446,1130
4926,692,692,694,134,314,448,1140
4927,686,686,688,134,316,450,1136
4928,688,688,688,134,316,450,1138
4929,682,682,680,134,314,448,1130
4930,680,680,678,134,312,446,1126
4931,668,668,668,134,312,446,1114
4932,662,662,662,134,312,446,1108
4933,662,664,662,136,310,446,1108
4934,658,660,662,138,312,450,1108
4935,662,658,658,134,312,446,1108
4936,654,656,656,136,312,448,1102
4937,652,650,652,134,314,448,1100
4938,650,650,648,134,312,446,1096
4939,648,650,650,136,312,448,1096
4940,652,654,652,138,310,448,1100
4941,662,660,662,136,312,448,1110
4942,662,662,664,136,314,450,1112
4943,666,666,666,136,314,450,1116
4944,662,664,664,138,314,452,1114
4945,664,664,662,138,312,450,1114
4946,668,664,666,134,314,448,1116
4947,680,678,678,132,314,446,1126
4948,678,680,680,134,314,448,1126
4949,676,674,676,132,316,448,1124
4950,674,676,676,134,316,450,1124
4951,672,674,672,136,314,450,1122
4952,666,666,664,136,312,448,1114
4953,662,662,664,136,314,450,1112
4954,666,666,664,136,312,448,1114
4955,664,662,662,134,312,446,1110
4956,658,662,664,138,314,452,1110
4957,666,660,660,132,314,446,1112
4958,658,660,660,134,314,448,1106
4959,654,656,656,136,314,450,1104
4960,654,656,652,138,310,448,1102
4961,662,660,662,136,312,448,1110
4962,664,662,666,134,316,450,1114
4963,670,670,668,134,314,448,1118
4964,670,670,670,134,314,448,1118
4965,672,672,672,134,314,448,1120
4966,670,672,670,136,312,448,1118
4967,674,674,674,136,312,448,1122
4968,678,676,678,134,314,448,1126
4969,676,676,678,134,316,450,1126
4970,676,678,678,136,316,452,1128
4971,680,676,676,132,316,448,1128
4972,668,674,672,138,314,452,1120
4973,680,676,676,134,314,448,1128
4974,678,678,678,134,314,448,1126
4975,684,686,686,136,314,450,1134
4976,676,674,674,134,314,448,1124
4977,670,672,672,136,314,450,1120
4978,674,672,670,134,312,446,1120
4979,670,672,674,136,314,450,1120
4980,678,676,678,134,316,450,1128
4981,678,680,678,136,314,450,1128
4982,678,678,678,136,314,450,1128
4983,676,674,672,134,312,446,1122
4984,668,670,672,136,314,450,1118
4985,668,666,664,134,312,446,1114
4986,666,670,670,138,312,450,1116
4987,668,666,668,136,314,450,1118
4988,664,666,666,138,314,452,1116
4989,668,664,664,134,314,448,1116
4990,658,660,658,136,312,448,1106
4991,660,658,658,134,312,446,1106
4992,658,660,658,136,310,446,1104
4993,664,662,664,134,312,446,1110
4994,668,670,668,136,310,446,1114
4995,674,674,676,136,312,448,1122
4996,672,672,674,136,314,450,1122
4997,670,670,670,136,314,450,1120
4998,668,668,664,136,310,446,1114
4999,668,668,668,136,310,446,1114
5000,674,672,674,134,312,446,1120
5001,674,672,672,132,312,444,1118
5002,670,672,674,134,314,448,1118
5003,672,672,670,134,312,446,1118
5004,666,668,668,136,312,448,1114
5005,664,664,664,136,312,448,1112
5006,668,666,666,134,312,446,1114
5007,670,670,670,134,312,446,1116
5008,670,670,672,134,314,448,1118
5009,668,668,668,134,314,448,1116
5010,672,670,670,132,314,446,1118
5011,672,674,676,134,316,450,1122
5012,672,674,670,136,312,448,1120
5013,674,672,674,134,314,448,1122
5014,672,672,668,134,310,444,1116
5015,670,672,674,136,312,448,1118
5016,688,684,682,132,310,442,1130
5017,684,686,690,134,314,448,1132
5018,686,686,686,134,314,448,1134
5019,688,686,688,132,316,448,1136
5020,682,684,682,134,314,448,1130
5021,676,678,678,136,314,450,1126
5022,676,678,674,138,310,448,1124
5023,682,678,680,134,312,446,1128
5024,680,682,682,136,312,448,1128
5025,682,680,682,134,314,448,1130
5026,680,682,682,136,314,450,1130
5027,680,678,676,134,312,446,1126
5028,674,678,678,138,312,450,1124
5029,672,668,668,134,312,446,1118
5030,672,676,674,138,310,448,1120
5031,674,670,672,134,312,446,1120
5032,670,672,674,136,314,450,1120
5033,668,668,668,136,314,450,1118
5034,668,668,666,136,312,448,1116
5035,664,662,664,134,314,448,1112
5036,662,662,658,134,310,444,1106
5037,658,660,662,136,312,448,1106
5038,664,664,664,136,312,448,1112
5039,670,670,672,136,314,450,1120
5040,678,676,676,134,314,448,1126
5041,676,680,680,138,314,452,1128
5042,684,680,680,134,314,448,1132
5043,684,684,684,134,314,448,1132
5044,686,684,684,132,314,446,1132
5045,692,690,690,130,314,444,1136
5046,694,696,698,132,316,448,1142
5047,688,690,690,134,316,450,1138
5048,686,686,686,134,316,450,1136
5049,682,682,680,134,314,448,1130
5050,676,678,678,136,314,450,1126
5051,678,676,676,134,314,448,1126
5052,674,676,676,136,314,450,1124
5053,676,674,676,134,316,450,1126
5054,670,670,668,134,314,448,1118
5055,666,670,668,138,312,450,1116
5056,666,662,660,134,310,444,1110
5057,664,664,664,134,310,444,1108
5058,664,666,666,136,310,446,1110
5059,668,666,666,134,310,444,1112
5060,668,670,672,136,312,448,1116
5061,668,668,670,136,314,450,1118
5062,668,668,666,136,312,448,1116
5063,666,666,662,136,308,444,1110
5064,670,670,674,136,312,448,1118
5065,678,676,678,134,314,448,1126
5066,682,682,680,134,312,446,1128
5067,690,692,692,136,312,448,1138
5068,698,696,698,134,314,448,1146
5069,700,698,700,132,316,448,1148
5070,702,702,700,132,314,446,1148
5071,702,704,704,134,314,448,1150
5072,700,700,700,134,314,448,1148
5073,698,696,698,132,316,448,1146
5074,696,698,696,134,314,448,1144
5075,694,692,690,132,312,444,1138
5076,686,688,688,134,312,446,1132
5077,700,700,700,134,312,446,1146
5078,700,698,700,132,314,446,1146
5079,704,702,704,130,316,446,1150
5080,706,710,708,134,314,448,1154
5081,698,696,700,132,318,450,1148
5082,698,698,694,132,314,446,1144
5083,692,692,692,132,314,446,1138
5084,696,694,694,130,314,444,1140
5085,700,704,704,134,314,448,1148
5086,704,700,702,130,316,446,1150
5087,702,706,706,134,316,450,1152
5088,702,700,700,132,316,448,1150
5089,698,700,700,134,316,450,1148
5090,694,694,694,134,316,450,1144
5091,700,700,698,134,314,448,1148
5092,706,706,706,134,314,448,1154
5093,708,708,710,134,316,450,1158
5094,708,706,708,132,318,450,1158
5095,710,712,710,134,316,450,1160
5096,704,702,704,132,318,450,1154
5097,702,706,702,136,314,450,1152
5098,704,702,704,134,316,450,1154
5099,710,708,708,132,316,448,1158
5100,704,706,708,134,318,452,1156
5101,708,706,708,132,320,452,1160
5102,702,706,704,136,318,454,1156
5103,702,700,700,134,318,452,1154
5104,708,708,706,134,316,450,1158
5105,710,712,712,136,316,452,1162
5106,716,712,716,132,320,452,1168
5107,710,712,712,134,320,454,1164
5108,704,704,702,134,318,452,1156
5109,698,700,696,136,314,450,1148
5110,688,690,690,138,314,452,1140
5111,698,694,696,134,316,450,1148
5112,694,694,694,134,316,450,1144
5113,696,696,700,134,320,454,1150
5114,694,696,694,136,318,454,1148
5115,690,688,688,134,318,452,1142
5116,684,688,682,138,312,450,1134
5117,686,684,688,136,316,452,1138
5118,692,692,692,136,316,452,1144
5119,694,694,694,136,316,452,1146
5120,690,690,690,136,316,452,1142
5121,686,686,686,136,316,452,1138
5122,686,684,682,134,314,448,1134
5123,676,680,680,138,314,452,1128
5124,688,688,688,138,314,452,1140
5125,690,686,688,134,316,450,1140
5126,688,690,690,136,316,452,1140
5127,694,692,692,134,316,450,1144
5128,688,688,688,134,316,450,1138
5129,688,688,686,134,314,448,1136
5130,686,688,690,136,316,452,1138
5131,704,702,702,134,316,450,1154
5132,704,702,706,132,320,452,1156
5133,706,708,706,134,318,452,1158
5134,706,706,706,134,318,452,1158
5135,706,704,706,132,320,452,1158
5136,704,706,704,134,318,452,1156
5137,702,702,704,134,320,454,1156
5138,700,698,696,132,318,450,1150
5139,688,692,692,136,318,454,1142
5140,686,684,680,134,314,448,1134
5141,694,694,698,134,318,452,1146
5142,698,698,698,134,318,452,1150
5143,702,700,702,132,320,452,1154
5144,702,704,702,134,318,452,1154
5145,702,702,702,134,318,452,1154
5146,698,698,698,134,318,452,1150
5147,690,692,690,136,316,452,1142
5148,684,682,682,134,316,450,1134
5149,680,682,680,136,314,450,1130
5150,686,684,688,134,318,452,1138
5151,684,684,684,134,318,452,1136
5152,686,688,686,136,316,452,1138
5153,684,682,684,134,318,452,1136
5154,674,676,672,136,314,450,1124
5155,676,674,676,134,316,450,1126
5156,678,680,676,136,312,448,1126
5157,686,686,690,136,316,452,1138
5158,692,692,692,136,316,452,1144
5159,704,700,706,132,322,454,1158
5160,702,704,702,134,320,454,1156
5161,704,702,702,132,320,452,1156
5162,700,702,700,134,318,452,1152
5163,714,712,712,132,318,450,1164
5164,706,708,712,134,322,456,1162
5165,720,718,716,132,320,452,1172
5166,710,710,710,132,320,452,1162
5167,704,706,706,134,320,454,1158
5168,702,704,700,136,316,452,1154
5169,700,700,700,136,316,452,1152
5170,712,710,710,134,316,450,1162
5171,720,718,722,132,320,452,1172
5172,718,718,720,132,322,454,1172
5173,718,720,716,134,318,452,1170
5174,726,726,728,134,320,454,1180
5175,722,720,722,132,322,454,1176
5176,706,706,702,132,318,450,1156
5177,704,706,704,134,316,450,1154
5178,704,702,704,132,318,450,1154
5179,712,712,712,132,318,450,1162
5180,714,718,718,136,318,454,1168
5181,718,716,716,134,318,452,1170
5182,718,718,720,134,320,454,1172
5183,712,712,714,134,322,456,1168
5184,708,708,702,134,316,450,1158
5185,694,694,694,134,316,450,1144
5186,694,696,694,136,314,450,1144
5187,700,700,700,136,314,450,1150
5188,700,698,702,134,318,452,1152
5189,706,706,708,134,320,454,1160
5190,696,698,694,136,316,452,1148
5191,698,698,698,136,316,452,1150
5192,696,694,694,134,316,450,1146
5193,706,706,708,134,318,452,1158
5194,708,708,710,134,320,454,1162
5195,706,706,706,134,320,454,1160
5196,708,708,706,134,318,452,1160
5197,700,702,704,136,320,456,1156
5198,700,700,698,136,318,454,1154
5199,698,694,694,132,318,450,1148
5200,702,704,704,134,318,452,1154
5201,704,702,704,132,320,452,1156
5202,682,688,684,138,316,454,1136
5203,688,684,686,134,318,452,1140
5204,682,684,684,136,318,454,1136
5205,678,678,678,136,318,454,1132
5206,672,672,670,136,316,452,1124
5207,672,672,670,136,314,450,1122
5208,674,674,674,136,314,450,1124
5209,676,674,676,134,316,450,1126
5210,672,674,674,136,316,452,1124
5211,674,672,674,134,318,452,1126
5212,668,672,666,138,312,450,1118
5213,670,668,668,136,312,448,1118
5214,674,674,676,136,314,450,1124
5215,682,680,680,134,314,448,1130
5216,684,684,690,134,320,454,1138
5217,692,692,690,134,318,452,1144
5218,690,690,688,134,316,450,1140
5219,690,690,690,134,316,450,1140
5220,686,688,688,136,316,452,1138
5221,692,692,694,136,318,454,1146
5222,696,692,694,132,320,452,1148
5223,698,698,696,132,318,450,1148
5224,694,696,698,134,320,454,1148
5225,702,700,700,132,320,452,1154
5226,698,700,696,134,316,450,1148
5227,700,700,702,134,318,452,1152
5228,694,694,696,134,320,454,1148
5229,688,690,688,136,318,454,1142
5230,694,694,692,136,316,452,1146
5231,702,700,702,134,318,452,1154
5232,702,702,702,134,318,452,1154
5233,704,704,706,134,320,454,1158
5234,706,706,706,134,320,454,1160
5235,704,706,704,136,318,454,1158
5236,700,698,696,134,316,450,1150
5237,708,710,712,136,318,454,1162
5238,690,690,688,136,316,452,1142
5239,682,684,680,138,312,450,1132
5240,682,682,682,138,312,450,1132
5241,684,680,682,134,314,448,1132
5242,680,682,684,136,316,452,1132
5243,684,684,684,136,316,452,1136
5244,678,678,678,136,316,452,1130
5245,676,678,674,138,312,450,1126
5246,672,672,674,138,314,452,1124
5247,684,682,684,136,316,452,1136
5248,682,682,682,136,316,452,1134
5249,686,686,690,136,320,456,1142
5250,688,688,686,136,318,454,1142
5251,686,686,686,136,318,454,1140
5252,688,688,684,136,314,450,1138
5253,686,686,686,136,314,450,1136
5254,694,694,698,136,318,454,1148
5255,696,694,694,134,318,452,1148
5256,690,690,692,134,320,454,1144
5257,692,692,690,134,318,452,1144
5258,684,684,684,134,318,452,1136
5259,680,682,678,136,314,450,1130
5260,682,682,682,136,314,450,1132
5261,686,684,686,134,316,450,1136
5262,682,684,684,136,316,452,1134
5263,682,682,682,136,316,452,1134
5264,680,678,678,134,316,450,1130
5265,680,682,680,136,314,450,1130
5266,678,678,678,136,314,450,1128
5267,676,678,674,138,310,448,1124
5268,680,676,680,134,314,448,1128
5269,678,680,682,136,316,452,1130
5270,678,678,676,136,314,450,1128
5271,680,678,678,134,314,448,1128
5272,674,676,674,136,312,448,1122
5273,682,684,684,138,312,450,1132
5274,696,694,696,136,314,450,1146
5275,698,696,698,134,316,450,1148
5276,704,706,706,136,316,452,1156
5277,710,708,710,134,318,452,1162
5278,708,708,706,134,316,450,1158
5279,708,708,710,134,318,452,1160
5280,704,704,702,134,316,450,1154
5281,708,708,708,134,316,450,1158
5282,710,712,712,136,316,452,1162
5283,716,714,716,134,318,452,1168
5284,706,708,706,136,316,452,1158
5285,708,706,708,134,318,452,1160
5286,700,700,698,134,316,450,1150
5287,690,690,688,134,314,448,1138
5288,694,696,694,136,312,448,1142
5289,696,694,698,134,316,450,1146
5290,692,694,694,136,316,452,1144
5291,692,690,690,134,316,450,1142
5292,684,688,684,138,312,450,1134
5293,676,676,676,138,312,450,1126
5294,676,676,676,138,312,450,1126
5295,678,676,678,136,314,450,1128
5296,686,686,688,136,316,452,1138
5297,694,694,694,136,316,452,1146
5298,696,698,696,138,314,452,1148
5299,706,704,706,136,316,452,1158
5300,708,706,706,134,316,450,1158
5301,730,730,732,134,318,452,1182
5302,740,738,740,132,320,452,1192
5303,734,736,736,134,320,454,1188
5304,730,728,728,132,320,452,1182
5305,718,720,718,134,318,452,1170
5306,710,710,710,134,318,452,1162
5307,704,704,702,134,316,450,1154
5308,712,714,716,136,318,454,1166
5309,712,708,708,132,318,450,1162
5310,700,702,702,134,318,452,1152
5311,700,700,700,134,318,452,1152
5312,696,694,694,132,318,450,1146
5313,692,696,692,136,314,450,1142
5314,688,688,692,136,318,454,1142
5315,702,698,696,132,316,448,1150
5316,700,702,704,134,318,452,1152
5317,706,706,706,134,318,452,1158
5318,704,704,706,134,320,454,1158
5319,700,700,698,134,318,452,1152
5320,704,704,702,134,316,450,1154
5321,704,704,706,134,318,452,1156
5322,710,708,710,132,320,452,1162
5323,708,710,706,134,316,450,1158
5324,708,708,710,134,318,452,1160
5325,718,716,718,132,320,452,1170
5326,720,722,720,134,318,452,1172
5327,730,728,730,132,320,452,1182
5328,726,728,730,134,322,456,1182
5329,720,720,716,134,318,452,1172
5330,716,716,720,134,322,456,1172
5331,712,712,712,134,322,456,1168
5332,710,712,706,136,316,452,1162
5333,716,714,716,134,318,452,1168
5334,720,720,722,134,320,454,1174
5335,726,726,726,134,320,454,1180
5336,720,720,720,134,320,454,1174
5337,716,716,718,134,322,456,1172
5338,716,718,714,136,318,454,1170
5339,716,714,712,134,316,450,1166
5340,702,702,704,134,318,452,1154
5341,708,710,708,136,316,452,1160
5342,708,708,710,136,318,454,1162
5343,704,702,704,134,320,454,1158
5344,694,696,694,136,318,454,1148
5345,690,690,688,136,316,452,1142
5346,688,686,686,134,316,450,1138
5347,688,690,690,136,316,452,1140
5348,688,688,690,136,318,454,1142
5349,688,688,688,136,318,454,1142
5350,686,686,686,136,318,454,1140
5351,686,686,684,136,316,452,1138
5352,688,686,686,134,316,450,1138
5353,694,694,696,134,318,452,1146
5354,706,706,708,134,320,454,1160
5355,712,710,712,132,322,454,1166
5356,712,712,712,132,322,454,1166
5357,710,714,710,136,318,454,1164
5358,710,708,710,134,320,454,1164
5359,702,704,702,136,318,454,1156
5360,710,708,706,134,316,450,1160
5361,698,700,700,136,316,452,1150
5362,704,704,706,136,318,454,1158
5363,704,704,706,136,320,456,1160
5364,708,706,704,134,318,452,1160
5365,706,706,708,134,320,454,1160
5366,712,710,712,132,322,454,1166
5367,700,704,700,136,318,454,1154
5368,702,704,702,138,316,454,1156
5369,706,704,706,136,318,454,1160
5370,716,714,714,134,318,452,1168
5371,710,712,714,136,320,456,1166
5372,716,714,714,134,320,454,1170
5373,716,716,716,134,320,454,1170
5374,706,710,706,138,316,454,1160
5375,696,696,694,138,314,452,1148
5376,688,688,688,138,314,452,1140
5377,690,690,690,138,314,452,1142
5378,690,688,688,136,314,450,1140
5379,696,696,698,136,316,452,1148
5380,698,698,700,136,318,454,1152
5381,696,696,694,136,316,452,1148
5382,698,698,700,136,318,454,1152
5383,696,696,694,136,316,452,1148
5384,700,700,700,136,316,452,1152
5385,714,712,714,134,318,452,1166
5386,724,724,726,134,320,454,1178
5387,718,720,720,136,320,456,1174
5388,718,716,718,134,322,456,1174
5389,718,718,718,134,322,456,1174
5390,714,716,714,136,320,456,1170
5391,714,710,712,132,322,454,1168
5392,702,708,704,138,318,456,1158
5393,704,702,702,136,318,454,1158
5394,706,706,706,136,318,454,1160
5395,706,706,706,136,318,454,1160
5396,710,708,710,134,320,454,1164
5397,704,704,706,134,322,456,1160
5398,698,700,698,136,320,456,1154
5399,702,700,700,134,320,454,1156
5400,708,710,708,136,318,454,1162
5401,718,716,718,134,320,454,1172
5402,708,708,708,134,320,454,1162
5403,704,706,704,136,318,454,1158
5404,686,686,682,136,314,450,1136
5405,684,686,686,138,314,452,1136
5406,690,688,690,136,316,452,1142
5407,698,698,698,136,316,452,1150
5408,708,706,710,134,320,454,1162
5409,704,708,706,138,318,456,1160
5410,696,698,694,140,314,454,1150
5411,700,694,694,134,314,448,1148
5412,706,708,710,136,316,452,1158
5413,710,710,712,136,318,454,1164
5414,712,710,712,134,320,454,1166
5415,704,706,706,136,320,456,1160
5416,704,702,700,134,318,452,1156
5417,696,696,694,134,316,450,1146
5418,702,702,704,134,318,452,1154
5419,696,696,698,134,320,454,1150
5420,696,698,696,136,318,454,1150
5421,692,690,694,134,322,456,1148
5422,686,688,686,136,320,456,1142
5423,686,686,686,136,320,456,1142
5424,680,682,678,138,316,454,1134
5425,680,678,674,136,312,448,1128
5426,674,676,678,138,314,452,1126
5427,688,684,686,134,316,450,1138
5428,694,694,696,134,318,452,1146
5429,702,702,704,134,320,454,1156
5430,698,700,700,136,320,456,1154
5431,710,706,708,132,322,454,1164
5432,696,700,698,136,320,456,1152
5433,704,704,702,136,318,454,1158
5434,698,698,700,136,320,456,1154
5435,700,700,698,136,318,454,1154
5436,702,700,700,134,318,452,1154
5437,698,698,700,134,320,454,1152
5438,700,702,700,136,318,454,1154
5439,698,698,698,136,318,454,1152
5440,692,692,692,136,318,454,1146
5441,690,690,690,136,318,454,1144
5442,700,700,702,136,320,456,1156
5443,712,712,712,136,320,456,1168
5444,720,720,718,136,318,454,1174
5445,730,728,732,134,322,456,1186
5446,712,716,712,138,318,456,1168
5447,724,724,722,138,316,454,1178
5448,690,692,688,140,312,452,1142
5449,696,692,696,136,316,452,1148
5450,694,696,694,138,314,452,1146
5451,694,692,696,136,318,454,1148
5452,688,690,690,138,318,456,1144
5453,684,684,680,138,314,452,1136
5454,678,680,678,140,312,452,1130
5455,682,682,682,140,312,452,1134
5456,690,686,690,136,316,452,1142
5457,688,690,692,138,318,456,1144
5458,692,692,690,138,316,454,1146
5459,690,690,688,138,314,452,1142
5460,690,690,690,138,314,452,1142
5461,686,686,686,138,314,452,1138
5462,690,688,690,136,316,452,1142
5463,694,692,692,134,316,450,1144
5464,686,690,690,138,316,454,1140
5465,690,686,686,134,316,450,1140
5466,678,680,680,136,316,452,1130
5467,680,680,678,136,314,450,1130
5468,680,680,680,136,314,450,1130
5469,682,682,682,136,314,450,1132
5470,682,680,684,134,318,452,1134
5471,676,678,676,136,316,452,1128
5472,674,674,674,136,316,452,1126
5473,670,672,668,138,312,450,1120
5474,664,666,664,140,310,450,1114
5475,672,666,670,134,314,448,1120
5476,670,672,672,136,314,450,1120
5477,672,672,672,136,314,450,1122
5478,670,670,670,136,314,450,1120
5479,668,668,666,136,312,448,1116
5480,664,664,662,136,310,446,1110
5481,662,664,666,138,312,450,1112
5482,666,666,666,138,312,450,1116
5483,674,672,672,136,312,448,1122
5484,670,670,672,136,314,450,1120
5485,672,670,670,134,314,448,1120
5486,670,672,674,136,316,452,1122
5487,670,670,666,136,312,448,1118
5488,666,664,664,134,312,446,1112
5489,666,668,670,136,314,450,1116
5490,678,676,676,134,314,448,1126
5491,670,672,670,136,312,448,1118
5492,674,672,674,134,314,448,1122
5493,668,670,670,136,314,450,1118
5494,672,670,668,134,312,446,1118
5495,668,670,670,136,312,448,1116
5496,670,672,674,138,314,452,1122
5497,674,670,670,134,314,448,1122
5498,668,670,672,136,316,452,1120
5499,666,666,662,136,312,448,1114
5500,662,664,662,138,310,448,1110
5501,664,662,662,136,310,446,1110
5502,662,662,662,136,310,446,1108
5503,662,664,666,138,312,450,1112
5504,664,662,664,136,314,450,1114
5505,664,664,662,136,312,448,1112
5506,660,658,660,134,314,448,1108
5507,652,656,652,138,310,448,1100
5508,656,656,656,138,310,448,1104
5509,656,656,656,138,310,448,1104
5510,660,658,660,136,312,448,1108
5511,662,662,662,136,312,448,1110
5512,660,660,660,136,312,448,1108
5513,660,662,660,138,310,448,1108
5514,660,660,660,138,310,448,1108
5515,658,658,660,138,312,450,1108
5516,662,660,658,136,310,446,1108
5517,660,662,662,138,310,448,1108
5518,664,662,666,136,314,450,1114
5519,664,664,660,136,310,446,1110
5520,662,662,664,136,312,448,1110
5521,664,664,660,136,308,444,1108
5522,666,666,670,136,312,448,1114
5523,676,676,674,136,310,446,1122
5524,680,678,682,134,314,448,1128
5525,682,682,682,134,314,448,1130
5526,684,684,684,134,314,448,1132
5527,684,688,684,138,310,448,1132
5528,700,696,700,134,314,448,1148
5529,700,700,702,134,316,450,1150
5530,708,706,706,132,316,448,1156
5531,704,704,706,132,318,450,1154
5532,702,704,702,134,316,450,1152
5533,704,702,702,132,316,448,1152
5534,690,694,692,136,314,450,1140
5535,698,694,696,132,316,448,1146
5536,682,684,682,134,314,448,1130
5537,680,680,678,134,312,446,1126
5538,686,686,686,134,312,446,1132
5539,694,692,694,132,314,446,1140
5540,690,694,694,136,314,450,1140
5541,698,696,698,134,316,450,1148
5542,696,696,694,134,314,448,1144
5543,694,696,696,136,314,450,1144
5544,684,684,682,136,312,448,1132
5545,688,688,688,136,312,448,1136
5546,696,694,694,134,312,446,1142
5547,694,694,696,134,314,448,1142
5548,698,700,700,136,314,450,1148
5549,704,702,704,134,316,450,1154
5550,702,704,700,136,312,448,1150
5551,704,702,706,134,316,450,1154
5552,708,710,710,136,316,452,1160
5553,718,716,714,134,314,448,1166
5554,712,712,714,134,316,450,1162
5555,718,720,720,136,316,452,1170
5556,712,712,712,136,316,452,1164
5557,706,706,704,136,314,450,1156
5558,706,706,708,136,316,452,1158
5559,710,710,708,136,314,450,1160
5560,714,712,714,134,316,450,1164
5561,708,708,708,134,316,450,1158
5562,698,700,700,136,316,452,1150
5563,698,698,696,136,314,450,1148
5564,694,694,694,136,314,450,1144
5565,700,700,700,136,314,450,1150
5566,706,704,706,134,316,450,1156
5567,704,702,704,132,318,450,1154
5568,696,700,698,136,316,452,1148
5569,700,700,700,136,316,452,1152
5570,696,698,694,138,312,450,1146
5571,692,688,688,134,312,446,1138
5572,686,686,688,134,314,448,1134
5573,702,704,706,136,316,452,1154
5574,696,696,694,136,314,450,1146
5575,708,704,708,132,318,450,1158
5576,704,706,704,134,316,450,1154
5577,708,710,710,136,316,452,1160
5578,708,708,708,136,316,452,1160
5579,718,720,716,138,312,450,1168
5580,720,718,722,136,316,452,1172
5581,722,720,722,134,318,452,1174
5582,722,720,722,132,320,452,1174
5583,712,714,714,134,320,454,1166
5584,708,708,708,134,320,454,1162
5585,706,708,704,136,316,452,1158
5586,704,702,702,134,316,450,1154
5587,702,702,704,134,318,452,1154
5588,706,708,706,136,316,452,1158
5589,698,698,700,136,318,454,1152
5590,704,702,702,134,318,452,1156
5591,702,704,702,136,316,452,1154
5592,704,704,706,136,318,454,1158
5593,710,710,708,136,316,452,1162
5594,726,728,728,138,316,454,1180
5595,728,726,726,136,316,452,1180
5596,736,734,738,134,320,454,1190
5597,730,732,732,136,320,456,1186
5598,720,724,718,140,314,454,1174
5599,710,710,708,140,312,452,1162
5600,694,692,692,138,312,450,1144
5601,698,696,698,136,314,450,1148
5602,696,698,698,138,314,452,1148
5603,698,696,700,136,318,454,1152
5604,696,698,694,138,314,452,1148
5605,688,688,688,138,314,452,1140
5606,678,682,680,142,312,454,1132
5607,686,684,684,140,312,452,1138
5608,688,686,688,138,314,452,1140
5609,690,688,692,136,318,454,1144
5610,688,692,690,140,316,456,1144
5611,690,686,686,136,316,452,1142
5612,684,688,686,140,314,454,1138
5613,684,684,684,140,314,454,1138
5614,688,684,684,136,314,450,1138
5615,688,686,688,134,316,450,1138
5616,686,688,688,136,316,452,1138
5617,682,682,684,136,318,454,1136
5618,684,682,680,134,316,450,1134
5619,676,680,676,138,312,450,1126
5620,672,674,674,140,312,452,1124
5621,680,678,678,138,312,450,1130
5622,680,678,682,136,316,452,1132
5623,686,684,682,134,314,448,1134
5624,682,682,684,134,316,450,1132
5625,684,686,684,136,314,450,1134
5626,684,684,684,136,314,450,1134
5627,688,688,688,136,314,450,1138
5628,694,694,694,136,314,450,1144
5629,708,706,708,134,316,450,1158
5630,710,712,710,136,314,450,1160
5631,718,718,718,136,314,450,1168
5632,704,706,708,138,316,454,1158
5633,716,712,712,134,316,450,1166
5634,704,704,704,134,316,450,1154
5635,700,698,698,132,316,448,1148
5636,690,694,692,136,314,450,1140
5637,686,688,686,138,312,450,1136
5638,694,690,690,134,312,446,1140
5639,692,694,696,136,314,450,1142
5640,694,694,694,136,314,450,1144
5641,694,692,694,134,316,450,1144
5642,690,690,688,134,314,448,1138
5643,680,684,682,138,312,450,1130
5644,682,680,680,136,312,448,1130
5645,688,688,688,136,312,448,1136
5646,692,692,692,136,312,448,1140
5647,694,692,696,134,316,450,1144
5648,692,692,692,134,316,450,1142
5649,692,694,690,136,312,448,1140
5650,684,684,682,136,310,446,1130
5651,684,684,688,136,314,450,1134
5652,692,692,692,136,314,450,1142
5653,694,692,694,134,316,450,1144
5654,696,698,696,136,314,450,1146
5655,692,690,690,134,314,448,1140
5656,694,694,694,134,314,448,1142
5657,688,690,690,136,314,450,1138
5658,688,688,686,136,312,448,1136
5659,696,694,696,134,314,448,1144
5660,698,700,698,136,312,448,1146
5661,700,700,702,136,314,450,1150
5662,696,694,696,134,316,450,1146
5663,690,692,690,136,314,450,1140
5664,690,692,690,138,312,450,1140
5665,688,686,690,136,316,452,1140
5666,680,682,678,138,312,450,1130
5667,682,682,680,138,310,448,1130
5668,694,694,696,138,312,450,1144
5669,710,706,708,134,314,448,1158
5670,710,710,712,134,316,450,1160
5671,708,708,706,134,314,448,1156
5672,704,704,706,134,316,450,1154
5673,698,700,700,136,316,452,1150
5674,696,696,694,136,314,450,1146
5675,682,684,680,138,310,448,1130
5676,682,684,686,140,312,452,1134
5677,688,686,686,138,312,450,1138
5678,686,684,686,136,314,450,1136
5679,678,682,680,140,312,452,1130
5680,680,680,680,140,312,452,1132
5681,680,678,678,138,312,450,1130
5682,674,676,676,140,312,452,1126
5683,678,676,676,138,312,450,1128
5684,692,692,694,138,314,452,1144
5685,718,716,716,136,314,450,1168
5686,716,716,720,136,318,454,1170
5687,710,712,708,138,314,452,1162
5688,710,710,712,138,316,454,1164
5689,714,712,710,136,314,450,1164
5690,718,716,718,134,316,450,1168
5691,724,724,724,134,316,450,1174
5692,722,722,724,134,318,452,1174
5693,718,720,720,136,318,454,1172
5694,708,708,710,136,320,456,1164
5695,712,712,706,136,314,450,1162
5696,696,696,696,136,314,450,1146
5697,690,690,690,136,314,450,1140
5698,688,690,688,138,312,450,1138
5699,690,688,690,136,314,450,1140
5700,684,684,686,136,316,452,1136
5701,686,688,686,138,314,452,1138
5702,680,680,678,138,312,450,1130
5703,682,680,678,136,310,446,1128
5704,676,678,680,138,312,450,1126
5705,686,684,686,136,314,450,1136
5706,690,690,692,136,316,452,1142
5707,698,698,698,136,316,452,1150
5708,704,704,702,136,314,450,1154
5709,704,704,706,136,316,452,1156
5710,710,708,708,134,316,450,1160
5711,716,718,714,136,312,448,1164
5712,718,716,720,134,316,450,1168
5713,714,714,714,134,316,450,1164
5714,700,700,700,134,316,450,1150
5715,694,696,694,136,314,450,1144
5716,696,694,694,134,314,448,1144
5717,688,690,690,136,314,450,1138
5718,684,684,684,136,314,450,1134
5719,688,690,690,138,314,452,1140
5720,690,688,690,136,316,452,1142
5721,696,694,694,134,316,450,1146
5722,686,690,688,138,314,452,1138
5723,688,686,684,136,312,448,1136
5724,674,674,672,136,310,446,1120
5725,676,678,678,138,310,448,1124
5726,680,680,680,138,310,448,1128
5727,684,682,686,136,314,450,1134
5728,682,684,684,138,314,452,1134
5729,684,684,684,138,314,452,1136
5730,680,680,674,138,308,446,1126
5731,682,682,686,138,312,450,1132
5732,694,692,690,136,310,446,1140
5733,692,692,696,136,314,450,1142
5734,700,698,700,134,316,450,1150
5735,702,702,704,134,318,452,1154
5736,702,706,700,138,312,450,1152
5737,704,702,702,136,312,448,1152
5738,718,714,718,132,316,448,1166
5739,720,720,720,132,316,448,1168
5740,724,724,728,132,320,452,1176
5741,722,724,722,134,318,452,1174
5742,716,718,716,136,316,452,1168
5743,708,706,706,134,316,450,1158
5744,690,692,690,136,314,450,1140
5745,686,686,684,136,312,448,1134
5746,682,680,680,134,312,446,1128
5747,676,678,680,136,314,450,1126
5748,670,674,672,140,312,452,1122
5749,670,670,668,140,310,450,1120
5750,670,670,670,140,310,450,1120
5751,676,674,674,138,310,448,1124
5752,680,678,680,136,312,448,1128
5753,680,678,678,134,312,446,1126
5754,678,682,684,138,314,452,1130
5755,680,680,678,138,312,450,1130
5756,682,682,682,138,312,450,1132
5757,692,690,690,136,312,448,1140
5758,688,688,690,136,314,450,1138
5759,690,688,690,134,316,450,1140
5760,694,698,696,138,314,452,1146
5761,688,686,686,136,314,450,1138
5762,688,686,684,134,312,446,1134
5763,680,684,684,138,312,450,1130
5764,688,686,688,136,314,450,1138
5765,692,692,692,136,314,450,1142
5766,690,688,690,134,316,450,1140
5767,696,696,696,134,316,450,1146
5768,692,694,692,136,314,450,1142
5769,688,690,688,138,312,450,1138
5770,694,692,694,136,314,450,1144
5771,698,696,698,134,316,450,1148
5772,698,700,698,136,314,450,1148
5773,706,704,706,134,316,450,1156
5774,702,702,702,134,316,450,1152
5775,698,702,702,138,316,454,1152
5776,704,702,700,136,314,450,1154
5777,700,698,700,134,316,450,1150
5778,704,704,702,134,314,448,1152
5779,706,704,706,132,316,448,1154
5780,694,696,696,134,316,450,1144
5781,696,700,698,138,314,452,1148
5782,720,718,718,136,314,450,1170
5783,692,694,694,138,314,452,1144
5784,684,684,678,138,308,446,1130
5785,680,682,682,140,308,448,1128
5786,684,682,688,138,314,452,1136
5787,684,686,684,140,312,452,1136
5788,684,682,684,138,314,452,1136
5789,678,680,678,140,312,452,1130
5790,676,676,674,140,310,450,1126
5791,676,676,676,140,310,450,1126
5792,686,682,686,136,314,450,1136
5793,688,690,690,138,314,452,1140
5794,690,688,688,136,314,450,1140
5795,684,686,686,138,314,452,1136
5796,684,684,682,138,312,450,1134
5797,680,678,678,136,312,448,1128
5798,682,680,682,134,314,448,1130
5799,684,684,684,134,314,448,1132
5800,684,684,686,134,316,450,1134
5801,684,684,684,134,316,450,1134
5802,686,686,686,134,316,450,1136
5803,682,686,680,138,310,448,1130
5804,682,682,686,138,314,452,1134
5805,696,694,692,136,312,448,1144
5806,694,692,696,134,316,450,1144
5807,692,692,692,134,316,450,1142
5808,694,696,694,136,314,450,1144
5809,694,694,694,136,314,450,1144
5810,692,690,692,134,316,450,1142
5811,690,694,690,138,312,450,1140
5812,692,690,692,136,314,450,1142
5813,694,694,692,136,312,448,1142
5814,702,702,704,136,314,450,1152
5815,704,704,704,136,314,450,1154
5816,704,704,704,136,314,450,1154
5817,702,704,702,138,312,450,1152
5818,702,702,700,138,310,448,1150
5819,692,692,692,138,310,448,1140
5820,688,686,686,136,310,446,1134
5821,692,692,694,136,312,448,1140
5822,710,710,714,136,316,452,1162
5823,720,720,720,136,316,452,1172
5824,724,722,722,134,316,450,1174
5825,720,722,724,136,318,454,1174
5826,708,710,704,138,312,450,1158
5827,704,702,702,136,312,448,1152
5828,688,690,690,138,312,450,1138
5829,692,690,692,136,314,450,1142
5830,690,690,690,136,314,450,1140
5831,696,696,698,136,316,452,1148
5832,698,698,696,136,314,450,1148
5833,704,704,704,136,314,450,1154
5834,702,702,704,136,316,452,1154
5835,720,722,718,138,312,450,1170
5836,732,728,732,134,316,450,1182
5837,714,716,716,136,316,452,1166
5838,700,700,700,136,316,452,1152
5839,698,694,696,132,318,450,1148
5840,684,688,684,136,314,450,1134
5841,676,676,676,136,314,450,1126
5842,672,674,672,138,312,450,1122
5843,670,670,672,138,314,452,1122
5844,674,672,672,136,314,450,1124
5845,672,672,672,136,314,450,1122
5846,674,674,674,136,314,450,1124
5847,674,674,670,136,310,446,1120
5848,672,674,676,138,312,450,1122
5849,680,678,676,136,310,446,1126
5850,696,694,698,134,314,448,1144
5851,696,696,696,134,314,448,1144
5852,706,708,710,136,316,452,1158
5853,704,704,702,136,314,450,1154
5854,702,704,702,138,312,450,1152
5855,704,700,700,134,312,446,1150
5856,704,708,710,138,314,452,1156
5857,720,718,720,136,316,452,1172
5858,738,740,736,138,312,450,1188
5859,740,738,744,136,318,454,1194
5860,744,746,744,138,316,454,1198
5861,744,742,742,136,316,452,1196
5862,756,754,754,134,316,450,1206
5863,728,732,732,138,316,454,1182
5864,730,728,728,136,316,452,1182
5865,734,732,734,134,318,452,1186
5866,742,744,742,136,316,452,1194
5867,762,760,762,134,318,452,1214
5868,758,758,758,134,318,452,1210
5869,732,734,734,136,318,454,1186
5870,724,724,722,136,316,452,1176
5871,716,720,714,140,310,450,1166
5872,694,692,690,138,308,446,1140
5873,688,688,688,138,308,446,1134
5874,690,690,694,138,312,450,1140
5875,700,702,702,140,312,452,1152
5876,700,700,702,140,314,454,1154
5877,690,690,690,140,314,454,1144
5878,690,690,686,140,310,450,1140
5879,682,684,682,142,308,450,1132
5880,688,684,686,138,310,448,1136
5881,692,692,694,138,312,450,1142
5882,690,692,694,140,314,454,1144
5883,690,690,692,140,316,456,1146
5884,696,694,692,138,314,452,1148
5885,686,684,684,136,314,450,1136
5886,680,682,678,138,310,448,1128
5887,678,680,680,140,310,450,1128
5888,684,678,682,134,314,448,1132
5889,676,680,680,138,314,452,1128
5890,680,676,678,134,316,450,1130
5891,672,674,672,136,314,450,1122
5892,666,668,664,138,310,448,1114
5893,664,666,666,140,310,450,1114
5894,664,664,664,140,310,450,1114
5895,670,666,666,136,310,446,1116
5896,668,668,670,136,312,448,1116
5897,666,666,666,136,312,448,1114
5898,670,670,668,136,310,446,1116
5899,664,666,664,138,308,446,1110
5900,662,662,664,138,310,448,1110
5901,664,662,660,136,308,444,1108
5902,662,662,664,136,310,446,1108
5903,664,666,666,138,310,448,1112
5904,666,664,668,136,314,450,1116
5905,664,666,666,138,314,452,1116
5906,664,662,656,136,308,444,1108
5907,662,664,666,138,310,448,1110
5908,664,664,666,138,312,450,1114
5909,672,670,668,136,310,446,1118
5910,672,672,674,136,312,448,1120
5911,674,672,672,134,312,446,1120
5912,668,670,668,136,310,446,1114
5913,672,672,672,136,310,446,1118
5914,666,668,668,138,310,448,1114
5915,668,668,668,138,310,448,1116
5916,674,672,672,136,310,446,1120
5917,668,668,672,136,314,450,1118
5918,668,668,666,136,312,448,1116
5919,664,664,662,136,310,446,1110
5920,662,662,662,136,310,446,1108
5921,662,664,664,138,310,448,1110
5922,666,668,668,140,310,450,1116
5923,664,662,662,138,310,448,1112
5924,666,664,664,136,310,446,1112
5925,658,658,660,136,312,448,1106
5926,654,656,652,138,308,446,1100
5927,654,654,654,138,308,446,1100
5928,652,654,654,140,308,448,1100
5929,654,654,654,140,308,448,1102
5930,644,648,648,140,308,452,1096
5931,652,648,644,140,304,444,1096
5932,660,648,650,128,306,434,1094
5933,632,646,640,142,305,442,1074
5934,602,648,652,144,304,448,1094
5935,682,640,644,138,308,454,1136
5936,652,638,644,132,314,446,1098
5937,636,638,640,134,316,450,1086
5938,638,634,632,130,314,444,1082
5939,592,626,622,136,310,474,1066
5940,644,622,624,142,312,454,1098
5941,620,616,612,138,308,446,1066
5942,576,606,610,133,312,480,1056
5943,644,604,600,128,308,436,1080
5944,590,600,596,138,304,442,1032
5945,600,594,602,132,312,444,1044
5946,578,540,578,150,350,444,1022
5947,560,634,594,140.5,310,478,1038
5948,623,586,586,131,310,441,1064
5949,582,582,582,131,310,441,1023
5950,578,578,580,131,312,443,1021
5951,574,574,580,131,318,449,1023
5952,574,574,570,131,314,445,1019
5953,568,568,580,131,326,457,1025
5954,566,566,558,131,318,449,1015
5955,564,564,558,131,312,443,1007
5956,560,560,566,131,318,449,1009
5957,560,560,558,131,316,447,1007
5958,556,556,558,131,318,449,1005
5959,556,556,558,131,320,451,1007
5960,560,560,562,131,322,453,1013
5961,556,556,560,131,326,457,1013
5962,562,562,556,131,320,451,1013
5963,568,568,568,131,320,451,1019
5964,580,580,598,131,338,469,1049
5965,604,604,608,131,342,473,1077
5966,617,618,628,132,349,484,1101
5967,652,644,648,124,353.5,480,1132
5968,660,660,662,124,353.75,482,1142
5969,672,674,670,126,354.875,480,1152
5970,682,682,684,126,356.438,482,1164
5971,698,696,698,124,359.219,482,1180
5972,700,690,694,120,360.609,476,1176
5973,690,692,692,119,358.305,478,1168
5974,686,688,682,122.5,355.152,474,1160
5975,672,680,676,126,351.576,478,1150
5976,662,664,660,128,348,476,1138
5977,666,666,664,128,346,474,1140
5978,666,666,668,128,348,476,1142
5979,664,664,660,128,344,472,1136
5980,662,662,658,128,340,468,1130
5981,664,662,660,126,338,464,1128
5982,664,666,662,128,334,462,1126
5983,676,674,678,126,338,464,1140
5984,674,676,674,128,336,464,1138
5985,672,668,666,124,334,458,1130
5986,670,672,668,126,330,456,1126
5987,670,672,668,128,326,454,1124
5988,680,680,680,128,326,454,1134
5989,684,682,684,126,328,454,1138
5990,680,680,678,126,326,452,1132
5991,682,684,680,128,322,450,1132
5992,684,684,682,128,320,448,1132
5993,684,684,684,128,320,448,1132
5994,704,700,704,124,324,448,1152
5995,706,708,706,126,322,448,1154
5996,708,708,706,126,320,446,1154
5997,708,710,708,128,318,446,1154
5998,710,708,706,126,316,442,1152
5999,718,720,722,128,318,446,1164
6000,742,740,742,126,320,446,1188
6001,732,732,730,126,318,444,1176
6002,738,740,740,128,318,446,1184
6003,750,746,744,124,316,440,1190
6004,744,744,744,124,316,440,1184
6005,772,772,772,124,316,440,1212
6006,786,784,786,122,318,440,1226
6007,750,754,754,126,318,444,1194
6008,762,760,758,124,316,440,1202
6009,748,750,752,126,318,444,1192
6010,760,758,758,124,318,442,1202
6011,740,742,738,126,314,440,1180
6012,752,754,754,128,314,442,1194
6013,754,752,756,126,318,444,1198
6014,748,746,744,124,316,440,1188
6015,736,738,738,126,316,442,1178
6016,738,738,734,126,312,438,1176
6017,734,736,736,128,312,440,1174
6018,742,742,744,128,314,442,1184
6019,730,730,732,128,316,444,1174
6020,732,732,730,128,314,442,1174
6021,734,734,732,128,312,440,1174
6022,722,724,722,130,310,440,1162
6023,738,736,738,128,312,440,1178
6024,720,720,722,128,314,442,1162
6025,724,724,722,128,312,440,1164
6026,712,712,712,128,312,440,1152
6027,708,708,706,128,310,438,1146
6028,708,710,710,130,310,440,1148
6029,708,708,710,130,312,442,1150
6030,700,700,700,130,312,442,1142
6031,698,696,696,128,312,440,1138
6032,694,696,696,130,312,442,1136
6033,700,698,696,128,310,438,1138
6034,700,702,704,130,312,442,1142
6035,712,712,714,130,314,444,1156
6036,706,704,702,128,312,440,1146
6037,704,706,708,130,314,444,1148
6038,712,710,710,128,314,442,1154
6039,708,712,706,132,308,440,1148
6040,718,714,720,128,314,442,1160
6041,712,714,712,130,312,442,1154
6042,718,716,720,128,316,444,1162
6043,716,716,714,128,314,442,1158
6044,710,712,710,130,312,442,1152
6045,712,712,710,130,310,440,1152
6046,718,716,720,128,314,442,1160
6047,712,714,714,130,314,444,1156
6048,714,714,714,130,314,444,1158
6049,724,722,722,128,314,442,1166
6050,722,722,720,128,312,440,1162
6051,724,726,728,130,314,444,1168
6052,736,734,736,128,316,444,1180
6053,726,728,726,130,314,444,1170
6054,722,720,722,128,316,444,1166
6055,720,720,720,128,316,444,1164
6056,716,718,714,130,312,442,1158
6057,724,724,726,130,314,444,1168
6058,722,722,724,130,316,446,1168
6059,732,730,730,128,316,444,1176
6060,730,728,732,126,320,446,1176
6061,726,730,724,130,314,444,1170
6062,730,728,730,128,316,444,1174
6063,738,740,740,130,316,446,1184
6064,742,742,742,130,316,446,1188
6065,738,738,740,130,318,448,1186
6066,740,740,738,130,316,446,1186
6067,744,744,742,130,314,444,1188
6068,732,732,732,130,314,444,1176
6069,746,746,750,130,318,448,1194
6070,736,736,736,130,318,448,1184
6071,740,736,736,126,318,444,1184
6072,726,730,728,130,316,446,1172
6073,732,730,728,128,314,442,1174
6074,724,728,728,132,314,446,1170
6075,738,734,738,128,318,446,1184
6076,726,728,728,130,318,448,1174
6077,728,726,728,128,320,448,1176
6078,730,732,730,130,318,448,1178
6079,726,726,726,130,318,448,1174
6080,730,730,728,130,316,446,1176
6081,732,732,734,130,318,448,1180
6082,732,732,732,130,318,448,1180
6083,728,726,728,128,320,448,1176
6084,728,728,726,128,318,446,1174
6085,728,728,728,128,318,446,1174
6086,720,724,720,132,314,446,1166
6087,732,730,734,130,318,448,1180
6088,718,718,718,130,318,448,1166
6089,716,716,718,130,320,450,1166
6090,714,712,712,128,320,448,1162
6091,716,718,712,130,314,444,1160
6092,714,714,716,130,316,446,1160
6093,716,718,718,132,316,448,1164
6094,712,710,710,130,316,446,1158
6095,708,706,710,128,320,448,1156
6096,704,704,700,128,316,444,1148
6097,702,704,704,130,316,446,1148
6098,708,708,710,130,318,448,1156
6099,710,710,710,130,318,448,1158
6100,712,712,712,130,318,448,1160
6101,718,716,720,128,322,450,1168
6102,720,720,718,128,320,448,1168
6103,718,716,716,126,320,446,1164
6104,720,724,724,130,320,450,1170
6105,722,720,720,128,320,448,1170
6106,720,720,722,128,322,450,1170
6107,712,714,712,130,320,450,1162
6108,716,716,716,130,320,450,1166
6109,716,716,714,130,318,448,1164
6110,718,718,718,130,318,448,1166
6111,720,720,722,130,320,450,1170
6112,718,718,718,130,320,450,1168
6113,716,716,712,130,316,446,1162
6114,722,722,722,130,316,446,1168
6115,716,714,716,128,318,446,1162
6116,726,726,730,128,322,450,1176
6117,738,738,738,128,322,450,1188
6118,726,728,726,130,320,450,1176
6119,728,726,726,128,320,448,1176
6120,722,722,720,128,318,446,1168
6121,718,720,720,130,318,448,1166
6122,722,722,724,130,320,450,1172
6123,720,716,718,126,322,448,1168
6124,712,716,714,130,320,450,1162
6125,712,710,712,128,322,450,1162
6126,710,712,710,130,320,450,1160
6127,716,714,712,128,318,446,1162
6128,706,710,710,132,318,450,1156
6129,720,716,718,128,320,448,1168
6130,712,712,712,128,320,448,1160
6131,712,714,716,130,322,452,1164
6132,716,716,712,130,318,448,1164
6133,712,712,712,130,318,448,1160
6134,716,714,714,128,318,446,1162
6135,714,716,718,130,320,450,1164
6136,714,714,714,130,320,450,1164
6137,712,712,712,130,320,450,1162
6138,708,708,708,130,320,450,1158
6139,704,704,698,130,314,444,1148
6140,696,698,702,132,318,450,1146
6141,694,692,694,130,320,450,1144
6142,682,682,682,130,320,450,1132
6143,676,676,674,130,318,448,1124
6144,668,670,670,132,318,450,1118
6145,664,666,666,134,318,452,1116
6146,664,664,662,134,316,450,1114
6147,668,664,666,130,318,448,1116
6148,672,672,668,130,314,444,1116
6149,674,676,678,132,316,448,1122
6150,684,682,682,130,316,446,1130
6151,688,690,692,132,318,450,1138
6152,696,692,692,128,318,446,1142
6153,688,690,694,130,322,452,1140
6154,692,692,690,130,320,450,1142
6155,692,694,692,132,318,450,1142
6156,692,690,690,130,318,448,1140
6157,692,694,690,132,314,446,1138
6158,702,700,704,130,318,448,1150
6159,706,706,706,130,318,448,1154
6160,714,714,716,130,320,450,1164
6161,722,720,720,128,320,448,1170
6162,730,732,732,130,320,450,1180
6163,738,738,738,130,320,450,1188
6164,736,734,734,128,320,448,1184
6165,734,734,734,128,320,448,1182
6166,736,738,738,130,320,450,1186
6167,720,722,724,132,322,454,1174
6168,714,712,710,130,320,450,1164
6169,712,710,712,128,322,450,1162
6170,712,712,712,128,322,450,1162
6171,716,720,716,132,318,450,1166
6172,718,714,716,128,320,448,1166
6173,724,726,726,130,320,450,1174
6174,726,728,728,132,320,452,1178
6175,726,722,724,128,322,450,1176
6176,726,728,728,130,322,452,1178
6177,724,724,722,130,320,450,1174
6178,732,732,730,130,318,448,1180
6179,736,738,738,132,318,450,1186
6180,738,736,740,130,322,452,1190
6181,738,736,736,128,322,450,1188
6182,730,734,736,132,324,456,1186
6183,728,728,724,132,320,452,1180
6184,730,728,728,130,320,450,1180
6185,724,724,724,130,320,450,1174
6186,736,736,738,130,322,452,1188
6187,724,724,724,130,322,452,1176
6188,722,722,722,130,322,452,1174
6189,718,716,714,128,320,448,1166
6190,714,716,716,130,320,450,1164
6191,718,718,718,130,320,450,1168
6192,730,728,728,128,320,448,1178
6193,732,732,734,128,322,450,1182
6194,720,722,722,130,322,452,1172
6195,722,724,722,132,320,452,1174
6196,726,724,726,130,322,452,1178
6197,724,726,724,132,320,452,1176
6198,726,722,720,128,318,446,1172
6199,732,734,736,130,320,450,1182
6200,748,748,750,130,322,452,1200
6201,746,746,746,130,322,452,1198
6202,754,754,756,130,324,454,1208
6203,748,746,744,128,322,450,1198
6204,758,760,758,130,320,450,1208
6205,756,756,758,130,322,452,1208
6206,758,756,758,128,324,452,1210
6207,748,750,748,130,322,452,1200
6208,748,746,744,128,320,448,1196
6209,740,742,738,130,316,446,1186
6210,734,734,734,130,316,446,1180
6211,742,742,742,130,316,446,1188
6212,744,744,744,130,316,446,1190
6213,734,736,736,132,316,448,1182
6214,750,746,750,128,320,448,1198
6215,714,716,718,130,322,452,1166
6216,696,698,698,132,322,454,1150
6217,684,684,682,132,320,452,1136
6218,670,670,672,132,322,454,1124
6219,662,662,660,132,320,452,1114
6220,654,656,652,134,316,450,1104
6221,666,664,662,132,314,446,1112
6222,664,666,666,134,314,448,1112
6223,688,684,690,130,320,450,1138
6224,688,688,690,130,322,452,1140
6225,700,700,700,130,322,452,1152
6226,708,708,710,130,324,454,1162
6227,720,720,718,130,322,452,1172
6228,728,728,728,130,322,452,1180
6229,722,720,720,128,322,450,1172
6230,726,728,728,130,322,452,1178
6231,734,734,736,130,324,454,1188
6232,726,726,726,130,324,454,1180
6233,724,722,722,128,324,452,1176
6234,722,722,722,128,324,452,1174
6235,716,718,718,130,324,454,1170
6236,724,722,722,128,324,452,1176
6237,722,724,722,130,322,452,1174
6238,732,732,732,130,322,452,1184
6239,738,738,740,130,324,454,1192
6240,742,740,742,128,326,454,1196
6241,748,750,748,130,324,454,1202
6242,756,754,756,128,326,454,1210
6243,752,752,752,128,326,454,1206
6244,750,750,746,128,322,450,1200
6245,734,734,736,128,324,452,1186
6246,740,742,742,130,324,454,1194
6247,736,736,736,130,324,454,1190
6248,734,732,734,128,326,454,1188
6249,726,728,728,130,326,456,1182
6250,716,718,712,132,320,452,1168
6251,712,712,712,132,320,452,1164
6252,706,704,704,130,320,450,1156
6253,694,696,696,132,320,452,1146
6254,694,692,696,130,324,454,1148
6255,696,698,696,132,322,454,1150
6256,702,702,704,132,324,456,1158
6257,710,710,708,132,322,454,1164
6258,714,714,714,132,322,454,1168
6259,730,728,724,130,318,448,1178
6260,736,734,738,128,322,450,1186
6261,760,762,766,130,326,456,1216
6262,762,762,762,130,326,456,1218
6263,766,764,764,128,326,454,1220
6264,760,760,760,128,326,454,1214
6265,758,760,756,130,322,452,1210
6266,776,774,778,128,326,454,1230
6267,762,764,762,130,324,454,1216
6268,758,758,760,130,326,456,1214
6269,768,768,768,130,326,456,1224
6270,760,760,758,130,324,454,1214
6271,760,760,758,130,322,452,1212
6272,772,772,774,130,324,454,1226
6273,764,762,764,128,326,454,1218
6274,768,770,770,130,326,456,1224
6275,768,768,766,130,324,454,1222
6276,760,760,760,130,324,454,1214
6277,768,768,770,130,326,456,1224
6278,766,766,764,130,324,454,1220
6279,776,776,778,130,326,456,1232
6280,770,770,770,130,326,456,1226
6281,770,770,770,130,326,456,1226
6282,778,778,778,130,326,456,1234
6283,770,770,768,130,324,454,1224
6284,780,780,780,130,324,454,1234
6285,778,778,778,130,324,454,1232
6286,800,798,800,128,326,454,1254
6287,796,798,798,130,326,456,1252
6288,800,800,802,130,328,458,1258
6289,800,802,800,132,326,458,1258
6290,798,794,796,128,328,456,1254
6291,778,782,778,132,324,456,1234
6292,784,782,784,130,326,456,1240
6293,784,782,782,128,326,454,1238
6294,782,784,786,130,328,458,1240
6295,770,772,768,132,324,456,1226
6296,772,768,772,128,328,456,1228
6297,770,772,768,130,324,454,1224
6298,764,762,764,128,326,454,1218
6299,760,762,762,130,326,456,1216
6300,752,752,754,130,328,458,1210
6301,746,746,744,130,326,456,1202
6302,740,740,738,130,324,454,1194
6303,744,744,742,130,322,452,1196
6304,736,734,738,128,326,454,1190
6305,742,744,742,130,324,454,1196
6306,754,754,756,130,326,456,1210
6307,756,756,756,130,326,456,1212
6308,774,776,776,132,326,458,1232
6309,770,770,768,132,324,456,1226
6310,768,764,766,128,326,454,1222
6311,782,784,786,130,328,458,1240
6312,784,784,784,130,328,458,1242
6313,786,786,786,130,328,458,1244
6314,770,770,770,130,328,458,1228
6315,770,768,766,128,326,454,1224
6316,770,772,772,130,326,456,1226
6317,762,760,762,128,328,456,1218
6318,760,762,762,130,328,458,1218
6319,758,760,756,132,324,456,1214
6320,762,762,764,132,326,458,1220
6321,760,758,756,130,324,454,1214
6322,766,764,766,128,326,454,1220
6323,752,754,756,130,328,458,1210
6324,752,752,750,130,326,456,1208
6325,744,746,744,132,324,456,1200
6326,740,738,738,130,324,454,1194
6327,734,734,734,130,324,454,1188
6328,736,738,738,132,324,456,1192
6329,734,732,734,130,326,456,1190
6330,734,734,734,130,326,456,1190
6331,734,734,732,130,324,454,1188
6332,730,732,730,132,322,454,1184
6333,740,738,740,130,324,454,1194
6334,744,744,746,130,326,456,1200
6335,748,748,748,130,326,456,1204
6336,746,746,746,130,326,456,1202
6337,738,740,738,132,324,456,1194
6338,746,744,744,130,324,454,1200
6339,722,720,718,128,322,450,1172
6340,716,718,718,130,322,452,1168
6341,702,708,706,136,320,456,1158
6342,704,696,700,128,324,452,1156
6343,692,690,690,126,324,450,1142
6344,684,686,682,128,320,448,1132
6345,672,676,678,132,322,454,1126
6346,670,668,668,130,322,452,1122
6347,654,656,656,132,322,454,1108
6348,650,656,654,138,320,458,1108
6349,648,642,640,132,318,450,1098
6350,642,640,638,130,316,446,1088
6351,636,640,638,134,314,448,1084
6352,644,640,644,130,318,448,1092
6353,644,644,646,130,320,450,1094
6354,652,650,650,128,320,448,1100
6355,654,654,656,128,322,450,1104
6356,668,668,666,128,320,448,1116
6357,670,670,670,128,320,448,1118
6358,678,680,682,130,322,452,1130
6359,680,676,678,126,324,450,1130
6360,678,682,680,130,322,452,1130
6361,686,684,686,128,324,452,1138
6362,684,686,684,130,322,452,1136
6363,688,686,688,128,324,452,1140
6364,680,680,678,128,322,450,1130
6365,678,676,676,126,322,448,1126
6366,674,674,672,126,320,446,1120
6367,668,672,672,130,320,450,1118
6368,658,656,658,128,322,450,1108
6369,654,654,654,128,322,450,1104
6370,648,652,650,132,320,452,1100
6371,646,646,646,132,320,452,1098
6372,646,646,646,132,320,452,1098
6373,652,650,650,130,320,450,1102
6374,658,658,658,130,320,450,1108
6375,674,670,670,126,320,446,1120
6376,676,678,678,128,320,448,1124
6377,694,694,698,128,324,452,1146
6378,704,704,706,128,326,454,1158
6379,716,716,714,128,324,452,1168
6380,724,724,726,128,326,454,1178
6381,730,728,728,126,326,452,1182
6382,734,734,730,126,322,448,1182
6383,730,734,734,130,322,452,1182
6384,734,732,734,128,324,452,1186
6385,734,734,734,128,324,452,1186
6386,736,734,736,126,326,452,1188
6387,732,734,732,128,324,452,1184
6388,744,744,742,128,322,450,1194
6389,740,738,740,126,324,450,1190
6390,750,752,752,128,324,452,1202
6391,764,762,764,126,326,452,1216
6392,792,792,794,126,328,454,1246
6393,784,784,784,126,328,454,1238
6394,780,782,778,128,324,452,1232
6395,774,774,776,128,326,454,1228
6396,782,782,782,128,326,454,1236
6397,774,774,774,128,326,454,1228
6398,770,770,770,128,326,454,1224
6399,780,780,780,128,326,454,1234
6400,786,786,784,128,324,452,1238
6401,782,782,782,128,324,452,1234
6402,792,792,794,128,326,454,1246
6403,780,782,782,130,326,456,1236
6404,794,792,792,128,326,454,1248
6405,790,788,788,126,326,452,1242
6406,788,790,788,128,324,452,1240
6407,782,782,782,128,324,452,1234
6408,794,796,798,130,326,456,1250
6409,786,786,784,130,324,454,1240
6410,786,784,788,128,328,456,1242
6411,788,790,786,130,324,454,1242
6412,782,782,782,130,324,454,1236
6413,790,788,788,128,324,452,1242
6414,812,812,814,128,326,454,1266
6415,796,796,796,128,326,454,1250
6416,802,802,802,128,326,454,1256
6417,788,788,788,128,326,454,1242
6418,774,776,772,130,322,452,1226
6419,784,782,784,128,324,452,1236
6420,776,778,780,130,326,456,1232
6421,784,782,784,128,328,456,1240
6422,780,780,780,128,328,456,1236
6423,778,780,774,130,322,452,1230
6424,766,766,766,130,322,452,1218
6425,770,770,772,130,324,454,1224
6426,772,772,772,130,324,454,1226
6427,792,790,792,128,326,454,1246
6428,744,752,748,136,322,458,1202
6429,684,754,754,191,322,513,1212
6430,722,762,762,196.5,322,519.5,1290
6431,814,770,772,163.25,324,485.75,1340
6432,848,776,774,130,322,452,1300
6433,754,758,760,134,324,458,1212
6434,740,738,740,132,326,458,1198
6435,734,730,728,128,324,452,1186
6436,710,712,710,130,322,452,1162
6437,646,712,708,130,318,453,1160
6438,766,700,706,130,324,454,1220
6439,622,690,688,132,322,454,1142
6440,748,684,682,134,320,454,1202
6441,686,678,684,126,326,452,1138
6442,616,672,668,127,322,453,1120
6443,714,660,664,128,326,454,1168
6444,652,656,650,132,320,452,1104
6445,650,648,644,130,316,446,1096
6446,636,640,642,134,318,452,1088
6447,640,630,632,124,320,444,1084
6448,624,628,626,128,318,446,1070
6449,614,620,620,134,318,452,1066
6450,614,612,612,132,318,450,1064
6451,616,612,608,128,314,442,1058
6452,600,604,610,132,320,452,1052
6453,574,604,596,146,312,474,1048
6454,610,608,614,138,318,478,1088
6455,646,616,612,130,314,444,1090
6456,618,622,634,134,326,460,1078
6457,594,626,628,128,328,451,1088
6458,676,632,624,122,320,442,1118
6459,586,638,640,125,322,446,1082
6460,692,646,646,128,322,450,1142
6461,664,664,670,128,328,456,1120
6462,678,668,668,152,328,446,1124
6463,614,672,682,138,338,457,1128
6464,716,664,670,124,344,468,1184
6465,656,654,648,122,338,460,1116
6466,602,654,654,132,338,466,1114
6467,678,646,638,142,330,472,1150
6468,612,640,640,135,330,468,1112
6469,680,638,644,128,336,464,1144
6470,636,638,640,130,338,468,1104
6471,634,634,632,130,336,466,1100
6472,638,638,634,130,332,462,1100
6473,644,640,638,126,330,456,1100
6474,648,648,652,126,334,460,1108
6475,656,656,656,126,334,460,1116
6476,660,662,660,128,332,460,1120
6477,668,666,670,126,336,462,1130
6478,690,690,688,126,334,460,1150
6479,698,696,694,124,332,456,1154
6480,708,706,710,122,336,458,1166
6481,732,732,740,122,344,466,1198
6482,720,722,702,124,324,448,1168
6483,716,714,712,122,322,444,1160
6484,736,736,742,122,328,450,1186
6485,736,738,748,124,338,462,1198
6486,744,744,746,124,340,464,1208
6487,758,758,750,124,332,456,1214
6488,686,750,752,125,334,461,1208
6489,842,780,786,126,340,466,1308
6490,674,736,722,126,326,458,1188
6491,746,684,682,126,324,450,1196
6492,696,694,698,124,328,452,1148
6493,680,686,688,130,330,460,1140
6494,678,674,666,126,322,448,1126
6495,670,672,674,128,324,452,1122
6496,672,672,668,128,320,448,1120
6497,668,672,672,132,320,452,1120
6498,682,678,682,128,324,452,1134
6499,686,684,682,126,322,448,1134
6500,672,676,680,130,326,456,1128
6501,682,678,672,126,320,446,1128
6502,670,676,674,132,318,450,1120
6503,672,666,662,126,314,440,1112
6504,662,666,680,130,328,458,1120
6505,618,662,642,129,308,482,1100
6506,710,664,680,128,324,452,1162
6507,618,670,670,122,324,447,1122
6508,712,648,650,129,326,442,1154
6509,622,642,636,136,320,456,1078
6510,638,632,626,130,314,444,1082
6511,624,630,632,136,316,452,1076
6512,636,632,630,132,314,446,1082
6513,628,630,632,134,316,450,1078
6514,632,634,632,136,314,450,1082
6515,606,638,642,132,318,449,1092
6516,676,636,638,128,320,448,1124
6517,648,644,642,124,318,442,1090
6518,646,648,650,126,320,446,1092
6519,646,642,642,122,320,442,1088
6520,628,636,632,130,316,446,1074
6521,640,642,640,132,314,446,1086
6522,646,646,646,132,314,446,1092
6523,660,654,656,126,316,442,1102
6524,650,654,658,130,320,450,1100
6525,668,664,662,126,318,444,1112
6526,678,682,684,130,320,450,1128
6527,698,694,694,126,320,446,1144
6528,706,706,708,126,322,448,1154
6529,694,696,698,128,324,452,1146
6530,698,698,696,128,322,450,1148
6531,704,700,700,124,322,446,1150
6532,708,710,710,126,322,448,1156
6533,702,702,702,126,322,448,1150
6534,684,682,682,124,322,446,1130
6535,690,692,688,126,318,444,1134
6536,702,700,700,124,318,442,1144
6537,702,704,706,126,320,446,1148
6538,652,708,706,137,318,456,1152
6539,728,694,694,131.5,318,466,1194
6540,712,690,688,126,316,442,1154
6541,696,696,700,126,320,446,1142
6542,704,706,702,128,316,444,1148
6543,712,712,712,128,316,444,1156
6544,640,702,706,126,320,443,1150
6545,764,698,696,124,318,442,1206
6546,696,700,698,128,316,444,1140
6547,712,712,708,128,312,440,1152
6548,720,716,724,124,320,444,1164
6549,692,706,700,138,314,452,1144
6550,710,698,698,126,314,440,1150
6551,700,702,702,128,314,442,1142
6552,710,708,708,126,314,440,1150
6553,706,706,706,126,314,440,1146
6554,690,696,694,132,312,444,1134
6555,684,688,694,136,318,454,1138
6556,692,686,682,130,314,444,1136
6557,692,686,682,124,310,434,1126
6558,686,690,692,128,312,440,1126
6559,694,694,696,128,314,442,1136
6560,694,696,696,130,314,444,1138
6561,684,682,680,128,312,440,1124
6562,684,684,686,128,314,442,1126
6563,686,688,686,130,312,442,1128
6564,694,692,692,128,312,440,1134
6565,690,692,692,130,312,442,1132
6566,686,684,688,128,316,444,1130
6567,680,680,678,128,314,442,1122
6568,690,692,690,130,312,442,1132
6569,696,692,696,126,316,442,1138
6570,702,702,698,126,312,438,1140
6571,690,694,696,130,314,444,1134
6572,680,684,684,134,314,448,1128
6573,702,692,692,124,314,438,1140
6574,698,700,698,126,312,438,1136
6575,708,708,710,126,314,440,1148
6576,692,700,700,134,314,448,1140
6577,698,690,690,126,314,440,1138
6578,696,698,698,128,314,442,1138
6579,706,706,704,128,312,440,1146
6580,706,706,704,128,310,438,1144
6581,696,696,698,128,312,440,1136
6582,686,686,686,128,312,440,1126
6583,686,690,690,132,312,444,1130
6584,694,690,692,128,314,442,1136
6585,708,704,702,124,312,436,1144
6586,700,700,700,124,312,436,1136
6587,702,706,706,128,312,440,1142
6588,696,698,698,130,312,442,1138
6589,704,698,700,124,314,438,1142
6590,690,698,696,132,312,444,1134
6591,708,704,704,128,312,440,1148
6592,704,706,706,130,312,442,1146
6593,696,696,698,130,314,444,1140
6594,700,694,694,124,314,438,1138
6595,696,700,698,128,312,440,1136
6596,696,698,700,130,314,444,1140
6597,704,698,696,124,312,436,1140
6598,694,696,696,126,312,438,1132
6599,680,686,686,132,312,444,1124
6600,682,678,678,128,312,440,1122
6601,684,682,682,126,312,438,1122
6602,685,686,686,127,312,439,1124
6603,683,692,692,136,312,448,1131
6604,698,690,690,128,312,440,1138
6605,682,682,684,128,314,442,1124
6606,684,684,686,128,316,444,1128
6607,680,684,680,132,312,444,1124
6608,636,684,686,131,314,444,1130
6609,744,694,694,130,314,444,1188
6610,696,694,694,128,314,442,1138
6611,686,688,690,130,316,446,1132
6612,698,702,700,134,314,448,1146
6613,710,706,706,130,314,444,1154
6614,710,704,704,124,314,438,1148
6615,700,700,700,124,314,438,1138
6616,678,682,684,128,316,444,1122
6617,692,690,686,126,312,438,1130
6618,686,684,686,124,314,438,1124
6619,688,690,688,126,312,438,1126
6620,692,690,688,124,310,434,1126
6621,680,684,688,128,314,442,1122
6622,682,684,686,130,316,446,1128
6623,698,696,692,128,312,440,1138
6624,710,708,712,126,316,442,1152
6625,732,732,732,126,316,442,1174
6626,708,714,716,132,318,450,1158
6627,732,726,726,126,318,444,1176
6628,750,752,750,128,316,444,1194
6629,768,766,768,126,318,444,1212
6630,782,780,782,124,320,444,1226
6631,730,742,742,136,320,456,1186
6632,724,730,726,142,316,458,1182
6633,742,730,732,130,318,448,1190
6634,738,736,734,128,316,444,1182
6635,730,730,730,128,316,444,1174
6636,700,716,718,128,318,462,1162
6637,722,706,702,128,314,442,1164
6638,714,714,718,128,318,446,1160
6639,720,720,718,128,316,444,1164
6640,722,720,718,126,314,440,1162
6641,722,726,730,130,318,448,1170
6642,702,702,700,130,316,446,1148
6643,716,712,714,126,318,444,1160
6644,714,716,712,128,314,442,1156
6645,718,716,716,126,314,440,1158
6646,692,696,698,130,316,446,1138
6647,696,694,692,128,314,442,1138
6648,710,714,716,132,316,448,1158
6649,714,712,712,130,316,446,1160
6650,720,718,720,128,318,446,1166
6651,714,710,710,124,318,442,1156
6652,694,698,696,128,316,444,1138
6653,694,696,694,130,314,444,1138
6654,708,706,708,128,316,444,1152
6655,716,712,712,124,316,440,1156
6656,714,718,720,128,318,446,1160
6657,724,734,734,138,318,456,1180
6658,730,720,718,128,316,444,1174
6659,706,706,708,128,318,446,1152
6660,724,722,720,126,316,442,1166
6661,726,728,730,128,318,446,1172
6662,758,756,756,126,318,444,1202
6663,742,744,744,128,318,446,1188
6664,734,734,736,128,320,448,1182
6665,748,748,746,128,318,446,1194
6666,742,742,744,128,320,448,1190
6667,750,752,750,130,318,448,1198
6668,730,730,730,130,318,448,1178
6669,706,710,710,134,318,452,1158
6670,720,716,716,130,318,448,1168
6671,712,714,712,132,316,448,1160
6672,720,718,718,130,316,446,1166
6673,714,714,718,130,320,450,1164
6674,698,700,694,132,314,446,1144
6675,714,710,712,128,316,444,1158
6676,706,706,706,128,316,444,1150
6677,646,698,698,127,316,440,1142
6678,756,702,696,126,310,436,1192
6679,712,712,720,126,318,444,1156
6680,696,698,704,128,324,452,1148
6681,676,680,676,132,320,452,1128
6682,682,676,674,126,318,444,1126
6683,658,660,660,128,318,446,1104
6684,652,648,648,124,318,442,1094
6685,636,642,642,130,318,448,1084
6686,592,634,622,139,306,478,1070
6687,654,630,638,136.5,314,462,1116
6688,636,622,622,134,314,448,1084
6689,620,620,620,134,314,448,1068
6690,604,612,610,142,312,454,1058
6691,588,612,616,148,316,482,1070
6692,624,612,610,151,314,468,1092
6693,606,606,612,142.5,320,474,1080
6694,628,608,610,134,322,456,1084
6695,596,606,604,139,320,464,1060
6696,596,596,596,141.5,320,464,1060
6697,600,600,598,149.75,318,462,1062
6698,590,604,614,114.375,328,433.5,1076
6699,685,606,604,121.188,326,443.75,1090
6700,567,616,616,128,326,454,1021
6701,626,624,632,126,334,460,1086
6702,624,628,630,130,336,466,1090
6703,646,640,638,124,334,458,1104
6704,642,648,658,130,344,474,1116
6705,650,648,646,128,342,470,1120
6706,612,646,650,128,346,469,1120
6707,678,644,638,128,340,468,1146
6708,638,638,634,128,336,464,1102
6709,638,636,640,126,340,466,1104
6710,596,634,636,125,342,463,1102
6711,676,636,630,124,336,460,1136
6712,594,630,634,126,340,461,1094
6713,660,628,622,128,334,462,1122
6714,596,630,626,146,330,479,1088
6715,628,630,632,136,332,469.5,1124
6716,674,636,638,126,334,460,1134
6717,598,640,640,146,334,480,1100
6718,640,638,638,156,334,487,1140
6719,638,638,632,139,328,469.5,1132
6720,686,642,644,122,330,452,1138
6721,644,648,646,126,328,454,1098
6722,642,646,648,130,330,460,1102
6723,606,650,650,150,330,479,1110
6724,644,640,638,139,328,466.5,1142
6725,686,644,642,128,326,454,1140
6726,646,644,644,126,326,452,1098
6727,642,640,644,124,330,454,1096
6728,644,646,638,126,322,448,1092
6729,648,644,646,122,324,446,1094
6730,600,640,636,147,320,482,1082
6731,632,642,640,135.5,318,464,1122
6732,698,650,654,124,322,446,1144
6733,658,656,656,122,322,444,1102
6734,652,656,664,126,330,456,1108
6735,668,666,660,124,324,448,1116
6736,598,650,654,149,328,468,1102
6737,648,646,632,161.5,314,478,1136
6738,640,640,640,163.75,314,484,1128
6739,638,630,640,164.875,324,487,1128
6740,628,628,628,146.438,324,470.5,1118
6741,658,620,622,128,326,454,1112
6742,614,614,610,128,322,450,1064
6743,582,608,606,145,320,474,1056
6744,594,602,606,151.5,324,473,1080
6745,610,606,596,141.75,314,472,1082
6746,632,606,606,132,314,446,1078
6747,636,634,638,130,318,448,1084
6748,654,648,656,124,326,450,1104
6749,642,644,644,126,326,452,1094
6750,670,662,672,146,336,454,1124
6751,598,646,646,159,336,482,1100
6752,644,650,652,161.5,338,489,1154
6753,650,642,636,165.75,332,494.5,1146
6754,638,644,642,142.875,330,472.25,1138
6755,696,646,646,120,330,450,1146
6756,644,646,648,122,332,454,1098
6757,648,646,650,120,336,456,1104
6758,588,626,628,140,338,475,1084
6759,630,632,628,155,334,489.5,1124
6760,622,632,632,139.5,334,471.75,1126
6761,676,630,626,124,330,454,1130
6762,630,630,628,124,328,452,1082
6763,630,632,634,126,330,456,1086
6764,632,632,634,126,332,458,1090
6765,598,638,632,149,326,476,1090
6766,636,642,638,137.5,322,464,1130
6767,692,646,650,126,326,452,1144
6768,654,652,654,124,328,452,1106
6769,606,656,652,149,324,476,1104
6770,646,646,648,163.5,326,490,1146
6771,642,646,646,168.75,326,496,1146
6772,650,646,648,146.375,328,476,1152
6773,692,642,646,124,332,456,1148
6774,592,634,624,125,322,449,1080
6775,680,640,634,126,316,442,1122
6776,650,644,644,120,316,436,1086
6777,652,656,654,124,314,438,1090
6778,606,658,662,150,318,466,1100
6779,656,656,656,136,318,454,1150
6780,724,670,672,122,320,442,1166
6781,620,676,676,147,320,468,1118
6782,684,678,680,135.5,322,457,1178
6783,722,674,674,124,322,446,1168
6784,668,666,668,122,324,446,1114
6785,638,642,642,126,324,450,1088
6786,652,648,644,122,320,442,1094
6787,626,634,632,130,318,448,1074
6788,630,630,630,130,318,448,1078
6789,638,634,628,126,312,438,1076
6790,642,642,644,126,314,440,1082
6791,648,648,646,126,312,438,1086
6792,642,650,652,134,314,448,1090
6793,628,666,672,134,320,452,1120
6794,748,710,712,134,322,456,1204
6795,732,714,718,159,326,442,1174
6796,678,746,748,154.5,328,459,1190
6797,760,726,724,175.25,326,476,1236
6798,670,716,722,174.625,332,495,1198
6799,718,696,704,179.312,340,501.5,1232
6800,678,688,672,178.656,324,507.75,1186
6801,676,670,682,151.328,336,477.875,1190
6802,706,652,640,124,324,448,1154
6803,586,638,632,137,318,454,1080
6804,656,630,622,135.5,310,460,1116
6805,644,628,638,134,320,454,1098
6806,582,622,614,155,312,472,1068
6807,618,620,622,143.5,314,463,1108
6808,658,614,622,132,322,454,1112
6809,574,606,594,134,310,474,1048
6810,630,602,606,136,314,450,1080
6811,606,606,604,136,312,448,1054
6812,612,608,612,132,316,448,1060
6813,614,624,626,142,318,460,1074
6814,658,642,646,126,322,448,1106
6815,668,676,674,134,320,454,1122
6816,750,752,758,136,326,462,1212
6817,802,884,890,151,332,482,1352
6818,918,866,870,203.5,336,538,1420
6819,792,882,884,159.75,338,499,1386
6820,815,900,906,167.875,344,460,1372
6821,838,898,898,182.938,344,499,1358
6822,840,862,858,151.469,340,477.5,1378
6823,882,804,800,120,336,456,1338
6824,778,780,780,122,336,458,1236
6825,732,744,738,134,330,464,1196
6826,718,708,700,124,322,446,1164
6827,726,718,726,127,330,446,1172
6828,692,706,702,130,326,456,1148
6829,704,700,702,126,328,454,1158
6830,644,696,698,126,330,455,1152
6831,740,688,688,126,330,456,1196
6832,688,688,684,126,326,452,1140
6833,618,676,672,128,322,453,1124
6834,730,676,678,130,324,454,1184
6835,686,682,680,126,322,448,1134
6836,680,682,684,128,324,452,1132
6837,642,704,702,129,322,453,1154
6838,760,700,702,130,324,454,1214
6839,760,748,752,129,328,446,1206
6840,726,736,732,128,324,452,1178
6841,754,758,760,132,326,458,1212
6842,716,718,712,134,320,454,1170
6843,740,732,738,126,326,452,1192
6844,726,728,726,128,324,452,1178
6845,718,720,720,130,324,454,1172
6846,700,704,698,134,318,452,1152
6847,676,690,690,157,318,466,1142
6848,656,688,688,144.5,318,460,1154
6849,746,698,702,132,322,454,1200
6850,680,682,682,134,322,456,1136
6851,676,678,676,136,320,456,1132
6852,678,672,670,130,318,448,1126
6853,666,664,664,128,318,446,1112
6854,668,672,668,132,314,446,1114
6855,680,686,686,138,314,452,1132
6856,704,696,700,130,318,448,1152
6857,728,728,730,130,320,450,1178
6858,724,722,724,128,322,450,1174
6859,754,754,756,128,324,452,1206
6860,760,758,760,126,326,452,1212
6861,762,762,760,126,324,450,1212
6862,770,772,772,128,324,452,1222
6863,776,776,776,128,324,452,1228
6864,774,774,774,128,324,452,1226
6865,790,788,792,126,328,454,1244
6866,800,802,798,128,324,452,1252
6867,796,798,800,130,326,456,1252
6868,836,832,836,126,330,456,1292
6869,870,872,872,128,330,458,1328
6870,880,874,876,122,332,454,1334
6871,832,838,834,128,328,456,1288
6872,828,828,828,128,328,456,1284
6873,836,832,834,124,330,454,1290
6874,842,844,844,126,330,456,1298
6875,846,846,846,126,330,456,1302
6876,796,798,796,128,328,456,1252
6877,826,824,826,126,330,456,1282
6878,812,812,812,126,330,456,1268
6879,790,792,790,128,328,456,1246
6880,820,818,820,126,330,456,1276
6881,790,790,788,126,328,454,1244
6882,796,798,798,128,328,456,1252
6883,804,802,804,126,330,456,1260
6884,806,806,806,126,330,456,1262
6885,794,794,794,126,330,456,1250
6886,782,786,784,130,328,458,1240
6887,806,804,806,128,330,458,1264
6888,798,798,798,128,330,458,1256
6889,806,806,806,128,330,458,1264
6890,814,812,814,126,332,458,1272
6891,806,808,806,128,330,458,1264
6892,828,824,826,124,332,456,1284
6893,834,840,840,130,332,462,1296
6894,816,816,816,130,332,462,1278
6895,826,822,822,126,332,458,1284
6896,752,816,814,127,330,459,1272
6897,872,810,812,128,332,460,1332
6898,816,814,816,126,334,460,1276
6899,800,804,802,130,332,462,1262
6900,828,828,828,130,332,462,1290
6901,814,812,812,128,332,460,1274
6902,804,806,806,130,332,462,1266
6903,818,816,818,128,334,462,1280
6904,808,810,808,130,332,462,1270
6905,820,816,818,126,334,460,1280
6906,800,802,800,128,332,460,1260
6907,800,800,800,128,332,460,1260
6908,812,812,814,128,334,462,1274
6909,820,820,822,128,336,464,1284
6910,830,832,830,130,334,464,1294
6911,802,804,800,132,330,462,1264
6912,816,814,818,130,334,464,1280
6913,844,840,844,126,338,464,1308
6914,816,818,814,128,334,462,1278
6915,828,826,830,126,338,464,1292
6916,812,816,812,130,334,464,1276
6917,782,780,780,128,334,462,1244
6918,826,826,828,128,336,464,1290
6919,794,794,794,128,336,464,1258
6920,812,812,812,128,336,464,1276
6921,786,786,784,128,334,462,1248
6922,782,782,784,128,336,464,1246
6923,808,808,808,128,336,464,1272
6924,790,790,790,128,336,464,1254
6925,820,820,820,128,336,464,1284
6926,800,800,798,128,334,462,1262
6927,788,788,790,128,336,464,1252
6928,826,826,828,128,338,466,1292
6929,804,804,802,128,336,464,1268
6930,816,816,816,128,336,464,1280
6931,794,794,792,128,334,462,1256
6932,792,792,794,128,336,464,1256
6933,790,788,790,126,338,464,1254
6934,778,780,778,128,336,464,1242
6935,782,782,782,128,336,464,1246
6936,782,782,780,128,334,462,1244
6937,768,770,770,130,334,464,1232
6938,808,804,810,126,340,466,1274
6939,786,788,786,128,338,466,1252
6940,800,800,800,128,338,466,1266
6941,786,788,786,130,336,466,1252
6942,794,792,790,128,334,462,1256
6943,772,774,774,130,334,464,1236
6944,786,786,788,130,336,466,1252
6945,772,772,770,130,334,464,1236
6946,782,782,782,130,334,464,1246
6947,780,780,780,130,334,464,1244
6948,832,830,836,128,340,468,1300
6949,822,822,820,128,338,466,1288
6950,822,824,826,130,340,470,1292
6951,808,806,804,128,338,466,1274
6952,798,800,798,130,336,466,1264
6953,796,794,796,128,338,466,1262
6954,798,800,800,130,338,468,1266
6955,784,784,784,130,338,468,1252
6956,788,786,784,128,336,464,1252
6957,784,786,786,130,336,466,1250
6958,772,770,770,128,336,464,1236
6959,792,792,794,128,338,466,1258
6960,782,782,782,128,338,466,1248
6961,794,794,794,128,338,466,1260
6962,782,784,782,130,336,466,1248
6963,780,778,778,128,336,464,1244
6964,786,788,790,130,338,468,1254
6965,782,782,780,130,336,466,1248
6966,782,780,782,128,338,466,1248
6967,792,794,792,130,336,466,1258
6968,788,786,786,128,336,464,1252
6969,772,774,774,130,336,466,1238
6970,768,766,768,128,338,466,1234
6971,746,748,744,130,334,464,1210
6972,738,738,736,130,332,462,1200
6973,728,720,724,122,336,458,1186
6974,710,716,714,128,334,462,1172
6975,718,718,714,128,330,458,1176
6976,726,732,736,134,334,468,1194
6977,692,740,738,133,332,467,1206
6978,802,752,754,132,334,466,1268
6979,742,738,738,128,334,462,1204
6980,676,744,746,129,336,464,1208
6981,816,750,750,130,336,466,1282
6982,754,740,738,128,334,450,1204
6983,712,722,720,126,332,458,1170
6984,712,716,718,130,334,464,1176
6985,710,710,708,130,332,462,1172
6986,706,706,706,130,332,462,1168
6987,706,708,704,132,328,460,1166
6988,710,710,710,132,328,460,1170
6989,722,718,722,128,332,460,1182
6990,726,726,728,128,334,462,1188
6991,738,740,740,130,334,464,1202
6992,750,750,752,130,336,466,1216
6993,774,776,774,132,334,466,1240
6994,782,778,778,128,334,462,1244
6995,782,784,786,130,336,466,1248
6996,790,788,792,128,340,468,1258
6997,792,794,792,130,338,468,1260
6998,800,796,798,126,340,466,1266
6999,784,784,784,126,340,466,1250
7000,784,786,782,128,336,464,1248
7001,780,780,780,128,336,464,1244
7002,786,788,790,130,338,468,1254
7003,788,788,788,130,338,468,1256
7004,796,796,798,130,340,470,1266
7005,798,798,796,130,338,468,1266
7006,784,784,782,130,336,466,1250
7007,788,788,788,130,336,466,1254
7008,792,792,794,130,338,468,1260
7009,788,788,788,130,338,468,1256
7010,808,810,810,132,338,470,1278
7011,800,800,798,132,336,468,1268
7012,790,786,786,128,336,464,1254
7013,782,782,784,128,338,466,1248
7014,798,800,800,130,338,468,1266
7015,796,794,796,128,340,468,1264
7016,798,800,800,130,340,470,1268
7017,808,806,806,128,340,468,1276
7018,790,792,790,130,338,468,1258
7019,808,808,808,130,338,468,1276
7020,792,790,792,128,340,468,1260
7021,806,808,806,130,338,468,1274
7022,782,780,780,128,338,466,1248
7023,778,778,776,128,336,464,1242
7024,776,778,778,130,336,466,1242
7025,770,770,770,130,336,466,1236
7026,768,766,768,128,338,466,1234
7027,778,778,778,128,338,466,1244
7028,782,784,784,130,338,468,1250
7029,774,774,772,130,336,466,1240
7030,782,782,784,130,338,468,1250
7031,786,784,784,128,338,466,1252
7032,784,784,786,128,340,468,1252
7033,780,778,774,126,336,462,1242
7034,766,768,766,128,334,462,1228
7035,764,764,766,128,336,464,1228
7036,752,754,754,130,336,466,1218
7037,764,764,764,130,336,466,1230
7038,768,766,768,128,338,466,1234
7039,766,766,762,128,334,462,1228
7040,758,758,758,128,334,462,1220
7041,770,770,772,128,336,464,1234
7042,762,764,764,130,336,466,1228
7043,764,764,762,130,334,464,1228
7044,764,762,764,128,336,464,1228
7045,754,756,754,130,334,464,1218
7046,768,766,768,128,336,464,1232
7047,756,760,758,132,334,466,1222
7048,758,756,756,130,334,464,1222
7049,756,756,758,130,336,466,1222
7050,756,756,752,130,332,462,1218
7051,752,750,752,128,334,462,1214
7052,754,754,754,128,334,462,1216
7053,752,752,752,128,334,462,1214
7054,764,764,764,128,334,462,1226
7055,750,750,748,128,332,460,1210
7056,752,752,752,128,332,460,1212
7057,758,760,762,130,334,464,1222
7058,750,750,750,130,334,464,1214
7059,750,750,750,130,334,464,1214
7060,746,746,744,130,332,462,1208
7061,736,736,736,130,332,462,1198
7062,742,742,742,130,332,462,1204
7063,740,738,740,128,334,462,1202
7064,736,738,734,130,330,460,1196
7065,734,732,734,128,332,460,1194
7066,746,748,746,130,330,460,1206
7067,736,736,738,130,332,462,1198
7068,750,748,750,128,334,462,1212
7069,744,746,744,130,332,462,1206
7070,744,744,746,130,334,464,1208
7071,754,752,750,128,332,460,1214
7072,758,758,758,128,332,460,1218
7073,762,762,764,128,334,462,1224
7074,754,754,754,128,334,462,1216
7075,750,748,746,126,332,458,1208
7076,738,744,744,132,332,464,1202
7077,744,740,740,128,332,460,1204
7078,750,750,752,128,334,462,1212
7079,744,744,744,128,334,462,1206
7080,748,748,748,128,334,462,1210
7081,748,750,750,130,334,464,1212
7082,758,758,754,130,330,460,1218
7083,746,746,748,130,332,462,1208
7084,756,754,756,128,334,462,1218
7085,748,748,746,128,332,460,1208
7086,748,748,750,128,334,462,1210
7087,744,748,744,132,330,462,1206
7088,752,746,748,126,332,458,1210
7089,750,754,754,130,332,462,1212
7090,742,742,742,130,332,462,1204
7091,744,742,744,128,334,462,1206
7092,748,750,748,130,332,462,1210
7093,748,748,746,130,330,460,1208
7094,744,744,746,130,332,462,1206
7095,752,752,752,130,332,462,1214
7096,752,750,752,128,334,462,1214
7097,754,754,754,128,334,462,1216
7098,754,756,752,130,330,460,1214
7099,752,752,752,130,330,460,1212
7100,750,750,752,130,332,462,1212
7101,748,748,750,130,334,464,1212
7102,760,760,758,130,332,462,1222
7103,750,750,750,130,332,462,1212
7104,750,750,748,130,330,460,1210
7105,754,752,754,128,332,460,1214
7106,748,748,748,128,332,460,1208
7107,752,752,754,128,334,462,1214
7108,752,754,750,130,330,460,1212
7109,744,742,742,128,330,458,1202
7110,736,738,738,130,330,460,1196
7111,720,722,722,132,330,462,1182
7112,706,708,706,134,328,462,1168
7113,702,692,692,124,328,452,1154
7114,682,692,692,134,328,462,1144
7115,692,690,688,132,326,458,1150
7116,692,692,690,132,324,456,1148
7117,696,696,698,132,326,458,1154
7118,700,700,700,132,326,458,1158
7119,698,700,700,134,326,460,1158
7120,708,706,708,132,328,460,1168
7121,714,712,712,130,328,458,1172
7122,712,712,712,130,328,458,1170
7123,720,716,716,126,328,454,1174
7124,728,732,730,130,326,456,1184
7125,724,724,726,130,328,458,1182
7126,734,732,734,128,330,458,1192
7127,740,744,740,132,326,458,1198
7128,750,746,748,128,328,456,1206
7129,746,746,746,128,328,456,1202
7130,752,754,756,130,330,460,1212
7131,740,740,738,130,328,458,1198
7132,754,754,754,130,328,458,1212
7133,754,752,754,128,330,458,1212
7134,756,758,756,130,328,458,1214
7135,758,756,758,128,330,458,1216
7136,772,772,774,128,332,460,1232
7137,776,778,776,130,330,460,1236
7138,778,778,778,130,330,460,1238
7139,802,800,804,128,334,462,1264
7140,796,796,794,128,332,460,1256
7141,782,784,780,130,328,458,1240
7142,778,780,782,132,330,462,1240
7143,794,790,792,128,332,460,1254
7144,786,788,788,130,332,462,1248
7145,796,796,796,130,332,462,1258
7146,804,804,804,130,332,462,1266
7147,802,802,802,130,332,462,1264
7148,792,790,790,128,332,460,1252
7149,792,792,792,128,332,460,1252
7150,782,784,784,130,332,462,1244
7151,780,780,780,130,332,462,1242
7152,780,780,780,130,332,462,1242
7153,786,786,786,130,332,462,1248
7154,796,794,794,128,332,460,1256
7155,798,800,798,130,330,460,1258
7156,838,836,840,128,334,462,1300
7157,852,852,852,128,334,462,1314
7158,838,838,840,128,336,464,1302
7159,794,796,792,130,332,462,1256
7160,784,784,782,130,330,460,1244
7161,780,782,780,132,328,460,1240
7162,778,776,780,130,332,462,1240
7163,786,786,784,130,330,460,1246
7164,814,814,816,130,332,462,1276
7165,790,790,790,130,332,462,1252
7166,812,812,810,130,330,460,1272
7167,800,800,802,130,332,462,1262
7168,802,802,802,130,332,462,1264
7169,806,804,806,128,334,462,1268
7170,796,798,798,130,334,464,1260
7171,796,796,794,130,332,462,1258
7172,814,812,814,128,334,462,1276
7173,848,850,850,130,334,464,1312
7174,868,866,868,128,336,464,1332
7175,892,888,890,124,338,462,1354
7176,896,900,900,128,338,466,1362
7177,884,884,882,128,336,464,1348
7178,874,874,874,128,336,464,1338
7179,878,876,880,126,340,466,1344
7180,876,878,876,128,338,466,1342
7181,920,920,920,128,338,466,1386
7182,900,898,900,126,340,466,1366
7183,880,882,880,128,338,466,1346
7184,896,894,898,126,342,468,1364
7185,890,892,890,128,340,468,1358
7186,872,872,870,128,338,466,1338
7187,858,858,858,128,338,466,1324
7188,852,852,852,128,338,466,1318
7189,826,828,826,130,336,466,1292
7190,830,832,832,132,336,468,1298
7191,834,828,830,126,338,464,1298
7192,826,828,828,128,338,466,1292
7193,812,814,810,130,334,464,1276
7194,808,808,808,130,334,464,1272
7195,810,810,810,130,334,464,1274
7196,818,818,820,130,336,466,1284
7197,834,832,834,128,338,466,1300
7198,854,854,854,128,338,466,1320
7199,876,874,874,126,338,464,1340
7200,848,852,852,130,338,468,1316
7201,908,906,910,128,342,470,1378
7202,860,860,858,128,340,468,1328
7203,870,870,870,128,340,468,1338
7204,852,852,852,128,340,468,1320
7205,836,836,834,128,338,466,1302
7206,828,828,828,128,338,466,1294
7207,826,824,826,126,340,466,1292
7208,822,824,822,128,338,466,1288
7209,822,824,824,130,338,468,1290
7210,814,812,810,128,336,464,1278
7211,802,802,802,128,336,464,1266
7212,798,798,800,128,338,466,1264
7213,796,796,796,128,338,466,1262
7214,792,794,792,130,336,466,1258
7215,782,782,782,130,336,466,1248
7216,782,782,780,130,334,464,1246
7217,770,770,770,130,334,464,1234
7218,776,776,778,130,336,466,1242
7219,776,774,774,128,336,464,1240
7220,764,766,764,130,334,464,1228
7221,768,768,768,130,334,464,1232
7222,766,766,764,130,332,462,1228
7223,760,760,760,130,332,462,1222
7224,770,770,772,130,334,464,1234
7225,768,768,768,130,334,464,1232
7226,766,768,766,132,332,464,1230
7227,768,766,764,130,330,460,1228
7228,758,762,762,134,330,464,1222
7229,766,764,766,132,332,464,1230
7230,770,768,768,130,332,462,1232
7231,770,770,772,130,334,464,1234
7232,776,776,776,130,334,464,1240
7233,776,778,776,132,332,464,1240
7234,780,778,780,130,334,464,1244
7235,786,786,786,130,334,464,1250
7236,784,784,782,130,332,462,1246
7237,776,776,776,130,332,462,1238
7238,776,776,776,130,332,462,1238
7239,770,770,772,130,334,464,1234
7240,780,780,778,130,332,462,1242
7241,776,776,778,130,334,464,1240
7242,778,778,778,130,334,464,1242
7243,778,776,776,128,334,462,1240
7244,778,780,778,130,332,462,1240
7245,776,774,776,128,334,462,1238
7246,794,796,796,130,334,464,1258
7247,794,792,794,128,336,464,1258
7248,810,812,810,130,334,464,1274
7249,810,810,810,130,334,464,1274
7250,792,790,788,128,332,460,1252
7251,792,794,796,130,334,464,1256
7252,798,798,798,130,334,464,1262
7253,812,812,814,130,336,466,1278
7254,802,800,800,128,336,464,1266
7255,796,798,796,130,334,464,1260
7256,788,786,788,128,336,464,1252
7257,806,806,804,128,334,462,1268
7258,800,802,802,130,334,464,1264
7259,796,796,798,130,336,466,1262
7260,800,800,798,130,334,464,1264
7261,782,782,780,130,332,462,1244
7262,780,780,782,130,334,464,1244
7263,794,794,794,130,334,464,1258
7264,790,790,790,130,334,464,1254
7265,794,794,794,130,334,464,1258
7266,800,800,800,130,334,464,1264
7267,790,790,788,130,332,462,1252
7268,778,778,778,130,332,462,1240
7269,778,778,780,130,334,464,1242
7270,776,776,776,130,334,464,1240
7271,770,772,770,132,332,464,1234
7272,784,782,784,130,334,464,1248
7273,768,768,766,130,332,462,1230
7274,766,766,766,130,332,462,1228
7275,774,772,772,128,332,460,1234
7276,790,792,794,130,334,464,1254
7277,802,802,802,130,334,464,1266
7278,814,812,814,128,336,464,1278
7279,806,808,806,130,334,464,1270
7280,796,798,798,132,334,466,1262
7281,796,794,794,130,334,464,1260
7282,794,794,794,130,334,464,1258
7283,794,796,796,132,334,466,1260
7284,784,784,782,132,332,464,1248
7285,768,766,768,130,334,464,1232
7286,764,766,762,132,330,462,1226
7287,750,748,750,130,332,462,1212
7288,752,752,752,130,332,462,1214
7289,756,756,756,130,332,462,1218
7290,748,748,748,130,332,462,1210
7291,748,748,746,130,330,460,1208
7292,754,752,752,128,330,458,1212
7293,744,748,748,132,330,462,1206
7294,754,754,754,132,330,462,1216
7295,766,766,766,132,330,462,1228
7296,766,766,766,132,330,462,1228
7297,770,768,768,130,330,460,1230
7298,760,760,760,130,330,460,1220
7299,764,762,766,128,334,462,1226
7300,768,772,770,132,332,464,1232
7301,790,788,788,130,332,462,1252
7302,772,772,772,130,332,462,1234
7303,778,778,776,130,330,460,1238
7304,772,774,774,132,330,462,1234
7305,790,788,790,130,332,462,1252
7306,802,800,802,128,334,462,1264
7307,800,802,802,130,334,464,1264
7308,808,808,806,130,332,462,1270
7309,802,800,802,128,334,462,1264
7310,798,800,798,130,332,462,1260
7311,820,818,820,128,334,462,1282
7312,806,806,806,128,334,462,1268
7313,830,832,832,130,334,464,1294
7314,814,814,814,130,334,464,1278
7315,830,826,828,126,336,462,1292
7316,812,816,812,130,332,462,1274
7317,818,816,818,128,334,462,1280
7318,816,816,818,128,336,464,1280
7319,846,848,846,130,334,464,1310
7320,842,838,840,126,336,462,1304
7321,830,832,832,128,336,464,1294
7322,814,816,812,130,332,462,1276
7323,810,808,810,128,334,462,1272
7324,788,790,790,130,334,464,1252
7325,786,786,786,130,334,464,1250
7326,772,774,772,132,332,464,1236
7327,758,756,754,130,330,460,1218
7328,772,772,774,130,332,462,1234
7329,782,782,782,130,332,462,1244
7330,796,796,798,130,334,464,1260
7331,822,822,824,130,336,466,1288
7332,828,828,828,130,336,466,1294
7333,798,800,798,132,334,466,1264
7334,794,792,794,130,336,466,1260
7335,798,798,796,130,334,464,1262
7336,794,794,794,130,334,464,1258
7337,782,782,784,130,336,466,1248
7338,784,784,782,130,334,464,1248
7339,774,774,772,130,332,462,1236
7340,774,774,774,130,332,462,1236
7341,790,790,792,130,334,464,1254
7342,788,788,786,130,332,462,1250
7343,784,784,786,130,334,464,1248
7344,782,782,782,130,334,464,1246
7345,764,764,760,130,330,460,1224
7346,776,776,778,130,332,462,1238
7347,782,782,784,130,334,464,1246
7348,782,780,780,128,334,462,1244
7349,784,786,786,130,334,464,1248
7350,776,774,772,128,332,460,1236
7351,774,778,776,132,330,462,1236
7352,796,794,798,130,334,464,1260
7353,806,804,804,128,334,462,1268
7354,794,796,794,130,332,462,1256
7355,802,800,802,128,334,462,1264
7356,804,806,804,130,332,462,1266
7357,830,828,832,128,336,464,1294
7358,820,822,822,130,336,466,1286
7359,814,812,812,128,336,464,1278
7360,794,794,792,128,334,462,1256
7361,796,798,794,130,330,460,1256
7362,790,790,792,130,332,462,1252
7363,794,794,796,130,334,464,1258
7364,792,790,790,128,334,462,1254
7365,794,796,794,130,332,462,1256
7366,776,776,776,130,332,462,1238
7367,770,770,766,130,328,458,1228
7368,774,774,776,130,330,460,1234
7369,782,780,782,128,332,460,1242
7370,786,786,788,128,334,462,1248
7371,772,776,774,132,332,464,1236
7372,788,786,786,130,332,462,1250
7373,770,772,768,132,328,460,1230
7374,770,766,768,128,330,458,1228
7375,792,792,794,128,332,460,1252
7376,782,786,784,132,330,462,1244
7377,796,794,796,130,332,462,1258
7378,776,776,776,130,332,462,1238
7379,762,764,760,132,328,460,1222
7380,754,752,750,130,326,456,1210
7381,764,766,768,132,328,460,1224
7382,780,780,782,132,330,462,1242
7383,772,770,772,130,332,462,1234
7384,790,790,788,130,330,460,1250
7385,782,782,784,130,332,462,1244
7386,782,782,780,130,330,460,1242
7387,790,788,788,128,330,458,1248
7388,796,800,800,132,330,462,1258
7389,790,788,790,130,332,462,1252
7390,794,796,794,132,330,462,1256
7391,786,784,784,130,330,460,1246
7392,784,784,784,130,330,460,1244
7393,786,786,788,130,332,462,1248
7394,800,798,798,128,332,460,1260
7395,776,780,778,132,330,462,1238
7396,792,792,792,132,330,462,1254
7397,782,780,778,130,328,458,1240
7398,780,780,780,130,328,458,1238
7399,786,784,788,128,332,460,1246
7400,782,784,782,130,330,460,1242
7401,770,772,772,132,330,462,1232
7402,778,776,774,130,328,458,1236
7403,770,768,770,128,330,458,1228
7404,776,778,778,130,330,460,1236
7405,776,776,776,130,330,460,1236
7406,776,776,776,130,330,460,1236
7407,774,774,774,130,330,460,1234
7408,778,778,776,130,328,458,1236
7409,772,774,774,132,328,460,1232
7410,792,788,792,128,332,460,1252
7411,790,794,792,132,330,462,1252
7412,788,786,788,130,332,462,1250
7413,798,798,796,130,330,460,1258
7414,800,800,798,130,328,458,1258
7415,788,788,790,130,330,460,1248
7416,810,810,812,130,332,462,1272
7417,806,806,806,130,332,462,1268
7418,810,808,808,128,332,460,1270
7419,792,794,792,130,330,460,1252
7420,798,798,798,130,330,460,1258
7421,806,804,806,128,332,460,1266
7422,792,796,796,132,332,464,1256
7423,788,788,786,132,330,462,1250
7424,786,784,784,130,330,460,1246
7425,774,774,772,130,328,458,1232
7426,770,770,770,130,328,458,1228
7427,774,774,776,130,330,460,1234
7428,774,776,774,132,328,460,1234
7429,786,784,784,130,328,458,1244
7430,784,784,786,130,330,460,1244
7431,782,782,782,130,330,460,1242
7432,776,774,772,128,328,456,1232
7433,774,778,776,132,326,458,1232
7434,774,772,774,130,328,458,1232
7435,766,766,768,130,330,460,1226
7436,764,766,764,132,328,460,1224
7437,774,772,772,130,328,458,1232
7438,762,764,762,132,326,458,1220
7439,772,770,772,130,328,458,1230
7440,768,768,770,130,330,460,1228
7441,772,772,770,130,328,458,1230
7442,766,766,766,130,328,458,1224
7443,766,768,766,132,326,458,1224
7444,760,758,758,130,326,456,1216
7445,768,768,770,130,328,458,1226
7446,760,762,762,132,328,460,1220
7447,760,760,758,132,326,458,1218
7448,764,764,764,132,326,458,1222
7449,760,760,758,132,324,456,1216
7450,764,762,764,130,326,456,1220
7451,760,760,762,130,328,458,1218
7452,752,754,752,132,326,458,1210
7453,760,758,758,130,326,456,1216
7454,764,766,764,132,324,456,1220
7455,768,766,768,130,326,456,1224
7456,776,776,778,130,328,458,1234
7457,778,778,778,130,328,458,1236
7458,788,788,788,130,328,458,1246
7459,774,774,776,130,330,460,1234
7460,796,796,794,130,328,458,1254
7461,774,772,772,128,328,456,1230
7462,776,778,778,130,328,458,1234
7463,772,774,774,132,328,460,1232
7464,764,762,760,130,326,456,1220
7465,762,762,766,130,330,460,1222
7466,760,760,756,130,326,456,1216
7467,758,758,756,130,324,454,1212
7468,732,736,732,134,320,454,1186
7469,734,732,734,132,322,454,1188
7470,734,732,734,130,324,454,1188
7471,738,738,740,130,326,456,1194
7472,736,738,738,132,326,458,1194
7473,734,734,734,132,326,458,1192
7474,742,740,742,130,328,458,1200
7475,756,756,756,130,328,458,1214
7476,756,758,756,132,326,458,1214
7477,770,768,770,130,328,458,1228
7478,772,774,772,132,326,458,1230
7479,774,772,774,130,328,458,1232
7480,780,780,782,130,330,460,1240
7481,776,776,774,130,328,458,1234
7482,784,784,784,130,328,458,1242
7483,772,772,770,130,326,456,1228
7484,772,772,774,130,328,458,1230
7485,782,782,780,130,326,456,1238
7486,772,772,774,130,328,458,1230
7487,768,768,768,130,328,458,1226
7488,774,774,774,130,328,458,1232
7489,772,772,768,130,324,454,1226
7490,768,768,770,130,326,456,1224
7491,768,768,770,130,328,458,1226
7492,766,768,766,132,326,458,1224
7493,770,770,770,132,326,458,1228
7494,774,772,772,130,326,456,1230
7495,774,774,774,130,326,456,1230
7496,756,760,756,134,322,456,1212
7497,768,764,768,130,326,456,1224
7498,768,770,768,132,324,456,1224
7499,768,766,768,130,326,456,1224
7500,760,762,762,132,326,458,1218
7501,772,770,768,130,324,454,1226
7502,762,762,764,130,326,456,1218
7503,766,768,768,132,326,458,1224
7504,766,766,766,132,326,458,1224
7505,764,762,762,130,326,456,1220
7506,778,778,776,130,324,454,1232
7507,770,770,770,130,324,454,1224
7508,784,786,788,132,326,458,1242
7509,774,772,772,130,326,456,1230
7510,776,778,776,132,324,456,1232
7511,778,776,778,130,326,456,1234
7512,764,764,762,130,324,454,1218
7513,760,760,760,130,324,454,1214
7514,754,756,756,132,324,456,1210
7515,754,752,752,130,324,454,1208
7516,744,746,746,132,324,456,1200
7517,750,750,750,132,324,456,1206
7518,742,740,740,130,324,454,1196
7519,746,746,744,130,322,452,1198
7520,744,746,746,132,322,454,1198
7521,746,746,746,132,322,454,1200
7522,746,746,746,132,322,454,1200
7523,750,748,750,130,324,454,1204
7524,756,756,754,130,322,452,1208
7525,754,754,756,130,324,454,1208
7526,762,762,762,130,324,454,1216
7527,774,774,776,130,326,456,1230
7528,776,776,776,130,326,456,1232
7529,772,774,772,132,324,456,1228
7530,784,784,784,132,324,456,1240
7531,768,766,766,130,324,454,1222
7532,774,776,776,132,324,456,1230
7533,776,774,776,130,326,456,1232
7534,772,772,772,130,326,456,1228
7535,782,784,782,132,324,456,1238
7536,780,778,778,130,324,454,1234
7537,782,782,784,130,326,456,1238
7538,776,776,776,130,326,456,1232
7539,780,780,778,130,324,454,1234
7540,768,770,772,132,326,458,1226
7541,776,774,774,130,326,456,1232
7542,776,778,776,132,324,456,1232
7543,782,782,782,132,324,456,1238
7544,792,792,792,132,324,456,1248
7545,788,788,790,132,326,458,1246
7546,788,788,786,132,324,456,1244
7547,782,782,784,132,326,458,1240
7548,792,790,790,130,326,456,1248
7549,788,788,788,130,326,456,1244
7550,794,796,796,132,326,458,1252
7551,794,792,794,130,328,458,1252
7552,798,800,798,132,326,458,1256
7553,782,780,780,130,326,456,1238
7554,784,784,786,130,328,458,1242
7555,788,788,786,130,326,456,1244
7556,786,786,786,130,326,456,1242
7557,796,796,798,130,328,458,1254
7558,784,784,782,130,326,456,1240
7559,778,776,776,128,326,454,1232
7560,782,784,786,130,328,458,1240
7561,786,786,784,130,326,456,1242
7562,796,796,798,130,328,458,1254
7563,790,792,790,132,326,458,1248
7564,792,788,790,128,328,456,1248
7565,778,782,782,132,328,460,1238
7566,786,784,782,130,326,456,1242
7567,776,778,778,132,326,458,1234
7568,786,784,786,130,328,458,1244
7569,782,784,782,132,326,458,1240
7570,784,782,784,130,328,458,1242
7571,784,784,782,130,326,456,1240
7572,800,800,802,130,328,458,1258
7573,810,810,810,130,328,458,1268
7574,806,806,806,130,328,458,1264
7575,798,800,800,132,328,460,1258
7576,802,798,800,128,330,458,1260
7577,786,786,782,128,326,454,1240
7578,772,774,776,130,328,458,1230
7579,778,776,776,128,328,456,1234
7580,782,784,782,130,326,456,1238
7581,776,776,776,130,326,456,1232
7582,772,774,774,132,326,458,1230
7583,780,776,776,128,326,454,1234
7584,754,758,756,132,324,456,1210
7585,768,766,770,130,328,458,1226
7586,774,774,772,130,326,456,1230
7587,782,782,784,130,328,458,1240
7588,776,776,774,130,326,456,1232
7589,776,778,778,132,326,458,1234
7590,780,780,780,132,326,458,1238
7591,786,784,784,130,326,456,1242
7592,792,792,794,130,328,458,1250
7593,802,802,802,130,328,458,1260
7594,796,796,796,130,328,458,1254
7595,798,800,800,132,328,460,1258
7596,816,814,816,130,330,460,1276
7597,820,818,818,128,330,458,1278
7598,824,826,826,130,330,460,1284
7599,804,804,804,130,330,460,1264
7600,798,798,798,130,330,460,1258
7601,778,780,778,132,328,460,1238
7602,790,790,790,132,328,460,1250
7603,778,776,776,130,328,458,1236
7604,778,778,778,130,328,458,1236
7605,780,778,780,128,330,458,1238
7606,774,778,774,132,326,458,1232
7607,770,768,766,130,324,454,1224
7608,776,776,780,130,328,458,1234
7609,776,778,776,132,326,458,1234
7610,796,794,796,130,328,458,1254
7611,784,786,784,132,326,458,1242
7612,784,782,784,130,328,458,1242
7613,800,800,800,130,328,458,1258
7614,812,812,814,130,330,460,1272
7615,840,840,840,130,330,460,1300
7616,840,838,840,128,332,460,1300
7617,822,824,820,130,328,458,1280
7618,798,798,800,130,330,460,1258
7619,808,808,808,130,330,460,1268
7620,808,808,806,130,328,458,1266
7621,804,804,806,130,330,460,1264
7622,794,796,792,132,326,458,1252
7623,794,790,794,128,330,458,1252
7624,806,808,808,130,330,460,1266
7625,802,802,802,130,330,460,1262
7626,802,802,802,130,330,460,1262
7627,796,798,796,132,328,460,1256
7628,788,790,788,134,326,460,1248
7629,790,786,788,130,328,458,1248
7630,792,792,794,130,330,460,1252
7631,794,792,792,128,330,458,1252
7632,810,812,814,130,332,462,1272
7633,814,816,812,132,328,460,1274
7634,798,796,798,130,330,460,1258
7635,790,790,788,130,328,458,1248
7636,802,802,802,130,328,458,1260
7637,808,808,810,130,330,460,1268
7638,802,804,802,132,328,460,1262
7639,812,808,812,128,332,460,1272
7640,818,820,816,130,328,458,1276
7641,800,800,798,130,326,456,1256
7642,794,796,796,132,326,458,1252
7643,798,796,800,130,330,460,1258
7644,806,804,806,128,332,460,1266
7645,818,820,818,130,330,460,1278
7646,844,844,844,130,330,460,1304
7647,816,818,814,132,326,458,1274
7648,798,794,798,128,330,458,1256
7649,802,802,802,128,330,458,1260
7650,804,806,806,130,330,460,1264
7651,802,802,802,130,330,460,1262
7652,798,798,796,130,328,458,1256
7653,794,794,792,130,326,456,1250
7654,796,794,798,128,330,458,1254
7655,804,804,804,128,330,458,1262
7656,792,796,796,132,330,462,1254
7657,800,798,798,130,330,460,1260
7658,794,792,790,128,328,456,1250
7659,788,792,792,132,328,460,1248
7660,786,784,784,130,328,458,1244
7661,806,804,806,128,330,458,1264
7662,808,810,810,130,330,460,1268
7663,812,812,814,130,332,462,1274
7664,802,804,802,132,330,462,1264
7665,794,792,790,130,328,458,1252
7666,784,784,784,130,328,458,1242
7667,784,784,786,130,330,460,1244
7668,782,784,782,132,328,460,1242
7669,784,780,780,128,328,456,1240
7670,782,786,784,132,326,458,1240
7671,774,774,776,132,328,460,1234
7672,794,792,794,130,330,460,1254
7673,786,788,786,132,328,460,1246
7674,796,794,796,130,330,460,1256
7675,806,806,806,130,330,460,1266
7676,840,838,840,128,332,460,1300
7677,846,846,846,128,332,460,1306
7678,836,838,836,130,330,460,1296
7679,818,818,820,130,332,462,1280
7680,812,812,810,130,330,460,1272
7681,804,804,804,130,330,460,1264
7682,822,822,824,130,332,462,1284
7683,818,818,816,130,330,460,1278
7684,804,804,804,130,330,460,1264
7685,818,818,818,130,330,460,1278
7686,802,802,802,130,330,460,1262
7687,788,790,788,132,328,460,1248
7688,802,800,800,130,328,458,1260
7689,788,788,788,130,328,458,1246
7690,796,794,796,128,330,458,1254
7691,774,776,776,130,330,460,1234
7692,780,782,780,132,328,460,1240
7693,774,772,772,130,328,458,1232
7694,780,780,782,130,330,460,1240
7695,778,778,778,130,330,460,1238
7696,782,784,782,132,328,460,1242
7697,780,780,776,132,324,456,1236
7698,768,768,770,132,326,458,1226
7699,774,772,776,130,330,460,1234
7700,772,774,772,132,328,460,1232
7701,772,772,772,132,328,460,1232
7702,770,768,764,130,324,454,1224
7703,770,770,774,130,328,458,1228
7704,782,782,784,130,330,460,1242
7705,782,782,780,130,328,458,1240
7706,802,802,806,130,332,462,1264
7707,808,806,806,128,332,460,1268
7708,792,794,790,130,328,458,1250
7709,794,794,796,130,330,460,1254
7710,806,808,806,132,328,460,1266
7711,796,794,796,130,330,460,1256
7712,790,790,790,130,330,460,1250
7713,792,792,792,130,330,460,1252
7714,798,800,798,132,328,460,1258
7715,800,800,802,132,330,462,1262
7716,804,804,804,132,330,462,1266
7717,804,802,802,130,330,460,1264
7718,794,794,794,130,330,460,1254
7719,792,792,792,130,330,460,1252
7720,794,794,794,130,330,460,1254
7721,784,784,784,130,330,460,1244
7722,792,792,792,130,330,460,1252
7723,778,778,776,130,328,458,1236
7724,780,782,782,132,328,460,1240
7725,796,794,796,130,330,460,1256
7726,802,804,802,132,328,460,1262
7727,794,792,794,130,330,460,1254
7728,778,778,776,130,328,458,1236
7729,774,776,774,132,326,458,1232
7730,772,772,774,132,328,460,1232
7731,792,790,792,130,330,460,1252
7732,798,800,800,132,330,462,1260
7733,800,798,798,130,330,460,1260
7734,780,780,778,130,328,458,1238
7735,804,804,806,130,330,460,1264
7736,794,796,796,132,330,462,1256
7737,802,800,802,130,332,462,1264
7738,810,806,806,126,332,458,1268
7739,798,800,800,128,332,460,1258
7740,820,820,820,128,332,460,1280
7741,816,816,816,128,332,460,1276
7742,816,816,814,128,330,458,1274
7743,794,796,796,130,330,460,1254
7744,792,794,792,132,328,460,1252
7745,816,814,816,130,330,460,1276
7746,820,820,820,130,330,460,1280
7747,796,796,796,130,330,460,1256
7748,782,782,780,130,328,458,1240
7749,774,774,774,130,328,458,1232
7750,772,772,774,130,330,460,1232
7751,780,780,780,130,330,460,1240
7752,790,792,790,132,328,460,1250
7753,800,796,798,128,330,458,1258
7754,802,802,802,128,330,458,1260
7755,826,828,828,130,330,460,1286
7756,854,852,856,128,334,462,1316
7757,834,838,836,132,332,464,1298
7758,840,838,838,130,332,462,1302
7759,826,824,824,128,332,460,1286
7760,820,822,822,130,332,462,1282
7761,832,832,834,130,334,464,1296
7762,818,816,814,128,332,460,1278
7763,814,816,814,130,330,460,1274
7764,810,808,808,128,330,458,1268
7765,796,798,798,130,330,460,1256
7766,810,810,810,130,330,460,1270
7767,814,814,814,130,330,460,1274
7768,796,796,796,130,330,460,1256
7769,788,788,788,130,330,460,1248
7770,784,786,786,132,330,462,1246
7771,804,800,802,128,332,460,1264
7772,808,808,808,128,332,460,1268
7773,812,812,812,128,332,460,1272
7774,810,810,808,128,330,458,1268
7775,814,816,818,130,332,462,1276
7776,828,824,826,126,334,460,1288
7777,822,826,824,130,332,462,1284
7778,840,838,838,128,332,460,1300
7779,828,828,828,128,332,460,1288
7780,818,818,818,128,332,460,1278
7781,822,822,824,128,334,462,1284
7782,830,830,830,128,334,462,1292
7783,830,832,830,130,332,462,1292
7784,806,806,804,130,330,460,1266
7785,834,832,834,128,332,460,1294
7786,820,822,822,130,332,462,1282
7787,832,832,832,130,332,462,1294
7788,826,824,824,128,332,460,1286
7789,820,820,820,128,332,460,1280
7790,824,824,826,128,334,462,1286
7791,828,828,828,128,334,462,1290
7792,832,832,832,128,334,462,1294
7793,820,820,818,128,332,460,1280
7794,820,820,820,128,332,460,1280
7795,840,840,844,128,336,464,1304
7796,844,844,842,128,334,462,1306
7797,842,842,842,128,334,462,1304
7798,834,834,834,128,334,462,1296
7799,832,834,832,130,332,462,1294
7800,848,848,850,130,334,464,1312
7801,846,842,844,126,336,462,1308
7802,854,856,856,128,336,464,1318
7803,848,850,848,130,334,464,1312
7804,846,846,846,130,334,464,1310
7805,852,848,850,126,336,462,1314
7806,848,850,850,128,336,464,1312
7807,862,862,864,128,338,466,1328
7808,854,854,852,128,336,464,1318
7809,848,850,846,130,332,462,1310
7810,858,856,858,128,334,462,1320
7811,872,872,874,128,336,464,1336
7812,874,872,874,126,338,464,1338
7813,872,874,872,128,336,464,1336
7814,858,860,856,130,332,462,1320
7815,846,844,848,128,336,464,1310
7816,858,858,858,128,336,464,1322
7817,852,854,854,130,336,466,1318
7818,858,858,858,130,336,466,1324
7819,844,844,842,130,334,464,1308
7820,842,840,842,128,336,464,1306
7821,860,862,862,130,336,466,1326
7822,888,884,888,126,340,466,1354
7823,886,884,884,124,340,464,1350
7824,886,890,888,128,338,466,1352
7825,884,882,882,126,338,464,1348
7826,880,882,878,128,334,462,1342
7827,882,880,884,126,338,464,1346
7828,894,894,896,126,340,466,1360
7829,888,892,890,130,338,468,1356
7830,886,884,884,128,338,466,1352
7831,878,878,876,128,336,464,1342
7832,870,872,874,130,338,468,1338
7833,874,872,872,128,338,466,1340
7834,872,872,872,128,338,466,1338
7835,862,862,860,128,336,464,1326
7836,846,846,844,128,334,462,1308
7837,852,852,854,128,336,464,1316
7838,868,868,870,128,338,466,1334
7839,874,874,874,128,338,466,1340
7840,862,862,862,128,338,466,1328
7841,852,854,850,130,334,464,1316
7842,844,840,844,126,338,464,1308
7843,862,864,864,128,338,466,1328
7844,854,854,854,128,338,466,1320
7845,848,852,850,132,336,468,1316
7846,850,846,848,128,338,466,1316
7847,834,834,834,128,338,466,1300
7848,844,844,844,128,338,466,1310
7849,868,870,870,130,338,468,1336
7850,876,874,876,128,340,468,1344
7851,870,868,866,126,338,464,1334
7852,840,842,842,128,338,466,1306
7853,852,852,852,128,338,466,1318
7854,846,848,848,130,338,468,1314
7855,834,834,834,130,338,468,1302
7856,832,832,830,130,336,466,1298
7857,824,822,824,128,338,466,1290
7858,820,820,820,128,338,466,1286
7859,830,830,828,128,336,464,1294
7860,818,818,820,128,338,466,1284
7861,806,810,806,132,334,466,1272
7862,818,814,818,128,338,466,1284
7863,822,822,820,128,336,464,1286
7864,838,838,838,128,336,464,1302
7865,838,836,838,126,338,464,1302
7866,836,838,834,128,334,462,1298
7867,820,820,822,128,336,464,1284
7868,862,862,866,128,340,468,1330
7869,874,874,874,128,340,468,1342
7870,860,860,860,128,340,468,1328
7871,852,850,846,126,336,462,1314
7872,832,834,836,128,338,466,1298
7873,852,852,854,128,340,468,1320
7874,850,850,850,128,340,468,1318
7875,872,872,872,128,340,468,1340
7876,864,864,862,128,338,466,1330
7877,878,878,880,128,340,468,1346
7878,898,898,898,128,340,468,1366
7879,898,896,898,126,342,468,1366
7880,866,868,868,128,342,470,1336
7881,854,854,848,128,336,464,1318
7882,842,842,846,128,340,468,1310
7883,848,848,848,128,340,468,1316
7884,846,844,844,126,340,466,1312
7885,834,836,836,128,340,468,1302
7886,840,840,838,128,338,466,1306
7887,822,822,820,128,336,464,1286
7888,816,816,816,128,336,464,1280
7889,812,812,812,128,336,464,1276
7890,810,810,810,128,336,464,1274
7891,808,810,810,130,336,466,1274
7892,810,808,808,128,336,464,1274
7893,802,802,800,128,334,462,1264
7894,786,788,786,130,332,462,1248
7895,776,776,778,130,334,464,1240
7896,786,786,786,130,334,464,1250
7897,798,796,796,128,334,462,1260
7898,812,814,812,130,332,462,1274
7899,806,804,806,128,334,462,1268
7900,804,806,808,130,336,466,1270
7901,816,812,814,126,338,464,1280
7902,812,814,812,128,336,464,1276
7903,796,798,792,130,330,460,1256
7904,796,794,798,128,334,462,1258
7905,786,786,788,128,336,464,1250
7906,776,778,776,130,334,464,1240
7907,762,762,762,130,334,464,1226
7908,736,736,732,130,330,460,1196
7909,712,714,714,132,330,462,1174
7910,700,698,698,130,330,460,1160
7911,690,692,688,132,326,458,1148
7912,680,682,680,134,324,458,1138
7913,678,676,676,132,324,456,1134
7914,670,674,674,136,324,460,1130
7915,670,668,668,134,324,458,1128
7916,668,666,668,132,326,458,1126
7917,670,672,670,134,324,458,1128
7918,672,672,672,134,324,458,1130
7919,682,678,680,130,326,456,1138
7920,680,684,680,134,322,456,1136
7921,684,682,682,132,322,454,1138
7922,690,688,690,130,324,454,1144
7923,690,692,692,132,324,456,1146
7924,696,692,694,128,326,454,1150
7925,700,700,698,128,324,452,1152
7926,700,700,700,128,324,452,1152
7927,704,706,704,130,322,452,1156
7928,710,708,708,128,322,450,1160
7929,714,714,716,128,324,452,1166
7930,722,722,722,128,324,452,1174
7931,722,722,724,128,326,454,1176
7932,730,730,730,128,326,454,1184
7933,740,742,740,130,324,454,1194
7934,742,740,742,128,326,454,1196
7935,740,740,740,128,326,454,1194
7936,746,748,748,130,326,456,1202
7937,752,750,750,128,326,454,1206
7938,748,746,748,126,328,454,1202
7939,744,748,746,130,326,456,1200
7940,750,748,746,128,324,452,1202
7941,756,756,758,128,326,454,1210
7942,756,756,756,128,326,454,1210
7943,766,764,766,126,328,454,1220
7944,772,774,774,128,328,456,1228
7945,772,774,772,130,326,456,1228
7946,774,770,768,126,324,450,1224
7947,760,766,764,132,322,454,1214
7948,770,768,772,130,326,456,1226
7949,762,760,760,128,326,454,1216
7950,752,752,754,128,328,456,1208
7951,754,754,752,128,326,454,1208
7952,752,754,752,130,324,454,1206
7953,754,752,752,128,324,452,1206
7954,762,764,764,130,324,454,1216
7955,762,762,764,130,326,456,1218
7956,760,760,760,130,326,456,1216
7957,766,766,764,130,324,454,1220
7958,772,770,772,128,326,454,1226
7959,764,766,764,130,324,454,1218
7960,776,776,776,130,324,454,1230
7961,808,806,810,128,328,456,1264
7962,830,828,830,126,330,456,1286
7963,834,834,834,126,330,456,1290
7964,846,848,848,128,330,458,1304
7965,852,852,852,128,330,458,1310
7966,832,834,830,130,326,456,1288
7967,824,822,826,128,330,458,1282
7968,844,842,844,126,332,458,1302
7969,842,846,842,130,328,458,1300
7970,844,840,844,126,332,458,1302
7971,842,842,840,126,330,456,1298
7972,840,840,840,126,330,456,1296
7973,832,834,834,128,330,458,1290
7974,848,848,848,128,330,458,1306
7975,848,848,848,128,330,458,1306
7976,846,844,846,126,332,458,1304
7977,832,832,830,126,330,456,1288
7978,814,816,812,128,326,454,1268
7979,816,818,820,130,328,458,1274
7980,818,816,818,128,330,458,1276
7981,844,842,844,126,332,458,1302
7982,840,842,842,128,332,460,1300
7983,856,854,852,126,330,456,1312
7984,848,852,850,130,328,458,1306
7985,858,856,862,128,334,462,1320
7986,856,856,854,128,332,460,1316
7987,878,876,878,126,334,460,1338
7988,848,850,848,128,332,460,1308
7989,838,840,838,130,330,460,1298
7990,844,842,846,128,334,462,1306
7991,828,828,826,128,332,460,1288
7992,820,820,818,128,330,458,1278
7993,816,820,816,132,326,458,1274
7994,812,810,814,130,330,460,1272
7995,820,818,818,128,330,458,1278
7996,818,818,820,128,332,460,1278
7997,822,822,822,128,332,460,1282
7998,816,816,814,128,330,458,1274
7999,830,832,832,130,330,460,1290
8000,834,834,834,130,330,460,1294
8001,824,822,824,128,332,460,1284
8002,820,822,820,130,330,460,1280
8003,820,818,818,128,330,458,1278
8004,808,810,810,130,330,460,1268
8005,822,822,824,130,332,462,1284
8006,836,834,836,128,334,462,1298
8007,818,820,818,130,332,462,1280
8008,804,802,800,128,330,458,1262
8009,802,802,802,128,330,458,1260
8010,806,804,806,126,332,458,1264
8011,806,810,810,130,332,462,1268
8012,818,816,816,128,332,460,1278
8013,822,824,822,130,330,460,1282
8014,830,828,832,128,334,462,1292
8015,812,814,812,130,332,462,1274
8016,818,814,814,126,332,458,1276
8017,806,808,808,128,332,460,1266
8018,796,796,794,128,330,458,1254
8019,806,806,808,128,332,460,1266
8020,820,822,822,130,332,462,1282
8021,830,828,828,128,332,460,1290
8022,830,832,832,130,332,462,1292
8023,818,816,816,128,332,460,1278
8024,806,806,804,128,330,458,1264
8025,804,806,806,130,330,460,1264
8026,824,822,824,128,332,460,1284
8027,840,842,842,130,332,462,1302
8028,868,866,868,128,334,462,1330
8029,846,846,844,128,332,460,1306
8030,854,854,854,128,332,460,1314
8031,854,854,856,128,334,462,1316
8032,860,860,862,128,336,464,1324
8033,852,854,852,130,334,464,1316
8034,834,834,834,130,334,464,1298
8035,822,820,820,128,334,462,1284
8036,802,804,800,130,330,460,1262
8037,786,786,786,130,330,460,1246
8038,784,782,784,128,332,460,1244
8039,772,776,774,132,330,462,1234
8040,780,778,778,130,330,460,1240
8041,776,774,774,128,330,458,1234
8042,764,766,764,130,328,458,1222
8043,758,756,756,128,328,456,1214
8044,758,760,762,130,330,460,1218
8045,760,762,760,132,328,460,1220
8046,754,754,754,132,328,460,1214
8047,750,750,748,132,326,458,1208
8048,738,736,734,130,324,454,1192
8049,716,716,718,130,326,456,1172
8050,712,712,710,130,324,454,1166
8051,710,710,708,130,322,452,1162
8052,702,704,706,132,324,456,1158
8053,694,694,696,132,326,458,1152
8054,682,684,682,134,324,458,1140
8055,676,674,674,132,324,456,1132
8056,662,666,668,136,326,462,1124
8057,660,664,662,140,324,464,1124
8058,664,658,656,134,322,456,1120
8059,650,650,648,134,320,454,1104
8060,646,644,646,132,322,454,1100
8061,642,644,642,134,320,454,1096
8062,644,640,636,130,316,446,1090
8063,632,636,632,134,312,446,1078
8064,600,638,638,134,312,484,1084
8065,676,638,640,134,314,448,1124
8066,642,640,642,132,316,448,1090
8067,644,644,644,132,316,448,1092
8068,646,644,646,130,318,448,1094
8069,652,652,654,130,320,450,1102
8070,656,656,656,130,320,450,1106
8071,662,662,662,130,320,450,1112
8072,672,672,672,130,320,450,1122
8073,684,682,684,128,322,450,1134
8074,702,700,700,126,322,448,1150
8075,714,714,712,126,320,446,1160
8076,736,738,738,128,320,448,1184
8077,752,752,758,128,326,454,1206
8078,772,770,772,126,328,454,1226
8079,772,772,770,126,326,452,1224
8080,792,792,796,126,330,456,1248
8081,778,780,774,128,324,452,1230
8082,774,772,774,126,326,452,1226
8083,770,772,772,128,326,454,1224
8084,774,772,772,126,326,452,1226
8085,756,758,758,128,326,454,1210
8086,744,742,740,126,324,450,1194
8087,744,746,748,128,326,454,1198
8088,746,744,742,126,324,450,1196
8089,734,738,734,130,320,450,1184
8090,750,748,752,128,324,452,1202
8091,738,740,738,130,322,452,1190
8092,744,740,740,126,322,448,1192
8093,738,740,738,128,320,448,1186
8094,736,738,738,130,320,450,1186
8095,734,734,732,130,318,448,1182
8096,748,744,748,126,322,448,1196
8097,746,750,750,130,322,452,1198
8098,746,744,746,128,324,452,1198
8099,756,756,756,128,324,452,1208
8100,750,752,748,130,320,450,1200
8101,750,748,746,128,318,446,1196
8102,760,762,766,130,322,452,1212
8103,760,760,760,130,322,452,1212
8104,762,760,762,128,324,452,1214
8105,758,758,756,128,322,450,1208
8106,756,756,756,128,322,450,1206
8107,762,764,762,130,320,450,1212
8108,772,772,772,130,320,450,1222
8109,784,784,786,130,322,452,1236
8110,804,802,804,128,324,452,1256
8111,804,804,804,128,324,452,1256
8112,790,790,790,128,324,452,1242
8113,782,782,780,128,322,450,1232
8114,788,788,790,128,324,452,1240
8115,822,822,824,128,326,454,1276
8116,866,864,866,126,328,454,1320
8117,876,878,876,128,326,454,1330
8118,874,872,874,126,328,454,1328
8119,864,864,864,126,328,454,1318
8120,848,852,850,130,326,456,1304
8121,842,840,840,128,326,454,1296
8122,854,852,854,126,328,454,1308
8123,864,864,862,126,326,452,1316
8124,854,856,856,128,326,454,1308
8125,830,830,830,128,326,454,1284
8126,820,818,818,126,326,452,1272
8127,844,846,846,128,326,454,1298
8128,856,856,858,128,328,456,1312
8129,860,860,860,128,328,456,1316
8130,856,856,854,128,326,454,1310
8131,850,852,852,130,326,456,1306
8132,822,820,820,128,326,454,1276
8133,836,838,838,130,326,456,1292
8134,842,840,842,128,328,456,1298
8135,856,854,856,126,330,456,1312
8136,854,856,854,128,328,456,1310
8137,852,852,852,128,328,456,1308
8138,860,860,860,128,328,456,1316
8139,856,856,858,128,330,458,1314
8140,858,860,858,130,328,458,1316
8141,846,846,846,130,328,458,1304
8142,848,844,846,126,330,456,1304
8143,852,854,854,128,330,458,1310
8144,858,858,856,128,328,456,1314
8145,852,850,854,126,332,458,1310
8146,844,844,842,126,330,456,1300
8147,834,834,834,126,330,456,1290
8148,832,832,830,126,328,454,1286
8149,818,822,822,130,328,458,1276
8150,840,838,840,128,330,458,1298
8151,862,860,862,126,332,458,1320
8152,878,880,880,128,332,460,1338
8153,874,874,872,128,330,458,1332
8154,856,856,856,128,330,458,1314
8155,864,864,864,128,330,458,1322
8156,864,866,866,130,330,460,1324
8157,880,878,880,128,332,460,1340
8158,886,884,886,126,334,460,1346
8159,888,888,888,126,334,460,1348
8160,870,872,870,128,332,460,1330
8161,858,860,860,130,332,462,1320
8162,884,880,882,126,334,460,1344
8163,882,884,882,128,332,460,1342
8164,878,876,878,126,334,460,1338
8165,848,850,848,128,332,460,1308
8166,852,852,850,128,330,458,1310
8167,838,838,838,128,330,458,1296
8168,844,844,846,128,332,460,1304
8169,862,860,862,126,334,460,1322
8170,850,852,852,128,334,462,1312
8171,836,838,834,130,330,460,1296
8172,836,834,836,128,332,460,1296
8173,840,840,840,128,332,460,1300
8174,866,866,866,128,332,460,1326
8175,872,872,876,128,336,464,1336
8176,874,872,870,126,334,460,1334
8177,866,870,868,130,332,462,1328
8178,858,858,858,130,332,462,1320
8179,860,858,858,128,332,460,1320
8180,868,868,870,128,334,462,1330
8181,862,862,862,128,334,462,1324
8182,860,860,860,128,334,462,1322
8183,832,832,832,128,334,462,1294
8184,814,814,812,128,332,460,1274
8185,812,812,812,128,332,460,1272
8186,806,806,806,128,332,460,1266
8187,796,798,796,130,330,460,1256
8188,796,796,796,130,330,460,1256
8189,794,792,792,128,330,458,1252
8190,808,812,810,132,328,460,1268
8191,836,834,836,130,330,460,1296
8192,828,828,830,130,332,462,1290
8193,832,832,832,130,332,462,1294
8194,830,828,826,128,330,458,1288
8195,818,818,818,128,330,458,1276
8196,834,834,836,128,332,460,1294
8197,846,844,846,126,334,460,1306
8198,864,864,864,126,334,460,1324
8199,864,864,864,126,334,460,1324
8200,852,854,852,128,332,460,1312
8201,848,846,848,126,334,460,1308
8202,844,846,844,128,332,460,1304
8203,850,848,850,126,334,460,1310
8204,850,850,848,126,332,458,1308
8205,832,834,832,128,330,458,1290
8206,822,822,822,128,330,458,1280
8207,836,836,838,128,332,460,1296
8208,848,846,846,126,332,458,1306
8209,844,846,846,128,332,460,1304
8210,854,854,854,128,332,460,1314
8211,830,830,828,128,330,458,1288
8212,830,832,834,130,332,462,1292
8213,842,838,838,126,332,458,1300
8214,840,842,842,128,332,460,1300
8215,850,848,850,126,334,460,1310
8216,836,840,836,130,330,460,1296
8217,828,828,828,130,330,460,1288
8218,830,828,830,128,332,460,1290
8219,840,842,842,130,332,462,1302
8220,848,846,848,128,334,462,1310
8221,842,842,840,128,332,460,1302
8222,834,834,836,128,334,462,1296
8223,806,808,804,130,330,460,1266
8224,818,816,818,128,332,460,1278
8225,822,824,824,130,332,462,1284
8226,832,830,830,128,332,460,1292
8227,844,844,844,128,332,460,1304
8228,846,846,848,128,334,462,1308
8229,854,854,854,128,334,462,1316
8230,844,844,844,128,334,462,1306
8231,850,850,850,128,334,462,1312
8232,834,832,832,126,334,460,1294
8233,820,824,822,130,332,462,1282
8234,814,812,812,128,332,460,1274
8235,814,816,814,130,330,460,1274
8236,828,826,828,128,332,460,1288
8237,844,846,846,130,332,462,1306
8238,870,866,870,126,336,462,1332
8239,866,868,866,128,334,462,1328
8240,862,862,862,128,334,462,1324
8241,856,856,856,128,334,462,1318
8242,856,854,854,126,334,460,1316
8243,850,850,850,126,334,460,1310
8244,856,856,854,126,332,458,1314
8245,850,852,852,128,332,460,1310
8246,856,858,858,130,332,462,1318
8247,854,854,856,130,334,464,1318
8248,860,858,858,128,334,462,1322
8249,852,850,850,126,334,460,1312
8250,836,838,840,128,336,464,1300
8251,830,830,826,128,332,460,1290
8252,816,816,816,128,332,460,1276
8253,808,808,808,128,332,460,1268
8254,792,792,790,128,330,458,1250
8255,804,804,804,128,330,458,1262
8256,814,814,814,128,330,458,1272
8257,814,816,818,130,332,462,1276
8258,822,822,822,130,332,462,1284
8259,802,802,800,130,330,460,1262
8260,816,814,816,128,332,460,1276
8261,826,828,828,130,332,462,1288
8262,846,844,846,128,334,462,1308
8263,854,856,854,130,332,462,1316
8264,866,866,866,130,332,462,1328
8265,886,884,888,128,336,464,1350
8266,894,894,892,128,334,462,1356
8267,882,880,882,126,336,462,1344
8268,858,860,858,128,334,462,1320
8269,838,838,836,128,332,460,1298
8270,814,816,816,130,332,462,1276
8271,826,824,824,128,332,460,1286
8272,846,844,846,126,334,460,1306
8273,846,848,850,128,336,464,1310
8274,844,846,842,130,332,462,1306
8275,850,846,846,126,332,458,1308
8276,834,836,836,128,332,460,1294
8277,854,856,856,130,332,462,1316
8278,848,844,846,126,334,460,1308
8279,842,844,844,128,334,462,1304
8280,848,846,846,126,334,460,1308
8281,816,816,814,126,332,458,1274
8282,812,814,814,128,332,460,1272
8283,822,824,822,130,330,460,1282
8284,850,846,850,126,334,460,1310
8285,876,878,878,128,334,462,1338
8286,872,872,874,128,336,464,1336
8287,882,882,882,128,336,464,1346
8288,860,858,856,126,334,460,1320
8289,836,838,838,128,334,462,1298
8290,834,832,832,126,334,460,1294
8291,810,812,810,128,332,460,1270
8292,802,800,802,126,334,460,1262
8293,810,816,814,132,332,464,1274
8294,812,810,810,130,332,462,1274
8295,816,812,816,126,336,462,1278
8296,810,814,810,130,332,462,1272
8297,810,810,808,130,330,460,1270
8298,790,788,790,128,332,460,1250
8299,774,778,774,132,328,460,1234
8300,774,772,774,130,330,460,1234
8301,780,778,780,128,332,460,1240
8302,776,776,776,128,332,460,1236
8303,770,772,770,130,330,460,1230
8304,768,766,768,128,332,460,1228
8305,768,770,766,130,328,458,1226
8306,776,776,778,130,330,460,1236
8307,778,778,780,130,332,462,1240
8308,792,790,788,128,330,458,1250
8309,822,824,824,130,330,460,1282
8310,830,830,830,130,330,460,1290
8311,846,846,848,130,332,462,1308
8312,866,864,866,128,334,462,1328
8313,852,852,852,128,334,462,1314
8314,828,828,828,128,334,462,1290
8315,808,810,806,130,330,460,1268
8316,806,806,808,130,332,462,1268
8317,820,818,818,128,332,460,1280
8318,816,816,818,128,334,462,1278
8319,810,810,808,128,332,460,1270
8320,804,806,804,130,330,460,1264
8321,822,822,822,130,330,460,1282
8322,842,840,844,128,334,462,1304
8323,846,848,846,130,332,462,1308
8324,836,834,834,128,332,460,1296
8325,834,834,834,128,332,460,1294
8326,846,844,848,126,336,462,1308
8327,844,846,844,128,334,462,1306
8328,842,844,840,130,330,460,1302
8329,832,830,832,128,332,460,1292
8330,792,794,792,130,330,460,1252
8331,802,800,800,128,330,458,1260
8332,800,802,804,130,332,462,1262
8333,792,790,790,128,332,460,1252
8334,794,796,794,130,330,460,1254
8335,794,794,794,130,330,460,1254
8336,788,788,790,130,332,462,1250
8337,798,798,798,130,332,462,1260
8338,812,812,812,130,332,462,1274
8339,818,818,818,130,332,462,1280
8340,826,824,824,128,332,460,1286
8341,812,814,814,130,332,462,1274
8342,806,804,804,128,332,460,1266
8343,812,814,812,130,330,460,1272
8344,804,802,804,128,332,460,1264
8345,786,788,786,130,330,460,1246
8346,772,770,770,128,330,458,1230
8347,760,762,760,130,328,458,1218
8348,752,754,752,132,326,458,1210
8349,752,750,752,130,328,458,1210
8350,744,744,744,130,328,458,1202
8351,738,738,738,130,328,458,1196
8352,738,738,736,130,326,456,1194
8353,744,744,744,130,326,456,1200
8354,740,740,736,130,322,452,1192
8355,740,742,744,132,324,456,1196
8356,754,754,756,132,326,458,1212
8357,760,756,758,128,328,456,1216
8358,752,752,750,128,326,454,1206
8359,758,758,758,128,326,454,1212
8360,764,766,766,130,326,456,1220
8361,764,764,764,130,326,456,1220
8362,770,770,770,130,326,456,1226
8363,764,764,764,130,326,456,1220
8364,762,760,762,128,328,456,1218
8365,750,752,748,130,324,454,1204
8366,746,744,744,128,324,452,1198
8367,736,738,736,130,322,452,1188
8368,736,738,738,132,322,454,1190
8369,734,732,732,130,322,452,1186
8370,730,730,732,130,324,454,1184
8371,730,732,732,132,324,456,1186
8372,734,732,732,130,324,454,1188
8373,738,736,736,128,324,452,1190
8374,738,742,740,132,322,454,1192
8375,750,748,750,130,324,454,1204
8376,752,754,756,132,326,458,1210
8377,752,750,750,130,326,456,1208
8378,750,750,748,130,324,454,1204
8379,746,744,744,128,324,452,1198
8380,734,738,734,132,320,452,1186
8381,742,740,742,130,322,452,1194
8382,746,750,748,134,320,454,1200
8383,746,740,744,128,324,452,1198
8384,744,748,748,132,324,456,1200
8385,742,740,738,130,322,452,1194
8386,744,744,744,130,322,452,1196
8387,738,740,736,132,318,450,1188
8388,754,750,756,128,324,452,1206
8389,752,754,754,130,324,454,1206
8390,752,752,752,130,324,454,1206
8391,754,754,754,130,324,454,1208
8392,768,768,766,130,322,452,1220
8393,768,768,768,130,322,452,1220
8394,808,808,810,130,324,454,1262
8395,818,818,820,130,326,456,1274
8396,828,826,826,128,326,454,1282
8397,824,824,824,128,326,454,1278
8398,814,814,816,128,328,456,1270
8399,798,798,796,128,326,454,1252
8400,794,794,794,128,326,454,1248
8401,814,816,816,130,326,456,1270
8402,814,814,816,130,328,458,1272
8403,834,832,830,128,326,454,1288
8404,818,820,820,130,326,456,1274
8405,814,812,812,128,326,454,1268
8406,806,806,806,128,326,454,1260
8407,826,828,828,130,326,456,1282
8408,826,824,826,128,328,456,1282
8409,832,834,834,130,328,458,1290
8410,826,824,824,128,328,456,1282
8411,812,812,810,128,326,454,1266
8412,804,806,804,130,324,454,1258
8413,818,816,820,128,328,456,1274
8414,828,828,828,128,328,456,1284
8415,840,838,840,126,330,456,1296
8416,854,856,856,128,330,458,1312
8417,838,838,836,128,328,456,1294
8418,838,838,838,128,328,456,1294
8419,832,834,834,130,328,458,1290
8420,832,832,834,130,330,460,1292
8421,846,842,844,126,332,458,1304
8422,836,838,836,128,330,458,1294
8423,830,830,828,128,328,456,1286
8424,816,818,818,130,328,458,1274
8425,808,806,806,128,328,456,1264
8426,824,828,828,132,328,460,1284
8427,850,846,848,128,330,458,1308
8428,846,844,846,126,332,458,1304
8429,838,840,840,128,332,460,1298
8430,836,838,836,130,330,460,1296
8431,826,824,822,128,328,456,1282
8432,826,826,828,128,330,458,1284
8433,846,846,846,128,330,458,1304
8434,862,864,866,130,332,462,1324
8435,848,846,846,128,332,460,1308
8436,844,842,842,126,332,458,1302
8437,834,836,834,128,330,458,1292
8438,840,842,842,130,330,460,1300
8439,858,856,858,128,332,460,1318
8440,826,828,824,130,328,458,1284
8441,814,816,818,132,330,462,1276
8442,828,824,824,128,330,458,1286
8443,828,830,830,130,330,460,1288
8444,830,830,830,130,330,460,1290
8445,840,838,840,128,332,460,1300
8446,850,852,852,130,332,462,1312
8447,848,848,848,130,332,462,1310
8448,846,846,844,130,330,460,1306
8449,868,866,868,128,332,460,1328
8450,882,884,884,130,332,462,1344
8451,886,884,886,128,334,462,1348
8452,884,884,884,128,334,462,1346
8453,866,862,862,124,334,458,1324
8454,816,822,818,130,330,460,1276
8455,818,820,820,132,330,462,1280
8456,824,822,822,130,330,460,1284
8457,818,818,818,130,330,460,1278
8458,818,816,818,128,332,460,1278
8459,818,820,818,130,330,460,1278
8460,810,810,812,130,332,462,1272
8461,820,820,818,130,330,460,1280
8462,830,828,830,128,332,460,1290
8463,846,846,846,128,332,460,1306
8464,846,848,846,130,330,460,1306
8465,840,838,840,128,332,460,1300
8466,828,830,828,130,330,460,1288
8467,866,866,866,130,330,460,1326
8468,876,872,876,126,334,460,1336
8469,882,884,886,128,336,464,1346
8470,866,866,864,128,334,462,1328
8471,856,856,856,128,334,462,1318
8472,858,856,856,126,334,460,1318
8473,828,832,828,130,330,460,1288
8474,828,826,828,128,332,460,1288
8475,820,822,822,130,332,462,1282
8476,822,820,820,128,332,460,1282
8477,822,822,822,128,332,460,1282
8478,814,816,816,130,332,462,1276
8479,804,806,802,132,328,460,1264
8480,814,812,814,130,330,460,1274
8481,842,842,844,130,332,462,1304
8482,846,842,842,126,332,458,1304
8483,850,852,852,128,332,460,1310
8484,846,844,846,126,334,460,1306
8485,842,842,840,126,332,458,1300
8486,800,806,804,132,330,462,1262
8487,806,804,802,130,328,458,1264
8488,820,818,822,128,332,460,1280
8489,834,836,836,130,332,462,1296
8490,878,874,876,126,334,460,1338
8491,884,886,886,128,334,462,1346
8492,888,888,888,128,334,462,1350
8493,918,918,918,128,334,462,1380
8494,928,928,930,128,336,464,1392
8495,926,924,924,126,336,462,1388
8496,910,910,912,126,338,464,1374
8497,888,888,886,126,336,462,1350
8498,872,874,874,128,336,464,1336
8499,854,856,854,130,334,464,1318
8500,840,838,838,128,334,462,1302
8501,848,846,846,126,334,460,1308
8502,854,858,858,130,334,464,1318
8503,876,874,874,128,334,462,1338
8504,880,878,880,126,336,462,1342
8505,878,882,882,130,336,466,1344
8506,870,868,868,128,336,464,1334
8507,866,868,868,130,336,466,1332
8508,830,830,826,130,332,462,1292
8509,832,828,828,126,332,458,1290
8510,836,840,840,130,332,462,1298
8511,832,830,832,128,334,462,1294
8512,834,838,836,132,332,464,1298
8513,838,834,836,128,334,462,1300
8514,814,818,814,132,330,462,1276
8515,844,842,844,130,332,462,1306
8516,856,856,858,130,334,464,1320
8517,870,870,870,130,334,464,1334
8518,872,870,872,128,336,464,1336
8519,868,868,870,128,338,466,1334
8520,866,868,864,130,334,464,1330
8521,878,874,876,126,336,462,1340
8522,876,878,878,128,336,464,1340
8523,862,866,864,132,334,466,1328
8524,864,862,862,130,334,464,1328
8525,858,860,860,132,334,466,1324
8526,856,850,852,126,336,462,1318
8527,832,834,830,128,332,460,1292
8528,818,820,822,130,334,464,1282
8529,800,798,794,128,330,458,1258
8530,806,808,808,130,330,460,1266
8531,824,824,826,130,332,462,1286
8532,856,856,858,130,334,464,1320
8533,876,876,876,130,334,464,1340
8534,860,860,860,130,334,464,1324
8535,870,868,870,128,336,464,1334
8536,830,834,832,132,334,466,1296
8537,856,850,852,126,336,462,1318
8538,880,882,880,128,334,462,1342
8539,898,898,900,128,336,464,1362
8540,880,882,880,130,334,464,1344
8541,878,876,876,128,334,462,1340
8542,870,872,872,130,334,464,1334
8543,840,838,840,128,336,464,1304
8544,824,824,822,128,334,462,1286
8545,826,826,826,128,334,462,1288
8546,806,808,806,130,332,462,1268
8547,826,822,824,126,334,460,1286
8548,846,850,850,130,334,464,1310
8549,862,860,860,128,334,462,1324
8550,850,852,850,130,332,462,1312
8551,842,840,844,128,336,464,1306
8552,824,826,822,130,332,462,1286
8553,828,828,828,130,332,462,1290
8554,818,816,818,128,334,462,1280
8555,810,810,808,128,332,460,1270
8556,792,794,792,130,330,460,1252
8557,784,782,782,128,330,458,1242
8558,770,772,770,130,328,458,1228
8559,778,776,778,128,330,458,1236
8560,780,782,782,130,330,460,1240
8561,782,778,780,126,332,458,1240
8562,778,778,778,126,332,458,1236
8563,770,774,768,130,326,456,1226
8564,770,768,772,128,330,458,1228
8565,772,770,768,126,328,454,1226
8566,772,776,776,130,328,458,1230
8567,774,774,774,130,328,458,1232
8568,766,766,766,130,328,458,1224
8569,756,756,756,130,328,458,1214
8570,758,760,758,132,326,458,1216
8571,760,758,758,130,326,456,1216
8572,764,764,762,130,324,454,1218
8573,776,776,778,130,326,456,1232
8574,772,774,774,132,326,458,1230
8575,762,762,762,132,326,458,1220
8576,740,738,736,130,324,454,1194
8577,714,716,716,132,324,456,1170
8578,702,702,700,132,322,454,1156
8579,642,698,694,146,318,466,1148
8580,718,690,690,139,318,478,1196
8581,708,680,682,132,320,452,1160
8582,666,674,676,140,322,462,1128
8583,668,662,660,134,320,454,1122
8584,660,658,660,132,322,454,1114
8585,604,654,650,137,318,457,1104
8586,686,646,646,142,318,460,1146
8587,644,638,632,136,312,448,1092
8588,598,632,638,135,318,452,1086
8589,660,624,628,134,322,456,1116
8590,618,620,622,136,324,460,1078
8591,616,612,608,132,320,452,1068
8592,604,606,604,134,318,452,1056
8593,594,600,600,140,318,458,1052
8594,598,596,592,138,314,452,1050
8595,592,594,594,140,314,454,1046
8596,592,590,592,138,316,454,1046
8597,594,592,590,136,314,450,1044
8598,594,594,598,136,318,454,1048
8599,594,594,592,136,316,452,1046
8600,570,602,602,136,316,484,1054
8601,660,628,634,136,322,458,1118
8602,678,676,678,134,324,458,1136
8603,764,756,762,126,330,456,1220
8604,806,808,816,128,338,466,1272
8605,802,806,806,132,338,470,1272
8606,870,862,868,124,344,468,1338
8607,866,866,868,124,346,470,1336
8608,876,878,876,126,344,470,1346
8609,744,818,818,127,344,471,1288
8610,886,814,814,128,344,472,1358
8611,802,800,798,126,342,468,1270
8612,806,806,808,126,344,470,1276
8613,762,762,758,126,340,466,1228
8614,742,746,744,130,338,468,1210
8615,722,728,726,136,336,472,1194
8616,732,732,734,136,338,474,1206
8617,738,732,730,130,336,466,1204
8618,722,722,718,130,332,462,1184
8619,726,724,726,128,334,462,1188
8620,720,720,718,128,332,460,1180
8621,718,718,718,128,332,460,1178
8622,716,720,718,132,330,462,1178
8623,730,728,730,130,332,462,1192
8624,722,724,718,132,326,458,1180
8625,736,732,734,128,328,456,1192
8626,728,730,730,130,328,458,1186
8627,734,732,730,128,326,454,1188
8628,716,728,726,140,324,464,1180
8629,752,742,744,130,326,456,1208
8630,768,766,766,128,326,454,1222
8631,776,774,776,126,328,454,1230
8632,782,782,780,126,326,452,1234
8633,780,784,786,130,328,458,1238
8634,776,780,776,134,324,458,1234
8635,778,772,774,128,326,454,1232
8636,786,788,788,130,326,456,1242
8637,802,798,798,126,326,452,1254
8638,800,802,802,128,326,454,1254
8639,800,800,800,128,326,454,1254
8640,810,808,810,126,328,454,1264
8641,838,838,836,126,326,452,1290
8642,872,868,872,122,330,452,1324
8643,882,884,884,124,330,454,1336
8644,864,866,864,126,328,454,1318
8645,860,858,860,124,330,454,1314
8646,848,848,848,124,330,454,1302
8647,846,846,846,124,330,454,1300
8648,834,836,834,126,328,454,1288
8649,818,818,818,126,328,454,1272
8650,808,810,810,128,328,456,1264
8651,786,784,784,126,328,454,1240
8652,770,772,768,128,324,452,1222
8653,750,754,752,132,322,454,1204
8654,758,758,760,132,324,456,1214
8655,766,766,766,132,324,456,1222
8656,790,786,786,128,324,452,1242
8657,804,804,806,128,326,454,1258
8658,806,808,806,130,324,454,1260
8659,800,798,798,128,324,452,1252
8660,800,800,800,128,324,452,1252
8661,806,806,806,128,324,452,1258
8662,794,794,796,128,326,454,1248
8663,786,788,784,130,322,452,1238
8664,766,764,766,128,324,452,1218
8665,744,748,744,132,320,452,1196
8666,746,744,744,130,320,450,1196
8667,756,760,762,134,322,456,1212
8668,770,766,766,130,322,452,1222
8669,762,762,764,130,324,454,1216
8670,748,750,748,132,322,454,1202
8671,716,714,712,130,320,450,1166
8672,684,690,686,136,316,452,1136
8673,688,686,690,134,320,454,1142
8674,682,688,684,140,316,456,1138
8675,696,690,692,134,318,452,1148
8676,694,696,696,136,318,454,1148
8677,710,704,706,130,320,450,1160
8678,708,712,708,134,316,450,1158
8679,666,720,722,132,318,448,1172
8680,780,722,720,130,316,446,1226
8681,728,728,734,130,322,452,1180
8682,728,730,728,132,320,452,1180
8683,720,720,718,132,318,450,1170
8684,706,708,710,134,320,454,1160
8685,696,696,696,134,320,454,1150
8686,682,682,676,134,314,448,1130
8687,674,674,670,134,310,444,1118
8688,660,664,664,138,310,448,1108
8689,636,676,676,159,310,471,1124
8690,686,688,692,170.5,314,484.5,1180
8691,704,706,708,176.25,316,491.25,1202
8692,714,714,714,154.125,316,470.625,1212
8693,774,724,726,132,318,450,1224
8694,740,742,742,134,318,452,1192
8695,746,744,744,132,318,450,1196
8696,758,756,758,130,320,450,1208
8697,772,770,772,128,322,450,1222
8698,766,772,772,134,322,456,1222
8699,788,786,786,132,322,454,1242
8700,782,780,780,130,322,452,1234
8701,780,780,778,130,320,450,1230
8702,788,788,790,130,322,452,1240
8703,784,784,786,130,324,454,1238
8704,790,788,788,128,324,452,1242
8705,768,778,778,138,324,462,1230
8706,814,806,806,130,324,454,1268
8707,786,788,784,132,320,452,1238
8708,808,806,810,130,324,454,1262
8709,796,796,792,130,320,450,1246
8710,790,792,794,132,322,454,1244
8711,770,770,768,132,320,452,1222
8712,764,764,764,132,320,452,1216
8713,712,776,778,132,322,452,1230
8714,840,776,774,132,320,452,1292
8715,784,782,786,130,324,454,1238
8716,778,778,776,130,322,452,1230
8717,778,778,778,130,322,452,1230
8718,770,772,770,132,320,452,1222
8719,774,770,772,128,322,450,1224
8720,784,786,784,130,320,450,1234
8721,784,784,786,130,322,452,1236
8722,806,806,808,130,324,454,1260
8723,790,792,788,132,320,452,1242
8724,784,782,784,130,322,452,1236
8725,788,790,788,132,320,452,1240
8726,780,780,778,132,318,450,1230
8727,780,780,784,132,322,454,1234
8728,780,780,778,132,320,452,1232
8729,768,770,770,134,320,454,1222
8730,756,756,754,134,318,452,1208
8731,756,754,754,132,318,450,1206
8732,764,764,764,132,318,450,1214
8733,764,766,766,134,318,452,1216
8734,764,762,764,132,320,452,1216
8735,772,770,768,130,318,448,1220
8736,764,762,766,128,322,450,1214
8737,760,762,760,130,320,450,1210
8738,776,778,778,132,320,452,1228
8739,788,788,788,132,320,452,1240
8740,790,790,790,132,320,452,1242
8741,786,786,784,132,318,450,1236
8742,776,774,778,130,322,452,1228
8743,764,766,766,132,322,454,1218
8744,768,768,766,132,320,452,1220
8745,776,774,776,130,322,452,1228
8746,774,776,774,132,320,452,1226
8747,780,778,778,130,320,450,1230
8748,766,766,766,130,320,450,1216
8749,780,784,782,134,318,452,1232
8750,794,790,792,130,320,450,1244
8751,792,794,796,132,322,454,1246
8752,812,808,808,128,322,450,1262
8753,812,816,816,132,322,454,1266
8754,788,786,788,130,324,454,1242
8755,760,764,760,134,320,454,1214
8756,754,752,752,132,320,452,1206
8757,768,770,770,134,320,454,1222
8758,798,798,800,134,322,456,1254
8759,822,822,822,134,322,456,1278
8760,834,830,834,130,326,456,1290
8761,792,794,790,132,322,454,1246
8762,762,764,762,134,320,454,1216
8763,694,748,748,136,320,454,1202
8764,780,730,726,138,316,454,1234
8765,722,720,722,136,318,454,1176
8766,664,714,716,134,320,453,1170
8767,774,720,720,132,320,452,1226
8768,722,726,720,136,314,450,1172
8769,722,720,726,134,320,454,1176
8770,718,718,714,134,316,450,1168
8771,718,712,714,128,318,446,1164
8772,708,710,710,130,318,448,1156
8773,700,706,708,136,320,456,1156
8774,696,690,688,130,318,448,1144
8775,678,682,680,134,316,450,1128
8776,672,672,670,134,314,448,1120
8777,614,664,662,138,312,451,1110
8778,710,668,668,142,312,454,1164
8779,662,660,660,140,312,452,1114
8780,670,668,668,138,312,450,1120
8781,688,686,688,136,314,450,1138
8782,696,698,700,138,316,454,1150
8783,726,722,724,134,318,452,1178
8784,736,734,734,132,318,450,1186
8785,738,740,740,134,318,452,1190
8786,746,742,742,130,318,448,1194
8787,742,746,744,134,316,450,1192
8788,768,766,770,132,320,452,1220
8789,762,762,760,132,318,450,1212
8790,766,766,768,132,320,452,1218
8791,750,750,750,132,320,452,1202
8792,760,756,758,128,322,450,1210
8793,768,772,770,132,320,452,1220
8794,794,792,792,130,320,450,1244
8795,828,828,830,130,322,452,1280
8796,826,824,826,128,324,452,1278
8797,816,818,818,130,324,454,1270
8798,808,808,806,130,322,452,1260
8799,788,790,788,132,320,452,1240
8800,838,838,840,132,322,454,1292
8801,856,852,854,128,324,452,1308
8802,854,856,858,130,326,456,1310
8803,840,838,836,128,324,452,1292
8804,824,826,828,130,326,456,1280
8805,834,832,830,128,324,452,1286
8806,836,838,840,130,326,456,1292
8807,844,844,842,130,324,454,1298
8808,846,844,846,128,326,454,1300
8809,774,838,836,128,324,454,1290
8810,902,838,840,128,326,454,1356
8811,844,846,846,130,326,456,1300
8812,860,860,860,130,326,456,1316
8813,860,860,860,130,326,456,1316
8814,836,838,838,132,326,458,1294
8815,822,822,820,132,324,456,1278
8816,832,830,830,130,324,454,1286
8817,834,834,834,130,324,454,1288
8818,836,838,838,132,324,456,1292
8819,836,834,836,130,326,456,1292
8820,824,824,820,130,322,452,1276
8821,828,830,832,132,324,456,1284
8822,850,848,850,130,326,456,1306
8823,866,866,868,130,328,458,1324
8824,872,872,872,130,328,458,1330
8825,868,868,868,130,328,458,1326
8826,868,868,868,130,328,458,1326
8827,852,852,850,130,326,456,1308
8828,876,878,880,132,328,460,1336
8829,892,890,892,130,330,460,1352
8830,880,878,878,128,330,458,1338
8831,832,836,834,132,328,460,1292
8832,834,832,830,130,326,456,1290
8833,826,826,826,130,326,456,1282
8834,848,848,850,130,328,458,1306
8835,850,850,850,130,328,458,1308
8836,850,850,850,130,328,458,1308
8837,848,848,848,130,328,458,1306
8838,846,848,850,132,330,462,1308
8839,844,846,842,134,326,460,1304
8840,840,838,840,132,328,460,1300
8841,824,822,822,130,328,458,1282
8842,802,802,802,130,328,458,1260
8843,722,784,782,131,326,457,1240
8844,844,784,782,132,324,456,1300
8845,780,780,780,132,324,456,1236
8846,784,782,784,130,326,456,1240
8847,750,754,750,134,322,456,1206
8848,716,716,718,134,324,458,1174
8849,704,702,700,132,322,454,1158
8850,700,702,700,134,320,454,1154
8851,702,704,702,136,318,454,1156
8852,688,704,704,135,318,470,1158
8853,728,710,712,134,320,454,1182
8854,720,714,714,128,320,448,1168
8855,712,712,714,128,322,450,1162
8856,700,702,700,130,320,450,1150
8857,694,696,696,132,320,452,1146
8858,676,682,678,138,316,454,1130
8859,632,672,672,137,316,453,1126
8860,712,670,670,136,316,452,1164
8861,660,662,662,138,316,454,1114
8862,660,658,660,136,318,454,1114
8863,658,658,658,136,318,454,1112
8864,664,662,660,134,316,450,1114
8865,678,676,676,132,316,448,1126
8866,692,692,696,132,320,452,1144
8867,714,712,714,130,322,452,1166
8868,732,732,734,130,324,454,1186
8869,744,744,742,130,322,452,1196
8870,746,744,744,128,322,450,1196
8871,758,760,760,130,322,452,1210
8872,770,770,770,130,322,452,1222
8873,778,778,780,130,324,454,1232
8874,782,780,782,128,326,454,1236
8875,796,798,796,130,324,454,1250
8876,784,784,782,130,322,452,1236
8877,780,776,778,126,324,450,1230
8878,802,806,806,130,324,454,1256
8879,822,822,824,130,326,456,1278
8880,828,826,828,128,328,456,1284
8881,834,836,836,130,328,458,1292
8882,820,818,816,128,326,454,1274
8883,806,808,808,130,326,456,1262
8884,828,830,830,132,326,458,1286
8885,852,850,852,130,328,458,1310
8886,860,858,858,128,328,456,1316
8887,860,862,860,130,326,456,1316
8888,846,844,846,128,328,456,1302
8889,820,822,822,130,328,458,1278
8890,834,832,832,128,328,456,1290
8891,842,844,844,130,328,458,1300
8892,824,824,824,130,328,458,1282
8893,822,822,820,130,326,456,1278
8894,808,806,808,128,328,456,1264
8895,790,794,792,132,326,458,1248
8896,808,806,806,130,326,456,1264
8897,804,804,804,130,326,456,1260
8898,802,802,802,130,326,456,1258
8899,804,802,804,128,328,456,1260
8900,780,782,780,130,326,456,1236
8901,790,792,790,132,324,456,1246
8902,800,800,800,132,324,456,1256
8903,806,804,808,130,328,458,1264
8904,830,832,832,132,328,460,1290
8905,844,842,840,130,326,456,1300
8906,834,834,836,130,328,458,1292
8907,836,836,834,130,326,456,1292
8908,856,856,858,130,328,458,1314
8909,862,862,862,130,328,458,1320
8910,854,854,854,130,328,458,1312
8911,840,838,838,128,328,456,1296
8912,824,824,822,128,326,454,1278
8913,836,838,840,130,328,458,1294
8914,832,834,834,132,328,460,1292
8915,820,818,818,130,328,458,1278
8916,804,804,800,130,324,454,1258
8917,778,784,786,136,326,462,1240
8918,758,752,750,130,324,454,1212
8919,732,736,734,134,322,456,1188
8920,734,732,732,132,322,454,1188
8921,730,728,728,130,322,452,1182
8922,726,728,728,132,322,454,1180
8923,722,724,722,134,320,454,1176
8924,704,714,714,132,320,464,1168
8925,722,708,702,130,314,444,1166
8926,683,690,686,137,310,447,1130
8927,705,700,702,132,312,444,1149
8928,672,722,722,133,312,447,1166
8929,762,714,718,134,316,450,1212
8930,692,700,694,142,310,452,1144
8931,684,678,676,136,308,444,1128
8932,678,670,672,128,310,438,1116
8933,662,666,664,132,308,440,1102
8934,612,658,662,159,312,471,1102
8935,648,656,660,143.5,316,458.5,1150
8936,708,650,652,128,318,446,1154
8937,600,644,648,153,322,469,1094
8938,634,640,632,166.5,314,482.5,1126
8939,626,628,630,151.25,316,471.25,1122
8940,666,622,630,136,324,460,1126
8941,622,618,610,132,316,448,1070
8942,612,616,616,136,316,452,1064
8943,604,608,606,140,314,454,1058
8944,602,602,602,140,314,454,1056
8945,598,598,596,140,312,452,1050
8946,600,598,598,138,312,450,1050
8947,592,590,592,136,314,450,1042
8948,590,594,590,140,310,450,1040
8949,594,592,590,138,308,446,1040
8950,596,594,596,136,310,446,1042
8951,600,600,602,136,312,448,1048
8952,610,610,612,136,314,450,1060
8953,626,626,628,136,316,452,1078
8954,642,640,644,134,320,454,1096
8955,656,650,652,128,322,450,1106
8956,670,670,670,128,322,450,1120
8957,694,690,694,124,326,450,1144
8958,720,722,724,126,328,454,1174
8959,750,756,756,132,328,460,1210
8960,796,790,792,126,330,456,1252
8961,810,812,814,128,332,460,1270
8962,844,840,842,124,334,458,1302
8963,858,860,862,126,336,462,1320
8964,816,814,810,124,332,456,1272
8965,804,804,806,124,334,458,1262
8966,786,788,786,126,332,458,1244
8967,768,772,772,130,332,462,1230
8968,784,788,786,134,330,464,1248
8969,812,802,802,124,330,454,1266
8970,820,820,822,124,332,456,1276
8971,832,832,832,124,332,456,1288
8972,810,812,810,126,330,456,1266
8973,800,800,800,126,330,456,1256
8974,792,798,798,132,330,462,1254
8975,838,832,832,126,330,456,1294
8976,846,846,846,126,330,456,1302
8977,844,844,842,126,328,454,1298
8978,836,834,836,124,330,454,1290
8979,816,818,818,126,330,456,1272
8980,790,796,794,132,328,460,1250
8981,816,812,810,128,326,454,1270
8982,796,796,796,128,326,454,1250
8983,798,796,798,126,328,454,1252
8984,808,808,806,126,326,452,1260
8985,810,810,812,126,328,454,1264
8986,808,812,810,130,326,456,1264
8987,840,838,838,128,326,454,1294
8988,844,842,842,126,326,452,1296
8989,842,842,844,126,328,454,1296
8990,834,834,834,126,328,454,1288
8991,802,806,806,130,328,458,1260
8992,806,806,804,130,326,456,1262
8993,816,814,812,128,324,452,1268
8994,804,802,806,126,328,454,1258
8995,734,802,802,128,328,454,1256
8996,868,804,800,130,324,454,1322
8997,790,788,788,128,324,452,1242
8998,800,800,800,128,324,452,1252
8999,812,814,812,130,322,452,1264
9000,806,804,806,128,324,452,1258
9001,792,790,790,126,324,450,1242
9002,776,784,784,134,324,458,1234
9003,782,776,774,128,322,450,1232
9004,786,786,788,128,324,452,1238
9005,786,784,784,126,324,450,1236
9006,780,780,780,126,324,450,1230
9007,778,780,780,128,324,452,1230
9008,780,780,778,128,322,450,1230
9009,782,782,782,128,322,450,1232
9010,796,796,798,128,324,452,1248
9011,796,796,796,128,324,452,1248
9012,798,796,796,126,324,450,1248
9013,774,776,776,128,324,452,1226
9014,762,764,762,130,322,452,1214
9015,764,764,766,130,324,454,1218
9016,764,762,762,128,324,452,1216
9017,764,766,762,130,320,450,1214
9018,764,762,764,128,322,450,1214
9019,754,754,754,128,322,450,1204
9020,750,752,752,130,322,452,1202
9021,758,760,756,132,318,450,1208
9022,740,736,738,128,320,448,1188
9023,782,784,784,130,320,450,1232
9024,780,778,780,128,322,450,1230
9025,758,762,760,132,320,452,1210
9026,744,740,742,128,322,450,1194
9027,740,740,740,128,322,450,1190
9028,724,728,726,132,320,452,1176
9029,722,720,722,130,322,452,1174
9030,722,722,720,130,320,450,1172
9031,718,720,720,132,320,452,1170
9032,724,724,724,132,320,452,1176
9033,720,718,720,130,322,452,1172
9034,714,716,712,132,318,450,1164
9035,712,712,712,132,318,450,1162
9036,728,728,728,132,318,450,1178
9037,736,734,736,130,320,450,1186
9038,750,748,750,128,322,450,1200
9039,756,756,756,128,322,450,1206
9040,754,756,754,130,320,450,1204
9041,746,746,746,130,320,450,1196
9042,756,756,756,130,320,450,1206
9043,772,772,772,130,320,450,1222
9044,782,780,784,128,324,452,1234
9045,782,784,780,130,320,450,1232
9046,776,776,778,130,322,452,1228
9047,754,756,756,132,322,454,1208
9048,762,762,760,132,320,452,1214
9049,760,756,760,128,324,452,1212
9050,748,750,748,130,322,452,1200
9051,736,738,734,132,318,450,1186
9052,734,732,734,130,320,450,1184
9053,738,738,738,130,320,450,1188
9054,754,754,756,130,322,452,1206
9055,746,744,744,128,322,450,1196
9056,740,742,742,130,322,452,1192
9057,736,738,734,132,318,450,1186
9058,722,720,720,130,318,448,1170
9059,716,718,716,132,316,448,1164
9060,700,700,702,132,318,450,1150
9061,690,690,690,132,318,450,1140
9062,686,686,684,132,316,448,1134
9063,672,672,670,132,314,446,1118
9064,620,666,666,137,314,451,1112
9065,708,672,672,142,314,456,1164
9066,646,684,682,168,312,482,1138
9067,692,706,708,178,314,493,1200
9068,728,722,724,156,316,473.5,1232
9069,776,722,726,134,320,454,1230
9070,702,708,704,140,316,456,1158
9071,704,696,696,132,316,448,1152
9072,690,688,690,130,318,448,1138
9073,680,682,678,132,314,446,1126
9074,672,672,672,132,314,446,1118
9075,676,676,678,132,316,448,1124
9076,692,694,694,134,316,450,1142
9077,718,714,718,130,320,450,1168
9078,736,736,736,130,320,450,1186
9079,750,748,750,128,322,450,1200
9080,760,760,762,128,324,452,1212
9081,766,766,764,128,322,450,1216
9082,752,754,752,130,320,450,1202
9083,772,770,772,128,322,450,1222
9084,758,760,762,130,324,454,1212
9085,752,754,752,132,322,454,1206
9086,748,746,744,130,320,450,1198
9087,744,744,744,130,320,450,1194
9088,770,768,768,128,320,448,1218
9089,770,772,774,130,322,452,1222
9090,760,760,760,130,322,452,1212
9091,762,762,762,130,322,452,1214
9092,764,764,762,130,320,450,1214
9093,748,748,748,130,320,450,1198
9094,734,734,732,130,318,448,1182
9095,740,740,740,130,318,448,1188
9096,748,748,752,130,322,452,1200
9097,758,758,758,130,322,452,1210
9098,760,758,758,128,322,450,1210
9099,744,746,742,130,318,448,1192
9100,738,738,738,130,318,448,1186
9101,744,746,748,132,320,452,1196
9102,748,748,748,132,320,452,1200
9103,758,756,758,130,322,452,1210
9104,748,750,748,132,320,452,1200
9105,748,746,744,130,318,448,1196
9106,740,742,742,132,318,450,1190
9107,756,756,754,132,316,448,1204
9108,770,768,772,130,320,450,1220
9109,760,760,760,130,320,450,1210
9110,758,758,756,130,318,448,1206
9111,756,756,756,130,318,448,1204
9112,748,748,748,130,318,448,1196
9113,764,766,768,132,320,452,1216
9114,764,762,764,130,322,452,1216
9115,748,748,748,130,322,452,1200
9116,756,756,754,130,320,450,1206
9117,742,742,742,130,320,450,1192
9118,748,750,748,132,318,450,1198
9119,770,770,772,132,320,452,1222
9120,766,766,768,132,322,454,1220
9121,758,756,756,130,322,452,1210
9122,742,742,742,130,322,452,1194
9123,740,740,738,130,320,450,1190
9124,724,724,722,130,318,448,1172
9125,732,732,732,130,318,448,1180
9126,740,742,742,132,318,450,1190
9127,746,746,748,132,320,452,1198
9128,742,740,742,130,322,452,1194
9129,738,740,736,132,318,450,1188
9130,732,734,732,134,316,450,1182
9131,734,730,732,130,318,448,1182
9132,736,738,740,132,320,452,1188
9133,726,726,726,132,320,452,1178
9134,730,730,728,132,318,450,1180
9135,724,724,722,132,316,448,1172
9136,726,726,722,132,312,444,1170
9137,654,706,716,132,322,443,1160
9138,752,700,688,132,310,442,1194
9139,674,698,698,138,310,466,1140
9140,710,698,692,156,304,448,1158
9141,654,684,690,143,310,484,1138
9142,724,680,676,130,306,436,1160
9143,662,668,676,136,314,450,1112
9144,602,654,648,155,308,467,1098
9145,662,648,650,168,310,484,1146
9146,621,628,632,174.5,314,488.5,1116
9147,618,618,616,178.25,312,489.25,1111
9148,615,616,612,173.125,308,483.625,1105
9149,622,608,610,155.562,310,478,1100
9150,632,602,604,138,312,450,1082
9151,602,600,602,136,314,450,1052
9152,594,594,592,136,312,448,1042
9153,594,594,592,136,310,446,1040
9154,588,590,590,138,310,448,1036
9155,592,590,590,136,310,446,1038
9156,588,592,590,140,308,448,1036
9157,594,590,592,136,310,446,1040
9158,592,594,598,138,314,452,1044
9159,602,598,602,134,318,452,1054
9160,602,602,602,134,318,452,1054
9161,606,606,606,134,318,452,1058
9162,616,614,616,132,320,452,1068
9163,622,622,622,132,320,452,1074
9164,634,634,634,132,320,452,1086
9165,642,640,642,130,322,452,1094
9166,652,648,650,126,324,450,1102
9167,666,666,668,126,326,452,1118
9168,678,676,678,124,328,452,1130
9169,686,688,688,126,328,454,1140
9170,692,688,690,122,330,452,1144
9171,688,690,686,124,326,450,1138
9172,676,682,678,130,322,452,1128
9173,672,670,674,128,326,454,1126
9174,656,658,654,130,322,452,1108
9175,652,652,652,130,322,452,1104
9176,650,650,650,130,322,452,1102
9177,654,650,652,126,324,450,1104
9178,650,652,652,128,324,452,1102
9179,652,652,652,128,324,452,1104
9180,654,656,652,130,320,450,1104
9181,652,652,648,130,316,446,1098
9182,658,656,654,128,314,442,1100
9183,658,660,662,130,316,446,1104
9184,672,670,670,128,316,444,1116
9185,682,680,684,126,320,446,1128
9186,688,690,690,128,320,448,1136
9187,696,696,692,128,316,444,1140
9188,696,696,696,128,316,444,1140
9189,700,698,696,126,314,440,1140
9190,706,706,708,126,316,442,1148
9191,714,714,714,126,316,442,1156
9192,714,714,716,126,318,444,1158
9193,714,714,716,126,320,446,1160
9194,706,706,702,126,316,442,1148
9195,702,702,700,126,314,440,1142
9196,704,706,704,128,312,440,1144
9197,714,714,716,128,314,442,1156
9198,720,720,720,128,314,442,1162
9199,728,726,728,126,316,442,1170
9200,726,726,726,126,316,442,1168
9201,722,722,722,126,316,442,1164
9202,722,722,720,126,314,440,1162
9203,726,726,726,126,314,440,1166
9204,738,736,736,124,314,438,1176
9205,734,738,742,128,318,446,1180
9206,758,754,752,124,316,440,1198
9207,750,750,752,124,318,442,1192
9208,754,754,752,124,316,440,1194
9209,756,756,756,124,316,440,1196
9210,746,750,748,128,314,442,1188
9211,772,772,772,128,314,442,1214
9212,762,760,762,126,316,442,1204
9213,790,788,788,124,316,440,1230
9214,898,896,900,122,320,442,1340
9215,882,882,884,122,322,444,1326
9216,858,858,858,122,322,444,1302
9217,828,828,826,122,320,442,1270
9218,816,816,812,122,316,438,1254
9219,790,790,794,122,320,442,1232
9220,740,742,738,124,316,440,1180
9221,698,704,702,130,314,444,1142
9222,690,686,686,126,314,440,1130
9223,680,682,680,128,312,440,1120
9224,678,682,680,132,310,442,1120
9225,628,676,676,131,310,442,1118
9226,738,688,690,130,312,442,1180
9227,700,700,698,130,310,440,1140
9228,700,702,704,132,312,444,1144
9229,708,704,706,128,314,442,1150
9230,706,708,706,130,312,442,1148
9231,700,698,698,128,312,440,1140
9232,694,696,698,130,314,444,1138
9233,694,696,690,132,308,440,1134
9234,698,696,700,130,312,442,1140
9235,704,704,704,130,312,442,1146
9236,704,702,702,128,312,440,1144
9237,704,706,706,130,312,442,1146
9238,706,704,704,128,312,440,1146
9239,700,702,702,130,312,442,1142
9240,700,702,700,132,310,442,1142
9241,702,702,702,132,310,442,1144
9242,710,710,710,132,310,442,1152
9243,726,726,726,132,310,442,1168
9244,730,728,732,130,314,444,1174
9245,740,738,740,128,316,444,1184
9246,736,736,734,128,314,442,1178
9247,724,726,724,130,312,442,1166
9248,724,726,724,132,310,442,1166
9249,720,720,722,132,312,444,1164
9250,740,738,738,130,312,442,1182
9251,732,732,732,130,312,442,1174
9252,738,738,740,130,314,444,1182
9253,752,750,750,128,314,442,1194
9254,732,734,736,130,316,446,1178
9255,742,742,740,130,314,444,1186
9256,732,730,730,128,314,442,1174
9257,722,726,722,132,310,442,1164
9258,728,726,724,130,308,438,1166
9259,738,738,742,130,312,442,1180
9260,732,734,736,132,314,446,1178
9261,732,730,730,130,314,444,1176
9262,734,734,734,130,314,444,1178
9263,722,722,722,130,314,444,1166
9264,724,724,722,130,312,442,1166
9265,708,710,708,132,310,442,1150
9266,712,708,706,128,308,436,1148
9267,710,712,716,130,312,442,1152
9268,706,710,708,134,310,444,1150
9269,706,704,706,132,312,444,1150
9270,700,698,698,130,312,442,1142
9271,698,698,698,130,312,442,1140
9272,692,692,690,130,310,440,1132
9273,686,688,684,132,306,438,1124
9274,688,690,690,134,306,440,1128
9275,700,698,700,132,308,440,1140
9276,696,698,698,134,308,442,1138
9277,706,702,706,130,312,442,1148
9278,700,702,702,132,312,444,1144
9279,696,696,692,132,308,440,1136
9280,698,698,700,132,310,442,1140
9281,696,698,694,134,306,440,1136
9282,700,696,698,130,308,438,1138
9283,702,702,704,130,310,440,1142
9284,704,706,704,132,308,440,1144
9285,712,710,714,130,312,442,1154
9286,712,712,710,130,310,440,1152
9287,706,708,710,132,312,444,1150
9288,710,708,706,130,310,440,1150
9289,700,702,698,132,306,438,1138
9290,702,700,702,130,308,438,1140
9291,702,704,704,132,308,440,1142
9292,710,712,712,134,308,442,1152
9293,718,714,718,130,312,442,1160
9294,718,718,720,130,314,444,1162
9295,716,718,716,132,312,444,1160
9296,714,714,712,132,310,442,1156
9297,708,708,708,132,310,442,1150
9298,710,710,710,132,310,442,1152
9299,714,712,712,130,310,440,1154
9300,706,706,708,130,312,442,1148
9301,710,712,712,132,312,444,1154
9302,706,704,706,130,314,444,1150
9303,704,704,700,130,310,440,1144
9304,698,702,702,134,310,444,1142
9305,700,698,696,132,308,440,1140
9306,700,698,698,130,308,438,1138
9307,700,702,704,132,310,442,1142
9308,700,700,700,132,310,442,1142
9309,698,696,698,130,312,442,1140
9310,694,696,696,132,312,444,1138
9311,696,694,692,130,310,440,1136
9312,688,688,688,130,310,440,1128
9313,692,696,694,134,308,442,1134
9314,698,696,698,132,310,442,1140
9315,706,704,704,130,310,440,1146
9316,706,708,710,132,312,444,1150
9317,720,716,718,128,314,442,1162
9318,722,724,722,130,312,442,1164
9319,722,722,722,130,312,442,1164
9320,714,714,712,130,310,440,1154
9321,716,718,718,132,310,442,1158
9322,724,722,722,130,310,440,1164
9323,714,714,716,130,312,442,1156
9324,718,718,720,130,314,444,1162
9325,714,714,714,130,314,444,1158
9326,712,710,710,128,314,442,1154
9327,704,706,702,130,310,440,1144
9328,696,698,698,132,310,442,1138
9329,694,696,694,134,308,442,1136
9330,708,704,708,130,312,442,1150
9331,702,704,704,132,312,444,1146
9332,704,700,702,128,314,442,1146
9333,702,704,702,130,312,442,1144
9334,696,698,696,132,310,442,1138
9335,692,692,692,132,310,442,1134
9336,690,690,688,132,308,440,1130
9337,690,690,692,132,310,442,1132
9338,696,696,694,132,308,440,1136
9339,692,694,696,134,310,444,1136
9340,694,692,692,132,310,442,1136
9341,694,692,694,130,312,442,1136
9342,688,690,690,132,312,444,1132
9343,692,690,688,130,310,440,1132
9344,680,684,682,134,308,442,1122
9345,686,684,682,132,306,438,1124
9346,686,688,692,134,310,444,1130
9347,692,692,692,134,310,444,1136
9348,692,692,694,134,312,446,1138
9349,696,692,692,130,312,442,1138
9350,696,698,698,132,312,444,1140
9351,696,698,696,134,310,444,1140
9352,696,694,694,132,310,442,1138
9353,690,692,692,134,310,444,1134
9354,706,702,704,130,312,442,1148
9355,708,708,708,130,312,442,1150
9356,702,700,702,128,314,442,1144
9357,702,704,704,130,314,444,1146
9358,706,704,704,128,314,442,1148
9359,692,698,694,134,310,444,1136
9360,694,692,692,132,310,442,1136
9361,690,692,690,134,308,442,1132
9362,692,692,692,134,308,442,1134
9363,694,694,696,134,310,444,1138
9364,698,696,698,132,312,444,1142
9365,696,696,696,132,312,444,1140
9366,698,700,698,134,310,444,1142
9367,692,692,692,134,310,444,1136
9368,694,694,690,134,306,440,1134
9369,688,688,690,134,308,442,1130
9370,694,692,694,132,310,442,1136
9371,696,696,698,132,312,444,1140
9372,698,700,700,134,312,446,1144
9373,700,696,698,130,314,444,1144
9374,702,702,700,130,312,442,1144
9375,638,692,670,145,310,474,1112
9376,684,660,678,158.5,308,468,1152
9377,628,640,626,189.25,302,466,1094
9378,568,616,618,178.125,305.5,471,1084
9379,652,599,612,185.812,309,476,1128
9380,572.5,599,604,170.906,314,477,1080
9381,625.5,588,596,124.453,322,478,1103.5
9382,652,574,558,101.227,306,439,1036
9383,574,574,590,89.613,322,419.5,974
9384,568,568,568,83.807,322,407.75,968
9385,560,560,556,80.903,318,401.875,956
9386,560,560,560,79.452,318,401.938,956
9387,554,554,560,78.726,324,400.969,956
9388,550,550,548,78.363,322,404.484,950
9389,548,548,556,78.181,330,407.242,956
9390,546,546,548,78.091,332,406.621,956
9391,544,544,540,78.045,328,409.311,950
9392,536,536,542,78.023,334,412.655,948
9393,534,534,538,78.011,338,413.328,950
9394,532,532,530,78.006,336,414.664,946
9395,530,530,532,78.003,338,415.332,946
9396,528,528,528,130.001,338,467.666,944
9397,524,522,522,156.001,338,493.833,938
9398,520,520,520,169,338,502.916,1040
9399,520,520,512,175.5,330,470.458,1032
9400,516,516,458,173.75,240,438,954
9401,520,510,481,174.875,190,377,890
9402,510,514,504,172.438,167.5,346,860.5
9403,516,510,515,162.219,156.25,321.5,841.75
9404,526,508,508,158.109,150.125,309.75,818.875
9405,498,500,499,163.055,197.062,360.875,861.438
9406,492,506,606,170.527,170.531,341.438,840.719
9407,498,508,646,169.264,247.266,416.719,924.359
9408,516,506,686,171.132,324,457.859,1008
9409,507,512,514,172.066,326,476.43,1006
9410,520,520,516,172.533,322,489.715,1015
9411,522,522,530,172.766,330,493.357,1025
9412,534,534,528,172.883,324,499.179,1031
9413,542,542,550,172.942,332,501.089,1047
9414,546,546,544,172.971,330,502.045,1049
9415,540,540,540,172.985,330,500.522,1043
9416,548,548,544,172.993,326,500.761,1047
9417,550,550,552,172.996,328,501.881,1051
9418,554,554,556,172.998,330,503.44,1057
9419,552,552,554,172.999,332,503.22,1057
9420,554,554,552,173,330,503.11,1057
9421,550,550,550,173,330,504.055,1053
9422,552,552,554,173,332,503.528,1057
9423,556,556,554,173,330,501.264,1059
9424,552,552,548,173,326,500.132,1051
9425,550,550,550,173,326,499.566,1049
9426,554,554,554,173,326,500.283,1053
9427,554,554,556,173,328,498.641,1055
9428,554,554,550,173,324,497.821,1051
9429,552,552,552,173,324,496.41,1049
9430,544,544,542,173,322,493.705,1039
9431,546,546,542,173,318,490.353,1037
9432,546,546,542,173,314,490.676,1033
9433,550,550,554,173,318,489.838,1041
9434,552,552,550,173,316,486.419,1041
9435,552,552,546,173,310,483,1035
9436,552,552,552,173,310,483,1035
9437,554,554,554,173,310,483,1037
9438,556,556,558,173,312,485,1041
9439,556,556,552,173,308,481,1037
9440,554,554,556,173,310,483,1037
9441,554,554,552,173,308,481,1035
9442,558,558,562,173,312,485,1043
9443,558,558,552,173,306,479,1037
9444,564,564,564,173,306,479,1043
9445,560,560,558,173,304,477,1037
9446,568,568,572,173,308,481,1049
9447,576,576,570,164.5,302,475,1051
9448,601,584,584,149.25,302,458,1059
9449,608,586,588,134,304,438,1046
9450,572,588,586,130,302,452,1024
9451,614,590,588,126,304,462,1040
9452,552,592,598,126,306,472,1024
9453,636,596,598,126,308,434,1070
9454,578,586,586,134,308,442,1020
9455,596,586,570,124,307,440,1012
9456,578,586,600,132,306,438,1016
9457,568,582,574,128,306,444,1012
9458,602,580,588,124,306,430,1032
9459,573,584,576,135,304,433,1006
9460,589,586,590,132,302,434,1023
9461,584,592,594,140,304,444,1028
9462,576,592,594,132,306,462,1038
9463,626,594,600,124,312,436,1062
9464,576,592,578,140,304,438,1014
9465,602,594,592,132,301,435,1030
9466,604,606,608,134,302.5,432,1036
9467,618,614,620,130,304,434,1052
9468,610,620,626,140,310,450,1060
9469,582,616,610,157,304,478,1060
9470,622,622,616,139.5,304,472,1094
9471,672,620,626,122,304,465,1098
9472,586,620,618,126,302,458,1044
9473,636,610,608,130,297,430,1066
9474,620,612,604,122,295.5,443,1034
9475,570,610,612,145,301.75,456,1026
9476,606,612,626,159.5,308,476,1082
9477,606,612,616,165.25,312,474.5,1092
9478,599,596,586,168.125,302,473,1072
9479,604,604,606,169.062,304,475,1079
9480,607,606,592,156.531,299,460,1067
9481,648,622,626,140.266,299.5,438,1086
9482,672,652,658,124,299.75,431,1096
9483,738,738,738,124,308.875,436.5,1162
9484,838,838,856,124,318,442,1280
9485,832,832,828,124,314,438,1270
9486,796,796,796,124,314,438,1234
9487,760,760,760,124,314,438,1198
9488,654,724,728,160,318,473,1166
9489,682,684,678,138,312,444.5,1190
9490,726,646,634,156,307,460.25,1142
9491,580,638,640,167,302,476,1056
9492,628,632,636,177.5,306,484,1112
9493,618,628,624,167.75,302,472,1108
9494,654,624,624,167.875,302,460,1114
9495,610,620,622,147.938,304,472,1082
9496,662,622,620,128,302,430,1092
9497,576,610,608,121,303,462,1038
9498,656,608,612,127.5,304,448,1074
9499,590,610,606,134,298,434,1024
9500,636,622,614,120,303,431,1048
9501,642,642,658,120,308,430.5,1070
9502,670,670,672,120,310,430,1100
9503,754,758,764,124,316,440,1194
9504,736,888,896,161,324,479,1336
9505,886,808,804,199,320,521,1404
9506,739,778,784,218,326,534,1302
9507,774,774,758,198,310,515,1321
9508,765,706,714,185,318,496.5,1261
9509,692,686,674,153.5,306,478,1170
9510,726,676,682,122,312,434,1160
9511,628,676,684,121,320,436,1118
9512,728,678,676,120,318,438,1166
9513,666,668,672,122,322,444,1110
9514,658,654,650,139,318,436,1094
9515,612,650,650,151.5,318,474,1086
9516,646,654,638,134.75,302,466,1112
9517,702,656,672,160.375,318,436,1138
9518,584,652,648,160.188,314,452,1084
9519,680,654,648,142.094,308,468,1148
9520,692,656,658,124,310,434,1126
9521,676,676,676,124,310,434,1110
9522,632,686,690,159,314,471,1124
9523,676,692,692,146.5,314,458.5,1184
9524,752,692,690,134,312,446,1198
9525,652,700,702,164,314,479,1148
9526,682,694,698,170,318,485.5,1194
9527,716,698,696,175,316,490.75,1208
9528,676,680,680,146.5,316,457.375,1172
9529,746,684,674,134.25,306,444.688,1170
9530,678,682,686,122,310,432,1110
9531,622,678,674,152,306,484,1106
9532,678,682,688,166,312,486,1172
9533,678,676,672,149,308,462,1166
9534,728,680,678,132,306,438,1166
9535,632,674,676,123,308,482,1114
9536,748,688,692,148.5,312,484,1174
9537,624,684,684,165.25,312,487,1110
9538,682,690,686,168.625,308,485.5,1172
9539,694,684,688,144.312,312,484,1178
9540,744,692,692,120,312,432,1176
9541,628,688,694,142,318,456,1126
9542,680,664,662,132,316,480,1160
9543,722,680,678,122,314,436,1158
9544,686,690,690,126,314,440,1126
9545,638,708,716,143.5,322,457.5,1156
9546,763,728,720,135.75,314,475,1238
9547,775,742,744,128,316,444,1219
9548,674,756,758,124,318,441,1202
9549,872,782,782,120,318,438,1310
9550,731,776,780,117,322,440,1218
9551,809,758,764,87,328,442,1251
9552,789,732,728,103.5,324,442,1170
9553,655,718,716,120,322,442,1097
9554,614,698,688,156,312,476,1130
9555,708,696,702,147,318,467,1218
9556,748,694,696,138,320,458,1206
9557,654,690,692,168,322,486,1150
9558,652,676,670,180,316,497,1166
9559,682,676,676,187.5,316,504,1190
9560,667,670,670,154.75,316,474,1178
9561,743,670,676,122,322,444,1187
9562,610,666,654,149,310,466,1098
9563,674,672,674,168.5,312,486,1162
9564,680,692,698,146.25,318,467,1186
9565,772,708,714,124,324,448,1220
9566,610,712,704,160,316,483,1152
9567,792,762,768,185.5,322,507,1310
9568,763,778,776,198.25,320,526,1294
9569,766,766,780,185.125,334,512,1311
9570,773,734,726,158.562,326,478,1271
9571,772,732,718,132,312,444,1216
9572,740,728,744,120,328,448,1188
9573,712,718,714,126,324,450,1162
9574,656,710,710,165,324,486,1160
9575,678,702,696,143.5,318,469,1200
9576,776,694,706,122,330,452,1228
9577,602,678,662,143,314,468,1114
9578,710,676,682,166.5,320,484,1194
9579,652,678,680,142.25,322,461,1164
9580,740,668,666,161.125,320,438,1178
9581,606,668,664,172.562,316,470,1102
9582,674,678,680,166.281,318,472,1176
9583,692,668,664,172.141,314,474,1166
9584,654,672,674,185.07,316,497,1148
9585,676,696,702,163.535,322,479.5,1196
9586,756,700,698,142,320,462,1218
9587,716,710,712,136,322,458,1174
9588,664,712,708,128,318,449,1166
9589,788,724,726,120,320,440,1228
9590,632,716,716,147,320,463,1156
9591,750,720,712,171.5,312,490.5,1236
9592,688,710,720,180.75,322,503.25,1206
9593,708,702,706,186.875,326,507.125,1224
9594,689,692,684,155.438,318,477.562,1200
9595,751,682,688,124,324,448,1199
9596,618,672,674,149,326,464,1122
9597,666,662,642,135.5,306,480,1146
9598,714,662,668,122,312,434,1148
9599,668,666,662,120,308,439,1096
9600,680,688,696,128,316,444,1124
9601,736,716,722,120,322,430,1166
9602,690,694,700,155,328,440,1130
9603,654,732,734,148.5,330,454,1174
9604,790,742,738,142,326,468,1258
9605,752,776,776,161,326,487,1244
9606,758,772,772,142.5,326,467.5,1264
9607,830,774,772,124,324,448,1278
9608,608,752,760,121,332,442,1208
9609,882,732,718,123.5,318,436,1318
9610,714,722,722,126,318,444,1158
9611,628,712,722,151,328,475,1166
9612,728,694,696,172,330,498,1234
9613,667,684,682,171,328,497,1188
9614,699,676,674,179.5,326,504.5,1195
9615,650,668,666,147.75,324,470.25,1162
9616,730,658,654,132.875,320,436,1166
9617,654,656,656,140.438,320,438,1092
9618,614,644,642,121.219,318,466,1080
9619,684,638,632,149.609,312,477,1098
9620,566,642,640,158.805,310,483.5,1054
9621,662,652,664,141.402,322,459.75,1152
9622,698,654,644,124,312,436,1134
9623,622,672,680,130,320,448,1116
9624,720,682,686,136,324,460,1180
9625,674,700,698,130,322,484,1158
9626,782,744,752,124,330,454,1236
9627,762,770,770,132,330,462,1224
9628,784,780,788,128,338,466,1250
9629,738,728,720,156,330,448,1186
9630,668,734,738,142,334,444,1186
9631,780,724,702,128,312,440,1220
9632,650,710,736,143,338,467,1176
9633,732,702,700,168.5,336,494.5,1226
9634,654,690,682,143.25,328,466.25,1176
9635,758,682,674,165.625,320,438,1196
9636,606,676,688,145.812,332,447,1126
9637,720,658,656,126,330,456,1176
9638,670,654,646,155,322,432,1102
9639,578,652,642,150.5,312,452,1074
9640,690,652,666,164.25,326,472,1162
9641,626,658,648,144.125,316,459,1120
9642,712,658,664,124,322,446,1158
9643,612,666,674,125,330,444,1120
9644,704,652,638,126,316,442,1146
9645,626,652,654,154,318,470,1096
9646,624,654,660,164,324,483,1130
9647,664,656,654,169,322,491.5,1160
9648,656,656,660,146.5,326,471.75,1156
9649,704,654,656,124,328,452,1156
9650,590,654,644,151,318,470,1096
9651,682,672,664,142.5,310,468,1170
9652,738,694,716,134,332,466,1204
9653,618,692,682,164,322,492,1148
9654,728,714,716,146,324,472,1246
9655,798,732,732,128,324,452,1250
9656,648,732,732,163,324,488,1184
9657,758,744,746,143.5,326,469,1282
9658,806,732,732,124,326,450,1256
9659,646,720,732,121,338,447,1182
9660,778,698,686,143.5,326,444,1222
9661,638,686,684,131.75,324,448,1128
9662,720,674,682,120,332,452,1172
9663,596,666,666,155,332,481,1118
9664,656,656,644,149.5,320,475.5,1166
9665,696,650,656,127.75,326,470,1166
9666,690,652,646,135.875,320,469,1116
9667,606,644,648,153.938,324,468,1074
9668,612,640,628,177.969,312,484,1096
9669,622,652,654,182.484,314,497.5,1138
9670,699,684,694,155.242,324,482.75,1210
9671,775,716,732,128,340,468,1243
9672,734,744,732,138,328,466,1200
9673,749,744,746,133,330,463,1212
9674,705,752,756,127.5,334,458.5,1219
9675,782,724,722,122,332,454,1236
9676,644,724,720,158,328,491,1174
9677,726,718,724,181,334,513.5,1254
9678,690,700,698,193.5,332,519.75,1226
9679,684,686,674,176.75,320,503.875,1210
9680,728,682,690,179.875,328,507.438,1216
9681,657,680,680,175.938,328,501.719,1168
9682,693,682,678,151.969,324,476.859,1189
9683,726,682,682,128,324,452,1178
9684,662,684,666,139,306,456,1118
9685,676,676,684,148.5,314,464,1140
9686,664,672,686,164.25,328,488,1150
9687,642,664,668,142.125,332,458,1154
9688,724,664,640,120,308,450,1152
9689,670,668,684,142,324,442,1112
9690,598,644,650,160,330,466,1092
9691,660,674,656,144,312,454,1150
9692,722,672,674,128,314,442,1164
9693,688,700,700,140,314,454,1142
9694,610,722,740,130,332,447,1194
9695,838,706,694,120,320,440,1278
9696,592,728,732,127,324,441,1172
9697,850,728,712,134,308,442,1292
9698,660,724,750,124,334,441,1192
9699,790,706,698,148,326,440,1230
9700,632,690,688,162,324,470,1128
9701,668,672,672,175,324,492,1168
9702,650,662,664,177.5,326,497,1164
9703,666,658,654,185.75,322,508.5,1168
9704,642,656,660,167.875,326,494.25,1162
9705,674,630,634,172.938,330,480,1154
9706,620,648,636,172.469,318,488,1116
9707,658,652,658,181.234,324,501,1154
9708,648,666,666,157.617,324,478.5,1162
9709,740,684,682,134,322,456,1196
9710,616,744,756,166,334,495,1212
9711,902,838,840,182,336,508.5,1436
9712,862,862,850,151,324,479.25,1384
9713,970,892,898,120,330,450,1420
9714,910,898,898,117,330,438,1348
9715,876,882,894,119.5,342,456,1332
9716,836,844,842,122,340,462,1298
9717,865,804,798,91.5,334,430.5,1260
9718,786,786,790,164.75,338,496.25,1185
9719,569,746,732,177.375,324,510.125,1131
9720,774,726,736,178.688,334,513.062,1298
9721,710,700,702,187.344,336,521.531,1226
9722,654,670,668,185.672,334,516.766,1184
9723,678,666,660,155.836,328,482.383,1190
9724,722,664,658,126,322,448,1170
9725,630,680,680,127,322,449,1128
9726,746,698,698,128,322,450,1196
9727,728,720,726,120,328,448,1176
9728,638,724,730,152,334,481,1178
9729,728,706,702,163,330,488.5,1242
9730,704,694,686,149.5,322,476.25,1200
9731,748,710,716,136,328,464,1212
9732,630,694,688,159,322,485,1152
9733,716,698,700,166.5,324,494.5,1222
9734,704,696,702,178.25,330,506.25,1208
9735,686,702,700,157.125,328,487.125,1204
9736,752,698,702,136,332,468,1220
9737,684,676,672,128,328,456,1140
9738,638,682,682,126,328,453,1138
9739,748,700,698,124,326,450,1198
9740,668,692,694,151,328,476,1144
9741,668,698,694,136.5,324,463,1170
9742,762,706,710,122,328,450,1212
9743,698,698,700,122,330,452,1150
9744,634,694,704,122,340,449,1156
9745,728,668,652,122,324,446,1174
9746,614,660,654,123,318,448,1100
9747,708,664,672,124,326,450,1158
9748,632,654,652,125,324,470,1102
9749,678,658,658,126,324,450,1128
9750,652,654,654,128,324,452,1104
9751,640,646,648,134,326,460,1100
9752,616,652,650,131,324,460,1110
9753,716,674,682,128,332,460,1176
9754,628,676,674,135,330,464,1134
9755,696,662,658,142,326,468,1164
9756,718,690,694,165,330,444,1162
9757,628,702,704,162.5,332,470,1148
9758,728,700,704,170.25,336,489,1224
9759,678,696,690,150.125,330,474.5,1186
9760,742,694,694,130,330,460,1202
9761,656,708,712,154,334,485,1172
9762,716,712,710,167,332,499.5,1226
9763,714,716,718,147.5,334,480.75,1228
9764,764,712,712,128,334,462,1226
9765,644,710,714,124,338,462,1176
9766,770,696,700,120,342,462,1232
9767,690,690,680,120,332,452,1142
9768,690,692,690,122,330,452,1142
9769,638,694,694,120,330,451,1146
9770,758,698,700,148,332,450,1208
9771,646,704,704,164,332,481,1154
9772,694,698,698,173,332,493.5,1206
9773,696,698,690,172.5,324,494.75,1202
9774,714,704,704,173.25,324,495.375,1210
9775,718,720,718,171.625,322,497.688,1214
9776,726,722,730,144.812,330,471.844,1226
9777,776,724,722,132.406,328,446,1222
9778,704,706,712,120,334,454,1158
9779,646,702,696,152,328,482,1150
9780,678,686,684,144,326,473,1188
9781,726,678,680,136,328,464,1190
9782,680,668,670,124,330,454,1134
9783,658,664,664,130,330,460,1118
9784,654,660,660,136,330,466,1120
9785,690,686,686,132,330,462,1152
9786,664,708,708,128,330,458,1170
9787,806,754,754,124,330,454,1260
9788,728,746,744,142,328,470,1198
9789,776,764,766,130,330,460,1236
9790,768,764,766,126,332,458,1226
9791,750,750,754,126,336,462,1212
9792,756,750,750,120,336,456,1212
9793,728,732,730,124,334,458,1186
9794,710,712,710,126,332,458,1168
9795,702,700,696,124,328,452,1154
9796,698,698,702,124,332,456,1154
9797,694,690,690,120,332,452,1146
9798,640,690,698,123,340,457,1150
9799,716,672,668,126,336,462,1178
9800,654,660,650,132,326,458,1112
9801,662,662,658,132,322,454,1116
9802,624,660,660,123,322,447,1114
9803,716,662,666,132,326,440,1156
9804,633,660,658,141,324,465,1098
9805,623,652,654,135.5,326,461.5,1119
9806,722,682,684,130,328,458,1180
9807,660,708,712,142,332,470,1170
9808,772,748,744,159,328,482,1254
9809,748,770,770,140.5,328,456,1252
9810,830,776,756,122,308,430,1260
9811,680,736,764,153,336,473,1194
9812,728,734,730,138.5,332,467.5,1244
9813,780,720,726,124,338,462,1242
9814,640,712,712,151,338,488,1174
9815,724,706,704,150.5,336,480,1238
9816,718,690,676,158.25,322,472,1190
9817,672,688,692,158.125,326,478,1164
9818,692,684,684,141.062,326,484,1176
9819,722,688,702,124,340,464,1186
9820,698,690,680,123,330,446,1144
9821,688,694,690,122,326,448,1136
9822,626,692,694,116,328,441,1142
9823,780,702,698,153,324,434,1214
9824,654,734,736,144.5,326,451,1170
9825,810,756,762,136,332,468,1278
9826,782,770,762,124,324,448,1230
9827,682,750,754,158,328,485,1202
9828,740,740,742,167,330,496.5,1262
9829,754,738,740,179.5,332,512.25,1262
9830,718,734,738,148.75,336,481.125,1246
9831,784,710,706,133.375,332,450,1234
9832,696,696,694,130.688,330,448,1144
9833,672,682,676,128,324,452,1124
9834,664,686,686,143,324,474,1138
9835,684,692,696,142.5,328,470,1170
9836,714,698,694,142,324,466,1180
9837,684,710,716,135,330,462,1182
9838,732,692,692,128,330,458,1190
9839,684,714,718,123,334,453,1176
9840,778,738,734,121.5,330,448,1226
9841,754,756,758,120,332,452,1206
9842,666,748,748,151,332,480,1200
9843,736,716,710,162.5,326,493,1244
9844,738,730,736,166.25,332,499.5,1244
9845,756,752,756,169.125,336,502.75,1262
9846,740,742,740,172.562,334,511.375,1246
9847,712,716,726,176.281,344,510.688,1232
9848,712,716,702,178.141,330,509.344,1222
9849,700,700,698,151.07,328,479.672,1208
9850,742,686,684,124,326,450,1192
9851,632,684,690,145,332,472,1140
9852,686,676,672,134.5,328,464,1180
9853,716,674,678,124,332,456,1172
9854,668,666,664,122,330,452,1120
9855,612,660,654,125,324,452,1106
9856,704,662,662,128,324,452,1156
9857,624,662,662,128,324,454,1114
9858,686,648,652,128,328,456,1142
9859,612,650,638,139,316,482,1094
9860,662,646,652,154.5,322,472,1134
9861,626,646,646,141.25,322,461,1118
9862,696,654,654,128,322,450,1146
9863,686,682,686,124,326,450,1136
9864,648,716,720,141,330,470,1170
9865,796,762,764,162.5,332,496,1286
9866,742,768,774,145.25,338,477,1264
9867,838,782,774,128,330,458,1296
9868,730,730,738,128,338,466,1196
9869,738,736,742,126,344,470,1208
9870,698,696,690,124,338,462,1160
9871,678,684,680,130,334,464,1142
9872,624,682,682,124,334,459,1146
9873,738,668,670,124,336,454,1192
9874,664,670,670,124,336,460,1124
9875,656,662,656,130,330,460,1116
9876,612,650,650,128,330,458,1110
9877,694,652,652,126,330,456,1150
9878,604,648,652,124,334,448,1108
9879,688,640,624,122,318,440,1128
9880,634,642,644,130,320,450,1084
9881,594,638,646,140,328,467,1096
9882,660,636,642,151,334,484,1144
9883,628,640,642,137.5,336,468,1126
9884,686,648,640,124,328,452,1138
9885,602,656,658,157,330,475,1110
9886,648,660,638,140.5,308,453.5,1146
9887,724,658,658,124,308,432,1156
9888,608,670,692,153,330,473,1124
9889,678,674,676,163.5,332,490.5,1192
9890,696,688,690,173.75,334,493.25,1204
9891,678,688,666,151.875,312,477.625,1174
9892,732,678,698,130,332,462,1194
9893,698,696,658,128,333,456,1120
9894,716,704,744,155,334,450,1166
9895,628,694,704,161.5,344,477,1154
9896,714,700,692,163.75,336,489.5,1218
9897,682,680,680,143.875,336,467.75,1184
9898,718,676,662,124,322,446,1164
9899,686,678,688,163,332,448,1134
9900,590,676,676,145.5,332,455,1124
9901,750,676,678,128,334,462,1212
9902,628,660,660,124,334,455,1122
9903,702,662,656,120,328,448,1150
9904,608,666,664,134.5,326,460.5,1112
9905,695,666,664,164.25,324,473,1168
9906,625,670,672,171.125,326,486.5,1145
9907,678,662,658,171.562,322,488.25,1178
9908,670,664,660,148.781,318,472.125,1160
9909,712,666,678,126,330,456,1168
9910,666,666,664,126,328,454,1120
9911,632,632,638,126,334,460,1092
9912,638,640,632,128,326,454,1092
9913,642,646,642,132,322,454,1096
9914,612,632,630,131,320,472,1084
9915,654,632,640,130,328,458,1112
9916,632,638,636,136,326,462,1094
9917,638,636,638,134,328,462,1100
9918,636,638,638,136,328,464,1100
9919,644,634,638,126,332,458,1102
9920,622,634,636,138,334,472,1094
9921,644,642,616,136,308,444,1088
9922,644,646,666,138,328,466,1110
9923,654,642,648,126,334,460,1114
9924,602,642,644,144,336,480,1104
9925,632,628,630,141,338,478,1132
9926,644,620,620,138,338,476,1120
9927,592,628,614,147,324,482,1090
9928,646,628,636,132.5,332,464,1134
9929,664,626,622,135.25,328,446,1110
9930,606,626,642,138,344,482,1088
9931,598,618,620,143,346,480,1102
9932,636,626,610,145.5,330,478,1114
9933,626,626,626,133.75,330,478,1104
9934,656,630,630,122,330,452,1108
9935,620,646,638,142,322,470,1090
9936,622,636,656,162,342,493,1126
9937,618,638,630,166,334,495.5,1134
9938,664,652,646,148,328,474.75,1162
9939,690,650,646,130,324,454,1144
9940,678,660,676,125,340,452,1130
9941,644,652,654,120,342,462,1106
9942,600,644,638,124,336,459,1100
9943,690,654,646,128,328,456,1146
9944,664,656,658,120,330,450,1114
9945,642,650,660,128,340,468,1110
9946,602,646,640,123,334,459,1108
9947,702,648,646,144.5,332,450,1152
9948,602,650,646,128.25,328,451,1096
9949,716,662,674,130.125,340,452,1168
9950,644,664,652,132,328,460,1104
9951,698,692,688,126,324,450,1148
9952,688,686,692,124,330,454,1142
9953,706,706,708,124,332,456,1162
9954,732,728,734,120,338,458,1190
9955,736,736,728,120,330,450,1186
9956,790,790,802,120,342,462,1252
9957,736,744,736,128,334,462,1198
9958,772,768,772,124,338,462,1234
9959,730,730,734,124,342,466,1196
9960,668,712,698,148,328,477,1164
9961,684,688,676,160,316,490.5,1172
9962,678,678,694,144,332,469.25,1182
9963,710,666,654,128,320,448,1158
9964,674,660,676,126,336,450,1124
9965,644,654,652,124,334,458,1102
9966,644,646,636,126,324,450,1094
9967,588,630,626,149,320,471,1076
9968,632,636,636,140.5,320,460.5,1124
9969,674,634,632,132,318,450,1124
9970,634,632,634,130,320,450,1084
9971,640,638,640,128,322,450,1090
9972,644,640,642,124,324,448,1092
9973,638,642,644,128,326,454,1092
9974,644,646,640,130,320,450,1094
9975,640,638,632,128,314,442,1082
9976,596,646,648,151,316,470,1090
9977,662,658,666,138.5,324,463,1160
9978,708,660,666,126,330,456,1164
9979,660,656,656,122,330,452,1112
9980,652,656,654,126,328,454,1106
9981,654,654,648,126,322,448,1102
9982,652,652,650,126,320,446,1098
9983,660,654,664,120,330,450,1110
9984,604,646,652,123,336,454,1102
9985,676,640,636,126,332,458,1134
9986,634,634,622,126,320,446,1080
9987,630,630,636,126,326,452,1082
9988,642,642,638,126,322,448,1090
9989,630,646,642,142,318,460,1090
9990,628,652,652,159,318,484,1112
9991,664,674,686,142.5,330,472,1170
9992,784,734,738,126,334,460,1244
9993,767,792,804,124,346,454,1264
9994,853,824,804,122,326,448,1301
9995,818,824,844,128,346,474,1292
9996,828,814,820,124.5,346,466,1294
9997,793,800,794,121,346,467,1260
9998,767,772,778,126,343,478,1245
9999,742,752,740,136,340,476,1218
10000,735,730,718,131,328,459,1194
10001,667,714,728,161.5,342,494.5,1187
10002,686,700,696,145.75,338,480.25,1216
10003,738,676,674,130,336,466,1204
10004,664,660,652,126,328,454,1118
10005,644,656,642,138,314,452,1096
10006,616,650,664,152,328,474,1116
10007,658,652,654,136,330,459,1154
10008,704,658,652,120,324,444,1148
10009,635,658,660,143,326,469,1104
10010,651,652,650,134.5,324,468,1119
10011,672,654,656,126,326,452,1124
10012,642,660,654,123,320,464,1106
10013,684,660,660,120,320,440,1124
10014,614,670,672,123,322,442,1112
10015,716,666,662,126,318,444,1160
10016,618,668,674,141,324,460,1118
10017,696,676,672,157.5,320,476,1172
10018,660,678,686,140.75,328,463,1162
10019,726,676,674,124,326,450,1176
10020,672,668,662,120,320,440,1112
10021,656,662,662,126,320,446,1102
10022,664,664,662,126,318,444,1108
10023,652,664,662,138,316,454,1106
10024,672,654,662,120,324,444,1116
10025,626,648,646,142,322,464,1090
10026,666,646,642,122,318,440,1106
10027,594,644,644,122,318,437,1084
10028,696,646,640,122,312,434,1130
10029,650,644,658,124,326,442,1092
10030,636,646,638,126,318,444,1080
10031,604,646,642,124,314,482,1086
10032,698,652,658,122,320,442,1140
10033,660,654,660,127,326,442,1102
10034,638,654,644,132,316,448,1086
10035,656,648,648,124,316,440,1096
10036,652,648,658,120,326,446,1098
10037,596,638,640,142,328,468,1086
10038,622,624,622,153,326,476,1112
10039,632,632,626,138.5,320,484,1116
10040,686,646,648,124,322,446,1132
10041,606,656,656,126,322,446,1102
10042,720,674,670,128,318,446,1166
10043,650,696,704,131,326,455,1150
10044,748,708,712,134,330,464,1212
10045,726,716,720,124,334,458,1184
10046,658,704,710,149,340,481,1168
10047,648,652,642,157.5,330,484.5,1152
10048,662,654,646,152.75,322,474.25,1150
10049,668,650,644,139.375,316,464,1132
10050,666,644,652,126,324,450,1116
10051,646,648,646,128,322,450,1096
10052,634,642,640,136,320,456,1090
10053,630,630,632,136,322,458,1088
10054,592,648,650,154,324,482,1108
10055,674,654,664,138,334,462,1180
10056,708,658,644,122,320,442,1150
10057,582,666,638,149,316,465,1080
10058,686,656,676,143.5,312,461.5,1174
10059,710,672,680,138,320,458,1168
10060,698,678,694,162,336,454,1152
10061,608,676,676,149,336,466,1130
10062,712,662,668,136,342,478,1190
10063,670,656,652,122,338,460,1130
10064,600,654,640,158,324,491,1100
10065,644,662,666,139,328,470.5,1166
10066,730,656,658,120,330,450,1180
10067,596,644,648,128,334,455,1098
10068,662,630,620,136,324,460,1122
10069,656,648,646,128,322,450,1106
10070,658,656,656,126,322,448,1106
10071,678,676,678,124,324,448,1126
10072,708,708,712,124,328,452,1160
10073,716,710,712,123,330,448,1164
10074,710,714,712,122,328,450,1160
10075,734,730,730,121,328,446,1180
10076,756,758,764,120,334,454,1210
10077,714,714,720,120,340,460,1174
10078,668,680,664,132,324,456,1124
10079,678,672,680,126,332,458,1136
10080,612,668,664,145,328,474,1122
10081,680,662,660,135.5,326,463,1170
10082,686,648,648,126,326,452,1138
10083,606,640,636,124,322,482,1088
10084,686,648,650,122,324,446,1132
10085,612,654,642,123,312,476,1088
10086,694,654,666,124,324,448,1142
10087,608,662,660,148,322,473,1108
10088,668,662,666,165,326,491.5,1166
10089,656,666,668,142.5,328,466.75,1166
10090,736,674,668,120,322,442,1178
10091,606,668,672,118,326,442,1114
10092,728,662,662,145,326,442,1170
10093,596,652,658,161.5,332,470,1100
10094,646,652,640,140.75,320,454,1144
10095,706,648,646,120,318,438,1144
10096,632,646,634,134,306,440,1072
10097,596,638,644,131,312,443,1084
10098,682,634,640,128,318,446,1128
10099,638,632,632,122,318,440,1078
10100,631,634,634,125,318,443,1074
10101,631,634,636,128,320,448,1079
10102,624,624,624,128,320,448,1072
10103,592,634,628,148,314,484,1076
10104,632,630,644,157,328,488,1128
10105,632,630,628,145.5,326,473,1124
10106,658,626,624,134,324,458,1116
10107,628,624,632,130,332,462,1090
10108,584,620,612,144,324,470,1074
10109,626,618,614,153,320,478,1104
10110,622,626,626,159.5,320,482,1104
10111,628,632,624,140.75,312,478,1106
10112,682,638,664,122,338,460,1142
10113,626,648,662,124,337,461,1122
10114,656,638,622,126,336,462,1118
10115,600,638,630,128,328,446,1092
10116,674,640,612,130,328,430,1104
10117,617,634,662,138.5,328,475,1092
10118,634,634,628,142.75,322,469,1103
10119,632,632,632,154.375,322,469,1101
10120,615,634,640,147.188,328,468.5,1109
10121,656,630,630,140,328,468,1124
10122,610,636,632,133,324,464,1100
10123,678,638,648,126,334,460,1138
10124,598,640,642,139,336,473,1102
10125,660,644,642,149.5,334,478.5,1146
10126,632,640,630,138.75,324,484,1116
10127,678,646,650,128,328,456,1134
10128,646,654,650,136,324,460,1106
10129,698,678,686,130,332,448,1146
10130,668,676,680,124,336,460,1128
10131,686,680,678,155,334,452,1138
10132,608,676,676,138.5,334,454,1128
10133,746,682,682,122,334,456,1202
10134,672,674,672,124,332,456,1128
10135,614,664,668,145,336,476,1124
10136,656,648,642,156.5,330,486,1152
10137,644,646,644,161.25,328,489,1140
10138,638,636,634,165.625,326,494.5,1130
10139,630,634,638,166.812,330,495.25,1130
10140,628,626,624,149.406,328,469.625,1124
10141,662,626,610,132,312,444,1106
10142,598,628,634,131,318,480,1078
10143,664,632,636,130,322,452,1116
10144,640,634,634,124,322,446,1086
10145,648,652,654,128,324,452,1100
10146,670,664,670,122,330,452,1122
10147,669,672,666,125,324,449,1118
10148,627,678,686,124.5,332,449.5,1135
10149,716,664,658,124,326,450,1166
10150,616,668,670,126,328,453,1120
10151,722,674,674,128,328,456,1178
10152,670,666,670,124,332,456,1126
10153,618,662,664,124,334,457,1120
10154,696,652,652,124,334,458,1154
10155,604,646,638,146,326,475,1096
10156,642,644,642,135,324,461.5,1134
10157,684,640,640,124,324,448,1132
10158,594,640,644,145,328,470,1092
10159,638,634,632,156.5,326,479,1130
10160,630,632,626,162.25,320,484.5,1118
10161,634,634,636,142.125,322,466.25,1124
10162,684,638,642,122,326,448,1132
10163,594,640,636,146,322,472,1084
10164,636,638,642,157,326,483,1132
10165,644,642,642,162.5,326,485.5,1138
10166,640,640,634,168.25,320,489.75,1128
10167,644,650,650,171.125,320,494.875,1138
10168,652,652,658,173.562,326,497.438,1152
10169,654,656,654,173.781,324,500.719,1154
10170,656,654,660,171.891,330,497.359,1160
10171,656,652,646,149.945,324,471.68,1150
10172,702,660,654,128,318,446,1148
10173,614,664,670,160,324,480,1116
10174,654,668,666,166,322,489,1168
10175,682,662,666,169,326,490.5,1180
10176,664,664,658,174.5,320,496.25,1156
10177,660,668,670,175.25,322,497.125,1162
10178,666,662,662,175.625,322,497.562,1164
10179,658,658,658,174.812,322,498.781,1156
10180,664,662,666,169.406,326,496.391,1164
10181,664,654,658,168.703,330,494.195,1158
10182,638,642,636,168.352,324,493.098,1130
10183,638,638,638,147.176,324,465.549,1130
10184,682,640,628,126,312,438,1120
10185,636,636,642,126,318,444,1080
10186,654,652,654,124,320,444,1098
10187,654,672,674,142,322,464,1118
10188,654,696,702,129,328,455,1166
10189,786,718,720,139.5,330,446,1232
10190,688,722,722,163.75,330,480,1168
10191,708,746,742,146.875,326,468,1222
10192,784,726,726,130,326,456,1240
10193,742,726,730,127,330,444,1186
10194,684,694,692,124,328,452,1136
10195,696,688,684,122,324,440,1136
10196,674,678,676,120,322,442,1116
10197,632,690,692,120,324,444,1134
10198,746,688,690,120,326,446,1192
10199,624,684,684,148,326,474,1130
10200,684,680,680,157,326,483,1186
10201,670,660,660,166.5,326,484.5,1162
10202,650,660,644,143.25,310,463.25,1136
10203,714,658,670,120,322,442,1156
10204,644,654,646,130,314,444,1088
10205,598,654,662,130,322,445,1106
10206,708,652,646,130,316,446,1154
10207,618,658,660,125,318,442,1106
10208,716,666,666,120,318,438,1154
10209,662,674,674,132,318,450,1112
10210,634,674,676,136,320,456,1126
10211,712,680,682,140,322,462,1174
10212,646,684,690,128,328,455,1152
10213,740,678,682,148,332,448,1188
10214,612,664,660,136,328,444,1108
10215,704,660,648,124,316,440,1144
10216,610,658,664,125,322,446,1104
10217,704,658,662,126,326,452,1156
10218,656,656,662,126,332,458,1114
10219,590,644,638,126,326,454,1096
10220,690,636,634,126,324,450,1140
10221,626,666,672,125,330,450,1122
10222,708,666,662,124,326,450,1158
10223,632,690,696,123,332,450,1146
10224,760,700,696,122,328,450,1210
10225,684,700,702,138,330,468,1152
10226,654,690,686,160,326,490,1154
10227,682,690,694,170,330,499,1194
10228,688,686,684,175,328,504.5,1196
10229,684,684,686,176.5,330,507.25,1194
10230,684,682,684,176.25,332,507.625,1194
10231,670,668,668,147.125,332,476.812,1178
10232,714,656,652,157.562,328,446,1160
10233,596,646,644,139.781,326,444,1090
10234,686,640,634,122,320,442,1128
10235,588,640,642,121,322,443,1084
10236,692,638,640,120,324,444,1136
10237,592,642,642,123,324,447,1086
10238,686,642,642,126,324,450,1136
10239,636,636,634,126,322,448,1084
10240,638,646,640,134,316,450,1088
10241,666,658,662,126,320,446,1112
10242,634,682,688,123,326,448,1134
10243,762,708,712,120,330,450,1212
10244,640,704,706,120,332,449,1156
10245,762,698,694,120,328,448,1210
10246,692,706,706,134,328,462,1154
10247,712,708,710,130,330,460,1172
10248,704,706,706,132,330,462,1166
10249,652,698,704,126,336,456,1166
10250,738,680,674,120,330,450,1188
10251,612,668,660,123,322,450,1110
10252,714,664,666,126,324,450,1164
10253,616,662,664,124,326,450,1114
10254,712,662,664,122,328,450,1162
10255,608,660,656,123,324,449,1106
10256,702,652,652,124,324,448,1150
10257,650,654,650,128,320,448,1098
10258,666,658,664,120,326,446,1112
10259,662,664,662,122,324,446,1108
10260,666,666,668,122,326,448,1114
10261,642,654,654,134,326,460,1102
10262,656,650,644,128,320,448,1104
10263,650,650,656,128,326,454,1104
10264,614,650,644,127,320,484,1098
10265,678,640,640,126,320,446,1124
10266,630,636,638,132,322,454,1084
10267,648,640,638,124,320,444,1092
10268,636,640,640,128,320,448,1084
10269,638,636,642,126,326,452,1090
10270,628,634,634,132,326,458,1086
10271,642,634,630,124,322,446,1088
10272,632,634,640,126,328,454,1086
10273,586,624,620,134,324,462,1074
10274,650,628,632,142,328,470,1120
10275,620,636,630,135,322,480,1100
10276,676,646,648,128,324,452,1128
10277,652,650,654,126,328,454,1106
10278,614,654,656,148,330,474,1110
10279,642,646,640,159,324,486,1136
10280,642,642,646,141.5,328,469,1140
10281,686,640,640,124,328,452,1138
10282,634,634,634,124,328,452,1086
10283,588,624,624,129,328,451,1076
10284,656,630,618,134,316,450,1106
10285,611,624,626,137,318,465,1076
10286,637,630,634,140,322,462,1099
10287,640,632,642,132,332,464,1104
10288,600,638,634,126,328,454,1098
10289,706,656,652,120,324,444,1150
10290,651,676,682,132.5,330,475,1126
10291,730,730,734,130.25,334,479,1209
10292,749,732,732,128,334,462,1211
10293,664,706,704,125,332,460,1166
10294,752,704,708,122,336,458,1210
10295,714,698,710,123,348,454,1168
10296,630,648,652,124,343,476,1106
10297,656,650,636,126,338,456,1112
10298,634,644,638,128,332,460,1094
10299,594,630,622,136,324,468,1082
10300,654,634,642,133,332,476,1130
10301,642,628,628,130,332,462,1104
10302,622,628,618,136,322,458,1080
10303,639,636,646,133,332,465,1104
10304,661,648,648,120,332,452,1113
10305,588,664,670,124,338,454,1122
10306,730,662,652,128,328,456,1186
10307,670,668,670,126,330,456,1126
10308,688,684,690,122,336,458,1146
10309,690,696,694,128,334,462,1152
10310,702,698,698,124,334,458,1160
10311,692,688,688,120,334,454,1146
10312,682,688,694,126,340,466,1148
10313,642,692,692,124,340,461,1158
10314,732,678,672,122,334,456,1188
10315,676,670,672,134,336,452,1128
10316,624,654,638,140,320,466,1090
10317,646,646,662,128,336,482,1128
10318,676,646,646,122,336,452,1128
10319,640,640,636,143,332,448,1088
10320,594,642,646,141.5,336,461,1094
10321,656,632,630,140,334,474,1130
10322,610,636,630,151,328,482,1104
10323,644,640,640,136.5,328,467,1134
10324,682,642,644,122,330,452,1134
10325,634,636,644,124,338,462,1096
10326,592,630,622,126,330,458,1084
10327,672,638,634,128,326,454,1126
10328,640,636,640,124,330,454,1094
10329,636,642,644,130,332,462,1098
10330,642,640,634,128,326,454,1096
10331,664,660,662,124,328,452,1116
10332,686,688,692,126,332,458,1144
10333,710,706,706,122,332,454,1164
10334,708,712,716,126,336,462,1170
10335,692,694,690,128,332,460,1152
10336,720,716,718,124,334,458,1178
10337,742,740,746,122,340,462,1204
10338,736,738,740,124,342,466,1202
10339,746,744,744,122,342,464,1210
10340,648,710,708,122,340,463,1172
10341,764,702,702,122,340,462,1226
10342,700,702,696,124,334,458,1158
10343,706,702,708,120,340,460,1166
10344,682,682,684,120,342,462,1144
10345,620,670,662,123,334,462,1124
10346,704,660,662,126,336,462,1166
10347,664,664,660,126,332,458,1122
10348,666,662,656,122,326,448,1114
10349,662,664,666,124,328,452,1114
10350,654,662,666,132,332,464,1118
10351,668,654,654,130,332,450,1118
10352,638,648,650,128,334,462,1100
10353,632,638,634,134,330,464,1096
10354,648,642,640,128,328,456,1104
10355,640,646,644,134,326,460,1100
10356,642,646,646,138,326,464,1106
10357,634,668,672,152,330,482,1136
10358,670,664,668,141,334,470,1170
10359,686,650,644,130,328,458,1144
10360,672,668,668,126,328,454,1126
10361,702,704,710,128,334,462,1164
10362,708,704,704,124,334,458,1166
10363,638,696,702,122,340,454,1160
10364,750,688,678,120,330,450,1200
10365,654,666,670,132,334,466,1120
10366,644,674,676,160,336,485,1142
10367,654,680,660,171,316,502.5,1158
10368,688,682,704,141.5,338,474.25,1208
10369,752,682,678,128.75,334,446,1198
10370,668,672,682,152.375,344,460,1128
10371,606,666,648,134.188,326,461,1108
10372,720,660,680,131.094,346,462,1182
10373,660,672,660,128,334,462,1122
10374,650,640,642,151,336,454,1104
10375,592,648,644,137.5,332,453,1098
10376,694,644,640,124,328,452,1146
10377,628,632,636,128,332,460,1088
10378,636,636,632,128,328,456,1092
10379,630,634,636,132,330,462,1092
10380,628,626,624,130,328,458,1086
10381,640,640,640,130,328,458,1098
10382,654,652,648,128,324,452,1106
10383,668,664,668,124,328,452,1120
10384,694,690,686,120,324,444,1138
10385,708,704,712,123,332,448,1156
10386,686,696,694,126,330,456,1142
10387,732,726,726,120,330,450,1182
10388,743,746,746,123,330,453,1196
10389,713,712,718,122,336,458,1171
10390,720,720,726,122,342,464,1184
10391,700,700,688,122,330,452,1152
10392,634,646,648,134,332,466,1100
10393,678,664,660,120,328,448,1126
10394,656,664,666,128,330,458,1114
10395,652,654,652,130,328,458,1110
10396,598,648,650,128,330,457,1108
10397,696,642,642,126,330,456,1152
10398,652,650,648,124,328,452,1104
10399,618,656,656,123,328,451,1108
10400,698,658,658,122,328,450,1148
10401,658,658,662,122,332,454,1112
10402,660,656,658,115,334,452,1112
10403,664,654,646,118.5,326,434,1098
10404,638,652,664,122,338,460,1098
10405,657,650,642,131,330,445,1102
10406,613,638,628,140,320,460,1073
10407,658,638,644,120,326,446,1104
10408,646,644,642,120,324,442,1088
10409,656,658,658,120,324,444,1100
10410,608,670,656,156,310,484,1100
10411,680,690,712,140,332,469,1204
10412,748,680,678,124,330,454,1202
10413,622,688,682,140.5,324,473.5,1136
10414,733,700,712,130.25,336,462.75,1226
10415,731,694,690,120,332,452,1183
10416,690,688,686,120,330,448,1138
10417,688,690,688,120,328,448,1136
10418,686,690,690,124,328,452,1138
10419,690,690,702,124,340,464,1154
10420,624,674,672,144,338,478,1136
10421,662,652,642,156,328,487,1154
10422,644,648,648,135,328,457.5,1140
10423,706,652,638,169.5,314,495.75,1134
10424,602,692,708,178.75,330,508.875,1136
10425,734,718,722,189.375,334,518.438,1256
10426,750,762,756,191.688,328,524.219,1278
10427,782,776,784,183.844,336,523.109,1312
10428,780,762,772,151.922,346,490.555,1302
10429,776,720,712,120,338,458,1234
10430,692,688,680,152,330,446,1138
10431,614,682,690,137,338,453,1136
10432,730,668,668,122,338,460,1190
10433,584,660,650,121,328,453,1110
10434,738,660,658,120,326,446,1184
10435,662,660,654,123,320,438,1100
10436,638,646,660,126,334,460,1098
10437,648,650,644,128,328,456,1104
10438,602,638,640,145,330,472,1096
10439,642,640,636,131.5,326,458,1130
10440,680,636,636,130.75,326,444,1124
10441,616,628,632,130,330,460,1076
10442,622,622,622,130,330,460,1082
10443,580,622,618,144,326,471,1078
10444,636,622,620,134,324,482,1118
10445,652,618,616,124,322,446,1098
10446,612,618,624,130,328,458,1070
10447,582,610,610,140,328,471,1068
10448,616,608,614,147,334,484,1100
10449,608,612,610,149.5,332,483,1094
10450,612,610,608,136.75,330,482,1094
10451,638,610,610,124,330,454,1092
10452,590,604,608,138,334,472,1062
10453,590,608,606,146,332,478,1078
10454,612,610,608,150.5,330,484,1096
10455,621,622,628,157.25,336,492,1112
10456,611,620,620,161.625,336,500,1111
10457,632,634,640,144.812,342,480,1140
10458,666,628,618,128,332,460,1126
10459,626,630,646,132,348,480,1106
10460,624,664,660,151,344,502,1140
10461,678,676,686,164.5,347,515,1202
10462,680,688,684,144.25,350,497.5,1208
10463,736,682,688,124,352,480,1216
10464,678,678,676,124,352,478,1156
10465,686,688,686,126,352,478,1164
10466,684,682,682,124,353,476,1160
10467,674,674,676,124,352.5,478,1152
10468,620,662,660,153,345.25,499,1138
10469,652,668,654,166.5,338,508.5,1172
10470,660,658,658,150.25,338,494.25,1178
10471,702,656,664,134,346,480,1182
10472,629,652,654,130,348,467,1134
10473,671,640,620,126,328,454,1125
10474,598,642,646,125,332,460,1100
10475,680,634,644,124,342,466,1146
10476,590,632,626,145,336,480,1092
10477,628,628,620,155.5,328,486,1122
10478,634,634,632,142.75,326,471,1126
10479,688,652,652,130,326,456,1144
10480,660,662,640,132,304,436,1096
10481,660,656,686,128,334,462,1122
10482,614,644,648,127,338,459,1110
10483,688,656,648,126,330,456,1144
10484,662,658,658,122,330,452,1114
10485,648,650,658,124,338,462,1110
10486,600,650,636,145,324,477,1098
10487,636,628,630,157.5,326,489.5,1128
10488,632,636,642,160.75,332,493.75,1134
10489,630,624,626,161.375,334,488.875,1128
10490,630,628,616,167.688,322,484,1114
10491,610,622,610,153.844,310,484,1094
10492,654,620,636,140,326,466,1120
10493,601,618,594,149,302,459,1060
10494,617,618,636,161.5,320,478,1095
10495,592,608,610,145.75,322,464,1088
10496,660,616,614,130,320,450,1110
10497,596,618,622,129,324,476,1072
10498,656,632,630,128,322,450,1106
10499,632,630,646,126,338,464,1096
10500,624,626,622,128,334,462,1086
10501,624,622,608,126,320,446,1070
10502,628,624,630,122,326,448,1076
10503,620,622,622,124,326,450,1070
10504,608,618,608,134,316,450,1058
10505,598,622,632,129,326,484,1082
10506,662,628,622,124,320,444,1106
10507,632,630,648,122,338,460,1092
10508,592,630,616,119,324,484,1076
10509,676,632,622,126.5,314,430,1106
10510,614,632,642,134,324,458,1072
10511,640,638,636,132,322,454,1094
10512,604,638,656,147,340,477,1110
10513,636,632,630,137.5,338,468.5,1136
10514,658,624,618,128,332,460,1118
10515,586,616,602,131,318,476,1062
10516,642,618,630,134,330,464,1106
10517,600,612,612,129,330,476,1076
10518,636,614,604,124,320,444,1080
10519,612,616,616,128,320,448,1060
10520,612,614,616,130,322,452,1064
10521,628,620,620,122,322,444,1072
10522,578,622,624,126,324,448,1068
10523,666,630,628,130,322,452,1118
10524,588,622,626,143,326,468,1078
10525,636,628,630,133.5,328,484,1120
10526,658,626,626,124,328,452,1110
10527,640,638,634,122,324,446,1086
10528,670,670,670,122,324,446,1116
10529,674,672,682,120,334,454,1128
10530,674,678,688,124,344,468,1142
10531,650,660,650,134,334,468,1118
10532,664,654,654,124,334,458,1122
10533,646,652,646,130,328,458,1104
10534,604,654,652,135,326,464,1110
10535,686,646,650,140,330,470,1156
10536,606,640,626,132,316,464,1096
10537,676,626,644,124,334,458,1134
10538,624,628,622,128,328,456,1080
10539,586,622,624,126,330,452,1080
10540,652,612,606,124,324,448,1100
10541,596,616,618,124,326,470,1066
10542,624,604,598,124,320,444,1068
10543,556,596,598,126,322,446,1042
10544,638,602,600,128,320,448,1086
10545,590,608,570,130,322,452,1018
10546,618,604,646,132,324,456,1074
10547,588,598,588,142,314,456,1044
10548,624,598,592,158,308,471,1048
10549,550,608,612,151,312,467.5,1036
10550,642,612,620,143.5,320,464,1106
10551,622,614,614,136,320,456,1078
10552,622,622,620,136,318,454,1076
10553,610,606,600,132,312,444,1054
10554,596,614,626,125,324,474,1070
10555,648,616,604,146.5,312,430,1078
10556,566,616,624,144.75,320,445.5,1054
10557,639,614,612,143,318,461,1100
10558,623,622,628,142,324,466,1089
10559,648,630,626,124,320,444,1092
10560,632,638,642,130,324,454,1086
10561,650,636,638,130,326,442,1092
10562,620,634,650,130,342,472,1092
10563,620,614,608,124,336,460,1080
10564,614,614,612,124,334,458,1072
10565,612,612,604,124,326,450,1062
10566,558,602,600,130,324,455,1050
10567,634,602,602,136,324,460,1094
10568,614,606,606,128,324,452,1066
10569,618,614,614,124,324,448,1066
10570,552,554,624,126,323,449,1072
10571,692,694,622,128,322,450,1142
10572,606,644,654,132,332,456,1104
10573,688,658,652,136,326,462,1150
10574,666,650,658,120,334,454,1120
10575,650,652,646,122,328,450,1100
10576,654,654,656,122,330,452,1106
10577,658,658,660,122,332,454,1112
10578,650,650,644,122,326,448,1098
10579,654,654,652,122,324,446,1100
10580,588,636,646,120,334,448,1092
10581,690,638,636,123,332,450,1140
10582,622,630,630,126,332,458,1080
10583,618,618,616,126,330,456,1074
10584,572,610,602,142,322,470,1058
10585,616,610,614,138,326,484,1100
10586,632,608,604,134,322,456,1088
10587,590,602,600,133,320,466,1056
10588,614,600,608,132,328,460,1074
10589,656,590,586,99,324,426,1046
10590,592,592,594,117.5,326,441,984
10591,524,594,588,136,320,456,980
10592,660,592,600,102,328,423,1056
10593,592,592,586,85,322,399.5,982
10594,588,588,574,108.5,308,431.75,964
10595,530,594,618,132,332,464,994
10596,660,594,592,126,330,455,1056
10597,548,602,598,120,326,446,994
10598,612,608,624,139,342,458,1070
10599,562,604,568,143.5,306,464,1026
10600,620,610,618,134.75,314,462,1082
10601,634,612,638,126,340,466,1100
10602,616,614,612,124,338,462,1078
10603,582,614,618,125,342,463,1080
10604,648,618,614,126,338,464,1112
10605,614,618,620,130,340,470,1084
10606,650,644,650,124,346,470,1120
10607,638,640,640,126,346,472,1110
10608,646,648,650,128,348,476,1122
10609,654,646,642,120,344,464,1118
10610,586,636,634,143,342,489,1098
10611,640,636,642,132.5,348,478.5,1154
10612,676,632,630,122,346,468,1144
10613,590,636,628,144,338,485,1096
10614,628,626,624,150,336,486.5,1130
10615,636,626,622,142,332,478.25,1124
10616,648,626,630,134,336,470,1118
10617,604,626,626,144,336,478,1096
10618,622,620,616,148,332,479,1108
10619,618,616,612,152,328,480,1098
10620,610,614,614,154,328,484,1094
10621,616,616,616,136,328,484,1100
10622,656,618,618,148,328,446,1102
10623,574,616,614,153,326,464,1060
10624,616,614,612,156.5,324,482,1098
10625,614,616,616,163.25,324,484,1098
10626,614,624,626,140.625,326,462,1110
10627,680,628,624,153.312,322,440,1120
10628,574,622,626,157.656,326,461,1066
10629,624,620,614,163.828,320,482,1106
10630,618,626,628,160.914,322,486,1110
10631,624,612,622,141.457,332,466,1114
10632,646,610,602,122,324,446,1092
10633,582,614,610,125,320,474,1056
10634,638,612,604,128,312,440,1078
10635,576,614,622,141,320,458,1062
10636,632,620,622,133.5,322,476,1108
10637,650,622,624,126,324,450,1100
10638,582,616,616,125,324,484,1066
10639,650,614,610,124,320,444,1094
10640,620,616,616,120,320,440,1060
10641,576,620,624,137,324,461,1064
10642,618,608,612,144.5,328,482,1100
10643,602,600,598,138.25,326,478,1080
10644,628,608,602,132,320,452,1080
10645,606,604,592,130,308,438,1044
10646,622,610,616,151,314,432,1054
10647,560,614,622,133.5,322,434,1054
10648,672,616,614,138.75,320,436,1108
10649,588,616,602,135.375,306,450,1038
10650,636,624,638,132,320,452,1088
10651,650,636,640,151,324,442,1092
10652,584,636,636,158.5,324,465,1078
10653,634,630,628,161.25,322,478.5,1122
10654,630,628,634,142.625,328,464.25,1122
10655,668,628,626,124,326,450,1118
10656,618,620,620,126,326,452,1070
10657,580,616,616,135,326,458,1068
10658,614,596,590,146.5,320,464,1078
10659,590,604,600,136.25,316,474,1064
10660,640,608,612,126,320,446,1086
10661,612,614,618,128,324,452,1064
10662,590,628,622,147,318,484,1074
10663,630,630,636,156.5,324,486,1120
10664,630,630,628,138.25,322,465,1118
10665,688,642,644,120,324,444,1132
10666,660,656,660,146,328,444,1104
10667,598,654,652,161,326,475,1096
10668,646,650,654,166.5,330,484.5,1152
10669,646,642,634,144.25,322,464.25,1140
10670,688,638,638,122,322,444,1132
10671,638,638,642,122,326,448,1086
10672,628,632,630,126,324,450,1078
10673,618,620,622,128,326,454,1072
10674,586,624,620,145,322,467,1074
10675,622,618,614,135.5,318,480,1102
10676,656,620,620,126,318,444,1100
10677,578,620,620,129,318,444,1064
10678,660,624,618,132,312,444,1104
10679,642,640,646,130,318,448,1090
10680,658,650,650,122,318,440,1098
10681,662,662,664,122,320,442,1104
10682,662,658,660,121,322,440,1102
10683,658,660,658,120,320,440,1098
10684,656,658,662,122,324,446,1102
10685,644,646,648,124,326,450,1094
10686,600,640,636,148,322,473,1086
10687,628,636,638,156,324,478.5,1124
10688,636,628,624,161,320,484,1120
10689,622,624,622,161.5,318,484,1106
10690,622,618,618,162.75,318,480,1102
10691,616,618,614,165.375,314,478,1094
10692,610,614,628,165.688,328,475,1106
10693,614,612,590,166.844,306,472,1086
10694,612,614,626,148.422,318,459,1098
10695,658,620,618,130,316,446,1104
10696,584,622,624,147,318,461,1070
10697,628,624,618,156.5,312,476,1104
10698,626,628,632,138.25,316,482,1108
10699,682,636,642,120,322,442,1124
10700,582,636,632,147,318,470,1074
10701,632,632,638,136.5,324,457,1130
10702,686,638,632,126,318,444,1130
10703,578,632,636,148,322,467,1080
10704,642,632,630,158,320,478.5,1132
10705,634,632,634,162,322,484.25,1124
10706,640,638,640,140,324,463.125,1130
10707,692,644,644,151,324,442,1134
10708,572,616,620,129.5,328,439,1062
10709,688,634,634,128.75,328,436,1124
10710,618,638,630,128,320,448,1066
10711,586,634,640,146,326,467,1088
10712,644,632,628,150,322,463.5,1130
10713,638,628,612,144,306,460,1098
10714,644,628,646,138,324,462,1106
10715,592,626,630,151,328,473,1092
10716,634,626,618,138.5,320,484,1118
10717,670,632,636,126,324,450,1120
10718,630,634,632,130,322,452,1082
10719,650,648,650,128,324,452,1102
10720,652,656,656,132,324,456,1108
10721,662,660,660,130,324,454,1116
10722,620,664,666,153,326,482,1120
10723,656,658,666,158.5,334,490,1166
10724,652,640,640,140.25,334,473,1150
10725,682,640,640,122,334,456,1138
10726,630,636,628,128,326,454,1084
10727,594,628,630,128,328,452,1084
10728,664,630,624,128,322,450,1114
10729,622,624,624,130,322,452,1074
10730,586,620,622,149,324,473,1074
10731,620,624,626,156.5,326,486.5,1114
10732,628,624,634,150.25,336,477.25,1128
10733,640,620,608,134.125,324,468,1108
10734,646,620,624,128.062,328,446,1092
10735,614,618,614,122,324,446,1060
10736,600,612,624,134,336,470,1070
10737,596,606,600,143,330,474,1070
10738,594,602,590,149.5,318,470,1064
10739,602,606,616,152.75,328,484,1086
10740,614,614,612,141.375,326,482,1096
10741,648,622,624,130,328,458,1106
10742,618,656,654,127,326,460,1112
10743,720,676,688,124,338,462,1182
10744,664,686,688,124,340,464,1150
10745,742,720,722,124,342,466,1208
10746,680,740,742,122,344,465,1208
10747,782,718,718,120,344,464,1246
10748,686,694,688,128,338,466,1152
10749,684,680,688,124,346,470,1154
10750,668,668,666,124,344,468,1136
10751,670,666,656,120,334,454,1124
10752,644,650,646,126,330,456,1100
10753,596,642,634,128,322,465,1090
10754,670,628,650,130,344,474,1144
10755,606,622,614,124,336,482,1088
10756,642,614,614,138,336,454,1096
10757,580,614,576,151,329,450,1030
10758,592,604,628,157.5,322,470,1078
10759,610,610,614,160.75,326,485,1100
10760,616,616,626,142.375,336,464.5,1116
10761,670,630,614,124,320,444,1114
10762,574,630,606,142,325,476,1050
10763,674,654,688,124,330,458,1164
10764,730,676,680,163,334,440,1170
10765,594,690,680,172.5,324,483,1120
10766,700,680,700,179.25,344,505.5,1226
10767,670,674,672,150.625,342,481.75,1198
10768,742,678,672,122,336,458,1200
10769,684,682,682,120,336,456,1140
10770,686,686,684,120,334,454,1140
10771,630,688,692,123,338,464,1146
10772,736,684,694,126,348,474,1210
10773,676,660,638,125,326,436,1112
10774,636,650,664,124,340,464,1100
10775,636,638,630,126,332,458,1094
10776,654,650,646,122,328,450,1104
10777,644,646,646,124,328,452,1096
10778,660,660,658,124,326,450,1110
10779,678,676,678,122,328,450,1128
10780,696,694,696,120,330,450,1146
10781,674,674,682,120,338,458,1132
10782,670,670,672,120,340,460,1130
10783,662,660,650,149,330,448,1110
10784,588,648,638,148.5,320,458,1086
10785,664,634,634,140.25,320,468,1132
10786,650,634,648,132,334,466,1116
10787,638,632,622,126,324,450,1088
10788,622,630,630,134,324,458,1080
10789,648,648,654,134,330,464,1112
10790,682,672,674,124,332,456,1138
10791,700,700,706,124,338,462,1162
10792,678,674,670,120,334,454,1132
10793,692,694,698,122,338,460,1152
10794,702,702,708,122,344,466,1168
10795,676,674,672,120,342,462,1138
10796,666,672,674,126,344,470,1136
10797,682,672,666,126,338,454,1136
10798,662,672,674,126,340,466,1128
10799,664,662,656,124,334,458,1122
10800,610,658,662,131,338,463,1120
10801,690,656,648,138,330,468,1158
10802,616,646,644,160,328,489,1112
10803,626,640,640,167.5,328,499,1136
10804,647,640,646,170.75,334,506.5,1156
10805,633,632,638,151.375,340,485.25,1147
10806,680,638,630,132,332,464,1144
10807,644,634,632,122,330,452,1096
10808,588,636,630,125,324,452,1082
10809,672,630,630,128,324,452,1124
10810,640,638,634,126,320,446,1086
10811,638,640,646,128,326,454,1092
10812,648,644,654,124,336,460,1108
10813,596,640,638,141,334,475,1098
10814,632,622,620,152.5,332,482.5,1122
10815,622,628,622,141.25,326,466.25,1112
10816,668,634,628,130,320,450,1118
10817,642,638,648,126,330,456,1098
10818,636,636,632,126,326,452,1088
10819,668,666,674,124,334,458,1126
10820,692,696,692,128,330,458,1150
10821,732,732,740,128,338,466,1198
10822,764,754,758,124,342,460,1224
10823,728,730,730,120,342,462,1190
10824,708,712,712,124,342,466,1174
10825,650,706,700,123,336,465,1166
10826,754,696,702,122,342,464,1218
10827,676,674,678,120,346,466,1142
10828,612,664,658,121,340,463,1124
10829,714,664,662,122,338,460,1174
10830,614,654,650,142,334,476,1110
10831,642,642,638,162,330,495,1134
10832,628,648,650,144,332,475.5,1142
10833,704,648,646,126,330,456,1160
10834,648,648,646,126,328,454,1102
10835,642,644,644,128,328,456,1098
10836,672,666,664,122,326,448,1120
10837,632,692,694,121,328,452,1142
10838,772,710,718,120,336,456,1228
10839,693,724,724,123,336,461,1180
10840,769,744,748,126,340,466,1235
10841,640,684,680,126,336,459,1146
10842,722,678,668,126,326,452,1174
10843,662,662,678,126,342,468,1130
10844,672,666,656,120,332,452,1124
10845,620,634,630,134,328,462,1082
10846,638,638,636,134,326,460,1098
10847,654,652,656,132,330,462,1116
10848,614,658,662,129,334,459,1124
10849,716,666,662,126,330,456,1172
10850,648,654,664,132,340,472,1120
10851,666,658,650,124,332,456,1122
10852,608,654,652,148,330,480,1108
10853,658,660,662,161,332,492,1162
10854,660,662,660,168.5,330,501,1164
10855,664,666,670,146.25,334,480.5,1174
10856,716,664,666,124,336,460,1176
10857,610,662,658,149,332,483,1118
10858,662,660,660,135.5,332,466.5,1168
10859,716,664,660,122,328,450,1166
10860,618,674,672,154,326,483,1122
10861,670,678,682,143,330,472.5,1186
10862,730,676,676,132,330,462,1192
10863,626,672,672,152,330,480,1134
10864,674,668,664,163,326,491,1172
10865,674,676,678,168.5,328,495.5,1176
10866,690,690,688,149.25,326,477.75,1190
10867,774,730,734,130,330,460,1234
10868,784,772,774,122,332,450,1234
10869,810,806,810,155,336,450,1260
10870,716,790,790,153,336,467.5,1240
10871,821,784,782,152,334,485,1306
10872,788,788,788,151.5,334,485,1273
10873,782,782,784,164.75,336,498.5,1269
10874,745,772,770,145.375,334,479.25,1257
10875,810,758,758,126,334,460,1270
10876,740,744,742,130,332,462,1202
10877,762,760,758,128,330,458,1220
10878,772,772,772,128,330,458,1230
10879,756,756,756,128,330,458,1214
10880,838,774,776,156,332,488,1234
10881,662,782,784,170,334,503,1180
10882,790,790,790,146,334,477.5,1308
10883,832,770,766,122,330,452,1284
10884,806,802,804,120,332,450,1256
10885,804,804,802,119,330,448,1252
10886,798,798,806,118.5,338,456,1254
10887,762,762,754,118.25,330,448,1210
10888,762,762,758,113.125,326,444,1206
10889,758,748,754,114.562,332,440,1198
10890,730,738,740,153.281,334,450,1180
10891,644,720,714,171.641,328,485,1164
10892,734,732,734,181.32,330,502,1254
10893,737,738,736,149.66,328,477,1256
10894,807,734,740,141.83,334,452,1259
10895,700,716,710,134,328,462,1162
10896,676,724,726,146,330,473,1188
10897,752,728,724,173,326,484,1236
10898,692,734,738,149.5,330,469,1222
10899,786,712,710,126,328,454,1240
10900,689,726,724,126,326,453,1178
10901,775,738,738,126,326,452,1227
10902,676,740,746,124,332,450,1198
10903,818,750,744,122,326,448,1266
10904,702,736,736,121,326,482,1184
10905,778,742,746,120,330,450,1228
10906,738,738,738,120,330,450,1188
10907,670,726,724,120,328,450,1174
10908,774,718,720,120,330,450,1224
10909,618,694,696,141,332,468,1146
10910,724,690,682,163.5,324,490,1210
10911,672,696,698,164.75,326,489,1184
10912,726,706,702,145.375,322,472.5,1214
10913,760,720,728,126,330,456,1216
10914,656,712,708,164,326,494,1164
10915,716,736,740,143,330,473,1248
10916,838,758,758,122,330,452,1290
10917,784,780,784,120,334,452,1236
10918,750,750,754,119,338,456,1206
10919,754,754,756,118.5,340,458,1212
10920,776,776,764,156.25,328,446,1222
10921,664,740,744,126.625,332,438.5,1190
10922,817,720,722,122.312,334,431,1248
10923,707,728,728,119.156,334,452,1159
10924,720,718,722,119.578,338,454,1174
10925,704,708,704,120,334,454,1158
10926,698,700,700,122,334,456,1154
10927,740,738,736,120,332,452,1192
10928,766,766,768,120,334,454,1220
10929,744,822,820,139.5,332,472.5,1274
10930,817,778,778,162.75,332,498.25,1308
10931,763,790,796,139.375,338,478.125,1287
10932,862,792,796,164.688,342,458,1320
10933,704,778,776,144.344,340,461,1234
10934,812,746,746,124,340,464,1276
10935,724,732,728,132,336,468,1192
10936,734,730,728,128,334,462,1196
10937,742,734,734,120,334,454,1196
10938,738,732,730,119,332,446,1184
10939,728,732,732,119.5,332,450,1178
10940,736,738,742,120,336,456,1192
10941,766,756,756,148,336,446,1212
10942,658,724,722,133,334,449,1168
10943,812,754,754,160.5,334,452,1264
10944,714,784,782,168.25,332,483,1234
10945,790,778,784,189.125,338,515.5,1304
10946,740,774,774,154.562,338,485.75,1288
10947,828,738,736,120,336,456,1284
10948,728,738,734,130,332,462,1190
10949,686,742,740,123,330,455,1202
10950,826,756,758,159.5,332,448,1274
10951,708,788,794,175.75,338,488,1242
10952,812,808,806,151.875,336,476,1340
10953,854,790,790,128,336,464,1318
10954,788,780,774,120,330,450,1238
10955,716,786,790,153,334,486,1240
10956,794,790,792,134.5,336,470,1316
10957,862,792,794,160.25,338,454,1316
10958,710,780,774,170.125,332,484,1228
10959,790,784,786,178.062,334,503,1304
10960,778,784,786,149.031,336,479.5,1300
10961,858,792,792,120,336,456,1314
10962,757,790,792,155,338,491,1248
10963,763,800,798,136.5,336,471.5,1289
10964,892,820,818,129.25,334,452,1344
10965,808,812,816,122,338,460,1268
10966,770,768,766,120,336,456,1226
10967,784,788,784,124,332,456,1240
10968,794,790,792,120,334,454,1248
10969,790,792,798,122,340,462,1252
10970,694,760,756,147,336,482,1218
10971,760,744,738,133.5,330,466,1262
10972,778,726,726,120,330,450,1228
10973,704,710,708,126,328,454,1158
10974,694,692,692,124,328,452,1146
10975,692,692,690,124,326,450,1142
10976,698,696,698,122,328,450,1148
10977,690,690,694,122,332,454,1144
10978,678,680,678,124,330,454,1132
10979,694,694,690,124,326,450,1144
10980,632,684,682,150,324,477,1132
10981,682,682,686,136,328,464.5,1186
10982,756,702,704,122,330,452,1208
10983,702,700,702,120,332,452,1154
10984,688,690,688,122,330,452,1140
10985,638,694,692,127,328,455,1144
10986,764,718,716,132,326,458,1222
10987,744,730,734,126,330,448,1192
10988,740,742,744,120,332,452,1192
10989,747,746,746,119,332,451,1198
10990,713,716,716,122,332,454,1167
10991,712,720,718,130,330,460,1172
10992,754,754,754,130,330,460,1214
10993,790,780,782,120,332,452,1242
10994,802,800,804,123,336,454,1256
10995,790,798,798,126,336,462,1252
10996,798,800,800,128,336,464,1262
10997,817,816,816,127,336,463,1280
10998,845,836,838,121.5,338,456,1301
10999,840,838,842,123.75,342,458,1298
11000,816,826,824,126,340,466,1282
11001,818,818,814,126,336,462,1280
11002,752,812,814,122,338,459,1276
11003,886,818,818,121,338,456,1342
11004,810,812,812,120,338,458,1268
11005,780,790,788,130,336,466,1246
11006,802,798,798,126,336,462,1264
11007,822,816,818,120,338,458,1280
11008,838,838,838,120,338,458,1296
11009,848,846,850,119,342,460,1308
11010,826,826,826,152.5,342,460,1286
11011,766,834,830,135.25,338,458,1290
11012,902,834,834,127.625,338,456,1358
11013,830,832,832,120,338,458,1288
11014,781,780,780,119,338,457,1238
11015,745,746,746,120,338,458,1203
11016,732,734,732,122,336,458,1190
11017,740,750,746,132,332,464,1204
11018,780,768,770,120,334,454,1234
11019,778,784,786,126,336,462,1240
11020,780,774,776,120,338,458,1238
11021,746,756,754,130,336,466,1212
11022,776,764,762,127,334,452,1228
11023,790,796,798,124,336,460,1250
11024,758,818,820,122,338,460,1280
11025,870,806,808,120,340,460,1330
11026,792,792,790,120,338,458,1250
11027,742,808,806,119,336,457,1264
11028,892,824,826,135.5,338,456,1348
11029,808,842,844,130.75,340,463,1300
11030,846,820,824,126,344,470,1316
11031,796,798,794,128,340,468,1264
11032,834,824,824,123,340,458,1292
11033,836,836,836,121.5,340,458,1294
11034,848,850,852,120,342,462,1310
11035,828,824,826,120,344,460,1288
11036,824,828,824,120,340,460,1284
11037,834,834,834,120,340,460,1294
11038,864,864,866,120,342,462,1326
11039,866,864,866,119,344,462,1328
11040,840,840,840,119.5,344,462,1302
11041,842,844,842,120,342,462,1304
11042,844,842,842,120,342,460,1304
11043,860,862,862,120,342,462,1322
11044,788,856,860,152,346,494,1322
11045,802,798,794,169,342,509,1328
11046,792,794,790,177.5,338,516.5,1316
11047,792,792,792,148.75,338,486.25,1316
11048,848,782,780,120,336,456,1304
11049,770,776,774,126,334,460,1230
11050,704,764,768,129,338,462,1228
11051,796,742,736,132,332,464,1260
11052,726,718,716,124,330,454,1180
11053,694,708,708,138,330,468,1162
11054,706,692,694,124,332,456,1162
11055,642,690,690,124,332,456,1146
11056,742,694,694,124,332,456,1198
11057,686,684,684,122,332,454,1140
11058,626,676,676,147,332,479,1130
11059,668,668,668,135.5,332,467.5,1172
11060,724,676,676,124,332,456,1180
11061,680,680,678,124,330,454,1134
11062,636,688,692,124,334,456,1146
11063,740,688,688,124,334,458,1198
11064,718,716,714,122,332,454,1172
11065,731,732,734,123,334,457,1188
11066,762,762,764,123,336,459,1221
11067,767,762,764,121.5,338,456,1223
11068,742,744,744,120,338,458,1200
11069,716,730,728,134,336,470,1186
11070,732,732,730,134,334,468,1200
11071,750,738,740,122,336,458,1208
11072,738,736,736,120,336,456,1194
11073,708,714,710,126,332,458,1166
11074,700,712,714,138,334,472,1172
11075,734,732,732,136,334,470,1204
11076,746,734,732,124,332,456,1202
11077,722,718,722,120,336,456,1178
11078,704,712,710,128,334,462,1166
11079,706,710,710,132,334,466,1172
11080,704,698,696,126,332,458,1162
11081,712,710,710,124,332,456,1168
11082,732,730,732,122,334,456,1188
11083,744,744,746,122,336,458,1202
11084,746,746,746,122,336,458,1204
11085,770,766,766,121,336,454,1224
11086,808,810,814,120,340,460,1268
11087,818,816,820,89.5,344,462,1280
11088,867,808,812,103.75,348,462,1274
11089,735,794,790,111.875,344,462,1197
11090,798,800,794,120,338,458,1256
11091,805,804,804,119,338,457,1262
11092,829,828,832,118.5,342,460,1289
11093,834,834,834,149.25,342,460,1294
11094,778,840,844,133.625,346,462,1304
11095,912,850,850,129.812,346,464,1376
11096,816,824,822,126,344,470,1286
11097,834,834,832,126,342,468,1302
11098,798,856,856,156,342,499,1324
11099,882,884,886,173,344,518.5,1412
11100,902,906,910,180.5,348,527.25,1440
11101,900,898,898,186.25,348,532.625,1436
11102,870,874,872,152.125,346,497.312,1408
11103,914,840,838,136.062,344,462,1376
11104,858,860,858,120,342,462,1320
11105,865,864,866,119,344,463,1328
11106,867,868,870,120,346,466,1333
11107,832,836,834,124,344,468,1300
11108,860,856,856,120,344,464,1324
11109,880,882,882,122,344,466,1346
11110,888,888,888,122,344,466,1354
11111,886,884,884,120,344,464,1350
11112,874,872,876,121,348,466,1340
11113,858,862,858,122,344,466,1324
11114,874,872,872,120,344,464,1338
11115,889,890,890,121,344,465,1354
11116,909,906,910,156.5,348,466,1375
11117,832,906,908,137.25,350,468,1374
11118,962,888,890,128.625,348,470,1432
11119,882,884,878,120,346,466,1348
11120,878,886,886,128,346,474,1352
11121,886,874,874,161,346,462,1348
11122,744,822,822,146.5,346,469,1284
11123,854,792,790,132,344,476,1330
11124,720,780,776,131,340,473,1252
11125,830,768,768,130,340,470,1300
11126,712,766,768,171,342,510,1238
11127,732,760,756,147.5,338,485,1282
11128,828,740,738,124,336,460,1288
11129,722,722,722,124,336,460,1182
11130,700,718,718,142,336,478,1178
11131,734,716,718,124,338,462,1196
11132,708,706,702,122,334,456,1164
11133,698,698,700,122,336,458,1156
11134,638,690,688,147,334,482,1146
11135,680,678,678,135.5,334,469,1186
11136,712,664,662,124,332,456,1168
11137,664,666,662,126,328,454,1118
11138,662,662,662,126,328,454,1116
11139,664,664,666,126,330,456,1120
11140,660,658,660,124,332,456,1116
11141,664,664,662,124,330,454,1118
11142,634,678,678,123,330,453,1132
11143,744,698,698,122,330,452,1196
11144,704,698,702,121,334,450,1154
11145,682,686,688,120,336,456,1138
11146,676,678,676,122,334,456,1132
11147,624,672,670,124,332,456,1126
11148,726,682,680,126,330,456,1182
11149,674,696,700,125,334,482,1156
11150,718,694,696,124,336,460,1178
11151,646,698,698,130,336,465,1158
11152,764,724,722,136,334,470,1234
11153,750,744,748,130,338,468,1218
11154,772,762,764,120,340,460,1232
11155,762,762,766,120,344,464,1226
11156,746,746,744,120,342,462,1208
11157,754,754,754,120,342,462,1216
11158,766,776,774,130,340,470,1236
11159,787,782,786,125,344,469,1256
11160,759,754,752,120,342,462,1221
11161,668,724,722,149,340,488,1184
11162,714,716,712,137.5,336,475,1228
11163,754,702,702,126,336,462,1216
11164,706,706,706,126,336,462,1168
11165,708,706,708,124,338,462,1170
11166,710,710,710,124,338,462,1172
11167,706,706,706,124,338,462,1168
11168,698,698,698,124,338,462,1160
11169,700,700,700,124,338,462,1162
11170,704,708,708,128,338,466,1170
11171,724,720,720,124,338,462,1186
11172,740,740,742,124,340,464,1204
11173,736,740,740,128,340,468,1204
11174,738,734,738,124,344,468,1206
11175,720,734,728,138,338,476,1196
11176,770,754,754,122,338,460,1230
11177,754,764,766,132,340,472,1226
11178,756,762,762,138,340,478,1234
11179,756,740,742,122,342,464,1220
11180,726,726,722,122,338,460,1186
11181,720,720,716,122,334,456,1176
11182,706,706,706,122,334,456,1162
11183,650,698,698,126,334,460,1154
11184,720,680,680,130,334,464,1184
11185,674,672,672,128,334,462,1136
11186,662,664,666,130,336,466,1128
11187,660,656,654,126,334,460,1120
11188,654,652,648,124,330,454,1108
11189,654,660,658,130,328,458,1112
11190,666,664,666,128,330,458,1124
11191,676,672,672,124,330,454,1130
11192,670,670,672,124,332,456,1126
11193,672,674,674,126,332,458,1130
11194,690,688,688,124,332,456,1146
11195,640,692,692,125,332,457,1148
11196,736,686,686,126,332,458,1194
11197,682,682,682,126,332,458,1140
11198,672,670,670,124,332,456,1128
11199,662,664,662,126,330,456,1118
11200,664,664,666,126,332,458,1122
11201,650,656,654,132,330,462,1112
11202,650,646,646,128,330,458,1108
11203,646,646,644,128,328,456,1102
11204,650,652,650,130,326,456,1106
11205,660,656,658,126,328,454,1114
11206,666,664,666,124,330,454,1120
11207,656,660,660,128,330,458,1114
11208,668,668,666,128,328,456,1124
11209,670,670,670,128,328,456,1126
11210,678,674,676,124,330,454,1132
11211,668,670,670,126,330,456,1124
11212,662,662,662,126,330,456,1118
11213,666,666,668,126,332,458,1124
11214,664,662,662,124,332,456,1120
11215,654,656,654,126,330,456,1110
11216,662,662,662,126,330,456,1118
11217,656,658,658,128,330,458,1114
11218,662,658,656,124,328,452,1114
11219,658,656,658,122,330,452,1110
11220,646,650,650,126,330,456,1102
11221,656,654,654,124,330,454,1110
11222,654,656,656,126,330,456,1110
11223,658,660,658,128,328,456,1114
11224,672,668,666,124,326,450,1122
11225,682,682,684,124,328,452,1134
11226,684,684,686,124,330,454,1138
11227,686,684,686,122,332,454,1140
11228,674,676,672,124,328,452,1126
11229,678,678,674,124,324,448,1126
11230,676,676,678,124,326,450,1126
11231,664,666,668,126,328,454,1118
11232,664,664,664,126,328,454,1118
11233,670,672,670,128,326,454,1124
11234,666,664,666,126,328,454,1120
11235,664,666,666,128,328,456,1120
11236,678,678,676,128,326,454,1132
11237,694,690,690,124,326,450,1144
11238,704,704,706,124,328,452,1156
11239,712,710,714,122,332,454,1166
11240,706,706,704,122,330,452,1158
11241,714,716,712,124,326,450,1164
11242,738,736,740,122,330,452,1190
11243,754,754,756,122,332,454,1208
11244,774,770,772,121,334,452,1226
11245,756,758,758,120,334,454,1210
11246,734,736,732,122,330,452,1186
11247,734,734,732,122,328,450,1184
11248,736,738,740,124,330,454,1190
11249,750,748,750,122,332,454,1204
11250,744,744,746,122,334,456,1200
11251,740,742,738,124,330,454,1194
11252,762,760,762,122,332,454,1216
11253,794,792,792,120,332,452,1246
11254,798,800,802,122,334,456,1254
11255,782,780,782,120,336,456,1238
11256,768,770,768,122,334,456,1224
11257,778,778,778,122,334,456,1234
11258,794,792,790,120,332,452,1246
11259,784,784,788,120,336,456,1240
11260,788,790,788,122,334,456,1244
11261,776,776,778,122,336,458,1234
11262,762,762,760,122,334,456,1218
11263,774,774,772,122,332,454,1228
11264,766,766,766,122,332,454,1220
11265,766,766,768,122,334,456,1222
11266,752,752,754,122,336,458,1210
11267,742,742,740,122,334,456,1198
11268,744,746,742,124,330,454,1198
11269,760,758,760,122,332,454,1214
11270,784,782,784,120,334,454,1238
11271,792,792,792,120,334,454,1246
11272,800,800,804,120,338,458,1258
11273,786,788,786,122,336,458,1244
11274,808,806,806,120,336,456,1264
11275,817,818,818,121,336,457,1274
11276,812,812,812,121,336,457,1269
11277,781,782,782,122,336,458,1239
11278,774,772,772,120,336,456,1230
11279,760,762,758,122,332,454,1214
11280,750,752,754,124,334,458,1208
11281,734,732,730,122,332,454,1188
11282,714,716,716,124,332,456,1170
11283,721,720,718,123,330,453,1174
11284,711,712,714,124,332,456,1167
11285,696,700,700,128,332,460,1156
11286,710,706,704,124,330,454,1164
11287,714,718,714,128,326,454,1168
11288,724,722,726,126,330,456,1180
11289,728,726,726,124,330,454,1182
11290,718,716,718,122,332,454,1172
11291,710,712,712,124,332,456,1166
11292,688,690,690,126,332,458,1146
11293,634,678,676,127,330,456,1134
11294,724,682,678,128,326,454,1178
11295,684,678,680,122,328,450,1134
11296,672,674,672,124,326,450,1122
11297,674,676,676,126,326,452,1126
11298,680,682,682,128,326,454,1134
11299,686,684,686,126,328,454,1140
11300,622,672,672,150,328,477,1126
11301,680,678,676,161,326,486.5,1180
11302,672,670,668,143.5,324,469.25,1168
11303,716,670,672,126,326,452,1168
11304,678,678,678,126,326,452,1130
11305,682,678,682,122,330,452,1134
11306,670,676,674,128,328,456,1126
11307,676,670,670,122,328,450,1126
11308,658,660,664,124,332,456,1114
11309,668,670,662,126,324,450,1118
11310,678,674,680,122,330,452,1130
11311,674,676,672,124,326,450,1124
11312,698,694,696,120,328,448,1146
11313,692,696,698,124,330,454,1146
11314,702,698,698,120,330,450,1152
11315,684,688,690,124,332,456,1140
11316,674,676,674,126,330,456,1130
11317,638,684,682,149,328,478,1138
11318,680,680,680,137.5,328,465,1180
11319,718,672,670,126,326,452,1170
11320,684,682,686,124,330,454,1138
11321,698,698,698,124,330,454,1152
11322,688,688,688,124,330,454,1142
11323,688,690,688,126,328,454,1142
11324,698,712,716,140,332,472,1170
11325,770,752,752,122,332,454,1224
11326,794,790,794,121,336,454,1248
11327,804,806,810,120,340,460,1264
11328,774,786,784,132,338,470,1244
11329,796,784,782,120,336,456,1252
11330,800,802,802,122,336,458,1258
11331,810,806,810,153,340,458,1268
11332,740,806,806,136.5,340,459,1264
11333,838,774,774,120,340,460,1298
11334,750,764,760,134,336,470,1220
11335,778,766,766,122,336,458,1236
11336,772,772,770,122,334,456,1228
11337,776,774,776,120,336,456,1232
11338,768,768,770,120,338,458,1226
11339,754,764,762,130,336,466,1220
11340,772,762,760,120,334,454,1226
11341,770,770,772,120,336,456,1226
11342,768,770,770,122,336,458,1226
11343,786,784,786,120,338,458,1244
11344,764,766,766,122,338,460,1224
11345,766,766,762,122,334,456,1222
11346,778,780,782,124,336,460,1238
11347,796,792,792,120,336,456,1252
11348,784,784,784,120,336,456,1240
11349,748,750,754,122,340,462,1210
11350,736,738,734,124,336,460,1196
11351,734,738,736,128,334,462,1196
11352,694,712,712,127,334,480,1174
11353,722,702,698,126,330,456,1178
11354,712,710,712,124,332,456,1168
11355,726,726,726,124,332,456,1182
11356,730,730,732,124,334,458,1188
11357,712,712,712,124,334,458,1170
11358,702,716,714,138,332,470,1172
11359,718,726,724,131,330,476,1194
11360,740,718,718,124,330,454,1194
11361,720,720,720,124,330,454,1174
11362,710,706,710,120,334,454,1164
11363,700,706,702,126,330,456,1156
11364,716,714,718,124,334,458,1174
11365,722,720,722,122,336,458,1180
11366,708,708,704,122,332,454,1162
11367,706,708,708,124,332,456,1162
11368,708,706,706,122,332,454,1162
11369,702,704,704,124,332,456,1158
11370,692,692,688,124,328,452,1144
11371,636,686,686,125,328,453,1138
11372,726,678,678,126,328,454,1180
11373,680,678,680,124,330,454,1134
11374,686,688,688,126,330,456,1142
11375,680,680,680,126,330,456,1136
11376,636,684,684,126,330,454,1140
11377,748,700,696,126,326,452,1200
11378,714,714,716,126,328,454,1168
11379,736,732,736,122,332,454,1190
11380,754,754,758,122,336,458,1212
11381,754,752,752,120,336,456,1210
11382,742,746,742,124,332,456,1198
11383,762,762,762,124,332,456,1218
11384,768,766,768,122,334,456,1224
11385,786,782,786,121,338,456,1242
11386,762,764,764,120,338,458,1220
11387,732,748,746,136,336,472,1204
11388,758,746,744,124,334,458,1216
11389,756,754,754,122,334,456,1212
11390,784,782,784,120,336,456,1240
11391,794,794,796,120,338,458,1252
11392,776,776,778,120,340,460,1236
11393,768,766,762,121,336,454,1222
11394,790,794,792,122,334,456,1246
11395,800,798,800,120,336,456,1256
11396,806,808,810,122,338,460,1266
11397,789,788,788,121,338,459,1248
11398,759,762,760,124,336,460,1219
11399,758,756,752,122,332,454,1212
11400,764,764,764,122,332,454,1218
11401,778,774,778,121,336,454,1232
11402,770,772,772,120,336,456,1226
11403,760,760,762,120,338,458,1218
11404,730,732,728,122,334,456,1186
11405,724,726,724,124,332,456,1180
11406,722,722,724,124,334,458,1180
11407,722,720,720,122,334,456,1178
11408,692,698,700,128,336,464,1156
11409,692,692,686,128,330,458,1150
11410,696,696,696,128,330,458,1154
11411,702,700,698,126,328,454,1156
11412,704,704,708,126,332,458,1162
11413,704,704,704,126,332,458,1162
11414,702,702,704,126,334,460,1162
11415,692,692,690,126,332,458,1150
11416,682,682,682,126,332,458,1140
11417,678,678,676,126,330,456,1134
11418,666,668,670,128,332,460,1126
11419,664,662,662,126,332,458,1122
11420,662,666,664,130,330,460,1122
11421,678,676,676,128,330,458,1136
11422,676,678,678,130,330,460,1136
11423,682,680,684,128,334,462,1144
11424,678,678,674,128,330,458,1136
11425,696,692,692,124,330,454,1150
11426,698,698,700,124,332,456,1154
11427,704,702,704,122,334,456,1160
11428,646,700,698,123,332,457,1154
11429,740,688,690,124,334,458,1198
11430,684,686,684,126,332,458,1142
11431,684,684,686,126,334,460,1144
11432,670,672,668,128,330,458,1128
11433,670,670,670,128,330,458,1128
11434,668,668,664,128,326,454,1122
11435,668,668,670,128,328,456,1124
11436,664,664,666,128,330,458,1122
11437,618,660,658,129,328,457,1116
11438,702,662,660,130,326,456,1158
11439,664,660,662,126,328,454,1118
11440,662,660,660,124,328,452,1114
11441,656,658,658,126,328,454,1110
11442,660,660,660,126,328,454,1114
11443,674,676,676,128,328,456,1130
11444,676,676,680,128,332,460,1136
11445,682,680,678,126,330,456,1138
11446,708,704,706,122,332,454,1162
11447,712,712,712,122,332,454,1166
11448,702,702,704,122,334,456,1158
11449,684,688,686,126,332,458,1142
11450,700,698,696,124,330,454,1154
11451,642,698,698,123,330,454,1152
11452,752,694,696,122,332,454,1206
11453,682,688,688,128,332,460,1142
11454,630,680,678,127,330,456,1138
11455,742,690,686,126,326,452,1194
11456,700,698,702,124,330,454,1154
11457,706,704,704,122,330,452,1158
11458,706,706,708,122,332,454,1160
11459,640,698,694,123,328,451,1148
11460,758,702,698,124,324,448,1206
11461,688,700,704,136,328,464,1152
11462,706,694,692,124,326,450,1156
11463,656,700,702,135,328,462,1152
11464,734,712,712,128.5,328,474,1208
11465,730,706,710,122,332,454,1184
11466,644,698,696,131,330,460,1150
11467,744,708,704,140,326,466,1210
11468,740,720,722,120,328,448,1188
11469,720,722,724,122,330,452,1172
11470,718,718,718,122,330,452,1170
11471,706,708,710,124,332,456,1162
11472,644,698,694,125,328,454,1150
11473,762,710,708,126,326,452,1214
11474,714,714,718,126,330,456,1170
11475,734,730,730,122,330,452,1186
11476,748,748,750,122,332,454,1202
11477,750,752,754,124,334,458,1208
11478,760,768,768,132,334,466,1226
11479,810,798,798,120,334,454,1264
11480,814,816,818,122,336,458,1272
11481,814,812,814,120,338,458,1272
11482,806,806,806,120,338,458,1264
11483,778,782,778,124,334,458,1236
11484,794,792,792,122,334,456,1250
11485,810,810,812,122,336,458,1268
11486,820,820,820,122,336,458,1278
11487,812,810,812,120,338,458,1270
11488,796,794,796,121,340,458,1254
11489,778,782,776,122,334,456,1234
11490,798,798,798,122,334,456,1254
11491,820,818,820,120,336,456,1276
11492,810,810,810,120,336,456,1266
11493,792,794,796,122,338,460,1252
11494,776,774,772,120,336,456,1232
11495,792,794,792,122,334,456,1248
11496,794,792,792,120,334,454,1248
11497,802,802,804,120,336,456,1258
11498,782,784,784,122,336,458,1240
11499,772,772,772,122,336,458,1230
11500,784,788,784,126,332,458,1242
11501,814,810,812,122,334,456,1270
11502,828,826,830,120,338,458,1286
11503,818,820,822,122,340,462,1280
11504,802,804,800,124,336,460,1262
11505,810,808,806,122,334,456,1266
11506,794,794,796,122,336,458,1252
11507,768,768,768,122,336,458,1226
11508,740,744,742,126,334,460,1200
11509,732,732,730,126,332,458,1190
11510,716,718,720,128,334,462,1178
11511,692,700,696,136,330,466,1158
11512,716,706,706,126,330,456,1172
11513,722,722,720,126,328,454,1176
11514,730,728,734,124,334,458,1188
11515,720,720,718,124,332,456,1176
11516,710,710,708,124,330,454,1164
11517,694,692,692,122,330,452,1146
11518,690,694,692,126,328,454,1144
11519,688,684,686,122,330,452,1140
11520,674,682,680,130,328,458,1132
11521,686,678,676,122,326,448,1134
11522,678,682,682,126,326,452,1130
11523,676,678,678,128,326,454,1130
11524,676,672,674,124,328,452,1128
11525,666,668,666,126,326,452,1118
11526,622,668,668,126,326,452,1120
11527,708,662,662,126,326,452,1160
11528,642,652,652,136,326,462,1104
11529,654,648,646,130,324,454,1108
11530,646,644,644,128,324,452,1098
11531,640,640,642,128,326,454,1094
11532,638,640,638,130,324,454,1092
11533,642,640,640,128,324,452,1094
11534,638,640,644,130,328,458,1096
11535,602,638,636,128,326,456,1094
11536,674,634,636,126,328,454,1128
11537,636,638,638,128,328,456,1092
11538,638,640,642,130,330,460,1098
11539,632,634,632,132,328,460,1092
11540,634,632,632,130,328,458,1092
11541,638,636,636,128,328,456,1094
11542,634,638,638,132,328,460,1094
11543,646,642,644,128,330,458,1104
11544,644,646,648,130,332,462,1106
11545,644,644,644,130,332,462,1106
11546,662,660,658,128,330,458,1120
11547,672,672,674,128,332,460,1132
11548,680,680,682,128,334,462,1142
11549,650,700,702,127,336,462,1164
11550,740,688,688,126,336,462,1202
11551,686,690,688,130,334,464,1150
11552,644,690,688,127,332,460,1152
11553,738,686,686,124,332,456,1194
11554,714,712,718,122,338,460,1174
11555,716,716,716,122,338,460,1176
11556,738,738,740,122,340,462,1200
11557,718,720,722,124,342,466,1184
11558,716,716,710,124,336,460,1176
11559,726,726,726,124,336,460,1186
11560,746,744,746,122,338,460,1206
11561,760,760,760,122,338,460,1220
11562,760,760,762,122,340,462,1222
11563,728,730,726,124,336,460,1188
11564,732,730,728,122,334,456,1188
11565,762,764,764,124,334,458,1220
11566,780,778,780,122,336,458,1238
11567,798,796,798,120,338,458,1256
11568,772,776,776,124,338,462,1234
11569,764,764,762,124,336,460,1224
11570,782,782,782,124,336,460,1242
11571,816,814,814,122,336,458,1274
11572,836,836,840,122,340,462,1298
11573,802,806,808,126,342,468,1270
11574,834,832,828,124,338,462,1296
11575,864,862,864,122,340,462,1326
11576,864,864,864,122,340,462,1326
11577,848,848,852,122,344,466,1314
11578,834,836,832,124,340,464,1298
11579,854,854,854,124,340,464,1318
11580,870,868,870,122,342,464,1334
11581,880,880,880,122,342,464,1344
11582,872,872,876,122,346,468,1340
11583,844,844,838,122,340,462,1306
11584,842,844,842,124,338,462,1304
11585,858,856,858,122,340,462,1320
11586,866,866,868,122,342,464,1330
11587,822,822,824,122,344,466,1288
11588,714,786,782,160,340,499,1248
11589,768,772,766,143,334,480.5,1300
11590,822,750,752,126,336,462,1284
11591,736,740,738,130,334,464,1200
11592,764,758,758,124,334,458,1222
11593,810,812,814,126,336,462,1272
11594,826,824,826,124,338,462,1288
11595,822,820,822,122,340,462,1284
11596,710,780,778,125,338,462,1240
11597,834,770,766,128,334,462,1296
11598,754,748,748,122,334,456,1210
11599,718,722,720,126,332,458,1176
11600,728,720,720,124,332,450,1178
11601,732,736,730,122,326,448,1180
11602,726,726,734,122,334,456,1182
11603,724,730,728,128,332,460,1184
11604,682,744,744,158,332,490,1204
11605,722,720,720,146,332,476,1242
11606,784,730,726,134,328,462,1246
11607,758,748,750,124,330,454,1212
11608,746,746,750,124,334,458,1204
11609,732,730,728,122,332,454,1186
11610,672,728,726,124,330,456,1180
11611,778,726,728,126,332,458,1236
11612,710,712,712,128,332,460,1170
11613,690,702,698,140,328,468,1158
11614,694,700,702,132,330,476,1170
11615,722,700,702,124,332,456,1178
11616,700,704,702,128,330,458,1158
11617,704,696,698,120,332,452,1156
11618,686,690,690,124,332,456,1142
11619,682,686,684,128,330,458,1140
11620,708,706,710,126,334,460,1168
11621,716,718,720,128,336,464,1180
11622,744,740,740,124,336,460,1204
11623,766,768,768,126,336,462,1228
11624,835,834,836,125,338,463,1298
11625,853,850,852,122,340,462,1315
11626,840,838,842,120,344,464,1304
11627,814,814,816,120,346,466,1280
11628,778,778,772,120,340,460,1238
11629,756,756,754,120,338,458,1214
11630,742,746,744,124,336,460,1202
11631,786,724,726,125,338,461,1186
11632,640,704,702,126,336,462,1102
11633,634,688,684,147,332,481,1146
11634,690,678,678,136.5,332,469.5,1190
11635,718,676,676,126,332,458,1176
11636,678,680,678,128,330,458,1136
11637,682,680,682,126,332,458,1140
11638,670,678,678,134,332,466,1136
11639,696,688,688,126,332,458,1154
11640,714,712,712,124,332,456,1170
11641,736,734,738,122,336,458,1194
11642,752,754,754,124,336,460,1212
11643,748,744,748,120,340,460,1208
11644,742,744,742,122,338,460,1202
11645,680,738,738,151,338,488,1198
11646,732,732,730,135.5,336,471,1248
11647,792,732,730,120,334,454,1246
11648,724,722,726,132,338,456,1180
11649,688,714,710,127,334,478,1166
11650,740,718,718,122,334,456,1196
11651,726,728,728,124,334,458,1184
11652,724,724,724,124,334,458,1182
11653,714,714,714,124,334,458,1172
11654,644,698,696,126,332,458,1154
11655,748,698,696,128,330,458,1206
11656,700,698,700,126,332,458,1158
11657,692,694,694,128,332,460,1152
11658,694,690,690,124,332,456,1150
11659,688,690,686,126,328,454,1142
11660,692,694,694,128,328,456,1148
11661,702,702,708,128,334,462,1164
11662,706,704,702,126,332,458,1164
11663,700,698,700,124,334,458,1158
11664,678,684,684,130,334,464,1142
11665,670,674,670,134,330,464,1134
11666,686,678,678,126,330,456,1142
11667,670,672,672,128,330,458,1128
11668,664,666,666,130,330,460,1124
11669,668,668,668,130,330,460,1128
11670,676,672,676,126,334,460,1136
11671,674,676,676,128,334,462,1136
11672,676,674,668,126,328,454,1130
11673,630,680,680,128,328,457,1134
11674,732,686,688,130,330,460,1192
11675,688,684,684,126,330,456,1144
11676,690,688,690,124,332,456,1146
11677,688,684,686,120,334,454,1142
11678,672,680,676,128,330,458,1130
11679,688,686,686,126,330,456,1144
11680,684,686,686,128,330,458,1142
11681,686,692,694,134,332,466,1152
11682,696,690,688,128,330,458,1154
11683,714,710,708,124,328,452,1166
11684,728,728,728,124,328,452,1180
11685,742,740,742,122,330,452,1194
11686,724,724,726,122,332,454,1178
11687,640,698,698,124,332,455,1152
11688,742,688,686,126,330,456,1198
11689,694,692,690,124,328,452,1146
11690,680,680,680,124,328,452,1132
11691,668,668,670,124,330,454,1122
11692,658,660,658,126,328,454,1112
11693,668,668,666,126,326,452,1120
11694,668,670,668,128,324,452,1120
11695,680,678,680,126,326,452,1132
11696,676,674,678,124,330,454,1130
11697,670,672,670,126,328,454,1124
11698,678,678,676,126,326,452,1130
11699,694,692,692,124,326,450,1144
11700,698,700,702,126,328,454,1152
11701,692,692,692,126,328,454,1146
11702,640,692,690,134,326,461,1144
11703,744,708,708,142,326,468,1212
11704,728,710,710,124,326,450,1178
11705,692,692,692,124,326,450,1142
11706,716,716,720,124,330,454,1170
11707,734,730,732,120,332,452,1186
11708,710,714,712,124,330,454,1164
11709,724,724,720,124,326,450,1174
11710,744,744,748,124,330,454,1198
11711,766,764,764,122,330,452,1218
11712,758,758,758,122,330,452,1210
11713,764,762,766,120,334,454,1218
11714,742,744,742,122,332,454,1196
11715,754,756,752,124,328,452,1206
11716,756,752,752,120,328,448,1204
11717,762,766,768,124,330,454,1216
11718,768,764,766,120,332,452,1220
11719,742,744,744,122,332,454,1196
11720,728,730,726,124,328,452,1180
11721,748,746,748,122,330,452,1200
11722,756,754,754,120,330,450,1206
11723,776,778,778,122,330,452,1228
11724,789,788,792,121,334,455,1244
11725,757,758,756,122,332,454,1211
11726,754,754,752,122,330,452,1206
11727,770,770,770,122,330,452,1222
11728,768,770,770,124,330,454,1222
11729,778,774,778,120,334,454,1232
11730,758,760,758,122,332,454,1212
11731,752,754,750,124,328,452,1204
11732,768,766,768,122,330,452,1220
11733,781,782,782,123,330,453,1234
11734,795,792,796,120,334,454,1249
11735,764,766,764,122,332,454,1218
11736,752,762,760,132,330,462,1214
11737,784,772,772,120,330,450,1234
11738,778,780,782,122,332,454,1232
11739,784,784,784,122,332,454,1238
11740,766,764,766,120,334,454,1220
11741,768,770,766,122,330,452,1220
11742,774,784,786,132,332,464,1238
11743,818,808,808,122,332,454,1272
11744,802,800,802,120,334,454,1256
11745,778,780,780,122,334,456,1234
11746,780,780,776,122,330,452,1232
11747,790,788,790,120,332,452,1242
11748,780,782,782,122,332,454,1234
11749,774,774,778,122,336,458,1232
11750,754,756,752,124,332,456,1210
11751,766,764,764,122,332,454,1220
11752,780,778,778,120,332,452,1232
11753,769,770,770,121,332,453,1222
11754,755,754,756,120,334,454,1209
11755,740,744,742,124,332,456,1196
11756,750,748,746,122,330,452,1202
11757,742,744,744,124,330,454,1196
11758,732,732,734,124,332,456,1188
11759,716,718,716,126,330,456,1172
11760,700,716,712,142,326,468,1168
11761,720,702,702,124,326,450,1170
11762,702,702,704,124,328,452,1154
11763,714,714,716,124,330,454,1168
11764,724,722,720,122,328,450,1174
11765,684,706,708,124,330,474,1158
11766,722,704,702,126,328,454,1176
11767,692,710,710,126,328,472,1164
11768,720,702,700,126,326,452,1172
11769,694,694,696,126,328,454,1148
11770,686,688,688,128,328,456,1142
11771,682,682,682,128,328,456,1138
11772,684,686,684,130,326,456,1140
11773,674,674,676,130,328,458,1132
11774,692,686,686,124,328,452,1144
11775,690,696,696,130,328,458,1148
11776,700,696,698,126,330,456,1156
11777,690,692,690,128,328,456,1146
11778,696,696,696,128,328,456,1152
11779,680,680,682,128,330,458,1138
11780,678,678,676,128,328,456,1134
11781,682,682,680,128,326,454,1136
11782,672,670,668,126,324,450,1122
11783,656,658,666,128,332,460,1116
11784,656,656,650,128,326,454,1110
11785,658,658,658,128,326,454,1112
11786,650,652,654,130,328,458,1108
11787,606,640,638,131,326,457,1096
11788,678,646,644,132,324,456,1134
11789,644,642,642,130,324,454,1098
11790,634,636,636,132,324,456,1090
11791,622,630,630,140,324,464,1086
11792,640,630,628,130,322,452,1092
11793,626,628,628,132,322,454,1080
11794,640,636,636,128,322,450,1090
11795,638,638,642,128,326,454,1092
11796,642,644,644,130,326,456,1098
11797,644,642,640,128,324,452,1096
11798,638,638,638,128,324,452,1090
11799,644,642,640,126,322,448,1092
11800,642,642,644,126,324,450,1092
11801,610,644,646,126,326,452,1096
11802,676,642,644,126,328,454,1130
11803,640,642,640,128,326,454,1094
11804,644,648,648,132,326,458,1102
11805,656,652,650,128,324,452,1108
11806,656,656,662,128,330,458,1114
11807,616,662,664,127,332,457,1122
11808,716,668,666,126,330,456,1172
11809,678,680,678,128,328,456,1134
11810,682,678,680,124,330,454,1136
11811,678,678,676,124,328,452,1130
11812,680,682,684,126,330,456,1136
11813,688,684,688,122,334,456,1144
11814,682,684,682,124,332,456,1138
11815,676,678,676,126,330,456,1132
11816,662,662,660,126,328,454,1116
11817,658,658,658,126,328,454,1112
11818,660,660,660,126,328,454,1114
11819,664,658,658,120,328,448,1112
11820,600,652,658,126,334,452,1106
11821,692,652,642,132,324,456,1148
11822,670,662,666,124,328,452,1122
11823,658,660,660,126,328,454,1112
11824,656,658,656,128,326,454,1110
11825,652,652,650,128,324,452,1104
11826,662,664,662,130,322,452,1114
11827,676,674,676,128,324,452,1128
11828,692,688,690,124,326,450,1142
11829,692,694,696,126,328,454,1146
11830,682,680,678,124,326,450,1132
11831,640,694,692,125,324,451,1142
11832,762,710,712,126,326,452,1214
11833,722,716,720,120,330,450,1172
11834,724,728,730,124,332,456,1180
11835,698,700,696,126,328,454,1152
11836,700,700,696,126,324,450,1150
11837,696,710,712,140,326,466,1162
11838,726,708,710,122,328,450,1176
11839,710,710,710,122,328,450,1160
11840,642,694,694,124,328,450,1144
11841,730,682,678,126,324,450,1180
11842,680,678,682,124,328,452,1132
11843,690,690,688,124,326,450,1140
11844,708,706,704,122,324,446,1154
11845,720,722,724,124,326,450,1170
11846,728,726,728,122,328,450,1178
11847,708,708,708,122,328,450,1158
11848,712,714,712,124,326,450,1162
11849,718,718,714,124,322,446,1164
11850,724,722,726,122,326,448,1172
11851,728,728,728,122,326,448,1176
11852,706,706,708,122,328,450,1156
11853,692,696,692,126,324,450,1142
11854,702,702,702,126,324,450,1152
11855,690,692,692,128,324,452,1142
11856,676,678,678,130,324,454,1130
11857,690,686,684,126,322,448,1138
11858,690,690,692,126,324,450,1140
11859,686,688,688,128,324,452,1138
11860,674,674,672,128,322,450,1124
11861,676,676,676,128,322,450,1126
11862,676,674,674,126,322,448,1124
11863,672,672,672,126,322,448,1120
11864,664,666,668,128,324,452,1116
11865,662,662,654,128,316,444,1106
11866,664,666,668,130,318,448,1112
11867,662,662,666,130,322,452,1114
11868,658,654,652,126,320,446,1104
11869,654,654,656,126,322,448,1102
11870,664,662,664,124,324,448,1112
11871,640,646,646,130,324,454,1094
11872,644,646,642,132,320,452,1096
11873,654,650,648,128,318,446,1100
11874,660,658,658,126,318,444,1104
11875,646,652,658,132,324,456,1102
11876,660,654,652,126,322,448,1108
11877,660,668,668,134,322,456,1116
11878,692,678,676,120,320,440,1132
11879,684,684,688,120,324,444,1128
11880,674,676,670,122,318,440,1114
11881,660,666,670,128,322,450,1110
11882,682,674,674,120,322,442,1124
11883,678,686,686,128,322,450,1128
11884,684,684,686,128,324,452,1136
11885,692,686,686,122,324,446,1138
11886,676,676,676,122,324,446,1122
11887,666,672,668,128,320,448,1114
11888,676,674,676,126,322,448,1124
11889,676,674,674,124,322,446,1122
11890,666,672,674,130,324,454,1120
11891,666,666,664,130,322,452,1118
11892,668,664,664,126,322,448,1116
11893,676,678,678,128,322,450,1126
11894,698,696,696,126,322,448,1146
11895,726,722,724,122,324,446,1172
11896,748,748,752,122,328,450,1198
11897,750,752,752,124,328,452,1202
11898,768,766,764,122,326,448,1216
11899,778,780,782,124,328,452,1230
11900,800,796,800,120,332,452,1252
11901,770,770,768,120,330,450,1220
11902,732,736,734,124,328,452,1184
11903,716,716,716,124,328,452,1168
11904,722,722,720,124,326,450,1172
11905,722,722,720,124,324,448,1170
11906,716,716,720,124,328,452,1168
11907,716,714,712,122,326,448,1164
11908,730,732,730,124,324,448,1178
11909,746,744,746,122,326,448,1194
11910,740,740,742,122,328,450,1190
11911,728,730,730,124,328,452,1180
11912,710,710,708,124,326,450,1160
11913,716,718,714,126,322,448,1164
11914,736,732,734,122,324,446,1182
11915,748,748,750,122,326,448,1196
11916,740,740,742,122,328,450,1190
11917,726,728,726,124,326,450,1176
11918,722,722,720,124,324,448,1170
11919,734,734,734,124,324,448,1182
11920,734,732,734,122,326,448,1182
11921,730,732,734,124,328,452,1182
11922,720,720,718,124,326,450,1170
11923,724,722,720,122,324,446,1170
11924,738,740,742,124,326,450,1188
11925,748,746,746,122,326,448,1196
11926,742,746,748,126,328,454,1196
11927,702,718,714,142,324,466,1168
11928,724,710,708,128,322,450,1174
11929,702,702,704,128,324,452,1154
11930,684,686,688,130,326,456,1140
11931,636,678,676,130,324,455,1132
11932,722,680,680,130,324,454,1176
11933,680,680,678,130,322,452,1132
11934,672,670,670,128,322,450,1122
11935,678,676,676,126,322,448,1126
11936,660,664,666,130,324,454,1114
11937,678,674,672,126,322,448,1126
11938,670,672,670,128,320,448,1118
11939,670,670,672,128,322,450,1120
11940,664,666,666,130,322,452,1116
11941,670,670,670,130,322,452,1122
11942,676,672,674,126,324,450,1126
11943,658,662,660,130,322,452,1110
11944,662,662,662,130,322,452,1114
11945,672,668,666,126,320,446,1118
11946,674,674,674,126,320,446,1120
11947,676,678,680,128,322,450,1126
11948,666,664,666,126,324,450,1116
11949,666,666,664,126,322,448,1114
11950,666,670,668,130,320,450,1116
11951,668,664,666,126,322,448,1116
11952,656,658,656,128,320,448,1104
11953,656,658,660,130,322,452,1108
11954,668,662,664,124,324,448,1116
11955,662,664,664,126,324,450,1112
11956,666,666,662,126,320,446,1112
11957,674,674,676,126,322,448,1122
11958,664,666,666,128,322,450,1114
11959,656,652,654,124,324,448,1104
11960,640,650,646,134,320,454,1094
11961,533,528,518,129,310,439,972
11962,737,732,752,124,330,454,1191
11963,634,646,636,136,320,456,1090
11964,656,654,654,134,320,454,1110
11965,666,662,664,130,322,452,1118
11966,654,656,658,132,324,456,1110
11967,672,670,670,130,324,454,1126
11968,688,684,686,126,326,452,1140
11969,704,704,706,126,328,454,1158
11970,702,700,702,124,330,454,1156
11971,668,674,674,130,330,460,1128
11972,676,674,670,128,326,454,1130
11973,678,676,676,126,326,452,1130
11974,662,666,664,130,324,454,1116
11975,640,646,650,136,328,464,1104
11976,664,654,652,126,326,452,1116
11977,648,650,648,128,324,452,1100
11978,640,640,642,128,326,454,1094
11979,634,634,634,128,326,454,1088
11980,622,626,622,132,322,454,1076
11981,622,624,622,134,320,454,1076
11982,622,622,624,134,322,456,1078
11983,616,616,616,134,322,456,1072
11984,614,610,608,130,320,450,1064
11985,598,606,608,138,322,460,1058
11986,616,608,604,130,318,448,1064
11987,610,612,612,132,318,450,1060
11988,608,614,618,138,322,460,1068
11989,620,614,610,132,318,450,1070
11990,628,624,628,128,322,450,1078
11991,626,630,632,132,324,456,1082
11992,632,632,630,132,322,454,1086
11993,634,632,632,130,322,452,1086
11994,628,628,630,130,324,454,1082
11995,632,636,634,134,322,456,1088
11996,642,638,638,130,322,452,1094
11997,644,644,646,130,324,454,1098
11998,646,640,644,124,328,452,1098
11999,642,648,646,130,326,456,1098
12000,654,652,654,128,328,456,1110
12001,646,648,648,130,328,458,1104
12002,648,646,644,128,326,454,1102
12003,648,646,646,126,326,452,1100
12004,646,646,648,126,328,454,1100
12005,638,638,638,126,328,454,1092
12006,622,630,624,134,322,456,1078
12007,640,632,634,126,324,450,1090
12008,636,638,638,128,324,452,1088
12009,652,652,652,128,324,452,1104
12010,656,654,656,126,326,452,1108
12011,656,652,648,122,322,444,1100
12012,638,656,652,140,318,458,1096
12013,678,660,662,122,320,442,1120
12014,618,670,674,156,324,477,1116
12015,654,670,668,160,322,479.5,1166
12016,686,660,656,161,318,482,1168
12017,660,658,660,162,320,482,1142
12018,653,654,656,144,322,485,1138
12019,691,654,656,126,324,450,1141
12020,662,660,660,124,324,448,1110
12021,662,662,664,124,326,450,1112
12022,606,654,650,143,322,466,1100
12023,660,650,648,136.5,320,482,1142
12024,682,650,650,130,320,450,1132
12025,614,660,660,129,320,450,1110
12026,716,668,670,128,322,450,1166
12027,682,676,676,122,322,444,1126
12028,690,692,696,124,326,450,1140
12029,704,702,704,122,328,450,1154
12030,698,702,702,126,328,454,1152
12031,690,688,686,124,326,450,1140
12032,640,696,690,153,320,480,1140
12033,704,706,714,177.5,328,505,1214
12034,720,740,740,149.75,328,477.5,1250
12035,852,772,772,122,328,450,1302
12036,754,758,760,126,330,456,1210
12037,774,772,770,124,328,452,1226
12038,802,800,802,122,330,452,1254
12039,818,812,816,121,334,450,1268
12040,806,810,808,120,332,452,1258
12041,790,792,796,122,336,458,1248
12042,754,764,758,132,330,462,1216
12043,756,748,748,124,330,454,1210
12044,754,752,748,122,326,448,1202
12045,742,740,740,120,326,446,1188
12046,720,726,728,126,328,454,1174
12047,704,704,702,126,326,452,1156
12048,696,696,696,126,326,452,1148
12049,700,700,698,126,324,450,1150
12050,706,704,702,124,322,446,1152
12051,695,696,702,125,328,453,1148
12052,675,680,674,130,322,452,1127
12053,628,672,670,153,320,474,1122
12054,658,660,660,148.5,320,470,1154
12055,688,656,658,138.25,322,466,1154
12056,676,660,658,128,320,448,1124
12057,668,664,666,124,322,446,1114
12058,644,656,658,136,324,460,1104
12059,684,670,666,122,320,442,1126
12060,671,678,682,129,324,453,1124
12061,673,674,672,130,322,452,1125
12062,622,674,678,128,326,451,1130
12063,724,668,666,126,324,450,1174
12064,616,676,676,127,324,451,1126
12065,734,676,676,128,324,452,1186
12066,686,682,680,124,322,446,1132
12067,678,674,678,120,326,446,1124
12068,616,672,670,125,324,449,1116
12069,718,672,670,130,322,452,1170
12070,682,676,678,124,324,448,1130
12071,686,684,688,122,328,450,1136
12072,670,676,678,128,330,458,1128
12073,658,660,656,130,326,456,1114
12074,662,660,662,128,328,456,1118
12075,658,662,660,132,326,458,1116
12076,680,678,676,130,324,454,1134
12077,718,712,716,124,328,452,1170
12078,746,744,748,122,332,454,1200
12079,748,748,748,122,332,454,1202
12080,804,804,808,122,336,458,1262
12081,820,820,826,122,342,464,1284
12082,728,794,796,124,344,461,1260
12083,864,802,790,126,332,458,1322
12084,780,784,784,130,332,462,1242
12085,786,772,778,124,338,454,1240
12086,786,788,790,155,340,458,1244
12087,726,794,798,138.5,344,459,1256
12088,816,752,746,122,338,460,1276
12089,742,744,734,124,328,452,1194
12090,746,748,748,126,328,454,1200
12091,758,750,754,123,332,450,1208
12092,736,738,738,120,332,452,1188
12093,736,736,736,120,332,452,1188
12094,738,738,740,120,334,454,1192
12095,736,736,736,120,334,454,1190
12096,718,722,722,124,334,458,1176
12097,724,724,720,124,330,454,1178
12098,740,738,738,122,330,452,1192
12099,768,766,770,120,334,454,1222
12100,804,804,806,120,336,456,1260
12101,820,820,820,120,336,456,1276
12102,784,784,786,120,338,458,1242
12103,760,764,758,124,332,456,1216
12104,788,786,786,122,332,454,1242
12105,808,806,810,120,336,456,1264
12106,826,826,828,120,338,458,1284
12107,844,844,846,120,340,460,1304
12108,814,820,818,126,338,464,1278
12109,762,822,820,124,336,462,1284
12110,922,858,860,122,338,460,1382
12111,794,864,864,121,338,459,1324
12112,894,822,822,120,338,458,1352
12113,790,800,800,130,338,468,1258
12114,832,822,822,120,338,458,1290
12115,838,838,838,120,338,458,1296
12116,846,848,850,122,340,462,1308
12117,802,804,800,124,336,460,1262
12118,772,780,778,132,334,466,1238
12119,798,796,798,130,336,466,1264
12120,820,812,814,122,338,460,1280
12121,808,810,810,124,338,462,1270
12122,708,768,766,122,336,458,1228
12123,824,760,758,120,334,454,1278
12124,728,736,734,128,332,460,1188
12125,722,720,720,126,332,458,1180
12126,648,706,708,156,334,487,1166
12127,698,700,696,151,330,479.5,1214
12128,742,702,698,139.5,326,472,1214
12129,720,702,702,128,326,454,1174
12130,702,700,704,126,330,456,1158
12131,686,686,688,126,332,458,1144
12132,670,676,674,132,330,462,1132
12133,686,682,680,128,328,456,1142
12134,692,690,692,126,330,456,1148
12135,706,704,698,124,324,448,1154
12136,698,698,702,124,328,452,1150
12137,694,694,694,124,328,452,1146
12138,642,710,712,155,330,485,1164
12139,728,722,724,172,332,503,1246
12140,719,722,722,149,332,480.5,1240
12141,779,716,716,126,332,458,1237
12142,706,704,702,124,330,454,1160
12143,700,702,702,126,330,456,1156
12144,696,694,694,124,330,454,1150
12145,680,682,684,126,332,458,1138
12146,624,674,672,127,330,459,1130
12147,718,670,672,128,332,460,1178
12148,642,660,652,129,324,470,1112
12149,672,656,654,130,322,452,1124
12150,620,658,662,129,326,454,1114
12151,702,662,664,128,328,456,1158
12152,662,662,660,128,326,454,1116
12153,668,666,666,126,326,452,1120
12154,674,676,678,128,328,456,1130
12155,686,684,686,126,330,456,1142
12156,694,692,694,124,332,456,1150
12157,702,702,702,124,332,456,1158
12158,700,700,700,124,332,456,1156
12159,712,714,712,126,330,456,1168
12160,728,726,728,124,332,456,1184
12161,720,718,722,122,336,458,1178
12162,708,708,706,122,334,456,1164
12163,692,692,692,122,334,456,1148
12164,690,692,692,124,334,458,1148
12165,696,696,694,124,332,456,1152
12166,702,702,700,124,330,454,1156
12167,704,704,706,124,332,456,1160
12168,710,704,706,129,334,452,1162
12169,684,700,692,134,326,460,1144
12170,714,706,708,126,328,454,1168
12171,716,712,716,122,332,454,1170
12172,706,708,708,124,332,456,1162
12173,688,692,692,128,332,460,1148
12174,638,626,680,126,330,456,1140
12175,728,736,678,124,328,452,1180
12176,674,678,680,128,330,458,1132
12177,682,676,674,122,328,450,1132
12178,668,672,672,126,328,454,1122
12179,670,674,672,130,326,456,1126
12180,666,664,670,128,332,460,1126
12181,672,670,664,126,326,452,1124
12182,670,672,672,128,326,454,1124
12183,682,680,680,126,326,452,1134
12184,674,678,680,130,328,458,1132
12185,686,684,680,128,324,452,1138
12186,694,694,696,128,326,454,1148
12187,642,690,696,128,332,456,1150
12188,736,688,686,128,330,458,1194
12189,626,690,690,128,330,458,1148
12190,750,686,686,128,330,458,1208
12191,692,686,686,122,330,452,1144
12192,672,674,674,124,330,454,1126
12193,666,670,668,128,328,456,1122
12194,678,676,674,126,326,452,1130
12195,672,674,676,128,328,456,1128
12196,682,678,680,124,330,454,1136
12197,678,678,678,124,330,454,1132
12198,674,676,676,126,330,456,1130
12199,678,678,676,126,328,454,1132
12200,624,672,672,126,328,453,1126
12201,716,668,666,126,326,452,1168
12202,674,674,676,126,328,454,1128
12203,672,672,672,126,328,454,1126
12204,678,676,678,124,330,454,1132
12205,686,686,684,124,328,452,1138
12206,706,704,704,122,328,450,1156
12207,702,700,704,120,332,452,1154
12208,692,698,696,126,330,456,1148
12209,694,690,688,122,328,450,1144
12210,686,690,690,126,328,454,1140
12211,686,688,684,128,324,452,1138
12212,630,678,680,129,326,454,1132
12213,716,670,670,130,326,456,1172
12214,672,668,670,126,328,454,1126
12215,660,664,664,130,328,458,1118
12216,652,652,652,130,328,458,1110
12217,652,652,652,130,328,458,1110
12218,660,658,656,128,326,454,1114
12219,648,652,654,132,328,460,1108
12220,654,652,650,130,326,456,1110
12221,668,666,664,128,324,452,1120
12222,664,670,670,134,324,458,1122
12223,692,680,686,122,330,452,1144
12224,634,682,674,123,322,452,1126
12225,720,674,680,124,328,452,1172
12226,674,672,674,122,330,452,1126
12227,672,676,672,126,326,452,1124
12228,682,678,678,122,326,448,1130
12229,676,678,678,124,326,450,1126
12230,676,674,680,122,332,454,1130
12231,610,662,660,121,330,450,1114
12232,722,668,664,120,326,446,1168
12233,616,668,668,123,326,449,1114
12234,716,670,670,126,326,452,1168
12235,664,662,664,124,328,452,1116
12236,602,654,652,125,326,451,1104
12237,700,650,648,126,324,450,1150
12238,656,658,656,128,322,450,1106
12239,660,658,664,126,328,454,1114
12240,664,664,660,126,324,450,1114
12241,662,664,666,128,326,454,1116
12242,614,664,664,128,326,453,1118
12243,724,674,672,128,324,452,1176
12244,696,690,696,122,330,452,1148
12245,698,692,692,153,330,446,1144
12246,622,690,690,138.5,330,448,1136
12247,740,680,676,124,326,450,1190
12248,626,682,680,126,324,452,1130
12249,732,680,682,128,326,454,1186
12250,686,684,686,126,328,454,1140
12251,684,678,674,120,324,444,1128
12252,662,676,676,134,324,458,1120
12253,690,690,694,134,328,462,1152
12254,694,686,686,126,328,454,1148
12255,634,684,688,125,332,457,1142
12256,736,684,688,124,336,460,1196
12257,632,682,678,148,332,482,1138
12258,672,670,670,138,332,469,1176
12259,712,668,664,128,328,456,1168
12260,652,664,666,140,330,470,1122
12261,668,658,658,130,330,460,1128
12262,662,654,650,122,326,448,1110
12263,644,646,648,124,328,452,1096
12264,594,644,644,149,328,474,1096
12265,638,638,632,161.5,322,487,1134
12266,630,630,634,144.75,326,468.5,1130
12267,678,632,628,128,322,450,1128
12268,588,628,630,128,324,450,1080
12269,674,634,632,128,322,450,1124
12270,596,638,642,127,326,451,1092
12271,696,652,652,126,326,452,1148
12272,674,672,674,124,328,452,1126
12273,640,694,692,122,326,453,1144
12274,750,692,700,120,334,454,1204
12275,674,674,676,120,336,456,1130
12276,678,676,670,120,330,448,1126
12277,678,680,690,120,340,460,1138
12278,666,674,668,128,334,462,1128
12279,630,680,680,126,334,459,1142
12280,726,672,670,124,332,456,1182
12281,618,668,670,152,334,484,1126
12282,660,666,664,165,332,498,1172
12283,672,670,672,166.5,334,500,1184
12284,678,668,668,143.25,334,475,1180
12285,712,664,660,120,330,450,1162
12286,658,662,658,124,326,450,1108
12287,610,660,662,124,328,453,1112
12288,704,654,658,124,332,456,1160
12289,656,658,652,126,326,452,1108
12290,654,656,660,128,330,458,1112
12291,654,654,654,128,330,458,1112
12292,648,646,642,126,326,452,1100
12293,650,654,654,130,326,456,1106
12294,698,696,696,128,326,454,1152
12295,776,772,778,124,332,456,1232
12296,840,836,842,120,338,458,1298
12297,804,814,812,130,336,466,1270
12298,844,842,842,128,336,464,1308
12299,804,796,796,120,336,456,1260
12300,694,760,754,124,330,459,1210
12301,826,768,772,128,334,462,1288
12302,772,772,768,128,330,458,1230
12303,778,772,780,122,338,460,1238
12304,748,748,748,122,338,460,1208
12305,738,738,732,122,332,454,1192
12306,732,730,734,120,336,456,1188
12307,702,708,706,126,334,460,1162
12308,698,700,694,128,328,456,1154
12309,704,702,700,126,326,452,1156
12310,718,718,720,126,328,454,1172
12311,742,738,740,122,330,452,1194
12312,762,762,766,122,334,456,1218
12313,758,756,754,120,332,452,1210
12314,758,762,758,124,328,452,1210
12315,792,790,794,122,332,454,1246
12316,800,800,802,122,334,456,1256
12317,782,784,784,124,334,458,1240
12318,782,782,778,124,330,454,1236
12319,798,796,798,122,332,454,1252
12320,802,808,812,128,336,464,1266
12321,802,796,792,122,332,454,1256
12322,788,786,790,120,336,456,1244
12323,776,778,776,122,334,456,1232
12324,744,746,744,124,332,456,1200
12325,756,754,750,122,328,450,1206
12326,690,756,758,127,330,459,1208
12327,800,744,750,132,336,468,1268
12328,670,734,726,125,328,458,1194
12329,800,722,724,129.5,330,448,1248
12330,720,736,730,134,324,458,1178
12331,742,740,740,132,324,456,1198
12332,768,756,756,120,324,444,1212
12333,752,758,768,126,334,460,1212
12334,680,736,734,146,332,477,1194
12335,742,726,722,162,328,490.5,1236
12336,724,736,734,143,326,473.25,1228
12337,774,720,726,124,332,456,1230
12338,692,698,696,130,330,460,1152
12339,696,694,692,128,328,456,1152
12340,692,700,696,136,324,460,1152
12341,676,708,712,132,328,454,1172
12342,750,710,702,128,320,448,1198
12343,710,708,712,126,324,450,1160
12344,674,720,718,126,322,454,1168
12345,772,726,736,126,332,458,1230
12346,726,720,720,120,332,452,1178
12347,694,706,700,132,326,458,1152
12348,714,702,700,120,324,444,1158
12349,648,702,700,153,322,481,1144
12350,688,700,710,167.5,332,493.5,1206
12351,702,698,690,145.75,324,471.75,1208
12352,746,688,690,124,326,450,1196
12353,638,690,692,149,328,474,1142
12354,680,678,674,138.5,324,466,1178
12355,728,682,688,128,330,458,1186
12356,676,674,670,126,326,452,1128
12357,680,684,682,130,324,454,1134
12358,692,688,690,126,326,452,1144
12359,698,698,698,126,326,452,1150
12360,694,696,698,128,328,456,1150
12361,692,690,694,126,332,458,1150
12362,708,716,708,134,324,458,1166
12363,708,700,700,126,324,450,1158
12364,700,700,704,126,328,454,1154
12365,694,696,696,128,328,456,1150
12366,698,692,694,122,330,452,1150
12367,630,686,686,146,330,475,1138
12368,694,686,684,136,328,464.5,1192
12369,732,688,688,126,328,454,1186
12370,688,688,686,126,326,452,1140
12371,688,686,686,124,326,450,1138
12372,676,680,682,128,328,456,1132
12373,636,688,684,126,324,452,1140
12374,754,698,698,124,324,448,1202
12375,710,710,714,124,328,452,1162
12376,726,724,728,122,332,454,1180
12377,700,704,702,126,330,456,1156
12378,694,692,692,124,330,454,1148
12379,704,704,702,124,328,452,1156
12380,706,704,706,122,330,452,1158
12381,710,712,712,124,330,454,1164
12382,698,700,700,126,330,456,1154
12383,698,698,696,126,328,454,1152
12384,706,708,708,128,328,456,1162
12385,716,712,712,124,328,452,1168
12386,710,710,716,124,334,458,1168
12387,704,704,698,124,328,452,1156
12388,704,714,714,134,328,462,1166
12389,724,716,718,126,330,456,1180
12390,708,708,708,126,330,456,1164
12391,696,696,696,126,330,456,1152
12392,686,688,686,128,328,456,1142
12393,698,692,692,122,328,450,1148
12394,686,688,688,124,328,452,1138
12395,690,690,690,124,328,452,1142
12396,676,676,676,124,328,452,1128
12397,670,672,668,126,324,450,1120
12398,682,684,686,128,326,454,1136
12399,676,676,682,128,332,460,1136
12400,660,658,660,126,334,460,1120
12401,646,650,644,130,328,458,1104
12402,656,656,654,130,326,456,1112
12403,654,658,656,134,324,458,1112
12404,672,664,666,126,326,452,1124
12405,662,666,666,130,326,456,1118
12406,666,668,668,132,326,458,1124
12407,702,696,698,126,328,454,1156
12408,720,718,720,124,330,454,1174
12409,726,728,728,126,330,456,1182
12410,704,706,706,128,330,458,1162
12411,698,704,704,134,330,464,1162
12412,722,714,712,126,328,454,1176
12413,704,700,698,122,326,448,1152
12414,678,680,686,124,332,456,1134
12415,622,670,666,151,328,481,1122
12416,660,666,666,138.5,328,465.5,1166
12417,712,660,656,126,324,450,1162
12418,604,650,650,145,324,469,1100
12419,650,642,642,136.5,324,461.5,1138
12420,678,642,644,128,326,454,1132
12421,628,630,628,130,324,454,1082
12422,638,636,632,128,320,448,1086
12423,636,636,638,128,322,450,1086
12424,638,638,638,128,322,450,1088
12425,630,630,632,128,324,452,1082
12426,618,624,622,134,322,456,1074
12427,638,632,630,128,320,448,1086
12428,642,642,646,128,324,452,1094
12429,648,648,650,128,326,454,1102
12430,652,646,648,122,328,450,1102
12431,650,654,648,126,322,448,1098
12432,640,644,648,130,326,456,1096
12433,648,644,640,126,322,448,1096
12434,640,646,648,132,324,456,1096
12435,656,650,652,126,326,452,1108
12436,646,648,650,128,328,456,1102
12437,650,648,646,126,326,452,1102
12438,642,646,642,130,322,452,1094
12439,656,654,654,128,322,450,1106
12440,658,658,658,128,322,450,1108
12441,650,652,654,130,324,454,1104
12442,656,654,654,128,324,452,1108
12443,654,658,658,132,324,456,1110
12444,674,666,666,124,324,448,1122
12445,674,676,678,126,326,452,1126
12446,674,676,672,128,322,450,1124
12447,672,672,674,128,324,452,1124
12448,678,676,676,126,324,450,1128
12449,632,684,686,127,326,452,1136
12450,728,678,678,128,326,454,1182
12451,628,678,678,128,326,454,1132
12452,738,688,688,128,326,454,1192
12453,696,694,696,126,328,454,1150
12454,670,682,680,138,326,464,1134
12455,696,688,686,130,324,454,1150
12456,686,684,688,128,328,456,1142
12457,622,678,676,127,326,455,1132
12458,726,668,670,126,328,454,1180
12459,670,668,662,124,322,446,1116
12460,664,666,672,126,328,454,1118
12461,658,660,660,128,328,456,1114
12462,650,650,646,128,324,452,1102
12463,600,646,642,127,320,450,1094
12464,692,644,646,126,322,448,1140
12465,642,644,646,128,324,452,1094
12466,642,644,642,130,322,452,1094
12467,644,642,644,128,324,452,1096
12468,638,642,640,132,322,454,1092
12469,648,644,644,128,322,450,1098
12470,652,648,650,124,324,448,1100
12471,652,656,656,128,324,452,1104
12472,656,652,654,124,326,450,1106
12473,650,654,654,128,326,454,1104
12474,662,658,656,124,324,448,1110
12475,658,660,662,126,326,452,1110
12476,664,662,664,124,328,452,1116
12477,652,656,656,128,328,456,1108
12478,650,648,646,126,326,452,1102
12479,646,648,648,128,326,454,1100
12480,642,642,638,128,322,450,1092
12481,638,642,646,132,326,458,1096
12482,650,644,644,126,326,452,1102
12483,646,642,640,122,324,446,1092
12484,636,642,640,128,322,450,1086
12485,640,640,644,128,326,454,1094
12486,654,644,644,152,326,444,1098
12487,590,648,650,140,328,450,1094
12488,694,646,646,128,328,456,1150
12489,650,646,642,124,324,448,1098
12490,638,640,638,126,322,448,1086
12491,644,644,644,126,322,448,1092
12492,644,644,646,126,324,450,1094
12493,634,636,636,128,324,452,1086
12494,634,634,638,128,328,456,1090
12495,626,640,636,142,324,466,1092
12496,660,646,644,128,322,450,1110
12497,650,652,654,130,324,454,1104
12498,658,654,656,126,326,452,1110
12499,648,648,646,126,324,450,1098
12500,652,652,650,126,322,448,1100
12501,656,654,654,124,322,446,1102
12502,658,656,658,122,324,446,1104
12503,646,646,648,122,326,448,1094
12504,636,642,638,128,322,450,1086
12505,648,646,646,126,322,448,1096
12506,650,652,654,128,324,452,1102
12507,646,646,644,128,322,450,1096
12508,646,646,648,128,324,452,1098
12509,662,658,660,124,326,450,1112
12510,654,654,654,124,326,450,1104
12511,650,652,650,126,324,450,1100
12512,662,660,662,124,326,450,1112
12513,674,670,672,120,328,448,1122
12514,684,684,684,120,328,448,1132
12515,670,670,670,120,328,448,1118
12516,666,670,666,124,324,448,1114
12517,666,668,668,126,324,450,1116
12518,670,668,666,124,322,446,1116
12519,666,666,668,124,324,448,1114
12520,664,664,664,124,324,448,1112
12521,654,654,656,124,326,450,1104
12522,650,652,648,126,322,448,1098
12523,652,654,654,128,322,450,1102
12524,650,648,648,126,322,448,1098
12525,648,646,646,124,322,446,1094
12526,638,648,650,134,324,458,1096
12527,650,644,640,128,320,448,1098
12528,636,638,638,130,320,450,1086
12529,644,640,640,126,320,446,1090
12530,632,636,638,130,322,452,1084
12531,638,632,632,124,322,446,1084
12532,582,624,624,128,322,449,1070
12533,652,618,616,132,320,452,1104
12534,620,618,616,130,318,448,1068
12535,604,618,618,131,318,462,1066
12536,624,612,616,132,322,454,1078
12537,618,616,612,130,318,448,1066
12538,618,618,618,130,318,448,1066
12539,630,626,628,126,320,446,1076
12540,630,630,634,126,324,450,1080
12541,632,632,634,126,326,452,1084
12542,626,626,622,126,322,448,1074
12543,630,630,630,126,322,448,1078
12544,628,632,632,130,322,452,1080
12545,632,630,634,128,326,454,1086
12546,626,626,626,128,326,454,1080
12547,586,620,622,130,328,455,1076
12548,648,618,614,132,324,456,1104
12549,624,618,618,126,324,450,1074
12550,614,612,614,124,326,450,1064
12551,600,608,608,132,326,458,1058
12552,602,606,604,136,324,460,1062
12553,606,600,598,130,322,452,1058
12554,604,602,602,128,322,450,1054
12555,592,598,604,134,328,462,1054
12556,594,598,592,138,322,460,1054
12557,600,598,598,136,322,458,1058
12558,600,596,598,132,324,456,1056
12559,598,598,600,132,326,458,1056
12560,600,600,600,132,326,458,1058
12561,598,596,596,130,326,456,1054
12562,590,598,596,138,324,462,1052
12563,602,598,600,134,326,460,1062
12564,600,596,598,130,328,458,1058
12565,596,596,590,130,322,452,1048
12566,592,592,598,130,328,458,1050
12567,590,592,590,132,326,458,1048
12568,594,594,596,132,328,460,1054
12569,574,594,594,133,328,480,1054
12570,614,596,592,134,324,458,1072
12571,604,600,602,130,326,456,1060
12572,606,604,608,128,330,458,1064
12573,604,606,602,130,326,456,1060
12574,576,600,604,131,330,484,1060
12575,618,596,594,132,328,460,1078
12576,572,596,588,135,320,476,1048
12577,612,594,596,138,322,460,1072
12578,583,592,592,143,322,469,1052
12579,589,590,592,108.5,324,472,1061
12580,664,590,588,122.25,322,467,1060
12581,528,590,594,136,326,462,990
12582,590,590,584,136,320,456,1046
12583,598,590,588,128,318,446,1044
12584,586,590,592,132,320,452,1038
12585,584,582,582,130,320,450,1034
12586,582,584,586,132,322,454,1036
12587,588,590,590,134,322,456,1044
12588,594,592,592,132,322,454,1048
12589,600,596,596,128,322,450,1050
12590,600,600,598,128,320,448,1048
12591,594,596,600,130,324,454,1048
12592,600,602,600,132,322,454,1054
12593,602,600,602,130,324,454,1056
12594,602,602,598,130,320,450,1052
12595,610,608,610,128,322,450,1060
12596,604,608,604,132,318,450,1054
12597,604,600,604,128,322,450,1054
12598,606,606,606,128,322,450,1056
12599,602,606,600,132,316,448,1050
12600,608,606,610,130,320,450,1058
12601,612,610,610,128,320,448,1060
12602,610,614,608,132,314,446,1056
12603,614,612,618,130,320,450,1064
12604,612,610,606,128,316,444,1056
12605,608,610,612,130,318,448,1056
12606,612,608,606,126,316,442,1054
12607,606,610,608,130,314,444,1050
12608,616,612,618,126,320,446,1062
12609,604,608,602,130,314,444,1048
12610,610,608,610,128,316,444,1054
12611,600,602,604,130,318,448,1048
12612,610,612,608,132,314,446,1056
12613,614,610,610,128,314,442,1056
12614,614,612,614,126,316,442,1056
12615,610,612,612,128,316,444,1054
12616,618,618,618,128,316,444,1062
12617,620,620,620,128,316,444,1064
12618,624,622,626,126,320,446,1070
12619,622,622,614,126,312,438,1060
12620,618,620,624,128,316,444,1062
12621,624,624,620,128,312,440,1064
12622,612,620,618,136,310,446,1058
12623,634,624,634,126,320,446,1080
12624,626,622,624,122,322,444,1070
12625,612,622,618,132,318,450,1062
12626,626,622,618,128,314,442,1068
12627,614,618,618,132,314,446,1060
12628,622,616,622,126,320,446,1068
12629,612,612,610,126,318,444,1056
12630,608,612,608,130,314,444,1052
12631,612,612,612,130,314,444,1056
12632,612,612,612,130,314,444,1056
12633,616,614,618,128,318,446,1062
12634,614,616,612,130,314,444,1058
12635,614,616,616,132,314,446,1060
12636,622,622,620,132,312,444,1066
12637,634,630,634,128,316,444,1078
12638,632,632,634,128,318,446,1078
12639,632,630,632,126,320,446,1078
12640,628,630,626,128,316,444,1072
12641,626,628,626,130,314,444,1070
12642,630,628,630,128,316,444,1074
12643,628,628,628,128,316,444,1072
12644,624,622,624,126,318,444,1068
12645,616,616,612,126,314,440,1056
12646,606,614,612,134,312,446,1052
12647,610,608,612,132,316,448,1058
12648,614,608,608,126,316,442,1056
12649,610,610,606,126,312,438,1048
12650,612,614,616,128,314,442,1054
12651,616,616,614,128,312,440,1056
12652,618,616,618,126,314,440,1058
12653,618,618,614,126,310,436,1054
12654,622,622,626,126,314,440,1062
12655,622,626,628,130,316,446,1068
12656,638,632,632,124,316,440,1078
12657,632,634,636,126,318,444,1076
12658,628,632,630,130,316,446,1074
12659,634,632,630,128,314,442,1076
12660,634,634,632,128,312,440,1074
12661,634,630,634,124,316,440,1074
12662,630,632,634,126,318,444,1074
12663,614,620,620,132,318,450,1064
12664,616,618,618,134,318,452,1068
12665,624,618,616,128,316,444,1068
12666,612,614,608,130,310,440,1052
12667,612,610,612,128,312,440,1052
12668,612,614,606,130,304,434,1046
12669,628,618,628,120,314,434,1062
12670,570,618,620,128,316,484,1054
12671,650,618,618,136,316,452,1102
12672,632,618,618,122,316,438,1070
12673,624,622,620,120,314,434,1058
12674,620,624,626,124,316,440,1060
12675,614,622,620,132,314,446,1060
12676,616,616,616,132,314,446,1062
12677,612,612,612,132,314,446,1058
12678,620,616,616,128,314,442,1062
12679,606,610,612,132,316,448,1054
12680,614,608,606,126,314,440,1054
12681,602,610,612,134,316,450,1052
12682,622,616,618,128,318,446,1068
12683,612,614,616,130,320,450,1062
12684,610,610,608,130,318,448,1058
12685,610,610,612,130,320,450,1060
12686,612,612,610,130,318,448,1060
12687,614,612,612,128,318,446,1060
12688,606,608,610,130,320,450,1056
12689,606,608,604,132,316,448,1054
12690,616,614,612,130,314,444,1060
12691,620,620,624,130,318,448,1068
12692,624,624,624,130,318,448,1072
12693,590,630,632,127,320,446,1080
12694,686,640,640,124,320,444,1130
12695,638,638,640,124,322,446,1084
12696,596,640,642,126,324,448,1088
12697,672,632,630,128,322,450,1122
12698,632,634,628,130,316,446,1078
12699,632,632,636,130,320,450,1082
12700,632,628,630,126,322,448,1080
12701,622,624,624,128,322,450,1072
12702,620,622,616,130,316,446,1066
12703,608,616,614,138,314,452,1060
12704,606,614,608,137,308,454,1060
12705,622,612,614,136,310,446,1068
12706,638,632,642,130,320,450,1088
12707,642,638,642,126,324,450,1092
12708,636,638,634,128,320,448,1084
12709,594,638,638,128,320,448,1086
12710,680,636,636,128,320,448,1128
12711,642,642,642,128,320,448,1090
12712,644,640,642,124,322,446,1090
12713,638,638,640,124,324,448,1086
12714,632,634,632,126,322,448,1080
12715,636,638,634,128,318,446,1082
12716,634,634,636,128,320,448,1082
12717,632,632,634,128,322,450,1082
12718,630,630,630,128,322,450,1080
12719,624,624,626,128,324,452,1076
12720,620,620,616,128,320,448,1068
12721,622,622,618,128,316,444,1066
12722,620,622,622,130,316,446,1066
12723,620,618,622,128,320,448,1068
12724,620,620,618,128,318,446,1066
12725,612,612,612,128,318,446,1058
12726,614,616,612,130,314,444,1058
12727,614,612,614,128,316,444,1058
12728,612,616,612,132,312,444,1056
12729,608,610,612,134,314,448,1056
12730,622,616,618,128,316,444,1066
12731,622,622,622,128,316,444,1066
12732,628,626,628,126,318,444,1072
12733,622,622,622,126,318,444,1066
12734,588,628,624,126,314,480,1068
12735,672,632,634,126,316,442,1114
12736,632,632,634,126,318,444,1076
12737,628,628,632,126,322,448,1076
12738,614,618,614,130,318,448,1062
12739,620,620,616,130,314,444,1064
12740,622,620,622,128,316,444,1066
12741,628,626,626,126,316,442,1070
12742,624,622,624,124,318,442,1066
12743,612,616,618,128,320,448,1060
12744,614,618,612,132,314,446,1060
12745,616,616,614,132,312,444,1060
12746,614,612,616,130,316,446,1060
12747,616,616,614,130,314,444,1060
12748,576,612,612,132,314,480,1056
12749,640,608,610,134,316,450,1090
12750,612,608,608,130,316,446,1058
12751,576,608,606,130,314,476,1052
12752,642,610,612,130,316,446,1088
12753,610,612,612,132,316,448,1058
12754,578,606,606,132,316,476,1054
12755,632,604,600,132,312,444,1076
12756,602,604,608,134,316,450,1052
12757,604,602,604,132,318,450,1054
12758,610,604,602,126,316,442,1052
12759,600,600,602,126,318,444,1044
12760,566,596,594,129,316,472,1038
12761,618,594,596,132,318,450,1068
12762,576,588,586,131,316,460,1036
12763,596,582,582,130,316,446,1042
12764,572,578,576,136,314,450,1022
12765,575,572,574,133,316,449,1024
12766,574,574,574,133,316,449,1023
12767,570,570,568,133,314,447,1017
12768,570,570,570,133,314,447,1017
12769,567,574,572,140,312,452,1019
12770,582,574,580,132,318,450,1032
12771,580,584,582,136,316,452,1032
12772,592,586,586,130,316,446,1038
12773,578,586,586,138,316,454,1032
12774,598,594,580,134,302,436,1034
12775,604,598,618,128,322,450,1054
12776,600,606,606,134,322,456,1056
12777,616,608,610,126,324,450,1066
12778,604,608,604,130,320,450,1054
12779,612,610,612,128,322,450,1062
12780,610,612,610,130,320,450,1060
12781,600,606,610,136,324,460,1060
12782,612,606,604,130,322,452,1064
12783,602,606,604,134,320,454,1056
12784,614,610,614,130,324,454,1068
12785,612,608,608,126,324,450,1062
12786,602,608,606,132,322,454,1056
12787,614,608,604,126,318,444,1058
12788,610,612,612,128,318,446,1056
12789,610,610,614,128,322,450,1060
12790,612,612,612,128,322,450,1062
12791,612,610,610,126,322,448,1060
12792,610,612,610,128,320,448,1058
12793,612,612,608,128,316,444,1056
12794,616,616,618,128,318,446,1062
12795,622,618,622,124,322,446,1068
12796,618,620,620,126,322,448,1066
12797,618,620,624,128,326,454,1072
12798,618,620,614,130,320,450,1068
12799,584,622,622,129,320,448,1072
12800,662,622,620,128,318,446,1108
12801,620,622,622,130,318,448,1068
12802,622,618,622,126,322,448,1070
12803,612,616,616,130,322,452,1064
12804,616,614,612,128,320,448,1064
12805,578,606,606,128,320,476,1054
12806,634,606,606,128,320,448,1082
12807,606,606,600,128,314,442,1048
12808,610,610,612,128,316,444,1054
12809,610,612,614,130,318,448,1058
12810,616,610,610,124,318,442,1058
12811,610,610,610,124,318,442,1052
12812,606,614,610,132,314,446,1052
12813,618,612,614,126,316,442,1060
12814,610,612,614,128,318,446,1056
12815,604,604,604,128,318,446,1050
12816,606,610,604,132,312,444,1050
12817,616,612,616,128,316,444,1060
12818,616,614,614,126,316,442,1058
12819,612,614,614,128,316,444,1056
12820,622,620,620,126,316,442,1064
12821,608,614,618,132,320,452,1060
12822,614,610,610,128,320,448,1062
12823,614,612,608,126,316,442,1056
12824,608,612,612,130,316,446,1054
12825,610,610,608,130,314,444,1054
12826,598,610,604,142,308,450,1048
12827,612,606,616,136,318,454,1066
12828,616,610,612,130,320,450,1066
12829,612,608,604,126,316,442,1054
12830,602,606,608,130,318,448,1050
12831,612,610,608,128,316,444,1056
12832,614,616,618,130,318,448,1062
12833,624,622,618,128,314,442,1066
12834,620,622,628,130,320,450,1070
12835,628,626,624,128,318,446,1074
12836,624,624,624,128,318,446,1070
12837,626,624,626,126,320,446,1072
12838,628,628,630,126,322,448,1076
12839,628,626,626,124,322,446,1074
12840,616,618,618,126,322,448,1064
12841,616,620,614,130,316,446,1062
12842,622,620,622,128,318,446,1068
12843,626,626,628,128,320,448,1074
12844,632,628,630,124,322,446,1078
12845,624,628,628,128,322,450,1074
12846,626,626,624,128,320,448,1074
12847,626,624,622,126,318,444,1070
12848,626,628,626,128,316,444,1070
12849,630,626,630,124,320,444,1074
12850,630,630,630,124,320,444,1074
12851,626,626,628,124,322,446,1072
12852,624,626,622,126,318,444,1068
12853,626,630,628,130,316,446,1072
12854,636,632,634,126,318,444,1080
12855,636,636,638,126,320,446,1082
12856,638,638,638,126,320,446,1084
12857,634,632,634,124,322,446,1080
12858,628,630,628,126,320,446,1074
12859,636,634,632,124,318,442,1078
12860,634,634,634,124,318,442,1076
12861,632,632,632,124,318,442,1074
12862,626,628,628,126,318,444,1070
12863,624,626,628,128,320,448,1072
12864,626,624,622,126,318,444,1070
12865,618,622,624,130,320,450,1068
12866,632,626,622,124,316,440,1072
12867,620,624,626,128,318,446,1066
12868,630,626,626,124,318,442,1072
12869,628,628,626,124,316,440,1068
12870,618,618,622,124,320,444,1062
12871,608,610,610,126,320,446,1054
12872,612,616,608,130,312,442,1054
12873,618,616,622,128,318,446,1064
12874,616,614,616,126,320,446,1062
12875,588,616,614,125,318,472,1060
12876,644,614,614,124,318,442,1086
12877,614,620,622,130,320,450,1064
12878,628,624,622,126,318,444,1072
12879,614,614,620,126,324,450,1064
12880,582,616,610,127,318,478,1060
12881,648,616,616,128,318,446,1094
12882,616,614,614,126,318,444,1060
12883,608,614,620,132,324,456,1064
12884,610,610,606,132,320,452,1062
12885,612,606,596,126,310,436,1048
12886,570,610,620,127,320,441,1056
12887,646,608,606,128,318,446,1092
12888,606,606,610,128,322,450,1056
12889,604,606,602,130,318,448,1052
12890,610,606,608,126,320,446,1056
12891,610,610,612,126,322,448,1058
12892,618,618,616,126,320,446,1064
12893,618,614,618,122,324,446,1064
12894,610,616,614,128,322,450,1060
12895,618,618,618,128,322,450,1068
12896,620,620,618,128,320,448,1068
12897,616,614,622,126,328,454,1070
12898,616,618,612,128,322,450,1066
12899,618,616,616,126,322,448,1066
12900,612,616,618,130,324,454,1066
12901,612,610,610,128,324,452,1064
12902,608,608,608,128,324,452,1060
12903,606,606,608,128,326,454,1060
12904,600,604,600,132,322,454,1054
12905,602,598,600,128,324,452,1054
12906,598,600,598,130,322,452,1050
12907,590,596,596,136,322,458,1048
12908,600,600,598,136,320,456,1056
12909,596,594,598,134,324,458,1054
12910,592,594,588,136,318,454,1046
12911,598,596,596,134,318,452,1050
12912,608,600,604,126,322,448,1056
12913,594,602,602,134,322,456,1050
12914,604,606,608,136,324,460,1064
12915,620,608,606,124,322,446,1066
12916,610,610,608,124,320,444,1054
12917,600,608,612,132,324,456,1056
12918,620,616,620,128,328,456,1076
12919,618,616,612,126,324,450,1068
12920,622,620,624,124,328,452,1074
12921,618,618,616,124,326,450,1068
12922,614,616,620,126,330,456,1070
12923,598,602,600,130,328,458,1056
12924,610,604,600,124,324,448,1058
12925,596,602,602,130,324,454,1050
12926,588,594,596,136,326,462,1050
12927,602,598,596,132,324,456,1058
12928,606,604,600,130,320,450,1056
12929,596,600,604,134,324,458,1054
12930,600,596,598,130,326,456,1056
12931,596,598,600,132,328,460,1056
12932,606,602,600,128,326,454,1060
12933,598,600,600,130,326,456,1054
12934,600,600,598,130,324,454,1054
12935,602,602,600,130,322,452,1054
12936,606,604,606,128,324,452,1058
12937,598,600,602,130,326,456,1054
12938,592,596,594,134,324,458,1050
12939,602,596,592,128,320,448,1050
12940,606,604,604,126,320,446,1052
12941,618,616,618,124,322,446,1064
12942,626,626,630,124,326,450,1076
12943,630,630,632,124,328,452,1082
12944,622,626,624,128,326,454,1076
12945,642,640,640,126,326,452,1094
12946,646,642,644,122,328,450,1096
12947,636,640,642,126,330,456,1092
12948,632,630,628,124,328,452,1084
12949,628,628,626,124,326,450,1078
12950,628,632,630,128,324,452,1080
12951,634,624,624,130,324,442,1076
12952,606,620,622,132,326,458,1064
12953,616,614,614,130,326,456,1072
12954,614,612,612,128,326,454,1068
12955,606,606,608,128,328,456,1062
12956,598,604,596,134,320,454,1052
12957,602,604,602,136,318,454,1056
12958,610,606,610,132,322,454,1064
12959,612,610,610,130,322,452,1064
12960,620,618,620,128,324,452,1072
12961,622,624,622,130,322,452,1074
12962,628,628,628,130,322,452,1080
12963,640,636,640,126,326,452,1092
12964,646,646,644,126,324,450,1096
12965,642,644,648,128,328,456,1098
12966,642,638,636,124,326,450,1092
12967,634,638,636,128,324,452,1086
12968,646,644,644,126,324,450,1096
12969,642,642,644,126,326,452,1094
12970,642,644,644,128,326,454,1096
12971,640,638,636,126,324,450,1090
12972,640,638,638,124,324,448,1088
12973,642,644,642,126,322,448,1090
12974,650,650,652,126,324,450,1100
12975,656,654,656,124,326,450,1106
12976,662,662,664,124,328,452,1114
12977,662,662,660,124,326,450,1112
12978,664,664,666,124,328,452,1116
12979,624,682,676,122,322,448,1128
12980,744,682,684,120,324,444,1188
12981,690,688,694,122,330,448,1138
12982,664,670,666,124,326,450,1114
12983,620,670,674,123,330,454,1124
12984,724,672,678,122,336,458,1182
12985,622,682,668,152,322,484,1126
12986,670,670,676,163,328,491,1180
12987,700,692,688,161.5,324,483.5,1198
12988,670,656,648,168.75,316,476,1146
12989,640,656,666,144.375,326,459,1142
12990,706,650,646,120,322,442,1148
12991,582,640,644,125,326,447,1086
12992,682,634,630,130,322,452,1134
12993,642,626,630,128,326,440,1082
12994,612,624,622,126,324,450,1062
12995,620,620,622,126,326,452,1072
12996,620,624,622,130,324,454,1074
12997,626,624,622,128,322,450,1076
12998,632,630,628,126,320,446,1078
12999,634,634,638,126,324,450,1084
13000,632,634,640,128,330,458,1090
13001,632,630,620,126,320,446,1078
13002,634,634,636,126,322,448,1082
13003,646,644,642,124,320,444,1090
13004,650,648,654,122,326,448,1098
13005,652,650,650,120,326,446,1098
13006,650,650,650,120,326,446,1096
13007,650,650,652,120,328,448,1098
13008,658,658,656,120,326,446,1104
13009,654,656,656,122,326,448,1102
13010,656,658,660,124,328,452,1108
13011,666,658,658,119,328,444,1110
13012,660,658,656,156.5,326,440,1100
13013,582,662,660,145.25,324,450,1100
13014,724,664,666,134,326,460,1184
13015,672,660,664,122,330,452,1124
13016,600,656,654,121,328,449,1106
13017,722,664,662,120,326,446,1168
13018,672,672,674,120,328,448,1120
13019,678,680,686,122,334,456,1134
13020,676,678,668,124,324,448,1124
13021,682,678,686,120,332,452,1134
13022,680,686,682,126,328,454,1134
13023,692,686,686,120,328,448,1140
13024,686,680,684,120,332,446,1132
13025,660,666,660,120,326,446,1106
13026,664,668,668,124,326,450,1114
13027,668,670,670,126,326,452,1120
13028,682,672,676,153,330,446,1128
13029,602,666,668,139.5,332,452,1114
13030,716,662,662,126,332,458,1174
13031,658,654,650,122,328,450,1108
13032,650,652,650,124,326,450,1100
13033,654,656,656,126,326,452,1106
13034,658,658,658,126,326,452,1110
13035,660,654,654,120,326,446,1106
13036,648,648,652,120,330,450,1098
13037,592,648,644,120,326,447,1094
13038,712,656,654,120,324,444,1156
13039,650,658,656,128,322,450,1100
13040,672,662,668,130,328,446,1118
13041,646,660,660,132,328,460,1106
13042,660,654,658,126,332,458,1118
13043,600,650,644,130,326,458,1102
13044,686,644,642,134,324,458,1144
13045,646,642,644,130,326,456,1102
13046,640,640,648,130,334,464,1104
13047,622,626,622,134,330,464,1086
13048,620,622,618,136,326,462,1082
13049,622,618,618,132,326,458,1080
13050,580,618,614,147,322,473,1072
13051,630,622,626,136.5,326,461.5,1118
13052,664,628,626,126,324,450,1114
13053,624,626,632,128,330,458,1082
13054,624,620,620,124,330,454,1078
13055,608,622,622,138,330,468,1076
13056,638,620,624,120,334,454,1092
13057,580,622,616,144,328,475,1070
13058,616,622,622,137,328,466.5,1112
13059,660,622,622,130,328,458,1118
13060,604,620,624,129,332,478,1082
13061,634,616,616,128,332,460,1094
13062,616,616,616,128,332,460,1076
13063,618,620,616,130,328,458,1076
13064,622,622,622,130,328,458,1080
13065,624,624,624,130,328,458,1082
13066,624,624,624,130,328,458,1082
13067,590,626,628,148,330,477,1086
13068,632,632,632,137,330,467.5,1128
13069,680,640,642,126,332,458,1138
13070,648,648,648,126,332,458,1106
13071,656,654,656,124,334,458,1114
13072,652,658,652,130,328,458,1110
13073,658,656,660,128,332,460,1118
13074,662,662,660,128,330,458,1120
13075,664,664,666,128,332,460,1124
13076,668,666,666,126,332,458,1126
13077,666,666,670,126,336,462,1128
13078,658,654,648,122,330,452,1110
13079,648,654,652,128,328,456,1104
13080,656,656,656,128,328,456,1112
13081,656,654,658,126,332,458,1114
13082,652,656,652,130,328,458,1110
13083,652,648,652,126,332,458,1110
13084,646,648,644,128,328,456,1102
13085,646,646,644,128,326,454,1100
13086,644,644,644,128,326,454,1098
13087,642,644,644,130,326,456,1098
13088,640,640,638,130,324,454,1094
13089,638,636,636,128,324,452,1090
13090,632,634,638,130,328,458,1090
13091,638,634,634,126,328,454,1092
13092,632,632,628,126,324,450,1082
13093,626,628,630,128,326,454,1080
13094,634,632,634,126,328,454,1088
13095,642,640,638,124,326,450,1092
13096,638,638,640,124,328,452,1090
13097,632,636,636,128,328,456,1088
13098,644,644,642,128,326,454,1098
13099,652,650,650,126,326,452,1104
13100,652,654,656,128,328,456,1108
13101,658,654,656,124,330,454,1112
13102,662,662,664,124,332,456,1118
13103,654,654,652,124,330,454,1108
13104,652,654,650,126,326,452,1104
13105,666,664,664,124,326,450,1116
13106,674,674,676,124,328,452,1126
13107,678,678,680,124,330,454,1132
13108,670,668,666,122,328,450,1120
13109,658,664,662,128,326,454,1112
13110,620,668,670,125,328,452,1124
13111,726,672,672,122,328,450,1176
13112,668,672,670,126,326,452,1120
13113,666,662,668,122,332,454,1120
13114,604,660,654,122,326,452,1108
13115,716,660,662,122,328,450,1166
13116,660,662,660,124,326,450,1110
13117,658,660,662,126,328,454,1112
13118,652,652,654,126,330,456,1108
13119,654,654,650,126,326,452,1106
13120,652,652,648,126,322,448,1100
13121,646,646,650,126,326,452,1098
13122,644,642,644,124,328,452,1096
13123,638,640,634,126,322,448,1086
13124,638,636,638,124,324,448,1086
13125,636,636,636,124,324,448,1084
13126,634,636,636,126,324,450,1084
13127,630,630,632,126,326,452,1082
13128,634,632,632,124,326,450,1084
13129,636,638,636,126,324,450,1086
13130,640,640,640,126,324,450,1090
13131,638,636,638,124,326,450,1088
13132,634,638,638,128,326,454,1088
13133,632,632,632,128,326,454,1086
13134,632,634,630,130,322,452,1084
13135,640,638,638,128,322,450,1090
13136,634,632,638,126,328,454,1088
13137,640,640,636,126,324,450,1090
13138,642,638,644,122,330,452,1094
13139,638,642,640,126,328,454,1092
13140,654,652,648,124,324,448,1102
13141,658,658,660,124,326,450,1108
13142,670,666,670,120,330,450,1120
13143,660,662,666,122,334,456,1116
13144,664,662,660,120,332,452,1116
13145,670,672,666,122,326,448,1118
13146,668,666,662,120,322,442,1110
13147,650,650,656,120,328,448,1098
13148,660,660,662,120,330,450,1110
13149,674,672,674,148,332,450,1124
13150,610,668,672,133,336,450,1122
13151,736,678,674,129.5,332,450,1186
13152,672,680,676,126,328,454,1126
13153,616,666,660,124,322,451,1114
13154,712,658,662,122,326,448,1160
13155,650,650,652,122,328,450,1100
13156,642,640,642,120,330,450,1092
13157,632,634,634,122,330,452,1084
13158,626,628,624,124,326,450,1076
13159,586,628,622,126,320,450,1072
13160,660,622,624,128,322,450,1110
13161,624,622,622,126,322,448,1072
13162,582,618,620,127,324,450,1068
13163,648,614,614,128,324,452,1100
13164,622,618,618,124,324,448,1070
13165,626,622,624,120,326,446,1072
13166,622,624,626,122,328,450,1072
13167,626,626,622,122,324,446,1072
13168,622,628,628,128,324,452,1074
13169,580,620,624,145,328,471,1076
13170,626,620,620,153.5,328,480.5,1116
13171,616,616,616,159.75,328,484.25,1106
13172,616,620,614,144.875,322,468.125,1104
13173,668,632,632,130,322,452,1120
13174,652,646,650,124,326,450,1102
13175,664,666,666,126,326,452,1116
13176,670,666,674,122,334,456,1126
13177,658,660,656,124,330,454,1112
13178,660,660,658,124,328,452,1112
13179,662,660,662,122,330,452,1114
13180,648,652,654,126,332,458,1106
13181,640,642,642,128,332,460,1100
13182,626,628,624,130,328,458,1084
13183,596,636,628,128,320,455,1086
13184,680,636,642,126,326,452,1132
13185,640,638,642,124,330,454,1094
13186,632,634,636,126,332,458,1090
13187,588,634,628,127,326,456,1086
13188,678,634,634,128,326,454,1132
13189,634,632,634,126,328,454,1088
13190,634,634,632,126,326,452,1086
13191,628,628,632,126,330,456,1084
13192,614,616,614,128,328,456,1070
13193,616,618,618,130,328,458,1074
13194,618,620,614,132,322,454,1072
13195,612,610,616,130,328,458,1070
13196,602,604,608,132,332,464,1066
13197,600,602,596,134,326,460,1060
13198,606,606,602,134,322,456,1062
13199,600,608,610,142,324,466,1066
13200,626,614,610,130,320,450,1076
13201,616,612,624,126,332,458,1074
13202,606,612,606,132,326,458,1064
13203,618,616,620,130,330,460,1078
13204,634,630,630,126,330,456,1090
13205,636,640,644,130,334,464,1100
13206,638,636,636,128,334,462,1100
13207,644,644,640,128,330,458,1102
13208,652,650,656,126,336,462,1114
13209,654,652,656,124,340,464,1118
13210,646,648,644,126,336,462,1108
13211,652,652,652,126,336,462,1114
13212,658,656,648,124,328,452,1110
13213,648,648,646,124,326,450,1098
13214,598,640,652,127,338,457,1102
13215,674,638,634,130,334,464,1138
13216,642,634,628,122,328,450,1092
13217,580,622,624,126,330,455,1074
13218,654,620,620,130,330,460,1114
13219,580,614,610,149,326,474,1070
13220,612,616,610,157.5,320,485,1100
13221,618,616,626,161.75,330,487.5,1114
13222,616,616,610,143.875,324,468.75,1106
13223,650,610,610,126,324,450,1100
13224,604,608,610,130,326,456,1060
13225,612,610,610,128,326,454,1066
13226,608,616,610,136,320,456,1064
13227,586,612,616,151,324,475,1072
13228,620,624,628,140.5,328,463.5,1114
13229,664,628,622,130,322,452,1116
13230,598,636,644,129,330,455,1096
13231,692,652,652,128,330,458,1150
13232,654,652,654,126,332,458,1112
13233,596,648,648,127,332,461,1106
13234,700,650,654,128,336,464,1164
13235,648,648,644,128,332,460,1108
13236,648,646,644,126,330,456,1104
13237,650,648,646,124,328,452,1102
13238,602,656,660,126,332,455,1112
13239,688,638,636,128,330,458,1146
13240,648,646,642,126,326,452,1100
13241,602,648,648,125,326,453,1100
13242,700,652,656,124,330,454,1154
13243,592,638,636,125,328,455,1090
13244,678,634,636,126,330,456,1134
13245,594,640,636,148,326,476,1092
13246,650,648,648,136,326,465,1146
13247,694,648,652,124,330,454,1148
13248,658,654,654,120,330,450,1108
13249,598,648,644,125,326,452,1094
13250,684,644,642,130,324,454,1138
13251,644,642,646,128,328,456,1100
13252,652,648,644,124,324,448,1100
13253,642,646,648,128,326,454,1096
13254,648,646,648,126,328,454,1102
13255,644,642,638,124,324,448,1092
13256,642,642,644,124,326,450,1092
13257,654,654,650,124,322,446,1100
13258,652,650,658,122,330,452,1104
13259,660,660,660,122,330,452,1112
13260,650,650,650,122,330,452,1102
13261,654,654,648,122,324,446,1100
13262,658,658,656,122,322,444,1102
13263,656,658,664,124,328,452,1108
13264,664,658,656,123,326,444,1108
13265,652,656,658,122,328,450,1102
13266,600,652,654,122,330,451,1104
13267,708,656,656,122,330,452,1160
13268,656,658,658,124,330,454,1110
13269,656,656,658,124,332,456,1112
13270,650,654,650,128,328,456,1106
13271,608,652,652,127,328,455,1108
13272,702,656,656,126,328,454,1156
13273,646,652,654,132,330,462,1108
13274,604,648,644,151,326,479,1106
13275,644,638,638,141.5,326,468.5,1140
13276,678,640,640,132,326,458,1136
13277,648,642,638,126,322,448,1096
13278,644,640,640,122,322,444,1088
13279,634,632,636,120,326,446,1080
13280,624,634,632,130,324,454,1078
13281,586,638,640,126,326,452,1094
13282,700,640,642,122,328,450,1150
13283,592,640,642,122,330,451,1092
13284,686,638,638,122,330,452,1138
13285,646,642,638,124,326,444,1090
13286,638,646,642,126,322,448,1086
13287,592,640,646,129,328,454,1094
13288,678,636,636,132,328,460,1138
13289,648,638,628,122,318,440,1088
13290,642,640,648,120,326,446,1088
13291,640,646,644,126,324,450,1090
13292,642,640,648,124,332,456,1098
13293,644,642,640,122,330,452,1096
13294,586,636,634,146,328,473,1086
13295,638,636,632,139,324,466.5,1132
13296,674,636,640,132,328,460,1134
13297,636,634,632,130,326,456,1092
13298,592,628,634,148,332,476,1090
13299,616,616,614,138,330,465,1112
13300,660,622,618,128,326,454,1114
13301,618,626,626,136,326,462,1080
13302,592,624,626,131,328,456,1088
13303,666,624,620,126,324,450,1116
13304,607,628,628,131,324,471,1078
13305,645,634,638,136,328,464,1109
13306,600,630,630,132,328,461,1094
13307,666,628,630,128,330,458,1124
13308,626,624,622,126,328,454,1080
13309,628,626,628,124,330,454,1082
13310,620,624,622,128,328,456,1076
13311,624,620,624,124,332,456,1080
13312,572,616,614,142,330,471,1070
13313,622,614,610,153,326,482.5,1108
13314,606,610,614,141.5,330,469.25,1100
13315,644,610,606,130,326,456,1100
13316,612,608,614,126,332,458,1070
13317,596,610,596,140,318,458,1054
13318,622,610,612,128,320,448,1070
13319,610,610,614,128,324,452,1062
13320,610,612,616,130,328,458,1068
13321,576,606,604,131,326,456,1062
13322,636,608,604,132,322,454,1090
13323,608,606,608,130,324,454,1062
13324,602,604,606,132,326,458,1060
13325,610,606,610,128,330,458,1068
13326,602,604,602,130,328,458,1060
13327,606,604,602,128,326,454,1060
13328,604,606,608,130,328,458,1062
13329,608,608,608,130,328,458,1066
13330,578,614,614,145,328,474,1072
13331,614,608,610,139.5,330,466,1104
13332,638,612,606,134,324,458,1096
13333,614,610,614,130,328,458,1072
13334,614,608,610,124,330,454,1068
13335,570,604,608,125,334,456,1062
13336,630,598,596,126,332,458,1088
13337,592,598,596,132,330,462,1054
13338,596,596,592,132,326,458,1054
13339,596,596,600,132,330,462,1058
13340,600,600,596,132,326,458,1058
13341,594,598,600,136,328,464,1058
13342,608,606,602,134,324,458,1066
13343,620,612,616,126,328,454,1074
13344,624,622,622,124,328,452,1076
13345,626,632,632,130,328,458,1084
13346,630,626,624,126,326,452,1082
13347,622,622,624,126,328,454,1076
13348,586,626,624,148,326,476,1078
13349,618,622,624,137,328,464,1116
13350,666,622,620,126,326,452,1118
13351,618,618,620,126,328,454,1072
13352,616,618,620,128,330,458,1074
13353,618,616,614,126,328,454,1072
13354,618,622,618,130,324,454,1072
13355,622,620,626,128,330,458,1080
13356,584,622,618,130,326,457,1076
13357,660,626,624,132,324,456,1116
13358,590,630,628,130,322,455,1084
13359,678,634,638,128,326,454,1132
13360,636,638,644,130,332,462,1098
13361,634,632,632,128,332,460,1094
13362,640,640,634,128,326,454,1094
13363,648,644,648,124,330,454,1102
13364,648,650,648,126,328,454,1102
13365,646,648,650,128,330,458,1104
13366,640,640,644,128,334,462,1102
13367,642,640,630,126,324,450,1092
13368,586,634,642,126,332,449,1092
13369,676,628,618,126,322,448,1124
13370,620,624,628,130,326,456,1076
13371,578,616,616,129,326,453,1072
13372,656,616,612,128,322,450,1106
13373,612,612,616,128,326,454,1066
13374,612,610,610,126,326,452,1064
13375,602,608,608,132,326,458,1060
13376,610,608,602,130,320,450,1060
13377,606,606,614,130,328,458,1064
13378,614,612,610,128,326,454,1068
13379,610,610,612,128,328,456,1066
13380,574,612,610,129,326,455,1066
13381,648,612,610,130,324,454,1102
13382,582,618,618,127,324,451,1072
13383,662,620,620,124,324,448,1110
13384,572,622,626,125,328,443,1074
13385,670,622,606,126,312,438,1108
13386,572,612,630,126,330,445,1068
13387,654,614,610,126,326,452,1106
13388,604,608,608,130,326,456,1060
13389,600,604,604,134,326,460,1060
13390,570,596,590,147,320,480,1050
13391,598,598,598,138.5,320,480,1078
13392,626,596,600,130,324,454,1080
13393,602,600,594,128,318,446,1048
13394,596,598,604,130,324,454,1050
13395,600,598,600,128,326,454,1054
13396,572,604,602,128,324,484,1056
13397,640,608,612,128,328,456,1096
13398,612,612,614,128,330,458,1070
13399,574,608,610,145,332,476,1068
13400,606,606,606,139.5,332,469,1100
13401,638,610,606,134,328,462,1100
13402,616,606,606,124,328,452,1068
13403,604,610,612,130,330,460,1064
13404,612,608,604,126,326,452,1064
13405,602,604,608,128,330,458,1060
13406,602,604,602,130,328,458,1060
13407,598,600,602,132,330,462,1060
13408,570,596,596,146,330,472,1058
13409,596,598,590,137,322,482,1078
13410,628,596,598,128,324,452,1080
13411,594,598,598,132,324,456,1050
13412,602,598,606,128,332,460,1062
13413,586,590,588,132,330,462,1048
13414,590,592,586,134,324,458,1048
13415,604,596,598,126,326,452,1056
13416,598,602,600,130,324,454,1052
13417,602,600,602,128,326,454,1056
13418,600,602,600,130,324,454,1054
13419,574,608,614,129,330,458,1068
13420,644,608,612,128,334,462,1106
13421,610,606,604,124,332,456,1066
13422,566,606,604,127,330,455,1060
13423,646,612,606,130,324,454,1100
13424,582,616,620,127,328,452,1074
13425,660,620,618,124,326,450,1110
13426,622,620,626,122,332,454,1076
13427,616,620,620,126,332,458,1074
13428,582,622,618,124,328,453,1076
13429,668,624,622,122,326,448,1116
13430,624,628,630,126,328,454,1078
13431,626,620,620,120,328,448,1074
13432,574,616,612,125,324,451,1060
13433,650,618,618,130,324,454,1104
13434,622,618,620,126,326,452,1074
13435,620,620,620,126,326,452,1072
13436,614,612,618,124,332,456,1070
13437,576,612,600,126,320,480,1056
13438,642,610,612,128,322,450,1092
13439,606,606,608,128,324,452,1058
13440,604,604,604,128,324,452,1056
13441,600,600,602,128,326,454,1054
13442,600,604,600,132,322,454,1054
13443,596,600,598,136,320,456,1052
13444,602,598,604,132,326,458,1060
13445,604,602,600,130,324,454,1058
13446,602,602,600,130,322,452,1054
13447,604,598,598,124,322,446,1050
13448,598,600,600,126,322,448,1046
13449,604,602,604,124,324,448,1052
13450,602,602,602,124,324,448,1050
13451,608,608,604,124,320,444,1052
13452,602,602,606,124,324,448,1050
13453,600,602,602,126,324,450,1050
13454,600,602,598,128,320,448,1048
13455,602,602,602,128,320,448,1050
13456,566,600,600,129,320,482,1048
13457,632,600,604,130,324,454,1086
13458,570,600,600,131,324,484,1054
13459,628,600,590,132,314,446,1074
13460,600,600,608,132,322,454,1054
13461,604,604,604,132,322,454,1058
13462,604,600,602,128,324,452,1056
13463,596,596,594,128,322,450,1046
13464,596,600,598,132,320,452,1048
13465,598,598,600,132,322,454,1052
13466,598,598,598,132,322,454,1052
13467,598,598,598,132,322,454,1052
13468,602,602,602,132,322,454,1056
13469,604,602,602,130,322,452,1056
13470,612,608,612,126,326,452,1064
13471,612,614,610,128,322,450,1062
13472,608,608,612,128,326,454,1062
13473,610,610,608,128,324,452,1062
13474,610,612,610,130,322,452,1062
13475,614,612,612,128,322,450,1064
13476,614,614,618,128,326,454,1068
13477,618,618,616,128,324,452,1070
13478,614,616,618,130,326,456,1070
13479,612,610,610,128,326,454,1066
13480,614,614,610,128,322,450,1064
13481,612,616,614,132,320,452,1064
13482,620,616,618,128,322,450,1070
13483,616,616,618,128,324,452,1068
13484,614,616,616,130,324,454,1068
13485,578,614,612,130,322,452,1066
13486,652,616,614,130,320,450,1102
13487,616,614,618,128,324,452,1068
13488,618,620,618,130,322,452,1070
13489,620,620,620,130,322,452,1072
13490,610,612,610,132,320,452,1062
13491,578,612,614,130,322,451,1066
13492,650,612,612,128,322,450,1100
13493,616,616,614,128,320,448,1064
13494,628,626,626,126,320,446,1074
13495,634,634,636,126,322,448,1082
13496,638,634,640,122,328,450,1088
13497,636,638,634,124,324,448,1084
13498,640,640,640,124,324,448,1088
13499,646,646,646,124,324,448,1094
13500,638,640,640,126,324,450,1088
13501,636,636,636,126,324,450,1086
13502,630,628,630,124,326,450,1080
13503,624,628,624,128,322,450,1074
13504,622,622,622,128,322,450,1072
13505,618,618,616,128,320,448,1066
13506,618,616,614,126,318,444,1062
13507,614,614,616,126,320,446,1060
13508,614,614,614,126,320,446,1060
13509,614,614,612,126,318,444,1058
13510,610,612,612,128,318,446,1056
13511,616,614,616,126,320,446,1062
13512,612,614,616,128,322,450,1062
13513,610,610,608,128,320,448,1058
13514,604,606,608,130,322,452,1056
13515,606,606,604,130,320,450,1056
13516,606,606,604,130,318,448,1054
13517,608,610,610,132,318,450,1058
13518,612,606,608,126,320,446,1058
13519,610,612,614,128,322,450,1060
13520,608,610,610,130,322,452,1060
13521,614,612,610,128,320,448,1062
13522,618,618,616,128,318,446,1064
13523,622,620,626,126,324,450,1072
13524,624,624,624,126,324,450,1074
13525,616,620,620,130,324,454,1070
13526,622,618,616,126,322,448,1070
13527,620,620,620,126,322,448,1068
13528,620,622,624,128,324,452,1072
13529,620,620,618,128,322,450,1070
13530,616,614,618,126,326,452,1068
13531,614,616,612,128,322,450,1064
13532,614,614,612,128,320,448,1062
13533,612,612,614,128,322,450,1062
13534,614,614,616,128,324,452,1066
13535,612,612,612,128,324,452,1064
13536,606,608,606,130,322,452,1058
13537,608,608,608,130,322,452,1060
13538,608,606,608,128,324,452,1060
13539,614,612,610,126,322,448,1062
13540,606,608,610,128,324,452,1058
13541,604,604,604,128,324,452,1056
13542,602,604,602,130,322,452,1054
13543,604,604,606,130,324,454,1058
13544,606,606,604,130,322,452,1058
13545,610,606,608,126,324,450,1060
13546,606,608,608,128,324,452,1058
13547,604,602,604,126,326,452,1056
13548,600,602,602,128,326,454,1054
13549,602,604,600,130,322,452,1054
13550,598,600,598,132,320,452,1050
13551,602,600,600,130,320,450,1052
13552,566,592,596,130,324,480,1046
13553,618,592,590,130,322,452,1070
13554,594,594,594,130,322,452,1046
13555,586,588,588,132,322,454,1040
13556,586,588,586,134,320,454,1040
13557,598,592,592,128,320,448,1046
13558,594,596,598,130,322,452,1046
13559,598,594,594,126,322,448,1046
13560,590,592,594,128,324,452,1042
13561,586,586,586,128,324,452,1038
13562,590,592,586,130,318,448,1038
13563,582,588,594,136,324,460,1042
13564,598,590,588,128,322,450,1048
13565,584,586,584,130,320,450,1034
13566,588,586,588,128,322,450,1038
13567,586,590,590,132,322,454,1040
13568,592,588,590,128,324,452,1044
13569,586,590,590,132,324,456,1042
13570,590,590,588,132,322,454,1044
13571,584,588,588,136,322,458,1042
13572,596,590,590,130,322,452,1048
13573,594,594,596,130,324,454,1048
13574,598,598,598,130,324,454,1052
13575,600,598,602,128,328,456,1056
13576,598,600,596,130,324,454,1052
13577,602,602,602,130,324,454,1056
13578,608,606,606,128,324,452,1060
13579,614,612,614,126,326,452,1066
13580,618,614,616,122,328,450,1068
13581,616,618,622,124,332,456,1072
13582,620,622,618,126,328,454,1074
13583,630,628,626,124,326,450,1080
13584,636,634,636,122,328,450,1086
13585,636,638,640,124,330,454,1090
13586,638,636,636,122,330,452,1090
13587,626,630,628,126,328,454,1080
13588,628,628,624,126,324,450,1078
13589,630,630,630,126,324,450,1080
13590,630,628,630,124,326,450,1080
13591,634,634,634,124,326,450,1084
13592,628,630,630,126,326,452,1080
13593,632,630,630,124,326,450,1082
13594,622,626,624,128,324,452,1074
13595,630,626,624,124,322,446,1076
13596,628,630,628,126,320,446,1074
13597,624,622,628,124,326,450,1074
13598,578,626,622,126,322,449,1072
13599,668,624,622,128,320,448,1116
13600,628,624,626,124,322,446,1074
13601,628,628,628,124,322,446,1074
13602,624,626,628,126,324,450,1074
13603,620,622,622,128,324,452,1072
13604,622,624,620,130,320,450,1072
13605,632,626,630,124,324,448,1080
13606,624,626,624,126,322,448,1072
13607,624,626,628,128,324,452,1076
13608,626,622,622,124,324,448,1074
13609,620,622,622,126,324,450,1070
13610,622,622,622,126,324,450,1072
13611,626,626,626,126,324,450,1076
13612,624,624,624,126,324,450,1074
13613,626,626,624,126,322,448,1074
13614,634,632,634,124,324,448,1082
13615,638,636,636,122,324,446,1084
13616,634,634,636,122,326,448,1082
13617,628,632,630,126,324,450,1078
13618,630,628,628,124,324,448,1078
13619,630,634,632,128,322,450,1080
13620,628,628,628,128,322,450,1078
13621,630,626,626,124,322,446,1076
13622,622,620,620,122,322,444,1066
13623,616,620,618,126,320,446,1062
13624,614,616,618,128,322,450,1064
13625,618,618,616,128,320,448,1066
13626,618,616,618,126,322,448,1066
13627,614,616,616,128,322,450,1064
13628,612,614,612,130,320,450,1062
13629,618,614,618,126,324,450,1068
13630,620,620,616,126,320,446,1066
13631,620,620,624,126,324,450,1070
13632,622,622,622,126,324,450,1072
13633,622,622,622,126,324,450,1072
13634,618,618,618,126,324,450,1068
13635,624,624,624,126,324,450,1074
13636,630,628,630,124,326,450,1080
13637,632,634,630,126,322,448,1080
13638,634,630,634,122,326,448,1082
13639,628,632,630,126,324,450,1078
13640,634,634,634,126,324,450,1084
13641,636,634,634,124,324,448,1084
13642,634,634,634,124,324,448,1082
13643,632,632,632,124,324,448,1080
13644,628,632,634,128,326,454,1082
13645,630,628,626,126,324,450,1080
13646,628,628,628,126,324,450,1078
13647,634,634,634,126,324,450,1084
13648,634,632,632,124,324,448,1082
13649,630,630,634,124,328,452,1082
13650,626,628,626,126,326,452,1078
13651,630,628,628,124,326,450,1080
13652,632,632,630,124,324,448,1080
13653,630,632,630,126,322,448,1078
13654,630,630,634,126,326,452,1082
13655,624,626,626,128,326,454,1078
13656,626,624,624,126,326,452,1078
13657,626,626,624,126,324,450,1076
13658,624,624,626,126,326,452,1076
13659,628,626,624,124,324,448,1076
13660,622,622,626,124,328,452,1074
13661,622,624,622,126,326,452,1074
13662,628,628,626,126,324,450,1078
13663,632,632,634,126,326,452,1084
13664,636,634,634,124,326,450,1086
13665,628,628,628,124,326,450,1078
13666,628,628,628,124,326,450,1078
13667,626,626,624,124,324,448,1074
13668,626,626,630,124,328,452,1078
13669,624,624,624,124,328,452,1076
13670,618,616,614,122,326,448,1066
13671,612,618,614,128,322,450,1062
13672,620,618,622,126,326,452,1072
13673,620,620,620,126,326,452,1072
13674,580,620,616,127,322,453,1068
13675,658,620,624,128,326,454,1112
13676,624,622,622,126,326,452,1076
13677,622,622,618,126,322,448,1070
13678,620,616,622,122,328,450,1070
13679,612,614,612,124,326,450,1062
13680,576,618,616,125,324,450,1066
13681,654,614,614,126,324,450,1104
13682,616,618,618,128,324,452,1068
13683,616,614,614,126,324,450,1066
13684,612,612,614,126,326,452,1064
13685,608,612,612,130,326,456,1064
13686,612,610,608,128,324,452,1064
13687,612,612,614,128,326,454,1066
13688,616,614,610,126,322,448,1064
13689,612,612,616,126,326,452,1064
13690,606,608,610,128,328,456,1062
13691,610,610,608,128,326,454,1064
13692,614,614,610,128,322,450,1064
13693,616,614,618,126,326,452,1068
13694,620,620,622,126,328,454,1074
13695,622,618,618,122,328,450,1072
13696,612,618,618,128,328,456,1068
13697,626,622,620,124,326,450,1076
13698,628,626,626,122,326,448,1076
13699,624,628,630,126,328,454,1078
13700,630,624,626,120,330,450,1080
13701,620,626,624,126,328,454,1074
13702,622,622,620,126,326,452,1074
13703,624,622,622,124,326,450,1074
13704,624,624,626,124,328,452,1076
13705,626,626,624,124,326,450,1076
13706,618,618,620,124,328,452,1070
13707,618,620,618,126,326,452,1070
13708,616,618,618,128,326,454,1070
13709,622,618,620,124,328,452,1074
13710,622,622,620,124,326,450,1072
13711,612,616,618,128,328,456,1068
13712,618,616,614,126,326,452,1070
13713,614,614,614,126,326,452,1066
13714,616,616,614,126,324,450,1066
13715,616,614,618,124,328,452,1068
13716,616,614,612,122,326,448,1064
13717,614,616,618,124,328,452,1066
13718,612,614,614,126,328,454,1066
13719,614,616,612,128,324,452,1066
13720,618,616,618,126,326,452,1070
13721,616,614,616,124,328,452,1068
13722,616,618,618,126,328,454,1070
13723,612,612,612,126,328,454,1066
13724,612,614,612,128,326,454,1066
13725,616,612,612,124,326,450,1066
13726,602,606,606,128,326,454,1056
13727,610,606,610,124,330,454,1064
13728,606,610,606,128,326,454,1060
13729,612,610,614,126,330,456,1068
13730,606,608,608,128,330,458,1064
13731,612,610,608,126,328,454,1066
13732,614,614,612,126,326,452,1066
13733,618,616,616,124,326,450,1068
13734,620,618,620,122,328,450,1070
13735,610,614,616,126,330,456,1066
13736,608,608,604,126,326,452,1060
13737,604,606,606,128,326,454,1058
13738,604,606,602,130,322,452,1056
13739,604,600,606,126,328,454,1058
13740,596,598,598,128,328,456,1052
13741,592,594,592,130,326,456,1048
13742,596,594,592,128,324,452,1048
13743,590,592,592,130,324,454,1044
13744,590,590,590,130,324,454,1044
13745,588,588,590,130,326,456,1044
13746,568,586,582,141,322,470,1038
13747,580,584,586,139.5,324,476,1056
13748,600,586,586,138,324,462,1062
13749,588,584,582,134,322,456,1044
13750,564,580,580,132,322,472,1036
13751,602,582,584,130,324,454,1056
13752,586,584,586,128,326,454,1040
13753,586,584,580,126,322,448,1034
13754,580,584,588,130,326,456,1036
13755,592,582,578,120,322,442,1034
13756,578,582,580,124,320,444,1022
13757,582,580,582,122,322,444,1026
13758,568,574,578,128,326,454,1022
13759,577,574,570,125,322,447,1024
13760,570,570,566,125,318,443,1013
13761,567,572,574,130,320,450,1017
13762,639,574,574,97.5,320,421.5,1024
13763,572,572,580,81.25,328,404.25,965
13764,572,572,566,73.125,322,394.625,959
13765,572,572,570,69.062,320,391.812,957
13766,574,574,578,67.031,324,389.406,963
13767,576,576,574,66.016,322,391.203,963
13768,578,578,584,65.508,328,392.102,971
13769,582,582,582,105.754,328,432.051,975
13770,501,582,580,125.877,326,472,973
13771,584,584,580,135.938,322,468,1052
13772,584,584,588,143.969,326,472,1056
13773,588,594,592,133.985,324,476,1064
13774,622,594,598,124,328,452,1074
13775,598,592,594,141,330,448,1046
13776,554,594,594,133.5,330,449,1042
13777,628,596,590,126,324,450,1078
13778,568,602,600,123,322,482,1050
13779,640,600,604,120,326,446,1086
13780,602,604,606,122,328,450,1052
13781,566,604,604,141,328,467,1054
13782,606,606,602,150.5,324,484,1090
13783,606,606,602,136.25,320,480,1086
13784,642,604,608,122,324,446,1088
13785,612,610,612,120,326,446,1058
13786,608,610,610,122,326,448,1056
13787,568,606,606,124,326,449,1054
13788,636,602,600,126,324,450,1086
13789,574,604,602,141,322,478,1052
13790,604,604,604,150.5,322,478,1082
13791,598,602,604,152.25,324,484,1082
13792,608,602,602,141.125,324,478,1086
13793,622,598,598,130,324,454,1076
13794,566,596,592,127,320,480,1046
13795,636,600,600,124,320,444,1080
13796,600,598,598,122,320,442,1042
13797,592,596,598,126,322,448,1040
13798,570,596,594,125,320,472,1042
13799,626,598,596,124,318,442,1068
13800,598,600,604,126,322,448,1046
13801,608,606,606,124,322,446,1054
13802,608,604,606,120,324,444,1052
13803,604,608,608,124,324,448,1052
13804,604,606,604,126,322,448,1052
13805,578,608,608,126,322,478,1056
13806,638,608,610,126,324,450,1088
13807,610,610,608,126,322,448,1058
13808,566,602,604,143,324,465,1052
13809,606,604,602,151.5,322,482,1088
13810,602,602,600,139.75,320,480,1082
13811,634,602,598,128,316,444,1078
13812,584,600,608,155,324,468,1052
13813,562,600,596,144.5,320,463,1064
13814,648,600,604,134,324,458,1106
13815,568,598,596,141,322,462,1054
13816,614,598,594,133.5,318,466,1080
13817,620,598,598,126,318,444,1064
13818,564,596,598,127,320,478,1042
13819,622,592,590,128,318,446,1068
13820,596,592,594,124,320,444,1040
13821,600,598,600,122,322,444,1044
13822,594,596,598,124,324,448,1042
13823,600,598,588,122,314,436,1036
13824,596,602,606,128,318,446,1042
13825,570,610,610,145,318,465,1056
13826,618,612,616,155.5,322,484,1102
13827,612,616,624,136.75,330,464,1108
13828,664,616,612,129.375,326,444,1108
13829,610,614,606,122,318,440,1050
13830,572,616,616,120,318,484,1056
13831,672,624,634,120,328,446,1118
13832,620,622,620,120,326,446,1066
13833,644,638,630,123,318,432,1076
13834,610,622,622,126,318,444,1054
13835,578,612,612,128,318,478,1056
13836,650,620,628,130,326,456,1106
13837,658,630,630,124,326,449,1086
13838,608,624,622,123,324,442,1050
13839,614,618,618,122,324,446,1060
13840,628,622,618,121,320,436,1064
13841,618,622,616,120,314,434,1052
13842,586,630,640,119,324,437,1074
13843,672,626,624,144.5,322,440,1112
13844,576,628,628,131.25,322,441,1068
13845,676,624,626,148.625,324,442,1118
13846,574,622,626,156.312,328,467,1068
13847,624,622,622,161.156,328,476.5,1116
13848,624,626,618,142.578,320,460.25,1110
13849,666,624,624,124,320,444,1110
13850,584,628,630,122,322,445,1074
13851,676,628,632,120,326,446,1122