b,PPn,RRn,TTn,PR,RT,PT,TPn
3,790,788,788,126,344,470,1260
4,794,794,792,126,342,468,1262
5,794,796,798,128,344,472,1266
6,798,796,796,126,344,470,1268
7,798,800,798,128,342,470,1268
8,804,802,804,126,344,470,1274
9,798,800,798,128,342,470,1268
10,802,802,804,128,344,472,1274
11,800,798,798,126,344,470,1270
12,802,802,802,126,344,470,1272
13,800,802,802,128,344,472,1272
14,804,802,802,126,344,470,1274
15,802,800,800,124,344,468,1270
16,792,794,794,126,344,470,1262
17,794,794,794,126,344,470,1264
18,794,794,792,126,342,468,1262
19,788,790,792,128,344,472,1260
20,796,794,794,126,344,470,1266
21,786,786,786,126,344,470,1256
22,790,790,790,126,344,470,1260
23,790,790,790,126,344,470,1260
24,792,790,790,124,344,468,1260
25,788,790,790,126,344,470,1258
26,790,788,790,124,346,470,1260
27,792,794,790,126,342,468,1260
28,786,788,788,128,342,470,1256
29,788,786,786,126,342,468,1256
30,788,786,788,124,344,468,1256
31,784,786,784,126,342,468,1252
32,784,786,786,128,342,470,1254
33,788,786,786,126,342,468,1256
34,790,788,790,124,344,468,1258
35,788,790,790,126,344,470,1258
36,792,792,792,126,344,470,1262
37,792,794,792,128,342,470,1262
38,794,792,792,126,342,468,1262
39,794,794,796,126,344,470,1264
40,792,792,790,126,342,468,1260
41,790,790,790,126,342,468,1258
42,786,788,788,128,342,470,1256
43,788,786,788,126,344,470,1258
44,786,786,786,126,344,470,1256
45,788,788,788,126,344,470,1258
46,792,792,792,126,344,470,1262
47,790,792,790,128,342,470,1260
48,790,790,790,128,342,470,1260
49,792,790,790,126,342,468,1260
50,788,786,788,124,344,468,1256
51,790,790,790,124,344,468,1258
52,784,788,786,128,342,470,1254
53,786,784,784,126,342,468,1254
54,780,782,782,128,342,470,1250
55,782,780,782,126,344,470,1252
56,780,782,780,128,342,470,1250
57,784,784,782,128,340,468,1252
58,784,784,786,128,342,470,1254
59,780,778,778,126,342,468,1248
60,778,778,778,126,342,468,1246
61,782,782,782,126,342,468,1250
62,780,780,780,126,342,468,1248
63,780,782,780,128,340,468,1248
64,784,782,784,126,342,468,1252
65,780,780,780,126,342,468,1248
66,782,782,782,126,342,468,1250
67,780,782,780,128,340,468,1248
68,786,784,786,126,342,468,1254
69,788,790,790,128,342,470,1258
70,788,784,786,124,344,468,1256
71,790,794,792,128,342,470,1260
72,796,794,794,126,342,468,1264
73,798,798,800,126,344,470,1268
74,800,802,800,128,342,470,1270
75,796,794,796,126,344,470,1266
76,800,800,800,126,344,470,1270
77,800,800,800,126,344,470,1270
78,802,802,804,126,346,472,1274
79,802,804,802,128,344,472,1274
80,800,798,798,126,344,470,1270
81,804,802,804,124,346,470,1274
82,800,802,800,126,344,470,1270
83,804,804,804,126,344,470,1274
84,800,800,802,126,346,472,1272
85,796,798,796,128,344,472,1268
86,794,792,792,126,344,470,1264
87,794,794,794,126,344,470,1264
88,790,792,790,128,342,470,1260
89,792,790,790,126,342,468,1260
90,792,794,794,128,342,470,1262
91,786,784,788,126,346,472,1258
92,790,790,788,126,344,470,1260
93,788,788,790,126,346,472,1260
94,792,794,790,128,342,470,1262
95,796,794,796,126,344,470,1266
96,794,794,792,126,342,468,1262
97,792,792,792,126,342,468,1260
98,794,796,798,128,344,472,1266
99,800,798,796,126,342,468,1268
100,798,798,800,126,344,470,1268
101,796,796,796,126,344,470,1266
102,798,798,798,126,344,470,1268
103,800,802,800,128,342,470,1270
104,802,800,800,126,342,468,1270
105,802,804,804,128,342,470,1272
106,804,802,806,126,346,472,1276
107,798,798,798,126,346,472,1270
108,800,800,800,126,346,472,1272
109,800,800,798,126,344,470,1270
110,800,800,802,126,346,472,1272
111,800,800,798,126,344,470,1270
112,798,796,798,124,346,470,1268
113,802,804,802,126,344,470,1272
114,798,800,800,128,344,472,1270
115,802,800,802,126,346,472,1274
116,798,798,796,126,344,470,1268
117,794,796,796,128,344,472,1266
118,798,796,798,126,346,472,1270
119,796,794,792,124,344,468,1264
120,792,794,794,126,344,470,1262
121,788,788,786,126,342,468,1256
122,788,790,790,128,342,470,1258
123,788,784,786,124,344,468,1256
124,788,790,788,126,342,468,1256
125,790,792,792,128,342,470,1260
126,782,780,780,126,342,468,1250
127,782,782,782,126,342,468,1250
128,780,782,782,128,342,470,1250
129,782,780,780,126,342,468,1250
130,784,782,784,124,344,468,1252
131,780,782,782,126,344,470,1250
132,778,778,776,126,342,468,1246
133,784,784,784,126,342,468,1252
134,782,784,784,128,342,470,1252
135,786,784,784,126,342,468,1254
136,782,782,784,126,344,470,1252
137,786,786,786,126,344,470,1256
138,788,786,784,124,342,466,1254
139,788,790,790,126,342,468,1256
140,788,790,790,128,342,470,1258
141,790,788,790,126,344,470,1260
142,786,784,782,124,342,466,1252
143,792,794,794,126,342,468,1260
144,790,790,790,126,342,468,1258
145,790,792,792,128,342,470,1260
146,792,790,792,126,344,470,1262
147,788,788,788,126,344,470,1258
148,790,792,792,128,344,472,1262
149,794,792,790,126,342,468,1262
150,794,794,796,126,344,470,1264
151,798,800,798,128,342,470,1268
152,794,794,794,128,342,470,1264
153,792,790,792,126,344,470,1262
154,792,792,792,126,344,470,1262
155,790,792,792,128,344,472,1262
156,792,792,792,128,344,472,1264
157,792,790,790,126,344,470,1262
158,790,790,790,126,344,470,1260
159,794,794,792,126,342,468,1262
160,790,792,792,128,342,470,1260
161,794,792,794,126,344,470,1264
162,792,792,792,126,344,470,1262
163,796,796,794,126,342,468,1264
164,798,796,798,124,344,468,1266
165,796,800,800,128,344,472,1268
166,798,798,796,128,342,470,1268
167,798,796,798,126,344,470,1268
168,798,798,796,126,342,468,1266
169,794,796,798,128,344,472,1266
170,800,800,800,128,344,472,1272
171,798,798,796,128,342,470,1268
172,800,798,798,126,342,468,1268
173,794,794,794,126,342,468,1262
174,792,792,792,126,342,468,1260
175,794,794,794,126,342,468,1262
176,790,790,792,126,344,470,1260
177,792,794,792,128,342,470,1262
178,788,788,788,128,342,470,1258
179,792,790,792,126,344,470,1262
180,788,790,788,128,342,470,1258
181,790,788,790,126,344,470,1260
182,792,790,790,124,344,468,1260
183,788,792,790,128,342,470,1258
184,794,794,794,128,342,470,1264
185,796,792,794,124,344,468,1264
186,796,798,796,126,342,468,1264
187,798,800,800,128,342,470,1268
188,796,796,796,128,342,470,1266
189,798,796,796,126,342,468,1266
190,794,794,796,126,344,470,1264
191,792,792,792,126,344,470,1262
192,790,790,790,126,344,470,1260
193,786,786,786,126,344,470,1256
194,784,784,782,126,342,468,1252
195,782,780,780,124,342,466,1248
196,780,782,782,126,342,468,1248
197,780,780,780,126,342,468,1248
198,780,780,780,126,342,468,1248
199,784,784,782,126,340,466,1250
200,780,780,782,126,342,468,1248
201,784,786,786,128,342,470,1254
202,786,786,784,128,340,468,1254
203,786,782,786,124,344,468,1254
204,786,788,786,126,342,468,1254
205,786,786,786,126,342,468,1254
206,788,790,788,128,340,468,1256
207,790,790,792,128,342,470,1260
208,788,786,786,126,342,468,1256
209,792,792,792,126,342,468,1260
210,790,790,790,126,342,468,1258
211,792,794,794,128,342,470,1262
212,800,800,800,128,342,470,1270
213,794,792,794,126,344,470,1264
214,796,798,794,128,340,468,1264
215,796,794,798,126,344,470,1266
216,800,800,798,126,342,468,1268
217,804,802,804,124,344,468,1272
218,800,800,800,124,344,468,1268
219,802,804,802,126,342,468,1270
220,798,798,800,126,344,470,1268
221,796,796,794,126,342,468,1264
222,794,794,794,126,342,468,1262
223,788,788,788,126,342,468,1256
224,788,786,786,124,342,466,1254
225,782,784,784,126,342,468,1250
226,784,784,782,126,340,466,1250
227,786,786,788,126,342,468,1254
228,786,786,786,126,342,468,1254
229,788,788,786,126,340,466,1254
230,788,788,790,126,342,468,1256
231,794,794,794,126,342,468,1262
232,794,796,796,128,342,470,1264
233,800,800,800,128,342,470,1270
234,802,798,800,124,344,468,1270
235,800,804,802,128,342,470,1270
236,804,802,802,126,342,468,1272
237,802,802,804,126,344,470,1272
238,800,800,800,126,344,470,1270
239,802,802,802,126,344,470,1272
240,808,806,806,124,344,468,1276
241,800,802,802,126,344,470,1270
242,804,806,804,128,342,470,1274
243,798,798,798,128,342,470,1268
244,800,800,800,128,342,470,1270
245,796,794,796,126,344,470,1266
246,796,798,796,128,342,470,1266
247,790,788,790,126,344,470,1260
248,788,788,786,126,342,468,1256
249,786,784,784,124,342,466,1252
250,782,784,786,126,344,470,1252
251,782,784,780,128,340,468,1250
252,782,780,782,126,342,468,1250
253,784,782,782,124,342,466,1250
254,784,786,786,126,342,468,1252
255,786,788,786,128,340,468,1254
256,790,788,790,126,342,468,1258
257,788,788,788,126,342,468,1256
258,792,794,792,128,340,468,1260
259,798,798,800,128,342,470,1268
260,804,804,804,128,342,470,1274
261,810,808,810,126,344,470,1280
262,810,810,810,126,344,470,1280
263,814,814,814,126,344,470,1284
264,814,814,814,126,344,470,1284
265,814,814,812,126,342,468,1282
266,814,814,818,126,346,472,1286
267,812,812,812,126,346,472,1284
268,816,814,814,124,346,470,1286
269,814,816,814,126,344,470,1284
270,814,814,814,126,344,470,1284
271,812,814,812,128,342,470,1282
272,808,806,808,126,344,470,1278
273,806,806,806,126,344,470,1276
274,806,806,806,126,344,470,1276
275,798,798,798,126,344,470,1268
276,798,800,798,128,342,470,1268
277,796,792,796,124,346,470,1266
278,794,794,792,124,344,468,1262
279,796,798,796,126,342,468,1264
280,798,800,800,128,342,470,1268
281,800,800,802,128,344,472,1272
282,798,796,794,126,342,468,1266
283,798,798,800,126,344,470,1268
284,802,802,800,126,342,468,1270
285,798,800,802,128,344,472,1270
286,800,798,798,126,344,470,1270
287,798,796,796,124,344,468,1266
288,798,800,798,126,342,468,1266
289,792,794,794,128,342,470,1262
290,796,794,794,126,342,468,1264
291,790,790,790,126,342,468,1258
292,792,794,794,128,342,470,1262
293,790,790,790,128,342,470,1260
294,794,794,794,128,342,470,1264
295,790,788,788,126,342,468,1258
296,792,790,790,124,342,466,1258
297,790,792,792,126,342,468,1258
298,786,786,786,126,342,468,1254
299,782,784,782,128,340,468,1250
300,778,776,776,126,340,466,1244
301,770,770,770,126,340,466,1236
302,760,762,760,128,338,466,1226
303,758,756,756,124,340,464,1222
304,750,750,749,126,340,466,1215
305,744,743,742.5,128,338,466,1208.5
306,738,738.5,737.25,126,338,464,1202.25
307,735,736.25,735.625,128,336,464,1200.125
308,733.5,733.125,732.812,130,336,466,1198.062
309,732.75,731.562,731.406,128,336,464,1196.031
310,732.375,731.781,731.703,126,336,462,1195.016
311,731.188,731.891,731.852,126,336,462,1194.508
312,731.594,730.945,731.926,128,336,464,1195.254
313,730.797,730.473,730.963,126,338,464,1194.627
314,728.398,729.236,729.481,126,338,464,1193.313
315,726.199,726.618,724.741,128,338,466,1189.657
316,724.1,723.309,722.37,128,334,462,1185.828
317,723.05,723.655,723.185,126,334,460,1184.914
318,723.525,722.827,723.593,128,334,462,1185.457
319,725.762,725.414,725.796,126,336,462,1187.729
320,727.881,728.707,728.898,126,336,462,1190.864
321,733.941,735.353,735.449,128,336,464,1198.432
322,744.97,744.677,744.725,130,336,466,1209.216
323,756,753.338,755.362,128,336,464,1220
324,762,762,766,128,340,468,1230
325,772,768,770,124,342,466,1238
326,772,774,772,126,340,466,1238
327,782,782,782,126,340,466,1248
328,790,790,790,126,340,466,1256
329,796,796,800,126,344,470,1266
330,800,800,798,126,342,468,1268
331,800,800,800,126,342,468,1268
332,806,808,804,128,338,466,1272
333,812,810,816,126,344,470,1282
334,818,818,816,126,342,468,1286
335,812,810,810,124,342,466,1278
336,804,808,806,128,340,468,1272
337,814,814,814,128,340,468,1282
338,818,816,820,126,344,470,1288
339,822,822,822,126,344,470,1292
340,820,818,818,124,344,468,1288
341,826,830,828,128,342,470,1296
342,832,832,832,128,342,470,1302
343,836,836,838,128,344,472,1308
344,828,828,828,128,344,472,1300
345,826,826,826,128,344,472,1298
346,832,832,830,128,342,470,1302
347,832,832,832,128,342,470,1302
348,832,832,834,128,344,472,1304
349,826,824,824,126,344,470,1296
350,828,828,826,126,342,468,1296
351,826,828,828,128,342,470,1296
352,830,828,830,126,344,470,1300
353,824,824,826,126,346,472,1296
354,816,814,812,124,344,468,1284
355,814,816,814,126,342,468,1282
356,810,810,810,126,342,468,1278
357,812,814,812,128,340,468,1280
358,812,810,814,126,344,470,1282
359,804,804,802,126,342,468,1272
360,808,810,808,128,340,468,1276
361,812,812,814,128,342,470,1282
362,818,816,818,126,344,470,1288
363,818,818,820,126,346,472,1290
364,816,816,814,126,344,470,1286
365,822,824,822,128,342,470,1292
366,826,824,826,126,344,470,1296
367,826,828,826,128,342,470,1296
368,828,826,830,126,346,472,1300
369,824,822,822,124,346,470,1294
370,822,824,822,126,344,470,1292
371,830,832,830,128,342,470,1300
372,832,830,834,126,346,472,1304
373,832,834,834,128,346,474,1306
374,830,828,828,126,346,472,1302
375,826,826,826,126,346,472,1298
376,828,828,826,126,344,470,1298
377,822,822,822,126,344,470,1292
378,820,820,822,126,346,472,1292
379,818,818,816,126,344,470,1288
380,820,818,820,124,346,470,1290
381,822,822,822,124,346,470,1292
382,824,826,826,126,346,472,1296
383,820,820,820,126,346,472,1292
384,824,824,824,126,346,472,1296
385,830,830,828,126,344,470,1300
386,832,834,834,128,344,472,1304
387,844,842,844,126,346,472,1316
388,836,838,838,128,346,474,1310
389,836,834,836,126,348,474,1310
390,834,834,834,126,348,474,1308
391,834,834,834,126,348,474,1308
392,836,838,834,128,344,472,1308
393,832,830,834,126,348,474,1306
394,828,826,828,124,350,474,1302
395,830,830,826,124,346,470,1300
396,824,826,828,126,348,474,1298
397,826,826,826,126,348,474,1300
398,822,820,820,124,348,472,1294
399,820,822,820,126,346,472,1292
400,822,820,820,124,346,470,1292
401,820,822,822,126,346,472,1292
402,824,822,824,124,348,472,1296
403,820,820,820,124,348,472,1292
404,822,822,822,124,348,472,1294
405,818,820,820,126,348,474,1292
406,818,818,814,126,344,470,1288
407,818,818,822,126,348,474,1292
408,814,812,810,124,346,470,1284
409,814,816,814,126,344,470,1284
410,812,814,814,128,344,472,1284
411,816,816,816,128,344,472,1288
412,816,816,818,128,346,474,1290
413,812,810,812,126,348,474,1286
414,814,814,812,126,346,472,1286
415,814,814,812,126,344,470,1284
416,814,814,814,126,344,470,1284
417,816,816,818,126,346,472,1288
418,812,812,814,126,348,474,1286
419,818,818,816,126,346,472,1290
420,816,816,816,126,346,472,1288
421,816,820,818,130,344,474,1290
422,818,814,818,126,348,474,1292
423,820,820,818,126,346,472,1292
424,822,822,824,126,348,474,1296
425,824,824,824,126,348,474,1298
426,826,826,826,126,348,474,1300
427,822,822,822,126,348,474,1296
428,828,828,828,126,348,474,1302
429,824,822,824,124,350,474,1298
430,824,828,822,128,344,472,1296
431,826,824,828,126,348,474,1300
432,816,814,816,124,350,474,1290
433,820,820,816,124,346,470,1290
434,814,816,816,126,346,472,1286
435,818,816,816,124,346,470,1288
436,814,814,816,124,348,472,1286
437,810,812,808,126,344,470,1280
438,812,812,814,126,346,472,1284
439,814,814,814,126,346,472,1286
440,818,816,818,124,348,472,1290
441,808,808,808,124,348,472,1280
442,814,818,814,128,344,472,1286
443,812,810,812,126,346,472,1284
444,814,812,812,124,346,470,1284
445,816,816,818,124,348,472,1288
446,810,810,808,124,346,470,1280
447,812,814,812,126,344,470,1282
448,810,810,810,126,344,470,1280
449,808,806,808,124,346,470,1278
450,798,800,800,126,346,472,1270
451,796,794,794,124,346,470,1266
452,786,788,786,126,344,470,1256
453,774,774,776,126,346,472,1246
454,772,770,766,124,342,466,1238
455,756,760,758,128,340,468,1224
456,747,749,748,126,340,466,1214
457,742.5,744.5,743,126,340,466,1209
458,739.25,740.25,740.5,128,338,466,1206.5
459,738.625,738.125,738.25,128,340,468,1205.25
460,740.312,740.062,740.125,126,340,466,1206.625
461,744.156,745.031,744.062,126,340,466,1210.312
462,752.078,751.516,752.031,128,338,466,1218.156
463,760,758,760,126,340,466,1226
464,766,766,766,126,340,466,1232
465,774,776,776,128,340,468,1242
466,784,782,786,126,344,470,1254
467,792,792,792,126,344,470,1262
468,796,794,794,124,344,468,1264
469,800,802,804,126,346,472,1272
470,810,810,806,126,342,468,1278
471,814,814,816,126,344,470,1284
472,822,818,822,125,348,470,1292
473,816,818,816,124,346,470,1286
474,822,824,822,126,344,470,1292
475,822,820,824,124,348,472,1294
476,822,826,824,128,346,474,1296
477,824,822,822,126,346,472,1296
478,816,816,818,126,348,474,1290
479,822,824,820,128,344,472,1294
480,822,820,822,126,346,472,1294
481,820,820,820,126,346,472,1292
482,812,812,814,126,348,474,1286
483,818,818,814,126,344,470,1288
484,812,812,814,126,346,472,1284
485,814,814,812,126,344,470,1284
486,806,804,806,124,346,470,1276
487,806,808,806,126,344,470,1276
488,806,808,808,128,344,472,1278
489,812,812,812,128,344,472,1284
490,814,812,814,126,346,472,1286
491,814,812,812,124,346,470,1284
492,822,824,822,126,344,470,1292
493,822,824,824,128,344,472,1294
494,826,822,824,124,346,470,1296
495,820,822,822,126,346,472,1292
496,822,820,820,124,346,470,1292
497,818,820,818,126,344,470,1288
498,820,818,818,124,344,468,1288
499,820,822,822,126,344,470,1290
500,814,814,816,126,346,472,1286
501,816,814,812,124,344,468,1284
502,810,810,812,124,346,470,1280
503,810,812,812,126,346,472,1282
504,814,816,814,128,344,472,1286
505,814,810,812,124,346,470,1284
506,816,818,816,126,344,470,1286
507,816,816,818,126,346,472,1288
508,818,818,818,126,346,472,1290
509,818,820,820,128,346,474,1292
510,814,812,812,126,346,472,1286
511,820,820,818,126,344,470,1290
512,816,814,816,124,346,470,1286
513,818,820,820,126,346,472,1290
514,822,822,822,126,346,472,1294
515,812,812,812,126,346,472,1284
516,818,818,816,126,344,470,1288
517,814,812,814,124,346,470,1284
518,814,816,816,126,346,472,1286
519,814,814,814,126,346,472,1286
520,816,814,814,124,346,470,1286
521,816,816,818,124,348,472,1288
522,820,822,818,126,344,470,1290
523,820,818,820,124,346,470,1290
524,816,816,818,124,348,472,1288
525,822,824,820,126,344,470,1292
526,818,818,818,126,344,470,1288
527,826,824,828,124,348,472,1298
528,820,822,820,126,346,472,1292
529,824,822,824,124,348,472,1296
530,826,828,824,126,344,470,1296
531,828,828,828,126,344,470,1298
532,834,834,838,126,348,474,1308
533,834,834,832,126,346,472,1306
534,840,840,840,126,346,472,1312
535,842,842,842,126,346,472,1314
536,846,846,846,126,346,472,1318
537,844,844,846,126,348,474,1318
538,844,844,844,126,348,474,1318
539,846,844,844,124,348,472,1318
540,840,842,844,126,350,476,1316
541,846,844,844,124,350,474,1320
542,846,846,846,124,350,474,1320
543,842,840,842,125,352,474,1316
544,842,846,842,126,348,474,1316
545,844,844,844,126,348,474,1318
546,842,842,842,126,348,474,1316
547,834,834,836,126,350,476,1310
548,836,836,834,126,348,474,1310
549,832,832,830,126,346,472,1304
550,828,828,830,126,348,474,1302
551,830,828,830,124,350,474,1304
552,822,822,820,124,348,472,1294
553,822,824,822,126,346,472,1294
554,822,822,824,126,348,474,1296
555,828,826,826,124,348,472,1300
556,824,826,826,126,348,474,1298
557,824,824,824,126,348,474,1298
558,832,834,832,128,346,474,1306
559,832,832,834,128,348,476,1308
560,844,842,840,126,346,472,1316
561,838,838,842,126,350,476,1314
562,844,840,840,126,350,472,1316
563,838,842,840,126,348,474,1312
564,840,838,842,124,352,476,1316
565,842,846,842,128,348,476,1318
566,840,836,838,124,350,474,1314
567,834,836,834,126,348,474,1308
568,842,840,842,124,350,474,1316
569,842,842,844,124,352,476,1318
570,836,838,836,126,350,476,1312
571,830,830,830,126,350,476,1306
572,834,836,836,128,350,478,1312
573,832,830,828,126,348,474,1306
574,830,828,830,124,350,474,1304
575,828,828,826,124,348,472,1300
576,822,824,824,126,348,474,1296
577,826,826,826,126,348,474,1300
578,830,830,830,126,348,474,1304
579,834,834,834,126,348,474,1308
580,830,832,834,128,350,478,1308
581,836,834,832,126,348,474,1310
582,834,836,836,128,348,476,1310
583,838,836,838,126,350,476,1314
584,832,834,832,128,348,476,1308
585,832,830,830,126,348,474,1306
586,836,836,836,126,348,474,1310
587,832,832,834,126,350,476,1308
588,832,832,832,126,350,476,1308
589,828,828,828,126,350,476,1304
590,832,834,830,128,346,474,1306
591,824,824,824,128,346,474,1298
592,830,828,830,126,348,474,1304
593,822,820,822,124,350,474,1296
594,822,822,822,124,350,474,1296
595,824,824,822,124,348,472,1296
596,824,826,826,126,348,474,1298
597,826,826,826,126,348,474,1300
598,818,818,820,126,350,476,1294
599,822,820,818,124,348,472,1294
600,820,820,820,124,348,472,1292
601,814,818,816,128,346,474,1288
602,824,822,824,126,348,474,1298
603,816,814,812,124,346,470,1286
604,810,812,810,126,344,470,1280
605,804,804,804,126,344,470,1274
606,798,796,798,124,346,470,1268
607,790,792,790,126,344,470,1260
608,788,786,786,124,344,468,1256
609,790,790,792,124,346,470,1260
610,792,796,792,128,342,470,1262
611,794,794,796,128,344,472,1266
612,796,796,794,128,342,470,1266
613,808,806,806,126,342,468,1276
614,812,812,816,126,346,472,1284
615,818,816,818,124,348,472,1290
616,818,820,818,126,346,472,1290
617,826,826,826,126,346,472,1298
618,832,832,832,126,346,472,1304
619,834,834,836,126,348,474,1308
620,828,828,828,126,348,474,1302
621,830,828,826,124,346,470,1300
622,822,824,826,126,348,474,1296
623,822,820,820,124,348,472,1294
624,822,822,822,124,348,472,1294
625,816,820,818,128,346,474,1290
626,824,822,822,126,346,472,1296
627,822,822,822,126,346,472,1294
628,828,828,830,126,348,474,1302
629,828,828,828,126,348,474,1302
630,826,824,824,124,348,472,1298
631,826,828,826,126,346,472,1298
632,822,822,824,126,348,474,1296
633,822,824,822,128,346,474,1296
634,826,824,826,126,348,474,1300
635,822,822,820,126,346,472,1294
636,824,826,822,128,342,470,1294
637,824,824,830,128,348,476,1300
638,830,828,828,126,348,474,1304
639,824,824,824,126,348,474,1298
640,828,830,828,128,346,474,1302
641,832,830,832,126,348,474,1306
642,828,828,828,126,348,474,1302
643,824,824,824,126,348,474,1298
644,826,828,826,128,346,474,1300
645,830,826,828,124,348,472,1302
646,828,832,830,128,346,474,1302
647,830,828,828,126,346,472,1302
648,824,824,826,126,348,474,1298
649,830,830,828,126,346,472,1302
650,828,832,830,130,344,474,1302
651,830,828,830,128,346,474,1304
652,832,828,830,124,348,472,1304
653,828,830,830,126,348,474,1302
654,832,834,832,128,346,474,1306
655,828,824,826,124,348,472,1300
656,826,828,828,126,348,474,1300
657,822,822,822,126,348,474,1296
658,820,820,820,126,348,474,1294
659,824,824,822,126,346,472,1296
660,822,822,824,126,348,474,1296
661,826,828,824,128,344,472,1298
662,824,822,826,126,348,474,1298
663,824,824,822,126,346,472,1296
664,828,830,830,128,346,474,1302
665,832,830,830,126,346,472,1304
666,834,836,838,128,348,476,1310
667,832,830,830,126,348,474,1306
668,838,838,836,126,346,472,1310
669,832,834,834,128,346,474,1306
670,836,834,836,126,348,474,1310
671,832,832,830,126,346,472,1304
672,832,832,834,126,348,474,1306
673,830,832,828,128,344,472,1302
674,834,832,834,126,346,472,1306
675,830,832,832,128,346,474,1304
676,828,828,828,128,346,474,1302
677,836,834,836,126,348,474,1310
678,828,828,826,126,346,472,1300
679,826,824,826,124,348,472,1298
680,824,826,822,126,344,470,1294
681,822,822,824,126,346,472,1294
682,822,822,824,126,348,474,1296
683,826,826,824,126,346,472,1298
684,824,822,824,124,348,472,1296
685,822,826,824,128,346,474,1296
686,826,826,824,128,344,472,1298
687,826,822,826,124,348,472,1298
688,826,826,826,124,348,472,1298
689,826,828,826,126,346,472,1298
690,828,828,828,126,346,472,1300
691,834,834,834,126,346,472,1306
692,828,828,828,126,346,472,1300
693,828,828,828,126,346,472,1300
694,832,832,834,126,348,474,1306
695,834,834,834,126,348,474,1308
696,834,834,834,126,348,474,1308
697,832,830,830,124,348,472,1304
698,826,830,828,128,346,474,1300
699,830,830,830,128,346,474,1304
700,838,834,836,124,348,472,1310
701,834,836,838,126,350,476,1310
702,830,830,828,126,348,474,1304
703,834,834,832,126,346,472,1306
704,832,832,832,126,346,472,1304
705,836,836,836,126,346,472,1308
706,832,830,832,124,348,472,1304
707,824,826,824,126,346,472,1296
708,828,828,828,126,346,472,1300
709,826,828,828,128,346,474,1300
710,828,826,826,126,346,472,1300
711,822,820,822,124,348,472,1294
712,824,826,822,126,344,470,1294
713,828,828,830,126,346,472,1300
714,832,830,832,124,348,472,1304
715,830,834,832,128,346,474,1304
716,830,828,830,126,348,474,1304
717,834,834,830,126,344,470,1304
718,828,826,830,124,348,472,1300
719,826,830,826,128,344,472,1298
720,828,826,828,126,346,472,1300
721,828,826,826,124,346,470,1298
722,818,820,820,126,346,472,1290
723,818,818,818,126,346,472,1290
724,816,816,816,126,346,472,1288
725,812,810,810,124,346,470,1282
726,800,802,800,126,344,470,1270
727,802,802,802,126,344,470,1272
728,804,806,804,128,342,470,1274
729,804,804,806,128,344,472,1276
730,808,806,806,126,344,470,1278
731,796,798,794,128,340,468,1264
732,804,802,808,126,346,472,1276
733,802,802,800,126,344,470,1272
734,804,804,806,126,346,472,1276
735,814,812,812,124,346,470,1284
736,808,810,808,126,344,470,1278
737,816,818,818,128,344,472,1288
738,818,816,818,126,346,472,1290
739,824,822,822,124,346,470,1294
740,816,816,818,124,348,472,1288
741,822,824,820,126,344,470,1292
742,826,826,826,126,344,470,1296
743,826,824,828,124,348,472,1298
744,822,822,820,124,346,470,1292
745,822,824,822,126,344,470,1292
746,822,820,822,124,346,470,1292
747,824,828,826,128,344,472,1296
748,824,822,824,126,346,472,1296
749,820,820,820,126,346,472,1292
750,824,826,824,128,344,472,1296
751,826,824,824,126,344,470,1296
752,828,828,830,126,346,472,1300
753,824,824,824,126,346,472,1296
754,832,830,832,124,348,472,1304
755,832,832,830,124,346,470,1302
756,834,836,836,126,346,472,1306
757,838,838,838,126,346,472,1310
758,834,834,836,126,348,474,1308
759,840,842,838,128,344,472,1312
760,840,838,840,126,346,472,1312
761,842,842,840,126,344,470,1312
762,840,840,842,126,346,472,1312
763,842,842,844,126,348,474,1316
764,848,850,848,128,346,474,1322
765,850,848,848,126,346,472,1322
766,850,850,852,126,348,474,1324
767,846,846,846,126,348,474,1320
768,850,850,848,126,346,472,1322
769,846,846,848,126,348,474,1320
770,844,842,844,124,350,474,1318
771,844,846,844,126,348,474,1318
772,838,838,838,126,348,474,1312
773,844,844,842,126,346,472,1316
774,840,840,842,126,348,474,1314
775,840,842,840,128,346,474,1314
776,838,834,836,124,348,472,1310
777,838,842,838,128,344,472,1310
778,840,838,842,126,348,474,1314
779,842,842,840,126,346,472,1314
780,840,840,842,126,348,474,1314
781,834,834,834,126,348,474,1308
782,838,838,834,126,344,470,1308
783,826,826,828,126,346,472,1298
784,820,818,820,124,348,472,1292
785,812,814,812,126,346,472,1284
786,810,810,808,126,344,470,1280
787,808,808,808,126,344,470,1278
788,806,808,808,128,344,472,1278
789,804,804,804,128,344,472,1276
790,810,808,806,126,342,468,1278
791,806,806,806,126,342,468,1274
792,810,812,814,128,344,472,1282
793,812,808,810,124,346,470,1282
794,812,814,814,126,346,472,1284
795,816,818,816,128,344,472,1288
796,818,816,818,126,346,472,1290
797,820,818,818,124,346,470,1290
798,818,820,818,126,344,470,1288
799,824,822,824,124,346,470,1294
800,826,826,826,124,346,470,1296
801,824,826,824,126,344,470,1294
802,822,822,824,126,346,472,1294
803,828,826,826,124,346,470,1298
804,818,820,820,126,346,472,1290
805,826,826,826,126,346,472,1298
806,820,818,820,124,348,472,1292
807,820,820,816,124,344,468,1288
808,814,818,818,128,344,472,1286
809,818,816,816,126,344,470,1288
810,820,818,820,124,346,470,1290
811,818,818,816,124,344,468,1286
812,824,824,824,124,344,468,1292
813,824,826,826,126,344,470,1294
814,828,830,830,128,344,472,1300
815,836,834,836,126,346,472,1308
816,832,834,832,128,344,472,1304
817,838,836,836,126,344,470,1308
818,834,836,836,128,344,472,1306
819,838,838,838,128,344,472,1310
820,838,836,840,126,348,474,1312
821,836,836,834,126,346,472,1308
822,836,836,834,126,344,470,1306
823,830,832,832,128,344,472,1302
824,832,828,832,124,348,472,1304
825,824,824,822,124,346,470,1294
826,816,818,816,126,344,470,1286
827,810,808,810,124,346,470,1280
828,806,806,804,124,344,468,1274
829,802,804,804,126,344,470,1272
830,806,808,804,128,340,468,1274
831,814,812,814,126,342,468,1282
832,816,818,818,128,342,470,1286
833,832,830,834,126,346,472,1304
834,832,832,830,126,344,470,1302
835,842,842,842,126,344,470,1312
836,844,844,846,126,346,472,1316
837,846,848,850,128,348,476,1322
838,846,846,844,128,346,474,1320
839,854,852,852,126,346,472,1326
840,856,854,856,124,348,472,1328
841,858,860,862,126,350,476,1334
842,854,856,852,128,346,474,1328
843,856,852,854,124,348,472,1328
844,852,854,854,126,348,474,1326
845,858,856,856,124,348,472,1330
846,854,854,856,124,350,474,1328
847,848,848,848,124,350,474,1322
848,850,852,848,126,346,472,1322
849,840,840,844,126,350,476,1316
850,842,840,840,124,350,474,1316
851,836,836,834,124,348,472,1308
852,830,832,830,126,346,472,1302
853,824,824,826,126,348,474,1298
854,822,822,818,126,344,470,1292
855,816,816,816,126,344,470,1286
856,806,806,804,126,342,468,1274
857,804,804,806,126,344,470,1274
858,800,800,800,126,344,470,1270
859,802,802,802,126,344,470,1272
860,802,802,800,126,342,468,1270
861,812,812,812,126,342,468,1280
862,818,820,820,128,342,470,1288
863,826,826,828,128,344,472,1298
864,826,826,826,128,344,472,1298
865,836,834,834,126,344,470,1306
866,844,846,848,128,346,474,1318
867,850,848,848,126,346,472,1322
868,850,850,852,126,348,474,1324
869,844,846,844,128,346,474,1318
870,848,846,846,126,346,472,1320
871,842,844,844,128,346,474,1316
872,840,838,838,126,346,472,1312
873,832,832,832,126,346,472,1304
874,832,834,834,128,346,474,1306
875,834,830,830,124,346,470,1304
876,832,834,836,126,348,474,1306
877,830,832,828,128,344,472,1302
878,838,836,836,126,344,470,1308
879,836,838,840,128,346,474,1310
880,840,838,840,126,348,474,1314
881,836,838,836,128,346,474,1310
882,840,840,838,128,344,472,1312
883,840,838,840,126,346,472,1312
884,842,844,844,128,346,474,1316
885,842,840,842,126,348,474,1316
886,838,838,838,126,348,474,1312
887,846,846,844,126,346,472,1318
888,838,838,840,126,348,474,1312
889,828,828,826,126,346,472,1300
890,812,812,812,126,346,472,1284
891,814,814,812,126,344,470,1284
892,806,808,806,128,342,470,1276
893,806,806,808,128,344,472,1278
894,806,804,804,126,344,470,1276
895,810,812,812,128,344,472,1282
896,816,816,814,128,342,470,1286
897,818,818,820,128,344,472,1290
898,818,816,816,126,344,470,1288
899,824,828,826,130,342,472,1296
900,828,824,828,126,346,472,1300
901,830,832,832,128,346,474,1304
902,830,826,828,124,348,472,1302
903,832,834,830,126,344,470,1302
904,828,828,830,126,346,472,1300
905,832,834,834,128,346,474,1306
906,830,826,826,124,346,470,1300
907,828,832,830,128,344,472,1300
908,832,830,830,126,344,470,1302
909,830,832,832,128,344,472,1302
910,832,832,834,128,346,474,1306
911,834,832,832,126,346,472,1306
912,836,838,838,128,346,474,1310
913,836,834,834,126,346,472,1308
914,838,838,836,126,344,470,1308
915,826,826,826,126,344,470,1296
916,816,818,816,128,342,470,1286
917,816,814,816,126,344,470,1286
918,816,816,816,126,344,470,1286
919,814,812,812,124,344,468,1282
920,814,816,814,126,342,468,1282
921,816,816,818,126,344,470,1286
922,818,818,816,126,342,468,1286
923,808,808,806,126,340,466,1274
924,796,796,798,126,342,468,1264
925,788,790,790,128,342,470,1258
926,786,782,784,124,344,468,1254
927,778,778,778,124,344,468,1246
928,764,766,764,126,342,468,1232
929,760,760,760,126,342,468,1228
930,756,756,756,126,340,466,1222
931,758,759,759,126,340,466,1225
932,760,762,762,128,340,468,1228
933,760,758,760,126,342,468,1228
934,768,770,772,128,344,472,1240
935,776,774,772,126,342,468,1244
936,786,786,788,126,344,470,1256
937,788,790,790,128,344,472,1260
938,798,796,798,126,346,472,1270
939,802,802,802,126,346,472,1274
940,806,808,806,128,344,472,1278
941,816,816,816,128,344,472,1288
942,820,818,820,126,346,472,1292
943,822,822,822,126,346,472,1294
944,818,818,816,126,344,470,1288
945,818,816,820,124,348,472,1290
946,824,826,822,126,344,470,1294
947,830,830,832,126,346,472,1302
948,832,834,834,128,346,474,1306
949,832,832,830,128,344,472,1304
950,840,838,840,126,346,472,1312
951,844,846,846,128,346,474,1318
952,848,850,848,130,344,474,1322
953,850,848,850,128,346,474,1324
954,846,846,846,128,346,474,1320
955,854,854,854,128,346,474,1328
956,860,862,862,130,346,476,1336
957,866,862,864,126,348,474,1340
958,858,860,858,128,346,474,1332
959,866,866,866,128,346,474,1340
960,866,864,866,126,348,474,1340
961,872,874,874,128,348,476,1348
962,872,870,872,126,350,476,1348
963,866,864,862,124,348,472,1338
964,858,858,858,124,348,472,1330
965,852,854,852,126,346,472,1324
966,852,852,852,126,346,472,1324
967,842,842,842,126,346,472,1314
968,852,856,854,130,344,474,1326
969,862,858,860,126,346,472,1334
970,862,864,864,128,346,474,1336
971,858,858,858,128,346,474,1332
972,860,858,858,126,346,472,1332
973,858,858,860,126,348,474,1332
974,858,860,858,128,346,474,1332
975,854,850,852,124,348,472,1326
976,854,856,856,126,348,474,1328
977,856,856,856,126,348,474,1330
978,862,862,862,126,348,474,1336
979,858,858,858,126,348,474,1332
980,852,852,852,126,348,474,1326
981,854,856,854,128,346,474,1328
982,858,858,860,128,348,476,1334
983,858,856,856,126,348,474,1332
984,858,856,856,124,348,472,1330
985,850,852,852,126,348,474,1324
986,846,844,844,124,348,472,1318
987,840,842,838,126,344,470,1310
988,834,834,836,126,346,472,1306
989,838,840,838,128,344,472,1310
990,844,842,846,126,348,474,1318
991,844,846,844,128,346,474,1318
992,842,840,842,126,348,474,1316
993,850,850,850,126,348,474,1324
994,856,856,856,126,348,474,1330
995,862,862,864,126,350,476,1338
996,858,858,856,126,348,474,1332
997,856,856,856,126,348,474,1330
998,858,858,860,126,350,476,1334
999,862,862,862,126,350,476,1338
1000,854,854,852,126,348,474,1328
1001,838,838,838,126,348,474,1312
1002,840,840,840,126,348,474,1314
1003,844,844,844,126,348,474,1318
1004,846,846,844,126,346,472,1318
1005,840,842,842,128,346,474,1314
1006,854,852,852,126,346,472,1326
1007,858,860,862,128,348,476,1334
1008,870,870,870,128,348,476,1346
1009,862,860,860,126,348,474,1336
1010,862,860,860,124,348,472,1334
1011,872,876,878,128,350,478,1350
1012,880,880,880,128,350,478,1358
1013,882,880,882,126,352,478,1360
1014,870,870,868,126,350,476,1346
1015,868,870,870,128,350,478,1346
1016,862,860,858,126,348,474,1336
1017,852,850,852,124,350,474,1326
1018,840,842,840,126,348,474,1314
1019,840,842,842,128,348,476,1316
1020,840,840,842,128,350,478,1318
1021,840,838,838,126,350,476,1316
1022,838,840,840,128,350,478,1316
1023,846,846,844,128,348,476,1322
1024,850,850,852,128,350,478,1328
1025,848,848,846,128,348,476,1324
1026,850,850,852,128,350,478,1328
1027,854,854,854,128,350,478,1332
1028,852,852,852,128,350,478,1330
1029,854,850,850,124,350,474,1328
1030,844,844,844,124,350,474,1318
1031,844,844,842,124,348,472,1316
1032,840,840,842,124,350,474,1314
1033,832,834,832,126,348,474,1306
1034,826,826,824,126,346,472,1298
1035,826,826,826,126,346,472,1298
1036,822,824,822,128,344,472,1294
1037,826,824,828,126,348,474,1300
1038,830,828,826,124,346,470,1300
1039,838,842,842,128,346,474,1312
1040,842,842,844,128,348,476,1318
1041,852,850,850,126,348,474,1326
1042,848,848,850,126,350,476,1324
1043,864,866,864,128,348,476,1340
1044,876,874,876,126,350,476,1352
1045,872,872,876,126,354,480,1352
1046,866,866,864,126,352,478,1344
1047,874,872,872,124,352,476,1350
1048,872,874,874,126,352,478,1350
1049,872,870,870,124,352,476,1348
1050,860,862,864,126,354,480,1340
1051,864,862,862,124,354,478,1342
1052,862,864,862,126,352,478,1340
1053,862,862,862,126,352,478,1340
1054,862,860,860,124,352,476,1338
1055,856,856,856,124,352,476,1332
1056,862,864,864,126,352,478,1340
1057,862,864,864,128,352,480,1342
1058,862,860,860,126,352,478,1340
1059,856,854,856,124,354,478,1334
1060,858,860,858,126,352,478,1336
1061,858,858,858,126,352,478,1336
1062,860,858,858,124,352,476,1336
1063,850,852,852,126,352,478,1328
1064,848,848,848,126,352,478,1326
1065,846,846,846,126,352,478,1324
1066,850,850,848,126,350,476,1326
1067,840,840,840,126,350,476,1316
1068,842,842,842,126,350,476,1318
1069,840,840,840,126,350,476,1316
1070,846,844,844,124,350,474,1320
1071,834,836,836,126,350,476,1310
1072,836,836,836,126,350,476,1312
1073,842,844,842,128,348,476,1318
1074,846,844,846,126,350,476,1322
1075,850,850,850,126,350,476,1326
1076,848,850,850,128,350,478,1326
1077,860,858,858,126,350,476,1336
1078,858,858,860,126,352,478,1336
1079,862,862,864,126,354,480,1342
1080,860,860,858,126,352,478,1338
1081,860,860,860,126,352,478,1338
1082,862,862,862,126,352,478,1340
1083,862,862,862,126,352,478,1340
1084,850,848,848,124,352,476,1326
1085,846,848,848,126,352,478,1324
1086,846,844,844,124,352,476,1322
1087,842,844,842,126,350,476,1318
1088,842,842,842,126,350,476,1318
1089,836,836,836,126,350,476,1312
1090,842,842,842,126,350,476,1318
1091,842,844,844,128,350,478,1320
1092,848,846,846,126,350,476,1324
1093,844,844,844,126,350,476,1320
1094,854,856,856,128,350,478,1332
1095,860,858,858,126,350,476,1336
1096,864,864,866,126,352,478,1342
1097,864,862,864,124,354,478,1342
1098,856,856,854,124,352,476,1332
1099,860,862,862,126,352,478,1338
1100,864,864,864,126,352,478,1342
1101,864,864,864,126,352,478,1342
1102,844,844,844,126,352,478,1322
1103,838,838,836,126,350,476,1314
1104,812,808,806,126,348,470,1282
1105,792,796,792,126,344,470,1262
1106,782,780,782,124,346,470,1252
1107,770,778,772,125,340,472,1242
1108,776,770,774,126,344,470,1246
1109,768,774,772,128,342,474,1242
1110,772,770,774,130,346,476,1248
1111,776,770,766,124,342,466,1242
1112,768,772,774,128,344,472,1240
1113,780,780,778,128,342,470,1250
1114,778,778,780,128,344,472,1250
1115,780,778,778,126,344,470,1250
1116,772,774,772,128,342,470,1242
1117,782,778,782,124,346,470,1252
1118,780,784,782,128,344,472,1252
1119,786,786,786,128,344,472,1258
1120,788,786,788,126,346,472,1260
1121,794,794,794,126,346,472,1266
1122,798,798,798,126,346,472,1270
1123,808,808,808,126,346,472,1280
1124,806,806,806,126,346,472,1278
1125,810,810,812,126,348,474,1284
1126,816,816,816,126,348,474,1290
1127,820,822,820,128,346,474,1294
1128,822,820,820,126,346,472,1294
1129,816,818,818,128,346,474,1290
1130,822,822,822,128,346,474,1296
1131,826,824,824,126,346,472,1298
1132,826,826,826,126,346,472,1298
1133,820,820,822,126,348,474,1294
1134,824,826,824,128,346,474,1298
1135,820,818,820,126,348,474,1294
1136,822,822,818,126,344,470,1292
1137,818,818,820,126,346,472,1290
1138,826,826,824,126,344,470,1296
1139,822,822,824,126,346,472,1294
1140,830,830,830,126,346,472,1302
1141,830,830,828,126,344,470,1300
1142,834,834,836,126,346,472,1306
1143,834,834,834,126,346,472,1306
1144,824,822,822,124,346,470,1294
1145,816,816,812,124,342,466,1282
1146,812,816,818,128,344,472,1284
1147,816,814,816,126,346,472,1288
1148,812,812,810,126,344,470,1282
1149,814,814,814,126,344,470,1284
1150,822,822,822,126,344,470,1292
1151,826,828,830,128,346,474,1300
1152,838,838,838,128,346,474,1312
1153,838,838,838,128,346,474,1312
1154,852,852,854,128,348,476,1328
1155,858,860,860,130,348,478,1336
1156,864,862,862,128,348,476,1340
1157,860,856,858,124,350,474,1334
1158,860,862,862,126,350,476,1336
1159,858,858,858,126,350,476,1334
1160,864,864,864,126,350,476,1340
1161,862,860,860,124,350,474,1336
1162,862,864,864,126,350,476,1338
1163,862,862,862,126,350,476,1338
1164,858,858,858,126,350,476,1334
1165,844,844,842,126,348,474,1318
1166,844,844,844,126,348,474,1318
1167,838,838,836,126,346,472,1310
1168,828,824,820,124,342,464,1292
1169,800,800,804,125,346,468,1268
1170,794,798,796,126,344,470,1264
1171,788,786,786,124,344,468,1256
1172,772,776,772,128,340,468,1240
1173,770,768,768,126,340,466,1236
1174,768,768,768,126,340,466,1234
1175,766,766,766,126,340,466,1232
1176,776,776,778,126,342,468,1244
1177,782,782,782,126,342,468,1250
1178,798,800,802,128,344,472,1270
1179,804,802,802,126,344,470,1274
1180,800,804,800,130,340,470,1270
1181,812,806,810,124,344,468,1280
1182,810,812,812,126,344,470,1280
1183,812,814,814,128,344,472,1284
1184,808,806,806,126,344,470,1278
1185,814,814,814,126,344,470,1284
1186,808,808,808,126,344,470,1278
1187,810,810,808,126,342,468,1278
1188,806,806,810,126,346,472,1278
1189,804,806,800,128,340,468,1272
1190,812,808,812,124,344,468,1280
1191,806,810,812,128,346,474,1280
1192,806,802,800,124,344,468,1274
1193,796,798,798,126,344,470,1266
1194,798,796,796,124,344,468,1266
1195,786,792,792,130,344,474,1260
1196,798,782,782,147,344,490,1256
1197,810,776,774,136.5,342,478,1316
1198,810,772,770,126,340,466,1276
1199,768,768,770,126,342,468,1236
1200,766,764,760,124,338,462,1228
1201,761,762,766,165,342,503,1228
1202,756,766,762,146.5,338,484.5,1300
1203,840,762,762,128,338,466,1306
1204,756,756,756,128,338,466,1222
1205,758,758,756,128,336,464,1222
1206,753,751,751,130,338,468,1218
1207,749.5,747.5,746.5,126,340,466,1213
1208,745.75,743.75,743.25,124,338,462,1207.5
1209,746.875,745.875,746.625,123,338,460,1208.75
1210,741.438,741.938,741.312,123.5,340,462,1203.375
1211,735.719,735.969,735.656,124,338,462,1197.688
1212,734.859,735.984,734.828,124,338,462,1196.844
1213,731.43,731.992,732.414,126,336,462,1194.422
1214,732.715,732.996,733.207,126,338,464,1196.211
1215,734.357,732.498,733.604,126,338,464,1197.105
1216,739.179,739.249,738.802,125,340,462,1201.553
1217,743.589,744.625,744.401,124,338,462,1206.776
1218,750.795,750.312,750.2,126,338,464,1213.388
1219,758,756,756,124,338,462,1220
1220,756,756,758,124,340,464,1220
1221,756,755,755,124,338,462,1217
1222,756,751.5,751.5,124,336,458,1211.5
1223,755,752.75,753.75,124,336,460,1213.75
1224,751.5,752.375,756,124,338,462,1212.875
1225,751.75,752.188,754,128,336,464,1214.438
1226,717.875,755.094,755,128,336,464,1217.219
1227,779.938,758,756,127,334,463,1220
1228,842,766,768,126,336,462,1304
1229,786,784,784,124,336,460,1246
1230,790,794,796,128,338,466,1256
1231,804,802,800,126,336,462,1266
1232,810,808,810,124,338,462,1272
1233,822,824,822,126,336,462,1284
1234,830,830,836,126,342,468,1298
1235,826,820,822,124,344,464,1290
1236,806,808,806,123,342,464,1270
1237,804,804,804,123.5,342,464,1268
1238,786,788,784,124,338,462,1248
1239,764,762,762,124,338,460,1224
1240,758,760,758,124,336,460,1221
1241,760,760,758,124,334,458,1216.5
1242,763,756,763,126,334,458,1221.25
1243,766,766,768,126,334,460,1226
1244,778,778,780,126,336,462,1240
1245,804,804,806,126,338,464,1268
1246,824,824,826,126,340,466,1290
1247,840,842,844,128,342,470,1310
1248,874,874,874,128,342,470,1344
1249,894,894,898,128,346,474,1368
1250,912,910,914,126,350,476,1388
1251,906,906,904,126,348,474,1380
1252,924,926,926,128,348,476,1400
1253,938,934,938,124,352,476,1414
1254,942,942,944,124,354,478,1420
1255,924,926,924,126,352,478,1402
1256,938,934,936,125,354,476,1414
1257,938,940,942,124,356,480,1418
1258,940,940,940,124,356,480,1420
1259,920,920,918,124,354,478,1398
1260,918,918,918,124,354,478,1396
1261,910,912,912,126,354,480,1390
1262,908,908,906,126,352,478,1386
1263,896,894,896,124,354,478,1374
1264,896,898,898,126,354,480,1376
1265,902,902,900,126,352,478,1380
1266,900,900,902,126,354,480,1380
1267,900,900,900,126,354,480,1380
1268,896,896,894,126,352,478,1374
1269,900,900,902,126,354,480,1380
1270,906,906,906,126,354,480,1386
1271,910,910,908,126,352,478,1388
1272,896,894,896,124,354,478,1374
1273,898,902,900,128,352,480,1378
1274,898,894,896,124,354,478,1376
1275,898,900,898,126,352,478,1376
1276,888,886,888,124,354,478,1366
1277,886,890,888,128,352,480,1366
1278,890,888,888,126,352,478,1368
1279,886,886,888,126,354,480,1366
1280,882,882,880,126,352,478,1360
1281,878,878,878,126,352,478,1356
1282,882,884,882,128,350,478,1360
1283,884,884,886,128,352,480,1364
1284,888,886,886,126,352,478,1366
1285,882,880,882,124,354,478,1360
1286,880,882,880,126,352,478,1358
1287,880,880,882,126,354,480,1360
1288,880,880,878,126,352,478,1358
1289,876,878,878,128,352,480,1356
1290,870,866,866,124,352,476,1346
1291,874,876,876,126,352,478,1352
1292,872,872,872,126,352,478,1350
1293,876,878,878,128,352,480,1356
1294,872,866,868,128,354,476,1348
1295,878,884,880,128,350,478,1356
1296,876,872,874,124,352,476,1352
1297,878,878,880,124,354,478,1356
1298,870,872,870,126,352,478,1348
1299,872,872,872,126,352,478,1350
1300,870,868,868,124,352,476,1346
1301,856,858,856,126,350,476,1332
1302,848,846,846,124,350,474,1322
1303,844,846,844,126,348,474,1318
1304,850,850,848,126,346,472,1322
1305,850,850,852,126,348,474,1324
1306,852,854,854,128,348,476,1328
1307,854,850,852,124,350,474,1328
1308,870,872,874,126,352,478,1348
1309,878,880,880,128,352,480,1358
1310,880,880,880,128,352,480,1360
1311,876,874,874,126,352,478,1354
1312,890,890,890,126,352,478,1368
1313,890,890,894,126,356,482,1372
1314,894,892,892,124,356,480,1374
1315,886,888,886,126,354,480,1366
1316,898,898,898,126,354,480,1378
1317,896,894,898,124,358,482,1378
1318,794,880,880,125,358,481,1362
1319,950,866,862,126,354,480,1430
1320,854,852,850,124,352,476,1330
1321,824,826,828,126,354,480,1304
1322,810,808,804,124,350,474,1284
1323,802,802,802,124,350,474,1276
1324,790,792,790,126,348,474,1264
1325,794,794,794,126,348,474,1268
1326,792,792,792,126,348,474,1266
1327,800,800,800,126,348,474,1274
1328,804,802,804,124,350,474,1278
1329,800,804,804,128,350,478,1278
1330,814,814,810,128,346,474,1288
1331,810,810,812,128,348,476,1286
1332,818,814,816,124,350,474,1292
1333,814,816,814,126,348,474,1288
1334,820,822,822,128,348,476,1296
1335,822,822,820,128,346,474,1296
1336,824,824,826,128,348,476,1300
1337,824,820,822,124,350,474,1298
1338,826,828,826,126,348,474,1300
1339,830,830,832,126,350,476,1306
1340,834,836,834,128,348,476,1310
1341,836,832,834,124,350,474,1310
1342,834,836,834,126,348,474,1308
1343,840,840,842,126,350,476,1316
1344,842,842,840,126,348,474,1316
1345,832,828,828,125,348,470,1302
1346,822,824,822,124,346,470,1292
1347,820,824,826,128,348,476,1296
1348,818,818,820,128,350,478,1296
1349,812,818,818,135,350,484,1296
1350,798,806,786,182.5,348,472,1270
1351,846,806,822,155.25,346,471,1294
1352,894,792,788,128,342,470,1364
1353,786,786,792,128,348,476,1262
1354,786,784,784,126,348,474,1260
1355,780,776,776,124,348,470,1250
1356,768,768,776,125,356,478,1246
1357,766,770,764,126,350,476,1242
1358,791,759,756,123,354,473,1232
1359,816,748.5,746,123.5,350,470,1286
1360,775,739.25,737,124,348,472,1243
1361,716.5,730.625,728.5,154,346,466,1214.5
1362,749.25,723.312,722.25,136,344,464,1229.25
1363,782,713.656,713.125,126,344,462,1244
1364,741,709.828,705.562,124,344,460,1201
1365,721.5,705.914,704.781,123,336,458,1181.5
1366,716.75,707.957,709.391,121.5,338,460,1177.75
1367,719.375,715.979,717.695,121.75,342,462,1182.875
1368,691.688,723.989,724.848,155.875,344,466,1190.438
1369,754.844,732.995,736.424,134.938,344,465,1236.219
1370,818,747.497,746.212,128.469,350,464,1282
1371,807,762,756,124.234,344,466,1220
1372,796,794,802,121.117,352,472,1268
1373,832,830,842,120.559,364,482,1314
1374,866,868,870,116.279,366,486,1352
1375,900,892,898,115.14,372,484,1384
1376,876,878,858,115.57,352,466,1342
1377,892,894,882,170.785,340,456,1348
1378,786,896,930,142.392,360,475,1386
1379,815,910,916,156.196,375,494,1395
1380,844,900,910,163.098,371.5,516,1404
1381,888,888,866,139.549,368,507,1426
1382,900,846,860,128.775,358,498,1398
1383,838,840,806,123.387,348,466,1304
1384,808,808,844,119.694,360,502,1310
1385,820,818,806,119.847,372,488,1308
1386,798,802,790,119.923,360,480,1278
1387,776,776,776,119.962,360,480,1256
1388,778,778,774,119.981,356,476,1254
1389,778,778,776,120.99,354,474,1252
1390,764,766,768,121.495,356,478,1242
1391,756,756,758,120.748,364,486,1236
1392,754,755,753,121.374,362,482,1230
1393,751,750.5,753.5,120.687,356,478,1230
1394,751.5,752.25,746.75,121.343,364,484,1232
1395,754.75,755.125,758.375,121.672,350,472,1224
1396,758,758,770,119.836,362,484,1242
1397,768,764,762,121.918,360,478,1246
1398,762,768,772,124,364,488,1250
1399,764,762,773,121,346,468,1232
1400,770,766,774,121.5,354,472,1242
1401,770,774,780,120.75,360,482,1252
1402,776,774,776,119.375,362,482,1258
1403,766,764,756,119.688,354,472,1238
1404,762,764,760,119.844,350,470,1232
1405,762,762,764,118.922,352,472,1234
1406,758,756,758,118.461,354,472,1230
1407,756,756,749,118.23,348,466,1222
1408,749,750,744.5,119.115,344,462,1212
1409,742.5,743,740.25,119.558,340,460,1204
1410,737.25,737.5,737.125,119.779,340,460,1199
1411,741.625,742.75,743.562,120.889,342,462,1205.5
1412,745.812,744.375,742.781,119.445,344,466,1206.75
1413,739.906,741.188,741.391,120.722,340,458,1202.375
1414,744.953,743.594,739.695,119.361,342,464,1202.188
1415,709.477,743.797,741.848,153.681,334,493,1199.094
1416,757.738,740.898,740.924,136.84,334,474.5,1230.547
1417,806,745.449,745.462,128.42,336,456,1262
1418,780,748.725,751.731,123.21,336,456,1238
1419,769,753.362,758,120.605,342,460,1226
1420,758,758,755,119.303,338,456,1217
1421,758,759,756.5,119.651,338,456,1215.5
1422,758,760,758,119.826,336,456,1214.75
1423,758,758,758,118.913,336,456,1216.375
1424,762,760,762,119.456,338,456,1215.188
1425,756,758,758,120.728,338,458,1210.594
1426,755,754,756,119.364,336,458,1211.297
1427,751.5,751,753,118.682,340,458,1209.648
1428,756.75,755.5,758.5,117.341,342,460,1216.824
1429,762,760,764,116.671,346,462,1224
1430,756,757,758,118.335,342,458,1217
1431,753,753.5,751,119.168,340,460,1210.5
1432,745.5,743.75,744.5,117.584,334,457,1201.25
1433,730.75,730.875,729.25,117.792,338,454.5,1184.625
1434,722.375,723.438,722.625,118.896,334,454.25,1176.312
1435,718.188,719.719,716.312,120.448,334,452.125,1170.156
1436,712.094,711.859,711.156,120.224,332,451.062,1163.078
1437,710.047,708.93,708.578,119.112,331,449.531,1159.539
1438,703.023,706.465,705.289,122.556,329.5,451.766,1154.77
1439,708.512,708.232,708.645,126,329.75,451.883,1160.385
1440,712.256,711.116,711.322,123,329.875,450.941,1163.192
1441,715.128,715.558,719.661,122.5,333.938,455.471,1170.596
1442,720.564,719.779,722.831,121.25,338,460,1178.298
1443,718.282,717.89,717.415,120.625,340,460,1175.149
1444,683.141,718.945,718.708,156.312,336,456,1175.575
1445,739.57,720.472,718.354,137.156,336,453,1210.787
1446,796,721.236,723.177,127.578,337,454.5,1246
1447,760,721.618,721.588,121.789,338,456,1211
1448,737,720.809,718.794,121.895,336,455,1189.5
1449,728.5,719.405,717.397,120.947,333,452.5,1179.75
1450,721.25,716.702,715.699,120.474,331.5,451.25,1171.875
1451,717.625,713.351,715.849,118.237,333.75,451.625,1168.938
1452,712.812,712.676,713.925,119.118,336,453.812,1166.469
1453,712.406,711.338,709.962,118.559,336,456,1164.234
1454,711.203,710.669,708.981,118.28,333,452,1161.117
1455,709.602,710.334,708.491,119.14,330.5,450,1158.559
1456,712.801,713.167,715.245,119.57,332.25,452,1164.279
1457,716.4,715.584,714.623,118.785,334,450,1166.14
1458,713.2,714.792,714.311,120.392,332,451,1164.07
1459,716.6,716.396,717.156,120.196,332,451.5,1168.035
1460,717.3,717.198,716.578,120.098,331,450.75,1168.017
1461,718.65,719.599,723.289,121.049,334.5,455.375,1174.009
1462,720.325,719.799,717.644,120.525,338,460,1173.004
1463,720.163,721.9,721.822,122.262,335,458,1174.502
1464,725.081,722.95,722.911,124,333.5,456,1177.251
1465,726.541,722.475,721.456,118,331.75,449,1173.626
1466,719.27,722.237,718.728,120,327.875,447.5,1165.813
1467,717.635,722.119,721.364,124,326.938,450.75,1167.906
1468,725.818,724.059,723.682,128,326.469,448.375,1173.953
1469,726.909,727.03,724.841,125,324.234,446.188,1172.977
1470,730.454,729.515,731.42,122.5,326.117,447.094,1177.488
1471,737.227,735.757,735.71,120.25,326.059,445.547,1182.744
1472,741.614,741.879,742.855,120.125,327.029,446.773,1188.372
1473,745.807,746.939,747.428,121.062,327.515,448.387,1194.186
1474,749.903,752.47,753.714,123.531,328.757,452.193,1202.093
1475,761.952,758,760,126,329.379,456,1213.047
1476,774,768,768,124,327.689,452,1224
1477,760,762,758,122,325.845,448,1208
1478,766,766,769,120,329.922,450,1216
1479,772,770,780,120,334,452,1224
1480,764,766,766,122,334,454,1222
1481,764,768,766,124,334,456,1220
1482,713,762,756,124,334,458,1215
1483,784.5,756,757,121,333,454,1260.5
1484,856,756,758,122.5,336.5,459,1306
1485,807,756,764,124,340,464,1262
1486,758,750,753,123,340,460,1232
1487,754,748,750.5,120.5,338,460,1220
1488,744,742,742.25,120.25,340,458,1206
1489,733,731,729.125,119.125,338,458,1190
1490,690.5,720.5,717.562,149.562,334,484,1174
1491,699.25,716.25,714.781,166.781,332,499,1198
1492,736.625,708.125,708.391,138.391,332,470.5,1222
1493,774,704.062,702.195,128.195,330,458.25,1180
1494,736,701.031,699.098,123.098,328,451.125,1161
1495,714,695.516,694.549,119.549,327,446.562,1147.5
1496,698,689.758,687.274,118.774,324.5,443.281,1134.75
1497,690,686.879,684.637,119.387,322.25,441.641,1128.375
1498,684,681.439,678.319,118.694,319.125,437.82,1120.188
1499,683,678.72,678.159,115.347,318.562,433.91,1116.094
1500,671.5,677.36,677.08,121.673,318.281,439.955,1111.047
1501,651.75,680.68,679.54,128,317.141,467.978,1119.523
1502,698.875,681.34,682.77,122,318.57,496,1150.762
1503,692.438,684.67,685.385,120,319.285,467,1137.381
1504,698.219,695.335,695.692,120,319.643,453.5,1140.69
1505,712.109,708.667,710.846,118,321.821,446.75,1153.345
1506,694.055,720.334,720.423,145,321.911,470.375,1161.673
1507,750.027,737.167,740.212,132.5,324.955,494,1207.836
1508,806,745.583,760,126.25,326.478,471,1254
1509,779,749.792,757,124.125,327.239,460.5,1228
1510,766.5,749.896,755.5,121.062,329.619,455.25,1216
1511,763.25,753.948,757.75,118.531,331.81,452.625,1213
1512,760,758,760,116.266,334,449.312,1213.5
1513,768,766,764,118.133,333,450.656,1209.75
1514,765,760,760,118.066,330.5,448.328,1208.875
1515,762,760,756,119.033,329.25,448.164,1207.438
1516,758,760,760,118.517,330.625,449.082,1208.719
1517,760,758,762,119.258,331.312,450.541,1214.359
1518,768,770,770,118.629,333.656,452.271,1220
1519,774,772,776,119.315,336,451.135,1228
1520,772,774,768,118.657,335,451.568,1222
1521,780,778,782,119.329,334,452.784,1232
1522,788,790,790,119.664,334,453.392,1242
1523,792,792,792,118.832,334,453.696,1246
1524,792,790,792,117.416,336,452.848,1246
1525,784,782,782,117.708,336,452.424,1236
1526,784,786,784,117.854,334,453.212,1236
1527,778,778,780,116.927,336,446.606,1232
1528,769,771,776,118.464,334,449.303,1222
1529,760,764,772,118.232,331,447.651,1210
1530,745,749,753,120.116,329.5,448.826,1195
1531,743.5,744.5,748.5,120.058,330.75,450.413,1194.5
1532,740.75,742.25,742.25,121.029,329.375,450.206,1191.25
1533,735.375,735.125,735.125,120.514,328.688,449.103,1184.625
1534,736.688,737.562,738.562,121.257,329.344,450.552,1187.312
1535,739.344,738.781,737.281,120.629,327.672,448.276,1187.656
1536,740.672,739.391,740.641,119.314,328.836,448.138,1188.828
1537,703.336,738.695,738.32,154.657,328.418,483.069,1186.414
1538,757.668,739.348,740.16,136.329,329.209,465.534,1223.207
1539,812,736.674,735.08,128.164,327.604,455.767,1260
1540,772,734.337,733.54,124.082,326.802,450.884,1219
1541,756,735.168,735.77,120.041,327.401,447.442,1201.5
1542,749,738.584,738.885,118.021,327.701,445.721,1193.75
1543,732.5,729.292,729.443,119.01,327.85,446.86,1178.875
1544,736.25,733.646,734.721,118.505,328.925,447.43,1183.438
1545,739.125,737.823,737.361,118.253,328.463,446.715,1185.719
1546,735.562,735.912,736.68,119.126,329.231,448.358,1183.859
1547,738.781,736.956,736.34,117.563,328.616,446.179,1184.93
1548,734.391,735.478,736.17,118.782,329.308,448.089,1182.465
1549,736.195,736.739,738.085,119.391,330.654,450.045,1186.232
1550,741.098,740.369,740.043,118.695,330.327,449.022,1190.116
1551,738.549,738.185,738.021,118.348,330.163,448.511,1187.058
1552,743.274,744.092,744.011,119.174,330.082,449.256,1192.529
1553,673.637,746.046,747.005,191.587,331.041,522.628,1196.265
1554,781.819,745.023,743.503,154.793,329.52,484.314,1266.132
1555,890,745.512,746.751,135.397,330.76,466.157,1336
1556,819,748.756,749.376,127.698,331.38,459.078,1268
1557,785.5,750.378,748.688,123.849,329.69,453.539,1234
1558,768.75,750.189,749.344,120.925,328.845,449.77,1216
1559,761.375,752.094,752.672,119.462,329.423,448.885,1209
1560,761.688,758.047,756,119.731,329.711,449.442,1210.5
1561,762,764,764,118.866,329.856,448.721,1210.25
1562,762,760,760,117.433,330.928,448.361,1208.125
1563,758,756,758,118.716,330.464,449.18,1208.062
1564,758,762,760,119.358,331.232,450.59,1211.031
1565,762,762,764,118.679,330.616,449.295,1210.516
1566,762,760,758,118.34,331.308,449.648,1211.258
1567,762,762,764,118.17,330.654,448.824,1212.629
1568,766,766,764,118.085,331.327,449.412,1208.314
1569,756,756,756,118.042,329.663,447.706,1200.157
1570,756,756,758,118.021,330.832,448.853,1203.079
1571,756,756,760,117.011,329.416,446.426,1198.539
1572,747,748,751,117.505,329.708,447.213,1192.27
1573,749.5,751,752.5,118.753,329.854,448.607,1197.135
1574,750.75,751.5,751.25,119.376,328.927,448.303,1198.567
1575,745.375,745.75,746.625,119.688,329.463,449.152,1194.284
1576,745.688,744.875,744.312,118.844,328.732,447.576,1193.142
1577,742.844,744.438,745.156,120.422,329.366,449.788,1192.571
1578,745.422,744.219,742.578,119.211,327.683,446.894,1192.285
1579,738.711,739.109,739.289,119.606,327.841,447.447,1186.143
1580,742.355,740.555,740.645,117.803,327.921,445.723,1188.071
1581,739.178,740.277,741.322,118.901,328.96,447.862,1187.036
1582,735.589,735.139,734.661,118.451,328.48,446.931,1182.518
1583,731.794,732.569,731.331,119.225,327.24,446.465,1178.259
1584,731.897,731.285,731.665,118.613,327.62,446.233,1178.129
1585,733.949,734.642,733.833,119.306,326.81,446.116,1180.065
1586,732.974,733.321,733.916,119.653,327.405,447.058,1180.032
1587,737.487,736.661,735.958,118.827,326.703,445.529,1183.016
1588,737.744,738.33,737.979,119.413,326.351,445.765,1183.508
1589,739.872,738.165,739.99,117.707,328.176,445.882,1185.754
1590,738.936,740.083,739.995,118.853,328.088,446.941,1185.877
1591,742.468,741.041,740.997,117.427,328.044,445.471,1187.939
1592,746.234,747.521,750.499,118.713,331.022,449.735,1195.969
1593,749.117,746.76,760,116.357,334,445.868,1194.985
1594,709.558,747.38,758,154.178,335,486.934,1196.492
1595,764.779,747.69,756,137.089,336,468.467,1233.246
1596,820,742.845,747,160.545,333,491.233,1270
1597,779,740.423,743.5,172.272,332.5,503.617,1262
1598,791.5,739.211,740.75,145.136,332.25,476.808,1254
1599,804,739.606,735.375,132.568,327.125,459.404,1254
1600,774,740.803,744.688,125.284,330.562,455.702,1225
1601,752,735.401,735.344,121.642,334,451.851,1201.5
1602,741,733.701,733.672,120.821,332,450.926,1190.75
1603,736.5,731.85,730.836,119.411,330,448.463,1184.375
1604,729.25,725.925,726.418,117.705,330,447.231,1176.188
1605,718.625,718.963,716.209,118.853,327,445.616,1164.094
1606,714.312,714.481,716.104,119.426,328.5,447.808,1162.047
1607,717.156,716.241,716.052,118.713,328.25,446.904,1164.023
1608,716.578,716.12,715.026,118.357,327.125,445.452,1162.012
1609,713.289,716.06,715.513,121.178,326.562,447.726,1161.006
1610,720.645,720.03,720.757,124,327.281,447.863,1168.503
1611,727.322,727.015,728.378,122,328.641,448.931,1176.251
1612,731.661,729.508,730.189,119,329.32,447.466,1179.126
1613,727.831,728.754,728.095,119.5,328.66,447.733,1175.563
1614,729.915,728.377,731.047,117.75,331.33,448.866,1178.781
1615,734.958,734.188,734.524,116.875,334,448.433,1183.391
1616,732.479,735.094,736.262,119.438,334,452.217,1184.695
1617,735.239,734.547,734.131,118.719,334,456,1186.348
1618,738.62,738.274,738.065,118.359,333,453,1189.174
1619,739.31,739.137,739.033,118.18,332.5,451.5,1189.587
1620,741.655,740.568,740.516,117.09,332.25,449.75,1190.793
1621,735.827,736.284,735.258,117.545,331.125,448.875,1184.397
1622,741.914,741.142,741.629,116.772,331.562,448.438,1190.198
1623,741.957,742.571,741.815,117.386,330.781,448.219,1190.099
1624,735.978,737.286,735.907,118.693,329.391,448.109,1184.05
1625,732.989,732.643,732.954,118.347,329.695,448.055,1181.025
1626,728.495,730.321,729.477,120.173,328.848,449.027,1177.512
1627,728.247,728.161,727.738,120.087,328.424,448.514,1176.756
1628,724.124,724.08,724.869,120.043,329.212,449.257,1173.378
1629,729.062,728.04,728.435,119.022,329.606,448.628,1177.689
1630,713.531,731.02,729.217,136.511,327.803,464.314,1177.845
1631,738.765,730.51,730.609,128.255,327.901,480,1194.922
1632,764,730.255,730.304,126.128,327.951,466,1186.461
1633,752,732.128,733.152,124,328.975,457,1187.231
1634,743,734.064,735.576,122,330.488,454.5,1186.615
1635,735.5,730.032,729.788,120,330.244,451.25,1181.308
1636,733.75,731.016,730.894,119,330.122,449.625,1180.654
1637,726.875,725.508,725.447,118.5,330.061,448.812,1174.327
1638,724.438,722.754,719.724,117.25,327.03,444.406,1168.163
1639,713.219,714.377,714.862,118.625,327.515,446.203,1159.082
1640,708.609,709.188,709.431,119.312,327.758,447.102,1155.541
1641,705.305,705.594,702.715,119.656,324.879,444.551,1149.77
1642,697.652,697.797,696.358,119.828,323.439,443.275,1140.885
1643,687.826,688.899,691.179,120.914,325.72,446.638,1134.443
1644,693.913,695.449,695.589,122.457,325.86,448.319,1142.221
1645,702.957,700.725,701.795,124,326.93,447.159,1150.111
1646,702.478,708.362,711.897,128,330.465,456.58,1159.055
1647,718.239,714.181,704.949,123,334,466,1161.528
1648,723.12,719.091,725.474,118.5,334,457,1168.764
1649,719.56,717.545,717.737,116.25,334,449.5,1163.382
1650,673.78,679.773,668.869,122.125,320,441.75,1112.691
1651,658.89,690.886,697.434,128,325,478.875,1136.345
1652,673.445,698.443,700.717,166,326.5,505.438,1178.173
1653,700.722,704.222,703.359,176,325.25,507.719,1220
1654,703.361,706.111,709.679,182,328.625,513.859,1238
1655,743.681,711.055,710.84,151,328.312,480.93,1226
1656,784,710.528,707.42,133.5,325.156,459.465,1232
1657,733,701.264,702.71,129.75,326.578,456.732,1184
1658,716.5,701.632,700.355,126,325.289,454.366,1168
1659,713.25,701.816,702.177,128,325.645,450.183,1162
1660,704.625,700.908,705.089,126,329.822,454.092,1158
1661,673.312,700.454,701.544,124,334,458,1157
1662,718.656,700.227,699.772,121,332,453,1184.5
1663,764,695.113,692.886,136.5,329,465.5,1159.25
1664,744,696.557,702.443,131.25,334.5,478,1174.625
1665,725,698.278,696.222,126,340,466,1165.312
1666,682.5,693.139,686.111,147,329,476,1145.656
1667,701.25,683.57,683.055,134.5,326.5,486,1155.828
1668,695.625,686.785,687.528,128.25,326.25,467,1146.914
1669,695.812,690.392,686.764,124.125,322.125,452.5,1140.457
1670,690.906,689.196,690.382,123.062,323.062,449.25,1136.229
1671,696.453,696.598,697.191,123.531,323.531,448.625,1143.114
1672,710.227,709.299,710.595,124,324.766,448.312,1157.557
1673,719.113,718.65,719.298,123,325.383,448.156,1166.779
1674,717.557,717.325,717.649,122.5,325.691,448.078,1165.389
1675,720.778,720.662,719.824,122.25,324.846,447.039,1167.695
1676,722.389,722.331,723.912,122.125,326.423,448.52,1170.847
1677,733.195,734.166,735.956,123.062,328.211,451.26,1184.424
1678,746.597,747.083,747.978,124,329.106,452.63,1199.212
1679,760,760,760,124,331.553,454.315,1215.606
1680,776,774,778,123,334,456,1232
1681,756,756,783,122.5,334,456,1236
1682,784,784,788,122.25,334,456,1240
1683,796,796,800,123.125,338,460,1256
1684,798,800,798,124,336,460,1258
1685,792,792,792,124,336,460,1252
1686,812,810,812,123,338,460,1272
1687,814,814,814,122.5,338,460,1274
1688,818,818,816,121.25,336,458,1276
1689,804,802,804,121.625,338,458,1262
1690,816,818,818,121.812,338,460,1276
1691,822,822,822,121.906,338,460,1282
1692,822,822,822,120.953,338,460,1282
1693,810,808,808,121.477,338,458,1268
1694,814,816,816,120.738,338,460,1274
1695,818,816,818,122.369,340,460,1278
1696,814,818,814,124,336,460,1274
1697,804,804,804,124,336,460,1264
1698,814,812,814,124,338,460,1274
1699,816,818,816,124,336,460,1276
1700,806,808,806,126,334,460,1266
1701,802,800,802,124,336,460,1262
1702,812,812,812,124,336,460,1272
1703,812,812,812,124,336,460,1272
1704,800,800,800,124,336,460,1260
1705,808,810,808,126,334,460,1268
1706,812,810,812,124,336,460,1272
1707,804,806,804,126,334,460,1264
1708,798,796,798,124,336,460,1258
1709,808,808,808,124,336,460,1268
1710,810,812,810,126,334,460,1270
1711,808,806,808,124,336,460,1268
1712,806,806,806,124,336,460,1266
1713,814,816,814,126,334,460,1274
1714,820,818,820,124,336,460,1280
1715,812,812,814,124,338,462,1274
1716,818,820,820,126,338,464,1282
1717,826,824,824,124,338,462,1288
1718,830,832,832,126,338,464,1294
1719,820,818,820,124,340,464,1284
1720,828,830,828,126,338,464,1292
1721,824,824,826,126,340,466,1290
1722,824,822,820,124,338,462,1286
1723,812,812,814,124,340,464,1276
1724,820,822,822,126,340,466,1286
1725,820,822,820,128,338,466,1286
1726,822,820,820,126,338,464,1286
1727,814,814,814,126,338,464,1278
1728,826,826,828,126,340,466,1292
1729,826,826,826,126,340,466,1292
1730,820,820,818,126,338,464,1284
1731,820,820,822,126,340,466,1286
1732,826,824,824,124,340,464,1290
1733,828,830,830,126,340,466,1294
1734,818,818,818,126,340,466,1284
1735,822,822,822,126,340,466,1288
1736,814,814,814,126,340,466,1280
1737,808,808,808,126,340,466,1274
1738,772,772,768,126,336,462,1234
1739,760,760,760,126,336,462,1222
1740,756,758,757,124,336,460,1218
1741,762,756,764.5,126,334,460,1225
1742,768,768,772,126,338,464,1232
1743,788,788,788,126,338,464,1252
1744,774,776,774,128,336,464,1238
1745,782,778,780,124,338,462,1244
1746,788,790,790,126,338,464,1252
1747,794,794,796,126,340,466,1260
1748,794,794,792,126,338,464,1258
1749,796,796,796,126,338,464,1260
1750,802,804,804,128,338,466,1268
1751,812,810,814,126,342,468,1280
1752,814,814,810,126,338,464,1278
1753,812,812,814,126,340,466,1278
1754,818,818,820,126,342,468,1286
1755,826,826,826,126,342,468,1294
1756,822,822,820,126,340,466,1288
1757,822,820,824,124,344,468,1290
1758,826,828,828,126,344,470,1296
1759,834,834,832,126,342,468,1302
1760,836,834,836,124,344,468,1304
1761,832,832,832,124,344,468,1300
1762,832,834,832,126,342,468,1300
1763,834,832,834,124,344,468,1302
1764,818,818,818,124,344,468,1286
1765,822,822,822,124,344,468,1290
1766,818,820,820,126,344,470,1288
1767,828,828,826,126,342,468,1296
1768,826,824,826,124,344,468,1294
1769,826,828,828,126,344,470,1296
1770,834,836,832,128,340,468,1302
1771,842,838,844,124,346,470,1312
1772,844,844,844,124,346,470,1314
1773,856,854,852,125,344,466,1322
1774,848,852,854,126,346,472,1320
1775,850,848,848,124,346,470,1320
1776,846,848,850,126,348,474,1320
1777,838,836,836,124,348,472,1310
1778,882,822,820,125,346,473,1292
1779,926,820,822,126,348,474,1400
1780,816,816,814,126,346,472,1288
1781,800,800,802,126,348,474,1274
1782,806,804,802,124,346,470,1276
1783,798,802,798,128,342,470,1268
1784,792,788,790,124,344,468,1260
1785,784,788,788,128,344,472,1256
1786,782,780,780,126,344,470,1252
1787,786,784,784,124,344,468,1254
1788,780,782,782,126,344,470,1250
1789,772,772,770,126,342,468,1240
1790,784,784,784,126,342,468,1252
1791,786,784,788,124,346,470,1256
1792,786,788,782,126,340,466,1252
1793,782,780,784,124,344,468,1250
1794,790,792,790,126,342,468,1258
1795,792,794,794,128,342,470,1262
1796,798,794,796,124,344,468,1266
1797,790,790,790,124,344,468,1258
1798,798,800,796,126,340,466,1264
1799,798,796,800,124,344,468,1266
1800,806,806,806,124,344,468,1274
1801,800,800,802,124,346,470,1270
1802,814,816,814,126,344,470,1284
1803,824,822,824,124,346,470,1294
1804,836,838,840,126,348,474,1310
1805,836,834,834,124,348,472,1308
1806,844,846,844,126,346,472,1316
1807,854,854,856,126,348,474,1328
1808,864,866,866,128,348,476,1340
1809,858,852,854,127,350,472,1330
1810,856,860,860,126,350,476,1332
1811,862,862,860,126,348,474,1336
1812,862,860,864,124,352,476,1338
1813,860,860,858,124,350,474,1334
1814,858,860,860,126,350,476,1334
1815,860,858,860,124,352,476,1336
1816,866,866,866,124,352,476,1342
1817,862,862,860,124,350,474,1336
1818,860,862,862,126,350,476,1336
1819,862,864,864,128,350,478,1340
1820,864,860,862,124,352,476,1340
1821,852,852,850,124,350,474,1326
1822,850,850,850,124,350,474,1324
1823,850,852,854,126,352,478,1328
1824,852,852,850,126,350,476,1328
1825,842,842,842,126,350,476,1318
1826,846,848,846,128,348,476,1322
1827,846,844,846,126,350,476,1322
1828,848,848,848,126,350,476,1324
1829,838,838,838,126,350,476,1314
1830,842,842,842,126,350,476,1318
1831,844,844,844,126,350,476,1320
1832,848,846,848,124,352,476,1324
1833,838,840,840,126,352,478,1316
1834,840,838,838,124,352,476,1316
1835,842,842,840,124,350,474,1316
1836,830,828,826,125,348,470,1300
1837,832,836,838,126,350,476,1308
1838,877,828,824,126,346,475,1300
1839,922,822,824,126,348,474,1396
1840,814,812,808,124,344,468,1282
1841,804,810,818,130,352,482,1286
1842,806,802,796,126,346,472,1278
1843,786,790,792,130,348,478,1264
1844,792,786,786,124,348,472,1264
1845,778,778,774,124,344,468,1246
1846,762,762,762,124,344,468,1230
1847,760,760,762,124,346,470,1230
1848,714,748,748,124,344,468,1216
1849,758,742,741,125,342,467,1242
1850,802,735,735.5,126,340,466,1268
1851,769,734.5,733.75,126,342,468,1234
1852,755.5,739.25,741.875,124,340,464,1224
1853,755.75,745.625,744.938,126,346,472,1222
1854,756,746.812,747.469,124,342,464,1220
1855,754,751.406,751.734,125,344,466,1221
1856,760,756,756,126,344,470,1222
1857,766,764,764,124,344,468,1234
1858,772,772,772,124,344,468,1240
1859,774,772,774,123,346,468,1242
1860,780,780,782,123.5,348,470,1250
1861,788,790,790,124,348,472,1260
1862,802,802,802,124,348,472,1274
1863,816,816,818,124,350,474,1290
1864,822,822,820,124,348,472,1294
1865,840,838,840,125,350,472,1312
1866,844,848,848,126,350,476,1320
1867,856,856,858,126,352,478,1334
1868,858,854,854,124,352,474,1332
1869,862,862,864,124,354,476,1338
1870,860,862,860,124,352,476,1336
1871,866,866,866,124,352,476,1342
1872,858,856,856,124,352,474,1332
1873,864,866,866,124,352,476,1340
1874,866,868,868,126,352,478,1344
1875,866,866,868,126,354,480,1346
1876,860,858,858,124,354,478,1338
1877,866,866,866,124,354,478,1344
1878,868,868,868,124,354,478,1346
1879,868,868,868,124,354,478,1346
1880,860,862,860,126,352,478,1338
1881,868,866,868,124,354,478,1346
1882,864,864,862,124,352,476,1340
1883,856,858,856,126,350,476,1332
1884,854,852,854,124,352,476,1330
1885,856,856,856,124,352,476,1332
1886,852,854,852,126,350,476,1328
1887,848,846,848,124,352,476,1324
1888,846,848,848,126,352,478,1324
1889,850,850,850,126,352,478,1328
1890,856,856,854,126,350,476,1332
1891,846,844,846,124,352,476,1322
1892,850,850,850,124,352,476,1326
1893,848,848,848,124,352,476,1324
1894,852,852,854,124,354,478,1330
1895,846,846,846,124,354,478,1324
1896,852,854,850,126,350,476,1328
1897,850,850,852,126,352,478,1328
1898,848,846,846,124,352,476,1324
1899,842,842,842,124,352,476,1318
1900,850,850,852,124,354,478,1328
1901,854,856,854,126,352,478,1332
1902,854,852,852,124,352,476,1330
1903,852,854,854,126,352,478,1330
1904,858,856,858,124,354,478,1336
1905,858,856,856,123,354,476,1334
1906,850,850,852,123.5,356,478,1328
1907,856,858,856,124,354,478,1334
1908,856,856,854,124,352,476,1332
1909,846,846,846,124,352,476,1322
1910,848,846,848,124,354,476,1324
1911,848,850,850,124,354,478,1326
1912,850,850,850,124,354,478,1328
1913,852,850,850,125,354,476,1328
1914,846,850,848,126,352,478,1324
1915,852,850,852,124,354,478,1330
1916,862,862,860,124,352,476,1338
1917,852,850,852,124,354,476,1328
1918,856,858,856,124,352,476,1332
1919,858,858,860,124,354,478,1336
1920,862,862,862,124,354,478,1340
1921,854,854,854,124,354,478,1332
1922,862,862,862,124,354,478,1340
1923,858,860,860,126,354,480,1338
1924,860,860,860,126,354,480,1340
1925,854,852,854,124,356,480,1334
1926,862,862,860,124,354,478,1340
1927,858,858,858,124,354,478,1336
1928,854,852,854,123,356,478,1332
1929,850,850,848,123.5,354,476,1326
1930,854,856,856,124,354,478,1332
1931,860,860,860,124,354,478,1338
1932,852,854,854,126,354,480,1332
1933,854,852,852,124,354,478,1332
1934,856,856,856,124,354,478,1334
1935,854,856,856,126,354,480,1334
1936,852,848,848,125,354,476,1328
1937,848,850,850,124,354,478,1326
1938,850,852,852,126,354,480,1330
1939,854,854,854,126,354,480,1334
1940,860,856,858,124,356,478,1338
1941,854,854,854,124,356,478,1332
1942,856,858,856,124,354,478,1334
1943,862,862,862,124,354,478,1340
1944,856,854,856,124,356,478,1334
1945,860,862,860,124,354,478,1338
1946,856,858,858,126,354,480,1336
1947,858,858,858,126,354,480,1338
1948,856,854,854,124,354,478,1334
1949,860,860,862,124,356,480,1340
1950,860,862,860,126,354,480,1340
1951,862,860,862,124,356,480,1342
1952,852,852,850,124,354,478,1330
1953,858,858,858,124,354,478,1336
1954,856,856,858,124,356,480,1336
1955,852,852,852,124,356,480,1332
1956,850,850,848,124,354,478,1328
1957,856,854,858,124,358,480,1336
1958,854,856,852,124,354,478,1332
1959,848,848,850,124,356,480,1328
1960,856,854,854,125,356,478,1334
1961,850,854,854,126,356,482,1332
1962,854,852,852,124,356,480,1334
1963,852,854,852,126,354,480,1332
1964,864,860,862,125,356,478,1342
1965,862,864,864,124,356,480,1342
1966,858,858,858,124,356,480,1338
1967,860,860,860,124,356,480,1340
1968,864,864,864,124,356,480,1344
1969,868,866,866,124,356,478,1346
1970,860,862,862,124,356,480,1340
1971,866,864,870,124,362,484,1350
1972,866,868,862,124,356,480,1346
1973,864,864,864,124,356,480,1344
1974,862,860,862,124,358,480,1342
1975,868,870,868,124,356,480,1348
1976,866,864,866,123,358,480,1346
1977,858,858,858,122.5,358,480,1338
1978,856,856,854,123.25,356,478,1334
1979,856,858,860,124,358,482,1338
1980,860,860,858,124,356,480,1340
1981,854,852,854,124,358,480,1334
1982,848,850,848,124,356,480,1328
1983,846,844,846,124,358,480,1326
1984,840,842,840,124,356,480,1320
1985,838,838,838,124,356,480,1318
1986,846,844,844,124,356,478,1324
1987,836,838,836,124,354,478,1314
1988,838,838,838,124,354,478,1316
1989,832,834,834,126,354,480,1312
1990,842,842,840,126,352,478,1320
1991,840,838,840,124,354,478,1318
1992,838,840,840,126,354,480,1318
1993,836,834,834,124,354,478,1314
1994,844,844,846,124,356,480,1324
1995,848,850,846,126,352,478,1326
1996,846,844,846,124,354,478,1324
1997,848,850,850,126,354,480,1328
1998,854,852,854,124,356,480,1334
1999,858,858,858,124,356,480,1338
2000,852,852,852,124,356,480,1332
2001,858,858,858,124,356,480,1338
2002,856,858,858,126,356,482,1338
2003,858,856,856,124,356,480,1338
2004,850,850,848,124,354,478,1328
2005,854,854,856,124,356,480,1334
2006,850,850,850,124,356,480,1330
2007,850,850,850,124,356,480,1330
2008,844,844,842,124,354,478,1322
2009,850,852,854,126,356,482,1332
2010,854,852,850,124,354,478,1332
2011,856,856,858,124,356,480,1336
2012,852,852,850,124,354,478,1330
2013,854,856,856,126,354,480,1334
2014,856,856,856,126,354,480,1336
2015,854,854,854,126,354,480,1334
2016,854,852,854,124,356,480,1334
2017,862,862,862,124,356,480,1342
2018,864,866,864,126,354,480,1344
2019,870,868,870,124,356,480,1350
2020,862,862,862,124,356,480,1342
2021,872,872,872,124,356,480,1352
2022,866,866,868,124,358,482,1348
2023,868,870,868,126,356,482,1350
2024,862,860,860,124,356,480,1342
2025,868,868,868,124,356,480,1348
2026,864,864,864,124,356,480,1344
2027,864,864,864,124,356,480,1344
2028,862,862,862,124,356,480,1342
2029,866,866,866,124,356,480,1346
2030,864,866,864,126,354,480,1344
2031,868,868,870,126,356,482,1350
2032,866,864,864,124,356,480,1346
2033,870,870,870,124,356,480,1350
2034,870,872,872,126,356,482,1352
2035,870,870,870,126,356,482,1352
2036,862,860,862,124,358,482,1344
2037,868,870,868,126,356,482,1350
2038,866,868,868,128,356,484,1350
2039,864,862,862,126,356,482,1346
2040,860,858,860,124,358,482,1342
2041,864,864,866,124,360,484,1348
2042,862,862,862,124,360,484,1346
2043,854,852,850,125,358,480,1334
2044,850,854,852,126,356,482,1332
2045,854,852,854,124,358,482,1336
2046,854,854,852,124,356,480,1334
2047,848,850,850,126,356,482,1330
2048,848,846,846,124,356,480,1328
2049,850,850,848,124,354,478,1328
2050,848,850,852,126,356,482,1330
2051,848,848,846,126,354,480,1328
2052,848,844,846,125,356,478,1326
2053,850,852,852,124,356,480,1330
2054,856,856,856,124,356,480,1336
2055,858,858,858,124,356,480,1338
2056,852,854,852,126,354,480,1332
2057,860,858,860,124,356,480,1340
2058,862,862,864,124,358,482,1344
2059,864,866,864,126,356,482,1346
2060,866,862,864,125,358,480,1346
2061,866,868,868,124,358,482,1348
2062,870,870,868,124,356,480,1350
2063,866,864,866,123,358,480,1346
2064,868,868,872,122.5,362,484,1352
2065,870,870,868,123.25,360,482,1352
2066,874,876,872,124,356,480,1354
2067,868,868,872,124,360,484,1352
2068,874,874,872,124,358,482,1356
2069,878,876,878,123,360,482,1360
2070,878,878,878,122.5,360,482,1360
2071,884,884,884,123.25,360,482,1366
2072,874,876,874,124,358,482,1356
2073,874,874,874,124,358,482,1356
2074,876,876,878,124,360,484,1360
2075,874,874,874,124,360,484,1358
2076,872,872,872,124,360,484,1356
2077,872,872,868,124,356,480,1352
2078,874,876,880,126,360,486,1360
2079,878,878,876,126,358,484,1362
2080,880,880,882,126,360,486,1366
2081,878,876,876,124,360,484,1362
2082,882,882,884,124,362,486,1368
2083,882,882,882,124,362,486,1368
2084,882,882,880,124,360,484,1366
2085,878,878,878,124,360,484,1362
2086,882,882,880,124,358,482,1364
2087,880,878,878,124,358,480,1360
2088,876,878,878,124,358,482,1358
2089,876,876,878,124,360,484,1360
2090,880,880,880,124,360,484,1364
2091,878,878,876,124,358,482,1360
2092,874,874,876,124,360,484,1358
2093,870,870,870,124,360,484,1354
2094,878,878,878,124,360,484,1362
2095,878,878,878,124,360,484,1362
2096,872,872,872,124,360,484,1356
2097,876,874,878,124,364,486,1362
2098,878,880,876,124,360,484,1362
2099,876,874,876,123,362,484,1360
2100,866,866,864,123.5,360,482,1348
2101,872,874,876,124,362,486,1358
2102,868,868,868,124,362,486,1354
2103,872,870,868,123,360,482,1354
2104,866,866,866,124.5,360,482,1348
2105,868,872,870,126,358,484,1352
2106,868,868,868,126,358,484,1352
2107,868,866,868,124,360,484,1352
2108,864,864,862,124,358,482,1346
2109,866,864,866,124,360,482,1348
2110,864,866,866,124,360,484,1348
2111,870,870,870,124,360,484,1354
2112,866,868,868,126,360,486,1352
2113,874,872,870,124,358,482,1356
2114,876,876,878,124,360,484,1360
2115,876,876,878,124,362,486,1362
2116,866,866,864,124,360,484,1350
2117,872,872,876,124,364,488,1360
2118,870,870,866,124,360,484,1354
2119,870,868,868,123,360,482,1352
2120,860,860,858,123.5,358,480,1340
2121,864,866,868,124,360,484,1348
2122,866,868,866,126,358,484,1350
2123,868,866,868,124,360,484,1352
2124,862,862,862,124,360,484,1346
2125,874,874,872,124,358,482,1356
2126,870,872,874,126,360,486,1356
2127,868,866,868,124,362,486,1354
2128,866,866,866,124,362,486,1352
2129,868,868,866,124,360,484,1352
2130,866,866,868,124,362,486,1352
2131,858,858,856,124,360,484,1342
2132,854,854,854,124,360,484,1338
2133,856,856,856,124,360,484,1340
2134,856,858,856,126,358,484,1340
2135,852,850,852,124,360,484,1336
2136,854,854,856,124,362,486,1340
2137,856,856,858,124,364,488,1344
2138,858,858,854,124,360,484,1342
2139,852,850,850,123,360,482,1334
2140,856,856,856,122.5,360,482,1338
2141,854,854,854,123.25,360,482,1336
2142,850,852,852,124,360,484,1334
2143,850,848,848,124,360,482,1332
2144,854,856,858,124,362,486,1340
2145,852,852,850,124,360,484,1336
2146,854,854,854,124,360,484,1338
2147,850,848,846,124,358,480,1330
2148,854,856,858,124,360,484,1338
2149,856,858,856,126,358,484,1340
2150,860,858,860,124,360,484,1344
2151,854,854,854,124,360,484,1338
2152,864,864,862,124,358,482,1346
2153,858,858,860,124,360,484,1342
2154,866,866,864,124,358,482,1348
2155,860,860,860,124,358,482,1342
2156,866,868,870,126,360,486,1352
2157,866,864,866,124,362,486,1352
2158,866,868,864,126,358,484,1350
2159,860,856,860,125,362,484,1344
2160,868,870,868,124,360,484,1352
2161,868,868,866,124,358,482,1350
2162,866,866,866,124,358,482,1348
2163,860,862,862,126,358,484,1344
2164,870,868,870,124,360,484,1354
2165,866,866,864,124,358,482,1348
2166,860,860,860,124,358,482,1342
2167,858,858,858,124,358,482,1340
2168,858,858,858,124,358,482,1340
2169,856,858,858,126,358,484,1340
2170,852,848,848,126,358,480,1332
2171,848,852,852,126,358,484,1332
2172,854,850,850,125,358,480,1334
2173,848,850,850,124,358,482,1330
2174,848,848,846,124,356,480,1328
2175,850,852,850,126,354,480,1330
2176,862,858,862,125,358,480,1342
2177,860,862,864,124,360,484,1344
2178,864,864,862,124,358,482,1346
2179,864,864,866,124,360,484,1348
2180,870,870,868,124,358,482,1352
2181,868,868,868,124,358,482,1350
2182,866,864,866,124,360,482,1348
2183,858,860,858,124,358,482,1340
2184,868,868,870,124,360,484,1352
2185,866,868,866,126,358,484,1350
2186,868,866,870,124,362,486,1354
2187,870,870,866,124,358,482,1352
2188,872,870,876,124,364,486,1358
2189,874,876,872,124,360,484,1358
2190,868,870,868,126,358,484,1352
2191,870,868,870,124,360,484,1354
2192,874,874,872,124,358,482,1356
2193,872,872,872,124,358,482,1354
2194,868,868,870,124,360,484,1352
2195,868,870,870,126,360,486,1354
2196,868,868,866,126,358,484,1352
2197,874,874,878,126,362,488,1362
2198,868,864,862,125,360,482,1350
2199,868,870,870,124,360,484,1352
2200,870,872,870,126,358,484,1354
2201,872,872,872,126,358,484,1356
2202,864,862,862,124,358,482,1346
2203,868,868,870,124,360,484,1352
2204,866,866,866,124,360,484,1350
2205,870,870,870,124,360,484,1354
2206,866,864,864,125,360,482,1348
2207,870,874,870,126,356,482,1352
2208,870,872,874,128,358,486,1356
2209,874,870,870,124,358,482,1356
2210,868,870,872,126,360,486,1354
2211,878,876,874,124,358,482,1360
2212,872,872,872,124,358,482,1354
2213,870,870,872,124,360,484,1354
2214,866,866,866,124,360,484,1350
2215,868,868,868,124,360,484,1352
2216,870,870,872,124,362,486,1356
2217,866,864,862,126,360,482,1348
2218,856,862,860,128,358,486,1342
2219,868,866,868,126,360,486,1354
2220,868,868,866,126,358,484,1352
2221,870,868,870,124,360,484,1354
2222,868,866,868,125,362,484,1352
2223,872,876,874,126,360,486,1358
2224,878,878,878,126,360,486,1364
2225,790,866,860,125,354,485,1346
2226,940,862,868,124,360,484,1424
2227,854,854,852,124,358,482,1336
2228,846,846,846,124,358,482,1328
2229,838,840,840,126,358,484,1322
2230,832,832,830,126,356,482,1314
2231,828,826,826,124,356,480,1308
2232,818,818,818,124,356,480,1298
2233,820,822,822,126,356,482,1302
2234,820,820,818,126,354,480,1300
2235,820,820,822,126,356,482,1302
2236,818,818,814,126,352,478,1296
2237,808,804,806,126,354,476,1284
2238,826,830,830,126,354,480,1306
2239,824,824,824,126,354,480,1304
2240,828,828,828,126,354,480,1308
2241,836,834,836,124,356,480,1316
2242,842,844,842,126,354,480,1322
2243,842,838,840,124,356,478,1320
2244,846,846,848,124,358,480,1326
2245,848,850,848,124,356,480,1328
2246,852,854,852,126,354,480,1332
2247,854,852,854,124,356,480,1334
2248,858,858,858,124,356,480,1338
2249,862,860,862,124,358,480,1342
2250,868,870,868,124,356,480,1348
2251,870,872,872,126,356,482,1352
2252,866,866,866,126,356,482,1348
2253,876,874,874,124,356,480,1356
2254,874,874,874,124,356,480,1354
2255,870,870,872,124,358,482,1352
2256,874,874,874,124,358,482,1356
2257,870,870,868,124,356,480,1350
2258,858,858,856,124,354,478,1336
2259,858,860,858,126,352,478,1336
2260,850,848,852,124,356,480,1330
2261,844,844,846,124,358,482,1326
2262,830,830,826,124,354,478,1308
2263,810,812,810,126,352,478,1288
2264,798,798,798,126,352,478,1276
2265,796,796,796,126,352,478,1274
2266,792,794,792,128,350,478,1270
2267,806,806,806,128,350,478,1284
2268,806,806,808,128,352,480,1286
2269,820,818,818,126,352,478,1298
2270,824,820,820,125,352,474,1298
2271,830,832,832,124,352,476,1306
2272,834,836,836,126,352,478,1312
2273,846,844,846,124,354,478,1324
2274,846,848,848,126,354,480,1326
2275,854,852,852,124,354,478,1332
2276,858,860,860,126,354,480,1338
2277,866,866,866,126,354,480,1346
2278,864,864,864,126,354,480,1344
2279,868,866,866,124,354,478,1346
2280,870,872,872,126,354,480,1350
2281,876,878,878,128,354,482,1358
2282,878,874,874,124,354,478,1356
2283,880,882,884,126,356,482,1362
2284,890,890,892,126,358,484,1374
2285,888,888,886,126,356,482,1370
2286,886,886,884,126,354,480,1366
2287,884,884,884,126,354,480,1364
2288,894,894,896,126,356,482,1376
2289,898,896,898,124,358,482,1380
2290,898,900,898,126,356,482,1380
2291,894,894,894,126,356,482,1376
2292,898,896,898,124,358,482,1380
2293,896,898,898,126,358,484,1380
2294,900,900,898,126,356,482,1382
2295,894,894,896,126,358,484,1378
2296,896,896,896,126,358,484,1380
2297,900,900,900,126,358,484,1384
2298,898,898,898,126,358,484,1382
2299,894,892,892,124,358,482,1376
2300,888,888,888,124,358,482,1370
2301,894,894,894,124,358,482,1376
2302,888,890,892,126,360,486,1374
2303,892,892,888,126,356,482,1374
2304,884,884,886,126,358,484,1368
2305,892,890,894,124,362,486,1378
2306,892,894,888,126,356,482,1374
2307,890,888,888,124,356,480,1370
2308,886,886,890,124,360,484,1370
2309,890,892,888,126,356,482,1372
2310,892,894,896,128,358,486,1378
2311,892,886,886,127,358,480,1372
2312,882,886,884,126,356,482,1364
2313,892,890,892,124,358,482,1374
2314,888,890,894,126,362,488,1376
2315,886,886,882,126,358,484,1370
2316,882,880,882,124,360,484,1366
2317,884,886,886,126,360,486,1370
2318,890,890,888,126,358,484,1374
2319,884,884,888,126,362,488,1372
2320,886,884,882,124,360,484,1370
2321,886,888,886,126,358,484,1370
2322,890,888,888,124,358,482,1372
2323,882,884,886,126,360,486,1368
2324,876,874,874,124,360,484,1360
2325,882,882,884,124,362,486,1368
2326,884,884,882,124,360,484,1368
2327,882,882,882,124,360,484,1366
2328,874,874,876,124,362,486,1360
2329,880,882,880,126,360,486,1366
2330,878,878,876,126,358,484,1362
2331,878,878,880,126,360,486,1364
2332,878,878,876,126,358,484,1362
2333,886,888,890,128,360,488,1374
2334,894,892,892,126,360,486,1380
2335,892,892,892,126,360,486,1378
2336,886,884,886,124,362,486,1372
2337,888,888,888,124,362,486,1374
2338,892,892,892,124,362,486,1378
2339,892,892,892,124,362,486,1378
2340,882,882,884,124,364,488,1370
2341,884,886,882,126,360,486,1370
2342,890,888,890,124,362,486,1376
2343,888,888,886,124,360,484,1372
2344,888,890,892,126,362,488,1376
2345,882,882,882,126,362,488,1370
2346,888,888,888,126,362,488,1376
2347,888,886,886,124,362,486,1374
2348,876,876,874,124,360,484,1360
2349,878,880,880,126,360,486,1364
2350,882,882,882,126,360,486,1368
2351,882,878,882,126,364,486,1368
2352,874,878,876,126,362,488,1362
2353,886,884,886,124,364,488,1374
2354,886,886,884,124,362,486,1372
2355,888,888,890,124,364,488,1376
2356,886,886,884,124,362,486,1372
2357,884,884,884,124,362,486,1370
2358,882,884,886,126,364,490,1372
2359,888,888,888,126,364,490,1378
2360,884,882,882,124,364,488,1372
2361,880,882,880,126,362,488,1368
2362,886,884,884,124,362,486,1372
2363,884,886,886,126,362,488,1372
2364,880,878,882,124,366,490,1370
2365,878,878,876,124,364,488,1366
2366,882,882,882,124,364,488,1370
2367,882,884,882,126,362,488,1370
2368,876,876,874,126,360,486,1362
2369,874,872,872,124,360,484,1358
2370,870,872,874,126,362,488,1358
2371,876,874,874,124,362,486,1362
2372,876,876,874,124,360,484,1360
2373,872,872,876,124,364,488,1360
2374,882,882,878,124,360,484,1366
2375,880,882,884,126,362,488,1368
2376,888,886,884,124,360,484,1372
2377,876,878,880,126,362,488,1364
2378,886,884,886,124,364,488,1374
2379,884,884,882,124,362,486,1370
2380,886,888,886,126,360,486,1372
2381,880,878,880,124,362,486,1366
2382,886,886,888,124,364,488,1374
2383,884,886,884,126,362,488,1372
2384,882,882,880,126,360,486,1368
2385,880,878,878,124,360,484,1364
2386,888,888,892,124,364,488,1376
2387,894,892,894,125,366,488,1382
2388,890,894,890,126,362,488,1378
2389,884,884,884,126,362,488,1372
2390,890,890,892,126,364,490,1380
2391,898,898,896,126,362,488,1386
2392,890,888,890,124,364,488,1378
2393,890,890,888,124,362,486,1376
2394,890,890,894,124,366,490,1380
2395,898,898,896,124,364,488,1386
2396,890,888,888,124,364,486,1376
2397,878,880,878,124,362,486,1364
2398,880,882,882,126,362,488,1368
2399,880,880,882,126,364,490,1370
2400,874,872,872,124,364,488,1362
2401,876,876,876,124,364,488,1364
2402,880,880,880,124,364,488,1368
2403,888,892,892,128,364,492,1380
2404,884,880,880,124,364,488,1372
2405,882,886,886,128,364,492,1374
2406,898,894,894,124,364,488,1386
2407,896,898,898,126,364,490,1386
2408,896,894,896,124,366,490,1386
2409,890,892,888,126,362,488,1378
2410,898,896,896,124,362,486,1384
2411,892,894,898,126,366,492,1384
2412,890,888,886,124,364,488,1378
2413,886,888,888,126,364,490,1376
2414,890,890,890,126,364,490,1380
2415,892,890,890,124,364,488,1380
2416,886,888,888,126,364,490,1376
2417,886,884,882,124,362,486,1372
2418,890,890,892,124,364,488,1378
2419,886,888,886,126,362,488,1374
2420,886,884,884,124,362,486,1372
2421,876,878,880,126,364,490,1366
2422,886,884,886,124,366,490,1376
2423,884,886,882,126,362,488,1372
2424,882,882,884,126,364,490,1372
2425,874,872,870,124,362,486,1360
2426,876,876,878,124,364,488,1364
2427,874,878,878,128,364,492,1366
2428,882,880,876,126,360,486,1368
2429,870,868,872,124,364,488,1358
2430,874,876,872,126,360,486,1360
2431,876,876,878,126,362,488,1364
2432,878,878,880,126,364,490,1368
2433,874,876,874,128,362,490,1364
2434,882,880,882,126,364,490,1372
2435,884,882,882,124,364,488,1372
2436,886,888,886,126,362,488,1374
2437,880,878,878,124,362,486,1366
2438,886,888,888,126,362,488,1374
2439,886,886,888,126,364,490,1376
2440,886,886,886,126,364,490,1376
2441,880,880,880,126,364,490,1370
2442,894,892,890,124,362,486,1380
2443,888,890,890,126,362,488,1376
2444,892,890,892,124,364,488,1380
2445,886,888,888,126,364,490,1376
2446,886,884,884,124,364,488,1374
2447,884,884,884,124,364,488,1372
2448,886,886,882,124,360,484,1370
2449,876,878,878,126,360,486,1362
2450,884,884,886,126,362,488,1372
2451,884,884,884,126,362,488,1372
2452,892,890,890,124,362,486,1378
2453,888,888,888,124,362,486,1374
2454,888,888,890,124,364,488,1376
2455,890,890,890,124,364,488,1378
2456,890,890,892,124,366,490,1380
2457,880,880,880,124,366,490,1370
2458,884,884,880,124,362,486,1370
2459,882,884,888,126,366,492,1374
2460,884,882,880,124,364,488,1372
2461,870,870,870,124,364,488,1358
2462,876,878,880,126,366,492,1368
2463,880,880,878,126,364,490,1370
2464,880,880,880,126,364,490,1370
2465,878,876,878,124,366,490,1368
2466,872,872,870,124,364,488,1360
2467,878,880,880,126,364,490,1368
2468,878,878,878,126,364,490,1368
2469,876,876,874,126,362,488,1364
2470,872,872,874,126,364,490,1362
2471,878,878,880,126,366,492,1370
2472,876,874,872,124,364,488,1364
2473,876,876,872,124,360,484,1360
2474,868,868,872,124,364,488,1356
2475,864,864,862,124,362,486,1350
2476,856,858,854,126,358,484,1340
2477,848,846,848,124,360,484,1332
2478,850,850,850,124,360,484,1334
2479,842,842,842,124,360,484,1326
2480,828,828,826,124,358,482,1310
2481,832,832,830,124,356,480,1312
2482,826,830,832,128,358,486,1312
2483,834,834,834,128,358,486,1320
2484,840,836,834,124,356,480,1320
2485,850,852,856,126,360,486,1336
2486,856,860,856,130,356,486,1342
2487,874,868,874,124,362,486,1360
2488,868,872,870,128,360,488,1356
2489,882,878,882,124,364,488,1370
2490,884,888,886,128,362,490,1374
2491,890,890,890,128,362,490,1380
2492,890,888,890,126,364,490,1380
2493,898,898,898,126,364,490,1388
2494,900,898,900,124,366,490,1390
2495,900,902,900,126,364,490,1390
2496,892,892,890,126,362,488,1380
2497,890,888,890,124,364,488,1378
2498,890,890,890,124,364,488,1378
2499,890,890,890,124,364,488,1378
2500,882,882,882,124,364,488,1370
2501,880,882,880,126,362,488,1368
2502,880,882,880,128,360,488,1368
2503,884,884,886,128,362,490,1374
2504,878,878,878,128,362,490,1368
2505,876,874,872,126,360,486,1362
2506,876,876,876,126,360,486,1362
2507,878,878,876,126,358,484,1362
2508,876,874,878,124,362,486,1362
2509,868,870,866,126,358,484,1352
2510,876,874,880,124,364,488,1364
2511,876,878,874,126,360,486,1362
2512,874,872,874,124,362,486,1360
2513,868,872,868,128,358,486,1354
2514,878,876,878,126,360,486,1364
2515,878,878,878,126,360,486,1364
2516,886,884,884,124,360,484,1370
2517,880,882,884,126,362,488,1368
2518,890,890,890,126,362,488,1378
2519,892,892,892,126,362,488,1380
2520,896,894,894,124,362,486,1382
2521,888,888,888,124,362,486,1374
2522,886,888,886,126,360,486,1372
2523,890,888,890,124,362,486,1376
2524,892,894,894,126,362,488,1380
2525,880,878,878,124,362,486,1366
2526,878,880,878,126,360,486,1364
2527,884,882,880,124,358,482,1366
2528,876,876,876,124,358,482,1358
2529,864,864,868,124,362,486,1350
2530,870,870,866,124,358,482,1352
2531,868,868,872,124,362,486,1354
2532,870,872,870,126,360,486,1356
2533,870,868,870,124,362,486,1356
2534,882,882,880,124,360,484,1366
2535,890,894,892,128,358,486,1376
2536,890,888,890,126,360,486,1376
2537,886,884,884,124,360,484,1370
2538,882,884,886,126,362,488,1370
2539,890,890,890,126,362,488,1378
2540,882,880,878,124,360,484,1366
2541,880,880,878,124,358,482,1362
2542,880,882,884,126,360,486,1366
2543,884,882,882,124,360,484,1368
2544,888,888,890,124,362,486,1374
2545,882,882,884,124,364,488,1370
2546,888,890,886,126,360,486,1374
2547,888,888,890,126,362,488,1376
2548,894,892,894,124,364,488,1382
2549,882,884,882,126,362,488,1370
2550,892,890,890,124,362,486,1378
2551,894,896,896,126,362,488,1382
2552,884,882,882,124,362,486,1370
2553,882,884,882,126,360,486,1368
2554,886,884,886,124,362,486,1372
2555,888,888,888,124,362,486,1374
2556,878,882,880,128,360,488,1366
2557,884,882,880,126,358,484,1368
2558,882,880,884,124,362,486,1368
2559,882,884,884,126,362,488,1370
2560,878,876,878,124,364,488,1366
2561,884,884,882,124,362,486,1370
2562,888,890,888,126,360,486,1374
2563,894,894,896,126,362,488,1382
2564,888,888,886,126,360,486,1374
2565,890,890,892,126,362,488,1378
2566,888,888,888,126,362,488,1376
2567,888,888,886,126,360,486,1374
2568,886,884,886,124,362,486,1372
2569,890,890,890,124,362,486,1376
2570,896,896,896,124,362,486,1382
2571,894,896,894,126,360,486,1380
2572,894,892,894,124,362,486,1380
2573,900,900,902,124,364,488,1388
2574,904,904,902,124,362,486,1390
2575,902,904,904,126,362,488,1390
2576,894,890,892,126,364,486,1380
2577,892,896,892,126,360,486,1378
2578,900,898,896,124,358,482,1382
2579,894,896,900,126,362,488,1382
2580,884,882,880,124,360,484,1368
2581,876,878,876,126,358,484,1360
2582,876,874,876,124,360,484,1360
2583,874,876,876,126,360,486,1360
2584,876,878,874,128,356,484,1360
2585,872,868,870,124,358,482,1354
2586,878,880,878,126,356,482,1360
2587,882,884,886,128,358,486,1368
2588,896,892,896,124,362,486,1382
2589,886,888,884,126,358,484,1370
2590,896,898,898,128,358,486,1382
2591,910,908,912,126,362,488,1398
2592,914,914,914,126,362,488,1402
2593,910,908,910,124,364,488,1398
2594,908,908,906,124,362,486,1394
2595,910,912,912,126,362,488,1398
2596,916,916,918,126,364,490,1406
2597,920,920,920,126,364,490,1410
2598,908,906,904,124,362,486,1394
2599,896,898,898,126,362,488,1384
2600,900,900,900,126,362,488,1388
2601,900,900,902,126,364,490,1390
2602,900,900,898,126,362,488,1388
2603,890,888,888,124,362,486,1376
2604,890,890,890,124,362,486,1376
2605,888,890,892,126,364,490,1378
2606,890,888,888,124,364,488,1378
2607,884,886,882,126,360,486,1370
2608,890,890,890,126,360,486,1376
2609,896,896,896,126,360,486,1382
2610,898,898,898,126,360,486,1384
2611,898,896,900,124,364,488,1386
2612,892,894,890,126,360,486,1378
2613,902,900,902,124,362,486,1388
2614,902,906,906,128,362,490,1392
2615,902,900,898,126,360,486,1388
2616,898,894,898,126,364,486,1384
2617,896,900,896,126,360,486,1382
2618,902,900,900,124,360,484,1386
2619,900,900,898,124,358,482,1382
2620,884,886,890,126,362,488,1372
2621,898,898,898,126,362,488,1386
2622,898,898,898,126,362,488,1386
2623,902,902,904,126,364,490,1392
2624,898,894,892,125,362,484,1382
2625,894,896,896,124,362,486,1380
2626,902,904,902,126,360,486,1388
2627,902,900,904,124,364,488,1390
2628,902,902,902,124,364,488,1390
2629,892,894,890,126,360,486,1378
2630,896,894,898,124,364,488,1384
2631,900,900,898,124,362,486,1386
2632,896,898,892,126,356,482,1378
2633,890,888,892,124,360,484,1374
2634,890,892,892,126,360,486,1376
2635,898,898,896,126,358,484,1382
2636,894,896,898,128,360,488,1382
2637,898,898,898,128,360,488,1386
2638,898,896,896,126,360,486,1384
2639,906,904,908,124,364,488,1394
2640,906,906,904,124,362,486,1392
2641,908,910,910,126,362,488,1396
2642,906,904,906,124,364,488,1394
2643,902,904,900,126,360,486,1388
2644,906,904,906,124,362,486,1392
2645,908,908,910,124,364,488,1396
2646,908,910,910,126,364,490,1398
2647,906,904,904,124,364,488,1394
2648,906,908,906,126,362,488,1394
2649,912,912,914,126,364,490,1402
2650,914,914,910,126,360,486,1400
2651,902,900,902,124,362,486,1388
2652,892,894,896,126,364,490,1382
2653,900,902,902,128,364,492,1392
2654,900,900,900,128,364,492,1392
2655,900,898,898,126,364,490,1390
2656,892,892,890,126,362,488,1380
2657,898,898,900,126,364,490,1388
2658,896,894,890,124,360,484,1380
2659,892,894,896,126,362,488,1380
2660,888,888,886,126,360,486,1374
2661,882,880,882,124,362,486,1368
2662,888,890,888,126,360,486,1374
2663,894,892,890,124,358,482,1376
2664,892,896,898,128,360,488,1380
2665,896,892,892,124,360,484,1380
2666,904,906,908,126,362,488,1392
2667,908,906,908,124,364,488,1396
2668,910,908,908,123,364,486,1396
2669,900,900,900,123.5,364,486,1386
2670,892,894,890,124,360,484,1376
2671,890,892,894,126,362,488,1378
2672,886,884,880,124,358,482,1368
2673,876,878,876,126,356,482,1358
2674,888,886,890,124,360,484,1372
2675,892,892,892,124,360,484,1376
2676,894,894,892,124,358,482,1376
2677,876,878,878,126,358,484,1360
2678,888,888,890,126,360,486,1374
2679,888,890,888,128,358,486,1374
2680,884,878,882,127,362,484,1368
2681,876,880,876,126,358,484,1360
2682,888,888,890,126,360,486,1374
2683,894,894,894,126,360,486,1380
2684,890,888,890,124,362,486,1376
2685,888,888,886,124,360,484,1372
2686,894,896,900,126,364,490,1384
2687,896,896,894,126,362,488,1384
2688,892,892,892,126,362,488,1380
2689,892,890,892,124,364,488,1380
2690,898,900,898,126,362,488,1386
2691,900,900,902,126,364,490,1390
2692,890,890,888,126,362,488,1378
2693,886,886,888,126,364,490,1376
2694,888,890,886,128,360,488,1376
2695,888,884,886,124,362,486,1374
2696,880,880,880,124,362,486,1366
2697,878,880,880,126,362,488,1366
2698,886,884,886,124,364,488,1374
2699,886,888,882,126,358,484,1370
2700,892,890,892,124,360,484,1376
2701,882,884,886,126,362,488,1370
2702,892,890,892,124,364,488,1380
2703,892,892,892,124,364,488,1380
2704,894,896,896,126,364,490,1384
2705,890,888,888,124,364,488,1378
2706,886,888,886,126,362,488,1374
2707,890,890,890,126,362,488,1378
2708,894,894,892,126,360,486,1380
2709,888,888,886,126,358,484,1372
2710,886,884,888,124,362,486,1372
2711,888,890,888,126,360,486,1374
2712,898,898,898,126,360,486,1384
2713,894,894,892,126,358,484,1378
2714,892,890,890,124,358,482,1374
2715,890,890,892,124,360,484,1374
2716,896,898,896,126,358,484,1380
2717,898,896,900,124,362,486,1384
2718,898,900,898,126,360,486,1384
2719,884,882,882,124,360,484,1368
2720,890,890,890,124,360,484,1374
2721,886,888,886,126,358,484,1370
2722,884,884,888,126,362,488,1372
2723,886,884,884,124,362,486,1372
2724,876,876,874,124,360,484,1360
2725,882,884,886,126,362,488,1370
2726,898,896,896,124,362,486,1384
2727,904,906,906,126,362,488,1392
2728,908,904,908,125,366,488,1396
2729,904,906,904,124,364,488,1392
2730,914,914,912,124,362,486,1400
2731,924,924,926,124,364,488,1412
2732,920,920,922,124,366,490,1410
2733,902,902,900,124,364,488,1390
2734,908,908,908,124,364,488,1396
2735,904,904,902,124,362,486,1390
2736,906,906,908,124,364,488,1394
2737,894,892,888,124,360,482,1376
2738,896,898,900,124,362,486,1382
2739,902,902,900,124,360,484,1386
2740,900,902,902,126,360,486,1386
2741,900,900,898,126,358,484,1384
2742,900,898,900,124,360,484,1384
2743,902,902,906,124,364,488,1390
2744,904,906,906,126,364,490,1394
2745,912,910,910,124,364,488,1400
2746,898,900,898,126,362,488,1386
2747,908,906,904,124,360,484,1392
2748,910,910,912,124,362,486,1396
2749,908,908,912,124,366,490,1398
2750,906,908,904,126,362,488,1394
2751,920,920,922,126,364,490,1410
2752,924,926,924,128,362,490,1414
2753,930,928,928,126,362,488,1418
2754,920,918,922,124,366,490,1410
2755,926,926,924,124,364,488,1414
2756,926,926,928,124,366,490,1416
2757,928,928,928,124,366,490,1418
2758,922,922,920,124,364,488,1410
2759,916,918,918,126,364,490,1406
2760,918,918,918,126,364,490,1408
2761,920,918,920,124,366,490,1410
2762,914,914,912,124,364,488,1402
2763,906,906,908,124,366,490,1396
2764,908,910,908,126,364,490,1398
2765,910,908,910,124,366,490,1400
2766,902,904,902,126,364,490,1392
2767,896,894,888,124,358,482,1378
2768,896,898,902,126,362,488,1384
2769,896,896,898,126,364,490,1386
2770,892,892,888,126,360,486,1378
2771,886,886,888,126,362,488,1374
2772,896,894,894,124,362,486,1382
2773,892,894,894,126,362,488,1380
2774,890,890,890,126,362,488,1378
2775,888,886,886,124,362,486,1374
2776,890,892,892,126,362,488,1378
2777,896,894,892,124,360,484,1380
2778,902,902,904,124,362,486,1388
2779,894,896,896,126,362,488,1382
2780,896,894,894,124,362,486,1382
2781,900,902,904,126,364,490,1390
2782,908,908,906,126,362,488,1396
2783,906,906,906,126,362,488,1394
2784,898,898,896,126,360,486,1384
2785,902,900,904,124,364,488,1390
2786,904,904,902,124,362,486,1390
2787,904,904,904,124,362,486,1390
2788,896,894,894,124,362,484,1380
2789,898,900,900,124,362,486,1384
2790,906,906,910,124,366,490,1396
2791,912,914,910,126,362,488,1400
2792,906,904,904,124,362,486,1392
2793,900,902,898,126,358,484,1384
2794,906,906,910,126,362,488,1394
2795,910,910,910,126,362,488,1398
2796,900,900,902,126,364,490,1390
2797,902,902,900,126,362,488,1390
2798,908,910,912,128,364,492,1400
2799,912,908,908,124,364,488,1400
2800,914,914,912,124,362,486,1400
2801,904,904,902,124,360,484,1388
2802,912,912,916,124,364,488,1400
2803,910,912,910,126,362,488,1398
2804,912,910,908,124,360,484,1396
2805,898,896,898,125,362,484,1382
2806,896,900,900,126,362,488,1384
2807,898,898,898,126,362,488,1386
2808,912,910,910,124,362,486,1398
2809,912,914,912,126,360,486,1398
2810,902,900,902,124,362,486,1388
2811,904,904,902,124,360,484,1388
2812,908,908,908,124,360,484,1392
2813,904,904,904,124,360,484,1388
2814,900,900,900,124,360,484,1384
2815,900,900,898,124,358,482,1382
2816,904,906,908,126,360,486,1390
2817,908,908,908,126,360,486,1394
2818,906,904,906,124,362,486,1392
2819,898,898,896,124,360,484,1382
2820,906,906,904,124,358,482,1388
2821,914,916,920,126,362,488,1402
2822,914,914,914,126,362,488,1402
2823,908,906,906,124,362,486,1394
2824,910,910,910,124,362,486,1396
2825,912,914,914,126,362,488,1400
2826,908,908,906,126,360,486,1394
2827,894,894,894,126,360,486,1380
2828,896,894,896,124,362,486,1382
2829,898,898,898,124,362,486,1384
2830,898,898,898,124,362,486,1384
2831,894,894,894,124,362,486,1380
2832,890,892,892,126,362,488,1378
2833,892,892,892,126,362,488,1380
2834,900,898,900,124,364,488,1388
2835,900,900,900,124,364,488,1388
2836,892,890,890,124,364,486,1378
2837,892,894,892,124,362,486,1378
2838,894,894,896,124,364,488,1382
2839,894,894,888,124,358,482,1376
2840,888,890,890,126,358,484,1372
2841,888,886,886,124,358,482,1370
2842,890,892,892,126,358,484,1374
2843,892,892,894,126,360,486,1378
2844,890,886,888,125,362,484,1374
2845,882,884,878,124,356,480,1362
2846,858,858,858,124,356,480,1338
2847,872,872,876,124,360,484,1356
2848,868,868,866,124,358,482,1350
2849,870,872,868,126,354,480,1350
2850,878,878,878,126,354,480,1358
2851,878,874,878,125,358,480,1358
2852,878,880,878,124,356,480,1358
2853,888,890,890,126,356,482,1370
2854,906,906,908,126,358,484,1390
2855,910,910,912,126,360,486,1396
2856,910,908,908,124,360,484,1394
2857,918,920,918,126,358,484,1402
2858,926,924,926,124,360,484,1410
2859,922,922,922,124,360,484,1406
2860,916,918,920,126,362,488,1404
2861,916,914,912,124,360,484,1400
2862,914,912,914,124,362,484,1398
2863,908,910,908,124,360,484,1392
2864,906,906,908,124,362,486,1392
2865,904,902,902,124,362,484,1388
2866,908,910,910,124,362,486,1394
2867,906,906,906,124,362,486,1392
2868,898,898,894,124,358,482,1380
2869,888,890,890,126,358,484,1372
2870,892,890,892,124,360,484,1376
2871,892,894,892,126,358,484,1376
2872,894,892,892,124,358,482,1376
2873,890,890,890,124,358,482,1372
2874,900,900,902,124,360,484,1384
2875,904,906,906,126,360,486,1390
2876,902,902,902,126,360,486,1388
2877,894,892,890,124,358,482,1376
2878,892,894,896,126,360,486,1378
2879,896,896,892,126,356,482,1378
2880,898,894,898,125,360,482,1380
2881,892,894,892,124,358,482,1374
2882,886,886,886,124,358,482,1368
2883,892,892,890,124,356,480,1372
2884,894,894,898,124,360,484,1378
2885,898,898,896,124,358,482,1380
2886,890,890,888,124,356,480,1370
2887,886,886,888,124,358,482,1368
2888,892,894,894,126,358,484,1376
2889,898,896,896,124,358,482,1380
2890,900,900,902,124,360,484,1384
2891,892,892,890,124,358,482,1374
2892,894,894,894,124,358,482,1376
2893,894,896,896,126,358,484,1378
2894,896,896,898,126,360,486,1382
2895,890,890,888,126,358,484,1374
2896,884,882,884,124,360,484,1368
2897,888,888,888,124,360,484,1372
2898,886,888,888,126,360,486,1372
2899,886,884,884,124,360,484,1370
2900,876,876,874,124,358,482,1358
2901,882,884,884,126,358,484,1366
2902,882,880,880,124,358,482,1364
2903,878,878,878,124,358,482,1360
2904,870,870,868,124,356,480,1350
2905,876,876,876,124,356,480,1356
2906,874,876,876,126,356,482,1356
2907,874,872,874,124,358,482,1356
2908,866,866,864,124,356,480,1346
2909,860,860,862,124,358,482,1342
2910,872,872,868,124,354,478,1350
2911,850,852,852,126,354,480,1330
2912,834,832,830,124,352,476,1310
2913,826,826,824,124,350,474,1300
2914,818,818,820,124,352,476,1294
2915,818,818,818,124,352,476,1294
2916,832,834,834,126,352,478,1310
2917,842,842,844,126,354,480,1322
2918,852,852,852,126,354,480,1332
2919,852,850,852,124,356,480,1332
2920,870,872,874,126,358,484,1354
2921,874,872,872,124,358,482,1356
2922,878,880,878,126,356,482,1360
2923,870,868,870,124,358,482,1352
2924,882,880,882,124,360,482,1364
2925,880,882,882,124,360,484,1364
2926,884,884,882,124,358,482,1366
2927,876,876,878,124,360,484,1360
2928,882,884,880,126,356,482,1364
2929,884,884,886,126,358,484,1368
2930,892,890,894,124,362,486,1378
2931,886,886,884,124,360,484,1370
2932,884,884,882,124,358,482,1366
2933,884,886,888,126,360,486,1370
2934,886,886,884,126,358,484,1370
2935,890,890,888,126,356,482,1372
2936,878,878,880,126,358,484,1362
2937,884,882,880,124,356,480,1364
2938,884,886,888,126,358,484,1368
2939,888,888,888,126,358,484,1372
2940,894,894,892,126,356,482,1376
2941,884,884,884,126,356,482,1366
2942,898,898,900,126,358,484,1382
2943,896,894,892,124,356,480,1376
2944,900,900,900,124,356,480,1380
2945,890,890,890,124,356,480,1370
2946,892,894,896,126,358,484,1376
2947,894,894,894,126,358,484,1378
2948,894,896,894,128,356,484,1378
2949,890,888,890,126,358,484,1374
2950,888,886,884,124,356,480,1368
2951,892,894,898,126,360,486,1378
2952,898,900,898,128,358,486,1384
2953,902,900,904,126,362,488,1390
2954,898,898,892,126,356,482,1380
2955,896,894,894,124,356,480,1376
2956,894,896,898,126,358,484,1378
2957,902,904,902,128,356,484,1386
2958,900,896,900,124,360,484,1384
2959,892,894,890,126,356,482,1374
2960,902,902,904,126,358,484,1386
2961,902,904,904,128,358,486,1388
2962,898,894,894,124,358,482,1380
2963,892,894,894,126,358,484,1376
2964,896,896,894,126,356,482,1378
2965,902,900,906,124,362,486,1388
2966,904,904,902,124,360,484,1388
2967,896,896,894,124,358,482,1378
2968,892,894,894,126,358,484,1376
2969,904,904,902,126,356,482,1386
2970,912,912,914,126,358,484,1396
2971,910,908,912,124,362,486,1396
2972,898,898,896,124,360,484,1382
2973,892,894,890,126,356,482,1374
2974,894,894,898,126,360,486,1380
2975,894,894,892,126,358,484,1378
2976,882,882,882,126,358,484,1366
2977,874,872,872,124,358,482,1356
2978,874,876,876,126,358,484,1358
2979,876,876,874,126,356,482,1358
2980,878,878,882,126,360,486,1364
2981,876,874,872,124,358,482,1358
2982,874,876,874,126,356,482,1356
2983,880,878,878,124,356,480,1360
2984,884,886,890,126,360,486,1370
2985,892,892,888,126,356,482,1374
2986,882,878,880,126,358,480,1362
2987,880,884,886,126,360,486,1366
2988,896,894,892,124,358,482,1378
2989,894,896,900,126,362,488,1382
2990,898,898,894,126,358,484,1382
2991,892,892,894,126,360,486,1378
2992,892,890,888,124,358,482,1374
2993,896,896,900,124,362,486,1382
2994,896,900,896,128,358,486,1382
2995,904,900,904,124,362,486,1390
2996,900,902,898,126,358,484,1384
2997,884,880,880,125,358,480,1364
2998,876,878,878,124,358,482,1358
2999,868,868,870,124,360,484,1352
3000,854,854,852,124,358,482,1336
3001,832,832,828,124,354,478,1310
3002,808,808,806,124,352,476,1284
3003,800,800,798,124,350,474,1274
3004,810,812,814,126,352,478,1288
3005,828,826,828,124,354,478,1306
3006,834,836,832,126,350,476,1310
3007,848,848,850,126,352,478,1326
3008,850,850,850,126,352,478,1328
3009,858,854,858,126,356,478,1336
3010,848,852,848,126,352,478,1326
3011,862,860,860,124,352,476,1338
3012,856,856,858,124,354,478,1334
3013,860,862,864,126,356,482,1342
3014,866,866,864,126,354,480,1346
3015,874,874,878,126,358,484,1358
3016,886,888,886,128,356,484,1370
3017,892,888,892,124,360,484,1376
3018,888,888,886,124,358,482,1370
3019,900,900,900,124,358,482,1382
3020,896,896,900,124,362,486,1382
3021,896,898,896,126,360,486,1382
3022,896,892,894,125,362,484,1380
3023,892,894,892,124,360,484,1376
3024,898,898,898,124,360,484,1382
3025,894,894,894,124,360,484,1378
3026,900,902,902,126,360,486,1386
3027,896,894,892,124,358,482,1378
3028,898,900,900,126,358,484,1382
3029,904,904,908,126,362,488,1392
3030,908,908,908,126,362,488,1396
3031,896,894,894,124,362,486,1382
3032,896,898,896,126,360,486,1382
3033,902,900,900,124,360,484,1386
3034,902,904,904,126,360,486,1388
3035,900,898,896,124,358,482,1382
3036,894,898,898,128,358,486,1380
3037,906,904,906,126,360,486,1392
3038,914,914,912,126,358,484,1398
3039,914,912,916,124,362,486,1400
3040,912,914,912,126,360,486,1398
3041,916,914,916,124,362,486,1402
3042,914,916,912,126,358,484,1398
3043,918,918,922,126,362,488,1406
3044,906,904,900,124,358,482,1388
3045,912,912,916,124,362,486,1398
3046,914,916,916,126,362,488,1402
3047,918,918,916,126,360,486,1404
3048,916,916,916,126,360,486,1402
3049,934,932,938,124,366,490,1424
3050,936,936,932,124,362,486,1422
3051,916,914,914,124,362,484,1400
3052,904,906,910,124,366,490,1394
3053,910,912,908,126,362,488,1398
3054,910,910,910,126,362,488,1398
3055,910,908,910,124,364,488,1398
3056,892,892,890,124,362,486,1378
3057,898,900,900,126,362,488,1386
3058,906,904,902,124,360,484,1390
3059,906,910,912,128,362,490,1396
3060,900,898,898,126,362,488,1388
3061,906,906,906,126,362,488,1394
3062,910,910,910,126,362,488,1398
3063,912,910,910,124,362,486,1398
3064,904,906,906,126,362,488,1392
3065,904,902,902,124,362,486,1390
3066,908,910,912,126,364,490,1398
3067,908,910,906,128,360,488,1396
3068,906,902,904,124,362,486,1392
3069,896,898,896,126,360,486,1382
3070,900,900,900,126,360,486,1386
3071,900,900,900,126,360,486,1386
3072,898,896,898,124,362,486,1384
3073,888,888,888,124,362,486,1374
3074,894,896,894,126,360,486,1380
3075,898,898,900,126,362,488,1386
3076,900,900,898,126,360,486,1386
3077,898,896,898,124,362,486,1384
3078,894,896,896,126,362,488,1382
3079,902,902,898,126,358,484,1386
3080,902,900,902,124,360,484,1386
3081,904,906,908,126,362,488,1392
3082,898,900,898,128,360,488,1386
3083,908,906,904,126,358,484,1392
3084,914,912,918,124,364,488,1402
3085,912,912,910,124,362,486,1398
3086,896,896,894,124,360,484,1380
3087,900,902,900,126,358,484,1384
3088,900,900,904,126,362,488,1388
3089,904,906,904,128,360,488,1392
3090,900,894,896,127,362,484,1384
3091,890,894,894,126,362,488,1378
3092,904,904,902,126,360,486,1390
3093,906,908,908,128,360,488,1394
3094,902,900,902,126,362,488,1390
3095,900,900,898,126,360,486,1386
3096,906,906,908,126,362,488,1394
3097,900,900,898,126,360,486,1386
3098,900,898,896,124,358,482,1382
3099,890,890,892,124,360,484,1374
3100,902,902,902,124,360,484,1386
3101,896,898,898,126,360,486,1382
3102,892,894,892,128,358,486,1378
3103,888,884,886,124,360,484,1372
3104,890,894,892,128,358,486,1376
3105,896,894,896,126,360,486,1382
3106,896,896,898,126,362,488,1384
3107,892,890,890,124,362,486,1378
3108,900,902,898,126,358,484,1384
3109,902,902,906,126,362,488,1390
3110,904,904,906,126,364,490,1394
3111,900,900,896,126,360,486,1386
3112,896,896,896,126,360,486,1382
3113,904,902,904,124,362,486,1390
3114,902,904,904,126,362,488,1390
3115,902,902,902,126,362,488,1390
3116,896,892,892,125,362,484,1380
3117,886,888,888,124,362,486,1372
3118,896,896,896,124,362,486,1382
3119,890,892,888,126,358,484,1374
3120,884,884,886,126,360,486,1370
3121,884,882,880,124,358,482,1366
3122,886,886,890,124,362,486,1372
3123,890,892,888,126,358,484,1374
3124,892,890,892,124,360,484,1376
3125,886,884,886,124,362,484,1370
3126,892,894,890,124,358,482,1374
3127,892,894,898,126,362,488,1380
3128,898,900,898,128,360,488,1386
3129,894,890,892,124,362,486,1380
3130,882,884,880,126,358,484,1366
3131,892,892,892,126,358,484,1376
3132,890,890,890,126,358,484,1374
3133,880,878,880,124,360,484,1364
3134,882,882,880,124,358,482,1364
3135,884,886,888,126,360,486,1370
3136,896,898,896,128,358,486,1382
3137,908,904,904,124,358,482,1390
3138,904,904,906,124,360,484,1388
3139,914,916,918,126,362,488,1402
3140,920,920,918,126,360,486,1406
3141,926,926,928,126,362,488,1414
3142,918,918,918,126,362,488,1406
3143,924,922,924,124,364,488,1412
3144,928,930,928,126,362,488,1416
3145,932,932,934,126,364,490,1422
3146,932,930,930,124,364,488,1420
3147,916,916,916,124,364,488,1404
3148,928,928,930,124,366,490,1418
3149,922,922,922,124,366,490,1412
3150,920,920,918,124,364,488,1408
3151,910,912,912,126,364,490,1400
3152,912,912,912,126,364,490,1402
3153,910,910,912,126,366,492,1402
3154,906,906,904,126,364,490,1396
3155,894,894,892,126,362,488,1382
3156,894,892,892,124,362,486,1380
3157,886,888,890,126,364,490,1376
3158,886,886,886,126,364,490,1376
3159,882,882,878,126,360,486,1368
3160,882,880,880,124,360,484,1366
3161,886,888,886,126,358,484,1370
3162,890,890,890,126,358,484,1374
3163,892,890,896,124,364,488,1380
3164,882,884,880,126,360,486,1368
3165,886,886,886,126,360,486,1372
3166,894,892,896,124,364,488,1382
3167,898,898,896,124,362,486,1384
3168,906,906,906,124,362,486,1392
3169,896,898,894,126,358,484,1380
3170,904,904,910,126,364,490,1394
3171,906,904,902,124,362,486,1392
3172,908,910,910,126,362,488,1396
3173,900,900,898,126,360,486,1386
3174,904,902,904,124,362,486,1390
3175,896,898,900,126,364,490,1386
3176,898,896,894,124,362,486,1384
3177,890,888,888,125,362,484,1374
3178,894,898,896,126,360,486,1380
3179,898,898,902,126,364,490,1388
3180,900,898,896,124,362,486,1386
3181,886,888,886,126,360,486,1372
3182,894,892,894,124,362,486,1380
3183,892,892,892,124,362,486,1378
3184,894,894,892,124,360,484,1378
3185,890,890,890,124,360,484,1374
3186,888,888,888,124,360,484,1372
3187,896,900,898,128,358,486,1382
3188,908,906,904,126,356,482,1390
3189,914,912,918,124,362,486,1400
3190,914,916,916,126,362,488,1402
3191,922,922,924,126,364,490,1412
3192,928,928,926,126,362,488,1416
3193,916,916,916,126,362,488,1404
3194,918,918,916,126,360,486,1404
3195,922,922,924,126,362,488,1410
3196,922,922,924,126,364,490,1412
3197,922,922,920,126,362,488,1410
3198,914,916,916,128,362,490,1404
3199,920,918,920,126,364,490,1410
3200,918,918,920,126,366,492,1410
3201,926,926,924,126,364,490,1416
3202,916,916,914,126,362,488,1404
3203,910,910,914,126,366,492,1402
3204,916,914,914,124,366,490,1406
3205,914,916,916,126,366,492,1406
3206,912,912,910,126,364,490,1402
3207,906,904,906,124,366,490,1396
3208,910,912,914,126,368,494,1404
3209,908,910,906,128,364,492,1400
3210,902,900,898,126,362,488,1390
3211,896,894,896,124,364,488,1384
3212,906,908,906,126,362,488,1394
3213,902,902,900,126,360,486,1388
3214,904,902,908,124,366,490,1394
3215,898,896,896,124,366,488,1386
3216,902,904,902,124,364,488,1390
3217,902,906,906,128,364,492,1394
3218,908,904,902,124,362,486,1394
3219,904,902,904,125,364,486,1390
3220,910,914,914,126,364,490,1400
3221,918,916,916,124,364,488,1406
3222,914,914,912,124,362,486,1400
3223,906,906,910,124,366,490,1396
3224,916,916,912,124,362,486,1402
3225,908,910,912,126,364,490,1398
3226,912,912,910,126,362,488,1400
3227,902,900,902,124,364,488,1390
3228,910,912,910,126,362,488,1398
3229,912,910,912,124,364,488,1400
3230,912,912,910,124,362,486,1398
3231,908,910,910,126,362,488,1396
3232,920,918,920,124,364,488,1408
3233,914,916,916,126,364,490,1404
3234,914,914,914,126,364,490,1404
3235,906,904,902,124,362,486,1392
3236,908,910,912,126,364,490,1398
3237,906,904,900,124,360,484,1390
3238,898,900,902,126,362,488,1386
3239,898,896,896,124,362,486,1384
3240,884,888,884,128,358,486,1370
3241,892,890,894,126,362,488,1380
3242,888,888,886,126,360,486,1374
3243,890,890,892,126,362,488,1378
3244,888,886,884,124,360,484,1372
3245,890,892,892,126,360,486,1376
3246,894,892,892,124,360,484,1378
3247,896,898,898,126,360,486,1382
3248,890,888,888,124,360,484,1374
3249,892,892,888,124,356,480,1372
3250,890,890,896,124,362,486,1376
3251,904,906,906,126,362,488,1392
3252,908,906,908,124,364,488,1396
3253,902,904,904,126,364,490,1392
3254,910,910,906,126,360,486,1396
3255,908,906,910,124,364,488,1396
3256,906,906,906,124,364,488,1394
3257,902,902,902,124,364,488,1390
3258,902,902,898,124,360,484,1386
3259,904,906,908,126,362,488,1392
3260,902,902,900,126,360,486,1388
3261,898,898,902,126,364,490,1388
3262,894,892,892,124,364,488,1382
3263,896,898,896,126,362,488,1384
3264,898,896,894,124,360,484,1382
3265,898,898,898,124,360,484,1382
3266,886,886,888,124,362,486,1372
3267,894,898,894,128,358,486,1380
3268,898,894,894,124,358,482,1380
3269,894,896,898,126,360,486,1380
3270,892,890,890,124,360,484,1376
3271,900,900,902,124,362,486,1386
3272,902,904,900,126,358,484,1386
3273,906,906,908,126,360,486,1392
3274,898,896,896,124,360,484,1382
3275,898,898,896,124,358,482,1380
3276,906,906,912,124,364,488,1394
3277,906,910,906,128,360,488,1394
3278,908,906,906,126,360,486,1394
3279,896,896,896,126,360,486,1382
3280,906,902,902,126,360,482,1388
3281,898,902,902,126,360,486,1384
3282,904,904,904,126,360,486,1390
3283,900,898,898,124,360,484,1384
3284,892,894,894,126,360,486,1378
3285,902,900,902,124,362,486,1388
3286,910,910,912,124,364,488,1398
3287,914,912,914,124,366,488,1402
3288,908,910,906,124,362,486,1394
3289,920,922,922,126,362,488,1408
3290,918,916,914,124,360,484,1402
3291,916,918,920,126,362,488,1404
3292,916,912,914,126,364,486,1402
3293,906,910,910,126,364,490,1396
3294,906,904,904,124,364,488,1394
3295,904,906,904,126,362,488,1392
3296,906,904,904,124,362,486,1392
3297,894,892,894,124,364,486,1380
3298,898,900,900,124,364,488,1386
3299,898,900,898,126,362,488,1386
3300,900,900,898,126,360,486,1386
3301,896,894,896,124,362,486,1382
3302,904,904,900,124,358,482,1386
3303,902,902,906,124,362,486,1388
3304,908,908,906,124,360,484,1392
3305,908,908,910,124,362,486,1394
3306,896,896,896,124,362,486,1382
3307,900,902,898,126,358,484,1384
3308,902,902,902,126,358,484,1386
3309,908,906,910,124,362,486,1394
3310,902,904,902,126,360,486,1388
3311,900,900,900,126,360,486,1386
3312,908,908,910,126,362,488,1396
3313,910,910,910,126,362,488,1398
3314,906,906,908,126,364,490,1396
3315,904,900,900,126,364,486,1390
3316,908,912,910,126,362,488,1396
3317,910,910,912,126,364,490,1400
3318,914,914,912,126,362,488,1402
3319,906,902,902,125,362,484,1390
3320,904,906,908,124,364,488,1392
3321,910,912,910,126,362,488,1398
3322,912,912,914,126,364,490,1402
3323,916,914,912,124,362,486,1402
3324,902,904,904,126,362,488,1390
3325,910,908,908,124,362,486,1396
3326,910,910,910,124,362,486,1396
3327,918,918,920,124,364,488,1406
3328,910,910,908,124,362,486,1396
3329,910,912,912,126,362,488,1398
3330,916,916,916,126,362,488,1404
3331,920,918,922,124,366,490,1410
3332,918,920,916,126,362,488,1406
3333,910,906,908,126,364,486,1396
3334,912,916,914,126,362,488,1400
3335,910,908,910,124,364,488,1398
3336,908,910,906,126,360,486,1394
3337,900,896,898,125,362,484,1384
3338,898,900,900,124,362,486,1384
3339,898,900,900,126,362,488,1386
3340,900,900,900,126,362,488,1388
3341,900,900,900,126,362,488,1388
3342,894,892,886,124,356,480,1374
3343,898,898,904,124,362,486,1384
3344,896,898,894,126,358,484,1380
3345,896,894,896,124,360,484,1380
3346,890,890,890,124,360,484,1374
3347,900,902,902,126,360,486,1386
3348,902,902,904,126,362,488,1390
3349,908,906,906,124,362,486,1394
3350,902,904,902,126,360,486,1388
3351,906,906,902,126,356,482,1388
3352,908,908,916,126,364,490,1398
3353,914,914,908,126,358,484,1398
3354,912,910,914,124,362,486,1398
3355,902,902,900,124,360,484,1386
3356,912,916,918,128,362,490,1402
3357,916,914,914,126,362,488,1404
3358,906,904,904,124,362,486,1392
3359,894,894,892,124,360,484,1378
3360,898,898,900,124,362,486,1384
3361,892,896,892,128,358,486,1378
3362,896,894,896,126,360,486,1382
3363,890,888,886,124,358,482,1372
3364,898,900,900,126,358,484,1382
3365,906,908,906,128,356,484,1390
3366,914,912,914,126,358,484,1398
3367,910,908,908,124,358,482,1392
3368,922,924,924,126,358,484,1406
3369,924,926,928,128,360,488,1412
3370,936,934,934,126,360,486,1422
3371,930,928,926,124,358,482,1412
3372,934,938,940,128,360,488,1422
3373,938,936,938,126,362,488,1426
3374,940,940,940,126,362,488,1428
3375,926,924,926,124,364,488,1414
3376,936,936,934,124,362,486,1422
3377,936,938,940,126,364,490,1426
3378,934,932,934,124,366,490,1424
3379,928,930,930,126,366,492,1420
3380,930,928,928,124,366,490,1420
3381,926,928,928,126,366,492,1418
3382,914,914,910,126,362,488,1402
3383,904,902,904,124,364,488,1392
3384,910,910,910,124,364,488,1398
3385,908,910,908,126,362,488,1396
3386,904,906,906,128,362,490,1394
3387,904,900,902,124,364,488,1392
3388,902,902,904,124,366,490,1392
3389,898,900,898,126,364,490,1388
3390,896,898,894,128,360,488,1384
3391,888,888,890,128,362,490,1378
3392,892,890,890,126,362,488,1380
3393,888,890,890,128,362,490,1378
3394,892,890,890,126,362,488,1380
3395,884,884,884,126,362,488,1372
3396,884,882,882,124,362,486,1370
3397,882,884,882,126,360,486,1368
3398,888,888,886,126,358,484,1372
3399,890,892,896,128,362,490,1380
3400,886,884,878,126,356,482,1368
3401,892,894,896,128,358,486,1378
3402,896,894,896,126,360,486,1382
3403,896,898,898,128,360,488,1384
3404,902,900,902,126,362,488,1390
3405,896,894,894,124,362,486,1382
3406,912,914,912,126,360,486,1398
3407,910,912,912,128,360,488,1398
3408,912,912,912,128,360,488,1400
3409,910,906,908,124,362,486,1396
3410,910,910,908,124,360,484,1394
3411,910,912,914,126,362,488,1398
3412,914,914,914,126,362,488,1402
3413,902,902,902,126,362,488,1390
3414,908,906,906,124,362,486,1394
3415,910,910,908,124,360,484,1394
3416,910,912,914,126,362,488,1398
3417,906,906,904,126,360,486,1392
3418,898,896,896,124,360,484,1382
3419,906,906,908,124,362,486,1392
3420,894,898,896,128,360,488,1382
3421,900,898,898,126,360,486,1386
3422,892,890,894,124,364,488,1380
3423,894,896,892,126,360,486,1380
3424,892,894,892,128,358,486,1378
3425,898,894,898,124,362,486,1384
3426,890,894,890,128,358,486,1376
3427,890,888,888,126,358,484,1374
3428,894,894,892,126,356,482,1376
3429,900,902,904,128,358,486,1386
3430,906,904,906,126,360,486,1392
3431,898,900,900,128,360,488,1386
3432,912,912,910,128,358,486,1398
3433,910,910,912,128,360,488,1398
3434,916,914,914,126,360,486,1402
3435,912,910,912,124,362,486,1398
3436,916,916,916,124,362,486,1402
3437,920,922,918,126,358,484,1404
3438,924,922,926,124,362,486,1410
3439,920,922,920,126,360,486,1406
3440,914,910,912,126,362,484,1398
3441,914,918,918,126,362,488,1402
3442,914,914,914,126,362,488,1402
3443,908,908,906,126,360,486,1394
3444,898,896,898,124,362,486,1384
3445,906,906,906,124,362,486,1392
3446,898,900,900,126,362,488,1386
3447,906,906,904,126,360,486,1392
3448,896,896,894,126,358,484,1380
3449,902,900,900,124,358,482,1384
3450,902,904,906,126,360,486,1388
3451,912,910,908,124,358,482,1394
3452,902,904,906,126,360,486,1388
3453,902,902,900,126,358,484,1386
3454,906,906,906,126,358,484,1390
3455,914,914,916,126,360,486,1400
3456,914,914,916,126,362,488,1402
3457,908,908,906,126,360,486,1394
3458,912,912,912,126,360,486,1398
3459,914,914,916,126,362,488,1402
3460,914,914,912,126,360,486,1400
3461,908,908,908,126,360,486,1394
3462,904,902,900,124,358,482,1386
3463,906,908,912,126,362,488,1394
3464,908,906,904,124,360,484,1392
3465,904,906,906,126,360,486,1390
3466,904,902,902,124,360,484,1388
3467,914,918,918,128,360,488,1402
3468,914,912,914,126,362,488,1402
3469,914,916,912,128,358,486,1400
3470,910,906,910,124,362,486,1396
3471,906,906,902,124,358,482,1388
3472,910,912,914,126,360,486,1396
3473,914,914,914,126,360,486,1400
3474,920,918,920,124,362,486,1406
3475,904,904,902,124,360,484,1388
3476,908,908,908,124,360,484,1392
3477,908,910,908,126,358,484,1392
3478,910,910,910,126,358,484,1394
3479,902,898,902,126,362,484,1386
3480,898,902,896,126,356,482,1380
3481,904,902,904,124,358,482,1386
3482,906,908,908,126,358,484,1390
3483,904,902,904,124,360,484,1388
3484,900,902,900,126,358,484,1384
3485,912,910,910,124,358,482,1394
3486,908,910,908,126,356,482,1390
3487,910,910,912,126,358,484,1394
3488,904,902,902,124,358,482,1386
3489,906,906,910,124,362,486,1392
3490,908,910,908,126,360,486,1394
3491,910,912,912,128,360,488,1398
3492,912,910,910,126,360,486,1398
3493,908,906,904,124,358,482,1390
3494,910,912,914,126,360,486,1396
3495,912,910,906,124,356,480,1392
3496,882,882,882,124,356,480,1362
3497,870,874,876,128,358,486,1356
3498,876,872,870,124,356,480,1356
3499,834,836,832,126,352,478,1312
3500,828,826,828,124,354,478,1306
3501,836,838,838,126,354,480,1316
3502,842,842,842,126,354,480,1322
3503,828,826,824,124,352,476,1304
3504,850,854,854,128,352,480,1330
3505,856,854,856,126,354,480,1336
3506,864,866,866,128,354,482,1346
3507,866,862,862,124,354,478,1344
3508,880,884,884,128,354,482,1362
3509,886,884,886,126,356,482,1368
3510,894,894,896,126,358,484,1378
3511,876,874,872,124,356,480,1356
3512,884,884,886,124,358,482,1366
3513,872,874,872,126,356,482,1354
3514,876,874,874,124,356,480,1356
3515,868,870,870,126,356,482,1350
3516,880,880,880,126,356,482,1362
3517,880,882,882,128,356,484,1364
3518,890,890,888,128,354,482,1372
3519,888,884,890,124,360,484,1372
3520,882,884,878,126,354,480,1362
3521,892,892,896,126,358,484,1376
3522,898,896,896,124,358,482,1380
3523,898,898,898,124,358,482,1380
3524,898,898,900,124,360,484,1382
3525,906,908,908,126,360,486,1392
3526,908,908,906,126,358,484,1392
3527,912,912,914,126,360,486,1398
3528,906,904,906,124,362,486,1392
3529,900,900,896,124,358,482,1382
3530,904,906,906,126,358,484,1388
3531,910,910,910,126,358,484,1394
3532,904,904,902,126,356,482,1386
3533,900,898,900,124,358,482,1382
3534,898,900,898,126,356,482,1380
3535,894,894,894,126,356,482,1376
3536,890,888,888,124,356,480,1370
3537,890,890,892,124,358,482,1372
3538,898,900,900,126,358,484,1382
3539,904,904,902,126,356,482,1386
3540,906,906,906,126,356,482,1388
3541,910,910,910,126,356,482,1392
3542,924,926,926,128,356,484,1408
3543,932,932,934,128,358,486,1418
3544,934,932,936,126,362,488,1422
3545,940,938,934,124,358,482,1422
3546,928,928,928,124,358,482,1410
3547,930,932,934,126,360,486,1416
3548,930,930,928,126,358,484,1414
3549,924,922,922,124,358,482,1406
3550,912,912,914,124,360,484,1396
3551,926,928,928,126,360,486,1412
3552,932,932,932,126,360,486,1418
3553,938,938,936,126,358,484,1422
3554,926,928,928,128,358,486,1412
3555,940,936,940,124,362,486,1426
3556,932,934,932,126,360,486,1418
3557,926,928,926,128,358,486,1412
3558,916,914,914,126,358,484,1400
3559,920,920,920,126,358,484,1404
3560,918,918,918,126,358,484,1402
3561,916,916,916,126,358,484,1400
3562,912,912,912,126,358,484,1396
3563,910,912,910,128,356,484,1394
3564,918,916,914,126,354,480,1398
3565,912,912,914,126,356,482,1394
3566,912,910,910,124,356,480,1392
3567,912,914,914,126,356,482,1394
3568,922,924,926,128,358,486,1408
3569,932,930,930,126,358,484,1416
3570,934,932,932,124,358,482,1416
3571,920,922,922,126,358,484,1404
3572,934,932,932,124,358,482,1416
3573,934,936,940,126,362,488,1422
3574,932,932,932,126,362,488,1420
3575,924,924,924,126,362,488,1412
3576,924,926,922,128,358,486,1410
3577,928,924,928,124,362,486,1414
3578,928,928,928,124,362,486,1414
3579,924,926,928,126,364,490,1414
3580,916,914,912,124,362,486,1402
3581,924,926,926,126,362,488,1412
3582,926,924,924,124,362,486,1412
3583,922,922,922,124,362,486,1408
3584,920,918,916,124,360,482,1402
3585,912,914,916,124,362,486,1398
3586,922,922,922,124,362,486,1408
3587,920,920,918,124,360,484,1404
3588,918,918,920,124,362,486,1404
3589,912,912,914,124,364,488,1400
3590,926,926,924,124,362,486,1412
3591,922,922,922,124,362,486,1408
3592,922,924,920,126,358,484,1406
3593,914,912,914,124,360,484,1398
3594,912,914,916,126,362,488,1400
3595,918,918,918,126,362,488,1406
3596,928,926,926,124,362,486,1414
3597,928,930,930,126,362,488,1416
3598,920,918,918,124,362,486,1406
3599,932,932,934,124,364,488,1420
3600,930,932,928,126,360,486,1416
3601,928,928,928,126,360,486,1414
3602,918,916,918,124,362,486,1404
3603,924,924,924,124,362,486,1410
3604,922,924,926,126,364,490,1412
3605,926,926,926,126,364,490,1416
3606,922,920,918,124,362,486,1408
3607,922,922,920,124,360,484,1406
3608,928,930,932,126,362,488,1416
3609,924,924,926,126,364,490,1414
3610,926,924,922,124,362,486,1412
3611,912,912,912,124,362,486,1398
3612,918,918,918,124,362,486,1404
3613,916,918,918,126,362,488,1404
3614,918,918,916,126,360,486,1404
3615,914,910,912,127,362,484,1398
3616,914,920,918,128,360,488,1402
3617,926,924,924,126,360,486,1412
3618,926,926,926,126,360,486,1412
3619,920,918,918,124,360,484,1404
3620,920,922,924,126,362,488,1408
3621,922,922,922,126,362,488,1410
3622,928,928,926,126,360,486,1414
3623,920,918,916,124,358,482,1402
3624,912,914,916,126,360,486,1398
3625,924,924,926,126,362,488,1412
3626,934,932,932,124,362,486,1420
3627,932,934,936,126,364,490,1422
3628,922,922,920,126,362,488,1410
3629,924,924,924,126,362,488,1412
3630,930,930,928,126,360,486,1416
3631,930,930,932,126,362,488,1418
3632,924,922,924,124,364,488,1412
3633,912,914,910,126,360,486,1398
3634,924,924,926,126,362,488,1412
3635,924,924,926,126,364,490,1414
3636,918,916,916,124,364,488,1406
3637,908,910,910,126,364,490,1398
3638,916,916,910,126,358,484,1400
3639,908,908,912,126,362,488,1396
3640,916,914,912,124,360,484,1400
3641,900,900,900,124,360,484,1384
3642,910,910,908,124,358,482,1392
3643,906,908,912,126,362,488,1394
3644,910,910,910,126,362,488,1398
3645,900,898,894,124,358,482,1382
3646,900,902,906,126,362,488,1388
3647,910,910,908,126,360,486,1396
3648,910,912,910,128,358,486,1396
3649,914,912,916,126,362,488,1402
3650,904,902,902,124,362,486,1390
3651,904,906,904,126,360,486,1390
3652,904,904,906,126,362,488,1392
3653,914,914,910,126,358,484,1398
3654,914,916,918,128,360,488,1402
3655,902,902,900,128,358,486,1388
3656,920,916,920,124,362,486,1406
3657,910,912,908,126,358,484,1394
3658,912,912,914,126,360,486,1398
3659,906,904,904,124,360,484,1390
3660,910,912,912,126,360,486,1396
3661,916,916,914,126,358,484,1400
3662,916,916,918,126,360,486,1402
3663,914,914,914,126,360,486,1400
3664,904,904,902,126,358,484,1388
3665,912,912,916,126,362,488,1400
3666,912,912,910,126,360,486,1398
3667,912,914,914,128,360,488,1400
3668,908,906,904,126,358,484,1392
3669,918,918,922,126,362,488,1406
3670,916,916,916,126,362,488,1404
3671,914,916,914,128,360,488,1402
3672,904,902,902,126,360,486,1390
3673,908,908,908,126,360,486,1394
3674,912,912,914,126,362,488,1400
3675,914,916,912,128,358,486,1400
3676,908,906,906,126,358,484,1392
3677,912,912,914,126,360,486,1398
3678,914,914,914,126,360,486,1400
3679,920,920,922,126,362,488,1408
3680,916,918,916,128,360,488,1404
3681,912,908,906,124,358,482,1394
3682,916,918,920,126,360,486,1402
3683,914,912,914,124,362,486,1400
3684,910,914,910,128,358,486,1396
3685,900,896,896,124,358,482,1382
3686,906,906,908,124,360,484,1390
3687,900,900,898,124,358,482,1382
3688,896,898,896,126,356,482,1378
3689,886,886,888,126,358,484,1370
3690,894,894,892,126,356,482,1376
3691,900,900,904,126,360,486,1386
3692,904,906,906,128,360,488,1392
3693,906,902,898,124,356,480,1386
3694,896,898,904,126,362,488,1384
3695,906,906,902,126,358,484,1390
3696,910,910,912,126,360,486,1396
3697,914,914,912,126,358,484,1398
3698,908,906,906,124,358,482,1390
3699,920,924,922,128,356,484,1404
3700,920,918,924,126,362,488,1408
3701,920,922,920,128,360,488,1408
3702,914,912,910,126,358,484,1398
3703,908,908,910,126,360,486,1394
3704,906,906,902,126,356,482,1388
3705,902,902,904,126,358,484,1386
3706,900,898,896,124,356,480,1380
3707,858,860,860,126,356,482,1340
3708,854,852,848,124,352,476,1330
3709,826,826,826,124,352,476,1302
3710,808,808,806,124,350,474,1282
3711,798,800,798,126,348,474,1272
3712,780,780,782,126,350,476,1256
3713,770,772,768,128,346,474,1244
3714,778,778,782,128,350,478,1256
3715,780,782,786,130,354,484,1264
3716,778,774,768,126,348,474,1252
3717,772,772,770,126,346,472,1244
3718,766,764,766,124,348,472,1238
3719,760,760,756,124,344,468,1228
3720,756,756,758,124,346,470,1226
3721,758,756,756,124,346,468,1226
3722,750,748,746,124,346,470,1220
3723,745,746,744,125,342,464,1213
3724,746.5,746,746,126,340,466,1213.5
3725,753.25,753,753,124,342,466,1219.75
3726,760,760,760,124,342,466,1226
3727,764,764,762,124,340,464,1228
3728,796,796,800,124,344,468,1264
3729,806,808,808,126,344,470,1276
3730,826,826,826,126,344,470,1296
3731,840,838,842,124,348,472,1312
3732,858,860,860,126,348,474,1332
3733,880,880,882,126,350,476,1356
3734,902,904,904,128,350,478,1380
3735,914,912,914,126,352,478,1392
3736,914,912,912,124,352,476,1390
3737,932,934,936,126,354,480,1412
3738,946,944,944,124,354,478,1424
3739,948,948,950,124,356,480,1428
3740,938,938,938,124,356,480,1418
3741,950,952,950,126,354,480,1430
3742,952,952,954,126,356,482,1434
3743,960,958,958,124,356,480,1440
3744,954,954,954,124,356,480,1434
3745,948,948,948,124,356,480,1428
3746,962,964,964,126,356,482,1444
3747,960,958,960,124,358,482,1442
3748,950,950,950,124,358,482,1432
3749,942,944,942,126,356,482,1424
3750,950,950,950,126,356,482,1432
3751,948,948,950,126,358,484,1432
3752,944,946,942,128,354,482,1426
3753,936,934,936,126,356,482,1418
3754,944,944,942,126,354,480,1424
3755,944,944,944,126,354,480,1424
3756,944,944,944,126,354,480,1424
3757,930,930,932,126,356,482,1412
3758,948,950,946,128,352,480,1428
3759,942,942,944,128,354,482,1424
3760,946,942,946,124,358,482,1428
3761,936,938,938,126,358,484,1420
3762,942,944,940,128,354,482,1424
3763,948,946,950,126,358,484,1432
3764,950,948,948,124,358,482,1432
3765,934,934,934,124,358,482,1416
3766,938,940,938,126,356,482,1420
3767,936,936,936,126,356,482,1418
3768,934,934,934,126,356,482,1416
3769,918,918,920,126,358,484,1402
3770,918,916,914,124,356,480,1398
3771,924,928,928,128,356,484,1408
3772,924,922,924,126,358,484,1408
3773,910,910,908,126,356,482,1392
3774,912,914,912,128,354,482,1394
3775,914,912,914,126,356,482,1396
3776,920,920,920,126,356,482,1402
3777,910,910,910,126,356,482,1392
3778,908,908,908,126,356,482,1390
3779,916,916,916,126,356,482,1398
3780,922,924,926,128,358,486,1408
3781,926,924,924,126,358,484,1410
3782,916,916,914,126,356,482,1398
3783,926,926,926,126,356,482,1408
3784,924,924,926,126,358,484,1408
3785,926,924,924,124,358,482,1408
3786,914,916,916,126,358,484,1398
3787,914,912,912,124,358,482,1396
3788,908,910,908,126,356,482,1390
3789,908,908,908,126,356,482,1390
3790,904,904,902,126,354,480,1384
3791,902,904,904,128,354,482,1384
3792,914,910,912,124,356,480,1394
3793,918,920,920,126,356,482,1400
3794,924,924,924,126,356,482,1406
3795,914,914,914,126,356,482,1396
3796,926,926,926,126,356,482,1408
3797,932,934,934,128,356,484,1416
3798,930,928,930,126,358,484,1414
3799,926,924,924,124,358,482,1408
3800,938,942,942,128,358,486,1424
3801,944,944,946,128,360,488,1432
3802,946,942,944,124,362,486,1432
3803,930,932,930,126,360,486,1416
3804,932,932,930,126,358,484,1416
3805,928,928,930,126,360,486,1414
3806,918,918,918,126,360,486,1404
3807,910,906,906,126,360,482,1392
3808,914,918,918,126,360,486,1400
3809,918,918,918,126,360,486,1404
3810,922,924,920,128,356,484,1406
3811,910,906,910,124,360,484,1394
3812,914,914,916,124,362,486,1400
3813,918,920,918,126,360,486,1404
3814,916,916,916,126,360,486,1402
3815,910,910,908,126,358,484,1394
3816,904,904,904,126,358,484,1388
3817,912,912,912,126,358,484,1396
3818,908,908,908,126,358,484,1392
3819,914,916,916,128,358,486,1400
3820,908,906,906,126,358,484,1392
3821,912,914,914,128,358,486,1398
3822,920,918,920,126,360,486,1406
3823,920,918,916,124,358,482,1402
3824,910,910,912,124,360,484,1394
3825,914,916,914,126,358,484,1398
3826,922,922,924,126,360,486,1408
3827,926,926,926,126,360,486,1412
3828,922,922,922,126,360,486,1408
3829,920,920,918,126,358,484,1404
3830,932,932,934,126,360,486,1418
3831,922,924,922,128,358,486,1408
3832,928,926,928,126,360,486,1414
3833,920,918,918,124,360,484,1404
3834,930,928,928,125,360,482,1412
3835,922,926,926,126,360,486,1408
3836,924,924,924,126,360,486,1410
3837,918,916,916,124,360,484,1402
3838,908,910,910,126,360,486,1394
3839,914,914,912,126,358,484,1398
3840,914,914,916,126,360,486,1400
3841,912,912,914,126,362,488,1400
3842,900,900,898,126,360,486,1386
3843,910,910,912,126,362,488,1398
3844,910,908,908,124,362,486,1396
3845,904,906,902,126,358,484,1388
3846,896,892,892,126,358,480,1376
3847,892,896,896,126,358,484,1376
3848,902,900,902,124,360,484,1386
3849,906,906,904,124,358,482,1388
3850,896,898,898,126,358,484,1380
3851,892,892,892,126,358,484,1376
3852,902,900,900,124,358,482,1384
3853,900,902,902,126,358,484,1384
3854,898,898,896,126,356,482,1380
3855,890,888,890,124,358,482,1372
3856,900,904,902,128,356,484,1384
3857,904,902,904,126,358,484,1388
3858,910,910,910,126,358,484,1394
3859,900,900,898,126,356,482,1382
3860,906,906,906,126,356,482,1388
3861,908,908,910,126,358,484,1392
3862,906,906,906,126,358,484,1390
3863,906,904,904,124,358,482,1388
3864,912,914,914,126,358,484,1396
3865,910,910,910,126,358,484,1394
3866,914,914,914,126,358,484,1398
3867,902,904,904,128,358,486,1388
3868,912,910,914,126,362,488,1400
3869,914,914,912,126,360,486,1400
3870,914,914,912,126,358,484,1398
3871,904,902,902,124,358,482,1386
3872,894,894,894,124,358,482,1376
3873,902,904,904,126,358,484,1386
3874,902,902,902,126,358,484,1386
3875,898,898,898,126,358,484,1382
3876,890,890,890,126,358,484,1374
3877,896,896,896,126,358,484,1380
3878,898,898,898,126,358,484,1382
3879,898,900,900,128,358,486,1384
3880,892,890,888,126,356,482,1374
3881,890,890,892,126,358,484,1374
3882,896,894,892,124,356,480,1376
3883,890,894,892,128,354,482,1372
3884,886,884,886,126,356,482,1368
3885,888,888,888,126,356,482,1370
3886,892,892,892,126,356,482,1374
3887,898,898,898,126,356,482,1380
3888,898,898,898,126,356,482,1380
3889,888,888,888,126,356,482,1370
3890,896,896,896,126,356,482,1378
3891,896,894,896,124,358,482,1378
3892,900,902,900,126,356,482,1382
3893,898,898,898,126,356,482,1380
3894,904,904,904,126,356,482,1386
3895,906,906,906,126,356,482,1388
3896,906,908,908,128,356,484,1390
3897,898,894,896,124,358,482,1380
3898,892,894,892,126,356,482,1374
3899,892,892,892,126,356,482,1374
3900,892,892,892,126,356,482,1374
3901,892,892,892,126,356,482,1374
3902,888,886,886,124,356,480,1368
3903,896,898,898,126,356,482,1378
3904,898,896,898,124,358,482,1380
3905,898,900,898,126,356,482,1380
3906,896,894,896,124,358,482,1378
3907,908,910,908,126,356,482,1390
3908,914,916,916,128,356,484,1398
3909,918,918,918,128,356,484,1402
3910,914,910,912,124,358,482,1396
3911,912,914,914,126,358,484,1396
3912,916,916,916,126,358,484,1400
3913,920,920,922,126,360,486,1406
3914,922,922,922,126,360,486,1408
3915,912,912,910,126,358,484,1396
3916,922,922,922,126,358,484,1406
3917,918,916,920,124,362,486,1404
3918,916,918,914,126,358,484,1400
3919,910,908,908,124,358,482,1392
3920,902,904,904,126,358,484,1386
3921,906,906,906,126,358,484,1390
3922,912,910,910,124,358,482,1394
3923,906,910,908,128,356,484,1390
3924,902,900,900,126,356,482,1384
3925,904,906,904,128,354,482,1386
3926,906,902,906,124,358,482,1388
3927,896,898,896,126,356,482,1378
3928,886,886,886,126,356,482,1368
3929,892,894,890,128,352,480,1372
3930,900,898,902,126,356,482,1382
3931,906,908,904,128,352,480,1386
3932,910,908,910,126,354,480,1390
3933,900,900,902,126,356,482,1382
3934,916,916,918,126,358,484,1400
3935,918,918,916,126,356,482,1400
3936,922,924,924,128,356,484,1406
3937,914,912,912,126,356,482,1396
3938,912,914,914,128,356,484,1396
3939,924,924,924,128,356,484,1408
3940,924,922,924,126,358,484,1408
3941,918,916,916,124,358,482,1400
3942,908,908,908,124,358,482,1390
3943,914,916,914,126,356,482,1396
3944,912,914,914,128,356,484,1396
3945,914,912,914,126,358,484,1398
3946,912,912,914,126,360,486,1398
3947,908,908,908,126,360,486,1394
3948,912,914,912,128,358,486,1398
3949,912,912,912,128,358,486,1398
3950,914,912,914,126,360,486,1400
3951,904,902,902,124,360,484,1388
3952,906,908,906,126,358,484,1390
3953,908,908,906,126,356,482,1390
3954,904,904,906,126,358,484,1388
3955,902,902,902,126,358,484,1386
3956,898,896,896,124,358,482,1380
3957,908,910,910,126,358,484,1392
3958,908,908,908,126,358,484,1392
3959,908,908,906,126,356,482,1390
3960,900,898,900,124,358,482,1382
3961,912,912,914,124,360,484,1396
3962,912,914,912,126,358,484,1396
3963,910,910,910,126,358,484,1394
3964,904,902,902,124,358,482,1386
3965,898,900,900,126,358,484,1382
3966,906,904,904,124,358,482,1388
3967,898,900,900,126,358,484,1382
3968,900,900,900,126,358,484,1384
3969,888,888,888,126,358,484,1372
3970,894,894,892,126,356,482,1376
3971,892,892,892,126,356,482,1374
3972,888,888,888,126,356,482,1370
3973,888,888,888,126,356,482,1370
3974,882,882,882,126,356,482,1364
3975,890,892,890,128,354,482,1372
3976,896,894,896,126,356,482,1378
3977,896,896,896,126,356,482,1378
3978,890,890,888,126,354,480,1370
3979,898,898,900,126,356,482,1380
3980,898,898,898,126,356,482,1380
3981,896,896,896,126,356,482,1378
3982,890,888,888,124,356,480,1370
3983,886,888,886,126,354,480,1366
3984,888,888,890,126,356,482,1370
3985,894,894,892,126,354,480,1374
3986,890,890,892,126,356,482,1372
3987,884,884,882,126,354,480,1364
3988,894,894,894,126,354,480,1374
3989,894,894,896,126,356,482,1376
3990,894,894,894,126,356,482,1376
3991,888,886,886,124,356,480,1368
3992,890,892,890,126,354,480,1370
3993,896,896,896,126,354,480,1376
3994,894,896,898,128,356,484,1378
3995,894,892,892,126,356,482,1376
3996,890,890,888,126,354,480,1370
3997,892,894,894,128,354,482,1374
3998,894,892,894,126,356,482,1376
3999,888,886,886,124,356,480,1368
4000,878,880,878,126,354,480,1358
4001,888,888,890,126,356,482,1370
4002,886,886,884,126,354,480,1366
4003,886,886,886,126,354,480,1366
4004,882,882,884,126,356,482,1364
4005,876,878,872,128,350,478,1354
4006,858,856,858,126,352,478,1336
4007,876,878,878,128,352,480,1356
4008,872,870,870,126,352,478,1350
4009,874,874,874,126,352,478,1352
4010,880,880,882,126,354,480,1360
4011,872,870,870,124,354,478,1350
4012,882,886,882,128,350,478,1360
4013,886,886,888,128,352,480,1366
4014,894,892,894,126,354,480,1374
4015,894,896,896,128,354,482,1376
4016,892,890,890,126,354,480,1372
4017,900,900,902,126,356,482,1382
4018,906,906,906,126,356,482,1388
4019,910,910,908,126,354,480,1390
4020,902,902,904,126,356,482,1384
4021,914,914,912,126,354,480,1394
4022,906,906,908,126,356,482,1388
4023,910,910,910,126,356,482,1392
4024,900,900,900,126,356,482,1382
4025,906,906,906,126,356,482,1388
4026,902,902,902,126,356,482,1384
4027,904,904,904,126,356,482,1386
4028,896,896,896,126,356,482,1378
4029,896,898,896,128,354,482,1378
4030,898,896,898,126,356,482,1380
4031,896,898,896,128,354,482,1378
4032,896,892,894,124,356,480,1376
4033,886,888,888,126,356,482,1368
4034,892,894,890,128,352,480,1372
4035,888,888,890,128,354,482,1370
4036,890,888,888,126,354,480,1370
4037,884,884,882,126,352,478,1362
4038,880,882,884,128,354,482,1362
4039,888,886,886,126,354,480,1368
4040,890,892,892,128,354,482,1372
4041,892,890,888,126,352,478,1370
4042,888,888,890,126,354,480,1368
4043,898,900,900,128,354,482,1380
4044,908,906,904,126,352,478,1386
4045,910,912,916,128,356,484,1394
4046,910,908,906,126,354,480,1390
4047,910,910,910,126,354,480,1390
4048,908,908,910,126,356,482,1390
4049,912,912,912,126,356,482,1394
4050,904,902,902,124,356,480,1384
4051,896,900,898,128,354,482,1378
4052,896,894,892,126,352,478,1374
4053,894,892,894,124,354,478,1372
4054,882,886,886,128,354,482,1364
4055,892,892,890,128,352,480,1372
4056,894,892,896,126,356,482,1376
4057,900,900,898,126,354,480,1380
4058,890,892,892,128,354,482,1372
4059,900,896,898,124,356,480,1380
4060,900,904,902,128,354,482,1382
4061,904,902,904,126,356,482,1386
4062,902,900,900,124,356,480,1382
4063,888,888,888,124,356,480,1368
4064,896,900,898,128,354,482,1378
4065,896,896,894,128,352,480,1376
4066,892,890,892,126,354,480,1372
4067,884,886,886,128,354,482,1366
4068,894,894,892,128,352,480,1374
4069,896,896,898,128,354,482,1378
4070,904,902,904,126,356,482,1386
4071,896,898,896,128,354,482,1378
4072,904,902,902,126,354,480,1384
4073,906,906,906,126,354,480,1386
4074,906,906,908,126,356,482,1388
4075,908,908,906,126,354,480,1388
4076,900,900,902,126,356,482,1382
4077,906,904,904,124,356,480,1386
4078,900,902,900,126,354,480,1380
4079,900,900,900,126,354,480,1380
4080,892,892,892,126,354,480,1372
4081,900,902,900,128,352,480,1380
4082,902,900,904,126,356,482,1384
4083,896,898,896,128,354,482,1378
4084,888,884,884,124,354,478,1366
4085,892,894,894,126,354,480,1372
4086,888,890,890,128,354,482,1370
4087,888,884,886,124,356,480,1368
4088,872,876,872,128,352,480,1352
4089,882,880,880,126,352,478,1360
4090,880,882,882,128,352,480,1360
4091,884,882,884,126,354,480,1364
4092,876,878,876,128,352,480,1356
4093,880,878,878,126,352,478,1358
4094,882,884,884,128,352,480,1362
4095,888,886,888,126,354,480,1368
4096,880,880,878,126,352,478,1358
4097,884,882,884,124,354,478,1362
4098,892,892,892,124,354,478,1370
4099,892,894,894,126,354,480,1372
4100,902,902,902,126,354,480,1382
4101,898,898,898,126,354,480,1378
4102,902,904,904,128,354,482,1384
4103,908,906,906,126,354,480,1388
4104,908,906,908,124,356,480,1388
4105,898,900,898,126,354,480,1378
4106,906,904,904,124,354,478,1384
4107,902,904,906,126,356,482,1384
4108,906,904,904,124,356,480,1386
4109,890,892,890,126,354,480,1370
4110,894,896,894,128,352,480,1374
4111,892,890,890,126,352,478,1370
4112,892,892,894,126,354,480,1372
4113,880,880,880,126,354,480,1360
4114,884,884,882,126,352,478,1362
4115,882,882,884,126,354,480,1362
4116,886,884,884,124,354,478,1364
4117,878,878,880,124,356,480,1358
4118,886,888,884,126,352,478,1364
4119,886,884,886,124,354,478,1364
4120,884,888,886,128,352,480,1364
4121,878,876,878,126,354,480,1358
4122,876,874,872,124,352,476,1352
4123,878,878,880,124,354,478,1356
4124,880,884,882,128,352,480,1360
4125,886,884,884,126,352,478,1364
4126,876,876,876,126,352,478,1354
4127,890,890,890,126,352,478,1368
4128,894,894,894,126,352,478,1372
4129,898,898,900,126,354,480,1378
4130,894,894,892,126,352,478,1372
4131,906,906,908,126,354,480,1386
4132,906,906,904,126,352,478,1384
4133,906,906,908,126,354,480,1386
4134,902,902,900,126,352,478,1380
4135,912,912,914,126,354,480,1392
4136,918,916,916,124,354,478,1396
4137,914,916,918,126,356,482,1396
4138,910,910,908,126,354,480,1390
4139,902,902,902,126,354,480,1382
4140,906,904,906,124,356,480,1386
4141,904,906,904,126,354,480,1384
4142,892,892,892,126,354,480,1372
4143,900,900,900,126,354,480,1380
4144,900,900,900,126,354,480,1380
4145,898,898,898,126,354,480,1378
4146,900,898,898,124,354,478,1378
4147,890,890,890,124,354,478,1368
4148,892,892,892,124,354,478,1370
4149,890,892,890,126,352,478,1368
4150,890,888,890,124,354,478,1368
4151,892,892,892,124,354,478,1370
4152,884,884,884,124,354,478,1362
4153,890,892,890,126,352,478,1368
4154,892,892,894,126,354,480,1372
4155,898,896,896,124,354,478,1376
4156,888,888,888,124,354,478,1366
4157,880,878,878,124,354,476,1356
4158,886,888,886,124,352,476,1362
4159,890,890,892,124,354,478,1368
4160,888,888,888,124,354,478,1366
4161,884,884,884,124,354,478,1362
4162,886,888,886,126,352,478,1364
4163,884,884,884,126,352,478,1362
4164,890,890,890,126,352,478,1368
4165,880,880,880,126,352,478,1358
4166,890,890,892,126,354,480,1370
4167,894,894,894,126,354,480,1374
4168,898,898,898,126,354,480,1378
4169,894,892,892,124,354,478,1372
4170,894,896,896,126,354,480,1374
4171,898,898,900,126,356,482,1380
4172,898,896,894,124,354,478,1376
4173,890,888,890,125,356,478,1368
4174,890,894,892,126,354,480,1370
4175,894,894,894,126,354,480,1374
4176,894,894,894,126,354,480,1374
4177,886,884,884,124,354,478,1364
4178,894,896,894,126,352,478,1372
4179,898,898,900,126,354,480,1378
4180,902,902,902,126,354,480,1382
4181,892,892,892,126,354,480,1372
4182,884,886,884,128,352,480,1364
4183,886,884,884,126,352,478,1364
4184,886,886,886,126,352,478,1364
4185,882,880,878,124,350,474,1356
4186,872,874,876,126,352,478,1350
4187,888,888,888,126,352,478,1366
4188,894,892,892,124,352,476,1370
4189,892,894,894,126,352,478,1370
4190,888,888,888,126,352,478,1366
4191,902,902,904,126,354,480,1382
4192,904,904,902,126,352,478,1382
4193,906,906,908,126,354,480,1386
4194,898,896,896,124,354,478,1376
4195,904,906,906,126,354,480,1384
4196,908,910,908,128,352,480,1388
4197,908,906,908,126,354,480,1388
4198,902,900,900,124,354,478,1380
4199,904,906,904,126,352,478,1382
4200,898,898,900,126,354,480,1378
4201,898,896,894,124,352,476,1374
4202,880,882,882,126,352,478,1358
4203,882,880,880,124,352,476,1358
4204,882,884,882,126,350,476,1358
4205,872,872,874,126,352,478,1350
4206,852,850,846,124,348,472,1324
4207,824,824,822,124,346,470,1294
4208,814,814,816,124,348,472,1286
4209,820,822,822,126,348,474,1294
4210,824,824,824,126,348,474,1298
4211,824,824,824,126,348,474,1298
4212,846,846,846,126,348,474,1320
4213,846,848,850,128,350,478,1324
4214,860,858,860,126,352,478,1338
4215,866,868,862,128,346,474,1340
4216,868,864,870,124,352,476,1344
4217,882,882,880,124,350,474,1356
4218,890,890,892,124,352,476,1366
4219,900,900,902,124,354,478,1378
4220,894,896,896,126,354,480,1374
4221,886,888,888,128,354,482,1368
4222,898,894,890,124,350,474,1372
4223,882,882,886,124,354,478,1360
4224,856,854,854,124,354,476,1332
4225,850,852,850,124,352,476,1326
4226,836,840,838,128,350,478,1314
4227,826,820,820,126,350,472,1298
4228,816,818,818,124,350,474,1290
4229,824,824,824,124,350,474,1298
4230,830,832,832,126,350,476,1306
4231,830,826,826,125,350,472,1302
4232,820,822,820,124,348,472,1292
4233,830,830,832,124,350,474,1304
4234,830,830,830,124,350,474,1304
4235,834,834,834,124,350,474,1308
4236,834,836,834,126,348,474,1308
4237,850,850,852,126,350,476,1326
4238,860,858,858,124,350,474,1334
4239,858,860,858,126,348,474,1332
4240,864,862,864,124,350,474,1338
4241,874,876,876,126,350,476,1350
4242,878,878,878,126,350,476,1354
4243,882,880,880,124,350,474,1356
4244,876,876,876,124,350,474,1350
4245,882,884,884,126,350,476,1358
4246,884,882,882,124,350,474,1358
4247,878,880,880,126,350,476,1354
4248,876,876,874,126,348,474,1350
4249,884,884,884,126,348,474,1358
4250,888,888,890,126,350,476,1364
4251,886,884,886,124,352,476,1362
4252,884,888,884,128,348,476,1360
4253,896,896,896,128,348,476,1372
4254,900,898,900,126,350,476,1376
4255,898,898,900,126,352,478,1376
4256,894,892,892,124,352,476,1370
4257,902,904,904,126,352,478,1380
4258,902,902,902,126,352,478,1380
4259,902,900,900,124,352,476,1378
4260,886,888,888,126,352,478,1364
4261,898,896,896,124,352,476,1374
4262,892,894,896,126,354,480,1372
4263,892,890,888,124,352,476,1368
4264,882,882,882,124,352,476,1358
4265,888,888,888,124,352,476,1364
4266,890,894,892,128,350,478,1368
4267,886,884,886,126,352,478,1364
4268,884,884,884,126,352,478,1362
4269,888,888,888,126,352,478,1366
4270,892,892,892,126,352,478,1370
4271,894,892,894,124,354,478,1372
4272,890,890,888,124,352,476,1366
4273,898,900,900,126,352,478,1376
4274,900,900,900,126,352,478,1378
4275,896,896,896,126,352,478,1374
4276,892,892,892,126,352,478,1370
4277,896,896,898,126,354,480,1376
4278,900,902,900,128,352,480,1380
4279,900,898,900,126,354,480,1380
4280,892,892,890,126,352,478,1370
4281,902,902,902,126,352,478,1380
4282,904,904,906,126,354,480,1384
4283,900,900,900,126,354,480,1380
4284,896,894,894,124,354,478,1374
4285,900,902,900,126,352,478,1378
4286,900,900,900,126,352,478,1378
4287,900,900,902,126,354,480,1380
4288,896,896,894,126,352,478,1374
4289,898,900,900,128,352,480,1378
4290,906,904,904,126,352,478,1384
4291,906,906,908,126,354,480,1386
4292,892,892,890,126,352,478,1370
4293,898,898,898,126,352,478,1376
4294,900,900,902,126,354,480,1380
4295,898,898,898,126,354,480,1378
4296,896,894,896,124,356,480,1376
4297,888,888,886,124,354,478,1366
4298,896,898,896,126,352,478,1374
4299,894,896,896,128,352,480,1374
4300,900,900,902,128,354,482,1382
4301,890,886,886,124,354,478,1368
4302,888,888,888,124,354,478,1366
4303,888,888,888,124,354,478,1366
4304,892,894,892,126,352,478,1370
4305,878,878,878,126,352,478,1356
4306,884,882,882,124,352,476,1360
4307,888,890,890,126,352,478,1366
4308,894,894,896,126,354,480,1374
4309,898,896,894,124,352,476,1374
4310,892,894,896,126,354,480,1372
4311,902,902,902,126,354,480,1382
4312,904,902,904,124,356,480,1384
4313,900,902,900,126,354,480,1380
4314,904,904,904,126,354,480,1384
4315,910,910,910,126,354,480,1390
4316,910,912,912,128,354,482,1392
4317,912,908,910,124,356,480,1392
4318,904,904,904,124,356,480,1384
4319,914,916,914,126,354,480,1394
4320,912,912,914,126,356,482,1394
4321,912,912,912,126,356,482,1394
4322,902,900,900,124,356,480,1382
4323,904,906,906,126,356,482,1386
4324,898,898,894,126,352,478,1376
4325,896,894,898,124,356,480,1376
4326,884,886,884,126,354,480,1364
4327,886,886,886,126,354,480,1366
4328,886,886,884,126,352,478,1364
4329,888,888,888,126,352,478,1366
4330,882,882,884,126,354,480,1362
4331,880,880,878,126,352,478,1358
4332,888,888,890,126,354,480,1368
4333,886,886,886,126,354,480,1366
4334,888,886,886,124,354,478,1366
4335,882,884,884,126,354,480,1362
4336,890,892,890,128,352,480,1370
4337,890,890,890,128,352,480,1370
4338,896,896,898,128,354,482,1378
4339,888,888,888,128,354,482,1370
4340,894,892,890,126,352,478,1372
4341,890,890,892,126,354,480,1370
4342,888,888,888,126,354,480,1368
4343,878,876,876,124,354,478,1356
4344,878,880,878,126,352,478,1356
4345,880,880,880,126,352,478,1358
4346,884,884,884,126,352,478,1362
4347,886,886,888,126,354,480,1366
4348,888,886,886,124,354,478,1366
4349,884,886,884,126,352,478,1362
4350,892,890,890,124,352,476,1368
4351,886,890,890,128,352,480,1366
4352,884,884,884,128,352,480,1364
4353,878,876,876,126,352,478,1356
4354,888,888,886,126,350,476,1364
4355,878,880,882,128,352,480,1358
4356,872,870,870,126,352,478,1350
4357,870,868,870,124,354,478,1348
4358,878,878,878,124,354,478,1356
4359,878,878,878,124,354,478,1356
4360,872,872,872,124,354,478,1350
4361,872,872,872,124,354,478,1350
4362,876,878,876,126,352,478,1354
4363,880,882,882,128,352,480,1360
4364,878,874,878,124,356,480,1358
4365,874,876,874,126,354,480,1354
4366,888,890,890,128,354,482,1370
4367,888,888,888,128,354,482,1370
4368,888,886,888,126,356,482,1370
4369,884,882,880,124,354,478,1362
4370,890,892,894,126,356,482,1372
4371,890,890,890,126,356,482,1372
4372,894,894,894,126,356,482,1376
4373,884,884,884,126,356,482,1366
4374,888,886,884,124,354,478,1366
4375,880,882,882,126,354,480,1360
4376,882,882,882,126,354,480,1362
4377,872,872,872,126,354,480,1352
4378,878,878,878,126,354,480,1358
4379,876,876,874,126,352,478,1354
4380,882,882,884,126,354,480,1362
4381,878,878,878,126,354,480,1358
4382,894,892,892,124,354,478,1372
4383,892,894,894,126,354,480,1372
4384,892,894,892,128,352,480,1372
4385,886,884,886,126,354,480,1366
4386,890,890,890,126,354,480,1370
4387,896,898,898,128,354,482,1378
4388,900,898,898,126,354,480,1380
4389,900,898,898,124,354,478,1378
4390,894,896,898,126,356,482,1376
4391,910,910,910,126,356,482,1392
4392,912,912,912,126,356,482,1394
4393,908,910,908,128,354,482,1390
4394,896,894,892,126,352,478,1374
4395,902,902,904,126,354,480,1382
4396,904,904,904,126,354,480,1384
4397,908,910,908,128,352,480,1388
4398,902,900,900,126,352,478,1380
4399,902,902,904,126,354,480,1382
4400,918,916,918,124,356,480,1398
4401,912,916,914,128,354,482,1394
4402,912,910,912,126,356,482,1394
4403,904,904,904,126,356,482,1386
4404,914,914,914,126,356,482,1396
4405,912,912,912,126,356,482,1394
4406,912,910,912,124,358,482,1394
4407,896,898,896,126,356,482,1378
4408,908,908,908,126,356,482,1390
4409,908,906,908,124,358,482,1390
4410,902,904,900,126,354,480,1382
4411,892,890,894,124,358,482,1374
4412,884,888,884,128,354,482,1366
4413,894,892,894,126,356,482,1376
4414,892,892,890,126,354,480,1372
4415,890,888,890,124,356,480,1370
4416,888,890,888,126,354,480,1368
4417,900,900,900,126,354,480,1380
4418,906,906,910,126,358,484,1390
4419,912,912,910,126,356,482,1394
4420,910,910,910,126,356,482,1392
4421,912,912,912,126,356,482,1394
4422,916,916,918,126,358,484,1400
4423,920,920,918,126,356,482,1402
4424,916,914,916,124,358,482,1398
4425,904,904,904,124,358,482,1386
4426,912,912,912,124,358,482,1394
4427,912,914,914,126,358,484,1396
4428,910,912,910,128,356,484,1394
4429,902,900,902,126,358,484,1386
4430,900,900,900,126,358,484,1384
4431,902,902,900,126,356,482,1384
4432,900,898,898,124,356,480,1380
4433,882,884,884,126,356,482,1364
4434,888,888,888,126,356,482,1370
4435,890,890,888,126,354,480,1370
4436,888,888,888,126,354,480,1368
4437,880,880,882,126,356,482,1362
4438,880,878,878,124,356,480,1360
4439,884,886,884,126,354,480,1364
4440,888,888,890,126,356,482,1370
4441,886,886,886,126,356,482,1368
4442,882,882,882,126,356,482,1364
4443,894,894,894,126,356,482,1376
4444,892,890,890,124,356,480,1372
4445,890,890,890,124,356,480,1370
4446,882,884,884,126,356,482,1364
4447,892,892,892,126,356,482,1374
4448,888,888,888,126,356,482,1370
4449,896,896,894,126,354,480,1376
4450,882,882,884,126,356,482,1364
4451,882,880,880,124,356,480,1362
4452,882,882,882,124,356,480,1362
4453,880,882,880,126,354,480,1360
4454,878,878,878,126,354,480,1358
4455,870,870,870,126,354,480,1350
4456,880,880,880,126,354,480,1360
4457,876,874,874,124,354,478,1354
4458,874,876,876,126,354,480,1354
4459,870,868,870,124,356,480,1350
4460,880,882,880,126,354,480,1360
4461,878,880,878,128,352,480,1358
4462,878,876,878,126,354,480,1358
4463,870,870,870,126,354,480,1350
4464,874,876,874,128,352,480,1354
4465,866,862,862,124,352,476,1342
4466,838,838,838,124,352,476,1314
4467,840,842,840,126,350,476,1316
4468,834,836,840,128,354,482,1316
4469,826,828,824,130,350,480,1306
4470,846,842,842,126,350,476,1322
4471,842,846,846,130,350,480,1322
4472,846,840,842,124,352,476,1322
4473,834,836,832,126,348,474,1308
4474,834,836,838,128,350,478,1312
4475,818,816,818,126,352,478,1296
4476,800,800,796,126,348,474,1274
4477,810,808,808,124,348,472,1282
4478,806,808,810,126,350,476,1282
4479,782,780,776,124,346,470,1252
4480,786,788,786,126,344,470,1256
4481,780,780,782,126,346,472,1252
4482,774,782,780,127,344,478,1252
4483,770,764,764,128,344,472,1242
4484,766,764,764,126,344,470,1236
4485,760,762,760,128,342,470,1230
4486,752,752,752,128,340,468,1221
4487,745,744,744,126,342,468,1212.5
4488,744.5,745,745,124,342,466,1212.25
4489,747.25,747.5,747.5,126,342,468,1215.125
4490,753.625,753.75,753.75,126,342,468,1221.562
4491,760,760,760,126,342,468,1228
4492,766,766,766,126,342,468,1234
4493,786,784,786,124,344,468,1254
4494,796,798,798,126,344,470,1266
4495,802,802,802,126,344,470,1272
4496,802,800,802,124,346,470,1272
4497,818,820,818,126,344,470,1288
4498,832,830,832,124,346,470,1302
4499,828,826,826,124,346,468,1296
4500,830,832,832,124,346,470,1300
4501,846,846,846,124,346,470,1316
4502,852,852,852,124,346,470,1322
4503,856,856,856,124,346,470,1326
4504,854,856,856,126,346,472,1326
4505,870,868,870,124,348,472,1342
4506,872,874,874,126,348,474,1346
4507,880,880,880,126,348,474,1354
4508,876,876,874,126,346,472,1348
4509,884,882,884,124,348,472,1356
4510,892,894,894,126,348,474,1366
4511,892,892,890,126,346,472,1364
4512,888,888,890,126,348,474,1362
4513,896,896,896,126,348,474,1370
4514,900,902,902,128,348,476,1376
4515,898,894,894,124,348,472,1370
4516,894,898,898,128,348,476,1370
4517,906,906,906,128,348,476,1382
4518,916,914,916,126,350,476,1392
4519,908,906,906,124,350,474,1382
4520,904,906,906,126,350,476,1380
4521,914,914,914,126,350,476,1390
4522,926,926,926,126,350,476,1402
4523,920,918,920,124,352,476,1396
4524,912,914,912,126,350,476,1388
4525,918,920,920,128,350,478,1396
4526,922,920,920,126,350,476,1398
4527,918,916,918,124,352,476,1394
4528,910,912,910,126,350,476,1386
4529,918,918,918,126,350,476,1394
4530,916,918,918,128,350,478,1394
4531,914,912,912,126,350,476,1390
4532,906,904,906,124,352,476,1382
4533,912,916,914,128,350,478,1390
4534,922,916,918,126,352,474,1396
4535,918,920,920,124,352,476,1394
4536,906,908,906,126,350,476,1382
4537,914,914,914,126,350,476,1390
4538,912,910,912,124,352,476,1388
4539,906,910,908,128,350,478,1384
4540,900,896,898,124,352,476,1376
4541,912,910,910,125,352,474,1386
4542,906,910,910,126,352,478,1384
4543,904,902,900,124,350,474,1378
4544,890,892,892,126,350,476,1366
4545,896,896,896,126,350,476,1372
4546,896,894,896,124,352,476,1372
4547,890,890,890,124,352,476,1366
4548,888,888,886,124,350,474,1362
4549,890,890,892,124,352,476,1366
4550,890,892,890,126,350,476,1366
4551,886,886,886,126,350,476,1362
4552,886,886,886,126,350,476,1362
4553,888,886,888,124,352,476,1364
4554,898,898,898,124,352,476,1374
4555,894,898,898,128,352,480,1374
4556,896,892,894,124,354,478,1374
4557,906,910,908,128,352,480,1386
4558,910,908,910,126,354,480,1390
4559,910,908,906,124,352,476,1386
4560,902,902,906,124,356,480,1382
4561,908,910,908,126,354,480,1388
4562,904,902,902,124,354,478,1382
4563,898,900,898,126,352,478,1376
4564,892,888,890,126,354,476,1368
4565,892,896,896,126,354,480,1372
4566,894,894,892,126,352,478,1372
4567,892,892,894,126,354,480,1372
4568,890,888,886,124,352,476,1366
4569,896,898,900,126,354,480,1376
4570,898,898,898,126,354,480,1378
4571,906,906,904,126,352,478,1384
4572,902,900,900,124,352,476,1378
4573,914,916,918,126,354,480,1394
4574,918,918,918,126,354,480,1398
4575,916,916,918,126,356,482,1398
4576,908,906,904,124,354,478,1386
4577,916,918,918,126,354,480,1396
4578,918,918,920,126,356,482,1400
4579,916,916,916,126,356,482,1398
4580,908,906,908,124,358,482,1390
4581,910,912,908,126,354,480,1390
4582,910,908,908,124,354,478,1388
4583,902,902,902,124,354,478,1380
4584,898,896,898,125,356,478,1376
4585,898,902,898,126,352,478,1376
4586,902,900,900,124,352,476,1378
4587,900,900,902,124,354,478,1378
4588,890,892,892,126,354,480,1370
4589,898,896,896,124,354,478,1376
4590,892,894,894,126,354,480,1372
4591,892,892,894,126,356,482,1374
4592,888,886,886,124,356,480,1368
4593,896,896,894,124,354,478,1374
4594,902,904,904,126,354,480,1382
4595,886,882,880,125,352,474,1360
4596,886,888,894,124,358,482,1368
4597,866,870,870,128,358,486,1352
4598,866,862,858,124,354,478,1344
4599,836,834,834,124,354,476,1312
4600,804,806,804,124,352,476,1280
4601,800,802,800,126,350,476,1276
4602,776,774,772,124,348,472,1248
4603,766,766,766,124,348,472,1238
4604,760,760,758,124,346,470,1230
4605,766,766,766,124,346,470,1236
4606,776,776,776,124,346,470,1246
4607,788,790,790,126,346,472,1260
4608,792,790,792,124,348,472,1264
4609,808,804,806,122,350,470,1278
4610,806,806,806,122,350,470,1276
4611,824,826,826,122,350,472,1296
4612,828,828,828,122,350,472,1300
4613,828,828,828,122,350,472,1300
4614,830,830,832,122,352,474,1304
4615,834,834,830,121,348,470,1304
4616,828,826,830,121.5,352,472,1300
4617,830,832,828,122.75,348,470,1300
4618,836,838,840,124,350,474,1310
4619,838,838,838,124,350,474,1312
4620,840,840,836,124,346,470,1310
4621,840,838,840,122,348,470,1310
4622,850,848,846,123,346,466,1316
4623,852,856,860,124,350,474,1326
4624,860,862,862,126,350,476,1336
4625,868,868,868,126,350,476,1344
4626,870,870,872,126,352,478,1348
4627,858,858,854,126,348,474,1332
4628,864,862,866,124,352,476,1340
4629,862,862,852,124,342,466,1328
4630,850,852,860,126,350,476,1326
4631,846,848,846,128,348,476,1322
4632,844,838,842,128,352,474,1318
4633,820,826,822,128,348,476,1296
4634,816,816,816,128,348,476,1292
4635,814,810,808,124,346,470,1284
4636,800,800,802,124,348,472,1272
4637,794,794,794,124,348,472,1266
4638,788,790,790,126,348,474,1262
4639,786,784,782,124,346,470,1256
4640,772,776,774,128,344,472,1244
4641,770,768,768,126,344,470,1240
4642,768,768,766,126,342,468,1236
4643,797,758,762,128,346,469,1230
4644,826,768,762,130,340,470,1296
4645,766,762,764,126,342,468,1234
4646,762,760,760,124,342,466,1228
4647,766,764,764,123,342,464,1230
4648,774,774,778,122.5,346,468,1242
4649,776,776,770,124.25,340,462,1238
4650,764,768,772,126,344,470,1234
4651,780,776,772,125,340,462,1242
4652,778,780,782,124,342,466,1244
4653,780,780,778,124,340,464,1244
4654,774,774,772,124,338,462,1236
4655,790,790,792,124,340,464,1254
4656,796,798,796,126,338,464,1260
4657,780,780,780,126,338,464,1244
4658,784,782,784,124,340,464,1248
4659,788,788,786,124,338,462,1250
4660,786,786,786,124,338,462,1248
4661,798,798,800,124,340,464,1262
4662,810,810,810,124,340,464,1274
4663,800,800,800,124,340,464,1264
4664,812,816,816,128,340,468,1280
4665,820,816,818,124,342,466,1286
4666,824,824,826,124,344,468,1292
4667,822,822,820,124,342,466,1288
4668,820,822,822,126,342,468,1288
4669,818,820,816,128,338,466,1284
4670,820,816,822,124,344,468,1288
4671,816,820,818,128,342,470,1286
4672,818,814,814,124,342,466,1284
4673,808,806,806,123,342,464,1272
4674,812,812,810,124.5,340,462,1274
4675,792,796,796,126,340,466,1258
4676,790,790,790,126,340,466,1256
4677,790,790,788,126,338,464,1254
4678,796,794,798,124,342,466,1262
4679,794,794,790,124,338,462,1256
4680,792,794,794,126,338,464,1256
4681,790,790,792,126,340,466,1256
4682,794,792,790,124,338,462,1256
4683,798,800,800,126,338,464,1262
4684,800,800,802,126,340,466,1266
4685,804,802,802,124,340,464,1268
4686,806,806,806,124,340,464,1270
4687,820,820,818,124,338,462,1282
4688,814,818,818,128,338,466,1280
4689,816,812,814,124,340,464,1280
4690,816,816,816,124,340,464,1280
4691,798,800,796,126,336,462,1260
4692,802,800,800,124,336,460,1262
4693,802,804,806,126,338,464,1266
4694,800,800,800,126,338,464,1264
4695,816,816,814,126,336,462,1278
4696,816,818,820,128,338,466,1282
4697,834,832,836,126,342,468,1302
4698,838,838,836,126,340,466,1304
4699,858,860,860,128,340,468,1326
4700,864,864,866,128,342,470,1334
4701,866,864,866,126,344,470,1336
4702,868,868,866,126,342,468,1336
4703,870,868,870,124,344,468,1338
4704,874,874,876,124,346,470,1344
4705,862,864,860,126,342,468,1330
4706,872,872,872,126,342,468,1340
4707,868,866,868,124,344,468,1336
4708,866,866,866,124,344,468,1334
4709,866,868,868,126,344,470,1336
4710,870,870,870,126,344,470,1340
4711,862,862,862,126,344,470,1332
4712,858,856,858,124,346,470,1328
4713,860,862,860,126,344,470,1330
4714,858,860,858,128,342,470,1328
4715,844,842,844,126,344,470,1314
4716,854,854,854,126,344,470,1324
4717,854,854,856,126,346,472,1326
4718,860,860,856,126,342,468,1328
4719,854,854,856,126,344,470,1324
4720,856,856,856,126,344,470,1326
4721,860,860,860,126,344,470,1330
4722,852,852,852,126,344,470,1322
4723,860,862,862,128,344,472,1332
4724,862,860,860,126,344,470,1332
4725,862,862,862,126,344,470,1332
4726,862,862,862,126,344,470,1332
4727,878,878,878,126,344,470,1348
4728,882,880,880,124,344,468,1350
4729,884,886,886,126,344,470,1354
4730,890,890,890,126,344,470,1360
4731,894,894,896,126,346,472,1366
4732,890,890,890,126,346,472,1362
4733,882,880,878,124,344,468,1350
4734,876,880,882,128,346,474,1350
4735,882,878,878,124,346,470,1352
4736,880,882,882,126,346,472,1352
4737,876,874,872,124,344,468,1344
4738,880,882,882,126,344,470,1350
4739,888,886,888,124,346,470,1358
4740,892,894,894,126,346,472,1364
4741,896,898,896,128,344,472,1368
4742,906,902,906,124,348,472,1378
4743,910,912,910,126,346,472,1382
4744,906,904,904,124,346,470,1376
4745,902,904,904,126,346,472,1374
4746,910,906,908,125,348,470,1380
4747,908,910,910,124,348,472,1380
4748,902,902,902,124,348,472,1374
4749,898,898,896,124,346,470,1368
4750,896,896,898,124,348,472,1368
4751,902,904,904,126,348,474,1376
4752,900,898,898,124,348,472,1372
4753,892,892,892,124,348,472,1364
4754,902,904,904,126,348,474,1376
4755,904,902,904,124,350,474,1378
4756,892,892,890,124,348,472,1364
4757,892,892,892,124,348,472,1364
4758,892,892,892,124,348,472,1364
4759,896,894,898,124,352,474,1370
4760,882,884,880,124,348,472,1354
4761,892,892,892,124,348,472,1364
4762,890,892,892,126,348,474,1364
4763,896,894,894,124,348,472,1368
4764,882,882,882,124,348,472,1354
4765,894,896,896,126,348,474,1368
4766,900,896,896,125,348,470,1370
4767,890,892,890,124,346,470,1360
4768,876,876,876,124,346,470,1346
4769,874,872,874,125,348,470,1344
4770,864,868,864,126,344,470,1334
4771,870,870,874,126,348,474,1344
4772,862,862,858,126,344,470,1332
4773,844,842,842,124,344,468,1312
4774,826,826,826,124,344,468,1294
4775,814,812,810,123,342,464,1278
4776,810,810,810,123.5,342,464,1274
4777,800,802,802,124,342,466,1266
4778,824,824,826,124,344,468,1292
4779,832,832,834,124,346,470,1302
4780,840,842,842,126,346,472,1312
4781,840,836,836,125,346,468,1308
4782,854,856,856,124,346,470,1324
4783,866,866,866,124,346,470,1336
4784,874,874,876,124,348,472,1346
4785,862,862,862,124,348,472,1334
4786,876,876,876,124,348,472,1348
4787,876,876,876,124,348,472,1348
4788,878,878,880,124,350,474,1352
4789,870,868,868,123,350,472,1342
4790,880,880,878,122.5,348,470,1350
4791,886,886,888,122.25,350,472,1358
4792,882,882,882,124.125,350,472,1354
4793,876,880,878,126,348,474,1350
4794,886,882,882,125,348,470,1356
4795,886,888,890,124,350,474,1360
4796,872,872,870,124,348,472,1344
4797,882,882,882,124,348,472,1354
4798,886,886,888,124,350,474,1360
4799,888,888,886,124,348,472,1360
4800,890,892,892,126,348,474,1364
4801,896,894,896,124,350,474,1370
4802,904,906,906,126,350,476,1380
4803,896,894,892,124,348,472,1368
4804,900,900,902,124,350,474,1374
4805,900,900,902,124,352,476,1376
4806,892,892,890,124,350,474,1366
4807,900,902,902,126,350,476,1376
4808,900,900,902,126,352,478,1378
4809,902,900,900,124,352,476,1378
4810,896,896,896,124,352,476,1372
4811,896,898,896,126,350,476,1372
4812,902,898,900,125,352,474,1376
4813,890,892,890,124,350,474,1364
4814,898,898,900,124,352,476,1374
4815,896,896,896,124,352,476,1372
4816,892,892,890,124,350,474,1366
4817,882,880,882,124,352,474,1356
4818,884,886,884,124,350,474,1358
4819,888,888,888,124,350,474,1362
4820,882,882,882,124,350,474,1356
4821,884,884,884,124,350,474,1358
4822,884,884,884,124,350,474,1358
4823,890,890,890,124,350,474,1364
4824,882,882,882,124,350,474,1356
4825,886,888,888,126,350,476,1362
4826,894,892,892,124,350,474,1368
4827,892,892,892,124,350,474,1366
4828,882,882,882,124,350,474,1356
4829,894,892,892,124,350,472,1366
4830,890,892,894,124,352,476,1366
4831,896,894,894,124,352,474,1370
4832,888,890,890,124,352,476,1364
4833,898,898,898,124,352,476,1374
4834,896,898,898,126,352,478,1374
4835,900,898,898,124,352,476,1376
4836,890,892,892,126,352,478,1368
4837,896,896,894,126,350,476,1372
4838,902,900,902,124,352,476,1378
4839,888,888,886,124,350,474,1362
4840,890,894,894,128,350,478,1368
4841,884,880,882,124,352,476,1360
4842,874,874,872,124,350,474,1348
4843,858,860,858,126,348,474,1332
4844,850,846,848,124,350,472,1322
4845,834,834,832,124,348,470,1304
4846,828,830,830,124,348,472,1300
4847,830,830,828,124,346,470,1300
4848,830,830,830,124,346,470,1300
4849,836,838,840,126,348,474,1310
4850,852,852,852,126,348,474,1326
4851,850,850,850,126,348,474,1324
4852,870,870,872,126,350,476,1346
4853,882,878,880,125,352,474,1356
4854,888,890,890,124,352,476,1364
4855,888,886,888,125,354,476,1364
4856,894,898,896,126,352,478,1372
4857,896,896,894,126,350,476,1372
4858,890,888,890,124,352,476,1366
4859,888,888,888,124,352,476,1364
4860,892,892,892,124,352,476,1368
4861,894,892,894,124,354,476,1370
4862,886,888,886,124,352,476,1362
4863,896,894,894,125,352,474,1370
4864,900,904,904,126,352,478,1378
4865,908,906,906,124,352,476,1384
4866,894,894,894,124,352,476,1370
4867,902,902,904,124,354,478,1380
4868,906,906,904,124,352,476,1382
4869,910,910,912,124,354,478,1388
4870,902,902,900,124,352,476,1378
4871,910,910,912,124,354,478,1388
4872,912,912,912,124,354,478,1390
4873,906,906,904,124,352,476,1382
4874,892,892,892,124,352,476,1368
4875,890,890,892,124,354,478,1368
4876,900,900,900,124,354,478,1378
4877,886,886,886,124,354,478,1364
4878,894,896,896,126,354,480,1374
4879,896,894,894,124,354,478,1374
4880,898,898,898,124,354,478,1376
4881,888,888,888,124,354,478,1366
4882,904,904,906,124,356,480,1384
4883,902,904,902,126,354,480,1382
4884,900,898,898,124,354,478,1378
4885,890,888,890,124,356,478,1368
4886,898,900,900,124,356,480,1378
4887,900,898,898,125,356,478,1378
4888,890,894,892,126,354,480,1370
4889,892,890,890,124,354,478,1370
4890,896,896,898,124,356,480,1376
4891,904,904,902,124,354,478,1382
4892,896,894,894,123,354,476,1372
4893,900,900,900,125.5,354,476,1376
4894,900,906,906,128,354,482,1382
4895,906,902,902,124,354,478,1384
4896,898,898,898,124,354,478,1376
4897,904,904,904,124,354,478,1382
4898,910,912,912,126,354,480,1390
4899,902,900,900,124,354,478,1380
4900,902,906,906,128,354,482,1384
4901,902,900,902,126,356,482,1384
4902,894,890,888,124,354,476,1370
4903,894,894,896,125,356,478,1372
4904,890,894,892,126,354,480,1370
4905,890,888,888,124,354,478,1368
4906,878,880,880,126,354,480,1358
4907,882,880,880,124,354,478,1360
4908,884,886,886,126,354,480,1364
4909,880,876,876,125,354,476,1356
4910,884,886,886,124,354,478,1362
4911,888,888,888,124,354,478,1366
4912,886,884,884,124,354,476,1362
4913,876,878,878,124,354,478,1354
4914,886,888,888,126,354,480,1366
4915,892,890,890,124,354,478,1370
4916,890,888,890,124,356,478,1368
4917,886,888,886,124,354,478,1364
4918,892,892,892,124,354,478,1370
4919,882,882,880,124,352,476,1358
4920,878,878,880,124,354,478,1356
4921,872,872,872,124,354,478,1350
4922,866,866,866,124,354,478,1344
4923,860,860,858,124,352,476,1336
4924,862,862,862,124,352,476,1338
4925,862,862,862,124,352,476,1338
4926,858,858,858,124,352,476,1334
4927,868,868,868,124,352,476,1344
4928,872,870,874,124,356,478,1350
4929,874,876,874,124,354,478,1352
4930,872,870,868,123,352,474,1346
4931,878,878,878,123.5,352,474,1352
4932,878,880,880,124,352,476,1354
4933,882,882,884,124,354,478,1360
4934,880,880,880,124,354,478,1358
4935,892,890,890,123,354,476,1368
4936,892,892,894,122.5,356,478,1370
4937,894,894,894,122.25,356,478,1372
4938,890,890,890,122.125,356,478,1368
4939,898,898,898,122.062,356,478,1376
4940,896,896,896,123.031,356,478,1374
4941,884,886,886,124,356,480,1364
4942,890,888,886,124,354,476,1366
4943,884,886,886,124,354,478,1362
4944,882,882,882,124,354,478,1360
4945,872,874,874,126,354,480,1352
4946,874,872,872,124,354,478,1352
4947,874,874,874,124,354,478,1352
4948,860,860,858,124,352,476,1336
4949,864,866,864,126,350,476,1340
4950,866,862,866,124,354,476,1342
4951,870,870,870,123,354,476,1346
4952,868,868,868,123.5,354,476,1344
4953,874,876,876,124,354,478,1352
4954,884,884,884,124,354,478,1362
4955,876,878,876,126,352,478,1354
4956,890,888,890,124,354,478,1368
4957,890,890,890,124,354,478,1368
4958,900,900,900,124,354,478,1378
4959,896,894,896,124,356,478,1374
4960,906,908,908,124,356,480,1386
4961,908,906,906,123,356,478,1386
4962,900,900,900,122.5,356,478,1378
4963,896,896,894,122.25,354,476,1372
4964,892,892,892,123.125,354,476,1368
4965,888,890,890,124,354,478,1366
4966,872,872,872,124,354,478,1350
4967,878,878,878,124,354,478,1356
4968,874,876,876,126,354,480,1354
4969,862,860,856,124,350,474,1336
4970,844,846,846,126,350,476,1320
4971,846,842,840,126,348,470,1316
4972,806,810,810,126,348,474,1280
4973,812,812,814,126,350,476,1288
4974,816,812,814,126,352,474,1290
4975,804,808,804,126,348,474,1278
4976,810,812,810,128,346,474,1284
4977,836,798,792,161,340,503,1266
4978,862,794,792,141.5,338,488.5,1394
4979,854,782,796,130.75,352,474,1328
4980,782,780,774,127.375,346,466,1248
4981,780,784,784,124,346,470,1250
4982,774,780,780,130,346,476,1250
4983,778,774,772,126,344,470,1248
4984,801,770,774,131,348,476,1244
4985,824,768,766,127.5,346,482,1306
4986,768,756,762,124,344,468,1236
4987,760,756,758,126,346,472,1226
4988,755,753,753,124,346,470,1222
4989,749.5,749.5,748.5,124,344,468,1217
4990,746.75,745.75,744.25,126,342,468,1212.5
4991,742.375,741.875,741.125,124,340,464,1207.25
4992,740.188,738.938,738.562,124,340,464,1203.625
4993,737.094,738.469,736.281,125,340,462,1199.812
4994,733.547,732.234,732.141,126,336,462,1194.906
4995,735.773,737.117,736.07,126,338,460,1197.453
4996,737.887,737.559,737.035,126,336,462,1198.727
4997,756.943,755.779,758.518,124,336,460,1219.363
4998,776,774,780,125,342,464,1240
4999,792,796,798,126,344,470,1262
5000,822,826,828,130,346,476,1298
5001,862,860,864,128,350,478,1340
5002,876,878,880,130,352,482,1358
5003,938,938,944,130,358,488,1426
5004,978,978,980,130,360,490,1468
5005,982,978,982,126,364,490,1472
5006,1002,999,1004,126,364,490,1492
5007,1011,1010.5,1012,124,370,494,1503
5008,1001.5,999.25,1000,126,368,494,1492.5
5009,992,988,988,125,368,490,1482
5010,1003,1002,1002,124,368,492,1495
5011,992.5,990,990,126,368,494,1483.5
5012,982,978,978,124,368,490,1472
5013,984,984,984,123,368,490,1474
5014,976,976,974,123.5,366,488,1464
5015,960,962,964,124,368,492,1452
5016,944,944,942,124,366,490,1434
5017,944,946,946,126,366,492,1436
5018,940,938,938,124,366,490,1430
5019,918,918,916,124,364,488,1406
5020,920,922,924,126,366,492,1412
5021,918,916,914,124,364,488,1406
5022,904,906,900,126,358,484,1388
5023,894,892,894,124,360,484,1378
5024,896,898,898,126,360,486,1382
5025,896,898,896,128,358,486,1382
5026,888,886,888,126,360,486,1374
5027,892,892,892,126,360,486,1378
5028,888,888,888,126,360,486,1374
5029,888,888,886,126,358,484,1372
5030,876,874,874,124,358,482,1358
5031,876,880,880,128,358,486,1362
5032,874,872,872,126,358,484,1358
5033,872,874,874,128,358,486,1358
5034,870,870,868,128,356,484,1354
5035,874,870,872,124,358,482,1356
5036,870,872,874,126,360,486,1356
5037,870,872,870,128,358,486,1356
5038,858,860,852,130,350,480,1338
5039,856,850,852,124,352,476,1332
5040,852,854,856,126,354,480,1332
5041,856,856,856,126,354,480,1336
5042,852,850,850,124,354,478,1330
5043,850,852,850,126,352,478,1328
5044,842,840,844,124,356,480,1322
5045,840,844,838,128,350,478,1318
5046,818,816,818,126,352,478,1296
5047,812,812,812,126,352,478,1290
5048,792,792,788,126,348,474,1266
5049,772,774,774,128,348,476,1248
5050,768,766,764,126,346,472,1240
5051,766,768,768,128,346,474,1240
5052,758,760,773,130,340,470,1228
5053,774,772,778,128,346,474,1248
5054,782,780,782,126,348,474,1256
5055,804,804,804,126,348,474,1278
5056,794,796,790,128,342,470,1264
5057,804,804,808,128,346,474,1278
5058,806,806,808,128,348,476,1282
5059,818,816,818,126,350,476,1294
5060,824,824,824,126,350,476,1300
5061,826,826,824,126,348,474,1300
5062,836,834,838,124,352,476,1312
5063,836,840,838,128,350,478,1314
5064,844,842,844,126,352,478,1322
5065,840,840,836,126,348,474,1314
5066,846,846,848,126,350,476,1322
5067,848,848,850,126,352,478,1326
5068,850,850,848,126,350,476,1326
5069,846,844,844,124,350,474,1320
5070,850,852,854,126,352,478,1328
5071,852,854,852,128,350,478,1330
5072,856,856,856,128,350,478,1334
5073,854,854,852,128,348,476,1330
5074,858,856,860,126,352,478,1336
5075,864,862,862,124,352,476,1340
5076,862,866,864,128,350,478,1340
5077,864,862,862,126,350,476,1340
5078,860,860,862,126,352,478,1338
5079,866,866,866,126,352,478,1344
5080,870,870,872,126,354,480,1350
5081,868,870,866,128,350,478,1346
5082,870,868,868,126,350,476,1346
5083,874,872,876,124,354,478,1352
5084,878,882,880,128,352,480,1358
5085,876,874,874,126,352,478,1354
5086,868,866,866,124,352,476,1344
5087,874,876,876,126,352,478,1352
5088,872,874,872,128,350,478,1350
5089,876,878,876,130,348,478,1354
5090,874,872,872,128,348,476,1350
5091,884,884,888,128,352,480,1364
5092,884,884,884,128,352,480,1364
5093,890,888,888,126,352,478,1368
5094,882,882,882,126,352,478,1360
5095,896,896,898,126,354,480,1376
5096,894,894,896,126,356,482,1376
5097,898,896,894,124,354,478,1376
5098,886,888,886,126,352,478,1364
5099,890,890,892,126,354,480,1370
5100,894,894,894,126,354,480,1374
5101,896,898,898,128,354,482,1378
5102,880,878,878,126,354,480,1360
5103,888,890,890,128,354,482,1370
5104,888,888,888,128,354,482,1370
5105,886,884,884,126,354,480,1366
5106,882,882,880,126,352,478,1360
5107,886,886,890,126,356,482,1368
5108,888,888,888,126,356,482,1370
5109,882,882,880,126,354,480,1362
5110,878,878,878,126,354,480,1358
5111,884,882,882,124,354,478,1362
5112,878,884,882,130,352,482,1360
5113,888,884,886,126,354,480,1368
5114,872,872,872,126,354,480,1352
5115,878,880,880,128,354,482,1360
5116,874,872,872,126,354,480,1354
5117,870,872,872,128,354,482,1352
5118,870,868,866,126,352,478,1348
5119,860,862,860,128,350,478,1338
5120,866,864,868,126,354,480,1346
5121,864,866,866,128,354,482,1346
5122,862,860,858,126,352,478,1340
5123,862,862,864,126,354,480,1342
5124,866,866,868,126,356,482,1348
5125,868,868,866,126,354,480,1348
5126,868,870,868,128,352,480,1348
5127,868,868,868,128,352,480,1348
5128,872,870,872,126,354,480,1352
5129,870,868,870,124,356,480,1350
5130,862,866,860,128,350,478,1340
5131,860,858,864,126,356,482,1342
5132,864,864,860,126,352,478,1342
5133,864,866,866,128,352,480,1344
5134,868,868,868,128,352,480,1348
5135,864,864,864,128,352,480,1344
5136,878,876,880,126,356,482,1360
5137,880,882,880,128,354,482,1362
5138,884,884,884,128,354,482,1366
5139,878,878,876,128,352,480,1358
5140,876,874,878,126,356,482,1358
5141,880,882,882,128,356,484,1364
5142,882,880,880,126,356,482,1364
5143,884,882,880,124,354,478,1362
5144,876,876,878,124,356,480,1356
5145,886,888,888,126,356,482,1368
5146,886,886,888,126,358,484,1370
5147,888,890,888,128,356,484,1372
5148,880,880,878,128,354,482,1362
5149,878,878,880,128,356,484,1362
5150,874,874,874,128,356,484,1358
5151,880,878,878,126,356,482,1362
5152,876,876,874,126,354,480,1356
5153,880,882,884,128,356,484,1364
5154,886,884,884,126,356,482,1368
5155,878,880,880,128,356,484,1362
5156,876,872,874,124,358,482,1358
5157,876,876,874,124,356,480,1356
5158,870,872,872,126,356,482,1352
5159,870,872,870,128,354,482,1352
5160,862,862,860,128,352,480,1342
5161,864,862,864,126,354,480,1344
5162,868,868,870,126,356,482,1350
5163,872,874,872,128,354,482,1354
5164,872,870,870,126,354,480,1352
5165,878,880,880,128,354,482,1360
5166,882,882,886,128,358,486,1368
5167,890,890,890,128,358,486,1376
5168,892,890,890,126,358,484,1376
5169,886,886,886,126,358,484,1370
5170,894,894,892,126,356,482,1376
5171,894,896,898,128,358,486,1380
5172,898,896,894,126,356,482,1380
5173,872,874,872,128,354,482,1354
5174,878,878,880,128,356,484,1362
5175,874,872,872,126,356,482,1356
5176,868,870,868,128,354,482,1350
5177,864,864,866,128,356,484,1348
5178,870,870,870,128,356,484,1354
5179,874,874,874,128,356,484,1358
5180,864,866,864,130,354,484,1348
5181,876,872,874,126,356,482,1358
5182,872,874,876,128,358,486,1358
5183,878,878,876,128,356,484,1362
5184,872,870,870,126,356,482,1354
5185,876,878,880,128,358,486,1362
5186,876,876,876,128,358,486,1362
5187,880,880,878,128,356,484,1364
5188,872,872,870,128,354,482,1354
5189,876,876,880,128,358,486,1362
5190,876,874,874,126,358,484,1360
5191,874,876,874,128,356,484,1358
5192,870,868,870,126,358,484,1354
5193,878,878,876,126,356,482,1360
5194,874,876,878,128,358,486,1360
5195,876,876,874,128,356,484,1360
5196,868,868,868,128,356,484,1352
5197,876,876,876,128,356,484,1360
5198,876,876,876,128,356,484,1360
5199,878,878,874,128,352,480,1358
5200,866,866,868,128,354,482,1348
5201,874,874,876,128,356,484,1358
5202,870,872,872,130,356,486,1356
5203,878,874,874,126,356,482,1360
5204,868,870,868,128,354,482,1350
5205,868,868,868,128,354,482,1350
5206,874,876,876,130,354,484,1358
5207,876,874,876,128,356,484,1360
5208,880,880,878,128,354,482,1362
5209,880,878,878,126,354,480,1360
5210,888,890,892,128,356,484,1372
5211,896,894,896,126,358,484,1380
5212,900,902,900,128,356,484,1384
5213,892,892,892,128,356,484,1376
5214,900,900,902,128,358,486,1386
5215,904,904,906,128,360,488,1392
5216,908,908,908,128,360,488,1396
5217,916,914,914,126,360,486,1402
5218,902,902,900,126,358,484,1386
5219,904,908,908,130,358,488,1392
5220,908,904,908,126,362,488,1396
5221,906,908,906,128,360,488,1394
5222,898,898,896,128,358,486,1384
5223,888,884,886,124,360,484,1372
5224,888,892,890,128,358,486,1374
5225,888,890,890,130,358,488,1376
5226,890,886,886,126,358,484,1374
5227,882,882,882,126,358,484,1366
5228,888,890,890,128,358,486,1374
5229,894,894,894,128,358,486,1380
5230,900,898,902,126,362,488,1388
5231,898,900,896,128,358,486,1384
5232,896,894,894,126,358,484,1380
5233,900,902,902,128,358,486,1386
5234,908,906,908,126,360,486,1394
5235,910,910,908,126,358,484,1394
5236,900,900,900,126,358,484,1384
5237,904,904,906,126,360,486,1390
5238,900,902,902,128,360,488,1388
5239,906,906,906,128,360,488,1394
5240,910,910,908,128,358,486,1396
5241,898,896,896,126,358,484,1382
5242,902,902,904,126,360,486,1388
5243,902,902,900,126,358,484,1386
5244,900,900,902,126,360,486,1386
5245,900,900,898,126,358,484,1384
5246,890,892,890,128,356,484,1374
5247,898,896,900,126,360,486,1384
5248,894,896,896,128,360,488,1382
5249,890,890,890,128,360,488,1378
5250,886,886,882,128,356,484,1370
5251,888,886,890,126,360,486,1374
5252,894,894,894,126,360,486,1380
5253,894,894,892,126,358,484,1378
5254,880,882,880,128,356,484,1364
5255,882,882,884,128,358,486,1368
5256,886,886,888,128,360,488,1374
5257,894,894,892,128,358,486,1380
5258,892,888,888,124,358,482,1374
5259,892,896,898,128,360,488,1380
5260,900,900,900,128,360,488,1388
5261,906,904,904,126,360,486,1392
5262,898,898,896,126,358,484,1382
5263,878,876,874,124,356,480,1358
5264,886,888,892,126,360,486,1372
5265,894,894,894,126,360,486,1380
5266,890,890,890,126,360,486,1376
5267,886,888,886,128,358,486,1372
5268,880,878,878,126,358,484,1364
5269,890,890,892,126,360,486,1376
5270,888,888,888,126,360,486,1374
5271,888,890,890,128,360,488,1376
5272,884,884,882,128,358,486,1370
5273,886,886,886,128,358,486,1372
5274,884,884,886,128,360,488,1372
5275,882,882,882,128,360,488,1370
5276,884,884,880,128,356,484,1368
5277,876,876,878,128,358,486,1362
5278,884,886,886,130,358,488,1372
5279,888,884,886,126,360,486,1374
5280,886,888,886,128,358,486,1372
5281,880,878,880,126,360,486,1366
5282,894,894,894,126,360,486,1380
5283,894,894,894,126,360,486,1380
5284,896,898,898,128,360,488,1384
5285,896,896,894,128,358,486,1382
5286,890,890,890,128,358,486,1376
5287,898,894,896,124,360,484,1382
5288,890,894,894,128,360,488,1378
5289,888,886,886,126,360,486,1374
5290,882,882,880,126,358,484,1366
5291,882,882,882,126,358,484,1366
5292,878,878,880,126,360,486,1364
5293,874,874,874,126,360,486,1360
5294,864,866,862,128,356,484,1348
5295,868,868,870,128,358,486,1354
5296,864,864,862,128,356,484,1348
5297,862,862,862,128,356,484,1346
5298,862,862,860,128,354,482,1344
5299,868,868,870,128,356,484,1352
5300,872,870,872,126,358,484,1356
5301,878,878,880,126,360,486,1364
5302,874,876,872,128,356,484,1358
5303,874,872,872,126,356,482,1356
5304,880,882,884,128,358,486,1366
5305,874,874,872,128,356,484,1358
5306,874,874,876,128,358,486,1360
5307,870,870,866,128,354,482,1352
5308,848,842,842,127,354,476,1324
5309,850,854,856,126,356,482,1332
5310,862,864,864,128,356,484,1346
5311,860,858,858,126,356,482,1342
5312,860,862,862,128,356,484,1344
5313,852,850,850,126,356,482,1334
5314,836,838,834,128,352,480,1316
5315,842,840,842,126,354,480,1322
5316,846,848,846,128,352,480,1326
5317,854,852,854,126,354,480,1334
5318,856,860,858,130,352,482,1338
5319,876,874,878,128,356,484,1360
5320,890,892,892,130,356,486,1376
5321,894,894,892,130,354,484,1378
5322,892,890,892,128,356,484,1376
5323,904,902,904,126,358,484,1388
5324,902,904,904,128,358,486,1388
5325,910,910,910,128,358,486,1396
5326,910,908,908,126,358,484,1394
5327,902,904,904,128,358,486,1388
5328,906,906,906,128,358,486,1392
5329,906,904,906,126,360,486,1392
5330,902,904,904,128,360,488,1390
5331,896,892,890,124,358,482,1378
5332,898,900,900,126,358,484,1382
5333,888,890,890,128,358,486,1374
5334,894,892,892,126,358,484,1378
5335,882,884,882,128,356,484,1366
5336,870,870,868,128,354,482,1352
5337,876,876,878,128,356,484,1360
5338,874,876,876,130,356,486,1360
5339,874,874,872,130,354,484,1358
5340,870,870,870,130,354,484,1354
5341,878,874,874,126,354,480,1358
5342,870,872,874,128,356,484,1354
5343,880,882,880,130,354,484,1364
5344,874,874,874,130,354,484,1358
5345,868,866,866,128,354,482,1350
5346,862,864,864,130,354,484,1346
5347,862,860,860,128,354,482,1344
5348,850,850,848,128,352,480,1330
5349,848,848,848,128,352,480,1328
5350,848,848,848,128,352,480,1328
5351,850,852,850,130,350,480,1330
5352,850,848,848,128,350,478,1328
5353,850,852,854,130,352,482,1332
5354,856,856,856,130,352,482,1338
5355,862,860,860,128,352,480,1342
5356,856,856,856,128,352,480,1336
5357,864,866,866,130,352,482,1346
5358,860,860,864,130,356,486,1346
5359,864,862,858,128,352,480,1344
5360,864,866,866,130,352,482,1346
5361,872,870,874,128,356,484,1356
5362,876,878,878,130,356,486,1362
5363,882,882,880,130,354,484,1366
5364,882,878,880,126,356,482,1364
5365,884,888,888,130,356,486,1370
5366,884,884,884,130,356,486,1370
5367,890,888,890,128,358,486,1376
5368,882,884,882,130,356,486,1368
5369,886,884,884,128,356,484,1370
5370,890,890,892,128,358,486,1376
5371,884,886,884,130,356,486,1370
5372,884,884,882,130,354,484,1368
5373,884,882,884,128,356,484,1368
5374,884,884,884,128,356,484,1368
5375,884,884,882,128,354,482,1366
5376,884,884,886,128,356,484,1368
5377,876,876,874,128,354,482,1358
5378,882,884,884,130,354,484,1366
5379,884,884,884,130,354,484,1368
5380,880,878,878,128,354,482,1362
5381,876,874,874,126,354,480,1356
5382,868,870,870,128,354,482,1350
5383,870,868,868,126,354,480,1350
5384,872,876,876,130,354,484,1356
5385,874,872,870,128,352,480,1354
5386,878,880,882,130,354,484,1362
5387,888,886,886,128,354,482,1370
5388,894,896,896,130,354,484,1378
5389,894,890,892,126,356,482,1376
5390,902,906,908,130,358,488,1390
5391,914,910,910,126,358,484,1398
5392,912,916,912,130,354,484,1396
5393,906,904,904,128,354,482,1388
5394,912,912,914,128,356,484,1396
5395,902,902,904,128,358,486,1388
5396,906,904,904,126,358,484,1390
5397,890,890,888,126,356,482,1372
5398,896,898,898,128,356,484,1380
5399,890,890,890,128,356,484,1374
5400,890,888,890,126,358,484,1374
5401,884,884,882,126,356,482,1366
5402,888,890,890,128,356,484,1372
5403,890,890,892,128,358,486,1376
5404,896,894,892,126,356,482,1378
5405,890,892,890,128,354,482,1372
5406,888,886,888,126,356,482,1370
5407,888,892,890,130,354,484,1372
5408,888,886,888,128,356,484,1372
5409,886,886,886,128,356,484,1370
5410,890,890,890,128,356,484,1374
5411,894,894,896,128,358,486,1380
5412,894,894,892,128,356,484,1378
5413,894,894,894,128,356,484,1378
5414,894,894,894,128,356,484,1378
5415,898,896,896,126,356,482,1380
5416,890,894,896,130,358,488,1378
5417,898,896,894,128,356,484,1382
5418,892,892,892,128,356,484,1376
5419,894,896,896,130,356,486,1380
5420,890,890,892,130,358,488,1378
5421,896,892,892,126,358,484,1380
5422,894,896,892,128,354,482,1376
5423,896,896,898,128,356,484,1380
5424,902,898,902,124,360,484,1386
5425,898,900,900,126,360,486,1384
5426,894,896,892,128,356,484,1378
5427,896,894,896,126,358,484,1380
5428,900,900,900,126,358,484,1384
5429,894,898,898,130,358,488,1382
5430,894,890,888,126,356,482,1376
5431,886,888,890,128,358,486,1372
5432,888,888,886,128,356,484,1372
5433,884,884,886,128,358,486,1370
5434,888,886,886,126,358,484,1372
5435,878,880,878,128,356,484,1362
5436,886,884,886,126,358,484,1370
5437,882,880,880,124,358,482,1364
5438,880,884,882,128,356,484,1364
5439,880,880,880,128,356,484,1364
5440,888,884,884,124,356,480,1368
5441,874,876,872,126,352,478,1352
5442,870,870,870,126,352,478,1348
5443,868,868,870,126,354,480,1348
5444,868,866,868,124,356,480,1348
5445,868,870,866,126,352,478,1346
5446,838,838,836,126,350,476,1314
5447,840,840,842,126,352,478,1318
5448,824,824,822,126,350,476,1300
5449,800,800,800,126,350,476,1276
5450,798,798,796,126,348,474,1272
5451,802,802,802,126,348,474,1276
5452,812,814,814,128,348,476,1288
5453,830,830,832,128,350,478,1308
5454,852,852,854,128,352,480,1332
5455,860,860,864,128,356,484,1344
5456,866,866,864,128,354,482,1348
5457,860,860,858,128,352,480,1340
5458,874,872,876,126,356,482,1356
5459,878,878,878,126,356,482,1360
5460,884,886,886,128,356,484,1368
5461,882,880,880,126,356,482,1364
5462,886,888,890,128,358,486,1372
5463,894,890,892,124,360,484,1378
5464,888,890,884,126,354,480,1368
5465,880,880,880,126,354,480,1360
5466,882,884,888,128,358,486,1368
5467,886,886,886,128,358,486,1372
5468,884,884,880,128,354,482,1366
5469,874,872,876,126,358,484,1358
5470,882,882,880,126,356,482,1364
5471,880,880,882,126,358,484,1364
5472,880,882,878,128,354,482,1362
5473,878,878,882,128,358,486,1364
5474,888,888,884,128,354,482,1370
5475,888,890,894,130,358,488,1376
5476,892,890,888,128,356,484,1376
5477,890,892,892,130,356,486,1376
5478,898,896,900,128,360,488,1386
5479,896,896,892,128,356,484,1380
5480,886,884,884,126,356,482,1368
5481,884,886,884,128,354,482,1366
5482,880,882,884,130,356,486,1366
5483,882,880,878,128,354,482,1364
5484,874,874,876,128,356,484,1358
5485,880,880,878,128,354,482,1362
5486,882,882,884,128,356,484,1366
5487,884,884,884,128,356,484,1368
5488,880,880,878,128,354,482,1362
5489,888,888,890,128,356,484,1372
5490,882,884,884,130,356,486,1368
5491,886,884,884,128,356,484,1370
5492,878,878,874,128,352,480,1358
5493,878,880,880,130,352,482,1360
5494,880,878,878,128,352,480,1360
5495,878,876,880,126,356,482,1360
5496,872,874,872,128,354,482,1354
5497,870,868,868,126,354,480,1350
5498,870,872,874,128,356,484,1354
5499,872,872,872,128,356,484,1356
5500,874,874,872,128,354,482,1356
5501,870,870,870,128,354,482,1352
5502,882,880,880,126,354,480,1362
5503,878,882,880,130,352,482,1360
5504,882,880,880,128,352,480,1362
5505,886,888,888,130,352,482,1368
5506,888,884,886,126,354,480,1368
5507,886,888,890,128,356,484,1370
5508,890,892,888,130,352,482,1372
5509,888,886,884,128,350,478,1366
5510,894,894,898,128,354,482,1376
5511,892,892,894,128,356,484,1376
5512,896,896,894,128,354,482,1378
5513,888,886,882,126,350,476,1364
5514,890,892,894,128,352,480,1370
5515,888,888,890,128,354,482,1370
5516,892,894,896,130,356,486,1378
5517,890,888,886,128,354,482,1372
5518,884,886,886,130,354,484,1368
5519,892,890,892,128,356,484,1376
5520,890,890,890,128,356,484,1374
5521,888,888,884,128,352,480,1368
5522,886,886,886,128,352,480,1366
5523,890,890,892,128,354,482,1372
5524,890,890,890,128,354,482,1372
5525,884,882,880,126,352,478,1362
5526,892,890,892,124,354,478,1370
5527,876,882,882,130,354,484,1360
5528,882,880,880,128,354,482,1364
5529,874,874,872,128,352,480,1354
5530,876,874,878,126,356,482,1358
5531,872,874,870,128,352,480,1352
5532,878,880,882,130,354,484,1362
5533,882,880,880,128,354,482,1364
5534,874,874,872,128,352,480,1354
5535,890,890,890,128,352,480,1370
5536,894,892,896,126,356,482,1376
5537,894,898,896,130,354,484,1378
5538,894,890,890,126,354,480,1374
5539,892,894,892,128,352,480,1372
5540,898,898,898,128,352,480,1378
5541,904,904,906,128,354,482,1386
5542,908,904,906,124,356,480,1388
5543,896,898,896,126,354,480,1376
5544,904,906,906,128,354,482,1386
5545,900,900,900,128,354,482,1382
5546,904,902,902,126,354,480,1384
5547,900,902,902,128,354,482,1382
5548,910,910,912,128,356,484,1394
5549,912,912,914,128,358,486,1398
5550,916,914,912,126,356,482,1398
5551,902,902,902,126,356,482,1384
5552,908,908,908,126,356,482,1390
5553,906,908,910,128,358,486,1392
5554,898,898,896,128,356,484,1382
5555,892,890,890,126,356,482,1374
5556,898,898,900,126,358,484,1382
5557,890,892,890,128,356,484,1374
5558,888,888,888,128,356,484,1372
5559,886,884,884,126,356,482,1368
5560,892,894,896,128,358,486,1378
5561,896,894,892,126,356,482,1378
5562,892,892,892,126,356,482,1374
5563,886,886,886,126,356,482,1368
5564,890,892,892,128,356,484,1374
5565,888,886,888,126,358,484,1372
5566,884,886,886,128,358,486,1370
5567,876,876,874,128,356,484,1360
5568,880,880,880,128,356,484,1364
5569,874,874,876,128,358,486,1360
5570,878,878,876,128,356,484,1362
5571,882,882,882,128,356,484,1366
5572,874,874,872,128,354,482,1356
5573,876,876,876,128,354,482,1358
5574,874,872,870,126,352,478,1352
5575,874,874,876,126,354,480,1354
5576,872,872,872,126,354,480,1352
5577,850,852,850,128,352,480,1330
5578,832,832,828,128,348,476,1308
5579,830,828,830,126,350,476,1306
5580,806,808,804,128,346,474,1280
5581,794,790,792,124,348,472,1266
5582,782,786,784,128,346,474,1256
5583,788,788,788,128,346,474,1262
5584,786,788,786,130,344,474,1260
5585,804,804,806,130,346,476,1280
5586,828,824,828,126,350,476,1304
5587,846,848,848,128,350,478,1324
5588,844,844,844,128,350,478,1322
5589,850,850,850,128,350,478,1328
5590,862,862,864,128,352,480,1342
5591,872,872,874,128,354,482,1354
5592,884,884,882,128,352,480,1364
5593,874,872,874,126,354,480,1354
5594,884,886,886,128,354,482,1366
5595,884,882,884,126,356,482,1366
5596,886,888,886,128,354,482,1368
5597,880,878,878,126,354,480,1360
5598,888,888,890,126,356,482,1370
5599,882,884,882,128,354,482,1364
5600,886,884,886,126,356,482,1368
5601,878,880,878,128,354,482,1360
5602,876,874,876,126,356,482,1358
5603,878,878,878,126,356,482,1360
5604,882,884,884,128,356,484,1366
5605,888,888,884,128,352,480,1368
5606,878,878,878,128,352,480,1358
5607,888,888,888,128,352,480,1368
5608,886,886,888,128,354,482,1368
5609,892,892,890,128,352,480,1372
5610,886,884,888,126,356,482,1368
5611,896,896,896,126,356,482,1378
5612,894,894,894,126,356,482,1376
5613,894,896,894,128,354,482,1376
5614,892,892,892,128,354,482,1374
5615,902,900,900,126,354,480,1382
5616,894,896,898,128,356,484,1378
5617,898,898,896,128,354,482,1380
5618,884,884,882,128,352,480,1364
5619,882,880,882,126,354,480,1362
5620,886,886,888,126,356,482,1368
5621,884,886,884,128,354,482,1366
5622,886,886,884,128,352,480,1366
5623,886,884,884,126,352,478,1364
5624,892,894,894,128,352,480,1372
5625,896,896,900,128,356,484,1380
5626,900,900,896,128,352,480,1380
5627,900,900,900,128,352,480,1380
5628,908,908,912,128,356,484,1392
5629,908,908,908,128,356,484,1392
5630,912,912,912,128,356,484,1396
5631,900,900,898,128,354,482,1382
5632,904,904,904,128,354,482,1386
5633,898,898,902,128,358,486,1384
5634,898,898,896,128,356,484,1382
5635,888,888,886,128,354,482,1370
5636,888,884,886,124,356,480,1368
5637,882,888,886,130,354,484,1366
5638,888,888,888,130,354,484,1372
5639,886,886,886,130,354,484,1370
5640,898,894,896,126,356,482,1380
5641,892,896,896,130,356,486,1378
5642,898,896,896,128,356,484,1382
5643,894,896,892,130,352,482,1376
5644,888,886,890,128,356,484,1372
5645,894,892,892,126,356,482,1376
5646,884,884,884,126,356,482,1366
5647,880,880,878,126,354,480,1360
5648,870,870,870,126,354,480,1350
5649,874,876,878,128,356,484,1358
5650,874,874,872,128,354,482,1356
5651,876,878,878,130,354,484,1360
5652,874,872,872,128,354,482,1356
5653,874,876,874,130,352,482,1356
5654,888,886,888,128,354,482,1370
5655,888,890,890,130,354,484,1372
5656,898,896,896,128,354,482,1380
5657,892,892,890,128,352,480,1372
5658,900,898,900,126,354,480,1380
5659,898,900,902,128,356,484,1382
5660,906,904,904,126,356,482,1388
5661,902,902,900,126,354,480,1382
5662,908,910,912,128,356,484,1392
5663,910,910,910,128,356,484,1394
5664,908,908,910,128,358,486,1394
5665,898,900,896,130,354,484,1382
5666,900,898,898,128,354,482,1382
5667,890,890,892,128,356,484,1374
5668,886,884,884,126,356,482,1368
5669,874,876,874,128,354,482,1356
5670,882,880,880,126,354,480,1362
5671,878,878,878,126,354,480,1358
5672,878,878,880,126,356,482,1360
5673,876,876,874,126,354,480,1356
5674,882,884,884,128,354,482,1364
5675,878,878,882,128,358,486,1364
5676,880,880,874,128,352,480,1360
5677,878,878,882,128,356,484,1362
5678,884,882,882,126,356,482,1366
5679,884,886,886,128,356,484,1368
5680,884,884,882,128,354,482,1366
5681,878,878,876,128,352,480,1358
5682,884,882,886,126,356,482,1366
5683,876,878,878,128,356,484,1360
5684,882,880,880,126,356,482,1364
5685,880,882,878,128,352,480,1360
5686,878,878,880,128,354,482,1360
5687,880,880,880,128,354,482,1362
5688,882,882,882,128,354,482,1364
5689,880,878,878,126,354,480,1360
5690,880,878,880,124,356,480,1360
5691,882,886,884,128,354,482,1364
5692,884,882,882,126,354,480,1364
5693,882,886,884,130,352,482,1364
5694,886,884,884,128,352,480,1366
5695,888,884,888,124,356,480,1368
5696,882,886,884,128,354,482,1364
5697,880,880,878,128,352,480,1360
5698,884,884,884,128,352,480,1364
5699,882,882,884,128,354,482,1364
5700,882,882,880,128,352,480,1362
5701,876,874,874,126,352,478,1354
5702,878,878,882,126,356,482,1360
5703,866,866,864,126,354,480,1346
5704,868,868,866,126,352,478,1346
5705,852,854,852,128,350,478,1330
5706,854,856,856,130,350,480,1334
5707,860,856,856,126,350,476,1336
5708,834,834,832,126,348,474,1308
5709,826,828,830,128,350,478,1304
5710,849,820,818,128,348,475,1296
5711,872,802,798,128,344,472,1344
5712,790,790,790,128,344,472,1262
5713,782,782,782,128,344,472,1254
5714,790,790,790,128,344,472,1262
5715,782,782,780,128,342,470,1252
5716,808,806,810,126,346,472,1280
5717,820,822,824,128,348,476,1296
5718,840,840,840,128,348,476,1316
5719,834,836,834,130,346,476,1310
5720,850,846,848,126,348,474,1324
5721,852,854,856,128,350,478,1330
5722,866,864,868,126,354,480,1346
5723,874,876,872,128,350,478,1352
5724,870,870,870,128,350,478,1348
5725,882,880,884,126,354,480,1362
5726,880,882,880,128,352,480,1360
5727,888,886,886,126,352,478,1366
5728,882,884,882,128,350,478,1360
5729,894,892,896,126,354,480,1374
5730,888,888,888,126,354,480,1368
5731,888,888,888,126,354,480,1368
5732,884,886,884,128,352,480,1364
5733,892,890,894,126,356,482,1374
5734,890,890,888,126,354,480,1370
5735,886,886,886,126,354,480,1366
5736,878,878,878,126,354,480,1358
5737,882,882,882,126,354,480,1362
5738,880,880,880,126,354,480,1360
5739,882,884,882,128,352,480,1362
5740,876,872,874,124,354,478,1354
5741,880,884,882,128,352,480,1360
5742,884,882,882,126,352,478,1362
5743,880,882,882,128,352,480,1360
5744,880,878,878,126,352,478,1358
5745,886,888,888,128,352,480,1366
5746,878,880,878,130,350,480,1358
5747,882,882,882,130,350,480,1362
5748,878,876,876,128,350,478,1356
5749,878,878,880,128,352,480,1358
5750,884,884,882,128,350,478,1362
5751,882,882,886,128,354,482,1364
5752,892,892,890,128,352,480,1372
5753,892,890,890,126,352,478,1370
5754,888,888,888,126,352,478,1366
5755,898,900,900,128,352,480,1378
5756,898,898,900,128,354,482,1380
5757,894,892,890,126,352,478,1372
5758,884,886,886,128,352,480,1364
5759,892,890,892,126,354,480,1372
5760,888,890,888,128,352,480,1368
5761,880,878,878,126,352,478,1358
5762,874,876,874,128,350,478,1352
5763,880,880,882,128,352,480,1360
5764,878,878,878,128,352,480,1358
5765,878,876,876,126,352,478,1356
5766,870,872,870,128,350,478,1348
5767,878,878,880,128,352,480,1358
5768,882,882,884,128,354,482,1364
5769,886,886,884,128,352,480,1366
5770,886,886,886,128,352,480,1366
5771,894,894,894,128,352,480,1374
5772,898,898,900,128,354,482,1380
5773,906,906,906,128,354,482,1388
5774,904,904,904,128,354,482,1386
5775,906,904,904,126,354,480,1386
5776,908,910,912,128,356,484,1392
5777,908,908,908,128,356,484,1392
5778,902,902,900,128,354,482,1384
5779,906,902,904,124,356,480,1386
5780,902,906,906,128,356,484,1386
5781,900,900,902,128,358,486,1386
5782,902,902,900,128,356,484,1386
5783,886,888,884,130,352,482,1368
5784,890,884,886,124,354,478,1368
5785,886,888,890,126,356,482,1368
5786,888,888,890,126,358,484,1372
5787,886,888,886,128,356,484,1370
5788,886,884,884,126,356,482,1368
5789,882,882,880,126,354,480,1362
5790,884,886,888,128,356,484,1368
5791,892,892,892,128,356,484,1376
5792,896,896,894,128,354,482,1378
5793,900,900,902,128,356,484,1384
5794,900,900,898,128,354,482,1382
5795,910,908,910,126,356,482,1392
5796,908,908,908,126,356,482,1390
5797,910,910,910,126,356,482,1392
5798,904,906,904,128,354,482,1386
5799,916,914,918,126,358,484,1400
5800,916,916,916,126,358,484,1400
5801,918,920,920,128,358,486,1404
5802,922,918,918,124,358,482,1404
5803,908,910,910,126,358,484,1392
5804,912,912,912,126,358,484,1396
5805,908,912,910,130,356,486,1394
5806,908,904,906,126,358,484,1392
5807,896,896,894,126,356,482,1378
5808,900,900,902,126,358,484,1384
5809,892,892,892,126,358,484,1376
5810,886,888,888,128,358,486,1372
5811,876,876,872,128,354,482,1358
5812,878,878,880,128,356,484,1362
5813,876,876,874,128,354,482,1358
5814,876,874,876,126,356,482,1358
5815,868,866,866,124,356,480,1348
5816,866,870,868,128,354,482,1348
5817,868,868,868,128,354,482,1350
5818,866,868,868,130,354,484,1350
5819,868,866,864,128,352,480,1348
5820,866,866,866,128,352,480,1346
5821,868,868,872,128,356,484,1352
5822,874,872,872,126,356,482,1356
5823,880,882,880,128,354,482,1362
5824,878,878,876,128,352,480,1358
5825,888,886,890,126,356,482,1370
5826,888,888,886,126,354,480,1368
5827,892,894,896,128,356,484,1376
5828,894,894,892,128,354,482,1376
5829,884,884,886,128,356,484,1368
5830,890,890,890,128,356,484,1374
5831,896,894,896,126,358,484,1380
5832,892,894,892,128,356,484,1376
5833,890,890,890,128,356,484,1374
5834,900,898,898,126,356,482,1382
5835,896,896,898,126,358,484,1380
5836,896,896,894,126,356,482,1378
5837,894,892,892,124,356,480,1374
5838,878,882,878,128,352,480,1358
5839,896,894,900,126,358,484,1380
5840,886,888,886,128,356,484,1370
5841,898,896,898,126,358,484,1382
5842,888,888,886,126,356,482,1370
5843,896,896,896,126,356,482,1378
5844,892,894,896,128,358,486,1378
5845,898,896,898,126,360,486,1384
5846,896,898,892,128,354,482,1378
5847,892,890,892,126,356,482,1374
5848,900,900,902,126,358,484,1384
5849,894,898,896,130,356,486,1380
5850,898,896,898,128,358,486,1384
5851,890,890,888,128,356,484,1374
5852,894,892,894,126,358,484,1378
5853,882,884,882,128,356,484,1366
5854,884,884,884,128,356,484,1368
5855,876,876,874,128,354,482,1358
5856,878,878,878,128,354,482,1360
5857,880,880,882,128,356,484,1364
5858,880,878,878,126,356,482,1362
5859,880,882,882,128,356,484,1364
5860,878,878,874,128,352,480,1358
5861,886,884,888,126,356,482,1368
5862,882,884,884,128,356,484,1366
5863,886,888,884,130,352,482,1368
5864,888,884,886,126,354,480,1368
5865,890,892,890,128,352,480,1370
5866,894,894,898,128,356,484,1378
5867,904,902,904,126,358,484,1388
5868,900,900,896,126,354,480,1380
5869,894,896,896,128,354,482,1376
5870,900,900,902,128,356,484,1384
5871,900,900,900,128,356,484,1384
5872,896,898,896,130,354,484,1380
5873,892,890,892,128,356,484,1376
5874,896,894,896,126,358,484,1380
5875,896,898,898,128,358,486,1382
5876,896,896,896,128,358,486,1382
5877,896,894,892,126,356,482,1378
5878,890,890,892,126,358,484,1374
5879,894,896,894,128,356,484,1378
5880,896,896,898,128,358,486,1382
5881,902,902,900,128,356,484,1386
5882,890,890,888,128,354,482,1372
5883,888,888,888,128,354,482,1370
5884,890,890,894,128,358,486,1376
5885,888,888,886,128,356,484,1372
5886,888,888,884,128,352,480,1368
5887,878,878,882,128,356,484,1362
5888,886,884,882,126,354,480,1366
5889,880,882,882,128,354,482,1362
5890,886,886,886,128,354,482,1368
5891,880,880,878,128,352,480,1360
5892,882,884,884,130,352,482,1364
5893,890,890,890,130,352,482,1372
5894,898,896,898,128,354,482,1380
5895,896,894,894,126,354,480,1376
5896,904,906,906,128,354,482,1386
5897,908,908,908,128,354,482,1390
5898,910,908,910,126,356,482,1392
5899,902,904,900,128,352,480,1382
5900,906,906,910,128,356,484,1390
5901,912,912,910,128,354,482,1394
5902,914,916,918,130,356,486,1400
5903,914,912,914,128,358,486,1400
5904,908,908,904,128,354,482,1390
5905,912,912,916,128,358,486,1398
5906,910,910,910,128,358,486,1396
5907,916,918,918,130,358,488,1404
5908,908,902,902,124,358,482,1390
5909,904,908,908,128,358,486,1390
5910,906,908,908,130,358,488,1394
5911,906,904,906,128,360,488,1394
5912,894,896,892,130,356,486,1380
5913,894,892,894,128,358,486,1380
5914,894,896,894,130,356,486,1380
5915,890,890,890,130,356,486,1376
5916,892,888,888,126,356,482,1374
5917,886,888,888,128,356,484,1370
5918,892,894,894,130,356,486,1378
5919,896,894,896,128,358,486,1382
5920,898,896,896,126,358,484,1382
5921,892,894,892,128,356,484,1376
5922,898,896,900,126,360,486,1384
5923,898,900,898,128,358,486,1384
5924,896,896,896,128,358,486,1382
5925,890,890,888,128,356,484,1374
5926,898,896,898,126,358,484,1382
5927,890,894,892,130,356,486,1376
5928,900,896,898,126,358,484,1384
5929,892,892,890,126,356,482,1374
5930,896,898,898,128,356,484,1380
5931,896,898,898,130,356,486,1382
5932,902,900,900,128,356,484,1386
5933,896,894,896,126,358,484,1380
5934,902,902,902,126,358,484,1386
5935,894,896,896,128,358,486,1380
5936,898,898,898,128,358,486,1384
5937,896,894,892,126,356,482,1378
5938,884,884,884,126,356,482,1366
5939,884,888,886,130,354,484,1368
5940,888,884,888,126,358,484,1372
5941,884,886,882,128,354,482,1366
5942,882,880,882,126,356,482,1364
5943,888,888,888,126,356,482,1370
5944,882,884,884,128,356,484,1366
5945,888,890,890,130,356,486,1374
5946,882,880,878,128,354,482,1364
5947,884,882,882,126,354,480,1364
5948,878,882,884,130,356,486,1364
5949,882,880,880,128,356,484,1366
5950,888,888,886,128,354,482,1370
5951,886,882,882,124,354,478,1364
5952,892,896,896,128,354,482,1374
5953,896,898,896,130,352,482,1378
5954,910,906,910,126,356,482,1392
5955,904,906,904,128,354,482,1386
5956,906,904,906,126,356,482,1388
5957,908,910,910,128,356,484,1392
5958,916,914,916,126,358,484,1400
5959,908,910,906,128,354,482,1390
5960,902,900,902,126,356,482,1384
5961,900,900,900,126,356,482,1382
5962,886,888,888,128,356,484,1370
5963,884,884,886,128,358,486,1370
5964,886,886,886,128,358,486,1372
5965,880,880,878,128,356,484,1364
5966,872,872,872,128,356,484,1356
5967,868,868,868,128,356,484,1352
5968,864,866,864,130,354,484,1348
5969,856,856,854,130,352,482,1338
5970,850,846,848,126,354,480,1330
5971,852,854,856,128,356,484,1336
5972,854,854,854,128,356,484,1338
5973,852,852,850,128,354,482,1334
5974,860,860,862,128,356,484,1344
5975,862,864,862,130,354,484,1346
5976,868,866,870,128,358,486,1354
5977,872,872,868,128,354,482,1354
5978,872,872,874,128,356,484,1356
5979,882,882,882,128,356,484,1366
5980,878,878,880,128,358,486,1364
5981,882,882,880,128,356,484,1366
5982,878,878,876,128,354,482,1360
5983,888,890,892,130,356,486,1374
5984,886,882,884,126,358,484,1370
5985,884,886,886,128,358,486,1370
5986,880,882,880,130,356,486,1366
5987,884,882,880,128,354,482,1366
5988,880,880,882,128,356,484,1364
5989,884,882,884,126,358,484,1368
5990,886,888,886,128,356,484,1370
5991,884,884,882,128,354,482,1366
5992,888,888,890,128,356,484,1372
5993,888,886,888,126,358,484,1372
5994,890,890,888,126,356,482,1372
5995,886,886,886,126,356,482,1368
5996,888,890,890,128,356,484,1372
5997,892,892,892,128,356,484,1376
5998,890,890,890,128,356,484,1374
5999,888,890,888,130,354,484,1372
6000,890,888,886,128,352,480,1370
6001,892,892,896,128,356,484,1376
6002,896,896,894,128,354,482,1378
6003,900,900,900,128,354,482,1382
6004,896,896,896,128,354,482,1378
6005,906,906,908,128,356,484,1390
6006,902,904,904,130,356,486,1388
6007,908,906,906,128,356,484,1392
6008,898,896,894,126,354,480,1378
6009,900,902,904,128,356,484,1384
6010,902,902,902,128,356,484,1386
6011,900,900,902,128,358,486,1386
6012,900,900,900,128,358,486,1386
6013,896,896,892,128,354,482,1378
6014,902,900,904,126,358,484,1386
6015,900,900,900,126,358,484,1384
6016,894,894,894,126,358,484,1378
6017,886,888,886,128,356,484,1370
6018,890,890,890,128,356,484,1374
6019,890,890,892,128,358,486,1376
6020,894,892,892,126,358,484,1378
6021,886,888,886,128,356,484,1370
6022,886,886,886,128,356,484,1370
6023,890,892,892,130,356,486,1376
6024,896,894,896,128,358,486,1382
6025,894,896,894,130,356,486,1380
6026,894,890,890,126,356,482,1376
6027,902,904,904,128,356,484,1386
6028,900,900,904,128,360,488,1388
6029,902,902,898,128,356,484,1386
6030,894,894,892,128,354,482,1376
6031,898,898,902,128,358,486,1384
6032,896,898,898,130,358,488,1384
6033,900,898,898,128,358,486,1386
6034,894,894,892,128,356,484,1378
6035,898,898,900,128,358,486,1384
6036,894,892,894,126,360,486,1380
6037,892,894,894,128,360,488,1380
6038,886,884,882,126,358,484,1370
6039,884,886,884,128,356,484,1368
6040,884,884,884,128,356,484,1368
6041,884,884,884,128,356,484,1368
6042,880,878,878,126,356,482,1362
6043,872,874,874,128,356,484,1356
6044,880,880,880,128,356,484,1364
6045,882,880,882,126,358,484,1366
6046,880,882,878,128,354,482,1362
6047,886,886,888,128,356,484,1370
6048,890,892,892,130,356,486,1376
6049,896,894,896,128,358,486,1382
6050,906,906,906,128,358,486,1392
6051,900,900,898,128,356,484,1384
6052,910,910,910,128,356,484,1394
6053,906,906,908,128,358,486,1392
6054,908,908,910,128,360,488,1396
6055,904,904,900,128,356,484,1388
6056,902,900,902,126,358,484,1386
6057,912,912,916,126,362,488,1400
6058,908,908,906,126,360,486,1394
6059,906,908,908,128,360,488,1394
6060,902,900,900,126,360,486,1388
6061,902,902,902,126,360,486,1388
6062,902,902,902,126,360,486,1388
6063,898,898,898,126,360,486,1384
6064,890,892,890,128,358,486,1376
6065,886,884,884,126,358,484,1370
6066,886,888,886,128,356,484,1370
6067,882,880,882,126,358,484,1366
6068,880,882,880,128,356,484,1364
6069,880,878,878,126,356,482,1362
6070,884,884,886,126,358,484,1368
6071,876,880,880,130,358,488,1364
6072,886,880,878,124,356,480,1366
6073,876,878,880,126,358,484,1360
6074,884,884,884,126,358,484,1368
6075,880,882,880,128,356,484,1364
6076,878,878,878,128,356,484,1362
6077,876,876,876,128,356,484,1360
6078,886,886,886,128,356,484,1370
6079,884,884,884,128,356,484,1368
6080,882,884,886,130,358,488,1370
6081,882,880,878,128,356,484,1366
6082,886,886,888,128,358,486,1372
6083,886,886,884,128,356,484,1370
6084,888,890,890,130,356,486,1374
6085,892,890,890,128,356,484,1376
6086,882,882,882,128,356,484,1366
6087,892,890,892,126,358,484,1376
6088,884,886,884,128,356,484,1368
6089,888,888,888,128,356,484,1372
6090,886,886,884,128,354,482,1368
6091,874,872,874,126,356,482,1356
6092,880,880,880,126,356,482,1362
6093,872,872,872,126,356,482,1354
6094,868,870,866,128,352,480,1348
6095,866,866,868,128,354,482,1348
6096,872,870,870,126,354,480,1352
6097,868,870,872,128,356,484,1352
6098,868,868,864,128,352,480,1348
6099,864,866,866,130,352,482,1346
6100,874,872,874,128,354,482,1356
6101,870,872,872,130,354,484,1354
6102,876,874,874,128,354,482,1358
6103,878,876,876,126,354,480,1358
6104,882,884,886,128,356,484,1366
6105,886,888,888,130,356,486,1372
6106,888,884,884,126,356,482,1370
6107,878,878,878,126,356,482,1360
6108,884,886,886,128,356,484,1368
6109,874,874,872,128,354,482,1356
6110,874,872,872,126,354,480,1354
6111,868,868,868,126,354,480,1348
6112,878,878,878,126,354,480,1358
6113,878,882,880,130,352,482,1360
6114,878,878,880,130,354,484,1362
6115,882,880,880,128,354,482,1364
6116,892,892,892,128,354,482,1374
6117,896,896,898,128,356,484,1380
6118,898,900,898,130,354,484,1382
6119,892,892,890,130,352,482,1374
6120,906,902,908,126,358,484,1390
6121,902,904,902,128,356,484,1386
6122,908,908,908,128,356,484,1392
6123,898,898,898,128,356,484,1382
6124,904,902,902,126,356,482,1386
6125,888,888,888,126,356,482,1370
6126,880,882,880,128,354,482,1362
6127,872,872,870,128,352,480,1352
6128,870,868,872,126,356,482,1352
6129,864,866,864,128,354,482,1346
6130,860,862,862,130,354,484,1344
6131,866,866,862,130,350,480,1346
6132,864,862,864,128,352,480,1344
6133,872,872,874,128,354,482,1354
6134,868,870,870,130,354,484,1352
6135,876,874,874,128,354,482,1358
6136,874,872,872,126,354,480,1354
6137,882,882,882,126,354,480,1362
6138,876,878,876,128,352,480,1356
6139,878,880,878,130,350,480,1358
6140,878,876,878,128,352,480,1358
6141,888,886,888,126,354,480,1368
6142,884,886,884,128,352,480,1364
6143,892,890,892,126,354,480,1372
6144,882,884,882,128,352,480,1362
6145,890,890,892,128,354,482,1372
6146,886,888,886,130,352,482,1368
6147,890,888,890,128,354,482,1372
6148,886,884,886,126,356,482,1368
6149,896,896,894,126,354,480,1376
6150,894,894,894,126,354,480,1374
6151,890,892,890,128,352,480,1370
6152,882,882,882,128,352,480,1362
6153,892,890,892,126,354,480,1372
6154,884,886,886,128,354,482,1366
6155,888,888,890,128,356,484,1372
6156,886,884,882,126,354,480,1366
6157,888,888,888,126,354,480,1368
6158,890,890,892,126,356,482,1372
6159,892,894,894,128,356,484,1376
6160,898,896,894,126,354,480,1378
6161,892,896,896,130,354,484,1376
6162,902,900,902,128,356,484,1386
6163,898,900,900,130,356,486,1384
6164,898,896,894,128,354,482,1380
6165,898,896,898,126,356,482,1380
6166,892,894,894,128,356,484,1376
6167,882,880,880,126,356,482,1364
6168,864,864,862,126,354,480,1344
6169,852,854,852,128,352,480,1332
6170,850,850,848,128,350,478,1328
6171,850,846,848,124,352,476,1326
6172,842,844,842,126,350,476,1318
6173,856,856,856,126,350,476,1332
6174,856,860,860,130,350,480,1336
6175,858,856,858,128,352,480,1338
6176,856,856,854,128,350,478,1334
6177,876,876,878,128,352,480,1356
6178,876,878,878,130,352,482,1358
6179,882,880,882,128,354,482,1364
6180,886,888,886,130,352,482,1368
6181,902,900,900,128,352,480,1382
6182,898,900,902,130,354,484,1382
6183,904,902,904,128,356,484,1388
6184,900,900,900,128,356,484,1384
6185,906,904,904,126,356,482,1388
6186,894,898,898,130,356,486,1380
6187,896,894,894,128,356,484,1380
6188,890,890,888,128,354,482,1372
6189,894,894,896,128,356,484,1378
6190,898,896,898,126,358,484,1382
6191,892,894,890,128,354,482,1374
6192,890,890,890,128,354,482,1372
6193,890,888,890,126,356,482,1372
6194,896,898,898,128,356,484,1380
6195,894,894,894,128,356,484,1378
6196,898,896,894,126,354,480,1378
6197,890,890,892,126,356,482,1372
6198,902,904,902,128,354,482,1384
6199,900,900,902,128,356,484,1384
6200,902,902,902,128,356,484,1386
6201,890,892,888,130,352,482,1372
6202,904,900,904,126,356,482,1386
6203,900,902,900,128,354,482,1382
6204,898,898,900,128,356,484,1382
6205,896,894,890,126,352,478,1374
6206,890,892,892,128,352,480,1370
6207,898,900,904,130,356,486,1384
6208,898,898,896,130,354,484,1382
6209,902,902,902,130,354,484,1386
6210,900,898,898,128,354,482,1382
6211,910,908,910,126,356,482,1392
6212,902,904,904,128,356,484,1386
6213,910,910,910,128,356,484,1394
6214,902,900,898,126,354,480,1382
6215,906,906,906,126,354,480,1386
6216,906,910,910,130,354,484,1390
6217,914,912,914,128,356,484,1398
6218,908,908,906,128,354,482,1390
6219,908,904,906,124,356,480,1388
6220,910,914,914,128,356,484,1394
6221,908,908,908,128,356,484,1392
6222,908,910,906,130,352,482,1390
6223,902,898,900,126,354,480,1382
6224,908,910,912,128,356,484,1392
6225,906,906,904,128,354,482,1388
6226,912,910,910,126,354,480,1392
6227,904,906,906,128,354,482,1386
6228,916,916,918,128,356,484,1400
6229,914,912,914,126,358,484,1398
6230,912,912,912,126,358,484,1396
6231,900,902,898,128,354,482,1382
6232,898,900,900,130,354,484,1382
6233,904,902,904,128,356,484,1388
6234,896,894,896,126,358,484,1380
6235,884,886,884,128,356,484,1368
6236,884,882,880,126,354,480,1364
6237,888,888,890,126,356,482,1370
6238,886,888,888,128,356,484,1370
6239,896,896,898,128,358,486,1382
6240,892,892,888,128,354,482,1374
6241,896,896,900,128,358,486,1382
6242,896,894,892,126,356,482,1378
6243,892,894,894,128,356,484,1376
6244,878,878,874,128,352,480,1358
6245,868,868,868,128,352,480,1348
6246,858,858,860,128,354,482,1340
6247,860,858,858,126,354,480,1340
6248,854,854,852,126,352,478,1332
6249,858,862,860,130,350,480,1338
6250,870,868,872,128,354,482,1352
6251,874,872,874,126,356,482,1356
6252,882,886,884,130,354,484,1366
6253,886,884,884,128,354,482,1368
6254,900,900,900,128,354,482,1382
6255,900,900,902,128,356,484,1384
6256,908,908,908,128,356,484,1392
6257,902,900,900,126,356,482,1384
6258,902,904,902,128,354,482,1384
6259,900,900,902,128,356,484,1384
6260,902,900,902,126,358,484,1386
6261,894,894,890,126,354,480,1374
6262,886,886,888,126,356,482,1368
6263,890,892,892,128,356,484,1374
6264,886,886,886,128,356,484,1370
6265,884,882,882,126,356,482,1366
6266,882,884,880,128,352,480,1362
6267,862,860,860,126,352,478,1340
6268,882,882,884,126,354,480,1362
6269,874,874,876,126,356,482,1356
6270,868,868,866,126,354,480,1348
6271,870,872,872,128,354,482,1352
6272,880,880,880,128,354,482,1362
6273,876,876,876,128,354,482,1358
6274,884,882,882,126,354,480,1364
6275,882,884,886,128,356,484,1366
6276,888,888,886,128,354,482,1370
6277,888,888,886,128,352,480,1368
6278,896,894,896,126,354,480,1376
6279,894,894,894,126,354,480,1374
6280,896,898,900,128,356,484,1380
6281,902,900,898,126,354,480,1382
6282,896,898,898,128,354,482,1378
6283,906,906,908,128,356,484,1390
6284,908,906,906,126,356,482,1390
6285,906,908,910,128,358,486,1392
6286,906,902,902,124,358,482,1388
6287,910,912,912,126,358,484,1394
6288,906,906,906,126,358,484,1390
6289,896,898,892,128,352,480,1376
6290,888,888,892,128,356,484,1372
6291,888,886,886,126,356,482,1370
6292,884,886,884,128,354,482,1366
6293,886,886,884,128,352,480,1366
6294,878,878,878,128,352,480,1358
6295,886,886,886,128,352,480,1366
6296,888,886,890,126,356,482,1370
6297,890,894,890,130,352,482,1372
6298,898,898,898,130,352,482,1380
6299,898,896,896,128,352,480,1378
6300,910,910,912,128,354,482,1392
6301,910,910,910,128,354,482,1392
6302,914,914,912,128,352,480,1394
6303,906,906,908,128,354,482,1388
6304,914,914,914,128,354,482,1396
6305,906,906,908,128,356,484,1390
6306,908,906,906,126,356,482,1390
6307,900,900,896,126,352,478,1378
6308,900,900,904,126,356,482,1382
6309,906,908,906,128,354,482,1388
6310,898,898,900,128,356,484,1382
6311,890,890,888,128,354,482,1372
6312,876,876,872,128,350,478,1354
6313,878,878,878,128,350,478,1356
6314,876,878,880,130,352,482,1358
6315,888,884,884,126,352,478,1366
6316,884,884,886,126,354,480,1364
6317,898,900,900,128,354,482,1380
6318,898,898,898,128,354,482,1380
6319,902,900,900,126,354,480,1382
6320,894,894,894,126,354,480,1374
6321,904,906,908,128,356,484,1388
6322,900,900,900,128,356,484,1384
6323,900,900,898,128,354,482,1382
6324,892,894,894,130,354,484,1376
6325,904,900,902,126,356,482,1386
6326,894,896,896,128,356,484,1378
6327,894,894,890,128,352,480,1374
6328,894,894,898,128,356,484,1378
6329,892,894,894,130,356,486,1378
6330,896,894,892,128,354,482,1378
6331,894,892,892,126,354,480,1374
6332,896,898,900,128,356,484,1380
6333,894,894,894,128,356,484,1378
6334,898,896,896,126,356,482,1380
6335,888,888,886,126,354,480,1368
6336,890,892,894,128,356,484,1374
6337,886,886,884,128,354,482,1368
6338,884,884,884,128,354,482,1366
6339,880,878,878,126,354,480,1360
6340,882,884,882,128,352,480,1362
6341,884,886,888,130,354,484,1368
6342,888,884,886,126,356,482,1370
6343,886,888,884,128,352,480,1366
6344,876,876,876,128,352,480,1356
6345,876,876,878,128,354,482,1358
6346,872,872,870,128,352,480,1352
6347,864,862,862,126,352,478,1342
6348,858,860,858,128,350,478,1336
6349,868,866,868,126,352,478,1346
6350,868,868,868,126,352,478,1346
6351,874,876,876,128,352,480,1354
6352,884,884,884,128,352,480,1364
6353,888,888,888,128,352,480,1368
6354,898,900,902,130,354,484,1382
6355,912,908,912,126,358,484,1396
6356,920,922,920,128,356,484,1404
6357,916,916,914,128,354,482,1398
6358,928,928,930,128,356,484,1412
6359,926,928,928,130,356,486,1412
6360,934,932,934,128,358,486,1420
6361,922,922,920,128,356,484,1406
6362,930,928,930,126,358,484,1414
6363,928,928,928,126,358,484,1412
6364,920,922,920,128,356,484,1404
6365,912,912,912,128,356,484,1396
6366,912,910,912,126,358,484,1396
6367,908,906,906,124,358,482,1390
6368,900,906,904,130,356,486,1386
6369,894,892,890,128,354,482,1376
6370,896,896,896,128,354,482,1378
6371,900,900,900,128,354,482,1382
6372,900,900,900,128,354,482,1382
6373,892,890,888,126,352,478,1370
6374,866,866,866,126,352,478,1344
6375,862,862,866,126,356,482,1344
6376,860,862,858,128,352,480,1340
6377,858,858,856,128,350,478,1336
6378,864,864,864,128,350,478,1342
6379,890,892,892,130,350,480,1370
6380,902,900,902,128,352,480,1382
6381,910,912,912,130,352,482,1392
6382,904,902,902,128,352,480,1384
6383,918,918,920,128,354,482,1400
6384,920,920,922,128,356,484,1404
6385,922,922,922,128,356,484,1406
6386,910,910,906,128,352,480,1390
6387,918,916,920,126,356,482,1400
6388,912,912,914,126,358,484,1396
6389,904,906,904,128,356,484,1388
6390,888,890,888,130,354,484,1372
6391,886,882,886,126,358,484,1370
6392,870,872,866,128,352,480,1350
6393,854,854,854,128,352,480,1334
6394,840,840,840,128,352,480,1320
6395,844,844,844,128,352,480,1324
6396,848,846,848,126,354,480,1328
6397,852,856,854,130,352,482,1334
6398,854,854,854,130,352,482,1336
6399,866,864,866,128,354,482,1348
6400,862,864,862,130,352,482,1344
6401,862,860,858,128,350,478,1340
6402,870,868,870,126,352,478,1348
6403,870,872,874,128,354,482,1352
6404,876,874,876,126,356,482,1358
6405,870,872,868,128,352,480,1350
6406,868,868,868,128,352,480,1348
6407,876,876,878,128,354,482,1358
6408,880,880,878,128,352,480,1360
6409,884,886,886,130,352,482,1366
6410,886,882,882,126,352,478,1364
6411,896,896,898,126,354,480,1376
6412,890,892,892,128,354,482,1372
6413,886,886,886,128,354,482,1368
6414,886,884,882,126,352,478,1364
6415,888,888,888,126,352,478,1366
6416,894,894,896,126,354,480,1374
6417,896,896,896,126,354,480,1376
6418,894,896,894,128,352,480,1374
6419,896,898,896,130,350,480,1376
6420,900,898,902,128,354,482,1382
6421,900,898,900,126,356,482,1382
6422,902,904,902,128,354,482,1384
6423,898,898,896,128,352,480,1378
6424,910,908,912,126,356,482,1392
6425,912,914,912,128,354,482,1394
6426,914,914,914,128,354,482,1396
6427,912,912,912,128,354,482,1394
6428,902,900,900,126,354,480,1382
6429,894,894,894,126,354,480,1374
6430,880,882,880,128,352,480,1360
6431,872,870,868,126,350,476,1348
6432,860,862,860,128,348,476,1336
6433,866,868,870,130,350,480,1346
6434,878,876,878,128,352,480,1358
6435,880,880,880,128,352,480,1360
6436,886,886,884,128,350,478,1364
6437,892,892,894,128,352,480,1372
6438,900,900,902,128,354,482,1382
6439,908,910,908,130,352,482,1390
6440,910,906,906,126,352,478,1388
6441,908,908,908,126,352,478,1386
6442,914,914,918,126,356,482,1396
6443,910,910,910,126,356,482,1392
6444,910,910,908,126,354,480,1390
6445,904,904,904,126,354,480,1384
6446,912,914,914,128,354,482,1394
6447,912,910,910,126,354,480,1392
6448,908,908,910,126,356,482,1390
6449,906,906,906,126,356,482,1388
6450,916,916,916,126,356,482,1398
6451,914,912,912,124,356,480,1394
6452,916,918,920,126,358,484,1400
6453,912,912,910,126,356,482,1394
6454,916,918,916,128,354,482,1398
6455,914,914,916,128,356,484,1398
6456,920,916,918,124,358,482,1402
6457,916,916,916,124,358,482,1398
6458,906,910,908,128,356,484,1390
6459,916,914,916,126,358,484,1400
6460,908,908,908,126,358,484,1392
6461,906,906,906,126,358,484,1390
6462,896,896,892,126,354,480,1376
6463,896,898,896,128,352,480,1376
6464,876,874,876,126,354,480,1356
6465,860,860,858,126,352,478,1338
6466,842,844,842,128,350,478,1320
6467,846,846,846,128,350,478,1324
6468,852,850,852,126,352,478,1330
6469,862,862,860,126,350,476,1338
6470,866,868,864,128,346,474,1340
6471,880,878,882,126,350,476,1356
6472,884,886,888,128,352,480,1364
6473,900,900,900,128,352,480,1380
6474,900,898,898,126,352,478,1378
6475,908,908,910,126,354,480,1388
6476,912,914,914,128,354,482,1394
6477,914,914,914,128,354,482,1396
6478,908,904,904,124,354,478,1386
6479,910,912,914,126,356,482,1392
6480,908,906,906,124,356,480,1388
6481,902,904,904,126,356,482,1384
6482,894,894,892,126,354,480,1374
6483,898,896,898,124,356,480,1378
6484,890,892,890,126,354,480,1370
6485,888,890,890,128,354,482,1370
6486,890,890,888,128,352,480,1370
6487,902,900,900,126,352,478,1380
6488,896,900,900,130,352,482,1378
6489,908,904,906,126,354,480,1388
6490,904,906,904,128,352,480,1384
6491,916,914,918,126,356,482,1398
6492,914,914,914,126,356,482,1396
6493,916,918,918,128,356,484,1400
6494,914,912,910,126,354,480,1394
6495,906,904,906,124,356,480,1386
6496,912,916,914,128,354,482,1394
6497,914,914,916,128,356,484,1398
6498,914,914,914,128,356,484,1398
6499,912,910,908,126,354,480,1392
6500,916,916,918,126,356,482,1398
6501,910,908,910,124,358,482,1392
6502,908,910,908,126,356,482,1390
6503,904,906,904,128,354,482,1386
6504,910,910,910,128,354,482,1392
6505,892,890,892,126,356,482,1374
6506,880,878,878,124,356,480,1360
6507,866,868,864,126,352,478,1344
6508,854,854,854,126,352,478,1332
6509,852,854,852,128,350,478,1330
6510,856,854,854,126,350,476,1332
6511,858,858,858,126,350,476,1334
6512,862,862,860,126,348,474,1336
6513,880,878,882,124,352,476,1356
6514,884,888,886,128,350,478,1362
6515,892,890,892,126,352,478,1370
6516,890,888,888,124,352,476,1366
6517,894,896,898,126,354,480,1374
6518,902,904,902,128,352,480,1382
6519,908,906,910,126,356,482,1390
6520,912,912,910,126,354,480,1392
6521,908,910,908,128,352,480,1388
6522,920,918,922,126,356,482,1402
6523,914,916,916,128,356,484,1398
6524,918,916,916,126,356,482,1400
6525,906,906,906,126,356,482,1388
6526,916,916,916,126,356,482,1398
6527,912,912,912,126,356,482,1394
6528,904,906,904,128,354,482,1386
6529,904,902,904,126,356,482,1386
6530,912,912,914,126,358,484,1396
6531,904,906,902,128,354,482,1386
6532,908,906,910,126,358,484,1392
6533,892,894,890,128,354,482,1374
6534,882,882,882,128,354,482,1364
6535,874,874,872,128,352,480,1354
6536,864,862,864,126,354,480,1344
6537,852,854,848,128,348,476,1328
6538,844,844,846,128,350,478,1322
6539,850,848,848,126,350,476,1326
6540,844,844,842,126,348,474,1318
6541,824,826,824,128,346,474,1298
6542,832,832,834,128,348,476,1308
6543,838,838,838,128,348,476,1314
6544,854,856,858,130,350,480,1334
6545,866,866,864,130,348,478,1344
6546,876,874,876,128,350,478,1354
6547,892,892,894,128,352,480,1372
6548,888,892,892,128,352,484,1372
6549,898,894,892,128,350,478,1376
6550,898,896,900,126,354,480,1378
6551,902,906,904,130,352,482,1384
6552,908,906,908,128,354,482,1390
6553,906,906,906,128,354,482,1388
6554,910,910,912,128,356,484,1394
6555,914,914,916,128,358,486,1400
6556,908,908,908,128,358,486,1394
6557,906,904,902,126,356,482,1388
6558,900,900,900,126,356,482,1382
6559,910,910,910,126,356,482,1392
6560,904,906,906,128,356,484,1388
6561,900,900,900,128,356,484,1384
6562,904,902,902,126,356,482,1386
6563,900,900,900,126,356,482,1382
6564,892,892,888,126,352,478,1370
6565,888,890,890,128,352,480,1368
6566,898,896,898,126,354,480,1378
6567,898,900,902,128,356,484,1382
6568,900,900,898,128,354,482,1382
6569,890,888,886,126,352,478,1368
6570,890,890,892,126,354,480,1370
6571,874,876,874,128,352,480,1354
6572,856,856,852,128,348,476,1332
6573,842,840,842,126,350,476,1318
6574,850,852,850,128,348,476,1326
6575,854,854,856,128,350,478,1332
6576,870,870,868,128,348,476,1346
6577,872,870,870,126,348,474,1346
6578,894,896,898,128,350,478,1372
6579,892,892,894,128,352,480,1372
6580,904,904,904,128,352,480,1384
6581,902,902,900,128,350,478,1380
6582,920,918,922,126,354,480,1400
6583,916,918,916,128,352,480,1396
6584,922,922,922,128,352,480,1402
6585,918,918,918,128,352,480,1398
6586,928,926,930,126,356,482,1410
6587,916,918,918,128,356,484,1400
6588,916,916,912,128,352,480,1396
6589,906,902,904,124,354,478,1384
6590,910,912,914,126,356,482,1392
6591,904,906,904,128,354,482,1386
6592,904,902,904,126,356,482,1386
6593,896,898,894,128,352,480,1376
6594,898,898,898,128,352,480,1378
6595,904,902,904,126,354,480,1384
6596,900,902,902,128,354,482,1382
6597,906,902,906,124,358,482,1388
6598,900,904,898,128,352,480,1380
6599,910,908,912,126,356,482,1392
6600,904,906,904,128,354,482,1386
6601,908,908,908,128,354,482,1390
6602,902,900,900,126,354,480,1382
6603,904,904,904,126,354,480,1384
6604,886,888,888,128,354,482,1368
6605,880,878,876,126,352,478,1358
6606,872,870,870,124,352,476,1348
6607,878,880,880,126,352,478,1356
6608,884,886,886,128,352,480,1364
6609,884,884,882,128,350,478,1362
6610,886,884,886,126,352,478,1364
6611,890,890,888,126,350,476,1366
6612,902,904,906,128,352,480,1382
6613,894,892,892,126,352,478,1372
6614,896,896,896,126,352,478,1374
6615,898,900,898,128,350,478,1376
6616,898,896,898,126,352,478,1376
6617,912,914,916,128,354,482,1394
6618,910,908,912,126,358,484,1394
6619,914,916,912,128,354,482,1396
6620,910,906,908,124,356,480,1390
6621,916,918,916,126,354,480,1396
6622,914,914,916,126,356,482,1396
6623,906,906,906,126,356,482,1388
6624,878,880,878,128,354,482,1360
6625,862,858,858,124,354,478,1340
6626,862,864,862,126,352,478,1340
6627,860,860,860,126,352,478,1338
6628,860,860,860,126,352,478,1338
6629,862,864,862,128,350,478,1340
6630,890,886,888,124,352,476,1366
6631,890,894,894,128,352,480,1370
6632,900,898,900,126,354,480,1380
6633,892,892,890,126,352,478,1370
6634,904,904,904,126,352,478,1382
6635,906,908,912,128,356,484,1390
6636,908,908,906,128,354,482,1390
6637,906,904,904,126,354,480,1386
6638,912,912,910,126,352,478,1390
6639,914,914,918,126,356,482,1396
6640,914,916,916,128,356,484,1398
6641,910,910,908,128,354,482,1392
6642,912,908,908,124,354,478,1390
6643,912,916,916,128,354,482,1394
6644,910,910,910,128,354,482,1392
6645,910,908,910,126,356,482,1392
6646,902,902,900,126,354,480,1382
6647,908,908,910,126,356,482,1390
6648,898,898,898,126,356,482,1380
6649,894,896,892,128,352,480,1374
6650,890,888,890,126,354,480,1370
6651,884,884,882,126,352,478,1362
6652,862,862,862,126,352,478,1340
6653,858,856,854,124,350,474,1332
6654,828,830,826,126,346,472,1300
6655,836,836,840,126,350,476,1312
6656,844,844,842,126,348,474,1318
6657,862,862,862,126,348,474,1336
6658,858,860,860,128,348,476,1334
6659,880,878,880,126,350,476,1356
6660,878,882,880,130,348,478,1356
6661,890,888,890,128,350,478,1368
6662,886,886,886,128,350,478,1364
6663,894,894,894,128,350,478,1372
6664,902,900,904,126,354,480,1382
6665,904,906,906,128,354,482,1386
6666,908,906,908,126,356,482,1390
6667,908,908,906,126,354,480,1388
6668,912,914,916,128,356,484,1396
6669,912,910,910,126,356,482,1394
6670,910,910,910,126,356,482,1392
6671,906,906,902,126,352,478,1384
6672,910,912,912,128,352,480,1390
6673,902,902,904,128,354,482,1384
6674,900,898,898,126,354,480,1380
6675,888,890,888,128,352,480,1368
6676,894,892,892,126,352,478,1372
6677,890,890,892,126,354,480,1370
6678,884,884,884,126,354,480,1364
6679,882,884,882,128,352,480,1362
6680,884,882,882,126,352,478,1362
6681,884,884,888,126,356,482,1366
6682,888,888,884,126,352,478,1366
6683,880,880,882,126,354,480,1360
6684,868,870,864,128,348,476,1344
6685,870,868,870,126,350,476,1346
6686,854,856,854,128,348,476,1330
6687,860,858,860,126,350,476,1336
6688,860,860,858,126,348,474,1334
6689,868,870,872,128,350,478,1346
6690,882,882,882,128,350,478,1360
6691,888,890,890,130,350,480,1368
6692,894,890,892,126,352,478,1372
6693,898,898,896,126,350,476,1374
6694,910,912,914,128,352,480,1390
6695,918,916,916,126,352,478,1396
6696,922,922,924,126,354,480,1402
6697,912,912,912,126,354,480,1392
6698,922,922,922,126,354,480,1402
6699,920,922,922,128,354,482,1402
6700,918,916,916,126,354,480,1398
6701,914,912,912,124,354,478,1392
6702,912,916,916,128,354,482,1394
6703,910,906,908,124,356,480,1390
6704,908,908,908,124,356,480,1388
6705,902,902,900,124,354,478,1380
6706,898,902,900,128,352,480,1378
6707,904,900,904,124,356,480,1384
6708,894,896,894,126,354,480,1374
6709,882,882,880,126,352,478,1360
6710,858,856,854,124,350,474,1332
6711,854,854,854,124,350,474,1328
6712,850,852,852,126,350,476,1326
6713,868,870,868,128,348,476,1344
6714,872,874,872,130,346,476,1348
6715,882,880,882,128,348,476,1358
6716,896,896,898,128,350,478,1374
6717,910,910,912,128,352,480,1390
6718,928,928,926,128,350,478,1406
6719,924,924,926,128,352,480,1404
6720,938,938,938,128,352,480,1418
6721,942,940,944,126,356,482,1424
6722,946,946,946,126,356,482,1428
6723,938,938,938,126,356,482,1420
6724,938,938,938,126,356,482,1420
6725,934,934,934,126,356,482,1416
6726,930,932,932,128,356,484,1414
6727,924,922,922,126,356,482,1406
6728,924,924,924,126,356,482,1406
6729,918,918,918,126,356,482,1400
6730,916,916,918,126,358,484,1400
6731,914,914,912,126,356,482,1396
6732,904,902,902,124,356,480,1384
6733,908,910,910,126,356,482,1390
6734,902,904,902,128,354,482,1384
6735,906,904,904,126,354,480,1386
6736,894,894,894,126,354,480,1374
6737,894,892,894,124,356,480,1374
6738,872,874,872,126,354,480,1352
6739,862,864,862,128,352,480,1342
6740,846,846,842,128,348,476,1322
6741,840,838,838,126,348,474,1314
6742,834,834,834,126,348,474,1308
6743,830,832,832,128,348,476,1306
6744,836,836,832,128,344,472,1308
6745,850,850,852,128,346,474,1324
6746,878,878,882,128,350,478,1356
6747,888,888,888,128,350,478,1366
6748,890,892,892,130,350,480,1370
6749,894,890,890,126,350,476,1370
6750,906,906,908,126,352,478,1384
6751,912,914,916,128,354,482,1394
6752,918,916,916,126,354,480,1398
6753,914,916,914,128,352,480,1394
6754,908,906,908,126,354,480,1388
6755,912,910,910,124,354,478,1390
6756,906,908,908,126,354,480,1386
6757,908,910,908,128,352,480,1388
6758,900,900,902,128,354,482,1382
6759,910,908,908,126,354,480,1390
6760,906,906,908,126,356,482,1388
6761,906,906,904,126,354,480,1386
6762,908,908,910,126,356,482,1390
6763,902,902,902,126,356,482,1384
6764,892,892,890,126,354,480,1372
6765,890,890,890,126,354,480,1370
6766,884,884,882,126,352,478,1362
6767,886,886,890,126,356,482,1368
6768,870,870,866,126,352,478,1348
6769,848,848,848,126,352,478,1326
6770,840,838,836,124,350,474,1314
6771,836,840,838,128,348,476,1312
6772,850,848,850,126,350,476,1326
6773,860,862,860,128,348,476,1336
6774,864,866,864,130,346,476,1340
6775,870,868,870,128,348,476,1346
6776,882,882,884,128,350,478,1360
6777,884,884,884,128,350,478,1362
6778,890,892,892,130,350,480,1370
6779,890,888,888,128,350,478,1368
6780,898,898,898,128,350,478,1376
6781,902,902,904,128,352,480,1382
6782,900,898,898,126,352,478,1378
6783,896,898,898,128,352,480,1376
6784,902,900,902,126,354,480,1382
6785,898,900,896,128,350,478,1376
6786,900,900,902,128,352,480,1380
6787,902,902,900,128,350,478,1380
6788,900,898,902,126,354,480,1380
6789,904,906,904,128,352,480,1384
6790,900,898,900,126,354,480,1380
6791,896,898,896,128,352,480,1376
6792,890,888,886,126,350,476,1366
6793,892,894,894,128,350,478,1370
6794,890,888,890,126,352,478,1368
6795,884,884,884,126,352,478,1362
6796,880,882,880,128,350,478,1358
6797,894,892,896,126,354,480,1374
6798,890,892,890,128,352,480,1370
6799,886,884,882,126,350,476,1362
6800,860,862,860,128,348,476,1336
6801,852,850,850,126,348,474,1326
6802,836,838,836,128,346,474,1310
6803,830,828,826,126,344,470,1300
6804,822,824,824,128,344,472,1294
6805,836,834,834,126,344,470,1306
6806,848,850,850,128,344,472,1320
6807,846,846,846,128,344,472,1318
6808,846,846,846,128,344,472,1318
6809,860,860,862,128,346,474,1334
6810,864,864,866,128,348,476,1340
6811,866,866,864,128,346,474,1340
6812,872,870,870,126,346,472,1344
6813,878,880,884,128,350,478,1356
6814,886,886,886,128,350,478,1364
6815,886,886,884,128,348,476,1362
6816,888,888,888,128,348,476,1364
6817,898,898,900,128,350,478,1376
6818,898,898,900,128,352,480,1378
6819,906,904,904,126,352,478,1384
6820,892,896,892,130,348,478,1370
6821,902,900,902,128,350,478,1380
6822,896,898,898,130,350,480,1376
6823,898,894,896,126,352,478,1376
6824,888,890,886,128,348,476,1364
6825,892,890,894,126,352,478,1370
6826,892,892,892,126,352,478,1370
6827,784,890,888,126,350,478,1366
6828,994,888,890,126,352,478,1472
6829,882,884,880,128,348,476,1358
6830,894,890,894,124,352,476,1370
6831,892,896,894,128,350,478,1370
6832,898,898,898,128,350,478,1376
6833,894,892,890,126,348,474,1368
6834,900,902,902,128,348,476,1376
6835,894,890,894,124,352,476,1370
6836,886,888,884,126,348,474,1360
6837,862,862,860,126,346,472,1334
6838,842,842,840,126,344,470,1312
6839,838,838,842,126,348,474,1312
6840,838,838,834,126,344,470,1308
6841,834,838,836,130,342,472,1306
6842,838,836,836,128,342,470,1308
6843,846,846,848,128,344,472,1318
6844,850,850,850,128,344,472,1322
6845,864,862,864,126,346,472,1336
6846,868,870,868,128,344,472,1340
6847,888,884,888,124,348,472,1360
6848,888,894,892,130,346,476,1364
6849,908,906,908,128,348,476,1384
6850,908,908,910,128,350,478,1386
6851,916,914,914,126,350,476,1392
6852,918,920,920,128,350,478,1396
6853,926,924,926,126,352,478,1404
6854,914,914,912,126,350,476,1390
6855,922,920,924,124,354,478,1400
6856,914,918,916,128,352,480,1394
6857,920,918,918,126,352,478,1398
6858,904,904,902,126,350,476,1380
6859,912,912,914,126,352,478,1390
6860,908,910,908,128,350,478,1386
6861,906,904,906,126,352,478,1384
6862,902,902,902,126,352,478,1380
6863,890,888,888,124,352,476,1366
6864,892,894,892,126,350,476,1368
6865,888,890,890,128,350,478,1366
6866,890,890,890,128,350,478,1368
6867,884,882,880,126,348,474,1358
6868,878,876,876,124,348,472,1350
6869,884,886,888,126,350,476,1360
6870,868,870,868,128,348,476,1344
6871,862,856,856,127,348,470,1332
6872,828,832,830,126,346,472,1300
6873,832,832,830,126,344,470,1302
6874,828,830,826,128,340,468,1296
6875,798,800,796,130,336,466,1264
6876,792,790,794,128,340,468,1260
6877,790,790,788,128,338,466,1256
6878,782,782,784,128,340,468,1250
6879,768,768,766,128,338,466,1234
6880,768,766,766,126,338,464,1232
6881,760,762,762,128,338,466,1226
6882,774,770,772,124,340,464,1238
6883,778,780,778,126,338,464,1242
6884,792,796,796,130,338,468,1260
6885,830,824,828,124,342,466,1296
6886,836,840,840,128,342,470,1306
6887,850,850,852,128,344,472,1322
6888,860,860,860,128,344,472,1332
6889,876,876,878,128,346,474,1350
6890,888,886,890,126,350,476,1364
6891,896,898,898,128,350,478,1374
6892,912,910,910,126,350,476,1388
6893,906,904,908,124,354,478,1384
6894,916,916,914,124,352,476,1392
6895,910,912,912,126,352,478,1388
6896,914,914,914,126,352,478,1392
6897,908,908,906,126,350,476,1384
6898,900,898,900,124,352,476,1376
6899,898,900,900,126,352,478,1376
6900,892,890,892,124,354,478,1370
6901,880,882,876,126,348,474,1354
6902,876,876,878,126,350,476,1352
6903,884,886,884,128,348,476,1360
6904,884,882,884,126,350,476,1360
6905,890,890,888,126,348,474,1364
6906,890,890,890,126,348,474,1364
6907,900,900,902,126,350,476,1376
6908,904,904,904,126,350,476,1380
6909,906,908,908,128,350,478,1384
6910,898,896,896,126,350,476,1374
6911,884,882,880,124,348,472,1356
6912,870,872,872,126,348,474,1344
6913,860,860,858,126,346,472,1332
6914,862,862,862,126,346,472,1334
6915,858,858,856,126,344,470,1328
6916,876,878,880,128,346,474,1350
6917,878,878,880,128,348,476,1354
6918,886,886,886,128,348,476,1362
6919,886,884,884,126,348,474,1360
6920,896,896,896,126,348,474,1370
6921,898,902,902,130,348,478,1376
6922,908,906,908,128,350,478,1386
6923,908,904,904,124,350,474,1382
6924,910,912,912,126,350,476,1386
6925,908,910,908,128,348,476,1384
6926,910,908,912,126,352,478,1388
6927,906,910,908,130,350,480,1386
6928,912,910,910,128,350,478,1390
6929,910,912,912,130,350,480,1390
6930,916,914,916,128,352,480,1396
6931,918,916,916,126,352,478,1396
6932,910,910,908,126,350,476,1386
6933,914,916,920,128,354,482,1396
6934,918,916,916,126,354,480,1398
6935,918,920,916,128,350,478,1396
6936,916,914,916,126,352,478,1394
6937,918,918,922,126,356,482,1400
6938,916,916,912,126,352,478,1394
6939,914,916,916,128,352,480,1394
6940,911,910,910,127,352,479,1390
6941,905,906,902,128,348,476,1381
6942,910,908,914,126,354,480,1390
6943,906,904,906,124,356,480,1386
6944,894,896,890,126,350,476,1370
6945,862,860,858,124,348,472,1334
6946,850,852,852,126,348,474,1324
6947,840,842,838,128,344,472,1312
6948,830,828,830,126,346,472,1302
6949,826,828,824,128,342,470,1296
6950,840,838,838,126,342,468,1308
6951,832,834,834,128,342,470,1302
6952,814,816,814,130,340,470,1284
6953,834,832,832,128,340,468,1302
6954,856,858,858,130,340,470,1326
6955,908,860,864,128,344,470,1334
6956,960,844,844,126,344,470,1430
6957,824,826,824,128,342,470,1294
6958,812,812,814,128,344,472,1284
6959,802,800,798,126,342,468,1270
6960,776,778,776,128,340,468,1244
6961,766,766,768,128,342,470,1236
6962,768,766,764,126,340,466,1234
6963,766,768,768,128,340,468,1234
6964,768,768,768,128,340,468,1236
6965,788,788,790,128,342,470,1258
6966,810,810,810,128,342,470,1280
6967,832,830,834,126,346,472,1304
6968,828,828,826,126,344,470,1298
6969,832,832,834,126,346,472,1304
6970,842,844,842,128,344,472,1314
6971,854,850,854,124,348,472,1326
6972,860,862,862,126,348,474,1334
6973,864,864,862,126,346,472,1336
6974,866,868,868,128,346,474,1340
6975,876,874,874,126,346,472,1348
6976,880,882,884,128,348,476,1356
6977,886,884,884,126,348,474,1360
6978,882,882,882,126,348,474,1356
6979,892,894,894,128,348,476,1368
6980,894,894,894,128,348,476,1370
6981,896,896,896,128,348,476,1372
6982,888,888,886,128,346,474,1362
6983,900,898,900,126,348,474,1374
6984,902,904,904,128,348,476,1378
6985,904,904,904,128,348,476,1380
6986,898,896,894,126,346,472,1370
6987,896,898,900,128,348,476,1372
6988,906,906,910,128,352,480,1386
6989,910,908,906,126,350,476,1386
6990,900,904,900,130,346,476,1376
6991,890,888,890,128,348,476,1366
6992,896,894,894,126,348,474,1370
6993,884,886,886,128,348,476,1360
6994,870,870,866,128,344,472,1342
6995,858,856,856,126,344,470,1328
6996,854,856,856,128,344,472,1326
6997,856,854,856,126,346,472,1328
6998,858,858,858,126,346,472,1330
6999,864,864,862,126,344,470,1334
7000,880,880,882,126,346,472,1352
7001,884,886,886,128,346,474,1358
7002,896,896,894,128,344,472,1368
7003,898,896,900,126,348,474,1372
7004,914,916,916,128,348,476,1390
7005,918,916,918,126,350,476,1394
7006,922,924,922,128,348,476,1398
7007,916,916,916,128,348,476,1392
7008,928,926,928,126,350,476,1404
7009,928,930,932,128,352,480,1408
7010,930,932,928,130,348,478,1408
7011,924,922,926,128,352,480,1404
7012,932,934,932,130,350,480,1412
7013,930,926,928,126,352,478,1408
7014,924,924,924,126,352,478,1402
7015,918,918,916,126,350,476,1394
7016,914,914,914,126,350,476,1390
7017,918,920,920,128,350,478,1396
7018,916,914,914,126,350,476,1392
7019,916,918,920,128,352,480,1396
7020,914,912,910,126,350,476,1390
7021,918,916,916,124,350,474,1392
7022,910,914,914,128,350,478,1388
7023,914,914,916,128,352,480,1394
7024,908,908,906,128,350,478,1386
7025,900,898,898,126,350,476,1376
7026,892,894,894,128,350,478,1370
7027,880,878,878,126,350,476,1356
7028,872,872,868,126,346,472,1344
7029,860,860,860,126,346,472,1332
7030,872,872,872,126,346,472,1344
7031,880,884,884,130,346,476,1356
7032,890,888,890,128,348,476,1366
7033,896,894,894,126,348,474,1370
7034,904,906,906,128,348,476,1380
7035,922,922,924,128,350,478,1400
7036,932,932,934,128,352,480,1412
7037,928,926,924,126,350,476,1404
7038,928,930,930,128,350,478,1406
7039,936,934,938,126,354,480,1416
7040,936,938,936,128,352,480,1416
7041,940,940,940,128,352,480,1420
7042,926,924,926,126,354,480,1406
7043,934,934,934,126,354,480,1414
7044,932,932,932,126,354,480,1412
7045,928,928,926,126,352,478,1406
7046,924,922,922,124,352,476,1400
7047,916,918,920,126,354,480,1396
7048,918,920,920,128,354,482,1400
7049,914,912,912,126,354,480,1394
7050,912,912,910,126,352,478,1390
7051,902,900,900,124,352,476,1378
7052,896,898,898,126,352,478,1374
7053,880,880,878,126,350,476,1356
7054,864,864,862,126,348,474,1338
7055,846,848,846,128,346,474,1320
7056,854,854,856,128,348,476,1330
7057,856,856,856,128,348,476,1332
7058,872,870,868,126,346,472,1344
7059,876,876,878,126,348,474,1350
7060,890,890,892,126,350,476,1366
7061,904,906,906,128,350,478,1382
7062,918,916,916,126,350,476,1394
7063,920,922,922,128,350,478,1398
7064,942,942,944,128,352,480,1422
7065,944,942,944,126,354,480,1424
7066,944,946,946,128,354,482,1426
7067,938,934,936,124,356,480,1418
7068,942,944,944,126,356,482,1424
7069,944,944,948,126,360,486,1430
7070,942,944,940,128,356,484,1426
7071,932,928,928,124,356,480,1412
7072,930,932,932,126,356,482,1412
7073,930,930,932,126,358,484,1414
7074,926,926,922,126,354,480,1406
7075,914,912,912,124,354,478,1392
7076,912,916,916,128,354,482,1394
7077,920,916,918,124,356,480,1400
7078,920,922,922,126,356,482,1402
7079,918,918,920,126,358,484,1402
7080,912,912,910,126,356,482,1394
7081,918,916,916,124,356,480,1398
7082,914,916,916,126,356,482,1396
7083,914,916,914,128,354,482,1396
7084,910,906,908,124,356,480,1390
7085,914,914,914,124,356,480,1394
7086,916,920,918,128,354,482,1398
7087,924,922,926,126,358,484,1408
7088,920,918,914,124,354,478,1398
7089,908,910,908,126,352,478,1386
7090,902,900,902,124,354,478,1380
7091,878,880,878,126,352,478,1356
7092,868,870,868,128,350,478,1346
7093,866,862,862,124,350,474,1340
7094,878,882,882,128,350,478,1356
7095,888,884,886,124,352,476,1364
7096,888,890,888,126,350,476,1364
7097,890,892,892,128,350,478,1368
7098,902,900,906,126,356,482,1384
7099,914,914,914,126,356,482,1396
7100,914,914,912,126,354,480,1394
7101,912,912,914,126,356,482,1394
7102,934,934,932,126,354,480,1414
7103,934,934,936,126,356,482,1416
7104,932,934,932,128,354,482,1414
7105,932,930,932,126,356,482,1414
7106,936,934,934,124,356,480,1416
7107,934,938,940,128,358,486,1420
7108,936,936,934,128,356,484,1420
7109,922,920,922,126,358,484,1406
7110,936,934,936,124,360,484,1420
7111,926,928,924,126,356,482,1408
7112,926,928,932,128,360,488,1414
7113,926,924,922,126,358,484,1410
7114,922,922,920,126,356,482,1404
7115,924,924,924,126,356,482,1406
7116,926,926,926,126,356,482,1408
7117,926,926,924,126,354,480,1406
7118,914,914,918,126,358,484,1398
7119,926,924,922,124,356,480,1406
7120,918,922,922,128,356,484,1402
7121,920,918,920,126,358,484,1404
7122,912,910,908,124,356,480,1392
7123,914,916,916,126,356,482,1396
7124,914,914,912,126,354,480,1394
7125,900,900,900,126,354,480,1380
7126,860,862,858,128,350,478,1338
7127,864,864,864,128,350,478,1342
7128,864,862,864,126,352,478,1342
7129,866,866,864,126,350,476,1342
7130,870,868,868,124,350,474,1344
7131,892,894,898,126,354,480,1372
7132,918,918,918,126,354,480,1398
7133,914,916,916,128,354,482,1396
7134,910,910,908,128,352,480,1390
7135,928,928,932,128,356,484,1412
7136,936,934,936,126,358,484,1420
7137,948,950,950,128,358,486,1434
7138,940,938,936,126,356,482,1422
7139,948,946,950,124,360,484,1432
7140,946,948,948,126,360,486,1432
7141,952,952,952,126,360,486,1438
7142,942,942,938,126,356,482,1424
7143,936,936,940,126,360,486,1422
7144,936,938,940,128,362,490,1426
7145,936,934,934,126,362,488,1424
7146,920,922,918,128,358,486,1406
7147,908,906,902,126,354,480,1388
7148,880,880,880,126,354,480,1360
7149,910,912,914,128,356,484,1394
7150,912,910,912,126,358,484,1396
7151,900,898,898,124,358,482,1382
7152,900,902,902,126,358,484,1384
7153,900,900,900,126,358,484,1384
7154,906,906,904,126,356,482,1388
7155,904,902,902,124,356,480,1384
7156,910,910,910,124,356,480,1390
7157,908,910,910,126,356,482,1390
7158,926,924,926,124,358,482,1408
7159,922,922,918,124,354,478,1400
7160,934,934,940,124,360,484,1418
7161,932,934,930,126,356,482,1414
7162,934,934,936,126,358,484,1418
7163,926,928,928,128,358,486,1412
7164,940,938,940,126,360,486,1426
7165,936,938,938,128,360,488,1424
7166,948,946,948,126,362,488,1436
7167,940,938,934,124,358,482,1422
7168,942,944,944,126,358,484,1426
7169,936,938,942,128,362,490,1426
7170,938,938,934,128,358,486,1424
7171,934,932,932,126,358,484,1418
7172,926,926,924,126,356,482,1408
7173,934,932,936,124,360,484,1418
7174,934,938,938,128,360,488,1422
7175,932,930,930,126,360,486,1418
7176,924,922,922,124,360,484,1408
7177,924,928,928,128,360,488,1412
7178,912,912,912,128,360,488,1400
7179,898,898,892,128,354,482,1380
7180,868,866,866,126,354,480,1348
7181,856,856,856,126,354,480,1336
7182,856,856,854,126,352,478,1334
7183,858,860,860,128,352,480,1338
7184,872,872,872,128,352,480,1352
7185,880,880,880,128,352,480,1360
7186,890,892,892,130,352,482,1372
7187,908,906,908,128,354,482,1390
7188,908,906,906,126,354,480,1388
7189,908,910,908,128,352,480,1388
7190,924,922,924,126,354,480,1404
7191,910,910,912,126,356,482,1392
7192,888,886,886,124,356,480,1368
7193,884,884,882,124,354,478,1362
7194,880,884,886,128,356,484,1364
7195,872,870,866,126,352,478,1350
7196,858,858,858,126,352,478,1336
7197,864,864,864,126,352,478,1342
7198,860,858,858,124,352,476,1336
7199,852,854,852,126,350,476,1328
7200,858,856,858,124,352,476,1334
7201,868,872,874,128,354,482,1350
7202,872,872,868,128,350,478,1350
7203,872,872,874,128,352,480,1352
7204,886,884,888,126,356,482,1368
7205,892,894,892,128,354,482,1374
7206,900,896,896,124,354,478,1378
7207,888,888,890,124,356,480,1368
7208,898,900,898,126,354,480,1378
7209,896,896,900,126,358,484,1380
7210,894,898,894,130,354,484,1378
7211,892,890,892,128,356,484,1376
7212,900,898,900,126,358,484,1384
7213,898,898,894,126,354,480,1378
7214,900,898,898,124,354,478,1378
7215,898,900,900,126,354,480,1378
7216,910,910,908,126,352,478,1388
7217,904,902,906,124,356,480,1384
7218,908,910,910,126,356,482,1390
7219,904,906,906,128,356,484,1388
7220,914,912,912,126,356,482,1396
7221,914,914,912,126,354,480,1394
7222,906,906,910,126,358,484,1390
7223,882,882,878,126,354,480,1362
7224,886,886,888,126,356,482,1368
7225,884,882,878,124,352,476,1360
7226,876,878,878,126,352,478,1354
7227,844,844,844,126,352,478,1322
7228,836,836,832,126,348,474,1310
7229,816,816,818,126,350,476,1292
7230,804,804,802,126,348,474,1278
7231,804,806,808,128,350,478,1282
7232,810,810,806,128,346,474,1284
7233,820,818,818,126,346,472,1292
7234,838,838,842,126,350,476,1314
7235,854,856,860,128,354,482,1336
7236,856,856,854,128,352,480,1336
7237,866,866,864,128,350,478,1344
7238,882,880,884,126,354,480,1362
7239,890,892,890,128,352,480,1370
7240,896,896,896,128,352,480,1376
7241,892,890,892,126,354,480,1372
7242,906,908,908,128,354,482,1388
7243,910,908,908,126,354,480,1390
7244,912,910,914,124,358,482,1394
7245,908,910,908,126,356,482,1390
7246,896,896,894,126,354,480,1376
7247,906,906,906,126,354,480,1386
7248,904,906,908,128,356,484,1388
7249,908,908,906,128,354,482,1390
7250,908,906,906,126,354,480,1388
7251,914,914,914,126,354,480,1394
7252,914,916,918,128,356,484,1398
7253,920,920,920,128,356,484,1404
7254,918,916,914,126,354,480,1398
7255,904,906,906,128,354,482,1386
7256,916,914,918,126,358,484,1400
7257,918,920,920,128,358,486,1404
7258,920,918,916,126,356,482,1402
7259,914,912,910,124,354,478,1392
7260,920,922,922,126,354,480,1400
7261,924,926,928,128,356,484,1408
7262,928,926,926,126,356,482,1410
7263,928,930,928,128,354,482,1410
7264,926,926,928,128,356,484,1410
7265,920,918,922,126,360,486,1406
7266,908,910,908,128,358,486,1394
7267,896,894,888,126,352,478,1374
7268,876,876,880,126,356,482,1358
7269,876,876,874,126,354,480,1356
7270,874,878,876,130,352,482,1356
7271,882,878,878,126,352,478,1360
7272,884,884,884,126,352,478,1362
7273,902,904,906,128,354,482,1384
7274,908,906,908,126,356,482,1390
7275,918,920,918,128,354,482,1400
7276,918,918,918,128,354,482,1400
7277,934,934,940,128,360,488,1422
7278,938,938,934,128,356,484,1422
7279,938,936,940,126,360,486,1424
7280,938,938,938,126,360,486,1424
7281,950,950,950,126,360,486,1436
7282,948,948,952,126,364,490,1438
7283,944,944,940,126,360,486,1430
7284,932,930,932,124,362,486,1418
7285,934,934,934,124,362,486,1420
7286,924,926,926,126,362,488,1412
7287,918,918,914,126,358,484,1402
7288,906,906,908,126,360,486,1392
7289,916,916,912,126,356,482,1398
7290,904,904,908,126,360,486,1390
7291,908,908,906,126,358,484,1392
7292,890,888,884,124,354,478,1368
7293,878,878,880,124,356,480,1358
7294,878,878,876,124,354,478,1356
7295,866,870,868,128,352,480,1346
7296,868,866,866,126,352,478,1346
7297,876,876,876,126,352,478,1354
7298,876,876,878,126,354,480,1356
7299,886,888,886,128,352,480,1366
7300,894,890,894,124,356,480,1374
7301,912,916,914,128,354,482,1394
7302,922,922,926,128,358,486,1408
7303,936,936,938,128,360,488,1424
7304,942,942,940,128,358,486,1428
7305,954,956,960,130,362,492,1446
7306,966,962,962,126,362,488,1454
7307,956,956,956,126,362,488,1444
7308,946,944,944,124,362,486,1432
7309,954,954,956,124,364,488,1442
7310,946,950,950,128,364,492,1438
7311,948,948,948,128,364,492,1440
7312,940,936,936,124,364,488,1428
7313,942,944,944,126,364,490,1432
7314,938,938,940,126,366,492,1430
7315,938,940,936,128,362,490,1428
7316,936,934,934,126,362,488,1424
7317,938,938,942,126,366,492,1430
7318,932,934,932,128,364,492,1424
7319,930,928,928,126,364,490,1420
7320,920,920,916,126,360,486,1406
7321,916,918,922,128,364,492,1408
7322,924,924,924,128,364,492,1416
7323,920,920,922,128,366,494,1414
7324,912,910,906,126,362,488,1400
7325,914,914,914,126,362,488,1402
7326,910,912,912,128,362,490,1400
7327,910,910,912,128,364,492,1402
7328,904,904,896,128,356,484,1388
7329,902,902,906,128,360,488,1390
7330,904,904,906,128,362,490,1394
7331,902,902,902,128,362,490,1392
7332,900,900,898,128,360,488,1388
7333,898,894,894,124,360,484,1382
7334,900,904,906,128,362,490,1390
7335,900,900,898,128,360,488,1388
7336,898,896,894,126,358,484,1382
7337,892,894,894,128,358,486,1378
7338,898,896,898,126,360,486,1384
7339,900,900,900,126,360,486,1386
7340,896,896,894,126,358,484,1380
7341,886,886,886,126,358,484,1370
7342,890,890,892,126,360,486,1376
7343,894,898,896,130,358,488,1382
7344,912,906,908,124,360,484,1396
7345,906,910,906,128,356,484,1390
7346,918,918,922,128,360,488,1406
7347,924,926,924,130,358,488,1412
7348,942,940,942,128,360,488,1430
7349,934,934,934,128,360,488,1422
7350,934,934,936,128,362,490,1424
7351,948,948,948,128,362,490,1438
7352,952,952,956,128,366,494,1446
7353,946,946,944,128,364,492,1438
7354,944,942,944,126,366,492,1436
7355,948,950,950,128,366,494,1442
7356,944,944,942,128,364,492,1436
7357,940,938,938,126,364,490,1430
7358,928,928,926,126,362,488,1416
7359,938,938,940,126,364,490,1428
7360,932,934,936,128,366,494,1426
7361,934,934,934,128,366,494,1428
7362,924,922,920,126,364,490,1414
7363,926,928,926,128,362,490,1416
7364,920,918,922,126,366,492,1412
7365,922,922,920,126,364,490,1412
7366,914,914,912,126,362,488,1402
7367,920,922,922,128,362,490,1410
7368,918,918,920,128,364,492,1410
7369,916,916,912,128,360,488,1404
7370,908,908,912,128,364,492,1400
7371,918,916,914,126,362,488,1406
7372,920,920,920,126,362,488,1408
7373,924,926,926,128,362,490,1414
7374,928,930,926,130,358,488,1416
7375,926,922,924,126,360,486,1412
7376,932,932,932,126,360,486,1418
7377,926,926,928,126,362,488,1414
7378,930,930,930,126,362,488,1418
7379,922,924,922,128,360,488,1410
7380,920,918,920,126,362,488,1408
7381,912,912,912,126,362,488,1400
7382,894,894,890,126,358,484,1378
7383,858,858,856,126,356,482,1340
7384,858,858,862,126,360,486,1344
7385,862,860,856,124,356,480,1342
7386,866,868,870,126,358,484,1350
7387,868,868,866,126,356,482,1350
7388,878,882,884,130,358,488,1366
7389,890,888,890,128,360,488,1378
7390,898,896,894,126,358,484,1382
7391,904,906,908,128,360,488,1392
7392,918,916,918,126,362,488,1406
7393,922,922,920,126,360,486,1408
7394,912,912,912,126,360,486,1398
7395,912,914,914,128,360,488,1400
7396,912,912,912,128,360,488,1400
7397,904,904,902,128,358,486,1390
7398,896,896,896,128,358,486,1382
7399,898,896,896,126,358,484,1382
7400,898,898,898,126,358,484,1382
7401,898,900,898,128,356,484,1382
7402,896,894,896,126,358,484,1380
7403,910,912,914,128,360,488,1398
7404,912,912,912,128,360,488,1400
7405,918,916,914,126,358,484,1402
7406,914,912,916,124,362,486,1400
7407,926,930,928,128,360,488,1414
7408,928,926,928,126,362,488,1416
7409,924,928,928,130,362,492,1416
7410,924,920,916,126,358,484,1408
7411,920,922,924,128,360,488,1408
7412,926,924,926,126,362,488,1414
7413,924,926,922,128,358,486,1410
7414,922,922,922,128,358,486,1408
7415,920,918,922,126,362,488,1408
7416,926,926,926,126,362,488,1414
7417,916,918,918,128,362,490,1406
7418,920,918,916,126,360,486,1406
7419,912,914,912,128,358,486,1398
7420,928,928,928,128,358,486,1414
7421,932,932,934,128,360,488,1420
7422,940,938,940,126,362,488,1428
7423,938,938,940,126,364,490,1428
7424,946,948,944,128,360,488,1434
7425,948,946,952,126,366,492,1440
7426,944,944,942,126,364,490,1434
7427,938,938,938,126,364,490,1428
7428,928,928,924,126,360,486,1414
7429,932,932,934,126,362,488,1420
7430,926,928,932,128,366,494,1420
7431,924,924,918,128,360,488,1412
7432,920,916,916,124,360,484,1404
7433,926,928,932,126,364,490,1416
7434,926,926,924,126,362,488,1414
7435,916,914,912,124,360,484,1400
7436,888,892,890,128,358,486,1374
7437,888,886,886,126,358,484,1372
7438,874,872,874,124,360,484,1358
7439,848,850,844,126,354,480,1328
7440,838,838,838,126,354,480,1318
7441,836,838,836,128,352,480,1316
7442,834,834,836,128,354,482,1316
7443,846,844,844,126,354,480,1326
7444,848,850,848,128,352,480,1328
7445,862,860,862,126,354,480,1342
7446,854,856,856,128,354,482,1336
7447,860,862,862,130,354,484,1344
7448,868,862,862,124,354,478,1346
7449,876,878,880,126,356,482,1358
7450,878,878,880,126,358,484,1362
7451,886,886,884,126,356,482,1368
7452,882,880,880,124,356,480,1362
7453,894,896,900,126,360,486,1380
7454,890,888,888,124,360,484,1374
7455,892,894,888,126,354,480,1372
7456,886,886,888,126,356,482,1368
7457,894,896,898,128,358,486,1380
7458,896,896,896,128,358,486,1382
7459,900,898,896,126,356,482,1382
7460,892,890,892,124,358,482,1374
7461,904,906,908,126,360,486,1390
7462,902,904,902,128,358,486,1388
7463,904,902,902,126,358,484,1388
7464,886,886,882,126,354,480,1366
7465,882,880,882,124,356,480,1362
7466,872,874,876,126,358,484,1356
7467,872,872,868,126,354,480,1352
7468,870,872,874,128,356,484,1354
7469,886,888,886,130,354,484,1370
7470,898,896,898,128,356,484,1382
7471,904,904,906,128,358,486,1390
7472,910,910,906,128,354,482,1392
7473,920,918,920,126,356,482,1402
7474,930,932,932,128,356,484,1414
7475,932,932,934,128,358,486,1418
7476,940,936,938,124,360,484,1424
7477,930,932,930,126,358,484,1414
7478,940,940,942,126,360,486,1426
7479,938,938,938,126,360,486,1424
7480,940,940,942,126,362,488,1428
7481,926,926,922,126,358,484,1410
7482,930,930,934,126,362,488,1418
7483,924,926,920,128,356,484,1408
7484,928,928,932,128,360,488,1416
7485,924,922,920,126,358,484,1408
7486,930,930,932,126,360,486,1416
7487,930,930,930,126,360,486,1416
7488,932,934,930,128,356,484,1416
7489,922,920,924,126,360,486,1408
7490,926,924,924,124,360,484,1410
7491,920,924,922,128,358,486,1406
7492,922,920,920,126,358,484,1406
7493,918,918,918,126,358,484,1402
7494,912,912,914,126,360,486,1398
7495,916,916,916,126,360,486,1402
7496,920,918,918,124,360,484,1404
7497,918,922,922,128,360,488,1406
7498,918,914,910,124,356,480,1398
7499,924,924,930,124,362,486,1410
7500,924,928,926,128,360,488,1412
7501,930,928,928,126,360,486,1416
7502,930,930,932,126,362,488,1418
7503,930,930,930,126,362,488,1418
7504,938,938,936,126,360,486,1424
7505,928,928,930,126,362,488,1416
7506,930,930,930,126,362,488,1418
7507,918,916,916,124,362,486,1404
7508,928,930,930,126,362,488,1416
7509,928,926,928,124,364,488,1416
7510,928,928,924,124,360,484,1412
7511,916,918,918,126,360,486,1402
7512,918,918,918,126,360,486,1404
7513,910,912,912,128,360,488,1398
7514,896,894,892,126,358,484,1380
7515,870,870,866,126,354,480,1350
7516,860,860,862,126,356,482,1342
7517,854,854,854,126,356,482,1336
7518,852,850,846,124,352,476,1328
7519,844,846,846,126,352,478,1322
7520,858,856,858,124,354,478,1336
7521,878,882,882,128,354,482,1360
7522,880,878,882,126,358,484,1364
7523,896,896,894,126,356,482,1378
7524,896,896,896,126,356,482,1378
7525,912,912,914,126,358,484,1396
7526,918,918,920,126,360,486,1404
7527,922,922,922,126,360,486,1408
7528,920,922,922,128,360,488,1408
7529,930,928,928,126,360,486,1416
7530,936,934,938,124,364,488,1424
7531,936,938,938,126,364,490,1426
7532,928,928,922,126,358,484,1412
7533,926,928,930,128,360,488,1414
7534,928,924,928,124,364,488,1416
7535,926,926,924,124,362,486,1412
7536,920,920,918,124,360,484,1404
7537,912,912,910,124,358,482,1394
7538,924,924,930,124,364,488,1412
7539,922,922,920,124,362,486,1408
7540,920,922,920,126,360,486,1406
7541,912,912,910,126,358,484,1396
7542,924,926,928,128,360,488,1412
7543,920,920,922,128,362,490,1410
7544,926,924,922,126,360,486,1412
7545,920,918,918,124,360,484,1404
7546,930,930,934,124,364,488,1418
7547,926,930,928,128,362,490,1416
7548,932,930,928,126,360,486,1418
7549,920,920,918,126,358,484,1404
7550,930,930,932,126,360,486,1416
7551,926,924,924,124,360,484,1410
7552,914,914,910,124,356,480,1394
7553,900,902,904,126,358,484,1384
7554,900,898,900,124,360,484,1384
7555,884,886,884,126,358,484,1368
7556,878,878,874,126,354,480,1358
7557,872,874,874,128,354,482,1354
7558,888,884,886,124,356,480,1368
7559,892,896,898,128,358,486,1378
7560,906,904,902,126,356,482,1388
7561,906,906,908,126,358,484,1390
7562,924,924,928,126,362,488,1412
7563,930,932,930,128,360,488,1418
7564,936,936,934,128,358,486,1422
7565,942,940,944,126,362,488,1430
7566,938,938,934,126,358,484,1422
7567,952,952,958,126,364,490,1442
7568,946,946,946,126,364,490,1436
7569,932,932,932,126,364,490,1422
7570,938,936,932,124,360,484,1422
7571,934,936,934,126,358,484,1418
7572,926,926,928,126,360,486,1412
7573,918,918,914,126,356,482,1400
7574,914,914,918,126,360,486,1400
7575,912,914,914,128,360,488,1400
7576,914,912,912,126,360,486,1400
7577,916,916,912,126,356,482,1398
7578,912,910,914,124,360,484,1396
7579,920,922,922,126,360,486,1406
7580,916,918,920,128,362,490,1406
7581,920,916,914,124,360,484,1404
7582,896,898,894,126,356,482,1378
7583,888,886,888,124,358,482,1370
7584,876,878,876,126,356,482,1358
7585,864,862,860,124,354,478,1342
7586,858,860,858,126,352,478,1336
7587,876,876,878,126,354,480,1356
7588,890,892,894,128,356,484,1374
7589,904,904,902,128,354,482,1386
7590,910,910,910,128,354,482,1392
7591,936,934,938,126,358,484,1420
7592,954,956,958,128,360,488,1442
7593,970,968,968,126,360,486,1456
7594,968,970,972,128,362,490,1458
7595,978,978,976,128,360,488,1466
7596,986,984,988,126,364,490,1476
7597,990,990,992,126,366,492,1482
7598,980,978,976,124,364,488,1468
7599,968,970,970,126,364,490,1458
7600,970,968,970,124,366,490,1460
7601,962,962,962,124,366,490,1452
7602,954,954,952,124,364,488,1442
7603,942,944,942,126,362,488,1430
7604,946,946,948,126,364,490,1436
7605,938,938,940,126,366,492,1430
7606,936,936,934,126,364,490,1426
7607,918,920,920,128,364,492,1410
7608,930,928,926,126,362,488,1418
7609,922,922,924,126,364,490,1412
7610,920,920,914,126,358,484,1404
7611,918,918,922,126,362,488,1406
7612,920,922,922,128,362,490,1410
7613,914,914,914,128,362,490,1404
7614,910,910,910,128,362,490,1400
7615,892,892,886,128,356,484,1376
7616,874,870,872,124,358,482,1356
7617,854,854,850,124,354,478,1332
7618,846,850,848,128,352,480,1326
7619,832,828,826,124,350,474,1306
7620,838,842,842,128,350,478,1316
7621,860,858,862,126,354,480,1340
7622,880,882,882,128,354,482,1362
7623,880,880,878,128,352,480,1360
7624,900,900,904,128,356,484,1384
7625,908,910,910,130,356,486,1394
7626,918,916,914,128,354,482,1400
7627,918,918,922,128,358,486,1404
7628,934,934,936,128,360,488,1422
7629,942,942,944,128,362,490,1432
7630,944,944,940,128,358,486,1430
7631,938,936,940,126,362,488,1426
7632,950,950,950,126,362,488,1438
7633,950,950,954,126,366,492,1442
7634,950,948,944,124,362,486,1436
7635,936,938,938,126,362,488,1424
7636,940,940,940,126,362,488,1428
7637,930,930,934,126,366,492,1422
7638,922,922,918,126,362,488,1410
7639,916,916,916,126,362,488,1404
7640,916,916,918,126,364,490,1406
7641,916,918,914,128,360,488,1404
7642,916,916,916,128,360,488,1404
7643,908,906,904,126,358,484,1392
7644,912,912,914,126,360,486,1398
7645,908,908,906,126,358,484,1392
7646,908,908,910,126,360,486,1394
7647,906,906,902,126,356,482,1388
7648,904,904,908,126,360,486,1390
7649,892,894,890,128,356,484,1376
7650,882,880,878,126,354,480,1362
7651,848,850,850,128,354,482,1330
7652,854,854,854,128,354,482,1336
7653,870,870,868,128,352,480,1350
7654,876,878,878,130,352,482,1358
7655,882,880,880,128,352,480,1362
7656,904,906,912,130,358,488,1392
7657,926,926,926,130,358,488,1414
7658,936,934,930,128,354,482,1418
7659,930,928,934,126,360,486,1416
7660,952,952,952,126,360,486,1438
7661,952,954,952,128,358,486,1438
7662,954,954,956,128,360,488,1442
7663,944,944,942,128,358,486,1430
7664,958,954,958,124,362,486,1444
7665,952,954,956,126,364,490,1442
7666,952,954,950,128,360,488,1440
7667,942,938,940,124,362,486,1428
7668,948,950,950,126,362,488,1436
7669,936,936,938,126,364,490,1426
7670,930,932,930,128,362,490,1420
7671,922,918,916,124,360,484,1406
7672,918,920,922,126,362,488,1406
7673,914,916,916,128,362,490,1404
7674,912,912,908,128,358,486,1398
7675,904,902,904,126,360,486,1390
7676,910,910,912,126,362,488,1398
7677,908,906,906,124,362,486,1394
7678,908,910,906,126,358,484,1392
7679,896,896,896,126,358,484,1380
7680,888,888,886,126,356,482,1370
7681,878,878,880,126,358,484,1362
7682,864,862,856,124,352,476,1340
7683,844,848,848,128,352,480,1324
7684,858,858,858,128,352,480,1338
7685,880,878,882,126,356,482,1362
7686,876,880,876,130,352,482,1358
7687,896,892,892,126,352,478,1374
7688,900,902,904,128,354,482,1382
7689,924,924,926,128,356,484,1408
7690,930,928,932,126,360,486,1416
7691,938,940,940,128,360,488,1426
7692,938,936,934,126,358,484,1422
7693,940,940,942,126,360,486,1426
7694,946,946,948,126,362,488,1434
7695,948,948,948,126,362,488,1436
7696,946,946,948,126,364,490,1436
7697,936,936,932,126,360,486,1422
7698,942,942,942,126,360,486,1428
7699,934,934,934,126,360,486,1420
7700,922,922,920,126,358,484,1406
7701,908,908,906,126,356,482,1390
7702,902,900,900,124,356,480,1382
7703,894,896,900,126,360,486,1380
7704,886,884,880,124,356,480,1366
7705,864,866,862,126,352,478,1342
7706,878,878,880,126,354,480,1358
7707,896,896,900,126,358,484,1380
7708,896,898,894,128,354,482,1378
7709,900,900,898,128,352,480,1380
7710,916,916,918,128,354,482,1398
7711,928,924,928,124,358,482,1410
7712,934,938,936,128,356,484,1418
7713,932,928,928,124,356,480,1412
7714,942,944,948,126,360,486,1428
7715,946,946,948,126,362,488,1434
7716,948,948,946,126,360,486,1434
7717,946,944,946,124,362,486,1432
7718,944,946,948,126,364,490,1434
7719,944,944,944,126,364,490,1434
7720,942,940,938,124,362,486,1428
7721,930,930,928,124,360,484,1414
7722,930,932,936,126,364,490,1420
7723,926,926,924,126,362,488,1414
7724,924,922,922,124,362,486,1410
7725,912,912,912,124,362,486,1398
7726,922,922,922,124,362,486,1408
7727,916,918,920,126,364,490,1406
7728,918,920,918,128,362,490,1408
7729,912,910,908,126,360,486,1398
7730,914,914,916,126,362,488,1402
7731,912,914,910,128,358,486,1398
7732,910,908,912,126,362,488,1398
7733,906,906,900,126,356,482,1388
7734,902,904,910,128,362,490,1392
7735,906,904,902,126,360,486,1392
7736,904,906,906,128,360,488,1392
7737,902,902,902,128,360,488,1390
7738,892,888,890,124,362,486,1378
7739,888,890,888,126,360,486,1374
7740,870,870,868,126,358,484,1354
7741,860,860,856,126,354,480,1340
7742,840,840,836,126,350,476,1316
7743,836,836,838,126,352,478,1314
7744,842,842,842,126,352,478,1320
7745,854,854,852,126,350,476,1330
7746,854,856,856,128,350,478,1332
7747,876,876,880,128,354,482,1358
7748,886,886,886,128,354,482,1368
7749,900,900,902,128,356,484,1384
7750,904,902,900,126,354,480,1384
7751,918,920,924,128,358,486,1404
7752,932,930,928,126,356,482,1414
7753,936,934,936,124,358,482,1418
7754,926,928,928,126,358,484,1410
7755,944,944,946,126,360,486,1430
7756,942,942,944,126,362,488,1430
7757,944,942,938,124,358,482,1426
7758,928,930,928,126,356,482,1410
7759,942,942,946,126,360,486,1428
7760,936,936,936,126,360,486,1422
7761,928,928,928,126,360,486,1414
7762,920,918,916,124,358,482,1402
7763,922,924,926,126,360,486,1408
7764,912,914,914,128,360,488,1400
7765,916,914,914,126,360,486,1402
7766,908,904,902,126,358,480,1388
7767,910,914,914,126,358,484,1394
7768,912,912,914,126,360,486,1398
7769,918,918,916,126,358,484,1402
7770,914,916,916,128,358,486,1400
7771,912,912,912,128,358,486,1398
7772,922,920,920,126,358,484,1406
7773,920,922,924,128,360,488,1408
7774,930,928,924,126,356,482,1412
7775,922,922,922,126,356,482,1404
7776,928,928,930,126,358,484,1412
7777,920,920,920,126,358,484,1404
7778,924,924,926,126,360,486,1410
7779,918,918,914,126,356,482,1400
7780,928,928,932,126,360,486,1414
7781,926,926,924,126,358,484,1410
7782,928,930,934,128,362,490,1418
7783,918,916,910,126,356,482,1400
7784,900,900,900,126,356,482,1382
7785,878,876,876,124,356,480,1358
7786,858,858,854,124,352,476,1334
7787,844,844,844,124,352,476,1320
7788,848,850,850,126,352,478,1326
7789,864,866,868,128,354,482,1346
7790,882,880,882,126,356,482,1364
7791,874,876,872,128,352,480,1354
7792,884,882,882,126,352,478,1362
7793,894,896,900,128,356,484,1378
7794,904,904,902,128,354,482,1386
7795,918,914,916,124,356,480,1398
7796,908,910,910,126,356,482,1390
7797,924,926,928,128,358,486,1410
7798,926,924,926,126,360,486,1412
7799,932,934,930,128,356,484,1416
7800,922,918,922,124,360,484,1406
7801,928,930,926,126,356,482,1410
7802,926,924,928,124,360,484,1410
7803,922,926,926,128,360,488,1410
7804,914,912,908,126,356,482,1396
7805,904,902,904,124,358,482,1386
7806,904,904,906,124,360,484,1388
7807,900,902,898,126,356,482,1382
7808,898,898,896,126,354,480,1378
7809,890,890,890,126,354,480,1370
7810,898,898,900,126,356,482,1380
7811,890,890,892,126,358,484,1374
7812,888,888,884,126,354,480,1368
7813,880,880,878,126,352,478,1358
7814,876,876,876,126,352,478,1354
7815,862,862,866,126,356,482,1344
7816,854,856,850,128,350,478,1332
7817,856,854,854,126,350,476,1332
7818,872,872,874,126,352,478,1350
7819,872,874,874,128,352,480,1352
7820,882,882,880,128,350,478,1360
7821,884,884,884,128,350,478,1362
7822,902,900,902,126,352,478,1380
7823,902,902,904,126,354,480,1382
7824,912,914,910,128,350,478,1390
7825,910,908,910,126,352,478,1388
7826,920,920,926,126,358,484,1404
7827,928,928,926,126,356,482,1410
7828,932,932,932,126,356,482,1414
7829,928,928,928,126,356,482,1410
7830,928,928,926,126,354,480,1408
7831,930,930,934,126,358,484,1414
7832,930,932,930,128,356,484,1414
7833,924,922,922,126,356,482,1406
7834,920,922,920,128,354,482,1402
7835,926,924,928,126,358,484,1410
7836,918,920,920,128,358,486,1404
7837,916,914,914,126,358,484,1400
7838,906,904,902,124,356,480,1386
7839,910,912,910,126,354,480,1390
7840,902,904,906,128,356,484,1386
7841,902,900,900,126,356,482,1384
7842,898,896,894,124,354,478,1376
7843,890,892,890,126,352,478,1368
7844,898,896,898,124,354,478,1376
7845,896,898,898,126,354,480,1376
7846,900,900,898,126,352,478,1378
7847,896,896,898,126,354,480,1376
7848,908,906,906,124,354,478,1386
7849,910,912,912,126,354,480,1390
7850,918,918,920,126,356,482,1400
7851,926,926,924,126,354,480,1406
7852,918,916,920,124,358,482,1400
7853,932,934,934,126,358,484,1416
7854,934,932,934,124,360,484,1418
7855,930,934,930,128,356,484,1414
7856,928,924,924,124,356,480,1408
7857,936,936,938,124,358,482,1418
7858,932,934,932,126,356,482,1414
7859,928,928,930,126,358,484,1412
7860,920,918,918,124,358,482,1402
7861,916,918,918,126,358,484,1400
7862,926,924,924,124,358,482,1408
7863,916,918,920,126,360,486,1402
7864,912,912,910,126,358,484,1396
7865,906,904,904,124,358,482,1388
7866,912,912,910,124,356,480,1392
7867,912,910,912,125,358,480,1392
7868,906,910,908,126,356,482,1388
7869,898,896,898,124,358,482,1380
7870,880,880,878,124,356,480,1360
7871,856,856,854,124,354,478,1334
7872,848,848,842,124,348,472,1320
7873,834,838,836,128,346,474,1308
7874,856,854,858,126,350,476,1332
7875,880,882,884,128,352,480,1360
7876,896,894,892,126,350,476,1372
7877,898,898,900,126,352,478,1376
7878,922,922,926,126,356,482,1404
7879,934,934,934,126,356,482,1416
7880,946,944,944,124,356,480,1426
7881,938,940,942,126,358,484,1422
7882,950,950,950,126,358,484,1434
7883,956,956,958,126,360,486,1442
7884,956,958,956,128,358,486,1442
7885,944,940,942,124,360,484,1428
7886,946,950,948,128,358,486,1432
7887,942,940,944,126,362,488,1430
7888,946,944,944,124,362,486,1432
7889,932,934,932,126,360,486,1418
7890,934,932,934,124,362,486,1420
7891,930,932,930,126,360,486,1416
7892,928,926,928,124,362,486,1414
7893,920,922,920,126,360,486,1406
7894,916,916,918,126,362,488,1404
7895,918,920,918,128,360,488,1406
7896,912,912,914,128,362,490,1402
7897,908,906,902,126,358,484,1392
7898,906,906,910,126,362,488,1394
7899,908,906,906,124,362,486,1394
7900,900,900,900,124,362,486,1386
7901,882,884,882,126,360,486,1368
7902,874,876,872,128,356,484,1358
7903,874,872,872,126,356,482,1356
7904,882,880,882,124,358,482,1364
7905,876,880,878,128,356,484,1360
7906,880,878,878,126,356,482,1362
7907,886,886,886,126,356,482,1368
7908,884,884,886,126,358,484,1368
7909,888,888,888,126,358,484,1372
7910,886,886,884,126,356,482,1368
7911,898,900,902,128,358,486,1384
7912,898,896,894,126,356,482,1380
7913,898,900,898,128,354,482,1380
7914,894,894,894,128,354,482,1376
7915,900,900,902,128,356,484,1384
7916,900,900,902,128,358,486,1386
7917,908,906,904,126,356,482,1390
7918,904,904,904,126,356,482,1386
7919,908,906,906,124,356,480,1388
7920,912,914,918,126,360,486,1398
7921,918,920,916,128,356,484,1402
7922,924,922,922,126,356,482,1406
7923,920,918,920,124,358,482,1402
7924,926,926,924,124,356,480,1406
7925,918,922,922,128,356,484,1402
7926,906,906,906,128,356,484,1390
7927,868,866,864,126,354,480,1348
7928,850,848,846,124,352,476,1326
7929,838,842,840,128,350,478,1316
7930,842,840,842,126,352,478,1320
7931,858,856,856,124,352,476,1334
7932,858,860,858,126,350,476,1334
7933,886,884,886,124,352,476,1362
7934,888,890,890,126,352,478,1366
7935,910,910,910,126,352,478,1388
7936,910,910,910,126,352,478,1388
7937,922,922,922,126,352,478,1400
7938,932,932,936,126,356,482,1414
7939,936,936,936,126,356,482,1418
7940,938,938,938,126,356,482,1420
7941,932,932,932,126,356,482,1414
7942,932,934,936,128,358,486,1418
7943,938,936,936,126,358,484,1422
7944,926,926,924,126,356,482,1408
7945,920,920,920,126,356,482,1402
7946,926,924,924,124,356,480,1406
7947,922,924,924,126,356,482,1404
7948,916,916,914,126,354,480,1396
7949,910,910,912,126,356,482,1392
7950,910,910,912,126,358,484,1394
7951,908,908,906,126,356,482,1390
7952,900,898,896,124,354,478,1378
7953,892,896,896,128,354,482,1374
7954,898,894,896,124,356,480,1378
7955,894,896,898,126,358,484,1378
7956,896,898,894,128,354,482,1378
7957,898,896,896,126,354,480,1378
7958,894,894,896,126,356,482,1376
7959,888,888,890,126,358,484,1372
7960,888,890,886,128,354,482,1370
7961,888,884,882,124,352,476,1364
7962,892,894,898,126,356,482,1374
7963,892,894,890,128,352,480,1372
7964,900,898,900,126,354,480,1380
7965,894,896,896,128,354,482,1376
7966,904,902,906,126,358,484,1388
7967,910,910,910,126,358,484,1394
7968,912,912,912,126,358,484,1396
7969,910,910,910,126,358,484,1394
7970,910,910,908,126,356,482,1392
7971,914,914,914,126,356,482,1396
7972,910,910,912,126,358,484,1394
7973,908,910,908,128,356,484,1392
7974,906,904,902,126,354,480,1386
7975,910,912,912,128,354,482,1392
7976,910,908,912,126,358,484,1394
7977,908,908,906,126,356,482,1390
7978,900,900,900,126,356,482,1382
7979,908,912,910,130,354,484,1392
7980,912,908,910,126,356,482,1394
7981,916,916,918,126,358,484,1400
7982,912,912,912,126,358,484,1396
7983,904,904,900,126,354,480,1384
7984,914,916,918,128,356,484,1398
7985,908,904,904,124,356,480,1388
7986,894,896,896,126,356,482,1376
7987,874,872,868,124,352,476,1350
7988,844,848,846,128,350,478,1322
7989,840,836,838,124,352,476,1316
7990,834,838,832,128,346,474,1308
7991,840,838,838,126,346,472,1312
7992,858,858,862,126,350,476,1334
7993,890,890,892,126,352,478,1368
7994,888,890,888,128,350,478,1366
7995,894,896,894,130,348,478,1372
7996,912,910,914,128,352,480,1392
7997,928,928,928,128,352,480,1408
7998,938,936,938,126,354,480,1418
7999,926,928,930,128,356,484,1410
8000,942,938,938,124,356,480,1422
8001,944,944,944,124,356,480,1424
8002,944,944,944,124,356,480,1424
8003,932,932,932,124,356,480,1412
8004,940,942,944,126,358,484,1424
8005,938,936,936,124,358,482,1420
8006,930,930,930,124,358,482,1412
8007,912,912,910,124,356,480,1392
8008,914,914,914,124,356,480,1394
8009,914,916,916,126,356,482,1396
8010,922,924,924,128,356,484,1406
8011,920,916,916,124,356,480,1400
8012,912,912,912,124,356,480,1392
8013,920,920,922,124,358,482,1402
8014,914,918,916,128,356,484,1398
8015,918,916,914,126,354,480,1398
8016,904,902,904,124,356,480,1384
8017,908,910,908,126,354,480,1388
8018,904,904,906,126,356,482,1386
8019,906,906,902,126,352,478,1384
8020,900,898,902,124,356,480,1380
8021,902,904,902,126,354,480,1382
8022,912,912,914,126,356,482,1394
8023,914,914,914,126,356,482,1396
8024,904,904,902,126,354,480,1384
8025,898,898,898,126,354,480,1378
8026,908,908,910,126,356,482,1390
8027,910,908,908,124,356,480,1390
8028,904,906,906,126,356,482,1386
8029,892,892,888,126,352,478,1370
8030,904,902,906,124,356,480,1384
8031,882,884,882,126,354,480,1362
8032,860,860,856,126,350,476,1336
8033,840,838,840,124,352,476,1316
8034,840,840,838,124,350,474,1314
8035,832,834,834,126,350,476,1308
8036,834,834,834,126,350,476,1310
8037,838,838,834,126,346,472,1310
8038,820,820,820,126,346,472,1292
8039,846,846,848,126,348,474,1320
8040,854,856,856,128,348,476,1330
8041,868,866,868,126,350,476,1344
8042,864,864,862,126,348,474,1338
8043,856,854,854,124,348,472,1328
8044,856,856,856,124,348,472,1328
8045,854,858,860,128,350,478,1332
8046,858,856,856,126,350,476,1334
8047,854,856,854,128,348,476,1330
8048,854,850,852,124,350,474,1328
8049,858,862,860,128,348,476,1334
8050,848,846,846,126,348,474,1322
8051,822,822,822,126,348,474,1296
8052,820,818,816,124,346,470,1290
8053,810,814,812,128,344,472,1282
8054,804,798,798,127,344,466,1270
8055,790,794,792,126,342,468,1258
8056,790,790,792,126,344,470,1260
8057,780,780,778,126,342,468,1248
8058,770,770,768,126,340,466,1236
8059,764,762,762,124,340,464,1228
8060,752,752,751,126,340,466,1217
8061,744,743,742.5,128,338,466,1208.5
8062,738,738.5,737.25,126,338,464,1202.25
8063,735,735.25,735.625,128,336,464,1200.125
8064,735.5,734.625,733.812,128,338,466,1199.062
8065,742.75,741.312,742.906,126,336,462,1206.531
8066,751.375,751.656,752.453,124,340,464,1216.266
8067,760,762,762,126,340,466,1226
8068,782,780,782,124,342,466,1248
8069,808,808,808,124,342,466,1274
8070,806,806,806,124,342,466,1272
8071,828,830,830,126,342,468,1296
8072,840,842,844,128,344,472,1312
8073,866,862,864,124,346,470,1336
8074,872,874,874,126,346,472,1344
8075,884,882,884,124,348,472,1356
8076,904,906,906,126,348,474,1378
8077,908,910,910,128,348,476,1384
8078,928,926,928,126,350,476,1404
8079,922,920,922,124,352,476,1398
8080,938,940,938,126,350,476,1414
8081,944,944,944,126,350,476,1420
8082,948,948,950,126,352,478,1426
8083,942,940,938,124,350,474,1416
8084,948,950,950,126,350,476,1424
8085,944,944,948,126,354,480,1424
8086,944,944,942,126,352,478,1422
8087,934,934,934,126,352,478,1412
8088,938,936,936,124,352,476,1414
8089,936,938,938,126,352,478,1414
8090,944,944,944,126,352,478,1422
8091,946,944,946,124,354,478,1424
8092,934,938,936,128,352,480,1414
8093,950,948,948,126,352,478,1428
8094,948,948,950,126,354,480,1428
8095,952,952,950,126,352,478,1430
8096,938,936,936,124,352,476,1414
8097,934,938,938,128,352,480,1414
8098,934,932,934,126,354,480,1414
8099,924,924,922,126,352,478,1402
8100,918,916,914,124,350,474,1392
8101,928,928,932,124,354,478,1406
8102,908,908,904,124,350,474,1382
8103,872,874,870,126,346,472,1344
8104,884,884,884,126,346,472,1356
8105,904,902,908,124,352,476,1380
8106,904,904,902,124,350,474,1378
8107,888,890,884,126,344,470,1358
8108,870,866,868,125,346,468,1338
8109,852,854,856,124,348,472,1324
8110,842,842,844,124,350,474,1316
8111,824,824,822,124,348,472,1296
8112,800,802,800,126,346,472,1272
8113,798,796,796,124,346,470,1268
8114,796,800,798,128,344,472,1268
8115,798,798,798,128,344,472,1270
8116,808,806,810,126,348,474,1282
8117,812,810,808,124,346,470,1282
8118,794,796,794,126,344,470,1264
8119,800,798,800,124,346,470,1270
8120,804,806,806,126,346,472,1276
8121,812,812,812,126,346,472,1284
8122,824,824,824,126,346,472,1296
8123,834,832,834,124,348,472,1306
8124,850,850,852,124,350,474,1324
8125,848,850,846,126,346,472,1320
8126,858,858,860,126,348,474,1332
8127,868,866,866,124,348,472,1340
8128,882,884,886,126,350,476,1358
8129,890,890,890,126,350,476,1366
8130,898,900,902,128,352,480,1378
8131,906,904,904,126,352,478,1384
8132,904,904,904,126,352,478,1382
8133,914,914,914,126,352,478,1392
8134,916,914,916,124,354,478,1394
8135,908,910,906,126,350,476,1384
8136,904,906,908,128,352,480,1384
8137,914,912,914,126,354,480,1394
8138,914,914,912,126,352,478,1392
8139,916,918,918,128,352,480,1396
8140,912,912,912,128,352,480,1392
8141,920,918,918,126,352,478,1398
8142,920,920,920,126,352,478,1398
8143,916,918,918,128,352,480,1396
8144,910,906,906,124,352,476,1386
8145,910,914,914,128,352,480,1390
8146,906,904,906,126,354,480,1386
8147,898,898,896,126,352,478,1376
8148,888,888,886,126,350,476,1364
8149,896,900,900,130,350,480,1376
8150,902,900,902,128,352,480,1382
8151,904,902,900,126,350,476,1380
8152,904,904,904,126,350,476,1380
8153,916,918,920,128,352,480,1396
8154,918,916,914,126,350,476,1394
8155,908,908,908,126,350,476,1384
8156,896,896,898,126,352,478,1374
8157,896,896,894,126,350,476,1372
8158,890,892,892,128,350,478,1368
8159,892,890,892,126,352,478,1370
8160,894,894,894,126,352,478,1372
8161,906,908,908,128,352,480,1386
8162,910,910,912,128,354,482,1392
8163,910,910,908,128,352,480,1390
8164,910,910,910,128,352,480,1390
8165,924,924,924,128,352,480,1404
8166,922,922,924,128,354,482,1404
8167,930,928,928,126,354,480,1410
8168,920,920,918,126,352,478,1398
8169,924,924,926,126,354,480,1404
8170,924,922,924,124,356,480,1404
8171,924,928,924,128,352,480,1404
8172,914,912,914,126,354,480,1394
8173,924,922,924,124,356,480,1404
8174,926,928,926,126,354,480,1406
8175,920,922,920,128,352,480,1400
8176,924,922,924,126,354,480,1404
8177,914,912,912,124,354,478,1392
8178,918,920,918,126,352,478,1396
8179,918,918,922,126,356,482,1400
8180,920,918,914,124,352,476,1396
8181,906,906,908,124,354,478,1384
8182,894,894,892,124,352,476,1370
8183,878,878,876,124,350,474,1352
8184,866,866,866,124,350,474,1340
8185,856,856,854,124,348,472,1328
8186,848,850,850,126,348,474,1322
8187,862,862,862,126,348,474,1336
8188,866,866,868,126,350,476,1342
8189,874,872,872,124,350,474,1348
8190,872,870,872,125,352,474,1346
8191,884,888,888,126,352,478,1362
8192,894,896,898,128,354,482,1376
8193,902,900,900,126,354,480,1382
8194,898,900,898,128,352,480,1378
8195,910,906,908,124,354,478,1388
8196,910,910,912,124,356,480,1390
8197,908,908,908,124,356,480,1388
8198,906,906,906,124,356,480,1386
8199,910,910,912,124,358,482,1392
8200,912,914,914,126,358,484,1396
8201,910,908,906,124,356,480,1390
8202,908,910,910,126,356,482,1390
8203,908,908,912,126,360,486,1394
8204,904,904,900,126,356,482,1386
8205,894,894,896,126,358,484,1378
8206,902,902,904,126,360,486,1388
8207,904,902,900,124,358,482,1386
8208,902,904,902,126,356,482,1384
8209,896,896,896,126,356,482,1378
8210,898,896,900,124,360,484,1382
8211,896,898,896,126,358,484,1380
8212,904,904,906,126,360,486,1390
8213,894,894,888,126,354,480,1374
8214,900,900,902,126,356,482,1382
8215,906,906,908,126,358,484,1390
8216,908,908,910,126,360,486,1394
8217,912,912,910,126,358,484,1396
8218,910,906,904,125,356,478,1388
8219,910,912,914,124,358,482,1392
8220,910,910,910,124,358,482,1392
8221,904,906,906,126,358,484,1388
8222,900,900,900,126,358,484,1384
8223,898,896,892,124,354,478,1376
8224,884,884,886,124,356,480,1364
8225,870,870,868,124,354,478,1348
8226,856,860,858,128,352,480,1336
8227,866,862,864,124,354,478,1344
8228,874,876,876,126,354,480,1354
8229,870,874,872,130,352,482,1352
8230,876,872,872,126,352,478,1354
8231,884,884,888,126,356,482,1366
8232,888,888,890,126,358,484,1372
8233,892,894,890,128,354,482,1374
8234,888,888,886,128,352,480,1368
8235,906,902,908,124,358,482,1388
8236,900,904,904,128,358,486,1386
8237,908,906,908,126,360,486,1394
8238,910,910,906,126,356,482,1392
8239,912,912,912,126,356,482,1394
8240,918,918,924,126,362,488,1406
8241,920,922,922,128,362,490,1410
8242,922,918,914,124,358,482,1404
8243,912,916,918,128,360,488,1400
8244,926,922,926,124,364,488,1414
8245,916,918,916,126,362,488,1404
8246,916,916,914,126,360,486,1402
8247,906,904,902,124,358,482,1388
8248,908,908,912,124,362,486,1394
8249,896,898,894,126,358,484,1380
8250,896,896,896,126,358,484,1380
8251,888,886,884,124,356,480,1368
8252,886,888,888,126,356,482,1368
8253,888,888,890,126,358,484,1372
8254,888,888,888,126,358,484,1372
8255,886,888,886,128,356,484,1370
8256,898,898,898,128,356,484,1382
8257,902,902,904,128,358,486,1388
8258,908,906,908,126,360,486,1394
8259,910,910,906,126,356,482,1392
8260,908,908,910,126,358,484,1392
8261,914,914,912,126,356,482,1396
8262,910,910,912,126,358,484,1394
8263,910,910,908,126,356,482,1392
8264,898,898,900,126,358,484,1382
8265,890,888,890,124,360,484,1374
8266,892,894,890,126,356,482,1374
8267,888,888,886,126,354,480,1368
8268,880,880,880,126,354,480,1360
8269,890,892,894,128,356,484,1374
8270,896,894,892,126,354,480,1376
8271,898,898,902,126,358,484,1382
8272,902,902,900,126,356,482,1384
8273,908,908,912,126,360,486,1394
8274,916,916,914,126,358,484,1400
8275,908,908,908,126,358,484,1392
8276,910,910,910,126,358,484,1394
8277,922,922,924,126,360,486,1408
8278,926,926,924,126,358,484,1410
8279,918,918,920,126,360,486,1404
8280,924,924,926,126,362,488,1412
8281,926,926,924,126,360,486,1412
8282,922,920,922,124,362,486,1408
8283,918,922,918,128,358,486,1404
8284,918,914,916,124,360,484,1402
8285,918,920,920,126,360,486,1404
8286,914,912,914,124,362,486,1400
8287,914,916,916,126,362,488,1402
8288,910,908,906,124,360,484,1394
8289,912,914,914,126,360,486,1398
8290,912,912,914,126,362,488,1400
8291,916,916,916,126,362,488,1404
8292,916,918,916,128,360,488,1404
8293,908,906,906,126,360,486,1394
8294,912,914,914,128,360,488,1400
8295,914,912,914,126,362,488,1402
8296,914,912,912,124,362,486,1400
8297,908,910,906,126,358,484,1392
8298,914,914,918,126,362,488,1402
8299,914,914,912,126,360,486,1400
8300,912,912,910,126,358,484,1396
8301,906,906,908,126,360,486,1392
8302,910,910,912,126,362,488,1398
8303,902,902,902,126,362,488,1390
8304,894,894,890,126,358,484,1378
8305,866,864,860,124,354,478,1344
8306,862,864,866,126,356,482,1344
8307,864,860,860,125,356,478,1342
8308,862,864,860,124,352,476,1338
8309,830,834,832,128,350,478,1308
8310,832,830,828,126,348,474,1306
8311,828,826,828,124,350,474,1302
8312,826,828,830,126,352,478,1304
8313,814,814,812,126,350,476,1290
8314,800,800,800,126,350,476,1276
8315,792,792,790,126,348,474,1266
8316,800,800,798,126,346,472,1272
8317,794,794,794,126,346,472,1266
8318,810,812,814,128,348,476,1286
8319,832,832,836,128,352,480,1312
8320,834,830,830,124,352,476,1310
8321,838,840,840,126,352,478,1316
8322,848,848,848,126,352,478,1326
8323,858,860,864,128,356,484,1342
8324,856,852,850,124,354,478,1334
8325,848,850,848,126,352,478,1326
8326,852,850,850,124,352,476,1328
8327,850,852,854,126,354,480,1330
8328,852,852,854,126,356,482,1334
8329,854,856,852,128,352,480,1334
8330,852,850,848,126,350,476,1328
8331,852,854,856,128,352,480,1332
8332,854,854,858,128,356,484,1338
8333,852,854,848,130,350,480,1332
8334,846,842,844,126,352,478,1324
8335,844,844,842,126,350,476,1320
8336,832,832,832,126,350,476,1308
8337,812,812,812,126,350,476,1288
8338,806,804,806,124,352,476,1282
8339,776,778,772,126,346,472,1248
8340,766,766,768,126,348,474,1240
8341,787,762,756,127,342,472,1230
8342,808,760,758,128,342,470,1278
8343,758,758,760,128,344,472,1230
8344,762,762,762,128,344,472,1234
8345,780,778,778,126,344,470,1250
8346,796,796,796,126,344,470,1266
8347,794,794,796,126,346,472,1266
8348,806,806,806,126,346,472,1278
8349,818,820,820,128,346,474,1292
8350,834,832,832,126,346,472,1306
8351,836,834,836,124,348,472,1308
8352,852,854,856,126,350,476,1328
8353,852,854,854,128,350,478,1330
8354,864,860,858,124,348,472,1336
8355,842,844,838,126,342,468,1310
8356,848,844,852,124,350,472,1320
8357,848,848,844,127,346,468,1316
8358,836,844,852,130,354,484,1320
8359,848,846,842,128,350,478,1326
8360,854,850,848,124,348,472,1326
8361,858,860,858,126,346,472,1330
8362,860,856,870,127,360,482,1342
8363,840,846,844,128,358,486,1326
8364,838,836,832,126,354,480,1318
8365,836,830,824,126,348,468,1304
8366,810,816,820,126,352,478,1288
8367,796,790,790,129,352,472,1268
8368,786,798,796,127.5,350,482,1268
8369,784,778,774,126,346,472,1256
8370,764,768,764,130,342,472,1236
8371,790,780,786,124,348,468,1258
8372,782,780,784,123,352,470,1252
8373,776,780,778,121.5,350,472,1248
8374,766,764,760,123.75,346,466,1232
8375,758,755,755,126,340,466,1224
8376,748,747.5,744.5,125,344,466,1212
8377,741,741.75,741.25,124,338,462,1206
8378,734.5,733.875,731.625,126,340,466,1197
8379,735.25,735.938,733.812,124,336,460,1196.5
8380,734.625,734.969,733.906,126,334,460,1195.25
8381,735.312,734.484,733.953,126,334,460,1194.625
8382,744.656,745.242,745.977,124,334,458,1205.312
8383,757.328,756,758,126,336,462,1218.656
8384,770,766,770,125,340,462,1232
8385,782,784,784,124,340,464,1246
8386,842,844,848,126,344,470,1312
8387,858,858,860,126,346,472,1330
8388,864,862,866,124,350,474,1338
8389,912,912,916,124,354,478,1390
8390,946,946,950,124,358,482,1428
8391,958,956,960,125,362,484,1442
8392,944,948,944,126,358,484,1428
8393,982,978,982,124,362,484,1466
8394,986,986,990,123,366,488,1474
8395,972,972,972,123.5,366,488,1460
8396,956,958,958,124,366,490,1446
8397,972,970,970,123,366,488,1460
8398,960,960,962,121.5,368,490,1450
8399,946,944,942,122.75,366,486,1432
8400,930,934,928,124,360,484,1414
8401,890,886,884,123,358,478,1368
8402,870,872,870,122.5,356,478,1348
8403,864,864,866,124.25,358,480,1344
8404,856,860,858,126,356,482,1338
8405,818,818,814,126,352,478,1296
8406,818,816,816,124,352,476,1294
8407,826,826,826,124,352,476,1302
8408,824,828,826,128,350,478,1302
8409,856,852,854,124,352,476,1332
8410,862,866,864,128,350,478,1340
8411,864,864,864,128,350,478,1342
8412,858,854,856,124,352,476,1334
8413,860,866,864,130,350,480,1340
8414,870,866,868,126,352,478,1348
8415,868,868,866,126,350,476,1344
8416,858,858,858,126,350,476,1334
8417,872,872,874,126,352,478,1350
8418,872,870,870,124,352,476,1348
8419,854,858,856,128,350,478,1332
8420,868,868,868,128,350,478,1346
8421,870,868,868,126,350,476,1346
8422,854,854,856,126,352,478,1332
8423,858,860,858,128,350,478,1336
8424,850,848,846,126,348,474,1324
8425,830,830,830,126,348,474,1304
8426,832,834,832,128,346,474,1306
8427,824,824,824,128,346,474,1298
8428,802,800,802,126,348,474,1276
8429,800,800,798,126,346,472,1272
8430,798,800,798,128,344,472,1270
8431,802,804,802,130,342,472,1274
8432,824,822,826,128,346,474,1298
8433,838,838,840,128,348,476,1314
8434,838,838,836,128,346,474,1312
8435,838,838,838,128,346,474,1312
8436,856,856,858,128,348,476,1332
8437,864,864,864,128,348,476,1340
8438,868,866,866,126,348,474,1342
8439,862,864,866,128,350,478,1340
8440,880,880,878,128,348,476,1356
8441,884,884,886,128,350,478,1362
8442,884,882,882,126,350,476,1360
8443,874,874,874,126,350,476,1350
8444,882,882,882,126,350,476,1358
8445,882,884,882,128,348,476,1358
8446,876,872,874,124,350,474,1350
8447,878,878,876,124,348,472,1350
8448,876,878,876,126,346,472,1348
8449,874,874,876,126,348,474,1348
8450,862,860,862,124,350,474,1336
8451,852,856,852,128,346,474,1326
8452,858,856,856,126,346,472,1330
8453,854,854,854,126,346,472,1326
8454,842,840,842,124,348,472,1314
8455,852,856,856,128,348,476,1328
8456,864,864,866,128,350,478,1342
8457,860,860,858,128,348,476,1336
8458,856,854,854,126,348,474,1330
8459,868,870,870,128,348,476,1344
8460,872,870,870,126,348,474,1346
8461,872,870,872,124,350,474,1346
8462,866,868,868,126,350,476,1342
8463,884,882,882,124,350,474,1358
8464,886,888,888,126,350,476,1362
8465,888,888,888,126,350,476,1364
8466,882,880,880,124,350,474,1356
8467,888,892,892,128,350,478,1366
8468,896,894,894,126,350,476,1372
8469,896,896,896,126,350,476,1372
8470,898,896,896,124,350,474,1372
8471,910,910,912,124,352,476,1386
8472,912,912,910,124,350,474,1386
8473,904,906,906,126,350,476,1380
8474,914,914,916,126,352,478,1392
8475,918,918,920,126,354,480,1398
8476,924,924,922,126,352,478,1402
8477,902,902,902,126,352,478,1380
8478,914,914,914,126,352,478,1392
8479,914,914,914,126,352,478,1392
8480,914,912,912,124,352,476,1390
8481,894,896,896,126,352,478,1372
8482,908,906,908,124,354,478,1386
8483,908,910,910,126,354,480,1388
8484,904,902,902,124,354,478,1382
8485,888,890,886,126,350,476,1364
8486,886,886,886,126,350,476,1362
8487,866,866,866,126,350,476,1342
8488,858,856,856,124,350,474,1332
8489,842,844,842,126,348,474,1316
8490,852,850,852,124,350,474,1326
8491,854,856,856,126,350,476,1330
8492,858,856,858,124,352,476,1334
8493,854,854,852,124,350,474,1328
8494,862,864,868,126,354,480,1342
8495,870,870,866,126,350,476,1346
8496,860,858,860,124,352,476,1336
8497,856,858,858,126,352,478,1334
8498,864,864,864,126,352,478,1342
8499,866,866,864,126,350,476,1342
8500,864,864,866,126,352,478,1342
8501,858,858,856,126,350,476,1334
8502,864,864,864,126,350,476,1340
8503,866,866,866,126,350,476,1342
8504,858,858,856,126,348,474,1332
8505,852,852,854,126,350,476,1328
8506,860,860,860,126,350,476,1336
8507,868,868,868,126,350,476,1344
8508,872,870,872,124,352,476,1348
8509,872,874,872,126,350,476,1348
8510,890,892,892,128,350,478,1368
8511,900,900,902,128,352,480,1380
8512,900,896,898,124,354,478,1378
8513,898,900,898,126,352,478,1376
8514,910,910,910,126,352,478,1388
8515,910,910,912,126,354,480,1390
8516,904,902,902,124,354,478,1382
8517,910,912,912,126,354,480,1390
8518,912,910,912,124,356,480,1392
8519,912,912,914,124,358,482,1394
8520,898,898,894,124,354,478,1376
8521,898,900,898,126,352,478,1376
8522,890,890,892,126,354,480,1370
8523,890,888,888,124,354,478,1368
8524,872,874,874,126,354,480,1352
8525,876,876,876,126,354,480,1356
8526,876,878,878,128,354,482,1358
8527,854,850,844,124,348,472,1326
8528,842,844,842,126,346,472,1314
8529,836,836,840,126,350,476,1312
8530,840,838,840,124,352,476,1316
8531,824,826,822,126,348,474,1298
8532,806,806,806,126,348,474,1280
8533,798,800,798,128,346,474,1272
8534,800,798,798,126,346,472,1272
8535,790,790,788,126,344,470,1260
8536,800,802,804,128,346,474,1274
8537,818,816,816,126,346,472,1290
8538,832,832,834,126,348,474,1306
8539,826,824,826,124,350,474,1300
8540,836,838,836,126,348,474,1310
8541,844,844,846,126,350,476,1320
8542,852,852,852,126,350,476,1328
8543,852,850,852,124,352,476,1328
8544,856,858,856,126,350,476,1332
8545,866,868,868,128,350,478,1344
8546,876,874,878,126,354,480,1356
8547,876,876,876,126,354,480,1356
8548,872,870,868,124,352,476,1348
8549,876,878,878,126,352,478,1354
8550,880,880,880,126,352,478,1358
8551,886,884,886,124,354,478,1364
8552,870,872,872,126,354,480,1350
8553,882,884,882,128,352,480,1362
8554,882,882,880,128,350,478,1360
8555,890,888,888,126,350,476,1366
8556,880,880,882,126,352,478,1358
8557,892,892,892,126,352,478,1370
8558,900,902,902,128,352,480,1380
8559,906,906,906,128,352,480,1386
8560,908,906,908,126,354,480,1388
8561,904,904,904,126,354,480,1384
8562,916,918,920,128,356,484,1400
8563,920,920,918,128,354,482,1402
8564,914,914,916,128,356,484,1398
8565,910,910,910,128,356,484,1394
8566,920,918,920,126,358,484,1404
8567,916,916,918,126,360,486,1402
8568,918,920,916,128,356,484,1402
8569,902,900,902,126,358,484,1386
8570,906,908,906,128,356,484,1390
8571,904,904,904,128,356,484,1388
8572,904,902,902,126,356,482,1386
8573,890,890,888,126,354,480,1370
8574,880,880,878,126,352,478,1358
8575,888,890,890,128,352,480,1368
8576,892,892,894,128,354,482,1374
8577,898,898,896,128,352,480,1378
8578,886,886,886,128,352,480,1366
8579,896,896,896,128,352,480,1376
8580,900,900,902,128,354,482,1382
8581,904,902,904,126,356,482,1386
8582,892,892,890,126,354,480,1372
8583,900,900,902,126,356,482,1382
8584,898,900,898,128,354,482,1380
8585,882,882,884,128,356,484,1366
8586,878,878,876,128,354,482,1360
8587,876,874,876,126,356,482,1358
8588,874,876,874,128,354,482,1356
8589,864,862,862,126,354,480,1344
8590,866,868,870,128,356,484,1350
8591,874,876,872,130,352,482,1356
8592,880,878,880,128,354,482,1362
8593,880,878,882,126,358,484,1364
8594,886,888,886,128,356,484,1370
8595,896,896,898,128,358,486,1382
8596,904,902,902,126,358,484,1388
8597,904,902,904,124,360,484,1388
8598,890,894,890,128,356,484,1374
8599,902,902,904,128,358,486,1388
8600,906,904,906,126,360,486,1392
8601,894,894,892,126,358,484,1378
8602,900,900,900,126,358,484,1384
8603,904,902,902,124,358,482,1386
8604,906,910,908,128,356,484,1390
8605,894,892,894,126,358,484,1378
8606,884,882,882,124,358,482,1366
8607,892,894,892,126,356,482,1374
8608,888,888,888,126,356,482,1370
8609,894,894,894,126,356,482,1376
8610,872,872,868,126,352,478,1350
8611,874,874,878,126,356,482,1356
8612,874,876,874,128,354,482,1356
8613,880,880,880,128,354,482,1362
8614,876,874,874,126,354,480,1356
8615,886,886,886,126,354,480,1366
8616,894,896,898,128,356,484,1378
8617,908,906,906,126,356,482,1390
8618,898,898,900,126,358,484,1382
8619,904,906,904,128,356,484,1388
8620,914,912,916,126,360,486,1400
8621,920,922,922,128,360,488,1408
8622,914,912,912,126,360,486,1400
8623,906,908,908,128,360,488,1394
8624,912,912,912,128,360,488,1400
8625,916,916,914,128,358,486,1402
8626,912,912,914,128,360,488,1400
8627,898,898,898,128,360,488,1386
8628,906,906,904,128,358,486,1392
8629,908,908,910,128,360,488,1396
8630,914,910,912,124,362,486,1400
8631,896,898,894,126,358,484,1380
8632,904,906,906,128,358,486,1390
8633,914,914,916,128,360,488,1402
8634,920,916,916,124,360,484,1404
8635,912,912,912,124,360,484,1396
8636,922,922,922,124,360,484,1406
8637,926,928,930,126,362,488,1414
8638,934,936,934,128,360,488,1422
8639,924,924,924,128,360,488,1412
8640,928,928,930,128,362,490,1418
8641,934,934,936,128,364,492,1426
8642,936,934,932,126,362,488,1424
8643,918,916,918,124,364,488,1406
8644,922,926,924,128,362,490,1412
8645,930,930,932,128,364,492,1422
8646,932,932,930,128,362,490,1422
8647,918,918,918,128,362,490,1408
8648,926,924,924,126,362,488,1414
8649,928,930,930,128,362,490,1418
8650,934,932,932,126,362,488,1422
8651,924,922,924,124,364,488,1412
8652,922,924,924,126,364,490,1412
8653,930,932,930,128,362,490,1420
8654,932,930,934,126,366,492,1424
8655,914,914,912,126,364,490,1404
8656,912,912,912,126,364,490,1402
8657,916,916,916,126,364,490,1406
8658,916,918,918,128,364,492,1408
8659,910,910,908,128,362,490,1400
8660,912,912,912,128,362,490,1402
8661,914,914,914,128,362,490,1404
8662,918,918,918,128,362,490,1408
8663,912,912,912,128,362,490,1402
8664,904,902,902,126,362,488,1392
8665,912,914,914,128,362,490,1402
8666,910,908,910,126,364,490,1400
8667,904,904,900,126,360,486,1390
8668,892,890,892,124,362,486,1378
8669,902,904,902,126,360,486,1388
8670,902,902,904,126,362,488,1390
8671,906,906,906,126,362,488,1394
8672,896,898,896,128,360,488,1384
8673,906,906,906,128,360,488,1394
8674,912,910,912,126,362,488,1400
8675,912,912,912,126,362,488,1400
8676,896,896,896,126,362,488,1384
8677,896,898,896,128,360,488,1384
8678,902,900,902,126,362,488,1390
8679,906,906,908,126,364,490,1396
8680,906,906,906,126,364,490,1396
8681,894,896,894,128,362,490,1384
8682,908,908,906,128,360,488,1396
8683,904,902,906,126,364,490,1394
8684,906,906,904,126,362,488,1394
8685,890,888,890,124,364,488,1378
8686,888,890,886,126,360,486,1374
8687,894,894,894,126,360,486,1380
8688,902,902,902,126,360,486,1388
8689,904,906,908,128,362,490,1394
8690,906,904,904,126,362,488,1394
8691,920,922,922,128,362,490,1410
8692,940,938,940,126,364,490,1430
8693,952,954,950,128,360,488,1440
8694,940,938,944,126,366,492,1432
8695,940,940,936,126,362,488,1428
8696,954,952,958,124,368,492,1446
8697,960,960,960,124,368,492,1452
8698,956,956,956,124,368,492,1448
8699,934,936,934,126,366,492,1426
8700,940,940,938,126,364,490,1430
8701,936,936,936,126,364,490,1426
8702,922,920,922,124,366,490,1412
8703,914,916,916,126,366,492,1406
8704,928,928,926,126,364,490,1418
8705,932,934,932,128,362,490,1422
8706,922,918,924,124,368,492,1414
8707,914,916,914,126,366,492,1406
8708,926,928,928,128,366,494,1420
8709,932,932,930,128,364,492,1424
8710,930,928,928,126,364,490,1420
8711,916,918,918,128,364,492,1408
8712,924,924,926,128,366,494,1418
8713,922,922,922,128,366,494,1416
8714,922,922,922,128,366,494,1416
8715,912,910,908,126,364,490,1402
8716,914,914,914,126,364,490,1404
8717,922,924,922,128,362,490,1412
8718,928,928,930,128,364,492,1420
8719,912,910,912,126,366,492,1404
8720,924,924,924,126,366,492,1416
8721,926,926,926,126,366,492,1418
8722,928,928,928,126,366,492,1420
8723,910,910,908,126,364,490,1400
8724,898,900,900,128,364,492,1390
8725,908,906,906,126,364,490,1398
8726,904,906,906,128,364,492,1396
8727,906,906,904,128,362,490,1396
8728,882,878,878,124,362,486,1368
8729,888,890,890,126,362,488,1376
8730,892,892,892,126,362,488,1380
8731,898,900,900,128,362,490,1388
8732,910,908,908,126,362,488,1398
8733,904,904,906,126,364,490,1394
8734,912,912,912,126,364,490,1402
8735,920,922,920,128,362,490,1410
8736,916,916,914,128,360,488,1404
8737,906,904,906,126,362,488,1394
8738,894,896,892,128,358,486,1380
8739,908,906,910,126,362,488,1396
8740,914,916,914,128,360,488,1402
8741,908,906,910,126,364,490,1398
8742,900,902,898,128,360,488,1388
8743,918,918,918,128,360,488,1406
8744,930,930,930,128,360,488,1418
8745,934,932,934,126,362,488,1422
8746,924,924,924,126,362,488,1412
8747,938,940,942,128,364,492,1430
8748,944,944,944,128,364,492,1436
8749,952,950,954,126,368,494,1446
8750,930,932,930,128,366,494,1424
8751,936,934,932,126,364,490,1426
8752,940,940,944,126,368,494,1434
8753,938,938,934,126,364,490,1428
8754,922,922,924,126,366,492,1414
8755,910,910,908,126,364,490,1400
8756,918,918,918,126,364,490,1408
8757,928,928,928,126,364,490,1418
8758,934,934,934,126,364,490,1424
8759,918,916,916,124,364,488,1406
8760,920,924,924,128,364,492,1412
8761,928,926,928,126,366,492,1420
8762,936,936,934,126,364,490,1426
8763,926,924,926,124,366,490,1416
8764,908,912,908,128,362,490,1398
8765,924,922,924,126,364,490,1414
8766,922,922,924,126,366,492,1414
8767,920,920,918,126,364,490,1410
8768,900,898,900,124,366,490,1390
8769,908,908,904,124,362,486,1394
8770,912,912,912,124,362,486,1398
8771,888,888,884,124,358,482,1370
8772,878,878,878,124,358,482,1360
8773,870,874,878,128,362,490,1360
8774,870,868,868,126,362,488,1358
8775,838,838,832,126,356,482,1320
8776,842,842,842,126,356,482,1324
8777,830,830,830,126,356,482,1312
8778,818,822,820,130,354,484,1302
8779,804,802,802,128,354,482,1286
8780,800,800,798,128,352,480,1280
8781,808,808,808,128,352,480,1288
8782,796,796,794,128,350,478,1274
8783,828,826,830,126,354,480,1308
8784,856,858,860,128,356,484,1340
8785,854,854,854,128,356,484,1338
8786,854,852,854,126,358,484,1338
8787,870,870,870,126,358,484,1354
8788,878,880,882,128,360,488,1366
8789,896,894,894,126,360,486,1382
8790,886,888,886,128,358,486,1372
8791,890,888,890,126,360,486,1376
8792,902,902,904,126,362,488,1390
8793,902,904,904,128,362,490,1392
8794,908,904,902,124,360,484,1392
8795,888,890,888,126,358,484,1372
8796,896,896,900,126,362,488,1384
8797,900,902,900,128,360,488,1388
8798,908,908,908,128,360,488,1396
8799,894,894,892,128,358,486,1380
8800,906,904,906,126,360,486,1392
8801,908,908,908,126,360,486,1394
8802,912,914,914,128,360,488,1400
8803,906,904,904,126,360,486,1392
8804,908,910,910,128,360,488,1396
8805,920,918,918,126,360,486,1406
8806,922,926,924,130,358,488,1410
8807,920,916,918,126,360,486,1406
8808,906,906,908,126,362,488,1394
8809,918,922,918,130,358,488,1406
8810,920,918,920,128,360,488,1408
8811,914,914,914,128,360,488,1402
8812,904,904,902,128,358,486,1390
8813,912,910,914,126,362,488,1400
8814,912,914,910,128,358,486,1398
8815,904,902,902,126,358,484,1388
8816,910,910,910,126,358,484,1394
8817,914,916,916,128,358,486,1400
8818,922,920,922,126,360,486,1408
8819,918,920,918,128,358,486,1404
8820,908,906,908,126,360,486,1394
8821,916,918,916,128,358,486,1402
8822,924,924,926,128,360,488,1412
8823,932,930,930,126,360,486,1418
8824,920,920,920,126,360,486,1406
8825,930,930,932,126,362,488,1418
8826,932,934,934,128,362,490,1422
8827,942,942,942,128,362,490,1432
8828,938,936,936,126,362,488,1426
8829,926,926,926,126,362,488,1414
8830,938,940,940,128,362,490,1428
8831,942,940,942,126,364,490,1432
8832,948,948,948,126,364,490,1438
8833,924,924,924,126,364,490,1414
8834,928,928,928,126,364,490,1418
8835,926,928,928,128,364,492,1418
8836,936,936,932,128,360,488,1424
8837,922,922,922,128,360,488,1410
8838,912,912,910,128,358,486,1398
8839,928,928,930,128,360,488,1416
8840,936,936,936,128,360,488,1424
8841,942,942,944,128,362,490,1432
8842,930,928,928,126,362,488,1418
8843,942,944,940,128,358,486,1428
8844,952,950,956,126,364,490,1442
8845,956,958,956,128,362,490,1446
8846,942,942,944,128,364,492,1434
8847,942,940,938,126,362,488,1430
8848,944,946,948,128,364,492,1436
8849,948,948,948,128,364,492,1440
8850,934,932,930,126,362,488,1422
8851,938,938,938,126,362,488,1426
8852,938,940,940,128,362,490,1428
8853,942,940,942,126,364,490,1432
8854,932,932,932,126,364,490,1422
8855,920,920,920,126,364,490,1410
8856,924,926,924,128,362,490,1414
8857,930,928,932,126,366,492,1422
8858,924,922,920,124,364,488,1412
8859,910,912,912,126,364,490,1400
8860,912,912,910,126,362,488,1400
8861,916,914,912,124,360,484,1400
8862,922,924,924,126,360,486,1408
8863,916,916,916,126,360,486,1402
8864,918,920,920,128,360,488,1406
8865,938,936,940,126,364,490,1428
8866,952,954,954,128,364,492,1444
8867,960,960,960,128,364,492,1452
8868,948,948,950,128,366,494,1442
8869,972,970,972,126,368,494,1466
8870,976,978,978,128,368,496,1472
8871,972,972,972,128,368,496,1468
8872,960,956,956,124,368,492,1452
8873,958,960,962,126,370,496,1454
8874,956,954,954,124,370,494,1450
8875,946,948,948,126,370,496,1442
8876,934,932,932,124,370,494,1428
8877,916,918,916,126,368,494,1410
8878,922,920,920,124,368,492,1414
8879,926,928,930,126,370,496,1422
8880,926,924,924,124,370,494,1420
8881,914,916,914,126,368,494,1408
8882,916,916,916,126,368,494,1410
8883,920,918,920,124,370,494,1414
8884,922,922,920,124,368,492,1414
8885,902,904,904,126,368,494,1396
8886,908,906,906,124,368,492,1400
8887,908,910,908,126,366,492,1400
8888,910,912,908,128,362,490,1400
8889,916,912,916,124,366,490,1406
8890,904,904,904,124,366,490,1394
8891,910,912,910,126,364,490,1400
8892,922,922,924,126,366,492,1414
8893,932,932,932,126,366,492,1424
8894,928,926,928,124,368,492,1420
8895,922,924,920,126,364,490,1412
8896,944,944,948,126,368,494,1438
8897,952,954,956,128,370,498,1450
8898,966,964,964,126,370,496,1462
8899,950,950,948,126,368,494,1444
8900,956,956,956,126,368,494,1450
8901,958,956,958,124,370,494,1452
8902,960,962,962,126,370,496,1456
8903,936,932,934,125,372,494,1430
8904,926,928,924,124,368,492,1418
8905,928,928,930,124,370,494,1422
8906,926,928,926,126,368,494,1420
8907,924,924,922,126,366,492,1416
8908,908,908,910,126,368,494,1402
8909,920,920,922,126,370,496,1416
8910,924,926,922,128,366,494,1418
8911,928,926,926,126,366,492,1420
8912,910,908,908,124,366,490,1400
8913,926,928,930,126,368,494,1420
8914,934,936,934,128,366,494,1428
8915,938,936,938,126,368,494,1432
8916,924,922,922,124,368,492,1416
8917,926,928,930,126,370,496,1422
8918,928,930,928,128,368,496,1424
8919,928,926,926,126,368,494,1422
8920,902,902,898,126,364,490,1392
8921,912,912,914,126,366,492,1404
8922,910,912,912,128,366,494,1404
8923,916,916,914,128,364,492,1408
8924,900,900,902,128,366,494,1394
8925,898,896,894,126,364,490,1388
8926,912,912,916,126,368,494,1406
8927,916,916,916,126,368,494,1410
8928,922,922,922,126,368,494,1416
8929,920,920,920,126,368,494,1414
8930,924,926,924,128,366,494,1418
8931,922,920,922,126,368,494,1416
8932,910,910,908,126,366,492,1402
8933,894,896,896,128,366,494,1388
8934,908,906,908,126,368,494,1402
8935,910,912,910,128,366,494,1404
8936,908,906,906,126,366,492,1400
8937,894,894,894,126,366,492,1386
8938,900,902,898,128,362,490,1390
8939,908,908,912,128,366,494,1402
8940,912,912,910,128,364,492,1404
8941,906,904,904,126,364,490,1396
8942,902,904,904,128,364,492,1394
8943,916,914,916,126,366,492,1408
8944,916,916,916,126,366,492,1408
8945,902,904,904,128,366,494,1396
8946,916,916,914,128,364,492,1408
8947,914,914,916,128,366,494,1408
8948,896,896,894,128,364,492,1388
8949,888,886,886,126,364,490,1378
8950,884,888,886,130,362,492,1376
8951,890,888,888,128,362,490,1380
8952,876,876,874,128,360,488,1364
8953,884,886,884,130,358,488,1372
8954,900,898,902,128,362,490,1390
8955,906,906,908,128,364,492,1398
8956,894,894,892,128,362,490,1384
8957,902,902,902,128,362,490,1392
8958,908,908,910,128,364,492,1400
8959,908,908,908,128,364,492,1400
8960,888,886,884,126,362,488,1376
8961,894,896,896,128,362,490,1384
8962,894,892,890,126,360,486,1380
8963,878,878,880,126,362,488,1366
8964,862,866,862,130,358,488,1350
8965,864,862,864,128,360,488,1352
8966,870,872,870,130,358,488,1358
8967,870,870,868,130,356,486,1356
8968,860,858,860,128,358,486,1346
8969,862,864,864,130,358,488,1350
8970,866,864,864,128,358,486,1352
8971,868,870,868,130,356,486,1354
8972,870,868,870,128,358,486,1356
8973,864,866,864,130,356,486,1350
8974,872,872,872,130,356,486,1358
8975,878,878,878,130,356,486,1364
8976,882,880,882,128,358,486,1368
8977,870,872,870,130,356,486,1356
8978,874,872,874,128,358,486,1360
8979,880,882,884,130,360,490,1370
8980,884,884,880,130,356,486,1370
8981,884,882,884,128,358,486,1370
8982,880,880,882,128,360,488,1368
8983,884,886,884,130,358,488,1372
8984,872,870,876,128,364,492,1364
8985,846,844,834,126,354,480,1326
8986,818,820,818,128,352,480,1298
8987,820,818,818,126,352,478,1298
8988,826,828,826,128,350,478,1304
8989,840,840,840,128,350,478,1318
8990,848,848,848,128,350,478,1326
8991,872,874,874,130,350,480,1352
8992,898,898,900,130,352,482,1380
8993,920,924,926,131,354,488,1408
8994,930,928,930,130.5,356,488,1418
8995,936,934,936,130,358,488,1424
8996,964,966,968,130,360,492,1456
8997,982,980,982,130,362,492,1474
8998,994,992,994,128,364,492,1486
8999,976,976,976,128,364,492,1468
9000,982,984,986,130,366,496,1478
9001,994,990,994,126,370,496,1490
9002,986,984,988,128,364,492,1482
9003,978,978,982,128,368,496,1474
9004,980,978,978,126,368,494,1474
9005,980,982,982,128,368,496,1476
9006,970,968,970,126,370,496,1466
9007,946,946,946,126,370,496,1442
9008,936,936,932,126,366,492,1428
9009,928,930,932,128,368,496,1424
9010,922,922,922,128,368,496,1418
9011,908,906,902,126,364,490,1398
9012,904,906,908,128,366,494,1398
9013,908,908,906,128,364,492,1400
9014,900,902,902,130,364,494,1394
9015,886,882,882,126,364,490,1376
9016,886,888,886,128,362,490,1376
9017,886,886,886,128,362,490,1376
9018,878,878,878,128,362,490,1368
9019,862,860,858,126,360,486,1348
9020,866,868,868,128,360,488,1354
9021,868,870,866,130,356,486,1354
9022,862,862,862,130,356,486,1348
9023,860,860,860,130,356,486,1346
9024,878,878,876,130,354,484,1362
9025,892,890,894,128,358,486,1378
9026,888,888,888,128,358,486,1374
9027,892,894,892,130,356,486,1378
9028,904,902,904,128,358,486,1390
9029,904,904,908,128,362,490,1394
9030,892,890,890,126,362,488,1380
9031,894,894,892,126,360,486,1380
9032,894,896,896,128,360,488,1382
9033,888,888,888,128,360,488,1376
9034,876,876,876,128,360,488,1364
9035,878,878,876,128,358,486,1364
9036,876,878,876,130,356,486,1362
9037,862,860,860,128,356,484,1346
9038,854,852,854,126,358,484,1338
9039,862,862,860,126,356,482,1344
9040,860,862,862,128,356,484,1344
9041,864,864,864,128,356,484,1348
9042,858,858,858,128,356,484,1342
9043,860,860,858,128,354,482,1342
9044,862,864,862,130,352,482,1344
9045,866,866,868,130,354,484,1350
9046,866,864,864,128,354,482,1348
9047,856,856,854,128,352,480,1336
9048,860,860,860,128,352,480,1340
9049,866,866,864,128,350,478,1344
9050,858,858,860,128,352,480,1338
9051,860,860,862,128,354,482,1342
9052,872,872,870,128,352,480,1352
9053,878,878,878,128,352,480,1358
9054,868,868,870,128,354,482,1350
9055,864,864,862,128,352,480,1344
9056,872,870,874,126,356,482,1354
9057,866,868,866,128,354,482,1348
9058,868,868,868,128,354,482,1350
9059,860,860,858,128,352,480,1340
9060,862,862,864,128,354,482,1344
9061,870,872,870,130,352,482,1352
9062,874,870,872,126,354,480,1354
9063,858,860,862,128,356,484,1342
9064,862,860,858,126,354,480,1342
9065,862,866,864,130,352,482,1344
9066,862,862,864,130,354,484,1346
9067,866,864,864,128,354,482,1348
9068,856,856,856,128,354,482,1338
9069,862,862,858,128,350,478,1340
9070,860,860,862,128,352,480,1340
9071,862,862,862,128,352,480,1342
9072,856,856,856,128,352,480,1336
9073,858,858,858,128,352,480,1338
9074,854,854,852,128,350,478,1332
9075,852,852,854,128,352,480,1332
9076,852,852,852,128,352,480,1332
9077,852,852,850,128,350,478,1330
9078,850,850,850,128,350,478,1328
9079,852,850,850,126,350,476,1328
9080,850,852,852,128,350,478,1328
9081,854,854,856,128,352,480,1334
9082,856,858,854,130,348,478,1334
9083,866,864,868,128,352,480,1346
9084,872,872,872,128,352,480,1352
9085,874,874,874,128,352,480,1354
9086,866,868,866,130,350,480,1346
9087,874,872,874,128,352,480,1354
9088,874,874,874,128,352,480,1354
9089,872,874,874,130,352,482,1354
9090,870,866,870,126,356,482,1352
9091,868,870,866,128,352,480,1348
9092,864,864,866,128,354,482,1346
9093,860,860,858,128,352,480,1340
9094,858,856,856,126,352,478,1336
9095,850,850,850,126,352,478,1328
9096,848,850,848,128,350,478,1326
9097,850,850,852,128,352,480,1330
9098,850,850,850,128,352,480,1330
9099,856,856,854,128,350,478,1334
9100,846,848,848,130,350,480,1326
9101,852,852,852,130,350,480,1332
9102,852,854,852,129,348,480,1332
9103,856,852,856,128,352,480,1336
9104,858,858,856,128,350,478,1336
9105,850,852,854,130,352,482,1332
9106,852,850,848,128,350,478,1330
9107,840,842,840,130,348,478,1318
9108,846,846,844,130,346,476,1322
9109,842,840,846,128,352,480,1322
9110,838,838,836,128,350,478,1316
9111,838,840,838,130,348,478,1316
9112,840,838,838,128,348,476,1316
9113,844,844,846,128,350,478,1322
9114,846,846,846,128,350,478,1324
9115,846,848,848,130,350,480,1326
9116,840,838,836,128,348,476,1316
9117,842,844,842,130,346,476,1318
9118,838,836,838,128,348,476,1314
9119,830,832,830,130,346,476,1306
9120,826,824,826,128,348,476,1302
9121,832,832,832,128,348,476,1308
9122,832,834,830,130,344,474,1306
9123,828,828,832,130,348,478,1306
9124,826,826,824,130,346,476,1302
9125,834,834,836,130,348,478,1312
9126,834,834,832,130,346,476,1310
9127,830,828,830,128,348,476,1306
9128,824,824,822,128,346,474,1298
9129,828,830,832,130,348,478,1306
9130,826,826,826,130,348,478,1304
9131,816,814,814,128,348,476,1292
9132,814,812,810,126,346,472,1286
9133,806,806,806,126,346,472,1278
9134,790,792,788,128,342,470,1260
9135,774,774,772,128,340,468,1242
9136,764,762,764,126,342,468,1232
9137,765,761,763,126,338,470,1232
9138,766,760,762,126,340,466,1232
9139,760,760,760,126,340,466,1226
9140,768,768,772,126,344,470,1238
9141,778,780,782,128,346,474,1252
9142,792,792,792,128,346,474,1266
9143,786,784,790,126,352,478,1264
9144,802,804,806,128,354,482,1284
9145,814,812,816,126,358,484,1298
9146,822,822,820,126,356,482,1304
9147,826,828,830,128,358,486,1312
9148,820,820,824,128,362,490,1310
9149,848,846,850,126,366,492,1340
9150,864,866,866,128,366,494,1358
9151,882,882,886,128,370,498,1380
9152,878,878,876,128,368,496,1374
9153,906,906,908,128,370,498,1404
9154,918,918,920,128,372,500,1418
9155,938,940,942,130,373,504,1442
9156,926,922,922,126,374.5,500,1426
9157,928,928,930,126,374.25,502,1430
9158,952,954,952,128,375.125,502,1454
9159,960,958,960,126,375.562,502,1462
9160,972,974,974,128,375.781,504,1476
9161,954,954,954,128,375.891,504,1458
9162,972,972,972,128,374.945,504,1476
9163,970,972,970,130,374.473,504,1474
9164,976,972,972,126,374.236,500,1476
9165,942,942,942,126,373.118,500,1442
9166,934,934,932,126,372,498,1432
9167,944,944,946,126,371,500,1444
9168,944,946,942,128,370,498,1442
9169,940,940,940,128,370,498,1438
9170,928,926,928,126,372,498,1426
9171,934,938,934,130,368,498,1432
9172,946,946,946,130,368,498,1444
9173,950,948,948,128,368,496,1446
9174,948,946,950,126,372,498,1446
9175,938,938,934,126,368,494,1432
9176,942,940,942,124,370,494,1436
9177,940,940,940,124,370,494,1434
9178,928,932,930,128,368,496,1424
9179,914,912,912,126,368,494,1408
9180,898,902,898,130,364,494,1392
9181,894,892,894,128,366,494,1388
9182,890,888,888,126,366,492,1382
9183,874,878,874,130,362,492,1366
9184,880,878,880,128,364,492,1372
9185,876,878,874,130,360,490,1366
9186,880,878,880,128,362,490,1370
9187,866,866,864,128,360,488,1354
9188,870,868,870,126,362,488,1358
9189,868,870,868,128,360,488,1356
9190,870,872,870,130,358,488,1358
9191,866,866,866,130,358,488,1354
9192,858,858,858,130,358,488,1346
9193,856,854,850,128,354,482,1338
9194,846,844,848,126,358,484,1330
9195,842,844,842,128,356,484,1326
9196,842,842,844,128,358,486,1328
9197,834,832,832,126,358,484,1318
9198,836,838,834,128,354,482,1318
9199,838,840,838,130,352,482,1320
9200,836,834,838,128,356,484,1320
9201,830,832,828,130,352,482,1312
9202,834,832,832,128,352,480,1314
9203,840,840,838,128,350,478,1318
9204,840,840,842,128,352,480,1320
9205,832,834,836,130,354,484,1316
9206,840,842,840,130,352,484,1324
9207,846,844,844,130,352,482,1328
9208,848,846,848,128,354,482,1330
9209,844,844,844,128,354,482,1326
9210,854,854,852,128,352,480,1334
9211,848,848,850,128,354,482,1330
9212,850,848,848,126,354,480,1330
9213,840,844,840,130,350,480,1320
9214,846,846,848,130,352,482,1328
9215,846,846,846,130,352,482,1328
9216,844,842,842,128,352,480,1324
9217,838,838,838,128,352,480,1318
9218,836,834,834,126,352,478,1314
9219,838,840,840,128,352,480,1318
9220,840,840,840,128,352,480,1320
9221,836,836,834,128,350,478,1314
9222,832,834,832,130,348,478,1310
9223,838,840,842,129,350,482,1320
9224,842,838,838,128,350,478,1320
9225,836,838,836,130,348,478,1314
9226,832,834,834,130,348,480,1312
9227,840,838,838,130,348,478,1318
9228,842,840,842,128,350,478,1320
9229,836,838,836,130,348,478,1314
9230,838,836,838,128,350,478,1316
9231,840,842,838,130,346,476,1316
9232,838,840,840,130,346,478,1316
9233,830,828,830,130,348,478,1308
9234,838,838,836,130,346,476,1314
9235,838,838,838,130,346,476,1314
9236,840,840,842,130,348,478,1318
9237,832,832,832,130,348,478,1310
9238,832,834,832,130,346,478,1310
9239,840,838,838,130,346,476,1316
9240,840,840,842,130,348,478,1318
9241,830,828,826,128,346,474,1304
9242,836,838,838,130,346,476,1312
9243,838,838,838,130,346,476,1314
9244,838,836,838,128,348,476,1314
9245,834,838,834,129,344,476,1310
9246,842,840,842,130,346,476,1318
9247,844,844,844,130,346,476,1320
9248,840,840,842,130,348,478,1318
9249,832,832,832,130,348,478,1310
9250,836,838,834,130,344,476,1312
9251,838,836,838,130,346,476,1314
9252,840,838,838,128,346,474,1314
9253,830,832,834,130,348,478,1308
9254,838,840,836,130,344,476,1314
9255,836,834,836,130,346,476,1312
9256,840,842,840,130,344,476,1316
9257,836,834,836,130,346,476,1312
9258,838,840,840,129,346,478,1316
9259,842,838,838,128,346,474,1316
9260,834,836,836,130,346,476,1310
9261,834,832,832,128,346,474,1308
9262,834,838,836,130,344,476,1310
9263,834,834,834,129,344,476,1310
9264,830,826,828,128,346,474,1304
9265,828,830,828,130,344,474,1302
9266,824,822,822,128,344,472,1296
9267,818,820,818,130,342,472,1290
9268,814,814,814,130,342,472,1286
9269,812,812,812,130,342,472,1284
9270,802,802,802,130,342,472,1274
9271,806,806,806,130,342,472,1278
9272,808,808,808,130,342,472,1280
9273,810,810,810,130,342,472,1282
9274,808,808,808,130,342,472,1280
9275,816,818,816,130,340,472,1288
9276,820,818,820,130,342,472,1292
9277,824,824,824,130,342,472,1296
9278,820,820,820,130,342,472,1292
9279,820,822,822,130,342,474,1294
9280,830,828,828,130,342,472,1302
9281,826,826,828,130,344,474,1300
9282,822,822,822,130,344,474,1296
9283,822,820,820,128,344,472,1294
9284,826,826,828,128,346,474,1300
9285,824,826,824,130,344,474,1298
9286,820,818,818,128,344,472,1292
9287,818,818,820,128,346,474,1292
9288,816,818,814,130,342,472,1288
9289,818,816,818,128,344,472,1290
9290,810,810,810,128,344,472,1282
9291,808,810,808,130,342,472,1280
9292,810,810,812,130,344,474,1284
9293,812,812,810,130,342,472,1284
9294,808,808,808,130,342,472,1280
9295,810,808,810,128,344,472,1282
9296,812,814,812,130,342,472,1284
9297,812,812,814,130,344,474,1286
9298,812,810,810,128,344,472,1284
9299,806,808,806,130,342,472,1278
9300,810,812,812,129,342,474,1284
9301,810,806,806,128,342,470,1280
9302,808,808,808,128,342,470,1278
9303,802,804,802,130,340,470,1272
9304,802,802,802,130,340,470,1272
9305,802,802,802,130,340,470,1272
9306,800,800,800,130,340,470,1270
9307,792,792,792,130,340,470,1262
9308,796,794,794,128,340,468,1264
9309,790,794,790,128,336,468,1258
9310,776,772,774,128,338,466,1242
9311,786,788,784,130,334,464,1250
9312,774,772,772,128,334,462,1236
9313,774,778,776,129,334,464,1238
9314,774,772,774,130,334,464,1238
9315,790,792,792,132,334,466,1256
9316,822,824,828,134,338,472,1294
9317,862,864,868,136,342,478,1340
9318,874,876,878,136,344,482,1356
9319,892,890,894,136,348,484,1376
9320,954,954,960,134,354,490,1444
9321,982,978,984,132,360,492,1474
9322,964,962,966,130,364,494,1458
9323,992,990,988,128,362,490,1482
9324,996,996,996,128,364,492,1489
9325,986,985,986,130,366,496,1480.5
9326,976,974,976,128,368,496,1472
9327,984,984,982,128,366,494,1478
9328,980,980,984,128,370,498,1478
9329,968,966,960,126,364,490,1458
9330,936,938,938,128,364,492,1428
9331,948,950,948,130,362,492,1440
9332,948,946,948,128,364,492,1440
9333,948,948,948,128,364,492,1440
9334,934,934,936,128,366,494,1428
9335,942,940,940,126,366,492,1434
9336,930,932,930,128,364,492,1422
9337,922,922,922,128,364,492,1414
9338,898,900,894,130,358,488,1386
9339,892,892,894,130,360,490,1382
9340,884,884,884,130,360,490,1374
9341,880,880,876,130,356,486,1366
9342,864,862,866,128,360,488,1352
9343,866,866,866,128,360,488,1354
9344,864,866,862,130,356,486,1350
9345,860,858,860,128,358,486,1346
9346,850,852,850,130,356,486,1336
9347,860,860,862,130,358,488,1348
9348,866,866,868,130,360,490,1356
9349,868,866,866,128,360,488,1356
9350,858,858,852,128,354,482,1340
9351,852,854,858,130,358,488,1340
9352,862,860,860,128,358,486,1348
9353,856,858,856,130,356,486,1342
9354,860,860,860,130,356,486,1346
9355,854,854,854,130,356,486,1340
9356,858,856,858,128,358,486,1344
9357,860,860,856,128,354,482,1342
9358,856,860,860,128,354,486,1342
9359,850,846,850,128,358,486,1336
9360,848,850,846,130,354,484,1332
9361,846,846,844,130,352,482,1328
9362,846,844,844,128,352,480,1326
9363,832,832,832,128,352,480,1312
9364,838,838,840,128,354,482,1320
9365,832,834,832,130,352,482,1314
9366,834,834,834,130,352,482,1316
9367,826,826,824,130,350,480,1306
9368,826,824,826,128,352,480,1306
9369,828,830,828,130,350,480,1308
9370,828,826,828,128,352,480,1308
9371,830,832,832,130,352,482,1312
9372,826,826,826,130,352,482,1308
9373,830,832,830,130,350,482,1312
9374,834,832,832,130,350,480,1314
9375,836,836,836,130,350,480,1316
9376,828,826,826,128,350,478,1306
9377,826,826,824,128,348,476,1302
9378,826,828,830,130,350,480,1306
9379,826,826,824,130,348,478,1304
9380,822,822,822,130,348,478,1300
9381,818,818,818,130,348,478,1296
9382,820,818,818,128,348,476,1296
9383,822,822,822,128,348,476,1298
9384,818,820,818,130,346,476,1294
9385,824,822,822,128,346,474,1298
9386,828,830,832,130,348,478,1306
9387,838,838,836,130,346,476,1314
9388,834,834,834,130,346,476,1310
9389,844,844,844,130,346,476,1320
9390,852,852,854,130,348,478,1330
9391,856,858,856,130,346,478,1334
9392,850,848,852,130,350,480,1330
9393,850,852,848,130,346,478,1328
9394,852,850,852,130,348,478,1330
9395,850,848,850,128,350,478,1328
9396,834,836,834,130,348,478,1312
9397,844,844,842,130,346,476,1320
9398,838,840,842,130,348,480,1318
9399,836,834,834,130,348,478,1314
9400,832,832,832,130,348,478,1310
9401,838,838,836,130,346,476,1314
9402,836,836,836,130,346,476,1312
9403,834,834,836,130,348,478,1312
9404,824,826,826,130,348,480,1304
9405,834,832,832,130,348,478,1312
9406,826,828,824,130,344,476,1302
9407,822,820,822,130,346,476,1298
9408,822,820,820,128,346,474,1296
9409,828,832,830,130,344,476,1304
9410,828,828,828,130,344,476,1304
9411,830,828,832,130,348,478,1308
9412,832,830,828,128,346,474,1306
9413,832,834,834,130,346,476,1308
9414,830,830,828,130,344,474,1304
9415,834,834,836,130,346,476,1310
9416,834,834,832,130,344,474,1308
9417,830,830,832,130,346,476,1306
9418,824,824,824,130,346,476,1300
9419,832,832,832,130,346,476,1308
9420,822,812,810,131,344,464,1286
9421,810,822,822,130.5,344,476,1286
9422,818,816,816,130,344,474,1292
9423,824,824,822,130,342,472,1296
9424,820,822,820,130,340,472,1292
9425,824,822,826,130,344,474,1298
9426,826,826,824,130,342,472,1298
9427,834,836,836,131,342,474,1308
9428,838,838,838,130.5,342,474,1312
9429,848,846,848,130,344,474,1322
9430,842,844,844,132,344,476,1318
9431,852,854,854,132,344,478,1330
9432,854,852,852,132,344,476,1330
9433,854,854,854,131,344,476,1330
9434,846,844,846,130,346,476,1322
9435,854,856,854,131,344,476,1330
9436,850,850,852,130.5,346,478,1328
9437,848,846,848,130,348,478,1326
9438,844,844,842,130,346,476,1320
9439,842,842,842,130,346,476,1318
9440,836,838,838,130,346,478,1314
9441,838,836,834,130,344,474,1312
9442,826,828,828,130,344,476,1302
9443,830,828,828,130,344,474,1304
9444,824,824,824,130,344,474,1298
9445,828,828,830,130,346,476,1304
9446,824,824,822,130,344,474,1298
9447,822,822,822,130,344,474,1296
9448,826,830,828,130,342,476,1302
9449,828,824,828,130,346,476,1304
9450,820,822,820,130,344,476,1296
9451,828,826,826,130,344,474,1302
9452,830,832,830,131,342,474,1304
9453,828,828,828,131.5,342,474,1302
9454,824,824,824,131.75,342,474,1298
9455,832,832,832,130.875,342,474,1306
9456,830,828,830,130,344,474,1304
9457,822,822,820,130,342,472,1294
9458,824,824,826,130,344,474,1298
9459,826,826,824,130,342,472,1298
9460,816,816,818,130,344,474,1290
9461,822,824,822,130,342,474,1296
9462,818,816,816,130,342,472,1290
9463,810,812,812,130,342,474,1284
9464,814,812,812,130,342,472,1286
9465,812,814,812,130,340,472,1284
9466,818,816,818,130,342,472,1290
9467,808,808,808,130,342,472,1280
9468,816,818,816,130,340,472,1288
9469,812,810,812,130,342,472,1284
9470,816,820,818,130,340,474,1290
9471,820,816,818,130,342,472,1292
9472,814,814,814,130,342,472,1286
9473,818,818,818,130,342,472,1290
9474,816,816,816,130,342,472,1288
9475,816,816,816,130,342,472,1288
9476,810,810,808,130,340,470,1280
9477,810,812,812,130,340,472,1282
9478,812,810,810,130,340,470,1282
9479,802,802,804,130,342,472,1274
9480,804,804,802,130,340,470,1274
9481,806,806,806,130,340,470,1276
9482,808,806,808,128,342,470,1278
9483,800,804,802,129,340,472,1272
9484,802,800,800,130,340,470,1272
9485,804,806,806,130,340,472,1276
9486,804,802,802,130,340,470,1274
9487,800,798,800,128,342,470,1270
9488,802,800,800,126,342,468,1270
9489,802,806,802,130,338,468,1270
9490,800,800,802,130,340,470,1270
9491,798,800,798,130,338,470,1268
9492,802,800,800,130,338,468,1270
9493,804,804,806,130,340,470,1274
9494,804,806,804,130,338,470,1274
9495,802,800,802,130,340,470,1272
9496,802,802,802,130,340,470,1272
9497,806,806,806,130,340,470,1276
9498,804,804,804,130,340,470,1274
9499,802,800,800,128,340,468,1270
9500,800,802,800,130,338,468,1268
9501,802,802,802,130,338,468,1270
9502,798,798,798,130,338,468,1266
9503,796,796,796,130,338,468,1264
9504,796,796,796,130,338,468,1264
9505,792,790,792,128,340,468,1260
9506,790,792,788,130,336,466,1256
9507,790,792,792,130,336,468,1258
9508,790,788,790,130,338,468,1258
9509,788,788,786,130,336,466,1254
9510,784,784,786,130,338,468,1252
9511,784,782,780,128,336,464,1248
9512,774,774,774,128,336,464,1238
9513,776,776,776,128,336,464,1240
9514,772,774,772,130,334,464,1236
9515,772,772,774,130,336,466,1238
9516,776,776,774,130,334,464,1240
9517,770,772,770,131,333,464,1234
9518,780,780,780,131.5,332.5,464,1244
9519,778,778,778,130.75,333.25,464,1242
9520,778,776,778,130,334,464,1242
9521,782,782,782,130,334,464,1246
9522,782,784,782,130,334,464,1246
9523,778,776,778,130,334,464,1242
9524,780,780,780,130,334,464,1244
9525,774,774,772,130,333,462,1236
9526,772,772,772,130,332.5,462,1234
9527,770,768,768,128,332.25,460,1230
9528,770,770,770,128,332.125,460,1230
9529,766,766,766,128,332.062,460,1226
9530,764,764,764,128,333.031,460,1224
9531,758,758,760,128,334,462,1220
9532,762,762,760,128,334,460,1222
9533,762,762,764,128,334,462,1224
9534,758,760,756,130,332,460,1220
9535,756,756,756,130,331,460,1218
9536,756,756,756,130,330.5,460,1218
9537,760,758,758,128,331.25,458,1213
9538,752,754,752,126,329.625,458,1208.5
9539,748,746,746,126,329.812,460,1204.25
9540,747,748,745,126,326.906,456,1202.125
9541,743.5,743,742.5,130,326.453,455,1198.062
9542,743.75,743.5,743.25,128,326.227,454.5,1198.031
9543,730.875,732.75,732.625,128,326.113,456.25,1187.016
9544,732.438,731.375,732.312,128,327.057,458,1188.508
9545,732.219,732.688,733.156,128,327.528,456,1189.254
9546,733.109,732.344,732.578,130,327.764,458,1189.627
9547,736.555,736.172,736.289,128,327.882,456,1192.813
9548,739.277,739.086,739.145,128,327.941,456,1195.407
9549,741.639,741.543,742.572,128,328.971,456,1198.703
9550,745.819,746.771,747.286,128,329.485,458,1204.352
9551,754.91,754.386,755.643,130,330.743,460,1214.176
9552,764,762,764,128,332.371,460,1224
9553,768,770,772,130,334,464,1232
9554,776,774,774,128,334,462,1238
9555,774,774,774,128,334,462,1236
9556,784,786,784,130,332,462,1246
9557,778,780,778,130,332,462,1240
9558,770,768,770,130,334,462,1232
9559,766,766,770,130,336,466,1232
9560,766,764,764,128,336,464,1230
9561,756,756,758,128,338,466,1222
9562,750,750,749,128,336,464,1213
9563,746,745,747.5,128,337,460,1209.5
9564,741,741.5,739.75,126,338,464,1202.75
9565,733.5,734.75,736.875,128,338,460,1198.375
9566,727.75,729.375,730.438,130,338,468,1195.188
9567,725.875,725.688,723.219,130,338,470,1190.594
9568,728.938,723.844,719.609,130,332,462,1184.297
9569,713.469,718.922,716.805,133,329,462,1172.148
9570,717.734,715.461,717.402,129.5,330.5,462,1176.074
9571,713.867,712.73,713.701,126,331.25,458,1172.037
9572,708.934,709.365,707.851,126,329.625,458,1166.019
9573,707.467,706.683,703.925,128,326.812,456,1161.009
9574,702.733,703.341,697.963,126,321.406,450,1151.505
9575,701.367,697.671,701.981,128,325.703,450,1150.752
9576,693.683,695.835,694.991,128,324.852,451,1144.376
9577,691.842,692.918,691.495,128,323.426,450.5,1142.188
9578,693.921,689.459,687.748,128,321.713,444.25,1138.094
9579,679.96,683.729,685.874,129,323.856,450.125,1130.047
9580,690.98,687.865,686.937,130,322.928,456,1137.024
9581,685.49,685.932,687.468,127,324.464,453,1133.512
9582,685.745,684.966,685.734,124,325.232,450.5,1133.756
9583,683.873,684.483,683.867,124,324.616,449.25,1131.878
9584,686.936,686.242,685.934,124,324.308,447.625,1133.939
9585,689.468,688.121,688.967,122,325.154,446.812,1135.969
9586,687.734,690.06,690.483,124,325.577,449.406,1136.985
9587,696.867,696.03,698.242,126,327.789,450.703,1147.492
9588,702.434,706.015,705.121,128,326.894,453.352,1155.746
9589,711.217,711.008,712.56,130,328.447,456,1165.873
9590,718.608,717.504,720.28,126,331.224,456,1174.937
9591,736.304,736.752,738.14,124,334,458,1194.468
9592,758.152,756,756,126,334,460,1219.234
9593,780,782,784,128,336,464,1244
9594,816,816,822,128,342,470,1286
9595,844,842,842,126,342,468,1312
9596,864,864,868,126,346,472,1336
9597,918,916,922,124,352,476,1394
9598,934,934,934,124,352,476,1410
9599,926,924,924,122,352,474,1400
9600,952,950,954,122,356,476,1428
9601,942,944,944,121,356,478,1420
9602,926,924,920,121.5,352,472,1398
9603,910,912,912,121.75,352,474,1384
9604,912,912,912,121.875,352,474,1386
9605,902,902,902,121.938,352,474,1376
9606,876,876,872,121.969,348,470,1346
9607,878,878,878,123.984,348,470,1348
9608,868,872,870,126,346,472,1340
9609,864,862,860,124,344,468,1332
9610,858,860,858,126,342,468,1326
9611,870,870,872,126,344,470,1340
9612,868,870,872,128,346,474,1342
9613,868,866,862,126,342,468,1336
9614,858,860,860,128,342,470,1328
9615,866,864,866,126,344,470,1336
9616,862,862,860,126,342,468,1330
9617,854,854,852,126,340,466,1320
9618,854,856,856,128,340,468,1322
9619,856,856,856,128,340,468,1324
9620,854,854,852,128,338,466,1320
9621,846,846,846,128,338,466,1312
9622,846,844,844,126,338,464,1310
9623,846,848,848,128,338,466,1312
9624,848,848,848,128,338,466,1314
9625,844,842,844,126,340,466,1310
9626,850,852,848,128,336,464,1314
9627,842,844,844,130,336,466,1308
9628,840,838,838,128,336,464,1304
9629,836,838,836,130,334,464,1300
9630,830,828,832,128,338,466,1296
9631,820,820,818,128,336,464,1284
9632,802,802,800,128,334,462,1264
9633,804,804,802,128,334,460,1264
9634,784,784,786,128,334,462,1246
9635,774,774,772,128,333,460,1234
9636,766,766,766,128,330.5,460,1226
9637,755,754,754,130,329.25,458,1213
9638,752.5,753,752,128,327.625,456,1209.5
9639,754.25,754.5,755,130,327.812,456,1211.75
9640,756,756,758,130,328.906,458,1212.875
9641,759,759,756,130,328.453,460,1216.438
9642,762,762,760,130,328.227,458,1220
9643,766,766,766,130,329.113,458,1224
9644,780,776,778,126,329.557,456,1236
9645,780,782,782,128,329.778,458,1238
9646,782,784,784,130,329.889,460,1242
9647,790,790,790,130,328.945,460,1250
9648,792,792,790,130,329.472,458,1250
9649,806,806,808,130,330.736,460,1266
9650,794,794,796,130,331.368,462,1256
9651,804,802,802,128,330.684,460,1264
9652,802,804,802,130,332.342,460,1262
9653,816,812,816,126,334,460,1276
9654,810,816,812,128,332,462,1272
9655,818,816,816,130,332,460,1278
9656,812,812,814,130,331,462,1274
9657,820,820,818,130,330.5,460,1280
9658,822,822,822,130,331.25,460,1282
9659,822,824,826,130,330.625,464,1286
9660,822,820,818,130,331.312,460,1282
9661,824,824,826,130,331.656,462,1286
9662,828,828,828,130,332.828,462,1290
9663,824,824,826,130,334,464,1288
9664,828,828,828,130,334,464,1292
9665,824,822,822,128,334,462,1286
9666,828,828,828,128,334,462,1290
9667,820,822,822,130,334,464,1284
9668,824,824,822,130,332,462,1286
9669,822,820,818,128,333,458,1280
9670,828,828,832,128,334,462,1290
9671,820,822,822,130,334,464,1284
9672,822,822,822,130,334,464,1286
9673,818,818,816,130,333,462,1280
9674,824,826,826,130,333.5,464,1288
9675,818,816,818,130,334,464,1282
9676,816,818,814,130,333,462,1278
9677,812,810,812,130,332.5,462,1274
9678,820,820,820,130,332.25,462,1282
9679,810,812,812,131,331.125,464,1274
9680,818,818,816,130.5,332.562,462,1280
9681,810,808,812,130,334,464,1274
9682,820,820,818,130,333,462,1282
9683,820,820,820,130,332.5,462,1282
9684,816,818,818,129,332.25,464,1280
9685,818,814,814,128,334.125,460,1278
9686,816,816,820,128,336,464,1280
9687,816,820,818,130,334,466,1282
9688,814,814,814,130,334,466,1280
9689,820,818,816,130,334,462,1282
9690,816,814,816,128,334,462,1278
9691,826,828,828,130,334,464,1290
9692,818,820,818,130,334,464,1282
9693,824,822,824,130,334,464,1288
9694,818,818,816,130,334,462,1280
9695,828,828,830,130,334,464,1292
9696,828,828,828,130,334,464,1292
9697,828,828,828,130,334,464,1292
9698,830,828,830,128,336,464,1294
9699,828,830,828,130,334,464,1292
9700,832,832,834,130,336,466,1298
9701,832,834,832,130,334,466,1298
9702,836,834,836,130,336,466,1302
9703,830,832,830,130,334,466,1296
9704,840,838,840,130,336,466,1306
9705,830,830,828,130,334,464,1294
9706,818,818,818,130,334,464,1282
9707,808,808,810,130,336,466,1274
9708,796,794,792,128,334,462,1258
9709,786,788,786,130,333,462,1248
9710,780,778,778,128,331.5,460,1240
9711,776,778,776,130,331.75,460,1236
9712,778,778,780,130,332.875,462,1240
9713,770,772,774,130,334,466,1236
9714,782,780,780,130,334,464,1246
9715,784,786,782,131,333,462,1246
9716,788,788,790,130.5,333.5,464,1252
9717,792,790,792,130,334,464,1256
9718,792,794,792,131,334,464,1256
9719,800,800,802,129.5,334,466,1266
9720,806,802,800,128,334,460,1266
9721,812,814,816,130,334,464,1276
9722,816,818,820,131,336,468,1284
9723,822,822,822,130.5,336,468,1290
9724,836,834,832,130,334,464,1300
9725,838,838,838,130,334,464,1302
9726,852,852,854,130,336,466,1318
9727,856,854,856,128,338,466,1322
9728,856,860,858,130,336,468,1324
9729,858,858,858,130,336,468,1326
9730,862,860,860,130,336,466,1328
9731,864,866,866,130,336,468,1332
9732,866,864,866,130,338,468,1334
9733,870,870,868,130,336,466,1336
9734,860,862,862,131,336,468,1328
9735,872,872,874,131.5,338,470,1342
9736,866,866,864,132.75,336,468,1334
9737,864,866,866,131.375,336,470,1334
9738,860,856,858,130,338,468,1328
9739,870,870,872,130,340,470,1340
9740,860,862,860,132,338,470,1330
9741,860,862,862,132,338,472,1332
9742,860,858,858,131,338,470,1330
9743,866,864,864,130,338,468,1334
9744,862,864,864,131,338,470,1332
9745,864,864,864,131.5,338,470,1334
9746,862,862,862,131.75,338,470,1332
9747,856,856,856,130.875,338,470,1326
9748,868,866,870,130,342,472,1340
9749,862,862,860,130,340,470,1332
9750,862,866,864,131,338,472,1334
9751,862,860,860,130.5,338,470,1332
9752,874,872,874,130,340,470,1344
9753,866,868,866,130,338,470,1336
9754,868,866,868,130,340,470,1338
9755,866,866,864,130,338,468,1334
9756,876,878,878,130,338,470,1346
9757,872,870,872,130,340,470,1342
9758,870,872,872,131,340,472,1342
9759,866,866,866,130.5,340,472,1338
9760,876,874,876,130,342,472,1348
9761,864,864,864,130,342,472,1336
9762,868,868,868,130,342,472,1340
9763,866,866,866,130,342,472,1338
9764,864,864,862,130,340,470,1334
9765,870,870,870,130,340,470,1340
9766,866,866,868,130,342,472,1338
9767,866,866,866,130,342,472,1338
9768,864,864,862,130,340,470,1334
9769,870,870,872,130,342,472,1342
9770,866,866,866,130,342,472,1338
9771,854,854,852,130,340,470,1324
9772,846,846,848,130,342,472,1318
9773,844,844,842,130,340,470,1314
9774,826,828,828,130,340,472,1298
9775,832,830,830,130,340,470,1302
9776,830,830,830,130,340,470,1300
9777,836,836,834,130,338,468,1304
9778,832,832,832,130,338,468,1300
9779,830,828,830,128,340,468,1298
9780,824,826,824,130,338,468,1292
9781,828,828,832,130,342,472,1300
9782,836,838,832,130,336,468,1304
9783,842,840,846,130,342,472,1314
9784,840,842,838,130,338,470,1310
9785,844,842,844,130,340,470,1314
9786,842,840,842,128,342,470,1312
9787,844,844,844,128,342,470,1314
9788,834,836,836,130,342,472,1306
9789,834,834,832,130,340,470,1304
9790,828,828,828,130,340,470,1298
9791,826,824,826,128,342,470,1296
9792,820,822,822,130,342,472,1292
9793,818,816,814,128,340,468,1286
9794,812,814,814,130,340,470,1282
9795,818,820,818,130,338,470,1288
9796,814,812,814,130,340,470,1284
9797,810,810,806,130,336,466,1276
9798,814,812,814,128,338,466,1280
9799,820,822,822,130,338,468,1288
9800,822,822,826,130,342,472,1294
9801,824,826,822,131,338,470,1294
9802,828,828,828,130.5,338,470,1298
9803,838,836,840,130,342,472,1310
9804,842,842,840,130,340,470,1312
9805,844,844,846,130,342,472,1316
9806,840,838,838,128,342,470,1310
9807,838,840,838,130,340,470,1308
9808,830,828,830,128,342,470,1300
9809,818,818,818,128,342,470,1288
9810,812,812,810,128,340,468,1280
9811,802,800,798,126,338,464,1266
9812,792,792,794,126,340,466,1258
9813,794,796,794,128,338,466,1260
9814,786,788,788,130,338,468,1254
9815,788,790,792,129,340,472,1260
9816,802,798,798,128,340,468,1270
9817,802,802,800,128,338,466,1268
9818,798,798,798,128,338,466,1264
9819,808,806,810,126,342,468,1276
9820,804,806,804,128,340,468,1272
9821,802,806,806,128,340,472,1274
9822,808,804,804,128,340,468,1276
9823,812,812,812,128,340,468,1280
9824,816,814,816,126,342,468,1284
9825,810,814,812,130,340,470,1280
9826,816,812,810,126,338,464,1280
9827,818,820,822,128,340,468,1286
9828,818,818,818,128,340,468,1286
9829,820,818,816,126,338,464,1284
9830,812,812,816,126,342,468,1280
9831,818,818,816,126,340,466,1284
9832,818,820,820,128,340,468,1286
9833,822,822,824,128,342,470,1292
9834,820,822,818,130,338,468,1288
9835,826,822,824,126,340,466,1292
9836,820,822,820,128,338,466,1286
9837,816,816,820,128,342,470,1286
9838,812,812,808,128,338,466,1278
9839,808,808,808,128,338,466,1274
9840,802,802,804,128,340,468,1270
9841,800,800,800,128,340,468,1268
9842,796,798,794,130,336,466,1262
9843,798,796,796,128,336,464,1262
9844,800,802,800,130,334,464,1264
9845,798,800,802,130,336,468,1266
9846,802,800,798,130,334,464,1266
9847,804,802,806,128,338,466,1270
9848,814,816,816,130,338,468,1282
9849,810,808,808,128,338,466,1276
9850,816,814,816,126,340,466,1282
9851,822,826,824,130,338,468,1290
9852,826,826,828,130,340,470,1296
9853,830,830,828,130,338,468,1298
9854,830,828,832,128,342,470,1300
9855,828,828,824,128,338,466,1294
9856,834,832,836,126,342,468,1302
9857,824,828,826,130,340,470,1294
9858,826,822,824,126,342,468,1294
9859,816,820,818,130,340,470,1286
9860,820,820,818,130,338,468,1288
9861,812,806,812,124,344,468,1280
9862,804,808,804,128,340,468,1272
9863,800,802,800,130,338,468,1268
9864,804,800,800,126,338,464,1268
9865,796,796,796,126,338,464,1260
9866,796,794,794,124,338,462,1258
9867,784,788,788,128,338,466,1250
9868,782,780,778,126,336,462,1244
9869,776,776,776,126,336,462,1238
9870,778,778,778,126,336,462,1240
9871,782,784,784,128,336,464,1246
9872,782,782,782,128,336,464,1246
9873,788,786,786,126,336,462,1250
9874,794,796,798,128,338,466,1260
9875,794,794,794,128,338,466,1260
9876,796,796,796,128,338,466,1262
9877,800,800,798,128,336,464,1264
9878,804,804,806,128,338,466,1270
9879,806,804,804,126,338,464,1270
9880,800,800,800,126,338,464,1264
9881,810,810,810,126,338,464,1274
9882,808,810,810,128,338,466,1274
9883,808,808,808,128,338,466,1274
9884,810,810,808,128,336,464,1274
9885,818,816,820,126,340,466,1284
9886,820,822,820,128,338,466,1286
9887,822,822,822,128,338,466,1288
9888,824,822,826,126,342,468,1292
9889,832,832,830,126,340,466,1298
9890,826,828,828,128,340,468,1294
9891,820,818,818,126,340,466,1286
9892,820,820,818,126,338,464,1284
9893,814,818,820,130,340,470,1284
9894,814,810,810,126,340,466,1280
9895,810,812,814,128,342,470,1280
9896,812,814,810,130,338,468,1280
9897,810,810,812,130,340,470,1280
9898,812,810,810,128,340,468,1280
9899,812,812,810,128,338,466,1278
9900,808,806,808,126,340,466,1274
9901,806,810,810,130,340,470,1276
9902,808,806,804,128,338,466,1274
9903,814,812,814,126,340,466,1280
9904,812,814,816,128,342,470,1282
9905,812,814,812,130,340,470,1282
9906,822,820,818,128,338,466,1288
9907,820,820,824,128,342,470,1290
9908,832,832,830,128,340,468,1300
9909,832,832,834,128,342,470,1302
9910,834,834,832,128,340,468,1302
9911,836,836,836,128,340,468,1304
9912,850,850,850,128,340,468,1318
9913,846,846,848,128,342,470,1316
9914,852,852,852,128,342,470,1322
9915,852,854,854,130,342,472,1324
9916,866,864,866,128,344,472,1338
9917,862,862,862,128,344,472,1334
9918,860,860,858,128,342,470,1330
9919,856,858,856,130,340,470,1326
9920,844,844,846,130,342,472,1316
9921,840,840,836,130,338,468,1308
9922,830,828,834,128,344,472,1302
9923,818,816,816,126,344,470,1288
9924,808,812,808,130,340,470,1278
9925,816,814,814,128,340,468,1284
9926,808,808,808,128,340,468,1276
9927,820,822,822,130,340,470,1290
9928,816,816,818,130,342,472,1288
9929,824,824,822,130,340,470,1294
9930,824,826,824,129,338,470,1294
9931,844,840,844,128,342,470,1314
9932,838,838,838,128,342,470,1308
9933,844,844,842,128,340,468,1312
9934,840,840,844,128,344,472,1312
9935,854,854,854,128,344,472,1326
9936,852,852,850,128,342,470,1322
9937,844,846,844,130,340,470,1314
9938,846,844,846,128,342,470,1316
9939,852,852,852,128,342,470,1322
9940,848,850,852,130,344,474,1322
9941,854,850,850,126,344,470,1324
9942,848,852,850,130,342,472,1320
9943,864,864,864,130,342,472,1336
9944,862,860,864,128,346,474,1336
9945,868,868,864,128,342,470,1338
9946,864,864,866,128,344,472,1336
9947,868,868,870,128,346,474,1342
9948,862,864,864,130,346,476,1338
9949,862,858,858,126,346,472,1334
9950,856,862,858,128,342,474,1330
9951,866,864,864,130,342,472,1338
9952,858,860,862,129,344,476,1334
9953,868,864,864,128,344,472,1340
9954,870,870,872,128,346,474,1344
9955,868,870,870,130,346,476,1344
9956,868,868,870,130,348,478,1346
9957,868,868,866,130,346,476,1344
9958,868,866,866,128,346,474,1342
9959,858,860,852,130,338,468,1326
9960,850,846,852,126,344,470,1320
9961,844,850,848,128,342,474,1318
9962,852,850,848,130,340,470,1322
9963,854,852,852,128,340,468,1322
9964,852,854,852,130,338,468,1320
9965,848,844,846,126,340,466,1314
9966,836,840,842,130,342,472,1308
9967,836,834,836,128,344,472,1308
9968,826,826,826,128,344,472,1298
9969,812,812,810,128,342,470,1282
9970,806,806,806,128,342,470,1276
9971,800,800,800,128,342,470,1270
9972,796,798,796,130,340,470,1266
9973,802,800,802,128,342,470,1272
9974,798,800,798,130,340,470,1268
9975,802,804,802,130,338,470,1272
9976,808,806,808,130,340,470,1278
9977,820,820,822,130,342,472,1292
9978,820,820,820,130,342,472,1292
9979,828,828,832,130,346,476,1304
9980,836,836,832,130,342,472,1308
9981,838,838,840,130,344,474,1312
9982,850,848,848,128,344,472,1322
9983,848,850,850,130,344,474,1322
9984,846,846,846,130,344,474,1320
9985,854,850,850,126,344,470,1324
9986,856,860,860,130,344,474,1330
9987,850,850,852,130,346,476,1326
9988,856,856,854,130,344,474,1330
9989,854,852,854,128,346,474,1328
9990,860,862,860,130,344,474,1334
9991,858,858,860,130,346,476,1334
9992,856,856,856,130,346,476,1332
9993,856,854,852,128,344,472,1328
9994,860,860,862,128,346,474,1334
9995,862,862,862,128,346,474,1336
9996,862,862,862,128,346,474,1336
9997,864,866,866,130,346,476,1340
9998,864,862,862,128,346,474,1338
9999,870,872,872,130,346,476,1346
10000,864,864,866,130,348,478,1342
10001,866,868,866,131,346,478,1344
10002,866,866,864,130.5,344,476,1342
10003,876,874,878,130,348,478,1354
10004,872,872,872,130,348,478,1350
10005,874,870,872,126,350,476,1350
10006,862,866,860,130,344,474,1336
10007,862,862,866,130,348,478,1340
10008,862,860,858,128,346,474,1336
10009,858,860,858,130,344,474,1332
10010,854,850,852,126,346,472,1326
10011,858,862,864,130,348,478,1336
10012,856,856,856,130,348,478,1334
10013,854,854,850,130,344,474,1328
10014,852,852,852,130,344,474,1326
10015,860,860,860,130,344,474,1334
10016,860,858,862,128,348,476,1336
10017,862,864,860,130,344,474,1336
10018,858,856,858,128,346,474,1332
10019,866,866,866,128,346,474,1340
10020,864,864,866,128,348,476,1340
10021,866,868,866,130,346,476,1342
10022,868,868,870,130,348,478,1346
10023,878,876,876,128,348,476,1354
10024,874,878,878,128,348,480,1354
10025,868,864,866,128,350,478,1346
10026,870,870,868,128,348,476,1346
10027,866,868,870,130,350,480,1346
10028,866,866,866,130,350,480,1346
10029,860,858,856,128,348,476,1336
10030,860,858,858,126,348,474,1334
10031,850,852,852,128,348,476,1326
10032,844,844,844,128,348,476,1320
10033,838,838,836,128,346,474,1312
10034,836,836,838,128,348,476,1312
10035,838,836,836,126,348,474,1312
10036,824,826,822,128,344,472,1296
10037,822,820,818,126,342,468,1290
10038,858,810,812,127,344,469,1280
10039,894,800,798,128,342,470,1364
10040,796,794,794,126,342,468,1264
10041,784,784,784,126,342,468,1252
10042,784,784,784,126,342,468,1252
10043,776,780,778,130,340,470,1246
10044,788,784,786,126,342,468,1256
10045,786,788,788,128,342,470,1256
10046,794,796,794,130,340,470,1264
10047,804,804,804,130,340,470,1274
10048,816,814,818,128,344,472,1288
10049,836,836,836,128,344,472,1308
10050,846,848,850,130,346,476,1322
10051,858,858,858,130,346,476,1334
10052,866,864,864,128,346,474,1340
10053,874,872,874,126,348,474,1348
10054,882,884,886,128,350,478,1360
10055,886,886,886,128,350,478,1364
10056,886,886,884,128,348,476,1362
10057,880,882,882,130,348,478,1358
10058,890,888,888,128,348,476,1366
10059,880,882,884,130,350,480,1360
10060,882,880,880,128,350,478,1360
10061,878,878,878,128,350,478,1356
10062,888,888,886,128,348,476,1364
10063,884,884,886,128,350,478,1362
10064,886,888,886,130,348,478,1364
10065,882,880,880,128,348,476,1358
10066,890,888,890,126,350,476,1366
10067,886,886,888,126,352,478,1364
10068,886,890,886,130,348,478,1364
10069,882,880,882,128,350,478,1360
10070,890,890,890,128,350,478,1368
10071,886,890,890,129,350,482,1368
10072,888,886,886,130,350,480,1368
10073,882,882,880,130,348,478,1360
10074,882,880,880,128,348,476,1358
10075,884,884,886,128,350,478,1362
10076,880,882,882,130,350,480,1360
10077,884,882,880,128,348,476,1360
10078,878,880,882,130,350,480,1358
10079,888,888,888,130,350,480,1368
10080,882,882,882,130,350,480,1362
10081,884,884,882,130,348,478,1362
10082,878,878,880,130,350,480,1358
10083,886,884,884,128,350,478,1364
10084,878,880,880,130,350,480,1358
10085,878,876,876,128,350,478,1356
10086,874,876,874,130,348,478,1352
10087,878,878,878,130,348,478,1356
10088,880,878,882,128,352,480,1360
10089,880,882,880,130,350,480,1360
10090,880,880,880,130,350,480,1360
10091,890,888,888,128,350,478,1368
10092,884,884,886,128,352,480,1364
10093,886,888,886,130,350,480,1366
10094,882,880,884,128,354,482,1364
10095,898,898,894,128,350,478,1376
10096,892,894,894,130,350,480,1372
10097,890,888,890,128,352,480,1370
10098,884,884,882,128,350,478,1362
10099,892,894,898,130,354,484,1376
10100,892,890,888,128,352,480,1372
10101,888,890,890,130,352,482,1370
10102,890,888,888,128,352,480,1370
10103,888,890,890,130,352,482,1370
10104,890,888,892,128,356,484,1374
10105,888,888,884,128,352,480,1368
10106,880,884,884,127,352,484,1364
10107,884,878,880,126,354,480,1364
10108,886,888,888,128,354,482,1368
10109,882,884,880,130,350,480,1362
10110,882,882,886,130,354,484,1366
10111,882,878,874,126,350,476,1358
10112,882,886,890,130,354,484,1366
10113,888,886,886,128,354,482,1370
10114,888,890,890,130,354,484,1372
10115,890,890,888,130,352,482,1372
10116,890,888,890,128,354,482,1372
10117,898,896,898,126,356,482,1380
10118,890,892,888,128,352,480,1370
10119,882,884,882,130,350,480,1362
10120,868,866,870,128,354,482,1350
10121,862,862,858,128,350,478,1340
10122,836,836,836,128,350,478,1314
10123,826,826,824,128,348,476,1302
10124,820,820,820,128,348,476,1296
10125,812,812,812,128,348,476,1288
10126,824,824,824,128,348,476,1300
10127,820,820,820,128,348,476,1296
10128,830,834,834,130,348,480,1310
10129,842,842,842,129,348,480,1322
10130,854,850,852,128,350,478,1332
10131,868,868,868,128,350,478,1346
10132,870,872,874,130,352,482,1352
10133,882,880,880,128,352,480,1362
10134,878,878,878,128,352,480,1358
10135,888,888,888,128,352,480,1368
10136,888,888,888,128,352,480,1368
10137,894,894,896,128,354,482,1376
10138,886,884,884,126,354,480,1366
10139,896,898,896,128,352,480,1376
10140,894,896,896,130,352,482,1376
10141,896,894,896,128,354,482,1378
10142,894,896,892,130,350,480,1374
10143,898,898,904,130,356,486,1384
10144,906,904,904,128,356,484,1390
10145,908,908,908,128,356,484,1392
10146,904,906,902,130,352,482,1386
10147,906,906,910,130,356,486,1392
10148,910,908,910,128,358,486,1396
10149,906,908,904,130,354,484,1390
10150,908,906,908,128,356,484,1392
10151,902,904,902,130,354,484,1386
10152,910,908,912,128,358,486,1396
10153,904,904,902,128,356,484,1388
10154,902,904,904,130,356,486,1388
10155,902,898,898,126,356,482,1384
10156,906,910,908,130,354,484,1390
10157,902,900,904,128,358,486,1388
10158,904,906,904,130,356,486,1390
10159,896,894,894,128,356,484,1380
10160,908,910,910,130,356,486,1394
10161,904,906,906,129,356,488,1392
10162,910,906,904,128,354,482,1392
10163,906,906,910,128,358,486,1392
10164,918,918,916,128,356,484,1402
10165,912,914,916,130,358,488,1400
10166,918,916,914,128,356,484,1402
10167,916,914,918,126,360,486,1402
10168,924,926,926,128,360,488,1412
10169,918,918,916,128,358,486,1404
10170,914,914,916,128,360,488,1402
10171,912,910,910,126,360,486,1398
10172,914,918,914,130,356,486,1400
10173,908,908,914,130,362,492,1400
10174,906,906,902,130,358,488,1394
10175,900,898,898,128,358,486,1386
10176,902,902,904,128,360,488,1390
10177,894,896,894,130,358,488,1382
10178,898,896,896,128,358,486,1384
10179,890,890,892,128,360,488,1378
10180,896,896,894,128,358,486,1382
10181,890,892,892,130,358,488,1378
10182,892,892,892,130,358,488,1380
10183,890,890,892,130,360,490,1380
10184,894,892,890,128,358,486,1380
10185,896,898,896,130,356,486,1382
10186,890,890,890,130,356,486,1376
10187,876,874,876,128,358,486,1362
10188,874,876,872,130,354,484,1358
10189,866,866,868,130,356,486,1352
10190,858,856,856,128,356,484,1342
10191,854,856,852,130,352,482,1336
10192,854,854,854,130,352,482,1336
10193,856,856,858,130,354,484,1340
10194,858,856,858,128,356,484,1342
10195,864,862,862,126,356,482,1346
10196,858,860,858,128,354,482,1340
10197,854,856,856,130,354,484,1338
10198,868,866,866,128,354,482,1350
10199,856,858,860,130,356,486,1342
10200,860,858,858,128,356,484,1344
10201,862,862,864,128,358,486,1348
10202,866,866,864,128,356,484,1350
10203,866,868,868,130,356,486,1352
10204,876,876,878,130,358,488,1364
10205,882,880,880,128,358,486,1368
10206,886,884,886,126,360,486,1372
10207,892,894,892,128,358,486,1378
10208,892,892,890,128,356,484,1376
10209,896,896,900,128,360,488,1384
10210,896,896,894,128,358,486,1382
10211,900,900,900,128,358,486,1386
10212,894,894,898,128,362,490,1384
10213,900,900,900,128,362,490,1390
10214,900,900,900,128,362,490,1390
10215,898,900,896,130,358,488,1386
10216,898,896,896,128,358,486,1384
10217,896,896,896,128,358,486,1382
10218,902,902,904,128,360,488,1390
10219,900,900,900,128,360,488,1388
10220,902,904,902,130,358,488,1390
10221,902,902,902,130,358,488,1390
10222,914,912,916,128,362,490,1404
10223,908,910,910,130,362,492,1400
10224,912,910,910,128,362,490,1402
10225,902,904,898,130,356,486,1388
10226,912,910,914,128,360,488,1400
10227,906,908,906,130,358,488,1394
10228,906,906,908,130,360,490,1396
10229,906,906,904,130,358,488,1394
10230,900,900,900,130,358,488,1388
10231,904,904,904,130,358,488,1392
10232,906,906,906,130,358,488,1394
10233,906,906,906,130,358,488,1394
10234,902,900,902,128,360,488,1390
10235,904,906,906,130,360,490,1394
10236,902,902,902,130,360,490,1392
10237,904,904,902,130,358,488,1392
10238,892,890,890,128,358,486,1378
10239,894,894,898,128,362,490,1384
10240,890,892,888,130,358,488,1378
10241,888,888,888,130,358,488,1376
10242,882,880,880,128,358,486,1368
10243,892,894,894,130,358,488,1380
10244,890,888,890,128,360,488,1378
10245,884,886,882,130,356,486,1370
10246,882,882,886,130,360,490,1372
10247,894,892,892,128,360,488,1382
10248,890,890,890,128,360,488,1378
10249,886,884,884,126,360,486,1372
10250,880,884,882,130,358,488,1368
10251,886,884,888,128,362,490,1376
10252,878,878,878,128,362,490,1368
10253,876,876,872,128,358,486,1362
10254,874,874,874,128,358,486,1360
10255,876,876,876,128,358,486,1362
10256,872,872,874,128,360,488,1360
10257,868,870,870,130,360,490,1358
10258,876,874,872,128,358,486,1362
10259,872,872,872,128,358,486,1358
10260,868,868,870,128,360,488,1356
10261,870,868,866,126,358,484,1354
10262,862,864,862,128,356,484,1346
10263,872,870,874,126,360,486,1358
10264,864,866,864,128,358,486,1350
10265,864,864,862,128,356,484,1348
10266,864,864,864,128,356,484,1348
10267,868,866,868,126,358,484,1352
10268,864,866,866,128,358,486,1350
10269,860,860,856,128,354,482,1342
10270,850,852,856,130,358,488,1338
10271,860,856,856,126,358,484,1344
10272,850,854,850,130,354,484,1334
10273,854,852,852,128,354,482,1336
10274,854,854,854,128,354,482,1336
10275,862,866,864,129,352,484,1346
10276,864,862,866,130,356,486,1350
10277,866,866,866,130,356,486,1352
10278,868,866,864,128,354,482,1350
10279,872,872,874,128,356,484,1356
10280,876,878,878,130,356,486,1362
10281,878,878,878,130,356,486,1364
10282,876,876,876,130,356,486,1362
10283,878,880,878,130,354,486,1364
10284,886,884,888,130,358,488,1374
10285,882,882,880,130,356,486,1368
10286,886,884,884,128,356,484,1370
10287,878,878,878,128,356,484,1362
10288,886,888,888,130,356,486,1372
10289,880,880,884,130,360,490,1370
10290,884,886,880,130,354,486,1370
10291,880,878,878,130,354,484,1364
10292,890,886,886,126,354,480,1370
10293,878,880,882,128,356,484,1362
10294,880,884,882,129,354,486,1366
10295,880,878,876,130,352,482,1362
10296,884,884,886,130,354,484,1368
10297,888,886,888,128,356,484,1372
10298,884,886,888,130,358,488,1372
10299,888,888,884,130,354,484,1372
10300,890,890,892,130,356,486,1376
10301,898,898,900,130,358,488,1386
10302,898,898,900,130,360,490,1388
10303,904,904,900,130,356,486,1390
10304,902,900,902,128,358,486,1388
10305,910,910,912,128,360,488,1398
10306,906,906,906,128,360,488,1394
10307,908,908,906,128,358,486,1394
10308,898,898,896,128,356,484,1382
10309,898,900,900,130,356,486,1384
10310,898,896,900,128,360,488,1386
10311,898,900,898,130,358,488,1386
10312,892,892,890,130,356,486,1378
10313,902,900,900,128,356,484,1386
10314,896,896,900,128,360,488,1384
10315,900,900,900,128,360,488,1388
10316,896,894,892,126,358,484,1380
10317,904,906,908,128,360,488,1392
10318,902,904,902,130,358,488,1390
10319,904,904,904,130,358,488,1392
10320,900,898,898,128,358,486,1386
10321,906,906,910,128,362,490,1396
10322,908,910,908,130,360,490,1398
10323,910,908,906,128,358,486,1396
10324,902,904,904,130,358,488,1390
10325,912,910,914,128,362,490,1402
10326,906,906,906,128,362,490,1396
10327,908,910,906,130,358,488,1396
10328,900,900,898,130,356,486,1386
10329,910,908,912,128,360,488,1398
10330,904,906,906,130,360,490,1394
10331,900,900,898,130,358,488,1388
10332,894,892,892,128,358,486,1380
10333,894,896,896,130,358,488,1382
10334,888,888,886,130,356,486,1374
10335,884,884,884,130,356,486,1370
10336,874,872,870,128,354,482,1356
10337,876,876,880,128,358,486,1362
10338,872,874,872,130,356,486,1358
10339,872,872,868,130,352,482,1354
10340,870,868,870,128,354,482,1352
10341,878,880,884,130,358,488,1366
10342,880,880,878,130,356,486,1366
10343,880,878,880,128,358,486,1366
10344,878,878,880,128,360,488,1366
10345,888,888,886,128,358,486,1374
10346,880,882,880,130,356,486,1366
10347,882,880,878,128,354,482,1364
10348,876,876,882,128,360,488,1364
10349,884,884,882,128,358,486,1370
10350,882,882,884,128,360,488,1370
10351,882,880,878,126,358,484,1366
10352,878,878,878,126,358,484,1362
10353,884,888,886,130,356,486,1370
10354,884,880,884,126,360,486,1370
10355,880,882,882,128,360,488,1368
10356,880,880,878,128,358,486,1366
10357,888,888,890,128,360,488,1376
10358,888,888,888,128,360,488,1376
10359,886,888,886,130,358,488,1374
10360,886,882,882,126,358,484,1370
10361,892,894,896,128,360,488,1380
10362,888,886,884,126,358,484,1372
10363,890,892,890,128,356,484,1374
10364,888,888,888,128,356,484,1372
10365,898,896,896,126,356,482,1380
10366,890,894,894,130,356,486,1376
10367,894,892,894,128,358,486,1380
10368,890,888,890,126,360,486,1376
10369,902,904,900,128,356,484,1386
10370,900,900,902,128,358,486,1386
10371,906,906,908,128,360,488,1394
10372,902,904,900,130,356,486,1388
10373,910,908,914,128,362,490,1400
10374,912,912,910,128,360,488,1400
10375,908,910,908,130,358,488,1396
10376,904,904,902,130,356,486,1390
10377,912,910,912,128,358,486,1398
10378,906,906,908,128,360,488,1394
10379,906,906,904,128,358,486,1392
10380,906,906,908,128,360,488,1394
10381,900,900,900,128,360,488,1388
10382,906,906,906,128,360,488,1394
10383,904,906,906,130,360,490,1394
10384,910,906,906,126,360,486,1396
10385,898,900,898,128,358,486,1384
10386,910,910,912,128,360,488,1398
10387,906,906,908,128,362,490,1396
10388,904,906,902,130,358,488,1392
10389,902,900,902,128,360,488,1390
10390,910,910,910,128,360,488,1398
10391,912,912,912,128,360,488,1400
10392,916,916,916,128,360,488,1404
10393,914,914,912,128,358,486,1400
10394,908,908,908,128,358,486,1394
10395,914,916,916,130,358,488,1402
10396,916,912,914,126,360,486,1402
10397,914,916,916,128,360,488,1402
10398,908,908,908,128,360,488,1396
10399,918,918,916,128,358,486,1404
10400,914,914,916,128,360,488,1402
10401,912,912,910,128,358,486,1398
10402,904,906,908,130,360,490,1394
10403,912,910,910,128,360,488,1400
10404,910,908,910,126,362,488,1398
10405,904,908,902,130,356,486,1390
10406,906,904,906,128,358,486,1392
10407,906,906,906,128,358,486,1392
10408,906,908,910,130,360,490,1396
10409,908,906,904,128,358,486,1394
10410,900,900,900,128,358,486,1386
10411,908,908,910,128,360,488,1396
10412,908,908,908,128,360,488,1396
10413,910,910,908,128,358,486,1396
10414,904,902,904,126,360,486,1390
10415,910,914,912,130,358,488,1398
10416,910,908,912,128,362,490,1400
10417,908,908,904,128,358,486,1394
10418,898,898,900,128,360,488,1386
10419,908,910,910,130,360,490,1398
10420,906,906,906,130,360,490,1396
10421,906,904,902,128,358,486,1392
10422,894,896,896,130,358,488,1382
10423,900,898,900,128,360,488,1388
10424,904,904,902,128,358,486,1390
10425,900,902,902,130,358,488,1388
10426,898,894,894,126,358,484,1382
10427,896,896,898,126,360,486,1382
10428,904,906,904,128,358,486,1390
10429,906,906,906,128,358,486,1392
10430,904,904,904,128,358,486,1390
10431,894,894,894,128,358,486,1380
10432,904,902,904,126,360,486,1390
10433,898,900,900,128,360,488,1386
10434,904,904,902,128,358,486,1390
10435,900,898,900,126,360,486,1386
10436,914,916,916,128,360,488,1402
10437,916,916,918,128,362,490,1406
10438,916,918,914,130,358,488,1404
10439,912,910,914,128,362,490,1402
10440,916,916,916,128,362,490,1406
10441,918,918,918,128,362,490,1408
10442,912,912,910,128,360,488,1400
10443,914,912,914,126,362,488,1402
10444,906,908,910,128,364,492,1398
10445,914,914,910,128,360,488,1402
10446,908,908,910,128,362,490,1398
10447,908,908,908,128,362,490,1398
10448,900,902,900,130,360,490,1390
10449,906,904,904,128,360,488,1394
10450,902,902,904,128,362,490,1392
10451,896,898,894,130,358,488,1384
10452,888,886,888,128,360,488,1376
10453,890,890,892,128,362,490,1380
10454,892,892,890,128,360,488,1380
10455,892,892,894,128,362,490,1382
10456,890,892,888,130,358,488,1378
10457,882,882,878,130,354,484,1366
10458,882,880,884,128,358,486,1368
10459,876,876,874,128,356,484,1360
10460,862,864,862,130,354,484,1346
10461,864,860,864,126,358,484,1348
10462,862,864,864,128,358,486,1348
10463,862,864,864,130,358,488,1350
10464,866,864,862,128,356,484,1350
10465,864,864,866,128,358,486,1350
10466,872,874,872,130,356,486,1358
10467,874,874,878,130,360,490,1364
10468,880,878,878,128,360,488,1368
10469,878,878,878,128,360,488,1366
10470,886,888,886,130,358,488,1374
10471,880,880,882,130,360,490,1370
10472,884,880,876,126,356,482,1366
10473,878,880,880,128,356,484,1362
10474,890,888,892,126,360,486,1376
10475,888,890,890,128,360,488,1376
10476,888,886,884,126,358,484,1372
10477,882,884,884,128,358,486,1368
10478,888,886,890,126,362,488,1376
10479,886,886,884,126,360,486,1372
10480,882,884,882,128,358,486,1368
10481,878,878,878,128,358,486,1364
10482,886,884,884,126,358,484,1370
10483,878,880,882,128,360,488,1366
10484,880,876,874,124,358,482,1362
10485,870,872,872,126,358,484,1354
10486,876,878,878,128,358,486,1362
10487,874,872,872,126,358,484,1358
10488,874,876,874,128,356,484,1358
10489,868,868,868,128,356,484,1352
10490,878,878,878,128,356,484,1362
10491,874,874,876,128,358,486,1360
10492,872,872,870,128,356,484,1356
10493,870,870,870,128,356,484,1354
10494,878,878,880,128,358,486,1364
10495,878,878,878,128,358,486,1364
10496,878,878,876,128,356,484,1362
10497,874,872,874,126,358,484,1358
10498,886,886,884,126,356,482,1368
10499,882,886,884,130,354,484,1366
10500,884,882,880,128,352,480,1364
10501,882,880,884,126,356,482,1364
10502,890,890,890,126,356,482,1372
10503,888,888,888,126,356,482,1370
10504,890,890,890,126,356,482,1372
10505,892,894,892,128,354,482,1374
10506,902,900,904,126,358,484,1386
10507,896,898,898,128,358,486,1382
10508,892,890,890,126,358,484,1376
10509,894,894,892,126,356,482,1376
10510,898,898,902,126,360,486,1384
10511,894,892,890,124,358,482,1376
10512,888,890,886,126,354,480,1368
10513,886,886,890,126,358,484,1370
10514,892,892,892,126,358,484,1376
10515,886,886,886,126,358,484,1370
10516,882,884,880,128,354,482,1364
10517,884,884,884,128,354,482,1366
10518,890,888,892,126,358,484,1374
10519,882,882,880,126,356,482,1364
10520,880,880,882,126,358,484,1364
10521,876,878,876,128,356,484,1360
10522,884,882,884,126,358,484,1368
10523,876,878,876,128,356,484,1360
10524,874,874,874,128,356,484,1358
10525,872,870,870,126,356,482,1354
10526,878,880,878,128,354,482,1360
10527,882,880,880,126,354,480,1362
10528,878,880,880,128,354,482,1360
10529,874,872,874,126,356,482,1356
10530,886,886,886,126,356,482,1368
10531,882,884,882,128,354,482,1364
10532,882,882,884,128,356,484,1366
10533,880,880,878,128,354,482,1362
10534,882,880,880,126,354,480,1362
10535,882,884,884,128,354,482,1364
10536,878,878,880,128,356,484,1362
10537,880,880,880,128,356,484,1364
10538,882,884,882,130,354,484,1366
10539,888,884,886,126,356,482,1370
10540,884,886,886,128,356,484,1368
10541,886,886,884,128,354,482,1368
10542,886,884,884,126,354,480,1366
10543,894,894,896,126,356,482,1376
10544,890,890,892,126,358,484,1374
10545,886,888,886,128,356,484,1370
10546,886,884,882,126,354,480,1366
10547,890,890,892,126,356,482,1372
10548,892,892,894,126,358,484,1376
10549,888,890,888,128,356,484,1372
10550,884,882,880,126,354,480,1364
10551,888,888,890,126,356,482,1370
10552,894,894,894,126,356,482,1376
10553,890,892,892,128,356,484,1374
10554,890,888,888,126,356,482,1372
10555,886,888,890,128,358,486,1372
10556,896,896,896,128,358,486,1382
10557,892,892,890,128,356,484,1376
10558,888,886,886,126,356,482,1370
10559,888,888,888,126,356,482,1370
10560,898,898,898,126,356,482,1380
10561,892,892,894,126,358,484,1376
10562,890,892,890,128,356,484,1374
10563,892,892,892,128,356,484,1376
10564,898,898,896,128,354,482,1380
10565,894,892,894,126,356,482,1376
10566,890,892,892,128,356,484,1374
10567,890,890,888,128,354,482,1372
10568,884,886,882,130,350,480,1364
10569,878,874,878,126,354,480,1358
10570,868,872,868,130,350,480,1348
10571,860,862,858,173,346,478,1338
10572,768,852,860,208.5,354,536,1338
10573,830,858,854,165.25,350,504,1424
10574,960,838,838,146.625,350,472,1432
10575,822,828,828,128,350,478,1300
10576,804,800,802,124,352,476,1280
10577,788,792,788,128,348,476,1264
10578,780,780,780,128,348,476,1256
10579,770,772,770,130,346,476,1246
10580,760,760,758,130,344,474,1234
10581,759,759,758,126,346,472,1226
10582,758,758,758,126,346,472,1230
10583,756,756,764,126,344,470,1226
10584,770,770,770,126,344,470,1240
10585,786,784,788,124,348,472,1258
10586,792,794,792,126,346,472,1264
10587,800,800,800,126,346,472,1272
10588,810,808,810,124,348,472,1282
10589,828,832,830,128,346,474,1302
10590,840,838,840,126,348,474,1314
10591,852,852,852,126,348,474,1326
10592,858,858,858,126,348,474,1332
10593,880,880,882,126,350,476,1356
10594,886,886,886,126,350,476,1362
10595,890,890,890,126,350,476,1366
10596,890,890,890,126,350,476,1366
10597,910,910,914,126,354,480,1390
10598,920,922,920,128,352,480,1400
10599,926,924,924,126,352,478,1404
10600,912,912,912,126,352,478,1390
10601,932,932,934,126,354,480,1412
10602,926,928,930,128,356,484,1410
10603,932,930,928,126,354,480,1412
10604,922,922,924,126,356,482,1404
10605,930,930,930,126,356,482,1412
10606,926,928,928,128,356,484,1410
10607,924,924,922,128,354,482,1406
10608,910,910,910,128,354,482,1392
10609,916,914,914,126,354,480,1396
10610,912,914,912,128,352,480,1392
10611,904,902,904,126,354,480,1384
10612,898,898,896,126,352,478,1376
10613,902,906,908,130,354,484,1386
10614,900,896,894,126,352,478,1378
10615,874,876,876,128,352,480,1354
10616,882,880,880,126,352,478,1360
10617,872,874,874,128,352,480,1352
10618,872,872,870,128,350,478,1350
10619,868,868,870,128,352,480,1348
10620,876,874,876,126,354,480,1356
10621,872,874,872,128,352,480,1352
10622,874,874,872,128,350,478,1352
10623,868,870,872,130,352,482,1350
10624,880,876,878,126,354,480,1360
10625,878,880,878,128,352,480,1358
10626,878,878,876,128,350,478,1356
10627,876,876,878,128,352,480,1356
10628,886,886,888,128,354,482,1368
10629,888,886,886,126,354,480,1368
10630,890,892,890,128,352,480,1370
10631,892,890,890,126,352,478,1370
10632,898,902,902,130,352,482,1380
10633,906,902,906,126,356,482,1388
10634,906,906,904,126,354,480,1386
10635,904,906,904,128,352,480,1384
10636,910,910,914,128,356,484,1394
10637,910,908,908,126,356,482,1392
10638,908,910,908,128,354,482,1390
10639,900,900,898,128,352,480,1380
10640,908,908,910,128,354,482,1390
10641,906,906,906,128,354,482,1388
10642,908,908,910,128,356,484,1392
10643,902,906,900,129,350,482,1384
10644,908,906,906,130,350,480,1388
10645,916,912,916,126,354,480,1396
10646,908,912,912,130,354,484,1392
10647,918,914,914,126,354,480,1398
10648,910,912,910,128,352,480,1390
10649,916,916,918,128,354,482,1398
10650,916,916,914,128,352,480,1396
10651,918,918,920,128,354,482,1400
10652,914,914,914,128,354,482,1396
10653,906,906,908,128,356,484,1390
10654,916,914,914,126,356,482,1398
10655,916,916,916,126,356,482,1398
10656,914,916,918,128,358,486,1400
10657,910,908,906,126,356,482,1392
10658,914,916,918,128,358,486,1400
10659,912,910,910,126,358,484,1396
10660,916,916,914,126,356,482,1398
10661,910,910,908,126,354,480,1390
10662,910,914,916,130,356,486,1396
10663,916,914,916,128,358,486,1402
10664,912,912,912,128,358,486,1398
10665,910,908,906,126,356,482,1392
10666,906,908,906,128,354,482,1388
10667,906,902,906,124,358,482,1388
10668,902,906,902,128,354,482,1384
10669,896,898,896,130,352,482,1378
10670,900,896,900,126,356,482,1382
10671,902,900,902,124,358,482,1384
10672,892,898,892,130,352,482,1374
10673,896,894,900,128,358,486,1382
10674,900,900,898,128,356,484,1384
10675,904,904,906,128,358,486,1390
10676,904,904,904,128,358,486,1390
10677,898,898,894,128,354,482,1380
10678,898,898,900,128,356,484,1382
10679,898,898,900,128,358,486,1384
10680,900,900,898,128,356,484,1384
10681,892,892,890,128,354,482,1374
10682,896,896,896,128,354,482,1378
10683,890,890,892,128,356,484,1374
10684,892,892,892,128,356,484,1376
10685,894,892,892,126,356,482,1376
10686,890,892,890,128,354,482,1372
10687,888,890,890,130,354,484,1372
10688,890,888,888,128,354,482,1372
10689,882,882,882,128,354,482,1364
10690,882,880,880,126,354,480,1362
10691,880,880,882,126,356,482,1362
10692,882,882,886,126,360,486,1368
10693,874,876,870,128,354,482,1356
10694,866,862,862,124,354,478,1344
10695,864,866,868,126,356,482,1346
10696,852,854,850,128,352,480,1332
10697,836,834,832,126,350,476,1312
10698,814,818,818,130,350,480,1294
10699,800,796,794,126,348,474,1274
10700,782,784,784,128,348,476,1258
10701,780,778,780,126,350,476,1256
10702,780,780,776,126,346,472,1252
10703,778,778,780,126,348,474,1252
10704,792,794,794,128,348,476,1268
10705,810,808,812,126,352,478,1288
10706,814,816,812,128,348,476,1290
10707,814,814,814,128,348,476,1290
10708,830,828,830,126,350,476,1306
10709,832,834,834,128,350,478,1310
10710,844,842,842,126,350,476,1320
10711,846,848,848,128,350,478,1324
10712,866,866,868,128,352,480,1346
10713,874,872,874,126,354,480,1354
10714,878,878,876,126,352,478,1356
10715,880,880,880,126,352,478,1358
10716,892,894,896,128,354,482,1374
10717,898,898,898,128,354,482,1380
10718,904,902,904,126,356,482,1386
10719,908,906,904,124,354,478,1386
10720,902,904,906,126,356,482,1384
10721,912,914,914,128,356,484,1396
10722,916,914,912,126,354,480,1396
10723,910,910,906,126,350,476,1386
10724,904,906,910,128,354,482,1386
10725,916,914,916,126,356,482,1398
10726,914,914,912,126,354,480,1394
10727,910,912,910,128,352,480,1390
10728,908,906,910,126,356,482,1390
10729,920,922,922,128,356,484,1404
10730,920,922,922,130,356,486,1406
10731,924,922,924,128,358,486,1410
10732,912,912,908,128,354,482,1394
10733,920,920,920,128,354,482,1402
10734,908,908,908,128,354,482,1390
10735,908,908,908,128,354,482,1390
10736,904,902,904,126,356,482,1386
10737,912,912,912,126,356,482,1394
10738,912,914,912,128,354,482,1394
10739,916,918,918,130,354,484,1400
10740,914,912,912,128,354,482,1396
10741,928,928,932,128,358,486,1414
10742,930,928,928,126,358,484,1414
10743,924,926,926,128,358,486,1410
10744,922,922,920,128,356,484,1406
10745,912,912,912,128,356,484,1396
10746,916,916,916,128,356,484,1400
10747,916,916,918,128,358,486,1402
10748,914,914,912,128,356,484,1398
10749,908,910,908,130,354,484,1392
10750,918,916,918,128,356,484,1402
10751,914,916,916,130,356,486,1400
10752,918,916,914,128,354,482,1400
10753,910,912,912,130,354,484,1394
10754,920,920,922,130,356,486,1406
10755,922,920,922,128,358,486,1408
10756,920,922,920,130,356,486,1406
10757,914,914,914,130,356,486,1400
10758,922,920,922,128,358,486,1408
10759,924,922,924,126,360,486,1410
10760,916,916,916,126,360,486,1402
10761,914,916,914,128,358,486,1400
10762,912,912,910,128,356,484,1396
10763,910,910,914,128,360,488,1398
10764,910,908,906,126,358,484,1394
10765,904,906,906,128,358,486,1390
10766,904,902,900,126,356,482,1386
10767,912,912,912,126,356,482,1394
10768,910,912,914,128,358,486,1396
10769,912,910,908,126,356,482,1394
10770,898,898,896,126,354,480,1378
10771,902,902,906,126,358,484,1386
10772,900,902,902,128,358,486,1386
10773,902,900,898,126,356,482,1384
10774,898,898,898,126,356,482,1380
10775,904,906,908,128,358,486,1390
10776,906,906,906,128,358,486,1392
10777,908,908,908,128,358,486,1394
10778,902,902,898,128,354,482,1384
10779,910,910,914,128,358,486,1396
10780,910,910,910,128,358,486,1396
10781,908,908,908,128,358,486,1394
10782,906,906,904,128,356,484,1390
10783,916,916,918,128,358,486,1402
10784,910,908,908,126,358,484,1394
10785,912,912,912,126,358,484,1396
10786,902,904,904,128,358,486,1388
10787,910,910,912,128,360,488,1398
10788,912,912,910,128,358,486,1398
10789,912,910,912,126,360,486,1398
10790,908,910,908,128,358,486,1394
10791,904,902,904,126,360,486,1390
10792,912,914,912,128,358,486,1398
10793,908,908,910,128,360,488,1396
10794,910,910,904,128,354,482,1392
10795,906,906,908,128,356,484,1390
10796,914,912,914,126,358,484,1398
10797,910,912,910,128,356,484,1394
10798,916,916,920,128,360,488,1404
10799,912,912,910,128,358,486,1398
10800,918,920,920,130,358,488,1406
10801,924,924,926,130,360,490,1414
10802,930,928,928,128,360,488,1418
10803,924,922,920,126,358,484,1408
10804,924,926,928,128,360,488,1412
10805,926,926,926,128,360,488,1414
10806,926,926,928,128,362,490,1416
10807,914,912,910,126,360,486,1400
10808,912,914,914,128,360,488,1400
10809,912,912,914,128,362,490,1402
10810,914,914,910,128,358,486,1400
10811,906,904,904,126,358,484,1390
10812,912,914,914,128,358,486,1398
10813,902,902,904,128,360,488,1390
10814,892,892,888,128,356,484,1376
10815,888,888,890,128,358,486,1374
10816,886,886,886,128,358,486,1372
10817,886,884,886,126,360,486,1372
10818,884,886,884,128,358,486,1370
10819,888,886,888,126,360,486,1374
10820,888,892,888,130,356,486,1374
10821,898,896,900,128,360,488,1386
10822,888,888,888,128,360,488,1376
10823,898,896,894,126,358,484,1382
10824,894,896,898,128,360,488,1382
10825,898,898,898,128,360,488,1386
10826,894,894,892,128,358,486,1380
10827,892,890,890,126,358,484,1376
10828,896,898,898,128,358,486,1382
10829,894,896,896,130,358,488,1382
10830,896,894,892,128,356,484,1380
10831,886,886,890,128,360,488,1374
10832,900,902,898,130,356,486,1386
10833,896,896,900,130,360,490,1386
10834,902,900,896,128,356,484,1386
10835,896,894,896,126,358,484,1380
10836,908,910,910,128,358,486,1394
10837,912,912,914,128,360,488,1400
10838,916,918,916,130,358,488,1404
10839,918,916,918,128,360,488,1406
10840,926,928,928,130,360,490,1416
10841,930,928,928,128,360,488,1418
10842,932,932,934,128,362,490,1422
10843,926,924,924,126,362,488,1414
10844,928,930,930,128,362,490,1418
10845,932,932,932,128,362,490,1422
10846,930,928,928,126,362,488,1418
10847,910,910,908,126,360,486,1396
10848,912,914,914,128,360,488,1400
10849,916,916,916,128,360,488,1404
10850,914,914,914,128,360,488,1402
10851,916,916,914,128,358,486,1402
10852,908,906,908,126,360,486,1394
10853,928,930,930,128,360,488,1416
10854,926,926,926,128,360,488,1414
10855,930,932,932,130,360,490,1420
10856,922,922,920,130,358,488,1410
10857,932,930,936,128,364,492,1424
10858,932,934,932,130,362,492,1424
10859,942,942,940,130,360,490,1432
10860,934,932,936,128,364,492,1426
10861,946,946,944,128,362,490,1436
10862,940,940,944,128,366,494,1434
10863,936,938,932,130,360,490,1426
10864,928,926,928,128,362,490,1418
10865,932,932,934,128,364,492,1424
10866,924,924,924,128,364,492,1416
10867,922,924,922,130,362,492,1414
10868,910,908,906,128,360,488,1398
10869,916,918,920,130,362,492,1408
10870,912,912,910,130,360,490,1402
10871,906,904,904,128,360,488,1394
10872,906,906,906,128,360,488,1394
10873,916,918,920,130,362,492,1408
10874,920,920,918,130,360,490,1410
10875,920,920,924,130,364,494,1414
10876,916,914,910,128,360,488,1404
10877,916,918,918,130,360,490,1406
10878,918,916,916,128,360,488,1406
10879,916,916,920,128,364,492,1408
10880,912,912,906,128,358,486,1398
10881,906,906,908,128,360,488,1394
10882,916,916,916,128,360,488,1404
10883,910,912,914,130,362,492,1402
10884,910,910,908,130,360,490,1400
10885,900,896,896,126,360,486,1386
10886,910,912,912,128,360,488,1398
10887,906,908,906,130,358,488,1394
10888,900,900,902,130,360,490,1390
10889,904,902,904,128,362,490,1394
10890,904,904,902,128,360,488,1392
10891,910,912,912,130,360,490,1400
10892,914,912,912,128,360,488,1402
10893,908,910,908,130,358,488,1396
10894,902,896,900,124,362,486,1388
10895,896,898,894,126,358,484,1380
10896,896,900,898,130,356,486,1382
10897,888,886,892,128,362,490,1378
10898,880,880,878,128,360,488,1368
10899,880,880,876,128,356,484,1364
10900,882,882,884,128,358,486,1368
10901,884,884,884,128,358,486,1370
10902,892,894,894,130,358,488,1380
10903,898,896,894,128,356,484,1382
10904,900,900,902,128,358,486,1386
10905,908,910,910,130,358,488,1396
10906,916,912,916,126,362,488,1404
10907,918,920,916,128,358,486,1404
10908,914,912,914,126,360,486,1400
10909,922,924,926,128,362,490,1412
10910,914,914,912,128,360,488,1402
10911,910,912,914,130,362,492,1402
10912,912,910,908,128,360,488,1400
10913,910,912,910,130,358,488,1398
10914,914,912,914,128,360,488,1402
10915,910,910,912,128,362,490,1400
10916,910,910,908,128,360,488,1398
10917,912,912,914,128,362,490,1402
10918,920,922,922,130,362,492,1412
10919,918,918,918,130,362,492,1410
10920,918,916,916,128,362,490,1408
10921,912,912,910,128,360,488,1400
10922,914,914,912,128,358,486,1400
10923,910,910,912,128,360,488,1398
10924,908,910,910,130,360,490,1398
10925,908,906,904,128,358,486,1394
10926,910,910,908,128,356,484,1394
10927,926,926,930,128,360,488,1414
10928,930,930,930,128,360,488,1418
10929,930,932,932,130,360,490,1420
10930,932,932,930,130,358,488,1420
10931,940,936,938,126,360,486,1426
10932,946,948,952,128,364,492,1438
10933,944,946,944,130,362,492,1436
10934,946,944,946,128,364,492,1438
10935,938,938,934,128,360,488,1426
10936,944,942,946,126,364,490,1434
10937,940,942,944,128,366,494,1434
10938,936,936,932,128,362,490,1426
10939,932,932,932,128,362,490,1422
10940,932,934,936,130,364,494,1426
10941,934,932,932,128,364,492,1426
10942,926,928,924,130,360,490,1416
10943,918,916,918,128,362,490,1408
10944,922,922,924,128,364,492,1414
10945,922,922,922,128,364,492,1414
10946,922,924,922,130,362,492,1414
10947,914,912,910,128,360,488,1402
10948,922,922,924,128,362,490,1412
10949,924,926,924,130,360,490,1414
10950,924,922,922,128,360,488,1412
10951,910,910,908,128,358,486,1396
10952,918,918,924,128,364,492,1410
10953,918,918,914,128,360,488,1406
10954,916,916,920,128,364,492,1408
10955,912,912,908,128,360,488,1400
10956,912,912,912,128,360,488,1400
10957,918,916,916,126,360,486,1404
10958,912,916,916,130,360,490,1402
10959,916,914,912,128,358,486,1402
10960,910,910,910,128,358,486,1396
10961,924,924,926,128,360,488,1412
10962,920,922,922,130,360,490,1410
10963,926,924,926,128,362,490,1416
10964,922,922,920,128,360,488,1410
10965,930,930,932,128,362,490,1420
10966,930,930,930,128,362,490,1420
10967,930,928,928,126,362,488,1418
10968,924,924,924,126,362,488,1412
10969,920,920,918,126,360,486,1406
10970,924,924,926,126,362,488,1412
10971,920,922,920,128,360,488,1408
10972,918,918,922,128,364,492,1410
10973,918,918,914,128,360,488,1406
10974,926,926,926,128,360,488,1414
10975,924,924,924,128,360,488,1412
10976,922,922,922,128,360,488,1410
10977,916,914,914,126,360,486,1402
10978,920,922,922,128,360,488,1408
10979,926,926,930,128,364,492,1418
10980,930,928,924,126,360,486,1416
10981,916,918,918,128,360,488,1404
10982,922,922,924,128,362,490,1412
10983,924,924,926,128,364,492,1416
10984,918,916,912,126,360,486,1404
10985,910,910,910,126,360,486,1396
10986,920,922,922,128,360,488,1408
10987,916,916,918,128,362,490,1406
10988,916,916,910,128,356,484,1400
10989,902,902,904,128,358,486,1388
10990,914,912,914,126,360,486,1400
10991,902,904,906,128,362,490,1392
10992,896,896,890,128,356,484,1380
10993,890,888,890,126,358,484,1374
10994,894,896,898,128,360,488,1382
10995,898,900,902,130,362,492,1390
10996,902,900,898,128,360,488,1390
10997,896,898,896,130,358,488,1384
10998,904,904,904,130,358,488,1392
10999,906,904,908,128,362,490,1396
11000,904,904,904,128,362,490,1394
11001,902,904,898,130,356,486,1388
11002,912,912,916,130,360,490,1402
11003,912,910,912,128,362,490,1402
11004,912,912,908,128,358,486,1398
11005,906,904,906,126,360,486,1392
11006,912,912,916,126,364,490,1402
11007,908,910,908,128,362,490,1398
11008,904,904,904,128,362,490,1394
11009,904,904,900,128,358,486,1390
11010,912,912,916,128,362,490,1402
11011,916,916,918,128,364,492,1408
11012,916,914,908,126,358,484,1400
11013,908,912,910,130,356,486,1394
11014,920,920,926,130,362,492,1412
11015,920,920,918,130,360,490,1410
11016,914,912,912,128,360,488,1402
11017,914,914,912,128,358,486,1400
11018,928,928,930,128,360,488,1416
11019,928,928,928,128,360,488,1416
11020,928,930,930,130,360,490,1418
11021,932,932,930,130,358,488,1420
11022,942,940,946,128,364,492,1434
11023,950,948,948,126,364,490,1440
11024,944,946,944,128,362,490,1434
11025,942,944,944,130,362,492,1434
11026,942,940,942,128,364,492,1434
11027,942,944,942,130,362,492,1434
11028,932,928,930,126,364,490,1422
11029,930,934,934,130,364,494,1424
11030,934,934,932,130,362,492,1426
11031,934,932,936,128,366,494,1428
11032,934,934,934,128,366,494,1428
11033,932,932,928,128,362,490,1422
11034,940,938,940,126,364,490,1430
11035,938,940,938,128,362,490,1428
11036,928,928,926,128,360,488,1416
11037,928,928,932,128,364,492,1420
11038,936,936,934,128,362,490,1426
11039,934,934,936,128,364,492,1426
11040,930,930,930,128,364,492,1422
11041,924,926,922,130,360,490,1414
11042,930,928,932,128,364,492,1422
11043,928,928,926,128,362,490,1418
11044,928,928,928,128,362,490,1418
11045,912,912,910,128,360,488,1400
11046,926,926,926,128,360,488,1414
11047,922,922,924,128,362,490,1412
11048,924,924,924,128,362,490,1414
11049,918,918,918,128,362,490,1408
11050,926,926,924,128,360,488,1414
11051,922,922,924,128,362,490,1412
11052,926,928,928,130,362,492,1418
11053,914,912,908,128,358,486,1400
11054,914,914,916,128,360,488,1402
11055,916,918,918,130,360,490,1406
11056,912,912,912,130,360,490,1402
11057,912,912,912,130,360,490,1402
11058,910,908,908,128,360,488,1398
11059,920,920,920,128,360,488,1408
11060,918,918,920,128,362,490,1408
11061,918,920,922,130,364,494,1412
11062,920,916,912,126,360,486,1406
11063,926,928,930,128,362,490,1416
11064,920,922,920,130,360,490,1410
11065,924,924,928,130,364,494,1418
11066,918,916,914,128,362,490,1408
11067,930,930,930,128,362,490,1420
11068,930,932,934,130,364,494,1424
11069,932,932,930,130,362,492,1424
11070,928,928,926,130,360,490,1418
11071,928,926,928,128,362,490,1418
11072,932,934,936,130,364,494,1426
11073,932,928,930,126,366,492,1424
11074,926,928,928,128,366,494,1420
11075,920,922,918,130,362,492,1412
11076,928,926,928,128,364,492,1420
11077,932,932,934,128,366,494,1426
11078,932,932,930,128,364,492,1424
11079,932,932,930,128,362,490,1422
11080,920,918,922,126,366,492,1412
11081,930,932,930,128,364,492,1422
11082,928,928,928,128,364,492,1420
11083,934,934,936,128,366,494,1428
11084,928,928,924,128,362,490,1418
11085,940,940,942,128,364,492,1432
11086,938,938,938,128,364,492,1430
11087,940,940,940,128,364,492,1432
11088,934,936,932,130,360,490,1424
11089,942,940,944,128,364,492,1434
11090,940,940,940,128,364,492,1432
11091,946,948,946,130,362,492,1438
11092,936,932,932,126,362,488,1424
11093,942,946,948,130,364,494,1436
11094,946,944,948,128,368,496,1442
11095,948,950,946,130,364,494,1442
11096,942,938,938,126,364,490,1432
11097,934,936,938,128,366,494,1428
11098,942,944,942,130,364,494,1436
11099,934,934,936,130,366,496,1430
11100,928,926,922,128,362,490,1418
11101,920,922,920,130,360,490,1410
11102,922,922,922,130,360,490,1412
11103,918,918,922,130,364,494,1412
11104,914,912,912,128,364,492,1406
11105,908,908,906,128,362,490,1398
11106,918,918,918,128,362,490,1408
11107,910,910,910,128,362,490,1400
11108,908,908,910,128,364,492,1400
11109,902,902,898,128,360,488,1390
11110,906,908,910,130,362,492,1398
11111,898,896,896,128,362,490,1388
11112,900,900,898,128,360,488,1388
11113,894,894,894,128,360,488,1382
11114,894,894,894,128,360,488,1382
11115,892,894,896,130,362,492,1384
11116,890,890,890,130,362,492,1382
11117,888,886,882,128,358,486,1374
11118,886,886,886,128,358,486,1372
11119,890,890,892,128,360,488,1378
11120,892,892,894,128,362,490,1382
11121,894,894,888,128,356,484,1378
11122,892,890,892,126,358,484,1376
11123,906,910,908,130,356,486,1392
11124,908,908,914,130,362,492,1400
11125,908,906,900,128,356,484,1392
11126,906,908,908,130,356,486,1392
11127,922,920,926,128,362,490,1412
11128,918,920,920,130,362,492,1410
11129,924,922,920,128,360,488,1412
11130,918,916,916,126,360,486,1404
11131,928,930,932,128,362,490,1418
11132,926,926,924,128,360,488,1414
11133,922,924,924,130,360,490,1412
11134,920,920,916,130,356,486,1406
11135,922,920,924,128,360,488,1410
11136,920,922,922,130,360,490,1410
11137,916,914,914,128,360,488,1404
11138,910,910,906,128,356,484,1394
11139,912,912,916,128,360,488,1400
11140,914,912,912,126,360,486,1400
11141,906,910,910,130,360,490,1396
11142,904,902,900,128,358,486,1390
11143,906,906,908,128,360,488,1394
11144,910,910,910,128,360,488,1398
11145,910,910,910,128,360,488,1398
11146,906,908,904,130,356,486,1392
11147,912,910,912,128,358,486,1398
11148,916,918,920,130,360,490,1406
11149,920,920,920,130,360,490,1410
11150,918,916,914,128,358,486,1404
11151,916,912,914,124,360,484,1400
11152,920,922,922,126,360,486,1406
11153,910,912,910,128,358,486,1396
11154,910,910,910,128,358,486,1396
11155,904,902,902,126,358,484,1388
11156,902,904,904,128,358,486,1388
11157,900,902,902,130,358,488,1388
11158,902,902,900,130,356,486,1388
11159,900,898,898,128,356,484,1384
11160,902,902,902,128,356,484,1386
11161,908,908,912,128,360,488,1396
11162,910,910,908,128,358,486,1396
11163,906,906,902,128,354,482,1388
11164,908,906,910,126,358,484,1392
11165,914,916,916,128,358,486,1400
11166,916,918,918,130,358,488,1404
11167,918,916,914,128,356,484,1402
11168,910,910,910,128,356,484,1394
11169,924,922,924,126,358,484,1408
11170,924,928,928,130,358,488,1412
11171,928,926,924,128,356,484,1412
11172,928,928,930,128,358,486,1414
11173,934,932,932,126,358,484,1418
11174,926,930,926,130,354,484,1410
11175,924,922,926,128,358,486,1410
11176,918,918,918,128,358,486,1404
11177,926,926,924,128,356,484,1410
11178,922,924,926,130,358,488,1410
11179,920,920,918,130,356,486,1406
11180,918,918,918,130,356,486,1404
11181,924,922,926,128,360,488,1412
11182,916,916,914,128,358,486,1402
11183,914,914,912,128,356,484,1398
11184,904,904,904,128,356,484,1388
11185,910,908,910,126,358,484,1394
11186,904,906,906,128,358,486,1390
11187,900,902,898,130,354,484,1384
11188,904,902,902,128,354,482,1386
11189,898,898,898,128,354,482,1380
11190,906,906,908,128,356,484,1390
11191,900,902,902,130,356,486,1386
11192,900,900,900,130,356,486,1386
11193,904,902,900,128,354,482,1386
11194,906,908,908,130,354,484,1390
11195,922,920,922,128,356,484,1406
11196,914,916,918,130,358,488,1402
11197,922,920,920,128,358,486,1408
11198,914,914,910,128,354,482,1396
11199,928,930,932,130,356,486,1414
11200,922,922,922,130,356,486,1408
11201,920,918,918,128,356,484,1404
11202,914,916,914,130,354,484,1398
11203,922,922,924,130,356,486,1408
11204,918,916,920,128,360,488,1406
11205,918,922,916,129,354,486,1404
11206,918,916,916,130,354,484,1402
11207,930,928,930,128,356,484,1414
11208,926,924,926,126,358,484,1410
11209,930,932,932,128,358,486,1416
11210,930,932,930,130,356,486,1416
11211,926,924,924,128,356,484,1410
11212,932,932,932,128,356,484,1416
11213,922,924,924,130,356,486,1408
11214,932,930,934,128,360,488,1420
11215,930,926,924,124,358,482,1412
11216,928,932,930,128,356,484,1412
11217,928,928,932,128,360,488,1416
11218,926,928,922,130,354,484,1410
11219,926,924,926,128,356,484,1410
11220,920,920,918,128,354,482,1402
11221,930,930,936,128,360,488,1418
11222,924,926,922,130,356,486,1410
11223,928,924,926,126,358,484,1412
11224,914,916,914,128,356,484,1398
11225,922,922,924,128,358,486,1408
11226,924,926,922,130,354,484,1408
11227,930,930,934,130,358,488,1418
11228,924,922,922,128,358,486,1410
11229,932,932,932,128,358,486,1418
11230,934,934,936,128,360,488,1422
11231,930,928,928,126,360,486,1416
11232,924,926,922,128,356,484,1408
11233,916,916,916,128,356,484,1400
11234,924,924,924,128,356,484,1408
11235,920,920,920,128,356,484,1404
11236,918,920,922,130,358,488,1406
11237,910,910,908,130,356,486,1396
11238,916,916,914,130,354,484,1400
11239,916,916,918,130,356,486,1402
11240,914,914,916,130,358,488,1402
11241,914,912,910,128,356,484,1398
11242,914,914,914,128,356,484,1398
11243,926,928,928,130,356,486,1412
11244,922,922,922,130,356,486,1408
11245,922,920,920,128,356,484,1406
11246,920,918,918,126,356,482,1402
11247,926,928,930,128,358,486,1412
11248,930,930,932,128,360,488,1418
11249,936,938,936,130,358,488,1424
11250,928,926,926,128,358,486,1414
11251,940,940,942,128,360,488,1428
11252,934,934,934,128,360,488,1422
11253,932,932,930,128,358,486,1418
11254,924,924,924,128,358,486,1410
11255,932,932,934,128,360,488,1420
11256,928,928,926,128,358,486,1414
11257,930,928,930,126,360,486,1416
11258,922,922,920,126,358,484,1406
11259,920,922,924,128,360,488,1408
11260,926,926,924,128,358,486,1412
11261,920,920,922,128,360,488,1408
11262,916,914,910,126,356,482,1398
11263,902,902,902,126,356,482,1384
11264,910,910,912,126,358,484,1394
11265,904,906,906,128,358,486,1390
11266,906,906,902,128,354,482,1388
11267,906,904,904,126,354,480,1386
11268,910,912,916,128,358,486,1396
11269,910,910,908,128,356,484,1394
11270,912,912,912,128,356,484,1396
11271,908,908,906,128,354,482,1390
11272,920,920,922,128,356,484,1404
11273,926,924,924,126,356,482,1408
11274,928,932,930,130,354,484,1412
11275,926,926,926,130,354,484,1410
11276,936,934,938,128,358,486,1422
11277,938,940,938,130,356,486,1424
11278,942,940,944,128,360,488,1430
11279,934,936,932,130,356,486,1420
11280,934,930,932,126,358,484,1418
11281,940,940,942,126,360,486,1426
11282,932,936,934,130,358,488,1420
11283,930,928,928,128,358,486,1416
11284,926,924,926,126,360,486,1412
11285,914,916,914,128,358,486,1400
11286,904,904,902,128,356,484,1388
11287,912,912,912,128,356,484,1396
11288,908,908,910,128,358,486,1394
11289,910,910,912,128,360,488,1398
11290,910,912,906,130,354,484,1394
11291,910,908,910,128,356,484,1394
11292,916,914,916,126,358,484,1400
11293,910,914,912,130,356,486,1396
11294,916,914,916,128,358,486,1402
11295,908,910,906,130,354,484,1392
11296,916,912,914,126,356,482,1398
11297,920,922,922,128,356,484,1404
11298,912,910,912,126,358,484,1396
11299,906,908,906,128,356,484,1390
11300,908,908,906,128,354,482,1390
11301,898,896,896,126,354,480,1378
11302,898,898,898,126,354,480,1378
11303,892,894,892,128,352,480,1372
11304,898,896,896,126,352,478,1376
11305,900,900,902,126,354,480,1380
11306,914,920,918,128,352,484,1398
11307,932,930,930,130,352,482,1414
11308,942,940,942,128,354,482,1424
11309,966,966,968,128,356,484,1450
11310,982,986,988,128,358,490,1472
11311,984,980,980,128,358,486,1470
11312,984,984,986,128,360,488,1472
11313,996,996,996,128,360,488,1484
11314,992,992,994,128,362,490,1482
11315,986,984,982,126,360,486,1472
11316,962,966,964,130,358,488,1450
11317,964,962,968,128,364,492,1456
11318,962,962,960,128,362,490,1452
11319,954,954,948,128,356,484,1438
11320,942,940,942,126,358,484,1426
11321,876,874,872,124,356,480,1356
11322,938,940,944,126,360,486,1424
11323,932,932,932,126,360,486,1418
11324,896,900,898,130,358,488,1384
11325,886,882,882,126,358,484,1370
11326,864,866,866,128,358,486,1350
11327,852,852,850,128,356,484,1336
11328,850,850,850,128,356,484,1334
11329,838,838,838,128,356,484,1322
11330,842,842,840,128,354,482,1324
11331,836,836,838,128,356,484,1320
11332,766,842,842,127,356,484,1326
11333,924,846,848,126,358,484,1408
11334,846,846,844,126,356,482,1328
11335,844,844,842,126,354,480,1324
11336,846,848,848,128,354,482,1328
11337,842,840,840,126,354,480,1322
11338,840,844,842,130,352,482,1322
11339,842,840,842,128,354,482,1324
11340,844,844,844,128,354,482,1326
11341,846,846,846,128,354,482,1328
11342,848,848,846,128,352,480,1328
11343,850,850,850,128,352,480,1330
11344,850,850,850,128,352,480,1330
11345,860,862,862,130,352,482,1342
11346,862,860,858,128,350,478,1340
11347,866,866,868,128,352,480,1346
11348,866,868,870,130,354,484,1350
11349,870,872,868,130,350,482,1352
11350,880,878,880,130,352,482,1362
11351,880,880,880,130,352,482,1362
11352,888,888,890,130,354,484,1372
11353,884,886,882,129,350,482,1366
11354,898,894,896,128,352,480,1378
11355,890,892,892,130,352,482,1372
11356,892,892,894,130,354,484,1376
11357,886,886,884,130,352,482,1368
11358,888,888,890,130,354,484,1372
11359,894,894,892,130,352,482,1376
11360,890,888,890,128,354,482,1372
11361,888,890,886,130,350,480,1368
11362,884,884,884,130,350,480,1364
11363,890,890,890,130,350,480,1370
11364,886,886,888,130,352,482,1368
11365,890,890,890,130,352,482,1372
11366,886,884,884,128,352,480,1366
11367,892,894,894,130,352,482,1374
11368,892,892,890,130,350,480,1372
11369,892,892,894,130,352,482,1374
11370,882,882,882,130,352,482,1364
11371,896,894,896,128,354,482,1378
11372,896,898,896,130,352,482,1378
11373,900,902,900,129,350,482,1382
11374,900,896,900,128,354,482,1382
11375,898,900,900,130,354,484,1382
11376,894,894,894,130,354,484,1378
11377,888,888,886,130,352,482,1370
11378,880,878,876,128,350,478,1358
11379,888,888,890,128,352,480,1368
11380,886,888,888,130,352,482,1368
11381,896,896,894,130,350,480,1376
11382,888,890,888,129,348,480,1368
11383,904,900,904,128,352,480,1384
11384,876,878,876,130,350,480,1356
11385,870,870,870,130,350,480,1350
11386,880,878,876,128,348,476,1356
11387,860,858,860,126,350,476,1336
11388,866,870,870,130,350,480,1346
11389,866,866,866,130,350,480,1346
11390,870,870,870,130,350,480,1350
11391,870,870,868,130,348,478,1348
11392,878,876,878,128,350,478,1356
11393,870,870,872,128,352,480,1350
11394,866,866,866,128,352,480,1346
11395,848,850,846,130,348,478,1326
11396,850,850,850,130,348,478,1328
11397,846,844,846,128,350,478,1324
11398,844,844,842,128,348,476,1320
11399,840,840,840,128,348,476,1316
11400,846,848,850,130,350,480,1326
11401,846,846,844,130,348,478,1324
11402,854,856,858,130,350,482,1336
11403,860,858,856,130,348,478,1338
11404,872,872,876,130,352,482,1354
11405,876,876,876,130,352,482,1358
11406,882,882,882,130,352,482,1364
11407,886,884,884,128,352,480,1366
11408,894,894,898,128,356,484,1378
11409,900,900,900,128,356,484,1384
11410,902,906,904,128,354,486,1388
11411,910,906,908,128,356,484,1394
11412,900,900,898,128,354,482,1382
11413,912,912,912,128,354,482,1394
11414,910,910,908,128,352,480,1390
11415,914,916,916,130,352,482,1396
11416,912,912,914,130,354,484,1396
11417,918,916,914,128,352,480,1398
11418,922,922,924,128,354,482,1404
11419,926,928,928,130,354,484,1410
11420,934,932,930,128,352,480,1414
11421,924,924,926,128,354,482,1406
11422,934,934,936,128,356,484,1418
11423,932,932,932,128,356,484,1416
11424,934,934,930,128,352,480,1414
11425,928,928,930,128,354,482,1410
11426,938,938,938,128,354,482,1420
11427,930,930,930,128,354,482,1412
11428,934,936,934,130,352,482,1416
11429,924,922,922,128,352,480,1404
11430,914,916,914,130,350,480,1394
11431,916,914,916,128,352,480,1396
11432,910,910,910,128,352,480,1390
11433,902,904,902,130,350,480,1382
11434,906,906,908,130,352,482,1388
11435,910,908,908,128,352,480,1390
11436,906,908,908,130,352,482,1388
11437,914,912,914,128,354,482,1396
11438,920,922,918,130,350,480,1400
11439,928,928,930,130,352,482,1410
11440,924,922,924,128,354,482,1406
11441,934,934,934,128,354,482,1416
11442,938,938,938,128,354,482,1420
11443,940,940,942,128,356,484,1424
11444,938,938,936,128,354,482,1420
11445,944,944,946,128,356,484,1428
11446,942,940,944,126,360,486,1428
11447,946,946,946,126,360,486,1432
11448,934,938,932,130,354,484,1418
11449,932,928,932,126,358,484,1416
11450,934,936,936,128,358,486,1420
11451,934,934,934,128,358,486,1420
11452,934,934,932,128,356,484,1418
11453,922,922,920,128,354,482,1404
11454,932,930,932,126,356,482,1414
11455,924,928,928,130,356,486,1410
11456,932,930,928,128,354,482,1414
11457,926,924,926,126,356,482,1408
11458,932,934,936,128,358,486,1418
11459,932,934,932,130,356,486,1418
11460,934,932,934,128,358,486,1420
11461,930,928,928,126,358,484,1414
11462,936,940,940,130,358,488,1424
11463,934,932,932,128,358,486,1420
11464,932,928,928,124,358,482,1414
11465,912,916,914,128,356,484,1396
11466,920,922,920,130,354,484,1404
11467,920,918,920,128,356,484,1404
11468,924,922,922,126,356,482,1406
11469,914,916,914,128,354,482,1396
11470,926,926,930,128,358,486,1412
11471,926,928,926,130,356,486,1412
11472,930,930,928,130,354,484,1414
11473,922,922,924,130,356,486,1408
11474,936,932,934,126,358,484,1420
11475,932,934,934,128,358,486,1418
11476,936,934,934,126,358,484,1420
11477,926,928,928,128,358,486,1412
11478,932,932,930,128,356,484,1416
11479,930,928,932,126,360,486,1416
11480,926,928,926,128,358,486,1412
11481,926,926,926,128,358,486,1412
11482,932,932,934,128,360,488,1420
11483,934,934,934,128,360,488,1422
11484,934,934,930,128,356,484,1418
11485,924,924,926,128,358,486,1410
11486,930,928,930,126,360,486,1416
11487,924,924,924,126,360,486,1410
11488,924,926,926,128,360,488,1412
11489,918,918,916,128,358,486,1404
11490,924,922,926,126,362,488,1412
11491,918,920,916,128,358,486,1404
11492,920,918,920,126,360,486,1406
11493,916,918,916,128,358,486,1402
11494,920,920,920,128,358,486,1406
11495,922,924,924,130,358,488,1410
11496,930,928,930,128,360,488,1418
11497,930,932,930,130,358,488,1418
11498,930,928,928,128,358,486,1416
11499,936,938,938,130,358,488,1424
11500,938,936,940,128,362,490,1428
11501,940,938,936,126,360,486,1426
11502,930,932,928,128,356,484,1414
11503,938,938,942,128,360,488,1426
11504,940,940,940,128,360,488,1428
11505,944,944,942,128,358,486,1430
11506,934,934,934,128,358,486,1420
11507,940,940,940,128,358,486,1426
11508,938,938,940,128,360,488,1426
11509,936,934,936,126,362,488,1424
11510,922,924,922,128,360,488,1410
11511,928,930,930,130,360,490,1418
11512,924,922,922,128,360,488,1412
11513,922,924,924,130,360,490,1412
11514,920,916,916,126,360,486,1406
11515,912,912,910,126,358,484,1396
11516,914,916,918,128,360,488,1402
11517,910,910,910,128,360,488,1398
11518,914,914,912,128,358,486,1400
11519,912,910,910,126,358,484,1396
11520,922,922,924,126,360,486,1408
11521,928,930,930,128,360,488,1416
11522,930,930,930,128,360,488,1418
11523,928,928,926,128,358,486,1414
11524,938,938,940,128,360,488,1426
11525,942,940,942,126,362,488,1430
11526,940,940,940,126,362,488,1428
11527,932,932,930,126,360,486,1418
11528,940,940,940,126,360,486,1426
11529,932,934,934,128,360,488,1420
11530,934,934,934,128,360,488,1422
11531,934,932,934,126,362,488,1422
11532,918,920,918,128,360,488,1406
11533,930,928,928,126,360,486,1416
11534,916,918,918,128,360,488,1404
11535,920,922,922,130,360,490,1410
11536,916,914,914,128,360,488,1404
11537,916,914,914,126,360,486,1402
11538,920,922,922,128,360,488,1408
11539,920,920,918,128,358,486,1406
11540,916,914,916,126,360,486,1402
11541,906,908,908,128,360,488,1394
11542,914,912,912,126,360,486,1400
11543,910,912,910,128,358,486,1396
11544,912,912,914,128,360,488,1400
11545,906,906,904,128,358,486,1392
11546,920,920,920,128,358,486,1406
11547,910,910,912,128,360,488,1398
11548,910,908,908,126,360,486,1396
11549,896,898,896,128,358,486,1382
11550,906,902,904,124,360,484,1390
11551,896,900,898,128,358,486,1382
11552,896,896,896,128,358,486,1382
11553,892,894,890,130,354,484,1376
11554,902,900,902,128,356,484,1386
11555,912,910,910,126,356,482,1394
11556,916,920,922,130,358,488,1404
11557,920,920,916,130,354,484,1404
11558,920,920,922,130,356,486,1406
11559,928,924,928,126,360,486,1414
11560,930,932,932,128,360,488,1418
11561,930,930,930,128,360,488,1418
11562,920,920,918,128,358,486,1406
11563,926,924,924,126,358,484,1410
11564,920,920,922,126,360,486,1406
11565,922,924,926,128,362,490,1412
11566,918,918,914,128,358,486,1404
11567,920,920,922,128,360,488,1408
11568,928,928,928,128,360,488,1416
11569,928,930,930,130,360,490,1418
11570,932,930,928,128,358,486,1418
11571,920,918,920,126,360,486,1406
11572,928,930,930,128,360,488,1416
11573,924,926,924,130,358,488,1412
11574,922,920,920,128,358,486,1408
11575,918,918,920,128,360,488,1406
11576,928,928,926,128,358,486,1414
11577,924,924,924,128,358,486,1410
11578,914,914,914,128,358,486,1400
11579,914,916,916,130,358,488,1402
11580,918,916,918,128,360,488,1406
11581,916,918,916,130,358,488,1404
11582,918,916,916,128,358,486,1404
11583,924,926,926,130,358,488,1412
11584,926,924,926,128,360,488,1414
11585,928,930,930,130,360,490,1418
11586,924,922,920,128,358,486,1410
11587,926,926,928,128,360,488,1414
11588,928,928,926,128,358,486,1414
11589,926,926,926,128,358,486,1412
11590,922,922,924,128,360,488,1410
11591,914,914,910,128,356,484,1398
11592,922,922,924,128,358,486,1408
11593,920,922,918,130,354,484,1404
11594,924,922,926,128,358,486,1410
11595,918,918,916,128,356,484,1402
11596,930,928,932,126,360,486,1416
11597,936,938,936,128,358,486,1422
11598,942,940,944,126,362,488,1430
11599,936,936,932,126,358,484,1420
11600,944,946,946,128,358,486,1430
11601,944,946,946,130,358,488,1432
11602,950,948,950,128,360,488,1438
11603,942,942,940,128,358,486,1428
11604,936,936,934,128,356,484,1420
11605,940,940,946,128,362,490,1430
11606,940,940,938,128,360,488,1428
11607,938,936,934,126,358,484,1422
11608,932,934,934,128,358,486,1418
11609,932,934,936,130,360,490,1422
11610,942,938,940,126,362,488,1430
11611,940,942,940,128,360,488,1428
11612,928,926,926,126,360,486,1414
11613,936,938,940,128,362,490,1426
11614,936,938,936,130,360,490,1426
11615,940,938,938,128,360,488,1428
11616,932,930,930,126,360,486,1418
11617,936,934,936,124,362,486,1422
11618,930,934,930,128,358,486,1416
11619,932,932,932,128,358,486,1418
11620,928,928,930,128,360,488,1416
11621,924,924,924,128,360,488,1412
11622,930,930,932,128,362,490,1420
11623,924,926,924,130,360,490,1414
11624,922,920,920,128,360,488,1410
11625,916,916,914,128,358,486,1402
11626,916,916,918,128,360,488,1404
11627,918,918,920,128,362,490,1408
11628,914,912,910,126,360,486,1400
11629,906,906,904,126,358,484,1390
11630,908,910,912,128,360,488,1396
11631,906,906,906,128,360,488,1394
11632,908,910,908,130,358,488,1396
11633,902,900,900,128,358,486,1388
11634,910,912,910,130,356,486,1396
11635,906,906,910,130,360,490,1396
11636,918,916,916,128,360,488,1406
11637,910,910,908,128,358,486,1396
11638,916,916,914,128,356,484,1400
11639,916,918,918,130,356,486,1402
11640,914,912,916,128,360,488,1402
11641,918,918,916,128,358,486,1404
11642,910,912,910,130,356,486,1396
11643,920,918,920,128,358,486,1406
11644,914,916,914,130,356,486,1400
11645,920,916,918,126,358,484,1404
11646,902,904,904,128,358,486,1388
11647,916,916,912,128,354,482,1398
11648,908,906,912,126,360,486,1394
11649,906,910,908,130,358,488,1394
11650,906,906,902,130,354,484,1390
11651,918,916,918,128,356,484,1402
11652,914,916,918,130,358,488,1402
11653,914,912,912,128,358,486,1400
11654,912,912,912,128,358,486,1398
11655,922,922,922,128,358,486,1408
11656,924,926,926,130,358,488,1412
11657,924,924,924,130,358,488,1412
11658,918,916,914,128,356,484,1402
11659,914,916,916,130,356,486,1400
11660,916,914,916,128,358,486,1402
11661,910,910,910,128,358,486,1396
11662,910,910,910,128,358,486,1396
11663,906,906,904,128,356,484,1390
11664,910,910,912,128,358,486,1396
11665,914,912,912,126,358,484,1398
11666,914,918,916,130,356,486,1400
11667,906,904,902,128,354,482,1388
11668,916,916,918,128,356,484,1400
11669,916,918,916,130,354,484,1400
11670,914,912,914,128,356,484,1398
11671,916,916,918,128,358,486,1402
11672,920,922,922,130,358,488,1408
11673,926,924,926,128,360,488,1414
11674,922,924,918,130,354,484,1406
11675,920,918,920,128,356,484,1404
11676,928,928,928,128,356,484,1412
11677,928,930,932,130,358,488,1416
11678,932,932,932,130,358,488,1420
11679,928,926,922,128,354,482,1410
11680,930,928,934,126,360,486,1416
11681,928,930,928,128,358,486,1414
11682,932,930,928,126,356,482,1414
11683,920,922,924,128,358,486,1406
11684,928,928,926,128,356,484,1412
11685,926,926,928,128,358,486,1412
11686,922,924,920,130,354,484,1406
11687,918,916,918,128,356,484,1402
11688,910,908,910,126,358,484,1394
11689,912,912,912,126,358,484,1396
11690,918,918,914,126,354,480,1398
11691,920,924,926,130,356,486,1406