representacion,shuffle,m,mPE_null
alturas_MIDI,1,2,0.8084706055682882
alturas_MIDI,1,3,2.067361185635844
alturas_MIDI,1,4,3.571998649628057
alturas_MIDI,1,5,5.0000723652643435
alturas_MIDI,1,6,5.733966942199488
alturas_MIDI,1,7,5.853632570070249
alturas_MIDI,2,2,0.7741295605739925
alturas_MIDI,2,3,1.9989239785783206
alturas_MIDI,2,4,3.4771118633801277
alturas_MIDI,2,5,4.9014639955767265
alturas_MIDI,2,6,5.661685261314708
alturas_MIDI,2,7,5.837968227006747
alturas_MIDI,3,2,0.800945219665376
alturas_MIDI,3,3,2.026997854995878
alturas_MIDI,3,4,3.5321803464238246
alturas_MIDI,3,5,4.967356032761256
alturas_MIDI,3,6,5.661685261314709
alturas_MIDI,3,7,5.841884312772624
alturas_MIDI,4,2,0.7737968018899761
alturas_MIDI,4,3,2.014691982300271
alturas_MIDI,4,4,3.5031992940705323
alturas_MIDI,4,5,4.868447287877887
alturas_MIDI,4,6,5.602592682478165
alturas_MIDI,4,7,5.82621996970912
alturas_MIDI,5,2,0.8007217075022619
alturas_MIDI,5,3,2.0104066350123686
alturas_MIDI,5,4,3.4762542759834845
alturas_MIDI,5,5,4.873495647073766
alturas_MIDI,5,6,5.701252567459421
alturas_MIDI,5,7,5.853632570070249
alturas_MIDI,6,2,0.7665139132580538
alturas_MIDI,6,3,1.9811649331591132
alturas_MIDI,6,4,3.4631471843054267
alturas_MIDI,6,5,4.937741166445966
alturas_MIDI,6,6,5.668978609630388
alturas_MIDI,6,7,5.845800398538499
alturas_MIDI,7,2,0.734893049581735
alturas_MIDI,7,3,1.9425875684327027
alturas_MIDI,7,4,3.4254824675651565
alturas_MIDI,7,5,4.897411987462184
alturas_MIDI,7,6,5.6743576026018925
alturas_MIDI,7,7,5.857548655836124
alturas_MIDI,8,2,0.8088068421389454
alturas_MIDI,8,3,2.06040969709739
alturas_MIDI,8,4,3.5886849906043667
alturas_MIDI,8,5,4.977988552000251
alturas_MIDI,8,6,5.697347512921055
alturas_MIDI,8,7,5.834052141240871
alturas_MIDI,9,2,0.7929161868557755
alturas_MIDI,9,3,2.009653567184286
alturas_MIDI,9,4,3.4945464214553645
alturas_MIDI,9,5,4.952815652609143
alturas_MIDI,9,6,5.677305479468171
alturas_MIDI,9,7,5.834052141240872
alturas_MIDI,10,2,0.7753173693672302
alturas_MIDI,10,3,1.9682512912309682
alturas_MIDI,10,4,3.3966600379403338
alturas_MIDI,10,5,4.815799461940049
alturas_MIDI,10,6,5.665590315853074
alturas_MIDI,10,7,5.836490124905718
alturas_MIDI,11,2,0.756785357167163
alturas_MIDI,11,3,2.010344870662673
alturas_MIDI,11,4,3.4983129892706666
alturas_MIDI,11,5,4.922567485596397
alturas_MIDI,11,6,5.657780206776339
alturas_MIDI,11,7,5.832574039139843
alturas_MIDI,12,2,0.7565964885735137
alturas_MIDI,12,3,2.0185854979813582
alturas_MIDI,12,4,3.55101805934976
alturas_MIDI,12,5,4.9752883505307715
alturas_MIDI,12,6,5.718346724046023
alturas_MIDI,12,7,5.849716484304373
alturas_MIDI,13,2,0.7665139132580538
alturas_MIDI,13,3,2.0166088786560876
alturas_MIDI,13,4,3.53510152757418
alturas_MIDI,13,5,4.995989180263834
alturas_MIDI,13,6,5.706631560430925
alturas_MIDI,13,7,5.853632570070249
alturas_MIDI,14,2,0.7562816539643085
alturas_MIDI,14,3,1.9583376883164507
alturas_MIDI,14,4,3.438986947863087
alturas_MIDI,14,5,4.868702710558605
alturas_MIDI,14,6,5.666352503471523
alturas_MIDI,14,7,5.841884312772623
alturas_MIDI,15,2,0.7658509202880202
alturas_MIDI,15,3,1.984119711340587
alturas_MIDI,15,4,3.4972355104025
alturas_MIDI,15,5,4.9761978869865
alturas_MIDI,15,6,5.699778629026282
alturas_MIDI,15,7,5.857548655836124
alturas_MIDI,16,2,0.7664823489228905
alturas_MIDI,16,3,1.9958619087801626
alturas_MIDI,16,4,3.515822790371205
alturas_MIDI,16,5,4.958053111521489
alturas_MIDI,16,6,5.688063465411182
alturas_MIDI,16,7,5.845800398538498
alturas_MIDI,17,2,0.8163990591122765
alturas_MIDI,17,3,2.047282836888925
alturas_MIDI,17,4,3.5172117129094813
alturas_MIDI,17,5,4.928759112063312
alturas_MIDI,17,6,5.644396114674467
alturas_MIDI,17,7,5.840406210671592
alturas_MIDI,18,2,0.7843066737505413
alturas_MIDI,18,3,2.030547288006395
alturas_MIDI,18,4,3.5244586295183966
alturas_MIDI,18,5,4.9276604758911215
alturas_MIDI,18,6,5.672443247257718
alturas_MIDI,18,7,5.834052141240871
alturas_MIDI,19,2,0.7746998286465294
alturas_MIDI,19,3,1.9900879911078806
alturas_MIDI,19,4,3.4661949097524265
alturas_MIDI,19,5,4.920273570041351
alturas_MIDI,19,6,5.7222517785843925
alturas_MIDI,19,7,5.865380827367875
alturas_MIDI,20,2,0.75670666485113
alturas_MIDI,20,3,1.9782812907262461
alturas_MIDI,20,4,3.4383135330951897
alturas_MIDI,20,5,4.900270111762162
alturas_MIDI,20,6,5.684158410872815
alturas_MIDI,20,7,5.861464741601999
alturas_MIDI,21,2,0.7756497838679268
alturas_MIDI,21,3,2.039646539495109
alturas_MIDI,21,4,3.5680845434434554
alturas_MIDI,21,5,5.018711958253878
alturas_MIDI,21,6,5.749587160352953
alturas_MIDI,21,7,5.857548655836124
alturas_MIDI,22,2,0.8371714195865784
alturas_MIDI,22,3,2.1204040148165535
alturas_MIDI,22,4,3.6479178410017346
alturas_MIDI,22,5,5.0158934438566325
alturas_MIDI,22,6,5.684598827783851
alturas_MIDI,22,7,5.849716484304373
alturas_MIDI,23,2,0.7462921925535377
alturas_MIDI,23,3,1.9888899660575547
alturas_MIDI,23,4,3.4901340736995294
alturas_MIDI,23,5,4.951458824767964
alturas_MIDI,23,6,5.720777840151248
alturas_MIDI,23,7,5.853632570070247
alturas_MIDI,24,2,0.775570644374078
alturas_MIDI,24,3,1.9755123470550924
alturas_MIDI,24,4,3.4411604419393735
alturas_MIDI,24,5,4.916800941869102
alturas_MIDI,24,6,5.692925697621637
alturas_MIDI,24,7,5.849716484304373
alturas_MIDI,25,2,0.7656298563506156
alturas_MIDI,25,3,1.9812042963272285
alturas_MIDI,25,4,3.469977750471097
alturas_MIDI,25,5,4.948668718268413
alturas_MIDI,25,6,5.748113221919813
alturas_MIDI,25,7,5.853632570070248
alturas_MIDI,26,2,0.783608051877788
alturas_MIDI,26,3,1.9837765538380827
alturas_MIDI,26,4,3.477070507470592
alturas_MIDI,26,5,4.946483825984817
alturas_MIDI,26,6,5.705157621997788
alturas_MIDI,26,7,5.837968227006748
alturas_MIDI,27,2,0.7656298563506156
alturas_MIDI,27,3,1.9757364784351419
alturas_MIDI,27,4,3.420220032719712
alturas_MIDI,27,5,4.886602748567505
alturas_MIDI,27,6,5.675831541035034
alturas_MIDI,27,7,5.837968227006748
alturas_MIDI,28,2,0.8087267928662603
alturas_MIDI,28,3,2.0559556972240594
alturas_MIDI,28,4,3.569460065873227
alturas_MIDI,28,5,5.036078964403808
alturas_MIDI,28,6,5.706114799669874
alturas_MIDI,28,7,5.856070553735094
alturas_MIDI,29,2,0.7844971492215147
alturas_MIDI,29,3,2.0725712556182896
alturas_MIDI,29,4,3.629858465350911
alturas_MIDI,29,5,5.0504560791131174
alturas_MIDI,29,6,5.695873574487913
alturas_MIDI,29,7,5.841884312772622
alturas_MIDI,30,2,0.7545803868112908
alturas_MIDI,30,3,1.9391945447808914
alturas_MIDI,30,4,3.4229931985856137
alturas_MIDI,30,5,4.858960609533958
alturas_MIDI,30,6,5.660728083642621
alturas_MIDI,30,7,5.841884312772622
alturas_MIDI,31,2,0.7451930365773185
alturas_MIDI,31,3,1.9770864115379747
alturas_MIDI,31,4,3.4709272123775055
alturas_MIDI,31,5,4.937935608774736
alturas_MIDI,31,6,5.701252567459419
alturas_MIDI,31,7,5.841884312772621
alturas_MIDI,32,2,0.8237590644124251
alturas_MIDI,32,3,2.1038298954218657
alturas_MIDI,32,4,3.6432891842179855
alturas_MIDI,32,5,5.058063582981507
alturas_MIDI,32,6,5.757397269429683
alturas_MIDI,32,7,5.869296913133749
alturas_MIDI,33,2,0.7844019145786811
alturas_MIDI,33,3,2.024975236710581
alturas_MIDI,33,4,3.5105242463156237
alturas_MIDI,33,5,4.960114669681202
alturas_MIDI,33,6,5.711493792641379
alturas_MIDI,33,7,5.853632570070248
alturas_MIDI,34,2,0.774937375019291
alturas_MIDI,34,3,1.9934905297011951
alturas_MIDI,34,4,3.4844915039152013
alturas_MIDI,34,5,4.927867298280673
alturas_MIDI,34,6,5.71149379264138
alturas_MIDI,34,7,5.845800398538498
alturas_MIDI,35,2,0.7564548212959079
alturas_MIDI,35,3,1.9647505541311594
alturas_MIDI,35,4,3.443334361070249
alturas_MIDI,35,5,4.844383709883571
alturas_MIDI,35,6,5.593825395729344
alturas_MIDI,35,7,5.814471712411495
alturas_MIDI,36,2,0.7756972655201175
alturas_MIDI,36,3,2.0002337862682817
alturas_MIDI,36,4,3.4851047443476557
alturas_MIDI,36,5,4.940179229202438
alturas_MIDI,36,6,5.722692195495425
alturas_MIDI,36,7,5.849716484304373
alturas_MIDI,37,2,0.7235645699765474
alturas_MIDI,37,3,1.912917293320198
alturas_MIDI,37,4,3.366158814748255
alturas_MIDI,37,5,4.88296685495245
alturas_MIDI,37,6,5.695873574487915
alturas_MIDI,37,7,5.853632570070249
alturas_MIDI,38,2,0.75670666485113
alturas_MIDI,38,3,1.9735783935910998
alturas_MIDI,38,4,3.458693049654846
alturas_MIDI,38,5,4.89969212738816
alturas_MIDI,38,6,5.653358391476924
alturas_MIDI,38,7,5.824741867608091
alturas_MIDI,39,2,0.7811602469661909
alturas_MIDI,39,3,1.9915787094949988
alturas_MIDI,39,4,3.4557212296146727
alturas_MIDI,39,5,4.921336760867368
alturas_MIDI,39,6,5.699261868265228
alturas_MIDI,39,7,5.853632570070249
alturas_MIDI,40,2,0.7545803868112908
alturas_MIDI,40,3,1.972029245463054
alturas_MIDI,40,4,3.4741376200944716
alturas_MIDI,40,5,4.916248791768757
alturas_MIDI,40,6,5.6802533563344495
alturas_MIDI,40,7,5.857548655836124
alturas_MIDI,41,2,0.7664192182259069
alturas_MIDI,41,3,1.9931404104978276
alturas_MIDI,41,4,3.526270678714308
alturas_MIDI,41,5,4.946044646199938
alturas_MIDI,41,6,5.683641650111763
alturas_MIDI,41,7,5.857548655836124
alturas_MIDI,42,2,0.7462921925535377
alturas_MIDI,42,3,1.9613256816835938
alturas_MIDI,42,4,3.4326393597251528
alturas_MIDI,42,5,4.844975148470456
alturas_MIDI,42,6,5.64554828240019
alturas_MIDI,42,7,5.841884312772621
alturas_MIDI,43,2,0.7564548212959079
alturas_MIDI,43,3,1.9970697259162808
alturas_MIDI,43,4,3.5044329267368393
alturas_MIDI,43,5,4.997314831219047
alturas_MIDI,43,6,5.748113221919812
alturas_MIDI,43,7,5.865380827367874
alturas_MIDI,44,2,0.7753173693672302
alturas_MIDI,44,3,1.998743430196742
alturas_MIDI,44,4,3.4924808101187383
alturas_MIDI,44,5,4.968460011545749
alturas_MIDI,44,6,5.716356024851832
alturas_MIDI,44,7,5.861464741601999
alturas_MIDI,45,2,0.7844019145786811
alturas_MIDI,45,3,2.0054799181752165
alturas_MIDI,45,4,3.5008208201834963
alturas_MIDI,45,5,4.920193172180143
alturas_MIDI,45,6,5.65925414520948
alturas_MIDI,45,7,5.845800398538497
alturas_MIDI,46,2,0.8010410001042023
alturas_MIDI,46,3,2.0680670344312393
alturas_MIDI,46,4,3.600890523746636
alturas_MIDI,46,5,5.076828204931099
alturas_MIDI,46,6,5.757397269429685
alturas_MIDI,46,7,5.861464741601999
alturas_MIDI,47,2,0.7840209141398174
alturas_MIDI,47,3,2.0144936956614194
alturas_MIDI,47,4,3.546810153254915
alturas_MIDI,47,5,5.006251933086667
alturas_MIDI,47,6,5.702209745131508
alturas_MIDI,47,7,5.841884312772623
alturas_MIDI,48,2,0.783067979462889
alturas_MIDI,48,3,2.025258841149699
alturas_MIDI,48,4,3.5260037809802642
alturas_MIDI,48,5,4.973981817816935
alturas_MIDI,48,6,5.704640861236733
alturas_MIDI,48,7,5.841884312772622
alturas_MIDI,49,2,0.7660403772757443
alturas_MIDI,49,3,2.0051711663551046
alturas_MIDI,49,4,3.496310284469004
alturas_MIDI,49,5,4.971512578174499
alturas_MIDI,49,6,5.695873574487914
alturas_MIDI,49,7,5.841884312772621
alturas_MIDI,50,2,0.7564548212959079
alturas_MIDI,50,3,1.9862764334994818
alturas_MIDI,50,4,3.470114085335283
alturas_MIDI,50,5,4.9246964187241575
alturas_MIDI,50,6,5.684158410872816
alturas_MIDI,50,7,5.849716484304373
alturas_MIDI,51,2,0.7753173693672302
alturas_MIDI,51,3,2.014080957640262
alturas_MIDI,51,4,3.518413811511928
alturas_MIDI,51,5,4.961896901678192
alturas_MIDI,51,6,5.691451759188496
alturas_MIDI,51,7,5.849716484304373
alturas_MIDI,52,2,0.7664192182259069
alturas_MIDI,52,3,1.9857851663410875
alturas_MIDI,52,4,3.4595604474261146
alturas_MIDI,52,5,4.957921344380843
alturas_MIDI,52,6,5.689020643083271
alturas_MIDI,52,7,5.8497164843043725
alturas_MIDI,53,2,0.7843066737505413
alturas_MIDI,53,3,2.0199367389696747
alturas_MIDI,53,4,3.5129292918018944
alturas_MIDI,53,5,4.9391157169602335
alturas_MIDI,53,6,5.699261868265226
alturas_MIDI,53,7,5.848238382203343
alturas_MIDI,54,2,0.8157567070640672
alturas_MIDI,54,3,2.032106020914552
alturas_MIDI,54,4,3.5108973027719137
alturas_MIDI,54,5,4.9592728296097155
alturas_MIDI,54,6,5.707588738103012
alturas_MIDI,54,7,5.853632570070248
alturas_MIDI,55,2,0.7466060874798152
alturas_MIDI,55,3,1.9341200473074647
alturas_MIDI,55,4,3.435881237281202
alturas_MIDI,55,5,4.929147996720849
alturas_MIDI,55,6,5.657263446015289
alturas_MIDI,55,7,5.830136055474997
alturas_MIDI,56,2,0.7340943260432029
alturas_MIDI,56,3,1.92126171518154
alturas_MIDI,56,4,3.3897167420224945
alturas_MIDI,56,5,4.88243809155369
alturas_MIDI,56,6,5.679296178662364
alturas_MIDI,56,7,5.845800398538498
alturas_MIDI,57,2,0.7844971492215147
alturas_MIDI,57,3,2.0145527683240134
alturas_MIDI,57,4,3.497316999830552
alturas_MIDI,57,5,4.9345444526157936
alturas_MIDI,57,6,5.7300618876611225
alturas_MIDI,57,7,5.853632570070248
alturas_MIDI,58,2,0.8082944506031329
alturas_MIDI,58,3,2.063544650367401
alturas_MIDI,58,4,3.5904782747550392
alturas_MIDI,58,5,5.02885105553664
alturas_MIDI,58,6,5.738829174409942
alturas_MIDI,58,7,5.857548655836124
alturas_MIDI,59,2,0.7840209141398174
alturas_MIDI,59,3,2.0326315302446583
alturas_MIDI,59,4,3.5754671949099546
alturas_MIDI,59,5,5.029321412207485
alturas_MIDI,59,6,5.727114010794845
alturas_MIDI,59,7,5.865380827367875
alturas_MIDI,60,2,0.7913395137553767
alturas_MIDI,60,3,2.0630579171336914
alturas_MIDI,60,4,3.58415681054937
alturas_MIDI,60,5,4.9854505130989235
alturas_MIDI,60,6,5.7153988471797454
alturas_MIDI,60,7,5.857548655836124
alturas_MIDI,61,2,0.8007217075022619
alturas_MIDI,61,3,2.0616412441645924
alturas_MIDI,61,4,3.5726141604686763
alturas_MIDI,61,5,4.984791056711615
alturas_MIDI,61,6,5.699778629026281
alturas_MIDI,61,7,5.869296913133749
alturas_MIDI,62,2,0.7232836152033513
alturas_MIDI,62,3,1.9146992351685452
alturas_MIDI,62,4,3.37265357522256
alturas_MIDI,62,5,4.848598662024731
alturas_MIDI,62,6,5.612833907660124
alturas_MIDI,62,7,5.811515508209435
alturas_MIDI,63,2,0.7844971492215147
alturas_MIDI,63,3,2.0244073449744255
alturas_MIDI,63,4,3.538985600629922
alturas_MIDI,63,5,4.981801165270989
alturas_MIDI,63,6,5.703166922803593
alturas_MIDI,63,7,5.845800398538499
alturas_MIDI,64,2,0.7756972655201175
alturas_MIDI,64,3,1.990535776392036
alturas_MIDI,64,4,3.4382635242130175
alturas_MIDI,64,5,4.904195695348366
alturas_MIDI,64,6,5.686589526978044
alturas_MIDI,64,7,5.853632570070249
alturas_MIDI,65,2,0.756832570547119
alturas_MIDI,65,3,1.9537494699756288
alturas_MIDI,65,4,3.448634542330419
alturas_MIDI,65,5,4.921568044110603
alturas_MIDI,65,6,5.717829963284971
alturas_MIDI,65,7,5.837968227006747
alturas_MIDI,66,2,0.7929161868557755
alturas_MIDI,66,3,2.033759345479716
alturas_MIDI,66,4,3.5160413394198535
alturas_MIDI,66,5,4.991605620067568
alturas_MIDI,66,6,5.704640861236732
alturas_MIDI,66,7,5.849716484304373
alturas_MIDI,67,2,0.6924913936170499
alturas_MIDI,67,3,1.8809467503831385
alturas_MIDI,67,4,3.3855419645828704
alturas_MIDI,67,5,4.847706848242092
alturas_MIDI,67,6,5.647022220833332
alturas_MIDI,67,7,5.830136055474996
alturas_MIDI,68,2,0.8007217075022619
alturas_MIDI,68,3,2.0547592090772437
alturas_MIDI,68,4,3.5697425234806506
alturas_MIDI,68,5,5.048302363715487
alturas_MIDI,68,6,5.732493003766348
alturas_MIDI,68,7,5.861464741601999
alturas_MIDI,69,2,0.7844019145786811
alturas_MIDI,69,3,1.996185029525115
alturas_MIDI,69,4,3.46315887500835
alturas_MIDI,69,5,4.925279745710465
alturas_MIDI,69,6,5.692925697621636
alturas_MIDI,69,7,5.837968227006747
alturas_MIDI,70,2,0.7457270141637269
alturas_MIDI,70,3,1.9620596357937148
alturas_MIDI,70,4,3.440654953687999
alturas_MIDI,70,5,4.879724114455141
alturas_MIDI,70,6,5.66220202207576
alturas_MIDI,70,7,5.841884312772622
alturas_MIDI,71,2,0.756785357167163
alturas_MIDI,71,3,1.9611304103189067
alturas_MIDI,71,4,3.4759172166695
alturas_MIDI,71,5,4.906118127502767
alturas_MIDI,71,6,5.677305479468172
alturas_MIDI,71,7,5.853632570070249
alturas_MIDI,72,2,0.7653771712331092
alturas_MIDI,72,3,1.961228752838582
alturas_MIDI,72,4,3.4247652199294922
alturas_MIDI,72,5,4.828154949808565
alturas_MIDI,72,6,5.640686050189738
alturas_MIDI,72,7,5.834052141240871
alturas_MIDI,73,2,0.7627213550420369
alturas_MIDI,73,3,1.9535982210444889
alturas_MIDI,73,4,3.4467239628249473
alturas_MIDI,73,5,4.903598592732983
alturas_MIDI,73,6,5.685632349305956
alturas_MIDI,73,7,5.853632570070249
alturas_MIDI,74,2,0.7910048490179448
alturas_MIDI,74,3,2.0217259583373908
alturas_MIDI,74,4,3.5532628315431594
alturas_MIDI,74,5,4.988150714568403
alturas_MIDI,74,6,5.717829963284972
alturas_MIDI,74,7,5.857548655836123
alturas_MIDI,75,2,0.7843066737505413
alturas_MIDI,75,3,1.9679018902961445
alturas_MIDI,75,4,3.466842190969676
alturas_MIDI,75,5,4.897212202521111
alturas_MIDI,75,6,5.71001985420824
alturas_MIDI,75,7,5.857548655836124
alturas_MIDI,76,2,0.7925341192548294
alturas_MIDI,76,3,2.0408112382685006
alturas_MIDI,76,4,3.587218230332312
alturas_MIDI,76,5,5.020547575782667
alturas_MIDI,76,6,5.7481132219198114
alturas_MIDI,76,7,5.857548655836124
alturas_MIDI,77,2,0.7664823489228905
alturas_MIDI,77,3,1.9849144783722794
alturas_MIDI,77,4,3.4857226898363556
alturas_MIDI,77,5,4.954221701425564
alturas_MIDI,77,6,5.7081054988640645
alturas_MIDI,77,7,5.857548655836124
alturas_MIDI,78,2,0.7356443974658075
alturas_MIDI,78,3,1.9461737246944757
alturas_MIDI,78,4,3.439371199602637
alturas_MIDI,78,5,4.866160110503435
alturas_MIDI,78,6,5.681210534006536
alturas_MIDI,78,7,5.8497164843043725
alturas_MIDI,79,2,0.7663245171130089
alturas_MIDI,79,3,1.9585013425528162
alturas_MIDI,79,4,3.454936129760647
alturas_MIDI,79,5,4.902499956560792
alturas_MIDI,79,6,5.693442458382687
alturas_MIDI,79,7,5.845800398538498
alturas_MIDI,80,2,0.7730359271479952
alturas_MIDI,80,3,1.9773769617167563
alturas_MIDI,80,4,3.4726978120173317
alturas_MIDI,80,5,4.974872236031285
alturas_MIDI,80,6,5.74177705127622
alturas_MIDI,80,7,5.857548655836124
alturas_MIDI,81,2,0.7099970362225925
alturas_MIDI,81,3,1.8831675733202466
alturas_MIDI,81,4,3.3377372388548827
alturas_MIDI,81,5,4.839434545374089
alturas_MIDI,81,6,5.686589526978043
alturas_MIDI,81,7,5.849716484304373
alturas_MIDI,82,2,0.7756497838679268
alturas_MIDI,82,3,2.0298277285253254
alturas_MIDI,82,4,3.561644969246622
alturas_MIDI,82,5,4.998897599691154
alturas_MIDI,82,6,5.732493003766347
alturas_MIDI,82,7,5.853632570070248
alturas_MIDI,83,2,0.7664823489228905
alturas_MIDI,83,3,1.9730214528496797
alturas_MIDI,83,4,3.437079568269283
alturas_MIDI,83,5,4.929350872066387
alturas_MIDI,83,6,5.707588738103013
alturas_MIDI,83,7,5.861464741601999
alturas_MIDI,84,2,0.8084706055682882
alturas_MIDI,84,3,2.0401756708546057
alturas_MIDI,84,4,3.5405304541763702
alturas_MIDI,84,5,5.028467513491402
alturas_MIDI,84,6,5.745165345053533
alturas_MIDI,84,7,5.865380827367875
alturas_MIDI,85,2,0.7564548212959079
alturas_MIDI,85,3,1.966023444010291
alturas_MIDI,85,4,3.4587583631492276
alturas_MIDI,85,5,4.852976879608692
alturas_MIDI,85,6,5.6524012138048345
alturas_MIDI,85,7,5.841884312772622
alturas_MIDI,86,2,0.7103705636631283
alturas_MIDI,86,3,1.900521820917815
alturas_MIDI,86,4,3.383050837243444
alturas_MIDI,86,5,4.846997096727442
alturas_MIDI,86,6,5.6577802067763425
alturas_MIDI,86,7,5.834052141240871
alturas_MIDI,87,2,0.7923589715603128
alturas_MIDI,87,3,2.040302489309554
alturas_MIDI,87,4,3.589781459265498
alturas_MIDI,87,5,5.034648776149899
alturas_MIDI,87,6,5.7036836835646465
alturas_MIDI,87,7,5.849716484304373
alturas_MIDI,88,2,0.7465747009766092
alturas_MIDI,88,3,1.9826616245646083
alturas_MIDI,88,4,3.4833039093712026
alturas_MIDI,88,5,4.911757925285524
alturas_MIDI,88,6,5.689537403844321
alturas_MIDI,88,7,5.834052141240871
alturas_MIDI,89,2,0.7827501967398389
alturas_MIDI,89,3,2.0308525172976544
alturas_MIDI,89,4,3.5620559719581575
alturas_MIDI,89,5,4.943349787342766
alturas_MIDI,89,6,5.712450970313466
alturas_MIDI,89,7,5.853632570070248
alturas_MIDI,90,2,0.775570644374078
alturas_MIDI,90,3,2.0191770714293584
alturas_MIDI,90,4,3.5699514430825827
alturas_MIDI,90,5,5.05302451344195
alturas_MIDI,90,6,5.741260290515168
alturas_MIDI,90,7,5.8575486558361245
alturas_MIDI,91,2,0.7756972655201175
alturas_MIDI,91,3,1.9911911617697027
alturas_MIDI,91,4,3.4876094675543854
alturas_MIDI,91,5,4.920776499166452
alturas_MIDI,91,6,5.702726505892561
alturas_MIDI,91,7,5.849716484304373
alturas_MIDI,92,2,0.775570644374078
alturas_MIDI,92,3,2.016247661562869
alturas_MIDI,92,4,3.498624431296126
alturas_MIDI,92,5,4.920481466583001
alturas_MIDI,92,6,5.709062676536153
alturas_MIDI,92,7,5.8497164843043725
alturas_MIDI,93,2,0.7927888420817857
alturas_MIDI,93,3,2.0343724213650174
alturas_MIDI,93,4,3.576685045911905
alturas_MIDI,93,5,5.01704237515616
alturas_MIDI,93,6,5.714882086418691
alturas_MIDI,93,7,5.852154467969219
alturas_MIDI,94,2,0.7464177584968525
alturas_MIDI,94,3,1.9557127800259106
alturas_MIDI,94,4,3.425335440890584
alturas_MIDI,94,5,4.888475207010753
alturas_MIDI,94,6,5.693882875293722
alturas_MIDI,94,7,5.857548655836124
alturas_MIDI,95,2,0.7663245171130089
alturas_MIDI,95,3,1.9944743067291455
alturas_MIDI,95,4,3.4589946032467536
alturas_MIDI,95,5,4.899655607889889
alturas_MIDI,95,6,5.68025335633445
alturas_MIDI,95,7,5.841884312772622
alturas_MIDI,96,2,0.8010090739903097
alturas_MIDI,96,3,2.0505933431546195
alturas_MIDI,96,4,3.5933229672306957
alturas_MIDI,96,5,4.997616901250975
alturas_MIDI,96,6,5.69535681372686
alturas_MIDI,96,7,5.840406210671593
alturas_MIDI,97,2,0.7841796763556009
alturas_MIDI,97,3,2.005217620670509
alturas_MIDI,97,4,3.461368226386374
alturas_MIDI,97,5,4.931887808093064
alturas_MIDI,97,6,5.722251778584392
alturas_MIDI,97,7,5.8497164843043725
alturas_MIDI,98,2,0.7756972655201175
alturas_MIDI,98,3,2.0081637394397185
alturas_MIDI,98,4,3.535496961759589
alturas_MIDI,98,5,4.997766391064704
alturas_MIDI,98,6,5.689537403844324
alturas_MIDI,98,7,5.8497164843043725
alturas_MIDI,99,2,0.7844019145786811
alturas_MIDI,99,3,2.0086736246833574
alturas_MIDI,99,4,3.495925725370799
alturas_MIDI,99,5,4.959365308263823
alturas_MIDI,99,6,5.691451759188495
alturas_MIDI,99,7,5.857548655836124
alturas_MIDI,100,2,0.7568483080055324
alturas_MIDI,100,3,1.984147486885921
alturas_MIDI,100,4,3.4798282853094507
alturas_MIDI,100,5,4.930600072204406
alturas_MIDI,100,6,5.671486069585631
alturas_MIDI,100,7,5.8497164843043725
alturas_MIDI,101,2,0.7843066737505413
alturas_MIDI,101,3,2.002539027165087
alturas_MIDI,101,4,3.4791601787978546
alturas_MIDI,101,5,4.930192390721683
alturas_MIDI,101,6,5.698304690593142
alturas_MIDI,101,7,5.8575486558361245
alturas_MIDI,102,2,0.7838303767796024
alturas_MIDI,102,3,1.9903351067417971
alturas_MIDI,102,4,3.48396248824112
alturas_MIDI,102,5,4.9093148413329395
alturas_MIDI,102,6,5.670969308824579
alturas_MIDI,102,7,5.853632570070248
alturas_MIDI,103,2,0.7346581754654258
alturas_MIDI,103,3,1.9758466800008554
alturas_MIDI,103,4,3.4732390386637984
alturas_MIDI,103,5,4.977467900202062
alturas_MIDI,103,6,5.721735017823337
alturas_MIDI,103,7,5.849716484304373
alturas_MIDI,104,2,0.756832570547119
alturas_MIDI,104,3,1.9902489971279642
alturas_MIDI,104,4,3.508748318680998
alturas_MIDI,104,5,4.958794361338296
alturas_MIDI,104,6,5.697347512921056
alturas_MIDI,104,7,5.834052141240873
alturas_MIDI,105,2,0.756832570547119
alturas_MIDI,105,3,1.969945534311253
alturas_MIDI,105,4,3.439169320938903
alturas_MIDI,105,5,4.907619102545373
alturas_MIDI,105,6,5.66654749352516
alturas_MIDI,105,7,5.845800398538498
alturas_MIDI,106,2,0.7545803868112908
alturas_MIDI,106,3,1.9949220227298394
alturas_MIDI,106,4,3.4924260209140128
alturas_MIDI,106,5,4.927283971294367
alturas_MIDI,106,6,5.688063465411182
alturas_MIDI,106,7,5.853632570070248
alturas_MIDI,107,2,0.7562816539643085
alturas_MIDI,107,3,1.9868858641880163
alturas_MIDI,107,4,3.448925809784935
alturas_MIDI,107,5,4.905470729760044
alturas_MIDI,107,6,5.671926486496665
alturas_MIDI,107,7,5.837968227006748
alturas_MIDI,108,2,0.7844971492215147
alturas_MIDI,108,3,1.9951712904019505
alturas_MIDI,108,4,3.4715939095720567
alturas_MIDI,108,5,4.903183873801786
alturas_MIDI,108,6,5.706631560430926
alturas_MIDI,108,7,5.861464741601999
alturas_MIDI,109,2,0.7560769755056371
alturas_MIDI,109,3,1.9842346652420075
alturas_MIDI,109,4,3.4856009048515797
alturas_MIDI,109,5,4.920865008628234
alturas_MIDI,109,6,5.69049458151641
alturas_MIDI,109,7,5.830136055474996
alturas_MIDI,110,2,0.7464177584968525
alturas_MIDI,110,3,1.9488850666318889
alturas_MIDI,110,4,3.4651703166200982
alturas_MIDI,110,5,4.901224600732924
alturas_MIDI,110,6,5.707588738103013
alturas_MIDI,110,7,5.853632570070249
alturas_MIDI,111,2,0.7833539249587798
alturas_MIDI,111,3,2.0362129492704635
alturas_MIDI,111,4,3.5446192557681604
alturas_MIDI,111,5,4.985337864199651
alturas_MIDI,111,6,5.651444036132748
alturas_MIDI,111,7,5.841884312772622
alturas_MIDI,112,2,0.7840209141398174
alturas_MIDI,112,3,2.008978269558575
alturas_MIDI,112,4,3.502626531501773
alturas_MIDI,112,5,4.928483197721237
alturas_MIDI,112,6,5.684158410872818
alturas_MIDI,112,7,5.841884312772622
alturas_MIDI,113,2,0.7996036321551602
alturas_MIDI,113,3,2.046987910296506
alturas_MIDI,113,4,3.5716776488430995
alturas_MIDI,113,5,4.994049025436348
alturas_MIDI,113,6,5.692925697621635
alturas_MIDI,113,7,5.845800398538498
alturas_MIDI,114,2,0.7663245171130089
alturas_MIDI,114,3,1.9851928696333412
alturas_MIDI,114,4,3.4596708178891404
alturas_MIDI,114,5,4.926455906851942
alturas_MIDI,114,6,5.677305479468171
alturas_MIDI,114,7,5.845800398538498
alturas_MIDI,115,2,0.7751432174857484
alturas_MIDI,115,3,2.024409117034393
alturas_MIDI,115,4,3.4845587714322797
alturas_MIDI,115,5,4.93581339167926
alturas_MIDI,115,6,5.724682894689617
alturas_MIDI,115,7,5.853632570070248
alturas_MIDI,116,2,0.756785357167163
alturas_MIDI,116,3,1.9682635121408718
alturas_MIDI,116,4,3.4489467948089243
alturas_MIDI,116,5,4.934249741448529
alturas_MIDI,116,6,5.723208956256476
alturas_MIDI,116,7,5.853632570070248
alturas_MIDI,117,2,0.7844019145786811
alturas_MIDI,117,3,2.0553381066339935
alturas_MIDI,117,4,3.5959488898765435
alturas_MIDI,117,5,5.0763525056479475
alturas_MIDI,117,6,5.780827596659881
alturas_MIDI,117,7,5.861464741601999
alturas_MIDI,118,2,0.7888515971068051
alturas_MIDI,118,3,2.0076516419909636
alturas_MIDI,118,4,3.469598242847593
alturas_MIDI,118,5,4.916724812468098
alturas_MIDI,118,6,5.672883664168754
alturas_MIDI,118,7,5.841884312772622
alturas_MIDI,119,2,0.8082944506031329
alturas_MIDI,119,3,2.087664788692468
alturas_MIDI,119,4,3.6247003779350497
alturas_MIDI,119,5,4.99904174689258
alturas_MIDI,119,6,5.715398847179745
alturas_MIDI,119,7,5.853632570070248
alturas_MIDI,120,2,0.8229698880024181
alturas_MIDI,120,3,2.055023397313815
alturas_MIDI,120,4,3.529139193691539
alturas_MIDI,120,5,4.931115381390285
alturas_MIDI,120,6,5.679736595573397
alturas_MIDI,120,7,5.841884312772622
alturas_MIDI,121,2,0.7640498625138799
alturas_MIDI,121,3,1.9717901749189028
alturas_MIDI,121,4,3.4078937518062955
alturas_MIDI,121,5,4.850702082295023
alturas_MIDI,121,6,5.656306268343202
alturas_MIDI,121,7,5.841884312772622
alturas_MIDI,122,2,0.7562816539643085
alturas_MIDI,122,3,1.9766217893058098
alturas_MIDI,122,4,3.4876059163774458
alturas_MIDI,122,5,4.951403187028321
alturas_MIDI,122,6,5.6812105340065395
alturas_MIDI,122,7,5.826219969709121
alturas_MIDI,123,2,0.7465119259776037
alturas_MIDI,123,3,1.966670286929969
alturas_MIDI,123,4,3.4599306491879602
alturas_MIDI,123,5,4.923910537808507
alturas_MIDI,123,6,5.6655903158530725
alturas_MIDI,123,7,5.8247418676080915
alturas_MIDI,124,2,0.7756497838679268
alturas_MIDI,124,3,2.02067794944063
alturas_MIDI,124,4,3.491241811771025
alturas_MIDI,124,5,4.915218173396994
alturas_MIDI,124,6,5.709503093447188
alturas_MIDI,124,7,5.834052141240871
alturas_MIDI,125,2,0.8088068421389454
alturas_MIDI,125,3,2.0685339893936985
alturas_MIDI,125,4,3.580170789096084
alturas_MIDI,125,5,4.988251304823086
alturas_MIDI,125,6,5.695873574487916
alturas_MIDI,125,7,5.836490124905716
alturas_MIDI,126,2,0.756785357167163
alturas_MIDI,126,3,1.9842946519865858
alturas_MIDI,126,4,3.522567956458168
alturas_MIDI,126,5,5.0278013189234985
alturas_MIDI,126,6,5.770586371477923
alturas_MIDI,126,7,5.8575486558361245
alturas_MIDI,127,2,0.7756497838679268
alturas_MIDI,127,3,2.0088878798617626
alturas_MIDI,127,4,3.488439792748626
alturas_MIDI,127,5,4.907688515914086
alturas_MIDI,127,6,5.689020643083269
alturas_MIDI,127,7,5.849716484304373
alturas_MIDI,128,2,0.7921519517647406
alturas_MIDI,128,3,2.071304565960584
alturas_MIDI,128,4,3.582760373099334
alturas_MIDI,128,5,5.017802421798155
alturas_MIDI,128,6,5.694399636054774
alturas_MIDI,128,7,5.830136055474997
alturas_MIDI,129,2,0.7844654050277371
alturas_MIDI,129,3,1.9959179734914347
alturas_MIDI,129,4,3.4964378427891902
alturas_MIDI,129,5,4.95239419549735
alturas_MIDI,129,6,5.702014755077867
alturas_MIDI,129,7,5.8497164843043725
alturas_MIDI,130,2,0.7658509202880202
alturas_MIDI,130,3,1.9673821631174748
alturas_MIDI,130,4,3.4382478441740485
alturas_MIDI,130,5,4.900948686390849
alturas_MIDI,130,6,5.705157621997787
alturas_MIDI,130,7,5.857548655836124
alturas_MIDI,131,2,0.7893463290344331
alturas_MIDI,131,3,2.0419544769337
alturas_MIDI,131,4,3.5571399311014114
alturas_MIDI,131,5,4.987215343839017
alturas_MIDI,131,6,5.710019854208237
alturas_MIDI,131,7,5.857548655836124
alturas_MIDI,132,2,0.7466060874798152
alturas_MIDI,132,3,1.9621762386490684
alturas_MIDI,132,4,3.4783365000083744
alturas_MIDI,132,5,4.943575406557498
alturas_MIDI,132,6,5.710019854208239
alturas_MIDI,132,7,5.840406210671593
alturas_MIDI,133,2,0.7985486598270132
alturas_MIDI,133,3,2.0196377866130812
alturas_MIDI,133,4,3.4827489793469724
alturas_MIDI,133,5,4.934896817775059
alturas_MIDI,133,6,5.694399636054775
alturas_MIDI,133,7,5.849716484304373
alturas_MIDI,134,2,0.7663245171130089
alturas_MIDI,134,3,1.979179063503623
alturas_MIDI,134,4,3.4437931540554905
alturas_MIDI,134,5,4.825546905577005
alturas_MIDI,134,6,5.648936576177506
alturas_MIDI,134,7,5.837968227006747
alturas_MIDI,135,2,0.7844971492215147
alturas_MIDI,135,3,2.0236326974344863
alturas_MIDI,135,4,3.5625063018349765
alturas_MIDI,135,5,5.059714047837848
alturas_MIDI,135,6,5.7505443380250405
alturas_MIDI,135,7,5.853632570070248
alturas_MIDI,136,2,0.7354096420333789
alturas_MIDI,136,3,1.8728996938832587
alturas_MIDI,136,4,3.312876265185366
alturas_MIDI,136,5,4.77608618239683
alturas_MIDI,136,6,5.585498525891562
alturas_MIDI,136,7,5.841884312772623
alturas_MIDI,137,2,0.7663245171130089
alturas_MIDI,137,3,1.9947177327274828
alturas_MIDI,137,4,3.541157653780738
alturas_MIDI,137,5,4.990870034279257
alturas_MIDI,137,6,5.6904945815164085
alturas_MIDI,137,7,5.853632570070249
alturas_MIDI,138,2,0.7457270141637269
alturas_MIDI,138,3,1.9486613805499486
alturas_MIDI,138,4,3.424658552602796
alturas_MIDI,138,5,4.897775037846063
alturas_MIDI,138,6,5.696830752160002
alturas_MIDI,138,7,5.8575486558361245
alturas_MIDI,139,2,0.8163990591122765
alturas_MIDI,139,3,2.082383576128613
alturas_MIDI,139,4,3.6150516766788776
alturas_MIDI,139,5,5.027589153921645
alturas_MIDI,139,6,5.732493003766349
alturas_MIDI,139,7,5.845800398538499
alturas_MIDI,140,2,0.7564548212959079
alturas_MIDI,140,3,2.0010715680136637
alturas_MIDI,140,4,3.4972395543907937
alturas_MIDI,140,5,4.915978220038986
alturas_MIDI,140,6,5.635823817979282
alturas_MIDI,140,7,5.834052141240871
alturas_MIDI,141,2,0.756785357167163
alturas_MIDI,141,3,1.9605691652674888
alturas_MIDI,141,4,3.4697670061247314
alturas_MIDI,141,5,4.9234401811376625
alturas_MIDI,141,6,5.712967731074519
alturas_MIDI,141,7,5.841884312772623
alturas_MIDI,142,2,0.7664823489228905
alturas_MIDI,142,3,1.9776436016494428
alturas_MIDI,142,4,3.4176266450714343
alturas_MIDI,142,5,4.809154880059185
alturas_MIDI,142,6,5.639728872517653
alturas_MIDI,142,7,5.834052141240872
alturas_MIDI,143,2,0.7664192182259069
alturas_MIDI,143,3,1.9806025693968083
alturas_MIDI,143,4,3.435814330162344
alturas_MIDI,143,5,4.853044897409121
alturas_MIDI,143,6,5.625065832036275
alturas_MIDI,143,7,5.840406210671593
alturas_MIDI,144,2,0.8088068421389454
alturas_MIDI,144,3,2.071563958695585
alturas_MIDI,144,4,3.5650155143969826
alturas_MIDI,144,5,5.004600072662036
alturas_MIDI,144,6,5.698304690593142
alturas_MIDI,144,7,5.845800398538498
alturas_MIDI,145,2,0.7926774063058946
alturas_MIDI,145,3,2.040140820314144
alturas_MIDI,145,4,3.5474517643867216
alturas_MIDI,145,5,4.923943431678949
alturas_MIDI,145,6,5.682167711678624
alturas_MIDI,145,7,5.845800398538498
alturas_MIDI,146,2,0.7664823489228905
alturas_MIDI,146,3,1.9697661213960864
alturas_MIDI,146,4,3.4390816680151213
alturas_MIDI,146,5,4.914947601667225
alturas_MIDI,146,6,5.673400424929806
alturas_MIDI,146,7,5.822303883943246
alturas_MIDI,147,2,0.7746998286465294
alturas_MIDI,147,3,2.000617840747701
alturas_MIDI,147,4,3.4993779257457023
alturas_MIDI,147,5,4.908578934128435
alturas_MIDI,147,6,5.668021431958299
alturas_MIDI,147,7,5.840406210671592
alturas_MIDI,148,2,0.756785357167163
alturas_MIDI,148,3,1.978753229640836
alturas_MIDI,148,4,3.4505686663678214
alturas_MIDI,148,5,4.904598034218783
alturas_MIDI,148,6,5.667064254286212
alturas_MIDI,148,7,5.841884312772623
alturas_MIDI,149,2,0.7744305629827763
alturas_MIDI,149,3,1.9415510639565219
alturas_MIDI,149,4,3.4532813516399203
alturas_MIDI,149,5,4.929274421249193
alturas_MIDI,149,6,5.707588738103012
alturas_MIDI,149,7,5.857548655836124
alturas_MIDI,150,2,0.7841796763556009
alturas_MIDI,150,3,2.016414795221913
alturas_MIDI,150,4,3.522868009597496
alturas_MIDI,150,5,4.990028515623959
alturas_MIDI,150,6,5.669495370391439
alturas_MIDI,150,7,5.841884312772623
alturas_MIDI,151,2,0.7816056071864479
alturas_MIDI,151,3,2.032342317605141
alturas_MIDI,151,4,3.546132739941293
alturas_MIDI,151,5,4.959712009394593
alturas_MIDI,151,6,5.710536614969293
alturas_MIDI,151,7,5.849716484304373
alturas_MIDI,152,2,0.7840209141398174
alturas_MIDI,152,3,1.9978984153998507
alturas_MIDI,152,4,3.5005179586734596
alturas_MIDI,152,5,4.925036725238836
alturas_MIDI,152,6,5.695356813726864
alturas_MIDI,152,7,5.8497164843043725
alturas_MIDI,153,2,0.8005620349724635
alturas_MIDI,153,3,2.0653762541069884
alturas_MIDI,153,4,3.5448616807315037
alturas_MIDI,153,5,4.979779217014004
alturas_MIDI,153,6,5.712967731074517
alturas_MIDI,153,7,5.841884312772621
alturas_MIDI,154,2,0.7459468313671431
alturas_MIDI,154,3,1.9550309707652396
alturas_MIDI,154,4,3.4825271379897607
alturas_MIDI,154,5,4.925381731533434
alturas_MIDI,154,6,5.665590315853074
alturas_MIDI,154,7,5.834052141240872
alturas_MIDI,155,2,0.7466060874798152
alturas_MIDI,155,3,1.9700021241620802
alturas_MIDI,155,4,3.4722762787696997
alturas_MIDI,155,5,4.931730206678753
alturas_MIDI,155,6,5.696830752160002
alturas_MIDI,155,7,5.849716484304373
alturas_MIDI,156,2,0.8152747560675866
alturas_MIDI,156,3,2.064271241658828
alturas_MIDI,156,4,3.5469282505591475
alturas_MIDI,156,5,5.004360677818231
alturas_MIDI,156,6,5.720261079390197
alturas_MIDI,156,7,5.8497164843043725
alturas_MIDI,157,2,0.7663245171130089
alturas_MIDI,157,3,1.960170869859704
alturas_MIDI,157,4,3.3978161608482416
alturas_MIDI,157,5,4.902694398889565
alturas_MIDI,157,6,5.692925697621637
alturas_MIDI,157,7,5.853632570070248
alturas_MIDI,158,2,0.800945219665376
alturas_MIDI,158,3,2.03148768001777
alturas_MIDI,158,4,3.5166882538270445
alturas_MIDI,158,5,4.958875833351601
alturas_MIDI,158,6,5.7051576219977855
alturas_MIDI,158,7,5.845800398538498
alturas_MIDI,159,2,0.731130595874258
alturas_MIDI,159,3,1.8762035125665641
alturas_MIDI,159,4,3.3295522565578377
alturas_MIDI,159,5,4.861447571849482
alturas_MIDI,159,6,5.682489482386039
alturas_MIDI,159,7,5.849716484304373
alturas_MIDI,160,2,0.7552737322554758
alturas_MIDI,160,3,1.984851736815392
alturas_MIDI,160,4,3.484776851530268
alturas_MIDI,160,5,4.91749831332297
alturas_MIDI,160,6,5.707588738103011
alturas_MIDI,160,7,5.8497164843043725
alturas_MIDI,161,2,0.7928684338651326
alturas_MIDI,161,3,2.0228989487269486
alturas_MIDI,161,4,3.5250449785973244
alturas_MIDI,161,5,4.956257103895431
alturas_MIDI,161,6,5.685632349305957
alturas_MIDI,161,7,5.841884312772622
alturas_MIDI,162,2,0.7923589715603128
alturas_MIDI,162,3,2.0556124089876935
alturas_MIDI,162,4,3.5946077131218983
alturas_MIDI,162,5,5.04008602000332
alturas_MIDI,162,6,5.74030311284308
alturas_MIDI,162,7,5.865380827367875
alturas_MIDI,163,2,0.8163990591122765
alturas_MIDI,163,3,2.0824683641304857
alturas_MIDI,163,4,3.593573777826747
alturas_MIDI,163,5,5.019221924827454
alturas_MIDI,163,6,5.732493003766349
alturas_MIDI,163,7,5.857548655836124
alturas_MIDI,164,2,0.8086147164790373
alturas_MIDI,164,3,2.0680011974483925
alturas_MIDI,164,4,3.5695170499168127
alturas_MIDI,164,5,4.980852018912535
alturas_MIDI,164,6,5.716872785612885
alturas_MIDI,164,7,5.865380827367875
alturas_MIDI,165,2,0.8010410001042023
alturas_MIDI,165,3,2.0608098314311727
alturas_MIDI,165,4,3.5780108412716056
alturas_MIDI,165,5,4.997219904992861
alturas_MIDI,165,6,5.686589526978044
alturas_MIDI,165,7,5.840406210671593
alturas_MIDI,166,2,0.7923589715603128
alturas_MIDI,166,3,2.05773985854989
alturas_MIDI,166,4,3.6002837080435537
alturas_MIDI,166,5,5.047271745343724
alturas_MIDI,166,6,5.752018276458179
alturas_MIDI,166,7,5.865380827367875
alturas_MIDI,167,2,0.7841796763556009
alturas_MIDI,167,3,2.0549195421686894
alturas_MIDI,167,4,3.608938358816477
alturas_MIDI,167,5,5.018204760668571
alturas_MIDI,167,6,5.6977879298320895
alturas_MIDI,167,7,5.849716484304373
alturas_MIDI,168,2,0.774937375019291
alturas_MIDI,168,3,2.0214756978091666
alturas_MIDI,168,4,3.520085166697751
alturas_MIDI,168,5,4.93857734248896
alturas_MIDI,168,6,5.679736595573398
alturas_MIDI,168,7,5.832574039139843
alturas_MIDI,169,2,0.7464177584968525
alturas_MIDI,169,3,1.9171773601270272
alturas_MIDI,169,4,3.345565593211371
alturas_MIDI,169,5,4.825893606707772
alturas_MIDI,169,6,5.637738173323459
alturas_MIDI,169,7,5.841884312772623
alturas_MIDI,170,2,0.808854869587129
alturas_MIDI,170,3,2.0683463927073014
alturas_MIDI,170,4,3.6122962154152476
alturas_MIDI,170,5,5.03710958277557
alturas_MIDI,170,6,5.714441669507656
alturas_MIDI,170,7,5.845800398538498
alturas_MIDI,171,2,0.7844971492215147
alturas_MIDI,171,3,2.0278998234049177
alturas_MIDI,171,4,3.5454256916147546
alturas_MIDI,171,5,5.008305058229617
alturas_MIDI,171,6,5.719303901718111
alturas_MIDI,171,7,5.861464741601999
alturas_MIDI,172,2,0.7928684338651326
alturas_MIDI,172,3,2.0258214739888962
alturas_MIDI,172,4,3.5222584778619472
alturas_MIDI,172,5,4.9617339576515835
alturas_MIDI,172,6,5.693442458382689
alturas_MIDI,172,7,5.857548655836124
alturas_MIDI,173,2,0.8088708783839942
alturas_MIDI,173,3,2.049621418274417
alturas_MIDI,173,4,3.5564460639744504
alturas_MIDI,173,5,5.0110951647291655
alturas_MIDI,173,6,5.737871996737854
alturas_MIDI,173,7,5.853632570070248
alturas_MIDI,174,2,0.8010410001042023
alturas_MIDI,174,3,2.043137662232976
alturas_MIDI,174,4,3.5367468183230466
alturas_MIDI,174,5,4.998024582733697
alturas_MIDI,174,6,5.742734228948309
alturas_MIDI,174,7,5.857548655836124
alturas_MIDI,175,2,0.7464177584968525
alturas_MIDI,175,3,1.9353091381648304
alturas_MIDI,175,4,3.383714912684424
alturas_MIDI,175,5,4.836527521515058
alturas_MIDI,175,6,5.673400424929807
alturas_MIDI,175,7,5.830136055474997
alturas_MIDI,176,2,0.7928684338651326
alturas_MIDI,176,3,2.0086582215355486
alturas_MIDI,176,4,3.46237483402691
alturas_MIDI,176,5,4.878665088185682
alturas_MIDI,176,6,5.6524012138048345
alturas_MIDI,176,7,5.826219969709122
alturas_MIDI,177,2,0.7844019145786811
alturas_MIDI,177,3,2.0363511334284845
alturas_MIDI,177,4,3.570267524493934
alturas_MIDI,177,5,5.068324940236054
alturas_MIDI,177,6,5.752018276458178
alturas_MIDI,177,7,5.853632570070248
alturas_MIDI,178,2,0.7664192182259069
alturas_MIDI,178,3,1.988985036245731
alturas_MIDI,178,4,3.506482270415457
alturas_MIDI,178,5,4.934877699533683
alturas_MIDI,178,6,5.686589526978045
alturas_MIDI,178,7,5.853632570070248
alturas_MIDI,179,2,0.7925341192548294
alturas_MIDI,179,3,2.0209960565513994
alturas_MIDI,179,4,3.502893984264196
alturas_MIDI,179,5,4.9259459402783685
alturas_MIDI,179,6,5.726156833122756
alturas_MIDI,179,7,5.861464741601999
alturas_MIDI,180,2,0.7228776981436267
alturas_MIDI,180,3,1.9102986827651065
alturas_MIDI,180,4,3.371402161732626
alturas_MIDI,180,5,4.815116940267349
alturas_MIDI,180,6,5.631918763440919
alturas_MIDI,180,7,5.830136055474997
alturas_MIDI,181,2,0.7843066737505413
alturas_MIDI,181,3,2.0198524085218073
alturas_MIDI,181,4,3.4972757880708363
alturas_MIDI,181,5,4.900464875507123
alturas_MIDI,181,6,5.661168500553654
alturas_MIDI,181,7,5.82621996970912
alturas_MIDI,182,2,0.7465119259776037
alturas_MIDI,182,3,1.9369073690392424
alturas_MIDI,182,4,3.421353622670309
alturas_MIDI,182,5,4.842280289613288
alturas_MIDI,182,6,5.636264234890319
alturas_MIDI,182,7,5.8497164843043725
alturas_MIDI,183,2,0.7844971492215147
alturas_MIDI,183,3,2.021612347157219
alturas_MIDI,183,4,3.5423989076883498
alturas_MIDI,183,5,5.021451769626086
alturas_MIDI,183,6,5.728587949227983
alturas_MIDI,183,7,5.865380827367875
alturas_MIDI,184,2,0.7661982395011014
alturas_MIDI,184,3,2.0172664803607505
alturas_MIDI,184,4,3.517311799463642
alturas_MIDI,184,5,4.914602595372624
alturas_MIDI,184,6,5.650927275371696
alturas_MIDI,184,7,5.840406210671593
alturas_MIDI,185,2,0.7841796763556009
alturas_MIDI,185,3,2.0477498360207376
alturas_MIDI,185,4,3.590811139285879
alturas_MIDI,185,5,5.054671031254273
alturas_MIDI,185,6,5.740303112843079
alturas_MIDI,185,7,5.857548655836124
alturas_MIDI,186,2,0.7661982395011013
alturas_MIDI,186,3,1.9599482434534063
alturas_MIDI,186,4,3.422554747694269
alturas_MIDI,186,5,4.862623732990961
alturas_MIDI,186,6,5.67877941790131
alturas_MIDI,186,7,5.845800398538497
alturas_MIDI,187,2,0.734893049581735
alturas_MIDI,187,3,1.9243948665878117
alturas_MIDI,187,4,3.4275837478423647
alturas_MIDI,187,5,4.932019575233707
alturas_MIDI,187,6,5.709062676536153
alturas_MIDI,187,7,5.857548655836124
alturas_MIDI,188,2,0.756785357167163
alturas_MIDI,188,3,1.9259228336112288
alturas_MIDI,188,4,3.368830355108098
alturas_MIDI,188,5,4.87369543201484
alturas_MIDI,188,6,5.710536614969292
alturas_MIDI,188,7,5.869296913133749
alturas_MIDI,189,2,0.7925341192548294
alturas_MIDI,189,3,2.0515010893861043
alturas_MIDI,189,4,3.544221216739042
alturas_MIDI,189,5,4.984230795010699
alturas_MIDI,189,6,5.695873574487914
alturas_MIDI,189,7,5.8497164843043725
alturas_MIDI,190,2,0.7833539249587798
alturas_MIDI,190,3,1.9948790591755106
alturas_MIDI,190,4,3.4777916380829463
alturas_MIDI,190,5,4.932824574390733
alturas_MIDI,190,6,5.699778629026281
alturas_MIDI,190,7,5.849716484304373
alturas_MIDI,191,2,0.8152747560675866
alturas_MIDI,191,3,2.0383352772150083
alturas_MIDI,191,4,3.5352150896864
alturas_MIDI,191,5,4.953669551325222
alturas_MIDI,191,6,5.694399636054774
alturas_MIDI,191,7,5.837968227006748
alturas_MIDI,192,2,0.775570644374078
alturas_MIDI,192,3,2.0116546867558913
alturas_MIDI,192,4,3.540660203150761
alturas_MIDI,192,5,4.971972249620733
alturas_MIDI,192,6,5.652401213804838
alturas_MIDI,192,7,5.8247418676080915
alturas_MIDI,193,2,0.7753173693672302
alturas_MIDI,193,3,2.0437815949780114
alturas_MIDI,193,4,3.533470921291292
alturas_MIDI,193,5,4.981733147470564
alturas_MIDI,193,6,5.724682894689615
alturas_MIDI,193,7,5.857548655836124
alturas_MIDI,194,2,0.7992840243306213
alturas_MIDI,194,3,2.003829263472279
alturas_MIDI,194,4,3.49584369168301
alturas_MIDI,194,5,4.8885201595257906
alturas_MIDI,194,6,5.6919685199495476
alturas_MIDI,194,7,5.857548655836124
alturas_MIDI,195,2,0.7462921925535377
alturas_MIDI,195,3,1.9730192298339386
alturas_MIDI,195,4,3.482757531728548
alturas_MIDI,195,5,4.967255442506573
alturas_MIDI,195,6,5.680253356334449
alturas_MIDI,195,7,5.8497164843043725
alturas_MIDI,196,2,0.7929161868557755
alturas_MIDI,196,3,2.01661620653173
alturas_MIDI,196,4,3.548678730988677
alturas_MIDI,196,5,4.970509189644682
alturas_MIDI,196,6,5.6787794179013105
alturas_MIDI,196,7,5.830136055474996
alturas_MIDI,197,2,0.75670666485113
alturas_MIDI,197,3,1.950330447376542
alturas_MIDI,197,4,3.40908543864109
alturas_MIDI,197,5,4.830941965903654
alturas_MIDI,197,6,5.7153988471797454
alturas_MIDI,197,7,5.857548655836124
alturas_MIDI,198,2,0.7840209141398174
alturas_MIDI,198,3,2.0190406659082956
alturas_MIDI,198,4,3.5557240520198747
alturas_MIDI,198,5,4.970439776275967
alturas_MIDI,198,6,5.6626424389867935
alturas_MIDI,198,7,5.841884312772622
alturas_MIDI,199,2,0.8080862399270125
alturas_MIDI,199,3,2.056410646691101
alturas_MIDI,199,4,3.551758398959868
alturas_MIDI,199,5,4.959580242253947
alturas_MIDI,199,6,5.7007358066983675
alturas_MIDI,199,7,5.861464741601999
alturas_MIDI,200,2,0.7562816539643085
alturas_MIDI,200,3,1.967275793147655
alturas_MIDI,200,4,3.449602227555033
alturas_MIDI,200,5,4.890623258379893
alturas_MIDI,200,6,5.661685261314707
alturas_MIDI,200,7,5.853632570070248
alturas_MIDI,201,2,0.8087267928662603
alturas_MIDI,201,3,2.0677305818072615
alturas_MIDI,201,4,3.5970608098701677
alturas_MIDI,201,5,5.03027055856594
alturas_MIDI,201,6,5.71782996328497
alturas_MIDI,201,7,5.845800398538497
alturas_MIDI,202,2,0.7665139132580538
alturas_MIDI,202,3,1.9882479276061757
alturas_MIDI,202,4,3.465833691019823
alturas_MIDI,202,5,4.942910607557884
alturas_MIDI,202,6,5.706114799669874
alturas_MIDI,202,7,5.849716484304373
alturas_MIDI,203,2,0.7466060874798152
alturas_MIDI,203,3,1.9320663347129927
alturas_MIDI,203,4,3.391525280020677
alturas_MIDI,203,5,4.844980812498957
alturas_MIDI,203,6,5.670452548063525
alturas_MIDI,203,7,5.830136055474997
alturas_MIDI,204,2,0.7658509202880203
alturas_MIDI,204,3,1.9927373694640855
alturas_MIDI,204,4,3.47944810072549
alturas_MIDI,204,5,4.998036962794478
alturas_MIDI,204,6,5.729545126900071
alturas_MIDI,204,7,5.857548655836124
alturas_MIDI,205,2,0.7756972655201175
alturas_MIDI,205,3,2.0042957713089753
alturas_MIDI,205,4,3.4931260580345005
alturas_MIDI,205,5,4.917380000395203
alturas_MIDI,205,6,5.715398847179744
alturas_MIDI,205,7,5.857548655836124
alturas_MIDI,206,2,0.7664192182259069
alturas_MIDI,206,3,2.011514742688003
alturas_MIDI,206,4,3.5170729688384204
alturas_MIDI,206,5,4.95102498759539
alturas_MIDI,206,6,5.700735806698367
alturas_MIDI,206,7,5.841884312772621
alturas_MIDI,207,2,0.7844019145786811
alturas_MIDI,207,3,2.0319853875163054
alturas_MIDI,207,4,3.561088748396525
alturas_MIDI,207,5,4.974654728417124
alturas_MIDI,207,6,5.720777840151252
alturas_MIDI,207,7,5.841884312772623
alturas_MIDI,208,2,0.8229698880024181
alturas_MIDI,208,3,2.079279436774083
alturas_MIDI,208,4,3.588219306426499
alturas_MIDI,208,5,4.977341475673724
alturas_MIDI,208,6,5.733966942199487
alturas_MIDI,208,7,5.869296913133749
alturas_MIDI,209,2,0.7457270141637269
alturas_MIDI,209,3,1.9757394516581015
alturas_MIDI,209,4,3.449422182252415
alturas_MIDI,209,5,4.916424437272346
alturas_MIDI,209,6,5.694399636054775
alturas_MIDI,209,7,5.853632570070248
alturas_MIDI,210,2,0.7756972655201175
alturas_MIDI,210,3,2.0267433845406453
alturas_MIDI,210,4,3.55908890943889
alturas_MIDI,210,5,4.984451071613127
alturas_MIDI,210,6,5.696830752160002
alturas_MIDI,210,7,5.840406210671593
alturas_MIDI,211,2,0.8149855084587397
alturas_MIDI,211,3,2.0766843810011917
alturas_MIDI,211,4,3.5894869162455447
alturas_MIDI,211,5,5.041392552717158
alturas_MIDI,211,6,5.729545126900071
alturas_MIDI,211,7,5.857548655836123
alturas_MIDI,212,2,0.8214386223351073
alturas_MIDI,212,3,2.086179814741674
alturas_MIDI,212,4,3.6025694291529806
alturas_MIDI,212,5,5.050645178829583
alturas_MIDI,212,6,5.743691406620395
alturas_MIDI,212,7,5.861464741601999
alturas_MIDI,213,2,0.775459841926889
alturas_MIDI,213,3,1.9727585919651376
alturas_MIDI,213,4,3.44203680304126
alturas_MIDI,213,5,4.9078326631155145
alturas_MIDI,213,6,5.668978609630387
alturas_MIDI,213,7,5.845800398538498
alturas_MIDI,214,2,0.7665139132580538
alturas_MIDI,214,3,1.9549628263284637
alturas_MIDI,214,4,3.426264248721169
alturas_MIDI,214,5,4.869181178830025
alturas_MIDI,214,6,5.660211322881567
alturas_MIDI,214,7,5.8497164843043725
alturas_MIDI,215,2,0.7465119259776037
alturas_MIDI,215,3,1.946287636440267
alturas_MIDI,215,4,3.471755319620954
alturas_MIDI,215,5,4.954077554224136
alturas_MIDI,215,6,5.685632349305955
alturas_MIDI,215,7,5.830136055474997
alturas_MIDI,216,2,0.7660403772757444
alturas_MIDI,216,3,1.9771841754482011
alturas_MIDI,216,4,3.5014902248892437
alturas_MIDI,216,5,4.931598439538103
alturas_MIDI,216,6,5.6728836641687534
alturas_MIDI,216,7,5.837968227006747
alturas_MIDI,217,2,0.7756497838679268
alturas_MIDI,217,3,2.001263301190653
alturas_MIDI,217,4,3.4914757319751244
alturas_MIDI,217,5,4.969585877559888
alturas_MIDI,217,6,5.726156833122758
alturas_MIDI,217,7,5.853632570070248
alturas_MIDI,218,2,0.8087267928662603
alturas_MIDI,218,3,2.0430043990381033
alturas_MIDI,218,4,3.5520866932640685
alturas_MIDI,218,5,4.991850357523679
alturas_MIDI,218,6,5.71149379264138
alturas_MIDI,218,7,5.853632570070249
alturas_MIDI,219,2,0.7844019145786811
alturas_MIDI,219,3,2.010286946644594
alturas_MIDI,219,4,3.547077620698809
alturas_MIDI,219,5,4.975175380215307
alturas_MIDI,219,6,5.695873574487914
alturas_MIDI,219,7,5.853632570070249
alturas_MIDI,220,2,0.7656298563506156
alturas_MIDI,220,3,1.962331039034782
alturas_MIDI,220,4,3.4147494669973804
alturas_MIDI,220,5,4.8789899020868095
alturas_MIDI,220,6,5.674874363362945
alturas_MIDI,220,7,5.845800398538498
alturas_MIDI,221,2,0.7461352201696898
alturas_MIDI,221,3,1.9887946500438707
alturas_MIDI,221,4,3.4809183433072963
alturas_MIDI,221,5,4.911865552988683
alturas_MIDI,221,6,5.688063465411185
alturas_MIDI,221,7,5.869296913133749
alturas_MIDI,222,2,0.8163990591122765
alturas_MIDI,222,3,2.0877238964071454
alturas_MIDI,222,4,3.607764495126972
alturas_MIDI,222,5,5.044038512015279
alturas_MIDI,222,6,5.721735017823338
alturas_MIDI,222,7,5.849716484304373
alturas_MIDI,223,2,0.7664192182259069
alturas_MIDI,223,3,1.9833605067986346
alturas_MIDI,223,4,3.4834268273835276
alturas_MIDI,223,5,4.985700593167339
alturas_MIDI,223,6,5.7451653450535325
alturas_MIDI,223,7,5.857548655836124
alturas_MIDI,224,2,0.7746998286465294
alturas_MIDI,224,3,2.0074528822001163
alturas_MIDI,224,4,3.456862327958329
alturas_MIDI,224,5,4.834152133946708
alturas_MIDI,224,6,5.6436339270560145
alturas_MIDI,224,7,5.834052141240872
alturas_MIDI,225,2,0.7568483080055324
alturas_MIDI,225,3,2.000327424249547
alturas_MIDI,225,4,3.526636059582555
alturas_MIDI,225,5,4.91628563268322
alturas_MIDI,225,6,5.6626424389867935
alturas_MIDI,225,7,5.841884312772622
alturas_MIDI,226,2,0.7236582098059695
alturas_MIDI,226,3,1.914310525320807
alturas_MIDI,226,4,3.3859221930852685
alturas_MIDI,226,5,4.856354260138568
alturas_MIDI,226,6,5.703683683564648
alturas_MIDI,226,7,5.8497164843043725
alturas_MIDI,227,2,0.8088068421389454
alturas_MIDI,227,3,2.0483470549024236
alturas_MIDI,227,4,3.5634331563661545
alturas_MIDI,227,5,4.911332521129714
alturas_MIDI,227,6,5.680693773245483
alturas_MIDI,227,7,5.849716484304373
alturas_MIDI,228,2,0.7555730307930882
alturas_MIDI,228,3,1.945383826570922
alturas_MIDI,228,4,3.395506430841863
alturas_MIDI,228,5,4.8320366550318266
alturas_MIDI,228,6,5.637738173323458
alturas_MIDI,228,7,5.861464741601999
alturas_MIDI,229,2,0.8003704048425897
alturas_MIDI,229,3,2.0156415616571803
alturas_MIDI,229,4,3.5214215413777503
alturas_MIDI,229,5,5.006120165946021
alturas_MIDI,229,6,5.719303901718111
alturas_MIDI,229,7,5.830136055474997
alturas_MIDI,230,2,0.7664192182259069
alturas_MIDI,230,3,2.01664112128847
alturas_MIDI,230,4,3.5087393751457343
alturas_MIDI,230,5,4.971123693516956
alturas_MIDI,230,6,5.731535826094261
alturas_MIDI,230,7,5.865380827367875
alturas_MIDI,231,2,0.7744305629827763
alturas_MIDI,231,3,1.991952599828789
alturas_MIDI,231,4,3.4979897610584034
alturas_MIDI,231,5,4.971154870402923
alturas_MIDI,231,6,5.753492214891319
alturas_MIDI,231,7,5.865380827367874
alturas_MIDI,232,2,0.800945219665376
alturas_MIDI,232,3,2.0827544281365675
alturas_MIDI,232,4,3.622340670614136
alturas_MIDI,232,5,5.044703311014893
alturas_MIDI,232,6,5.730061887661122
alturas_MIDI,232,7,5.841884312772623
alturas_MIDI,233,2,0.7558407728234877
alturas_MIDI,233,3,1.9589228583295077
alturas_MIDI,233,4,3.465041402300634
alturas_MIDI,233,5,4.870122213587907
alturas_MIDI,233,6,5.66359961665888
alturas_MIDI,233,7,5.826219969709121
alturas_MIDI,234,2,0.7757130923968677
alturas_MIDI,234,3,2.0059949647881634
alturas_MIDI,234,4,3.5044480182538598
alturas_MIDI,234,5,4.949034537640562
alturas_MIDI,234,6,5.7022097451315075
alturas_MIDI,234,7,5.8497164843043725
alturas_MIDI,235,2,0.7744305629827763
alturas_MIDI,235,3,2.0003332174072006
alturas_MIDI,235,4,3.464554649227499
alturas_MIDI,235,5,4.915068683583263
alturas_MIDI,235,6,5.661685261314709
alturas_MIDI,235,7,5.837968227006747
alturas_MIDI,236,2,0.7466060874798152
alturas_MIDI,236,3,1.934899882870082
alturas_MIDI,236,4,3.3768145302352983
alturas_MIDI,236,5,4.84835392456862
alturas_MIDI,236,6,5.698821451354194
alturas_MIDI,236,7,5.853632570070249
alturas_MIDI,237,2,0.8008494329342777
alturas_MIDI,237,3,1.9935824098495043
alturas_MIDI,237,4,3.470624309554192
alturas_MIDI,237,5,4.903580870059898
alturas_MIDI,237,6,5.655154100617476
alturas_MIDI,237,7,5.845800398538497
alturas_MIDI,238,2,0.7466060874798152
alturas_MIDI,238,3,1.9386473930573112
alturas_MIDI,238,4,3.371696004836167
alturas_MIDI,238,5,4.800123926117477
alturas_MIDI,238,6,5.638254934084513
alturas_MIDI,238,7,5.834052141240873
alturas_MIDI,239,2,0.8084706055682882
alturas_MIDI,239,3,2.062548183573916
alturas_MIDI,239,4,3.5743420960852585
alturas_MIDI,239,5,4.994324939778421
alturas_MIDI,239,6,5.70220974513151
alturas_MIDI,239,7,5.849716484304373
alturas_MIDI,240,2,0.8084706055682882
alturas_MIDI,240,3,2.082390777266944
alturas_MIDI,240,4,3.609511372765464
alturas_MIDI,240,5,4.9953243812642185
alturas_MIDI,240,6,5.71930390171811
alturas_MIDI,240,7,5.845800398538498
alturas_MIDI,241,2,0.7753173693672302
alturas_MIDI,241,3,2.01011160857237
alturas_MIDI,241,4,3.4944330102521897
alturas_MIDI,241,5,4.91478742662888
alturas_MIDI,241,6,5.639212111756599
alturas_MIDI,241,7,5.841884312772622
alturas_MIDI,242,2,0.7928684338651326
alturas_MIDI,242,3,2.044448763107228
alturas_MIDI,242,4,3.5469833986269634
alturas_MIDI,242,5,4.997585402948818
alturas_MIDI,242,6,5.7090626765361545
alturas_MIDI,242,7,5.857548655836124
alturas_MIDI,243,2,0.8003704048425897
alturas_MIDI,243,3,2.0787233017243545
alturas_MIDI,243,4,3.5841790686420434
alturas_MIDI,243,5,4.999951283348308
alturas_MIDI,243,6,5.727114010794845
alturas_MIDI,243,7,5.861464741601999
alturas_MIDI,244,2,0.7237518437567853
alturas_MIDI,244,3,1.9027156099396647
alturas_MIDI,244,4,3.3341311470477506
alturas_MIDI,244,5,4.739866665519597
alturas_MIDI,244,6,5.611876729988038
alturas_MIDI,244,7,5.845800398538498
alturas_MIDI,245,2,0.7232836152033513
alturas_MIDI,245,3,1.931620226909407
alturas_MIDI,245,4,3.421993220843709
alturas_MIDI,245,5,4.932948229930807
alturas_MIDI,245,6,5.6904945815164085
alturas_MIDI,245,7,5.845800398538497
alturas_MIDI,246,2,0.7664192182259069
alturas_MIDI,246,3,2.0088896062100834
alturas_MIDI,246,4,3.531693935572808
alturas_MIDI,246,5,4.994080202322312
alturas_MIDI,246,6,5.752018276458178
alturas_MIDI,246,7,5.845800398538498
alturas_MIDI,247,2,0.775570644374078
alturas_MIDI,247,3,2.029580226575935
alturas_MIDI,247,4,3.5546172821236284
alturas_MIDI,247,5,4.971715132103841
alturas_MIDI,247,6,5.712967731074519
alturas_MIDI,247,7,5.869296913133749
alturas_MIDI,248,2,0.7464177584968525
alturas_MIDI,248,3,1.9267367959099229
alturas_MIDI,248,4,3.45175680137583
alturas_MIDI,248,5,4.94746414922924
alturas_MIDI,248,6,5.7051576219977855
alturas_MIDI,248,7,5.841884312772623
alturas_MIDI,249,2,0.7564548212959079
alturas_MIDI,249,3,1.956254370352205
alturas_MIDI,249,4,3.4407718652822155
alturas_MIDI,249,5,4.893712344506909
alturas_MIDI,249,6,5.668538192719351
alturas_MIDI,249,7,5.841884312772622
alturas_MIDI,250,2,0.7465119259776037
alturas_MIDI,250,3,1.9872141155266125
alturas_MIDI,250,4,3.4920741673493683
alturas_MIDI,250,5,4.93161723636329
alturas_MIDI,250,6,5.72077784015125
alturas_MIDI,250,7,5.857548655836124
alturas_MIDI,251,2,0.7928684338651326
alturas_MIDI,251,3,2.0336060348170304
alturas_MIDI,251,4,3.547579478390943
alturas_MIDI,251,5,4.971331590058604
alturas_MIDI,251,6,5.6841584108728185
alturas_MIDI,251,7,5.841884312772623
alturas_MIDI,252,2,0.756785357167163
alturas_MIDI,252,3,1.9907420316893134
alturas_MIDI,252,4,3.490256153498833
alturas_MIDI,252,5,4.89590566980727
alturas_MIDI,252,6,5.667064254286213
alturas_MIDI,252,7,5.845800398538498
alturas_MIDI,253,2,0.7462921925535377
alturas_MIDI,253,3,2.0153204372706686
alturas_MIDI,253,4,3.5635738923236167
alturas_MIDI,253,5,5.037385818533839
alturas_MIDI,253,6,5.742734228948307
alturas_MIDI,253,7,5.865380827367874
alturas_MIDI,254,2,0.7841796763556009
alturas_MIDI,254,3,2.0437224965964207
alturas_MIDI,254,4,3.5588314250668476
alturas_MIDI,254,5,4.985387837910802
alturas_MIDI,254,6,5.721735017823338
alturas_MIDI,254,7,5.861464741601999
alturas_MIDI,255,2,0.7354096420333789
alturas_MIDI,255,3,1.93918629660475
alturas_MIDI,255,4,3.403432420933722
alturas_MIDI,255,5,4.868796562632691
alturas_MIDI,255,6,5.6673096811436094
alturas_MIDI,255,7,5.832574039139842
alturas_MIDI,256,2,0.8008494329342777
alturas_MIDI,256,3,2.070811863802165
alturas_MIDI,256,4,3.5582504175036824
alturas_MIDI,256,5,4.947370297155152
alturas_MIDI,256,6,5.688063465411185
alturas_MIDI,256,7,5.845800398538498
alturas_MIDI,257,2,0.7913395137553767
alturas_MIDI,257,3,2.0480647345635
alturas_MIDI,257,4,3.5450362767445727
alturas_MIDI,257,5,4.971526032387375
alturas_MIDI,257,6,5.706114799669876
alturas_MIDI,257,7,5.849716484304373
alturas_MIDI,258,2,0.8086147164790373
alturas_MIDI,258,3,2.0358879034023096
alturas_MIDI,258,4,3.533739110683835
alturas_MIDI,258,5,5.005680986161141
alturas_MIDI,258,6,5.672883664168753
alturas_MIDI,258,7,5.841884312772622
alturas_MIDI,259,2,0.7756497838679268
alturas_MIDI,259,3,1.9759955512749918
alturas_MIDI,259,4,3.4793819478315022
alturas_MIDI,259,5,4.965791308378428
alturas_MIDI,259,6,5.706114799669875
alturas_MIDI,259,7,5.837968227006747
alturas_MIDI,260,2,0.7833539249587798
alturas_MIDI,260,3,2.0128897486046533
alturas_MIDI,260,4,3.5300331381368557
alturas_MIDI,260,5,4.974401879360441
alturas_MIDI,260,6,5.753492214891317
alturas_MIDI,260,7,5.853632570070249
alturas_MIDI,261,2,0.7356443974658075
alturas_MIDI,261,3,1.9174934245767452
alturas_MIDI,261,4,3.3915276295645134
alturas_MIDI,261,5,4.837260338315099
alturas_MIDI,261,6,5.670452548063525
alturas_MIDI,261,7,5.845800398538498
alturas_MIDI,262,2,0.8164311692434326
alturas_MIDI,262,3,2.0940727311402583
alturas_MIDI,262,4,3.602726985288075
alturas_MIDI,262,5,4.969634777118941
alturas_MIDI,262,6,5.682684472439676
alturas_MIDI,262,7,5.841884312772622
alturas_MIDI,263,2,0.8086147164790373
alturas_MIDI,263,3,2.037863837485471
alturas_MIDI,263,4,3.531987947411439
alturas_MIDI,263,5,4.992095094979788
alturas_MIDI,263,6,5.7139249087466055
alturas_MIDI,263,7,5.853632570070248
alturas_MIDI,264,2,0.808854869587129
alturas_MIDI,264,3,2.0420767414462273
alturas_MIDI,264,4,3.571987902189906
alturas_MIDI,264,5,5.0387426463750185
alturas_MIDI,264,6,5.709062676536153
alturas_MIDI,264,7,5.857548655836124
alturas_MIDI,265,2,0.7568483080055324
alturas_MIDI,265,3,1.9661799223900907
alturas_MIDI,265,4,3.4645596215127012
alturas_MIDI,265,5,4.909288685643086
alturas_MIDI,265,6,5.668978609630386
alturas_MIDI,265,7,5.830136055474997
alturas_MIDI,266,2,0.7844971492215147
alturas_MIDI,266,3,2.0441983953721103
alturas_MIDI,266,4,3.562396433381088
alturas_MIDI,266,5,5.049231018412589
alturas_MIDI,266,6,5.778396480554654
alturas_MIDI,266,7,5.869296913133749
alturas_MIDI,267,2,0.7753173693672302
alturas_MIDI,267,3,2.0313946167975265
alturas_MIDI,267,4,3.529304756105928
alturas_MIDI,267,5,4.9650486629933335
alturas_MIDI,267,6,5.679736595573399
alturas_MIDI,267,7,5.841884312772622
alturas_MIDI,268,2,0.7356443974658075
alturas_MIDI,268,3,1.9368051522441645
alturas_MIDI,268,4,3.4455660636299403
alturas_MIDI,268,5,4.918935539025358
alturas_MIDI,268,6,5.709062676536153
alturas_MIDI,268,7,5.845800398538498
alturas_MIDI,269,2,0.7926774063058946
alturas_MIDI,269,3,2.0298427428816708
alturas_MIDI,269,4,3.5411462596124648
alturas_MIDI,269,5,4.993049583950549
alturas_MIDI,269,6,5.742734228948309
alturas_MIDI,269,7,5.837968227006747
alturas_MIDI,270,2,0.7746998286465294
alturas_MIDI,270,3,2.0144681027845692
alturas_MIDI,270,4,3.5223333263144814
alturas_MIDI,270,5,4.939613303473028
alturas_MIDI,270,6,5.6860727662169905
alturas_MIDI,270,7,5.853632570070248
alturas_MIDI,271,2,0.7926774063058946
alturas_MIDI,271,3,2.0281524792220287
alturas_MIDI,271,4,3.5338788716952236
alturas_MIDI,271,5,4.985889692883806
alturas_MIDI,271,6,5.7036836835646465
alturas_MIDI,271,7,5.834052141240872
alturas_MIDI,272,2,0.7568483080055324
alturas_MIDI,272,3,1.961845857933787
alturas_MIDI,272,4,3.4454139752878894
alturas_MIDI,272,5,4.87900367771588
alturas_MIDI,272,6,5.691451759188497
alturas_MIDI,272,7,5.837968227006748
alturas_MIDI,273,2,0.7844019145786811
alturas_MIDI,273,3,2.056872186228986
alturas_MIDI,273,4,3.5807888492873587
alturas_MIDI,273,5,5.064951506750193
alturas_MIDI,273,6,5.741777051276219
alturas_MIDI,273,7,5.853632570070248
alturas_MIDI,274,2,0.765092848656463
alturas_MIDI,274,3,1.9760793467555684
alturas_MIDI,274,4,3.4785287164114185
alturas_MIDI,274,5,4.95478196312648
alturas_MIDI,274,6,5.728587949227983
alturas_MIDI,274,7,5.849716484304373
alturas_MIDI,275,2,0.7663245171130089
alturas_MIDI,275,3,1.9863454092060904
alturas_MIDI,275,4,3.4787963059188667
alturas_MIDI,275,5,4.893349615539223
alturas_MIDI,275,6,5.67391718569086
alturas_MIDI,275,7,5.849716484304373
alturas_MIDI,276,2,0.8003704048425897
alturas_MIDI,276,3,2.049463797938082
alturas_MIDI,276,4,3.551135094418893
alturas_MIDI,276,5,4.99299928882321
alturas_MIDI,276,6,5.682684472439677
alturas_MIDI,276,7,5.8497164843043725
alturas_MIDI,277,2,0.7756972655201175
alturas_MIDI,277,3,2.0006802551398817
alturas_MIDI,277,4,3.514776417348828
alturas_MIDI,277,5,4.942815359915507
alturas_MIDI,277,6,5.691968519949548
alturas_MIDI,277,7,5.849716484304373
alturas_MIDI,278,2,0.7841796763556009
alturas_MIDI,278,3,2.079804886168717
alturas_MIDI,278,4,3.5864159136135654
alturas_MIDI,278,5,5.01191788655928
alturas_MIDI,278,6,5.700735806698368
alturas_MIDI,278,7,5.849716484304373
alturas_MIDI,279,2,0.7841796763556009
alturas_MIDI,279,3,2.0084417288127443
alturas_MIDI,279,4,3.506443866393735
alturas_MIDI,279,5,4.942797637242419
alturas_MIDI,279,6,5.715398847179745
alturas_MIDI,279,7,5.853632570070249
alturas_MIDI,280,2,0.800945219665376
alturas_MIDI,280,3,2.0469942834722525
alturas_MIDI,280,4,3.531952060350052
alturas_MIDI,280,5,4.956406593709165
alturas_MIDI,280,6,5.686589526978045
alturas_MIDI,280,7,5.841884312772622
alturas_MIDI,281,2,0.756785357167163
alturas_MIDI,281,3,1.964437792780362
alturas_MIDI,281,4,3.4421480445500294
alturas_MIDI,281,5,4.912549148813484
alturas_MIDI,281,6,5.71149379264138
alturas_MIDI,281,7,5.861464741601999
alturas_MIDI,282,2,0.7665139132580538
alturas_MIDI,282,3,1.997002903572973
alturas_MIDI,282,4,3.501390801609745
alturas_MIDI,282,5,4.932051073535861
alturas_MIDI,282,6,5.713924908746605
alturas_MIDI,282,7,5.861464741601998
alturas_MIDI,283,2,0.756832570547119
alturas_MIDI,283,3,1.9871064696036205
alturas_MIDI,283,4,3.457681012924624
alturas_MIDI,283,5,4.97632431151484
alturas_MIDI,283,6,5.693442458382688
alturas_MIDI,283,7,5.845800398538498
alturas_MIDI,284,2,0.756832570547119
alturas_MIDI,284,3,1.9789076789372109
alturas_MIDI,284,4,3.4573007347719744
alturas_MIDI,284,5,4.899912725406776
alturas_MIDI,284,6,5.694916396815828
alturas_MIDI,284,7,5.837968227006749
alturas_MIDI,285,2,0.8163990591122765
alturas_MIDI,285,3,2.100006110118945
alturas_MIDI,285,4,3.642914332948736
alturas_MIDI,285,5,5.056435861994368
alturas_MIDI,285,6,5.7432509897093595
alturas_MIDI,285,7,5.869296913133749
alturas_MIDI,286,2,0.7664823489228905
alturas_MIDI,286,3,1.9963146186626686
alturas_MIDI,286,4,3.5037498061696906
alturas_MIDI,286,5,4.906073174987728
alturas_MIDI,286,6,5.659770905970535
alturas_MIDI,286,7,5.830136055474997
alturas_MIDI,287,2,0.7350965771290265
alturas_MIDI,287,3,1.9210238605021102
alturas_MIDI,287,4,3.3818790158938654
alturas_MIDI,287,5,4.810543206202519
alturas_MIDI,287,6,5.668021431958302
alturas_MIDI,287,7,5.845800398538497
alturas_MIDI,288,2,0.7663245171130089
alturas_MIDI,288,3,1.9872742756838107
alturas_MIDI,288,4,3.463394742449307
alturas_MIDI,288,5,4.897004305979461
alturas_MIDI,288,6,5.7153988471797454
alturas_MIDI,288,7,5.853632570070249
alturas_MIDI,289,2,0.783608051877788
alturas_MIDI,289,3,2.0519141165313686
alturas_MIDI,289,4,3.6007938796226933
alturas_MIDI,289,5,5.033038777835846
alturas_MIDI,289,6,5.759828385534911
alturas_MIDI,289,7,5.861464741601999
alturas_MIDI,290,2,0.7844654050277371
alturas_MIDI,290,3,2.031824120317527
alturas_MIDI,290,4,3.507029539733457
alturas_MIDI,290,5,4.9533175075821445
alturas_MIDI,290,6,5.6758315410350315
alturas_MIDI,290,7,5.826219969709121
alturas_MIDI,291,2,0.8008494329342777
alturas_MIDI,291,3,2.0387506484491347
alturas_MIDI,291,4,3.519592086570857
alturas_MIDI,291,5,4.9693276858909
alturas_MIDI,291,6,5.702209745131508
alturas_MIDI,291,7,5.853632570070249
alturas_MIDI,292,2,0.7746998286465294
alturas_MIDI,292,3,2.00423498020844
alturas_MIDI,292,4,3.4842192789738746
alturas_MIDI,292,5,4.955767628983209
alturas_MIDI,292,6,5.681210534006539
alturas_MIDI,292,7,5.853632570070248
alturas_MIDI,293,2,0.8086147164790373
alturas_MIDI,293,3,2.0281275186071657
alturas_MIDI,293,4,3.5433807549819747
alturas_MIDI,293,5,4.940486320430481
alturas_MIDI,293,6,5.72077784015125
alturas_MIDI,293,7,5.857548655836124
alturas_MIDI,294,2,0.7355191991798283
alturas_MIDI,294,3,1.9374827263056789
alturas_MIDI,294,4,3.3950831914476978
alturas_MIDI,294,5,4.8752101826865175
alturas_MIDI,294,6,5.681210534006538
alturas_MIDI,294,7,5.832574039139842
alturas_MIDI,295,2,0.7844971492215147
alturas_MIDI,295,3,2.0371296182987404
alturas_MIDI,295,4,3.562039861018771
alturas_MIDI,295,5,5.00051154504922
alturas_MIDI,295,6,5.707588738103012
alturas_MIDI,295,7,5.857548655836124
alturas_MIDI,296,2,0.7568483080055324
alturas_MIDI,296,3,1.960613188073805
alturas_MIDI,296,4,3.4650959222941458
alturas_MIDI,296,5,4.925304206564146
alturas_MIDI,296,6,5.667064254286213
alturas_MIDI,296,7,5.857548655836124
alturas_MIDI,297,2,0.800945219665376
alturas_MIDI,297,3,2.0945438936676117
alturas_MIDI,297,4,3.6439884851834714
alturas_MIDI,297,5,5.103422002919797
alturas_MIDI,297,6,5.753492214891319
alturas_MIDI,297,7,5.853632570070248
alturas_MIDI,298,2,0.7340943260432029
alturas_MIDI,298,3,1.919128556768601
alturas_MIDI,298,4,3.360544425424817
alturas_MIDI,298,5,4.783643391137878
alturas_MIDI,298,6,5.624549071275222
alturas_MIDI,298,7,5.81690969607634
alturas_MIDI,299,2,0.7841796763556009
alturas_MIDI,299,3,2.017237733226741
alturas_MIDI,299,4,3.488865379819256
alturas_MIDI,299,5,4.919948434724034
alturas_MIDI,299,6,5.702209745131507
alturas_MIDI,299,7,5.865380827367874
alturas_MIDI,300,2,0.783608051877788
alturas_MIDI,300,3,2.0397059682255194
alturas_MIDI,300,4,3.5591997839022267
alturas_MIDI,300,5,5.015603753885489
alturas_MIDI,300,6,5.711493792641379
alturas_MIDI,300,7,5.845800398538498
alturas_MIDI,301,2,0.75670666485113
alturas_MIDI,301,3,1.9788806630793467
alturas_MIDI,301,4,3.5014945302293103
alturas_MIDI,301,5,4.946126118213247
alturas_MIDI,301,6,5.7183467240460235
alturas_MIDI,301,7,5.8497164843043725
alturas_MIDI,302,2,0.7844019145786811
alturas_MIDI,302,3,1.9992016929873524
alturas_MIDI,302,4,3.509563268170367
alturas_MIDI,302,5,4.988666023754282
alturas_MIDI,302,6,5.757397269429685
alturas_MIDI,302,7,5.845800398538497
alturas_MIDI,303,2,0.7558407728234877
alturas_MIDI,303,3,1.9632076456513103
alturas_MIDI,303,4,3.468437111205952
alturas_MIDI,303,5,4.897204090920537
alturas_MIDI,303,6,5.676271957946067
alturas_MIDI,303,7,5.832574039139841
alturas_MIDI,304,2,0.8236946579992266
alturas_MIDI,304,3,2.109563748289242
alturas_MIDI,304,4,3.6212196923269016
alturas_MIDI,304,5,5.010479265288605
alturas_MIDI,304,6,5.716872785612886
alturas_MIDI,304,7,5.853632570070248
alturas_MIDI,305,2,0.8088068421389454
alturas_MIDI,305,3,2.0603004458374006
alturas_MIDI,305,4,3.5454546565561724
alturas_MIDI,305,5,4.969454110419242
alturas_MIDI,305,6,5.674357602601893
alturas_MIDI,305,7,5.845800398538499
alturas_MIDI,306,2,0.7751432174857484
alturas_MIDI,306,3,2.014883417488969
alturas_MIDI,306,4,3.467945558111445
alturas_MIDI,306,5,4.896615421321923
alturas_MIDI,306,6,5.653358391476921
alturas_MIDI,306,7,5.81838779817737
alturas_MIDI,307,2,0.8087267928662603
alturas_MIDI,307,3,2.0746569744556513
alturas_MIDI,307,4,3.6269403437759764
alturas_MIDI,307,5,5.030068004636596
alturas_MIDI,307,6,5.705157621997786
alturas_MIDI,307,7,5.834052141240871
alturas_MIDI,308,2,0.8010090739903097
alturas_MIDI,308,3,2.063042106815139
alturas_MIDI,308,4,3.574397934478465
alturas_MIDI,308,5,4.967455227447652
alturas_MIDI,308,6,5.714882086418694
alturas_MIDI,308,7,5.853632570070248
alturas_MIDI,309,2,0.8303718557857639
alturas_MIDI,309,3,2.094564910795329
alturas_MIDI,309,4,3.626958132265093
alturas_MIDI,309,5,4.987378609281821
alturas_MIDI,309,6,5.702726505892562
alturas_MIDI,309,7,5.849716484304373
alturas_MIDI,310,2,0.8010410001042023
alturas_MIDI,310,3,2.0642214449864205
alturas_MIDI,310,4,3.6028834982165514
alturas_MIDI,310,5,4.997898158205358
alturas_MIDI,310,6,5.686589526978041
alturas_MIDI,310,7,5.841884312772622
alturas_MIDI,311,2,0.7564548212959079
alturas_MIDI,311,3,1.9904189298945725
alturas_MIDI,311,4,3.4727442302812133
alturas_MIDI,311,5,4.9204556323093405
alturas_MIDI,311,6,5.720777840151251
alturas_MIDI,311,7,5.853632570070248
alturas_MIDI,312,2,0.8155318165558092
alturas_MIDI,312,3,2.0619889567397216
alturas_MIDI,312,4,3.5692446674859237
alturas_MIDI,312,5,5.025088737393239
alturas_MIDI,312,6,5.7417770512762205
alturas_MIDI,312,7,5.8497164843043725
alturas_MIDI,313,2,0.7929161868557755
alturas_MIDI,313,3,2.080729768878973
alturas_MIDI,313,4,3.6215510522862617
alturas_MIDI,313,5,5.120857026870155
alturas_MIDI,313,6,5.7754486036883765
alturas_MIDI,313,7,5.861464741601999
alturas_MIDI,314,2,0.75670666485113
alturas_MIDI,314,3,1.927990148476621
alturas_MIDI,314,4,3.368187009244624
alturas_MIDI,314,5,4.818776973319894
alturas_MIDI,314,6,5.668538192719354
alturas_MIDI,314,7,5.830136055474997
alturas_MIDI,315,2,0.7926774063058946
alturas_MIDI,315,3,2.071193294258867
alturas_MIDI,315,4,3.605487967933468
alturas_MIDI,315,5,5.017476212328734
alturas_MIDI,315,6,5.747596461158761
alturas_MIDI,315,7,5.853632570070248
alturas_MIDI,316,2,0.775570644374078
alturas_MIDI,316,3,1.9919074192754187
alturas_MIDI,316,4,3.449348329800733
alturas_MIDI,316,5,4.910997878643537
alturas_MIDI,316,6,5.699778629026282
alturas_MIDI,316,7,5.857548655836124
alturas_MIDI,317,2,0.7355191991798283
alturas_MIDI,317,3,1.900245055754247
alturas_MIDI,317,4,3.3770808072806964
alturas_MIDI,317,5,4.9162746260424175
alturas_MIDI,317,6,5.72225177858439
alturas_MIDI,317,7,5.861464741601999
alturas_MIDI,318,2,0.7558407728234877
alturas_MIDI,318,3,1.9648112295847975
alturas_MIDI,318,4,3.4467392426644445
alturas_MIDI,318,5,4.883770779957379
alturas_MIDI,318,6,5.674874363362945
alturas_MIDI,318,7,5.837968227006748
alturas_MIDI,319,2,0.7354096420333789
alturas_MIDI,319,3,1.9336299547989615
alturas_MIDI,319,4,3.419183176482193
alturas_MIDI,319,5,4.885214422424171
alturas_MIDI,319,6,5.670012131152492
alturas_MIDI,319,7,5.8223038839432455
alturas_MIDI,320,2,0.7461352201696898
alturas_MIDI,320,3,1.9838859168815282
alturas_MIDI,320,4,3.471237115988855
alturas_MIDI,320,5,4.9074246602166
alturas_MIDI,320,6,5.719820662479163
alturas_MIDI,320,7,5.861464741601999
alturas_MIDI,321,2,0.7926774063058946
alturas_MIDI,321,3,2.019640036301444
alturas_MIDI,321,4,3.510572794775502
alturas_MIDI,321,5,4.946188793401366
alturas_MIDI,321,6,5.66315919974785
alturas_MIDI,321,7,5.8301360554749975
alturas_MIDI,322,2,0.7756972655201175
alturas_MIDI,322,3,1.9865286943815792
alturas_MIDI,322,4,3.4464784444920786
alturas_MIDI,322,5,4.890170624382134
alturas_MIDI,322,6,5.683641650111765
alturas_MIDI,322,7,5.834052141240872
alturas_MIDI,323,2,0.7726077615759508
alturas_MIDI,323,3,1.9929863080521044
alturas_MIDI,323,4,3.4996871704587447
alturas_MIDI,323,5,4.948179243356196
alturas_MIDI,323,6,5.7168727856128845
alturas_MIDI,323,7,5.857548655836124
alturas_MIDI,324,2,0.800945219665376
alturas_MIDI,324,3,1.9903645332121025
alturas_MIDI,324,4,3.4605761494992633
alturas_MIDI,324,5,4.927434856676384
alturas_MIDI,324,6,5.7022097451315075
alturas_MIDI,324,7,5.845800398538497
alturas_MIDI,325,2,0.808854869587129
alturas_MIDI,325,3,2.0865711436470664
alturas_MIDI,325,4,3.6276047909629754
alturas_MIDI,325,5,5.014650660483012
alturas_MIDI,325,6,5.745682105814586
alturas_MIDI,325,7,5.861464741601999
alturas_MIDI,326,2,0.7352687709838217
alturas_MIDI,326,3,1.9559917647233775
alturas_MIDI,326,4,3.409146699393036
alturas_MIDI,326,5,4.827884056662601
alturas_MIDI,326,6,5.660728083642622
alturas_MIDI,326,7,5.841884312772622
alturas_MIDI,327,2,0.7841796763556009
alturas_MIDI,327,3,2.042651268137765
alturas_MIDI,327,4,3.574554058618757
alturas_MIDI,327,5,4.991918375324106
alturas_MIDI,327,6,5.727114010794843
alturas_MIDI,327,7,5.857548655836124
alturas_MIDI,328,2,0.8237590644124251
alturas_MIDI,328,3,2.0986827649551136
alturas_MIDI,328,4,3.5822773335626183
alturas_MIDI,328,5,5.016282328514169
alturas_MIDI,328,6,5.704640861236736
alturas_MIDI,328,7,5.853632570070249
alturas_MIDI,329,2,0.7756497838679268
alturas_MIDI,329,3,1.9773587476573256
alturas_MIDI,329,4,3.466658817128411
alturas_MIDI,329,5,4.926574219779715
alturas_MIDI,329,6,5.696830752160001
alturas_MIDI,329,7,5.849716484304372
alturas_MIDI,330,2,0.7925341192548294
alturas_MIDI,330,3,2.040640909852533
alturas_MIDI,330,4,3.539554244513764
alturas_MIDI,330,5,5.007458196962014
alturas_MIDI,330,6,5.699261868265228
alturas_MIDI,330,7,5.837968227006748
alturas_MIDI,331,2,0.7564548212959079
alturas_MIDI,331,3,1.9364330318429697
alturas_MIDI,331,4,3.4264346831858767
alturas_MIDI,331,5,4.898078182030088
alturas_MIDI,331,6,5.657780206776342
alturas_MIDI,331,7,5.837968227006748
alturas_MIDI,332,2,0.7464177584968525
alturas_MIDI,332,3,1.9307932261042402
alturas_MIDI,332,4,3.369181677873702
alturas_MIDI,332,5,4.810982064571209
alturas_MIDI,332,6,5.641643227861824
alturas_MIDI,332,7,5.837968227006748
alturas_MIDI,333,2,0.8157567070640672
alturas_MIDI,333,3,2.08566236705221
alturas_MIDI,333,4,3.6556529230189985
alturas_MIDI,333,5,5.066077372764332
alturas_MIDI,333,6,5.714441669507659
alturas_MIDI,333,7,5.861464741601999
alturas_MIDI,334,2,0.775570644374078
alturas_MIDI,334,3,1.9924875298198204
alturas_MIDI,334,4,3.494280714574337
alturas_MIDI,334,5,4.918704577198314
alturas_MIDI,334,6,5.67096930882458
alturas_MIDI,334,7,5.849716484304373
alturas_MIDI,335,2,0.8157567070640672
alturas_MIDI,335,3,2.088822533377363
alturas_MIDI,335,4,3.5967137163117116
alturas_MIDI,335,5,5.022926910395034
alturas_MIDI,335,6,5.731019065333211
alturas_MIDI,335,7,5.841884312772621
alturas_MIDI,336,2,0.7928684338651326
alturas_MIDI,336,3,2.03248347057705
alturas_MIDI,336,4,3.574449049439395
alturas_MIDI,336,5,5.014812530357527
alturas_MIDI,336,6,5.745682105814585
alturas_MIDI,336,7,5.841884312772621
alturas_MIDI,337,2,0.7844971492215147
alturas_MIDI,337,3,2.0405274108909084
alturas_MIDI,337,4,3.6003257796875117
alturas_MIDI,337,5,5.056580009195795
alturas_MIDI,337,6,5.752975454130264
alturas_MIDI,337,7,5.865380827367875
alturas_MIDI,338,2,0.7841796763556009
alturas_MIDI,338,3,2.008543519526897
alturas_MIDI,338,4,3.5210845300704183
alturas_MIDI,338,5,4.987390667926411
alturas_MIDI,338,6,5.692925697621635
alturas_MIDI,338,7,5.83405214124087
alturas_MIDI,339,2,0.7658509202880203
alturas_MIDI,339,3,1.9654207761427327
alturas_MIDI,339,4,3.4283125010345192
alturas_MIDI,339,5,4.889787082336898
alturas_MIDI,339,6,5.719820662479165
alturas_MIDI,339,7,5.853632570070248
alturas_MIDI,340,2,0.7838303767796024
alturas_MIDI,340,3,2.0157822101484366
alturas_MIDI,340,4,3.545492096129971
alturas_MIDI,340,5,5.039778607359086
alturas_MIDI,340,6,5.766164556178502
alturas_MIDI,340,7,5.853632570070248
alturas_MIDI,341,2,0.75670666485113
alturas_MIDI,341,3,1.970542792561034
alturas_MIDI,341,4,3.454830397361338
alturas_MIDI,341,5,4.92499145130761
alturas_MIDI,341,6,5.715398847179744
alturas_MIDI,341,7,5.861464741601999
alturas_MIDI,342,2,0.7925341192548294
alturas_MIDI,342,3,2.0411320398177883
alturas_MIDI,342,4,3.576199414956076
alturas_MIDI,342,5,5.048623230572598
alturas_MIDI,342,6,5.716356024851831
alturas_MIDI,342,7,5.857548655836124
alturas_MIDI,343,2,0.7756972655201175
alturas_MIDI,343,3,2.0163297274250067
alturas_MIDI,343,4,3.513761568248876
alturas_MIDI,343,5,4.970150086304821
alturas_MIDI,343,6,5.689020643083269
alturas_MIDI,343,7,5.841884312772622
alturas_MIDI,344,2,0.7741295605739925
alturas_MIDI,344,3,1.9831296844560469
alturas_MIDI,344,4,3.505070401125581
alturas_MIDI,344,5,4.957726902052071
alturas_MIDI,344,6,5.7139249087466055
alturas_MIDI,344,7,5.836490124905717
alturas_MIDI,345,2,0.7844019145786811
alturas_MIDI,345,3,2.03824177577962
alturas_MIDI,345,4,3.520103282306916
alturas_MIDI,345,5,4.881799126827737
alturas_MIDI,345,6,5.651884453043784
alturas_MIDI,345,7,5.837968227006747
alturas_MIDI,346,2,0.7661982395011014
alturas_MIDI,346,3,1.9919215552435001
alturas_MIDI,346,4,3.4520479594960087
alturas_MIDI,346,5,4.910175156813421
alturas_MIDI,346,6,5.704200444325697
alturas_MIDI,346,7,5.861464741601999
alturas_MIDI,347,2,0.7910048490179448
alturas_MIDI,347,3,2.0332198350192763
alturas_MIDI,347,4,3.5184062664606506
alturas_MIDI,347,5,4.977386428188756
alturas_MIDI,347,6,5.6992618682652285
alturas_MIDI,347,7,5.853632570070249
alturas_MIDI,348,2,0.8008494329342777
alturas_MIDI,348,3,2.0423072795372574
alturas_MIDI,348,4,3.5736987428355746
alturas_MIDI,348,5,4.963982599275397
alturas_MIDI,348,6,5.717829963284972
alturas_MIDI,348,7,5.861464741601999
alturas_MIDI,349,2,0.7925341192548294
alturas_MIDI,349,3,2.0280672013655936
alturas_MIDI,349,4,3.522882690418359
alturas_MIDI,349,5,4.959278172222019
alturas_MIDI,349,6,5.716872785612884
alturas_MIDI,349,7,5.841884312772623
alturas_MIDI,350,2,0.7751432174857484
alturas_MIDI,350,3,2.0060972032812825
alturas_MIDI,350,4,3.4968992380455486
alturas_MIDI,350,5,4.92423172608181
alturas_MIDI,350,6,5.646065043161242
alturas_MIDI,350,7,5.841884312772622
alturas_MIDI,351,2,0.7844971492215147
alturas_MIDI,351,3,2.027362201126712
alturas_MIDI,351,4,3.548754992349348
alturas_MIDI,351,5,5.010014251230062
alturas_MIDI,351,6,5.750544338025039
alturas_MIDI,351,7,5.857548655836123
alturas_MIDI,352,2,0.8237429630781342
alturas_MIDI,352,3,2.0683255110459635
alturas_MIDI,352,4,3.5527700321446374
alturas_MIDI,352,5,4.978875023170585
alturas_MIDI,352,6,5.705157621997786
alturas_MIDI,352,7,5.841884312772621
alturas_MIDI,353,2,0.7844971492215147
alturas_MIDI,353,3,2.0169442678015073
alturas_MIDI,353,4,3.493220934679777
alturas_MIDI,353,5,4.905181361205088
alturas_MIDI,353,6,5.695873574487915
alturas_MIDI,353,7,5.845800398538498
alturas_MIDI,354,2,0.8080862399270125
alturas_MIDI,354,3,2.077927739422781
alturas_MIDI,354,4,3.5697843692835534
alturas_MIDI,354,5,4.990914986794293
alturas_MIDI,354,6,5.7153988471797454
alturas_MIDI,354,7,5.841884312772623
alturas_MIDI,355,2,0.756832570547119
alturas_MIDI,355,3,2.011524994777413
alturas_MIDI,355,4,3.5073739869727625
alturas_MIDI,355,5,4.9300156710659975
alturas_MIDI,355,6,5.72225177858439
alturas_MIDI,355,7,5.849716484304373
alturas_MIDI,356,2,0.7844971492215147
alturas_MIDI,356,3,2.0308612672560655
alturas_MIDI,356,4,3.5197955813438733
alturas_MIDI,356,5,4.952539738267066
alturas_MIDI,356,6,5.69830469059314
alturas_MIDI,356,7,5.856070553735094
alturas_MIDI,357,2,0.7926774063058946
alturas_MIDI,357,3,2.0611552297755997
alturas_MIDI,357,4,3.5832565994224583
alturas_MIDI,357,5,5.0103662949731405
alturas_MIDI,357,6,5.688063465411181
alturas_MIDI,357,7,5.841884312772621
alturas_MIDI,358,2,0.774937375019291
alturas_MIDI,358,3,1.972572569830521
alturas_MIDI,358,4,3.437212363771406
alturas_MIDI,358,5,4.905313128345735
alturas_MIDI,358,6,5.727114010794842
alturas_MIDI,358,7,5.865380827367874
alturas_MIDI,359,2,0.756832570547119
alturas_MIDI,359,3,1.9445593976007463
alturas_MIDI,359,4,3.4491716987123096
alturas_MIDI,359,5,4.92260400509467
alturas_MIDI,359,6,5.660211322881567
alturas_MIDI,359,7,5.824741867608092
alturas_MIDI,360,2,0.7661982395011014
alturas_MIDI,360,3,1.9445973765112146
alturas_MIDI,360,4,3.398673604191508
alturas_MIDI,360,5,4.870913437115864
alturas_MIDI,360,6,5.668021431958301
alturas_MIDI,360,7,5.830136055474997
alturas_MIDI,361,2,0.7756972655201175
alturas_MIDI,361,3,2.0192389801092
alturas_MIDI,361,4,3.5584005812280344
alturas_MIDI,361,5,5.04577611291342
alturas_MIDI,361,6,5.739345935170995
alturas_MIDI,361,7,5.857548655836124
alturas_MIDI,362,2,0.7665139132580538
alturas_MIDI,362,3,1.9856450003846913
alturas_MIDI,362,4,3.51340143208562
alturas_MIDI,362,5,4.950259598341093
alturas_MIDI,362,6,5.730061887661122
alturas_MIDI,362,7,5.845800398538497
alturas_MIDI,363,2,0.7844019145786811
alturas_MIDI,363,3,2.0303745487538696
alturas_MIDI,363,4,3.532490651631516
alturas_MIDI,363,5,5.024861722610219
alturas_MIDI,363,6,5.707588738103011
alturas_MIDI,363,7,5.853632570070249
alturas_MIDI,364,2,0.7756497838679268
alturas_MIDI,364,3,1.9955931501002548
alturas_MIDI,364,4,3.476759607278322
alturas_MIDI,364,5,4.912084134754943
alturas_MIDI,364,6,5.651444036132749
alturas_MIDI,364,7,5.845800398538497
alturas_MIDI,365,2,0.8061628839894257
alturas_MIDI,365,3,2.0575872981343344
alturas_MIDI,365,4,3.553280369990545
alturas_MIDI,365,5,4.980305532840688
alturas_MIDI,365,6,5.695873574487914
alturas_MIDI,365,7,5.834052141240871
alturas_MIDI,366,2,0.7451930365773185
alturas_MIDI,366,3,1.9575032315972294
alturas_MIDI,366,4,3.4478183998298073
alturas_MIDI,366,5,4.9319381032204
alturas_MIDI,366,6,5.709062676536151
alturas_MIDI,366,7,5.849716484304373
alturas_MIDI,367,2,0.7560769755056371
alturas_MIDI,367,3,1.9628614400716091
alturas_MIDI,367,4,3.4120264155727313
alturas_MIDI,367,5,4.873143281914496
alturas_MIDI,367,6,5.665590315853073
alturas_MIDI,367,7,5.8497164843043725
alturas_MIDI,368,2,0.7756972655201175
alturas_MIDI,368,3,2.0437282463741537
alturas_MIDI,368,4,3.5692089304364396
alturas_MIDI,368,5,5.020516398896701
alturas_MIDI,368,6,5.716356024851831
alturas_MIDI,368,7,5.861464741601998
alturas_MIDI,369,2,0.7237518437567853
alturas_MIDI,369,3,1.9352110376171265
alturas_MIDI,369,4,3.448413342887154
alturas_MIDI,369,5,4.908944753500587
alturas_MIDI,369,6,5.675831541035033
alturas_MIDI,369,7,5.857548655836124
alturas_MIDI,370,2,0.7838303767796024
alturas_MIDI,370,3,2.0285200347124857
alturas_MIDI,370,4,3.5107137249010325
alturas_MIDI,370,5,4.955967413924282
alturas_MIDI,370,6,5.709062676536153
alturas_MIDI,370,7,5.845800398538498
alturas_MIDI,371,2,0.7841796763556009
alturas_MIDI,371,3,1.9801788385153043
alturas_MIDI,371,4,3.4563163950485625
alturas_MIDI,371,5,4.912323529598748
alturas_MIDI,371,6,5.712967731074517
alturas_MIDI,371,7,5.869296913133749
alturas_MIDI,372,2,0.775459841926889
alturas_MIDI,372,3,2.0329768758126328
alturas_MIDI,372,4,3.540286761822262
alturas_MIDI,372,5,4.98001861185781
alturas_MIDI,372,6,5.71782996328497
alturas_MIDI,372,7,5.849716484304374
alturas_MIDI,373,2,0.7658509202880203
alturas_MIDI,373,3,1.996449668145017
alturas_MIDI,373,4,3.441402123614386
alturas_MIDI,373,5,4.855802431454414
alturas_MIDI,373,6,5.657263446015292
alturas_MIDI,373,7,5.826219969709121
alturas_MIDI,374,2,0.7921519517647406
alturas_MIDI,374,3,2.053794807636803
alturas_MIDI,374,4,3.531268701957696
alturas_MIDI,374,5,4.94822419587123
alturas_MIDI,374,6,5.702726505892561
alturas_MIDI,374,7,5.849716484304373
alturas_MIDI,375,2,0.775459841926889
alturas_MIDI,375,3,1.9960269415920018
alturas_MIDI,375,4,3.4628111615909236
alturas_MIDI,375,5,4.903409493016523
alturas_MIDI,375,6,5.696830752160001
alturas_MIDI,375,7,5.849716484304373
alturas_MIDI,376,2,0.7923589715603128
alturas_MIDI,376,3,2.080816637882159
alturas_MIDI,376,4,3.6049347148959936
alturas_MIDI,376,5,4.992415961836901
alturas_MIDI,376,6,5.689537403844321
alturas_MIDI,376,7,5.853632570070249
alturas_MIDI,377,2,0.8088068421389454
alturas_MIDI,377,3,2.076103155220848
alturas_MIDI,377,4,3.5895632084357554
alturas_MIDI,377,5,5.011433754259366
alturas_MIDI,377,6,5.6904945815164085
alturas_MIDI,377,7,5.845800398538499
alturas_MIDI,378,2,0.8088068421389454
alturas_MIDI,378,3,2.0412558791409765
alturas_MIDI,378,4,3.5712705168568366
alturas_MIDI,378,5,4.9894629113107385
alturas_MIDI,378,6,5.7036836835646465
alturas_MIDI,378,7,5.841884312772621
alturas_MIDI,379,2,0.8003704048425897
alturas_MIDI,379,3,2.0658831554574926
alturas_MIDI,379,4,3.549054277328909
alturas_MIDI,379,5,4.960747970378661
alturas_MIDI,379,6,5.69830469059314
alturas_MIDI,379,7,5.841884312772622
alturas_MIDI,380,2,0.8088068421389454
alturas_MIDI,380,3,2.0763692611591864
alturas_MIDI,380,4,3.557975265623288
alturas_MIDI,380,5,4.933571166819844
alturas_MIDI,380,6,5.686589526978042
alturas_MIDI,380,7,5.853632570070248
alturas_MIDI,381,2,0.7916422395655337
alturas_MIDI,381,3,2.06501913183418
alturas_MIDI,381,4,3.6243302452123958
alturas_MIDI,381,5,5.013212039212336
alturas_MIDI,381,6,5.705157621997787
alturas_MIDI,381,7,5.845800398538499
alturas_MIDI,382,2,0.75670666485113
alturas_MIDI,382,3,1.9639135819156133
alturas_MIDI,382,4,3.4207638160827174
alturas_MIDI,382,5,4.885051478397556
alturas_MIDI,382,6,5.653875152237975
alturas_MIDI,382,7,5.841884312772622
alturas_MIDI,383,2,0.8078459597530561
alturas_MIDI,383,3,2.038420283591071
alturas_MIDI,383,4,3.534509537737307
alturas_MIDI,383,5,4.9550320431948975
alturas_MIDI,383,6,5.711493792641378
alturas_MIDI,383,7,5.853632570070248
alturas_MIDI,384,2,0.7929161868557755
alturas_MIDI,384,3,2.0073279209751926
alturas_MIDI,384,4,3.4682331847301637
alturas_MIDI,384,5,4.884417856283907
alturas_MIDI,384,6,5.659254145209481
alturas_MIDI,384,7,5.853632570070248
alturas_MIDI,385,2,0.7661982395011014
alturas_MIDI,385,3,1.957750463071998
alturas_MIDI,385,4,3.4146363211631057
alturas_MIDI,385,5,4.895190254264124
alturas_MIDI,385,6,5.695356813726862
alturas_MIDI,385,7,5.8497164843043725
alturas_MIDI,386,2,0.775459841926889
alturas_MIDI,386,3,1.9620038254414052
alturas_MIDI,386,4,3.4180221951312597
alturas_MIDI,386,5,4.871541716617208
alturas_MIDI,386,6,5.612833907660123
alturas_MIDI,386,7,5.832574039139842
alturas_MIDI,387,2,0.756785357167163
alturas_MIDI,387,3,1.9454939315239939
alturas_MIDI,387,4,3.3902541394513452
alturas_MIDI,387,5,4.884273709082478
alturas_MIDI,387,6,5.69977862902628
alturas_MIDI,387,7,5.857548655836124
alturas_MIDI,388,2,0.7560769755056371
alturas_MIDI,388,3,1.973337081043725
alturas_MIDI,388,4,3.467530106323323
alturas_MIDI,388,5,4.953959241296369
alturas_MIDI,388,6,5.733966942199489
alturas_MIDI,388,7,5.865380827367874
alturas_MIDI,389,2,0.7927888420817857
alturas_MIDI,389,3,2.016198174004919
alturas_MIDI,389,4,3.482587474263995
alturas_MIDI,389,5,4.889103165095909
alturas_MIDI,389,6,5.682167711678624
alturas_MIDI,389,7,5.8497164843043725
alturas_MIDI,390,2,0.722346716635494
alturas_MIDI,390,3,1.9370351840365467
alturas_MIDI,390,4,3.4277973008179186
alturas_MIDI,390,5,4.869041300088804
alturas_MIDI,390,6,5.6509272753716955
alturas_MIDI,390,7,5.845800398538497
alturas_MIDI,391,2,0.7560769755056371
alturas_MIDI,391,3,2.0094097970495013
alturas_MIDI,391,4,3.5058920306784622
alturas_MIDI,391,5,4.964465336007025
alturas_MIDI,391,6,5.707588738103014
alturas_MIDI,391,7,5.857548655836124
alturas_MIDI,392,2,0.756832570547119
alturas_MIDI,392,3,1.9774626345143933
alturas_MIDI,392,4,3.4717466262589025
alturas_MIDI,392,5,4.887959576408684
alturas_MIDI,392,6,5.6641163774199335
alturas_MIDI,392,7,5.845800398538497
alturas_MIDI,393,2,0.7756497838679268
alturas_MIDI,393,3,2.0364902475013626
alturas_MIDI,393,4,3.555151795752684
alturas_MIDI,393,5,4.936609957819523
alturas_MIDI,393,6,5.705157621997787
alturas_MIDI,393,7,5.845800398538497
alturas_MIDI,394,2,0.8003704048425897
alturas_MIDI,394,3,2.0579097197831246
alturas_MIDI,394,4,3.578326219284937
alturas_MIDI,394,5,4.931938103220403
alturas_MIDI,394,6,5.679736595573397
alturas_MIDI,394,7,5.861464741601999
alturas_MIDI,395,2,0.7552737322554758
alturas_MIDI,395,3,1.9818999229631116
alturas_MIDI,395,4,3.496861853947429
alturas_MIDI,395,5,4.951403187028317
alturas_MIDI,395,6,5.737355235976802
alturas_MIDI,395,7,5.861464741601998
alturas_MIDI,396,2,0.7465747009766092
alturas_MIDI,396,3,1.948666583020949
alturas_MIDI,396,4,3.4100142827293407
alturas_MIDI,396,5,4.871107879444633
alturas_MIDI,396,6,5.6958735744879165
alturas_MIDI,396,7,5.853632570070248
alturas_MIDI,397,2,0.7827501967398389
alturas_MIDI,397,3,2.0123225108185423
alturas_MIDI,397,4,3.5057056439577257
alturas_MIDI,397,5,4.930657404780223
alturas_MIDI,397,6,5.674357602601892
alturas_MIDI,397,7,5.853632570070249
alturas_MIDI,398,2,0.7661982395011013
alturas_MIDI,398,3,1.9948242623162789
alturas_MIDI,398,4,3.461965991588361
alturas_MIDI,398,5,4.922232843110217
alturas_MIDI,398,6,5.723208956256476
alturas_MIDI,398,7,5.8497164843043725
alturas_MIDI,399,2,0.7916422395655337
alturas_MIDI,399,3,2.0514455390784345
alturas_MIDI,399,4,3.552682160416688
alturas_MIDI,399,5,4.958676048410528
alturas_MIDI,399,6,5.694399636054776
alturas_MIDI,399,7,5.861464741601999
alturas_MIDI,400,2,0.8087267928662603
alturas_MIDI,400,3,2.068999561121763
alturas_MIDI,400,4,3.601751723032515
alturas_MIDI,400,5,4.999136994534956
alturas_MIDI,400,6,5.715398847179745
alturas_MIDI,400,7,5.8497164843043725
alturas_MIDI,401,2,0.7827501967398389
alturas_MIDI,401,3,2.048731891691392
alturas_MIDI,401,4,3.5761090257490395
alturas_MIDI,401,5,5.0303711488206195
alturas_MIDI,401,6,5.7124509703134665
alturas_MIDI,401,7,5.853632570070249
alturas_MIDI,402,2,0.800945219665376
alturas_MIDI,402,3,2.0292820948402523
alturas_MIDI,402,4,3.5193947253070577
alturas_MIDI,402,5,4.96431584619329
alturas_MIDI,402,6,5.703683683564646
alturas_MIDI,402,7,5.865380827367874
alturas_MIDI,403,2,0.7664823489228905
alturas_MIDI,403,3,1.973838853521266
alturas_MIDI,403,4,3.477977492261365
alturas_MIDI,403,5,4.9119211907283304
alturas_MIDI,403,6,5.656111278289564
alturas_MIDI,403,7,5.841884312772621
alturas_MIDI,404,2,0.7840209141398174
alturas_MIDI,404,3,2.054733323690236
alturas_MIDI,404,4,3.5734069878868793
alturas_MIDI,404,5,5.026626553350312
alturas_MIDI,404,6,5.720777840151251
alturas_MIDI,404,7,5.857548655836124
alturas_MIDI,405,2,0.8306625874762239
alturas_MIDI,405,3,2.0764745287663073
alturas_MIDI,405,4,3.6210583190457397
alturas_MIDI,405,5,5.027381257379995
alturas_MIDI,405,6,5.722251778584391
alturas_MIDI,405,7,5.845800398538498
alturas_MIDI,406,2,0.756832570547119
alturas_MIDI,406,3,1.990229946288761
alturas_MIDI,406,4,3.4942585316271795
alturas_MIDI,406,5,4.957505229881354
alturas_MIDI,406,6,5.683641650111763
alturas_MIDI,406,7,5.853632570070248
alturas_MIDI,407,2,0.7665139132580538
alturas_MIDI,407,3,1.9783590035611884
alturas_MIDI,407,4,3.479245736002515
alturas_MIDI,407,5,4.96069767525132
alturas_MIDI,407,6,5.694399636054777
alturas_MIDI,407,7,5.853632570070248
alturas_MIDI,408,2,0.7663245171130089
alturas_MIDI,408,3,1.974260623390739
alturas_MIDI,408,4,3.4379765946174157
alturas_MIDI,408,5,4.848666679825161
alturas_MIDI,408,6,5.6577802067763425
alturas_MIDI,408,7,5.830136055474997
alturas_MIDI,409,2,0.7756972655201175
alturas_MIDI,409,3,1.9932822998024156
alturas_MIDI,409,4,3.496249647279882
alturas_MIDI,409,5,4.940781353013932
alturas_MIDI,409,6,5.712967731074517
alturas_MIDI,409,7,5.845800398538498
alturas_MIDI,410,2,0.783067979462889
alturas_MIDI,410,3,1.9803727792571206
alturas_MIDI,410,4,3.452936912542004
alturas_MIDI,410,5,4.885359965193887
alturas_MIDI,410,6,5.6553490906711135
alturas_MIDI,410,7,5.8497164843043725
alturas_MIDI,411,2,0.7820190345134281
alturas_MIDI,411,3,2.0304846736533793
alturas_MIDI,411,4,3.51980654652545
alturas_MIDI,411,5,4.920424455423377
alturas_MIDI,411,6,5.661685261314709
alturas_MIDI,411,7,5.841884312772622
alturas_MIDI,412,2,0.7465119259776037
alturas_MIDI,412,3,1.960874819852554
alturas_MIDI,412,4,3.4491583310226317
alturas_MIDI,412,5,4.908158872584935
alturas_MIDI,412,6,5.69830469059314
alturas_MIDI,412,7,5.865380827367875
alturas_MIDI,413,2,0.7925341192548294
alturas_MIDI,413,3,2.0520364943109337
alturas_MIDI,413,4,3.552651064320855
alturas_MIDI,413,5,4.968699406389553
alturas_MIDI,413,6,5.716872785612886
alturas_MIDI,413,7,5.857548655836124
alturas_MIDI,414,2,0.7237206330929432
alturas_MIDI,414,3,1.929616016488243
alturas_MIDI,414,4,3.413636736496687
alturas_MIDI,414,5,4.8922248236771795
alturas_MIDI,414,6,5.718346724046023
alturas_MIDI,414,7,5.861464741601999
alturas_MIDI,415,2,0.7844971492215147
alturas_MIDI,415,3,2.043869102422195
alturas_MIDI,415,4,3.5431154099973337
alturas_MIDI,415,5,4.985990283138486
alturas_MIDI,415,6,5.682684472439678
alturas_MIDI,415,7,5.857548655836124
alturas_MIDI,416,2,0.774937375019291
alturas_MIDI,416,3,2.0185479577512435
alturas_MIDI,416,4,3.5429894409117333
alturas_MIDI,416,5,4.990236412165608
alturas_MIDI,416,6,5.716872785612885
alturas_MIDI,416,7,5.865380827367874
alturas_MIDI,417,2,0.8007217075022619
alturas_MIDI,417,3,2.00448556691005
alturas_MIDI,417,4,3.529585708644618
alturas_MIDI,417,5,5.033057896077221
alturas_MIDI,417,6,5.745682105814587
alturas_MIDI,417,7,5.857548655836124
alturas_MIDI,418,2,0.75670666485113
alturas_MIDI,418,3,1.9829972714641162
alturas_MIDI,418,4,3.485423570275946
alturas_MIDI,418,5,4.918885243898018
alturas_MIDI,418,6,5.678262657140259
alturas_MIDI,418,7,5.845800398538498
alturas_MIDI,419,2,0.783067979462889
alturas_MIDI,419,3,2.025211537166518
alturas_MIDI,419,4,3.5363288521531766
alturas_MIDI,419,5,5.017168799684502
alturas_MIDI,419,6,5.719303901718111
alturas_MIDI,419,7,5.853632570070248
alturas_MIDI,420,2,0.7741295605739925
alturas_MIDI,420,3,1.9824546494252921
alturas_MIDI,420,4,3.4450648978004037
alturas_MIDI,420,5,4.855784708781328
alturas_MIDI,420,6,5.626539770469413
alturas_MIDI,420,7,5.830136055474996
alturas_MIDI,421,2,0.7352687709838217
alturas_MIDI,421,3,1.9224864541857762
alturas_MIDI,421,4,3.419912753284604
alturas_MIDI,421,5,4.87763446981392
alturas_MIDI,421,6,5.661168500553656
alturas_MIDI,421,7,5.840406210671592
alturas_MIDI,422,2,0.800945219665376
alturas_MIDI,422,3,2.045282988389208
alturas_MIDI,422,4,3.5840908869882555
alturas_MIDI,422,5,5.011534344514045
alturas_MIDI,422,6,5.730061887661123
alturas_MIDI,422,7,5.857548655836124
alturas_MIDI,423,2,0.7757130923968677
alturas_MIDI,423,3,2.004526175757672
alturas_MIDI,423,4,3.5209868346101603
alturas_MIDI,423,5,4.984075962584657
alturas_MIDI,423,6,5.756880508668631
alturas_MIDI,423,7,5.861464741601999
alturas_MIDI,424,2,0.8135062280797106
alturas_MIDI,424,3,2.0685744631731144
alturas_MIDI,424,4,3.5479663514323656
alturas_MIDI,424,5,4.918527857542635
alturas_MIDI,424,6,5.666547493525162
alturas_MIDI,424,7,5.837968227006747
alturas_MIDI,425,2,0.7841796763556009
alturas_MIDI,425,3,2.0103718873984002
alturas_MIDI,425,4,3.46862949269394
alturas_MIDI,425,5,4.879681930928374
alturas_MIDI,425,6,5.702726505892561
alturas_MIDI,425,7,5.865380827367874
alturas_MIDI,426,2,0.7844019145786811
alturas_MIDI,426,3,1.9989629086383705
alturas_MIDI,426,4,3.50320315697898
alturas_MIDI,426,5,4.938853256831034
alturas_MIDI,426,6,5.711493792641378
alturas_MIDI,426,7,5.861464741601999
alturas_MIDI,427,2,0.7656298563506156
alturas_MIDI,427,3,1.953901382956421
alturas_MIDI,427,4,3.450043055839088
alturas_MIDI,427,5,4.850909978836672
alturas_MIDI,427,6,5.683641650111764
alturas_MIDI,427,7,5.832574039139842
alturas_MIDI,428,2,0.7355191991798283
alturas_MIDI,428,3,1.9675600509598008
alturas_MIDI,428,4,3.4381967755205327
alturas_MIDI,428,5,4.892858445790831
alturas_MIDI,428,6,5.688063465411185
alturas_MIDI,428,7,5.849716484304373
alturas_MIDI,429,2,0.775570644374078
alturas_MIDI,429,3,2.032722611986148
alturas_MIDI,429,4,3.5489749465259606
alturas_MIDI,429,5,4.967142793607301
alturas_MIDI,429,6,5.699778629026283
alturas_MIDI,429,7,5.845800398538498
alturas_MIDI,430,2,0.7985486598270132
alturas_MIDI,430,3,2.035533018274587
alturas_MIDI,430,4,3.5109266936708985
alturas_MIDI,430,5,4.933036739392589
alturas_MIDI,430,6,5.680693773245485
alturas_MIDI,430,7,5.828657953373966
alturas_MIDI,431,2,0.7462921925535377
alturas_MIDI,431,3,1.956192025268608
alturas_MIDI,431,4,3.434194336516196
alturas_MIDI,431,5,4.8261383441638825
alturas_MIDI,431,6,5.61725572295954
alturas_MIDI,431,7,5.845800398538499
alturas_MIDI,432,2,0.7833539249587798
alturas_MIDI,432,3,2.012641155723881
alturas_MIDI,432,4,3.5279087552971164
alturas_MIDI,432,5,5.016979699968042
alturas_MIDI,432,6,5.727630771555894
alturas_MIDI,432,7,5.865380827367875
alturas_MIDI,433,2,0.8376897718353382
alturas_MIDI,433,3,2.0924369197432218
alturas_MIDI,433,4,3.6331011878132604
alturas_MIDI,433,5,5.004487102346574
alturas_MIDI,433,6,5.66949537039144
alturas_MIDI,433,7,5.834052141240872
alturas_MIDI,434,2,0.7919130463166797
alturas_MIDI,434,3,2.0328039973828487
alturas_MIDI,434,4,3.5365418062141187
alturas_MIDI,434,5,4.979371535531284
alturas_MIDI,434,6,5.6958735744879165
alturas_MIDI,434,7,5.8497164843043725
alturas_MIDI,435,2,0.8088708783839942
alturas_MIDI,435,3,2.056768094615732
alturas_MIDI,435,4,3.5864803629005917
alturas_MIDI,435,5,5.0597140478378515
alturas_MIDI,435,6,5.736398058304713
alturas_MIDI,435,7,5.857548655836124
alturas_MIDI,436,2,0.8007217075022619
alturas_MIDI,436,3,2.0732702489928694
alturas_MIDI,436,4,3.553212178696909
alturas_MIDI,436,5,4.967581651975991
alturas_MIDI,436,6,5.704640861236734
alturas_MIDI,436,7,5.849716484304373
alturas_MIDI,437,2,0.7753173693672302
alturas_MIDI,437,3,1.9879273815794916
alturas_MIDI,437,4,3.4573234172194187
alturas_MIDI,437,5,4.880478818484828
alturas_MIDI,437,6,5.670452548063528
alturas_MIDI,437,7,5.853632570070249
alturas_MIDI,438,2,0.7661982395011014
alturas_MIDI,438,3,1.998194615867868
alturas_MIDI,438,4,3.452432426089051
alturas_MIDI,438,5,4.879605801527371
alturas_MIDI,438,6,5.658025633633738
alturas_MIDI,438,7,5.853632570070249
alturas_MIDI,439,2,0.7841796763556009
alturas_MIDI,439,3,2.0204963220883188
alturas_MIDI,439,4,3.5111038635007494
alturas_MIDI,439,5,4.963234932694187
alturas_MIDI,439,6,5.684920598491265
alturas_MIDI,439,7,5.837968227006747
alturas_MIDI,440,2,0.7459468313671431
alturas_MIDI,440,3,1.9430488942066964
alturas_MIDI,440,4,3.4255374206171205
alturas_MIDI,440,5,4.853554542566506
alturas_MIDI,440,6,5.681727294767591
alturas_MIDI,440,7,5.849716484304373
alturas_MIDI,441,2,0.7464177584968525
alturas_MIDI,441,3,1.932033229615514
alturas_MIDI,441,4,3.389088143866895
alturas_MIDI,441,5,4.837480614917531
alturas_MIDI,441,6,5.689537403844323
alturas_MIDI,441,7,5.837968227006747
alturas_MIDI,442,2,0.8010410001042023
alturas_MIDI,442,3,2.0350383594312254
alturas_MIDI,442,4,3.5158750753973567
alturas_MIDI,442,5,4.956727460566276
alturas_MIDI,442,6,5.694399636054776
alturas_MIDI,442,7,5.841884312772622
alturas_MIDI,443,2,0.7459468313671431
alturas_MIDI,443,3,1.9139352324551204
alturas_MIDI,443,4,3.386345982601817
alturas_MIDI,443,5,4.874694873500635
alturas_MIDI,443,6,5.66654749352516
alturas_MIDI,443,7,5.849716484304373
alturas_MIDI,444,2,0.7457270141637269
alturas_MIDI,444,3,1.9632072354423182
alturas_MIDI,444,4,3.442963532650839
alturas_MIDI,444,5,4.889894710040056
alturas_MIDI,444,6,5.6773054794681705
alturas_MIDI,444,7,5.857548655836124
alturas_MIDI,445,2,0.7843066737505413
alturas_MIDI,445,3,2.0395728287346544
alturas_MIDI,445,4,3.529592097620928
alturas_MIDI,445,5,4.942332623183881
alturas_MIDI,445,6,5.647022220833329
alturas_MIDI,445,7,5.841884312772622
alturas_MIDI,446,2,0.7844971492215147
alturas_MIDI,446,3,2.002640828256443
alturas_MIDI,446,4,3.4510305401574177
alturas_MIDI,446,5,4.941911166072089
alturas_MIDI,446,6,5.720777840151251
alturas_MIDI,446,7,5.849716484304373
alturas_MIDI,447,2,0.7844971492215147
alturas_MIDI,447,3,2.002111836718113
alturas_MIDI,447,4,3.478371551912112
alturas_MIDI,447,5,4.9307006624590874
alturas_MIDI,447,6,5.681727294767591
alturas_MIDI,447,7,5.857548655836124
alturas_MIDI,448,2,0.7827501967398389
alturas_MIDI,448,3,2.0541820385353606
alturas_MIDI,448,4,3.5760452694336946
alturas_MIDI,448,5,5.033378762934331
alturas_MIDI,448,6,5.705157621997786
alturas_MIDI,448,7,5.849716484304373
alturas_MIDI,449,2,0.7844971492215147
alturas_MIDI,449,3,2.022791939691467
alturas_MIDI,449,4,3.532966346814745
alturas_MIDI,449,5,4.94730227935472
alturas_MIDI,449,6,5.696830752160001
alturas_MIDI,449,7,5.845800398538497
alturas_MIDI,450,2,0.7929161868557755
alturas_MIDI,450,3,2.0560682575933886
alturas_MIDI,450,4,3.5382662002474667
alturas_MIDI,450,5,4.965596544633468
alturas_MIDI,450,6,5.725640072361703
alturas_MIDI,450,7,5.865380827367875
alturas_MIDI,451,2,0.7751432174857484
alturas_MIDI,451,3,2.007616817610178
alturas_MIDI,451,4,3.4945264985274607
alturas_MIDI,451,5,4.935705763976104
alturas_MIDI,451,6,5.691451759188496
alturas_MIDI,451,7,5.8575486558361245
alturas_MIDI,452,2,0.7925341192548294
alturas_MIDI,452,3,2.0478893985604865
alturas_MIDI,452,4,3.57236240096492
alturas_MIDI,452,5,4.9948402489643025
alturas_MIDI,452,6,5.703683683564647
alturas_MIDI,452,7,5.8497164843043725
alturas_MIDI,453,2,0.7558407728234877
alturas_MIDI,453,3,1.9643045188499522
alturas_MIDI,453,4,3.4154990029258836
alturas_MIDI,453,5,4.8669569980598855
alturas_MIDI,453,6,5.667064254286213
alturas_MIDI,453,7,5.849716484304373
alturas_MIDI,454,2,0.7665139132580538
alturas_MIDI,454,3,1.9752848121536672
alturas_MIDI,454,4,3.472214246300408
alturas_MIDI,454,5,4.911324088112951
alturas_MIDI,454,6,5.673400424929804
alturas_MIDI,454,7,5.841884312772623
alturas_MIDI,455,2,0.7663245171130089
alturas_MIDI,455,3,1.9666065244762985
alturas_MIDI,455,4,3.436773654581916
alturas_MIDI,455,5,4.8942903288809125
alturas_MIDI,455,6,5.670969308824578
alturas_MIDI,455,7,5.845800398538498
alturas_MIDI,456,2,0.7726077615759508
alturas_MIDI,456,3,1.997315613953723
alturas_MIDI,456,4,3.4804356699130325
alturas_MIDI,456,5,4.957487507208266
alturas_MIDI,456,6,5.681727294767591
alturas_MIDI,456,7,5.841884312772622
alturas_MIDI,457,2,0.7844971492215147
alturas_MIDI,457,3,2.0197396554588667
alturas_MIDI,457,4,3.518375876285182
alturas_MIDI,457,5,4.999205012335384
alturas_MIDI,457,6,5.688063465411182
alturas_MIDI,457,7,5.841884312772622
alturas_MIDI,458,2,0.8164311692434326
alturas_MIDI,458,3,2.049960628050753
alturas_MIDI,458,4,3.548708434317499
alturas_MIDI,458,5,5.004776792317722
alturas_MIDI,458,6,5.701252567459422
alturas_MIDI,458,7,5.861464741601999
alturas_MIDI,459,2,0.808854869587129
alturas_MIDI,459,3,2.0439682026655186
alturas_MIDI,459,4,3.567953705459223
alturas_MIDI,459,5,5.008752349615072
alturas_MIDI,459,6,5.738829174409942
alturas_MIDI,459,7,5.861464741601999
alturas_MIDI,460,2,0.7552737322554758
alturas_MIDI,460,3,2.0062131723749426
alturas_MIDI,460,4,3.5109224716555856
alturas_MIDI,460,5,4.9747542445197075
alturas_MIDI,460,6,5.686589526978043
alturas_MIDI,460,7,5.853632570070249
alturas_MIDI,461,2,0.7756497838679268
alturas_MIDI,461,3,1.9735073325141999
alturas_MIDI,461,4,3.454065487886189
alturas_MIDI,461,5,4.936736382347866
alturas_MIDI,461,6,5.699778629026278
alturas_MIDI,461,7,5.857548655836124
alturas_MIDI,462,2,0.775570644374078
alturas_MIDI,462,3,2.014251212693682
alturas_MIDI,462,4,3.520160188821977
alturas_MIDI,462,5,4.957048327423388
alturas_MIDI,462,6,5.710019854208239
alturas_MIDI,462,7,5.845800398538498
alturas_MIDI,463,2,0.7636387861000813
alturas_MIDI,463,3,1.9771604989740124
alturas_MIDI,463,4,3.496234460449373
alturas_MIDI,463,5,4.964704730850829
alturas_MIDI,463,6,5.708545915775099
alturas_MIDI,463,7,5.845800398538499
alturas_MIDI,464,2,0.756785357167163
alturas_MIDI,464,3,1.9912207144493568
alturas_MIDI,464,4,3.4531352339812162
alturas_MIDI,464,5,4.892952619281109
alturas_MIDI,464,6,5.709062676536154
alturas_MIDI,464,7,5.853632570070249
alturas_MIDI,465,2,0.7461352201696898
alturas_MIDI,465,3,1.9575976378750801
alturas_MIDI,465,4,3.4499486150562824
alturas_MIDI,465,5,4.9010939077443725
alturas_MIDI,465,6,5.68320123320073
alturas_MIDI,465,7,5.845800398538498
alturas_MIDI,466,2,0.7665139132580538
alturas_MIDI,466,3,1.9361429323580195
alturas_MIDI,466,4,3.3618387281350066
alturas_MIDI,466,5,4.870003900660137
alturas_MIDI,466,6,5.657263446015289
alturas_MIDI,466,7,5.857548655836124
alturas_MIDI,467,2,0.7841796763556009
alturas_MIDI,467,3,2.0043056876694147
alturas_MIDI,467,4,3.4946328476263413
alturas_MIDI,467,5,4.922364610250863
alturas_MIDI,467,6,5.676348301796085
alturas_MIDI,467,7,5.845800398538497
alturas_MIDI,468,2,0.7564548212959079
alturas_MIDI,468,3,1.966350391511696
alturas_MIDI,468,4,3.4236229151706445
alturas_MIDI,468,5,4.84231146649925
alturas_MIDI,468,6,5.622117955169994
alturas_MIDI,468,7,5.841884312772622
alturas_MIDI,469,2,0.7237206330929432
alturas_MIDI,469,3,1.912693878786324
alturas_MIDI,469,4,3.4173768471215613
alturas_MIDI,469,5,4.897769695233759
alturas_MIDI,469,6,5.691451759188495
alturas_MIDI,469,7,5.845800398538498
alturas_MIDI,470,2,0.7354096420333789
alturas_MIDI,470,3,1.9698362567788166
alturas_MIDI,470,4,3.514225623824626
alturas_MIDI,470,5,4.955189644609206
alturas_MIDI,470,6,5.701252567459418
alturas_MIDI,470,7,5.853632570070248
alturas_MIDI,471,2,0.8086147164790373
alturas_MIDI,471,3,2.0944112154013323
alturas_MIDI,471,4,3.6216887299479272
alturas_MIDI,471,5,5.0438617923595945
alturas_MIDI,471,6,5.727114010794841
alturas_MIDI,471,7,5.853632570070248
alturas_MIDI,472,2,0.775459841926889
alturas_MIDI,472,3,1.958939091021113
alturas_MIDI,472,4,3.4153597203585404
alturas_MIDI,472,5,4.9271398240929365
alturas_MIDI,472,6,5.713924908746606
alturas_MIDI,472,7,5.849716484304373
alturas_MIDI,473,2,0.7661982395011013
alturas_MIDI,473,3,1.9762909819278551
alturas_MIDI,473,4,3.48420418790379
alturas_MIDI,473,5,4.977761537217227
alturas_MIDI,473,6,5.734924119871574
alturas_MIDI,473,7,5.849716484304373
alturas_MIDI,474,2,0.7844654050277371
alturas_MIDI,474,3,2.0182948003345063
alturas_MIDI,474,4,3.5104103135422573
alturas_MIDI,474,5,4.977034063029489
alturas_MIDI,474,6,5.652401213804839
alturas_MIDI,474,7,5.828657953373967
alturas_MIDI,475,2,0.7928684338651326
alturas_MIDI,475,3,2.0277903857344026
alturas_MIDI,475,4,3.506562575290639
alturas_MIDI,475,5,4.9327293267483565
alturas_MIDI,475,6,5.66949537039144
alturas_MIDI,475,7,5.841884312772623
alturas_MIDI,476,2,0.775459841926889
alturas_MIDI,476,3,1.9897111890577408
alturas_MIDI,476,4,3.4713671818947223
alturas_MIDI,476,5,4.904616831043964
alturas_MIDI,476,6,5.686589526978045
alturas_MIDI,476,7,5.845800398538497
alturas_MIDI,477,2,0.8159494425754692
alturas_MIDI,477,3,2.0759666386775324
alturas_MIDI,477,4,3.570691349198722
alturas_MIDI,477,5,5.017363242013273
alturas_MIDI,477,6,5.68320123320073
alturas_MIDI,477,7,5.837968227006747
alturas_MIDI,478,2,0.7466060874798152
alturas_MIDI,478,3,1.9627720523200822
alturas_MIDI,478,4,3.410460291994477
alturas_MIDI,478,5,4.865516981220921
alturas_MIDI,478,6,5.71296773107452
alturas_MIDI,478,7,5.857548655836124
alturas_MIDI,479,2,0.8369607855478218
alturas_MIDI,479,3,2.134537909088395
alturas_MIDI,479,4,3.6519552091769873
alturas_MIDI,479,5,5.074599755700755
alturas_MIDI,479,6,5.715398847179744
alturas_MIDI,479,7,5.845800398538499
alturas_MIDI,480,2,0.7658509202880203
alturas_MIDI,480,3,1.9728580551111459
alturas_MIDI,480,4,3.465652237567698
alturas_MIDI,480,5,4.939726273788489
alturas_MIDI,480,6,5.695873574487915
alturas_MIDI,480,7,5.853632570070248
alturas_MIDI,481,2,0.7466060874798152
alturas_MIDI,481,3,1.9640543585103893
alturas_MIDI,481,4,3.4440736289497695
alturas_MIDI,481,5,4.889410577740139
alturas_MIDI,481,6,5.696830752160002
alturas_MIDI,481,7,5.845800398538498
alturas_MIDI,482,2,0.7665139132580538
alturas_MIDI,482,3,2.008888185134755
alturas_MIDI,482,4,3.532868751169615
alturas_MIDI,482,5,5.018436043911803
alturas_MIDI,482,6,5.744208167381448
alturas_MIDI,482,7,5.861464741601999
alturas_MIDI,483,2,0.7664823489228905
alturas_MIDI,483,3,2.011581423674685
alturas_MIDI,483,4,3.4907449497520617
alturas_MIDI,483,5,4.952959799810572
alturas_MIDI,483,6,5.711493792641379
alturas_MIDI,483,7,5.861464741601999
alturas_MIDI,484,2,0.7751432174857484
alturas_MIDI,484,3,2.0346804013369
alturas_MIDI,484,4,3.5365372147425864
alturas_MIDI,484,5,5.004827087445059
alturas_MIDI,484,6,5.699778629026282
alturas_MIDI,484,7,5.861464741601998
alturas_MIDI,485,2,0.756832570547119
alturas_MIDI,485,3,1.9696737705152623
alturas_MIDI,485,4,3.4428948157848454
alturas_MIDI,485,5,4.879701049169748
alturas_MIDI,485,6,5.690494581516408
alturas_MIDI,485,7,5.837968227006747
alturas_MIDI,486,2,0.7565964885735137
alturas_MIDI,486,3,1.9749193777951086
alturas_MIDI,486,4,3.469343986588444
alturas_MIDI,486,5,4.909541534699774
alturas_MIDI,486,6,5.6802533563344495
alturas_MIDI,486,7,5.845800398538498
alturas_MIDI,487,2,0.7660403772757443
alturas_MIDI,487,3,1.98537971000501
alturas_MIDI,487,4,3.4755860789716566
alturas_MIDI,487,5,4.9417670188706575
alturas_MIDI,487,6,5.684158410872815
alturas_MIDI,487,7,5.841884312772622
alturas_MIDI,488,2,0.7844971492215147
alturas_MIDI,488,3,2.0192868708338265
alturas_MIDI,488,4,3.501647848760623
alturas_MIDI,488,5,4.932453412406282
alturas_MIDI,488,6,5.695356813726861
alturas_MIDI,488,7,5.8497164843043725
alturas_MIDI,489,2,0.7665139132580538
alturas_MIDI,489,3,2.0189701293462106
alturas_MIDI,489,4,3.4641411002468456
alturas_MIDI,489,5,4.937546724117197
alturas_MIDI,489,6,5.718346724046025
alturas_MIDI,489,7,5.8497164843043725
alturas_MIDI,490,2,0.8007217075022619
alturas_MIDI,490,3,2.0521211376319006
alturas_MIDI,490,4,3.5609623684367953
alturas_MIDI,490,5,4.959762304521936
alturas_MIDI,490,6,5.727114010794843
alturas_MIDI,490,7,5.865380827367874
alturas_MIDI,491,2,0.7741295605739925
alturas_MIDI,491,3,1.9901434898257393
alturas_MIDI,491,4,3.4628400173238454
alturas_MIDI,491,5,4.911392105913382
alturas_MIDI,491,6,5.67096930882458
alturas_MIDI,491,7,5.853632570070248
alturas_MIDI,492,2,0.8008494329342777
alturas_MIDI,492,3,2.039945869266053
alturas_MIDI,492,4,3.5058880025464445
alturas_MIDI,492,5,4.92093442199695
alturas_MIDI,492,6,5.69049458151641
alturas_MIDI,492,7,5.841884312772621
alturas_MIDI,493,2,0.7465119259776037
alturas_MIDI,493,3,1.9432959563526415
alturas_MIDI,493,4,3.419881374258987
alturas_MIDI,493,5,4.906199599516071
alturas_MIDI,493,6,5.70125256745942
alturas_MIDI,493,7,5.849716484304373
alturas_MIDI,494,2,0.7929161868557755
alturas_MIDI,494,3,2.047981407340847
alturas_MIDI,494,4,3.5614307863467825
alturas_MIDI,494,5,4.987775605539933
alturas_MIDI,494,6,5.710536614969293
alturas_MIDI,494,7,5.849716484304373
alturas_MIDI,495,2,0.7462921925535377
alturas_MIDI,495,3,1.9523870363822327
alturas_MIDI,495,4,3.4022974599128455
alturas_MIDI,495,5,4.838724793859438
alturas_MIDI,495,6,5.639728872517653
alturas_MIDI,495,7,5.837968227006747
alturas_MIDI,496,2,0.7560769755056371
alturas_MIDI,496,3,1.979395436239294
alturas_MIDI,496,4,3.471972273631272
alturas_MIDI,496,5,4.9161223672404155
alturas_MIDI,496,6,5.707588738103014
alturas_MIDI,496,7,5.853632570070249
alturas_MIDI,497,2,0.7664192182259069
alturas_MIDI,497,3,2.023973795801439
alturas_MIDI,497,4,3.5513001197207448
alturas_MIDI,497,5,5.023147186997465
alturas_MIDI,497,6,5.724682894689615
alturas_MIDI,497,7,5.834052141240871
alturas_MIDI,498,2,0.7838303767796024
alturas_MIDI,498,3,2.02212904877146
alturas_MIDI,498,4,3.5182578947661765
alturas_MIDI,498,5,4.98315799311217
alturas_MIDI,498,6,5.69049458151641
alturas_MIDI,498,7,5.836490124905716
alturas_MIDI,499,2,0.7844654050277371
alturas_MIDI,499,3,2.0171530869911565
alturas_MIDI,499,4,3.551027698461865
alturas_MIDI,499,5,4.984062186955589
alturas_MIDI,499,6,5.690494581516409
alturas_MIDI,499,7,5.849716484304373
alturas_MIDI,500,2,0.774937375019291
alturas_MIDI,500,3,2.014784685922225
alturas_MIDI,500,4,3.5383656953937503
alturas_MIDI,500,5,5.028172480907952
alturas_MIDI,500,6,5.757397269429685
alturas_MIDI,500,7,5.865380827367875
alturas_MIDI,501,2,0.775570644374078
alturas_MIDI,501,3,2.0109133795295917
alturas_MIDI,501,4,3.539260041870783
alturas_MIDI,501,5,4.99239012756324
alturas_MIDI,501,6,5.695873574487914
alturas_MIDI,501,7,5.853632570070248
alturas_MIDI,502,2,0.7833539249587798
alturas_MIDI,502,3,2.0232565051786504
alturas_MIDI,502,4,3.5176461245717263
alturas_MIDI,502,5,4.939342731743255
alturas_MIDI,502,6,5.718346724046024
alturas_MIDI,502,7,5.857548655836124
alturas_MIDI,503,2,0.7753173693672302
alturas_MIDI,503,3,2.0474464713179117
alturas_MIDI,503,4,3.5521626774807933
alturas_MIDI,503,5,5.017960023212462
alturas_MIDI,503,6,5.763733440073278
alturas_MIDI,503,7,5.853632570070248
alturas_MIDI,504,2,0.7352687709838217
alturas_MIDI,504,3,1.9634902783241959
alturas_MIDI,504,4,3.476293739418807
alturas_MIDI,504,5,4.945171629242481
alturas_MIDI,504,6,5.677305479468173
alturas_MIDI,504,7,5.841884312772622
alturas_MIDI,505,2,0.8221480421136764
alturas_MIDI,505,3,2.0532959656044745
alturas_MIDI,505,4,3.5402112538913544
alturas_MIDI,505,5,5.003890321147388
alturas_MIDI,505,6,5.6856323493059575
alturas_MIDI,505,7,5.834052141240871
alturas_MIDI,506,2,0.7746998286465294
alturas_MIDI,506,3,2.0011180344138175
alturas_MIDI,506,4,3.4990556039236735
alturas_MIDI,506,5,4.953461654783573
alturas_MIDI,506,6,5.721735017823336
alturas_MIDI,506,7,5.8497164843043725
alturas_MIDI,507,2,0.7664192182259069
alturas_MIDI,507,3,2.028734153954517
alturas_MIDI,507,4,3.5496879646710027
alturas_MIDI,507,5,5.0305206386343535
alturas_MIDI,507,6,5.766164556178504
alturas_MIDI,507,7,5.857548655836124
alturas_MIDI,508,2,0.7910048490179448
alturas_MIDI,508,3,1.9853006501838637
alturas_MIDI,508,4,3.436573242334032
alturas_MIDI,508,5,4.839014483830585
alturas_MIDI,508,6,5.632359180351952
alturas_MIDI,508,7,5.841884312772621
alturas_MIDI,509,2,0.7844971492215147
alturas_MIDI,509,3,2.019419633672734
alturas_MIDI,509,4,3.542979652676144
alturas_MIDI,509,5,4.951828591184131
alturas_MIDI,509,6,5.685115588544902
alturas_MIDI,509,7,5.857548655836124
alturas_MIDI,510,2,0.7664192182259069
alturas_MIDI,510,3,1.9903653189478407
alturas_MIDI,510,4,3.4814804993705972
alturas_MIDI,510,5,4.948713670783449
alturas_MIDI,510,6,5.6875467046501305
alturas_MIDI,510,7,5.828657953373967
alturas_MIDI,511,2,0.7751432174857484
alturas_MIDI,511,3,2.0008391977208335
alturas_MIDI,511,4,3.507499747809056
alturas_MIDI,511,5,4.941666428615976
alturas_MIDI,511,6,5.672443247257719
alturas_MIDI,511,7,5.837968227006748
alturas_MIDI,512,2,0.775459841926889
alturas_MIDI,512,3,1.9837146478699172
alturas_MIDI,512,4,3.4725011250331215
alturas_MIDI,512,5,4.951923838826502
alturas_MIDI,512,6,5.698304690593141
alturas_MIDI,512,7,5.845800398538498
alturas_MIDI,513,2,0.7753173693672302
alturas_MIDI,513,3,2.002633448113702
alturas_MIDI,513,4,3.4911027098159924
alturas_MIDI,513,5,4.927917593408012
alturas_MIDI,513,6,5.709062676536152
alturas_MIDI,513,7,5.8497164843043725
alturas_MIDI,514,2,0.7919130463166797
alturas_MIDI,514,3,2.0204734604605754
alturas_MIDI,514,4,3.478515275104792
alturas_MIDI,514,5,4.962381033978107
alturas_MIDI,514,6,5.709062676536153
alturas_MIDI,514,7,5.841884312772622
alturas_MIDI,515,2,0.8163990591122765
alturas_MIDI,515,3,2.11704892147293
alturas_MIDI,515,4,3.6597608741047396
alturas_MIDI,515,5,5.113006181113944
alturas_MIDI,515,6,5.736398058304714
alturas_MIDI,515,7,5.861464741601999
alturas_MIDI,516,2,0.7545803868112908
alturas_MIDI,516,3,1.9367348246852196
alturas_MIDI,516,4,3.4057333505696334
alturas_MIDI,516,5,4.8247761737104025
alturas_MIDI,516,6,5.6890206430832695
alturas_MIDI,516,7,5.853632570070248
alturas_MIDI,517,2,0.7699884709311697
alturas_MIDI,517,3,1.9505832001628682
alturas_MIDI,517,4,3.435210765593406
alturas_MIDI,517,5,4.877514761317864
alturas_MIDI,517,6,5.651444036132749
alturas_MIDI,517,7,5.845800398538498
alturas_MIDI,518,2,0.775459841926889
alturas_MIDI,518,3,2.0241518509696466
alturas_MIDI,518,4,3.53735944964646
alturas_MIDI,518,5,4.949097212828682
alturas_MIDI,518,6,5.69977862902628
alturas_MIDI,518,7,5.837968227006747
alturas_MIDI,519,2,0.7355974493435522
alturas_MIDI,519,3,1.9554129636813942
alturas_MIDI,519,4,3.4639459973500673
alturas_MIDI,519,5,4.921756822410876
alturas_MIDI,519,6,5.698821451354196
alturas_MIDI,519,7,5.845800398538498
alturas_MIDI,520,2,0.8005620349724635
alturas_MIDI,520,3,2.071795540158198
alturas_MIDI,520,4,3.6027032372291474
alturas_MIDI,520,5,5.02523288459467
alturas_MIDI,520,6,5.778396480554655
alturas_MIDI,520,7,5.869296913133749
alturas_MIDI,521,2,0.7665139132580538
alturas_MIDI,521,3,1.9898657064515963
alturas_MIDI,521,4,3.4536690787006803
alturas_MIDI,521,5,4.905321239946311
alturas_MIDI,521,6,5.675831541035033
alturas_MIDI,521,7,5.836490124905716
alturas_MIDI,522,2,0.7663245171130089
alturas_MIDI,522,3,1.986301202128726
alturas_MIDI,522,4,3.4797999703184215
alturas_MIDI,522,5,4.920030228153531
alturas_MIDI,522,6,5.719303901718111
alturas_MIDI,522,7,5.865380827367875
alturas_MIDI,523,2,0.75670666485113
alturas_MIDI,523,3,1.9398587520226256
alturas_MIDI,523,4,3.411776319508714
alturas_MIDI,523,5,4.86979600411849
alturas_MIDI,523,6,5.682167711678625
alturas_MIDI,523,7,5.8497164843043725
alturas_MIDI,524,2,0.756785357167163
alturas_MIDI,524,3,1.9496686116266542
alturas_MIDI,524,4,3.440379855902642
alturas_MIDI,524,5,4.905823094919312
alturas_MIDI,524,6,5.7202610793901965
alturas_MIDI,524,7,5.8497164843043725
alturas_MIDI,525,2,0.756832570547119
alturas_MIDI,525,3,1.944153629319645
alturas_MIDI,525,4,3.3883336578468564
alturas_MIDI,525,5,4.802202885534086
alturas_MIDI,525,6,5.639212111756598
alturas_MIDI,525,7,5.845800398538498
alturas_MIDI,526,2,0.8069325322994922
alturas_MIDI,526,3,2.064704584131245
alturas_MIDI,526,4,3.588684005196642
alturas_MIDI,526,5,4.999092042019918
alturas_MIDI,526,6,5.709062676536152
alturas_MIDI,526,7,5.852154467969219
alturas_MIDI,527,2,0.7921519517647406
alturas_MIDI,527,3,1.9814353769037538
alturas_MIDI,527,4,3.4495930063309213
alturas_MIDI,527,5,4.954095276897225
alturas_MIDI,527,6,5.69977862902628
alturas_MIDI,527,7,5.869296913133749
alturas_MIDI,528,2,0.7466060874798152
alturas_MIDI,528,3,1.940733619622535
alturas_MIDI,528,4,3.411361797354368
alturas_MIDI,528,5,4.86628546087968
alturas_MIDI,528,6,5.672443247257719
alturas_MIDI,528,7,5.844322296437468
alturas_MIDI,529,2,0.7919130463166797
alturas_MIDI,529,3,2.0290710739369335
alturas_MIDI,529,4,3.5684973833290363
alturas_MIDI,529,5,5.033975544133519
alturas_MIDI,529,6,5.7403031128430815
alturas_MIDI,529,7,5.857548655836124
alturas_MIDI,530,2,0.7466060874798152
alturas_MIDI,530,3,1.933441148284728
alturas_MIDI,530,4,3.408062606270483
alturas_MIDI,530,5,4.891885159994885
alturas_MIDI,530,6,5.668538192719355
alturas_MIDI,530,7,5.841884312772622
alturas_MIDI,531,2,0.8161100359215754
alturas_MIDI,531,3,2.0333728730507237
alturas_MIDI,531,4,3.5250066761936694
alturas_MIDI,531,5,4.963868554807836
alturas_MIDI,531,6,5.7124509703134665
alturas_MIDI,531,7,5.8497164843043725
alturas_MIDI,532,2,0.8010090739903097
alturas_MIDI,532,3,2.0085772883964226
alturas_MIDI,532,4,3.4506533888677353
alturas_MIDI,532,5,4.899365917918743
alturas_MIDI,532,6,5.69683075216
alturas_MIDI,532,7,5.849716484304373
alturas_MIDI,533,2,0.775570644374078
alturas_MIDI,533,3,2.01828544801524
alturas_MIDI,533,4,3.5152964048271276
alturas_MIDI,533,5,4.9993626137496925
alturas_MIDI,533,6,5.742734228948306
alturas_MIDI,533,7,5.861464741601999
alturas_MIDI,534,2,0.7921519517647406
alturas_MIDI,534,3,2.056731434539266
alturas_MIDI,534,4,3.6190874059063596
alturas_MIDI,534,5,5.049293693600708
alturas_MIDI,534,6,5.740303112843081
alturas_MIDI,534,7,5.869296913133749
alturas_MIDI,535,2,0.7664823489228905
alturas_MIDI,535,3,1.9964225587186144
alturas_MIDI,535,4,3.4859413289852133
alturas_MIDI,535,5,4.940762234772559
alturas_MIDI,535,6,5.712967731074518
alturas_MIDI,535,7,5.853632570070248
alturas_MIDI,536,2,0.7664823489228905
alturas_MIDI,536,3,1.9856160931465794
alturas_MIDI,536,4,3.48817243667589
alturas_MIDI,536,5,4.951797414298163
alturas_MIDI,536,6,5.665073555092021
alturas_MIDI,536,7,5.841884312772622
alturas_MIDI,537,2,0.7756497838679268
alturas_MIDI,537,3,2.028057453418415
alturas_MIDI,537,4,3.5286508546726263
alturas_MIDI,537,5,4.914679798925723
alturas_MIDI,537,6,5.647022220833331
alturas_MIDI,537,7,5.8497164843043725
alturas_MIDI,538,2,0.7200018872322683
alturas_MIDI,538,3,1.8557473851503523
alturas_MIDI,538,4,3.28484371047206
alturas_MIDI,538,5,4.739406672657172
alturas_MIDI,538,6,5.625065832036275
alturas_MIDI,538,7,5.822303883943246
alturas_MIDI,539,2,0.7663245171130089
alturas_MIDI,539,3,1.9866308104847497
alturas_MIDI,539,4,3.480183847541896
alturas_MIDI,539,5,4.898555576149411
alturas_MIDI,539,6,5.673400424929804
alturas_MIDI,539,7,5.8497164843043725
alturas_MIDI,540,2,0.75670666485113
alturas_MIDI,540,3,1.984441071902113
alturas_MIDI,540,4,3.4616929737947357
alturas_MIDI,540,5,4.901984968791103
alturas_MIDI,540,6,5.670969308824578
alturas_MIDI,540,7,5.841884312772621
alturas_MIDI,541,2,0.8088068421389454
alturas_MIDI,541,3,2.0478540027873566
alturas_MIDI,541,4,3.5620631959486633
alturas_MIDI,541,5,4.949983683999017
alturas_MIDI,541,6,5.686589526978044
alturas_MIDI,541,7,5.8497164843043725
alturas_MIDI,542,2,0.7558407728234877
alturas_MIDI,542,3,1.977840581727071
alturas_MIDI,542,4,3.486028285771347
alturas_MIDI,542,5,4.985695250555032
alturas_MIDI,542,6,5.706114799669873
alturas_MIDI,542,7,5.8443222964374675
alturas_MIDI,543,2,0.7560769755056371
alturas_MIDI,543,3,2.00101504791524
alturas_MIDI,543,4,3.5424024559649587
alturas_MIDI,543,5,4.9411702376714715
alturas_MIDI,543,6,5.6567466852542365
alturas_MIDI,543,7,5.826219969709121
alturas_MIDI,544,2,0.8376087916215726
alturas_MIDI,544,3,2.0912181266934438
alturas_MIDI,544,4,3.62258316719291
alturas_MIDI,544,5,5.10369791726187
alturas_MIDI,544,6,5.752018276458179
alturas_MIDI,544,7,5.849716484304373
alturas_MIDI,545,2,0.8087267928662603
alturas_MIDI,545,3,2.092400172949162
alturas_MIDI,545,4,3.6221247770634295
alturas_MIDI,545,5,5.0648020169364605
alturas_MIDI,545,6,5.723208956256475
alturas_MIDI,545,7,5.845800398538498
alturas_MIDI,546,2,0.7801736087785587
alturas_MIDI,546,3,2.008157753289417
alturas_MIDI,546,4,3.5237529018389724
alturas_MIDI,546,5,4.924960274421643
alturas_MIDI,546,6,5.6856323493059575
alturas_MIDI,546,7,5.840406210671593
alturas_MIDI,547,2,0.7465747009766092
alturas_MIDI,547,3,1.967785743037214
alturas_MIDI,547,4,3.4506299017999256
alturas_MIDI,547,5,4.946691722526466
alturas_MIDI,547,6,5.711493792641379
alturas_MIDI,547,7,5.849716484304373
alturas_MIDI,548,2,0.7461352201696898
alturas_MIDI,548,3,2.001941877099259
alturas_MIDI,548,4,3.5230356764785826
alturas_MIDI,548,5,4.952570915153035
alturas_MIDI,548,6,5.707588738103012
alturas_MIDI,548,7,5.8497164843043725
alturas_MIDI,549,2,0.7751432174857484
alturas_MIDI,549,3,2.023659459161062
alturas_MIDI,549,4,3.5257180801610692
alturas_MIDI,549,5,4.9722860790293675
alturas_MIDI,549,6,5.725640072361703
alturas_MIDI,549,7,5.853632570070248
alturas_MIDI,550,2,0.7636387861000813
alturas_MIDI,550,3,1.9695203642745325
alturas_MIDI,550,4,3.4173026434821074
alturas_MIDI,550,5,4.813890483998527
alturas_MIDI,550,6,5.623591893603135
alturas_MIDI,550,7,5.8223038839432455
alturas_MIDI,551,2,0.7237518437567853
alturas_MIDI,551,3,1.9125815834465965
alturas_MIDI,551,4,3.398610323487123
alturas_MIDI,551,5,4.8924369886790355
alturas_MIDI,551,6,5.703683683564648
alturas_MIDI,551,7,5.837968227006746
alturas_MIDI,552,2,0.7552737322554758
alturas_MIDI,552,3,1.9765001322315472
alturas_MIDI,552,4,3.505457783810344
alturas_MIDI,552,5,4.976713196172381
alturas_MIDI,552,6,5.692408936860583
alturas_MIDI,552,7,5.836490124905717
alturas_MIDI,553,2,0.7841796763556009
alturas_MIDI,553,3,2.0049657100017906
alturas_MIDI,553,4,3.4558607930530876
alturas_MIDI,553,5,4.900622476921429
alturas_MIDI,553,6,5.648496159266472
alturas_MIDI,553,7,5.853632570070248
alturas_MIDI,554,2,0.7929161868557755
alturas_MIDI,554,3,2.044577648474241
alturas_MIDI,554,4,3.543084043297633
alturas_MIDI,554,5,4.960747970378663
alturas_MIDI,554,6,5.718346724046024
alturas_MIDI,554,7,5.853632570070248
alturas_MIDI,555,2,0.7844654050277371
alturas_MIDI,555,3,2.0259291774116317
alturas_MIDI,555,4,3.5493072726660317
alturas_MIDI,555,5,5.000913883919639
alturas_MIDI,555,6,5.695873574487914
alturas_MIDI,555,7,5.841884312772622
alturas_MIDI,556,2,0.7756497838679268
alturas_MIDI,556,3,2.009831769601226
alturas_MIDI,556,4,3.547783030362348
alturas_MIDI,556,5,4.974646616816551
alturas_MIDI,556,6,5.706114799669874
alturas_MIDI,556,7,5.857548655836124
alturas_MIDI,557,2,0.7844019145786811
alturas_MIDI,557,3,2.020658056309236
alturas_MIDI,557,4,3.49538690013342
alturas_MIDI,557,5,4.8851357193991305
alturas_MIDI,557,6,5.662447448933157
alturas_MIDI,557,7,5.812993610310466
alturas_MIDI,558,2,0.75670666485113
alturas_MIDI,558,3,1.9605639288871632
alturas_MIDI,558,4,3.440132950698541
alturas_MIDI,558,5,4.87710143795495
alturas_MIDI,558,6,5.674874363362945
alturas_MIDI,558,7,5.849716484304373
alturas_MIDI,559,2,0.7560769755056371
alturas_MIDI,559,3,1.9671031460239432
alturas_MIDI,559,4,3.476389181123307
alturas_MIDI,559,5,4.941327839085778
alturas_MIDI,559,6,5.689977820755355
alturas_MIDI,559,7,5.8497164843043725
alturas_MIDI,560,2,0.7465747009766092
alturas_MIDI,560,3,1.9917442211531213
alturas_MIDI,560,4,3.5043544717849837
alturas_MIDI,560,5,4.960038218864012
alturas_MIDI,560,6,5.728587949227984
alturas_MIDI,560,7,5.857548655836124
alturas_MIDI,561,2,0.7454757545686844
alturas_MIDI,561,3,1.9339538331289634
alturas_MIDI,561,4,3.4062100627823835
alturas_MIDI,561,5,4.915657353181877
alturas_MIDI,561,6,5.75054433802504
alturas_MIDI,561,7,5.853632570070248
alturas_MIDI,562,2,0.8164311692434326
alturas_MIDI,562,3,2.0275689117235514
alturas_MIDI,562,4,3.544374271261804
alturas_MIDI,562,5,5.010290165572139
alturas_MIDI,562,6,5.711493792641379
alturas_MIDI,562,7,5.8443222964374675
alturas_MIDI,563,2,0.7660403772757444
alturas_MIDI,563,3,1.986325633224935
alturas_MIDI,563,4,3.4702878692617887
alturas_MIDI,563,5,4.909803994828969
alturas_MIDI,563,6,5.7036836835646465
alturas_MIDI,563,7,5.853632570070249
alturas_MIDI,564,2,0.7465747009766092
alturas_MIDI,564,3,1.9761844040123098
alturas_MIDI,564,4,3.5076203154739036
alturas_MIDI,564,5,4.97747324281437
alturas_MIDI,564,6,5.689020643083269
alturas_MIDI,564,7,5.837968227006747
alturas_MIDI,565,2,0.7925341192548294
alturas_MIDI,565,3,2.0221203822274543
alturas_MIDI,565,4,3.5151346136345
alturas_MIDI,565,5,4.967744917418795
alturas_MIDI,565,6,5.67730547946817
alturas_MIDI,565,7,5.845800398538497
alturas_MIDI,566,2,0.7459468313671431
alturas_MIDI,566,3,1.9739427709099862
alturas_MIDI,566,4,3.469922466811102
alturas_MIDI,566,5,4.883350396997684
alturas_MIDI,566,6,5.680253356334452
alturas_MIDI,566,7,5.861464741601999
alturas_MIDI,567,2,0.7465747009766092
alturas_MIDI,567,3,1.9663608596808166
alturas_MIDI,567,4,3.4692612613955682
alturas_MIDI,567,5,4.8841919156529805
alturas_MIDI,567,6,5.691968519949549
alturas_MIDI,567,7,5.8575486558361245
alturas_MIDI,568,2,0.7661982395011013
alturas_MIDI,568,3,1.972639412043273
alturas_MIDI,568,4,3.445096708366662
alturas_MIDI,568,5,4.888846047579017
alturas_MIDI,568,6,5.64849615926647
alturas_MIDI,568,7,5.837968227006747
alturas_MIDI,569,2,0.7466060874798152
alturas_MIDI,569,3,1.9748907509600855
alturas_MIDI,569,4,3.4743224181121892
alturas_MIDI,569,5,4.900415654531879
alturas_MIDI,569,6,5.648496159266472
alturas_MIDI,569,7,5.841884312772622
alturas_MIDI,570,2,0.8084706055682882
alturas_MIDI,570,3,2.0578448730835817
alturas_MIDI,570,4,3.533154069457186
alturas_MIDI,570,5,4.934728209719952
alturas_MIDI,570,6,5.660211322881568
alturas_MIDI,570,7,5.826219969709121
alturas_MIDI,571,2,0.7465747009766092
alturas_MIDI,571,3,1.9101125609326597
alturas_MIDI,571,4,3.3543454776043147
alturas_MIDI,571,5,4.879882037285639
alturas_MIDI,571,6,5.710019854208238
alturas_MIDI,571,7,5.857548655836124
alturas_MIDI,572,2,0.7843066737505413
alturas_MIDI,572,3,2.044346938595548
alturas_MIDI,572,4,3.5868429460264233
alturas_MIDI,572,5,5.030565591149391
alturas_MIDI,572,6,5.757397269429685
alturas_MIDI,572,7,5.857548655836124
alturas_MIDI,573,2,0.7665139132580538
alturas_MIDI,573,3,2.0022327822865034
alturas_MIDI,573,4,3.501595383192089
alturas_MIDI,573,5,4.930513257578794
alturas_MIDI,573,6,5.728587949227983
alturas_MIDI,573,7,5.845800398538498
alturas_MIDI,574,2,0.7464177584968525
alturas_MIDI,574,3,1.9805580373840428
alturas_MIDI,574,4,3.468557929187461
alturas_MIDI,574,5,4.944217140271725
alturas_MIDI,574,6,5.702209745131508
alturas_MIDI,574,7,5.8497164843043725
alturas_MIDI,575,2,0.7647768702867128
alturas_MIDI,575,3,1.982650689037635
alturas_MIDI,575,4,3.4748437780753814
alturas_MIDI,575,5,4.913874799768699
alturas_MIDI,575,6,5.682684472439678
alturas_MIDI,575,7,5.845800398538498
alturas_MIDI,576,2,0.7560769755056371
alturas_MIDI,576,3,1.9156803025268436
alturas_MIDI,576,4,3.375630374920515
alturas_MIDI,576,5,4.870556050760481
alturas_MIDI,576,6,5.673917185690859
alturas_MIDI,576,7,5.845800398538497
alturas_MIDI,577,2,0.7337653149900203
alturas_MIDI,577,3,1.9186557695958626
alturas_MIDI,577,4,3.3856240703160587
alturas_MIDI,577,5,4.862542260977656
alturas_MIDI,577,6,5.7036836835646465
alturas_MIDI,577,7,5.857548655836124
alturas_MIDI,578,2,0.775570644374078
alturas_MIDI,578,3,1.9844058189428928
alturas_MIDI,578,4,3.453619665904792
alturas_MIDI,578,5,4.9397819115281365
alturas_MIDI,578,6,5.704640861236735
alturas_MIDI,578,7,5.853632570070248
alturas_MIDI,579,2,0.7756497838679268
alturas_MIDI,579,3,2.001558369298487
alturas_MIDI,579,4,3.498497301344298
alturas_MIDI,579,5,4.94802975354246
alturas_MIDI,579,6,5.67877941790131
alturas_MIDI,579,7,5.8497164843043725
alturas_MIDI,580,2,0.7840209141398174
alturas_MIDI,580,3,2.0199517214342064
alturas_MIDI,580,4,3.5190144787073376
alturas_MIDI,580,5,4.956935678524113
alturas_MIDI,580,6,5.694399636054776
alturas_MIDI,580,7,5.845800398538498
alturas_MIDI,581,2,0.8084706055682882
alturas_MIDI,581,3,2.0471078951513735
alturas_MIDI,581,4,3.555361153804745
alturas_MIDI,581,5,4.94087520508802
alturas_MIDI,581,6,5.706114799669872
alturas_MIDI,581,7,5.841884312772622
alturas_MIDI,582,2,0.7664823489228905
alturas_MIDI,582,3,1.989707152626543
alturas_MIDI,582,4,3.491356122561399
alturas_MIDI,582,5,4.960151189179473
alturas_MIDI,582,6,5.71149379264138
alturas_MIDI,582,7,5.861464741601999
alturas_MIDI,583,2,0.7751432174857484
alturas_MIDI,583,3,1.9921377164136693
alturas_MIDI,583,4,3.4597225685646236
alturas_MIDI,583,5,4.916311466956885
alturas_MIDI,583,6,5.665590315853073
alturas_MIDI,583,7,5.841884312772623
alturas_MIDI,584,2,0.7466060874798152
alturas_MIDI,584,3,1.9323787094100187
alturas_MIDI,584,4,3.3783380872164663
alturas_MIDI,584,5,4.8417461836022175
alturas_MIDI,584,6,5.626980187380448
alturas_MIDI,584,7,5.823263765507061
alturas_MIDI,585,2,0.7356600465106002
alturas_MIDI,585,3,1.8973033216485446
alturas_MIDI,585,4,3.3660112492678707
alturas_MIDI,585,5,4.882677486397494
alturas_MIDI,585,6,5.670969308824579
alturas_MIDI,585,7,5.845800398538498
alturas_MIDI,586,2,0.7840209141398174
alturas_MIDI,586,3,2.0254961530039095
alturas_MIDI,586,4,3.5504660230474214
alturas_MIDI,586,5,4.9555473523807825
alturas_MIDI,586,6,5.66021132288157
alturas_MIDI,586,7,5.841884312772622
alturas_MIDI,587,2,0.7753173693672302
alturas_MIDI,587,3,2.040751489102983
alturas_MIDI,587,4,3.546467740023007
alturas_MIDI,587,5,4.9515905919086105
alturas_MIDI,587,6,5.7168727856128845
alturas_MIDI,587,7,5.853632570070248
alturas_MIDI,588,2,0.7562816539643085
alturas_MIDI,588,3,1.9501667135737655
alturas_MIDI,588,4,3.443374444765828
alturas_MIDI,588,5,4.902550251688133
alturas_MIDI,588,6,5.678779417901311
alturas_MIDI,588,7,5.861464741601999
alturas_MIDI,589,2,0.7466060874798152
alturas_MIDI,589,3,1.9557817354924887
alturas_MIDI,589,4,3.435378854198008
alturas_MIDI,589,5,4.923344933495283
alturas_MIDI,589,6,5.725640072361703
alturas_MIDI,589,7,5.865380827367875
alturas_MIDI,590,2,0.7665139132580538
alturas_MIDI,590,3,1.9878467917037432
alturas_MIDI,590,4,3.492028552384961
alturas_MIDI,590,5,4.928143212622752
alturas_MIDI,590,6,5.678262657140256
alturas_MIDI,590,7,5.837968227006747
alturas_MIDI,591,2,0.8075735941585911
alturas_MIDI,591,3,2.0517881142676964
alturas_MIDI,591,4,3.584993426156686
alturas_MIDI,591,5,5.033663110293173
alturas_MIDI,591,6,5.748113221919812
alturas_MIDI,591,7,5.853632570070248
alturas_MIDI,592,2,0.7457270141637269
alturas_MIDI,592,3,1.9661788580140573
alturas_MIDI,592,4,3.461656414575628
alturas_MIDI,592,5,4.921593878384262
alturas_MIDI,592,6,5.649258346884918
alturas_MIDI,592,7,5.845800398538498
alturas_MIDI,593,2,0.7753173693672302
alturas_MIDI,593,3,1.9954191019277034
alturas_MIDI,593,4,3.4736331206594144
alturas_MIDI,593,5,4.918478636567391
alturas_MIDI,593,6,5.662642438986794
alturas_MIDI,593,7,5.853632570070248
alturas_MIDI,594,2,0.775570644374078
alturas_MIDI,594,3,1.987349181147998
alturas_MIDI,594,4,3.4883050285735204
alturas_MIDI,594,5,4.9725934916736
alturas_MIDI,594,6,5.713924908746606
alturas_MIDI,594,7,5.837968227006747
alturas_MIDI,595,2,0.7664823489228905
alturas_MIDI,595,3,1.9859369384127987
alturas_MIDI,595,4,3.515510553238542
alturas_MIDI,595,5,4.953027817610999
alturas_MIDI,595,6,5.67583154103503
alturas_MIDI,595,7,5.845800398538498
alturas_MIDI,596,2,0.7664192182259069
alturas_MIDI,596,3,1.955690406170551
alturas_MIDI,596,4,3.4057213182013926
alturas_MIDI,596,5,4.845640268886264
alturas_MIDI,596,6,5.649970097699609
alturas_MIDI,596,7,5.845800398538498
alturas_MIDI,597,2,0.7844971492215147
alturas_MIDI,597,3,1.9874060180263926
alturas_MIDI,597,4,3.480886406970486
alturas_MIDI,597,5,4.874689530888331
alturas_MIDI,597,6,5.699778629026281
alturas_MIDI,597,7,5.845800398538497
alturas_MIDI,598,2,0.7843066737505413
alturas_MIDI,598,3,2.005539200327398
alturas_MIDI,598,4,3.513213736811453
alturas_MIDI,598,5,4.930549777077065
alturas_MIDI,598,6,5.667064254286213
alturas_MIDI,598,7,5.845800398538499
alturas_MIDI,599,2,0.756785357167163
alturas_MIDI,599,3,1.9815540779981111
alturas_MIDI,599,4,3.4531294338166707
alturas_MIDI,599,5,4.9466102505131575
alturas_MIDI,599,6,5.671926486496668
alturas_MIDI,599,7,5.841884312772622
alturas_MIDI,600,2,0.8163990591122765
alturas_MIDI,600,3,2.0616710700959735
alturas_MIDI,600,4,3.5558355183175956
alturas_MIDI,600,5,4.995071532207534
alturas_MIDI,600,6,5.710536614969291
alturas_MIDI,600,7,5.841884312772622
alturas_MIDI,601,2,0.7926774063058946
alturas_MIDI,601,3,2.0615176428652626
alturas_MIDI,601,4,3.567031494907867
alturas_MIDI,601,5,4.992334489823592
alturas_MIDI,601,6,5.681210534006537
alturas_MIDI,601,7,5.837968227006747
alturas_MIDI,602,2,0.7921519517647406
alturas_MIDI,602,3,2.02860337580387
alturas_MIDI,602,4,3.5482446697967434
alturas_MIDI,602,5,5.019598429424213
alturas_MIDI,602,6,5.711493792641378
alturas_MIDI,602,7,5.849716484304373
alturas_MIDI,603,2,0.7840209141398174
alturas_MIDI,603,3,1.9961249632210325
alturas_MIDI,603,4,3.4878246541447737
alturas_MIDI,603,5,4.961891559065886
alturas_MIDI,603,6,5.721735017823337
alturas_MIDI,603,7,5.853632570070248
alturas_MIDI,604,2,0.7428349505752742
alturas_MIDI,604,3,1.943387161582508
alturas_MIDI,604,4,3.424331020662171
alturas_MIDI,604,5,4.876013786275253
alturas_MIDI,604,6,5.682684472439676
alturas_MIDI,604,7,5.822303883943245
alturas_MIDI,605,2,0.7734322653167296
alturas_MIDI,605,3,2.0355398920706524
alturas_MIDI,605,4,3.5454449091250413
alturas_MIDI,605,5,4.971110239304079
alturas_MIDI,605,6,5.73101906533321
alturas_MIDI,605,7,5.837968227006748
alturas_MIDI,606,2,0.7929321041728028
alturas_MIDI,606,3,2.0509042067598404
alturas_MIDI,606,4,3.5248430357026233
alturas_MIDI,606,5,5.002665260446853
alturas_MIDI,606,6,5.728071188466931
alturas_MIDI,606,7,5.857548655836124
alturas_MIDI,607,2,0.7234397077238556
alturas_MIDI,607,3,1.8842555484631691
alturas_MIDI,607,4,3.3517152204458522
alturas_MIDI,607,5,4.8576349585787435
alturas_MIDI,607,6,5.706631560430926
alturas_MIDI,607,7,5.853632570070248
alturas_MIDI,608,2,0.7756497838679268
alturas_MIDI,608,3,1.9978640120370494
alturas_MIDI,608,4,3.485132172758086
alturas_MIDI,608,5,4.876987393487391
alturas_MIDI,608,6,5.685115588544902
alturas_MIDI,608,7,5.865380827367874
alturas_MIDI,609,2,0.7457270141637269
alturas_MIDI,609,3,1.960214531209105
alturas_MIDI,609,4,3.455153404232803
alturas_MIDI,609,5,4.899284767321626
alturas_MIDI,609,6,5.68902064308327
alturas_MIDI,609,7,5.857548655836124
alturas_MIDI,610,2,0.756832570547119
alturas_MIDI,610,3,1.9890603416098878
alturas_MIDI,610,4,3.4517937981511553
alturas_MIDI,610,5,4.856626227436626
alturas_MIDI,610,6,5.666107076614127
alturas_MIDI,610,7,5.834052141240871
alturas_MIDI,611,2,0.7929161868557755
alturas_MIDI,611,3,2.0169054941564597
alturas_MIDI,611,4,3.5145854877973077
alturas_MIDI,611,5,4.927542484379543
alturas_MIDI,611,6,5.675831541035033
alturas_MIDI,611,7,5.830136055474997
alturas_MIDI,612,2,0.7746998286465294
alturas_MIDI,612,3,2.014352549532633
alturas_MIDI,612,4,3.515672507604712
alturas_MIDI,612,5,4.987220686451321
alturas_MIDI,612,6,5.694399636054775
alturas_MIDI,612,7,5.8497164843043725
alturas_MIDI,613,2,0.7923589715603128
alturas_MIDI,613,3,2.0271196903887705
alturas_MIDI,613,4,3.4810739489090605
alturas_MIDI,613,5,4.9368235183896685
alturas_MIDI,613,6,5.678262657140261
alturas_MIDI,613,7,5.853632570070248
alturas_MIDI,614,2,0.75670666485113
alturas_MIDI,614,3,1.9523342767452156
alturas_MIDI,614,4,3.4441795698043616
alturas_MIDI,614,5,4.903812153303128
alturas_MIDI,614,6,5.68754670465013
alturas_MIDI,614,7,5.841884312772622
alturas_MIDI,615,2,0.7647768702867128
alturas_MIDI,615,3,2.001630603517051
alturas_MIDI,615,4,3.508624470158304
alturas_MIDI,615,5,4.951389411399248
alturas_MIDI,615,6,5.7022097451315075
alturas_MIDI,615,7,5.865380827367875
alturas_MIDI,616,2,0.8072691250787971
alturas_MIDI,616,3,2.0652125042551432
alturas_MIDI,616,4,3.606317955492135
alturas_MIDI,616,5,5.0576609226949
alturas_MIDI,616,6,5.757397269429685
alturas_MIDI,616,7,5.857548655836124
alturas_MIDI,617,2,0.7555730307930882
alturas_MIDI,617,3,1.9294634852972714
alturas_MIDI,617,4,3.375844579758688
alturas_MIDI,617,5,4.809349322387958
alturas_MIDI,617,6,5.60649773701653
alturas_MIDI,617,7,5.837968227006747
alturas_MIDI,618,2,0.8001468045007711
alturas_MIDI,618,3,2.0749944170657457
alturas_MIDI,618,4,3.5719814758340305
alturas_MIDI,618,5,4.982077079613067
alturas_MIDI,618,6,5.7285879492279825
alturas_MIDI,618,7,5.865380827367874
alturas_MIDI,619,2,0.7354096420333789
alturas_MIDI,619,3,1.9491763397671478
alturas_MIDI,619,4,3.4293974519709804
alturas_MIDI,619,5,4.9123724291578
alturas_MIDI,619,6,5.70707197734196
alturas_MIDI,619,7,5.8497164843043725
alturas_MIDI,620,2,0.800945219665376
alturas_MIDI,620,3,2.030680636977164
alturas_MIDI,620,4,3.5534504570578447
alturas_MIDI,620,5,4.987052078396213
alturas_MIDI,620,6,5.712450970313467
alturas_MIDI,620,7,5.853632570070248
alturas_MIDI,621,2,0.7929161868557755
alturas_MIDI,621,3,2.0063901097610137
alturas_MIDI,621,4,3.5022050083194607
alturas_MIDI,621,5,4.959522909678131
alturas_MIDI,621,6,5.718346724046024
alturas_MIDI,621,7,5.845800398538498
alturas_MIDI,622,2,0.800945219665376
alturas_MIDI,622,3,2.0430475275635236
alturas_MIDI,622,4,3.5172647683310783
alturas_MIDI,622,5,4.9344441837773
alturas_MIDI,622,6,5.66654749352516
alturas_MIDI,622,7,5.853632570070248
alturas_MIDI,623,2,0.783067979462889
alturas_MIDI,623,3,2.0154073617113664
alturas_MIDI,623,4,3.505638843035883
alturas_MIDI,623,5,4.926523924652372
alturas_MIDI,623,6,5.7168727856128845
alturas_MIDI,623,7,5.853632570070248
alturas_MIDI,624,2,0.7663245171130089
alturas_MIDI,624,3,1.9843096634287765
alturas_MIDI,624,4,3.4350555799325515
alturas_MIDI,624,5,4.9244503078480655
alturas_MIDI,624,6,5.713924908746605
alturas_MIDI,624,7,5.841884312772622
alturas_MIDI,625,2,0.7660403772757444
alturas_MIDI,625,3,2.0262839473207004
alturas_MIDI,625,4,3.5352296333982047
alturas_MIDI,625,5,4.9802361194719715
alturas_MIDI,625,6,5.69344245838269
alturas_MIDI,625,7,5.841884312772622
alturas_MIDI,626,2,0.7756497838679268
alturas_MIDI,626,3,1.9843402865842714
alturas_MIDI,626,4,3.4535343106633936
alturas_MIDI,626,5,4.932653197347356
alturas_MIDI,626,6,5.692408936860583
alturas_MIDI,626,7,5.853632570070248
alturas_MIDI,627,2,0.7665139132580538
alturas_MIDI,627,3,1.961240538932886
alturas_MIDI,627,4,3.4686350362447813
alturas_MIDI,627,5,4.925543601407952
alturas_MIDI,627,6,5.711493792641377
alturas_MIDI,627,7,5.856070553735094
alturas_MIDI,628,2,0.7756497838679268
alturas_MIDI,628,3,1.9940986291701137
alturas_MIDI,628,4,3.510376670001113
alturas_MIDI,628,5,4.92710864720697
alturas_MIDI,628,6,5.732493003766349
alturas_MIDI,628,7,5.861464741601999
alturas_MIDI,629,2,0.783608051877788
alturas_MIDI,629,3,2.0191453476782923
alturas_MIDI,629,4,3.5216273511531995
alturas_MIDI,629,5,4.990448577167464
alturas_MIDI,629,6,5.719303901718113
alturas_MIDI,629,7,5.853632570070249
alturas_MIDI,630,2,0.7840209141398174
alturas_MIDI,630,3,2.012088768137529
alturas_MIDI,630,4,3.5133826594177404
alturas_MIDI,630,5,4.9961836225926
alturas_MIDI,630,6,5.691968519949547
alturas_MIDI,630,7,5.83405214124087
alturas_MIDI,631,2,0.7921519517647406
alturas_MIDI,631,3,2.013466455846783
alturas_MIDI,631,4,3.4974406464601304
alturas_MIDI,631,5,4.950522058470292
alturas_MIDI,631,6,5.6890206430832695
alturas_MIDI,631,7,5.845800398538498
alturas_MIDI,632,2,0.7568483080055324
alturas_MIDI,632,3,1.9977206573360204
alturas_MIDI,632,4,3.515067404769461
alturas_MIDI,632,5,5.0006121353039035
alturas_MIDI,632,6,5.71149379264138
alturas_MIDI,632,7,5.8575486558361245
alturas_MIDI,633,2,0.8235014215396239
alturas_MIDI,633,3,2.092839074139288
alturas_MIDI,633,4,3.6218236079488877
alturas_MIDI,633,5,5.051392845410793
alturas_MIDI,633,6,5.723208956256478
alturas_MIDI,633,7,5.853632570070248
alturas_MIDI,634,2,0.8086147164790373
alturas_MIDI,634,3,2.079469854906084
alturas_MIDI,634,4,3.5965970517580135
alturas_MIDI,634,5,5.0076034183155365
alturas_MIDI,634,6,5.717829963284972
alturas_MIDI,634,7,5.845800398538498
alturas_MIDI,635,2,0.775459841926889
alturas_MIDI,635,3,1.9947827090150838
alturas_MIDI,635,4,3.497828922957586
alturas_MIDI,635,5,4.958436653566722
alturas_MIDI,635,6,5.710536614969292
alturas_MIDI,635,7,5.853632570070248
alturas_MIDI,636,2,0.7661982395011013
alturas_MIDI,636,3,1.98803979952621
alturas_MIDI,636,4,3.439957797199167
alturas_MIDI,636,5,4.896037436947919
alturas_MIDI,636,6,5.650927275371696
alturas_MIDI,636,7,5.837968227006748
alturas_MIDI,637,2,0.8155318165558092
alturas_MIDI,637,3,2.0858699491482886
alturas_MIDI,637,4,3.5582555056057696
alturas_MIDI,637,5,4.923666121768586
alturas_MIDI,637,6,5.667826441904661
alturas_MIDI,637,7,5.837968227006747
alturas_MIDI,638,2,0.774937375019291
alturas_MIDI,638,3,1.9900147942600048
alturas_MIDI,638,4,3.4711264270686035
alturas_MIDI,638,5,4.965464777492821
alturas_MIDI,638,6,5.723208956256478
alturas_MIDI,638,7,5.861464741601999
alturas_MIDI,639,2,0.8003704048425897
alturas_MIDI,639,3,2.068627082041755
alturas_MIDI,639,4,3.5788867433403464
alturas_MIDI,639,5,4.988572171680196
alturas_MIDI,639,6,5.707588738103015
alturas_MIDI,639,7,5.8575486558361245
alturas_MIDI,640,2,0.7927888420817857
alturas_MIDI,640,3,2.0457600109886416
alturas_MIDI,640,4,3.5574549741194965
alturas_MIDI,640,5,4.965220040036713
alturas_MIDI,640,6,5.666107076614128
alturas_MIDI,640,7,5.841884312772623
alturas_MIDI,641,2,0.7844971492215147
alturas_MIDI,641,3,2.0469784461153937
alturas_MIDI,641,4,3.545941486665337
alturas_MIDI,641,5,4.930826012835333
alturas_MIDI,641,6,5.670774318770938
alturas_MIDI,641,7,5.837968227006747
alturas_MIDI,642,2,0.7665139132580538
alturas_MIDI,642,3,1.9774258481565878
alturas_MIDI,642,4,3.4156789599081256
alturas_MIDI,642,5,4.848724012400977
alturas_MIDI,642,6,5.668021431958299
alturas_MIDI,642,7,5.853632570070248
alturas_MIDI,643,2,0.775570644374078
alturas_MIDI,643,3,2.0092054894403693
alturas_MIDI,643,4,3.536349153860929
alturas_MIDI,643,5,4.998652862235043
alturas_MIDI,643,6,5.703683683564646
alturas_MIDI,643,7,5.8497164843043725
alturas_MIDI,644,2,0.7756497838679268
alturas_MIDI,644,3,1.969655709601602
alturas_MIDI,644,4,3.421766220657164
alturas_MIDI,644,5,4.898172034104176
alturas_MIDI,644,6,5.707588738103012
alturas_MIDI,644,7,5.837968227006747
alturas_MIDI,645,2,0.7827501967398389
alturas_MIDI,645,3,2.0114651671647876
alturas_MIDI,645,4,3.512981228890028
alturas_MIDI,645,5,4.94981230695564
alturas_MIDI,645,6,5.660211322881567
alturas_MIDI,645,7,5.830136055474996
alturas_MIDI,646,2,0.8086147164790373
alturas_MIDI,646,3,2.038151474934626
alturas_MIDI,646,4,3.508170262926942
alturas_MIDI,646,5,4.942195513430925
alturas_MIDI,646,6,5.715398847179744
alturas_MIDI,646,7,5.857548655836124
alturas_MIDI,647,2,0.800945219665376
alturas_MIDI,647,3,2.028362308629779
alturas_MIDI,647,4,3.4916426499295743
alturas_MIDI,647,5,4.916764100954641
alturas_MIDI,647,6,5.69196851994955
alturas_MIDI,647,7,5.853632570070248
alturas_MIDI,648,2,0.7756972655201175
alturas_MIDI,648,3,2.0040208979077816
alturas_MIDI,648,4,3.491159184159258
alturas_MIDI,648,5,4.940359895902136
alturas_MIDI,648,6,5.660651739792602
alturas_MIDI,648,7,5.837968227006748
alturas_MIDI,649,2,0.7844971492215147
alturas_MIDI,649,3,2.0294748499518787
alturas_MIDI,649,4,3.5295873439034633
alturas_MIDI,649,5,4.930296928020382
alturas_MIDI,649,6,5.694399636054777
alturas_MIDI,649,7,5.841884312772623
alturas_MIDI,650,2,0.7756972655201175
alturas_MIDI,650,3,1.9798744141449716
alturas_MIDI,650,4,3.4794547390606794
alturas_MIDI,650,5,4.966424609075886
alturas_MIDI,650,6,5.702209745131506
alturas_MIDI,650,7,5.857548655836124
alturas_MIDI,651,2,0.7841796763556009
alturas_MIDI,651,3,2.0130811191624094
alturas_MIDI,651,4,3.5219134684083913
alturas_MIDI,651,5,4.9495484512581545
alturas_MIDI,651,6,5.693442458382687
alturas_MIDI,651,7,5.849716484304373
alturas_MIDI,652,2,0.7664823489228905
alturas_MIDI,652,3,1.992937216896543
alturas_MIDI,652,4,3.513309958248979
alturas_MIDI,652,5,4.94475691031128
alturas_MIDI,652,6,5.681210534006539
alturas_MIDI,652,7,5.845800398538498
alturas_MIDI,653,2,0.7237518437567853
alturas_MIDI,653,3,1.919694575310367
alturas_MIDI,653,4,3.3794439488406045
alturas_MIDI,653,5,4.8417281395129415
alturas_MIDI,653,6,5.660211322881567
alturas_MIDI,653,7,5.8497164843043725
alturas_MIDI,654,2,0.756785357167163
alturas_MIDI,654,3,2.0188692755265585
alturas_MIDI,654,4,3.5744523512203905
alturas_MIDI,654,5,4.9924662569642395
alturas_MIDI,654,6,5.715398847179744
alturas_MIDI,654,7,5.845800398538497
alturas_MIDI,655,2,0.7461352201696898
alturas_MIDI,655,3,1.943178164875986
alturas_MIDI,655,4,3.4048263454502155
alturas_MIDI,655,5,4.911462892702077
alturas_MIDI,655,6,5.696830752160003
alturas_MIDI,655,7,5.845800398538499
alturas_MIDI,656,2,0.7656298563506156
alturas_MIDI,656,3,1.9940258369563244
alturas_MIDI,656,4,3.4733058091374476
alturas_MIDI,656,5,4.906005157187301
alturas_MIDI,656,6,5.714441669507659
alturas_MIDI,656,7,5.865380827367874
alturas_MIDI,657,2,0.7562816539643085
alturas_MIDI,657,3,1.9798935924224108
alturas_MIDI,657,4,3.445086527853937
alturas_MIDI,657,5,4.905194815417969
alturas_MIDI,657,6,5.706114799669874
alturas_MIDI,657,7,5.853632570070249
alturas_MIDI,658,2,0.8149855084587397
alturas_MIDI,658,3,2.0831575509136946
alturas_MIDI,658,4,3.6266841963542613
alturas_MIDI,658,5,5.07976780124438
alturas_MIDI,658,6,5.728587949227983
alturas_MIDI,658,7,5.857548655836124
alturas_MIDI,659,2,0.7653771712331092
alturas_MIDI,659,3,1.9778682487620058
alturas_MIDI,659,4,3.4977434089161843
alturas_MIDI,659,5,4.92936966889157
alturas_MIDI,659,6,5.681210534006538
alturas_MIDI,659,7,5.832574039139842
alturas_MIDI,660,2,0.7568483080055324
alturas_MIDI,660,3,1.977238004128405
alturas_MIDI,660,4,3.4922868158881415
alturas_MIDI,660,5,4.955189644609205
alturas_MIDI,660,6,5.721735017823338
alturas_MIDI,660,7,5.857548655836124
alturas_MIDI,661,2,0.7844971492215147
alturas_MIDI,661,3,2.0202635329964664
alturas_MIDI,661,4,3.4990760984156175
alturas_MIDI,661,5,4.944444155054746
alturas_MIDI,661,6,5.670969308824581
alturas_MIDI,661,7,5.830136055474997
alturas_MIDI,662,2,0.8080862399270125
alturas_MIDI,662,3,2.0656389961004376
alturas_MIDI,662,4,3.5491416517279744
alturas_MIDI,662,5,5.004532054861609
alturas_MIDI,662,6,5.7417770512762205
alturas_MIDI,662,7,5.865380827367875
alturas_MIDI,663,2,0.7916422395655337
alturas_MIDI,663,3,2.037591608671936
alturas_MIDI,663,4,3.575429127276135
alturas_MIDI,663,5,4.999418251489337
alturas_MIDI,663,6,5.745682105814584
alturas_MIDI,663,7,5.865380827367874
alturas_MIDI,664,2,0.7565964885735137
alturas_MIDI,664,3,1.931745077047313
alturas_MIDI,664,4,3.395466237128183
alturas_MIDI,664,5,4.845080007185348
alturas_MIDI,664,6,5.637738173323458
alturas_MIDI,664,7,5.837968227006747
alturas_MIDI,665,2,0.7664823489228905
alturas_MIDI,665,3,2.0231310546729047
alturas_MIDI,665,4,3.5365798633088383
alturas_MIDI,665,5,5.0602973748241595
alturas_MIDI,665,6,5.757397269429684
alturas_MIDI,665,7,5.865380827367875
alturas_MIDI,666,2,0.7663245171130089
alturas_MIDI,666,3,1.9997102044065644
alturas_MIDI,666,4,3.522348042070705
alturas_MIDI,666,5,4.967970536633531
alturas_MIDI,666,6,5.706114799669873
alturas_MIDI,666,7,5.853632570070248
alturas_MIDI,667,2,0.7841796763556009
alturas_MIDI,667,3,2.050788143853595
alturas_MIDI,667,4,3.571376528274753
alturas_MIDI,667,5,5.054412839585288
alturas_MIDI,667,6,5.745682105814586
alturas_MIDI,667,7,5.861464741601999
alturas_MIDI,668,2,0.8371714195865784
alturas_MIDI,668,3,2.150991598096114
alturas_MIDI,668,4,3.697169228197367
alturas_MIDI,668,5,5.079279721900447
alturas_MIDI,668,6,5.723208956256475
alturas_MIDI,668,7,5.853632570070248
alturas_MIDI,669,2,0.7656298563506156
alturas_MIDI,669,3,1.9898678466287782
alturas_MIDI,669,4,3.467561639508844
alturas_MIDI,669,5,4.935668923061639
alturas_MIDI,669,6,5.660728083642619
alturas_MIDI,669,7,5.849716484304373
alturas_MIDI,670,2,0.8231793033459579
alturas_MIDI,670,3,2.0667226993917156
alturas_MIDI,670,4,3.530444115573791
alturas_MIDI,670,5,4.963674112479064
alturas_MIDI,670,6,5.702209745131508
alturas_MIDI,670,7,5.844322296437468
alturas_MIDI,671,2,0.8007217075022619
alturas_MIDI,671,3,2.0452359043667427
alturas_MIDI,671,4,3.560801265670305
alturas_MIDI,671,5,4.983157993112168
alturas_MIDI,671,6,5.712450970313466
alturas_MIDI,671,7,5.853632570070249
alturas_MIDI,672,2,0.7844654050277371
alturas_MIDI,672,3,2.0478522876528107
alturas_MIDI,672,4,3.5671530598212446
alturas_MIDI,672,5,4.99598918026383
alturas_MIDI,672,6,5.69830469059314
alturas_MIDI,672,7,5.8575486558361245
alturas_MIDI,673,2,0.8087267928662603
alturas_MIDI,673,3,2.0730205175746432
alturas_MIDI,673,4,3.587486417499572
alturas_MIDI,673,5,4.987341768367357
alturas_MIDI,673,6,5.682489482386037
alturas_MIDI,673,7,5.845800398538498
alturas_MIDI,674,2,0.7664823489228905
alturas_MIDI,674,3,1.9799388052319196
alturas_MIDI,674,4,3.4327192943614824
alturas_MIDI,674,5,4.930831355447636
alturas_MIDI,674,6,5.710977031880327
alturas_MIDI,674,7,5.849716484304373
alturas_MIDI,675,2,0.7929161868557755
alturas_MIDI,675,3,2.008133666121799
alturas_MIDI,675,4,3.5096175810690746
alturas_MIDI,675,5,4.960553528049893
alturas_MIDI,675,6,5.706631560430928
alturas_MIDI,675,7,5.861464741601998
alturas_MIDI,676,2,0.7350965771290265
alturas_MIDI,676,3,1.9077311735582057
alturas_MIDI,676,4,3.391764710773221
alturas_MIDI,676,5,4.86622812830386
alturas_MIDI,676,6,5.704640861236734
alturas_MIDI,676,7,5.853632570070248
alturas_MIDI,677,2,0.7843066737505413
alturas_MIDI,677,3,2.0277443936430637
alturas_MIDI,677,4,3.539420318013794
alturas_MIDI,677,5,4.969721913160745
alturas_MIDI,677,6,5.67096930882458
alturas_MIDI,677,7,5.837968227006747
alturas_MIDI,678,2,0.7334048858596358
alturas_MIDI,678,3,1.945759180919878
alturas_MIDI,678,4,3.4084432175892783
alturas_MIDI,678,5,4.8599412541945695
alturas_MIDI,678,6,5.628970886574642
alturas_MIDI,678,7,5.849716484304373
alturas_MIDI,679,2,0.7558407728234877
alturas_MIDI,679,3,1.960625699148045
alturas_MIDI,679,4,3.4543581856729166
alturas_MIDI,679,5,4.899817477764404
alturas_MIDI,679,6,5.705157621997786
alturas_MIDI,679,7,5.853632570070248
alturas_MIDI,680,2,0.775459841926889
alturas_MIDI,680,3,2.0011081399602206
alturas_MIDI,680,4,3.440191124927537
alturas_MIDI,680,5,4.87718183581616
alturas_MIDI,680,6,5.669300380337803
alturas_MIDI,680,7,5.834052141240871
alturas_MIDI,681,2,0.7660403772757443
alturas_MIDI,681,3,1.9953632106131203
alturas_MIDI,681,4,3.49060012336205
alturas_MIDI,681,5,4.914829288739457
alturas_MIDI,681,6,5.660211322881568
alturas_MIDI,681,7,5.845800398538498
alturas_MIDI,682,2,0.7737968018899761
alturas_MIDI,682,3,1.9947919282160769
alturas_MIDI,682,4,3.4896168125178697
alturas_MIDI,682,5,4.90319198540236
alturas_MIDI,682,6,5.664116377419934
alturas_MIDI,682,7,5.830136055474996
alturas_MIDI,683,2,0.7927888420817857
alturas_MIDI,683,3,2.074010552651518
alturas_MIDI,683,4,3.608772084786835
alturas_MIDI,683,5,5.066497434307835
alturas_MIDI,683,6,5.7403031128430815
alturas_MIDI,683,7,5.857548655836124
alturas_MIDI,684,2,0.7744305629827763
alturas_MIDI,684,3,2.016685376661324
alturas_MIDI,684,4,3.592020441059142
alturas_MIDI,684,5,5.0416769000759984
alturas_MIDI,684,6,5.7176349732313305
alturas_MIDI,684,7,5.861464741601998
alturas_MIDI,685,2,0.7352687709838217
alturas_MIDI,685,3,1.936566123708539
alturas_MIDI,685,4,3.38596604985204
alturas_MIDI,685,5,4.8619451583622775
alturas_MIDI,685,6,5.64997009769961
alturas_MIDI,685,7,5.845800398538497
alturas_MIDI,686,2,0.7716558344210545
alturas_MIDI,686,3,1.9819750336097128
alturas_MIDI,686,4,3.501304994023215
alturas_MIDI,686,5,4.960019422038828
alturas_MIDI,686,6,5.694399636054776
alturas_MIDI,686,7,5.849716484304373
alturas_MIDI,687,2,0.7929161868557755
alturas_MIDI,687,3,2.059139223432881
alturas_MIDI,687,4,3.6126102830909255
alturas_MIDI,687,5,5.059438133495771
alturas_MIDI,687,6,5.740303112843081
alturas_MIDI,687,7,5.857548655836124
alturas_MIDI,688,2,0.7664823489228905
alturas_MIDI,688,3,2.0022769892876204
alturas_MIDI,688,4,3.4723504997274466
alturas_MIDI,688,5,4.843322581385384
alturas_MIDI,688,6,5.614553272950657
alturas_MIDI,688,7,5.841884312772622
alturas_MIDI,689,2,0.7355974493435522
alturas_MIDI,689,3,1.8775851909294516
alturas_MIDI,689,4,3.3123805025053636
alturas_MIDI,689,5,4.822143668625158
alturas_MIDI,689,6,5.668021431958299
alturas_MIDI,689,7,5.841884312772621
alturas_MIDI,690,2,0.7664823489228905
alturas_MIDI,690,3,1.975857574400461
alturas_MIDI,690,4,3.5081341352702915
alturas_MIDI,690,5,4.9527653574818045
alturas_MIDI,690,6,5.714882086418691
alturas_MIDI,690,7,5.8497164843043725
alturas_MIDI,691,2,0.7843066737505413
alturas_MIDI,691,3,2.0250334787677438
alturas_MIDI,691,4,3.529016196714497
alturas_MIDI,691,5,4.980525809443117
alturas_MIDI,691,6,5.704640861236733
alturas_MIDI,691,7,5.841884312772622
alturas_MIDI,692,2,0.7928684338651326
alturas_MIDI,692,3,2.0407721078241634
alturas_MIDI,692,4,3.517233052401595
alturas_MIDI,692,5,4.923358709124355
alturas_MIDI,692,6,5.65144403613275
alturas_MIDI,692,7,5.849716484304373
alturas_MIDI,693,2,0.7665139132580538
alturas_MIDI,693,3,1.9745937165490468
alturas_MIDI,693,4,3.4632698544999667
alturas_MIDI,693,5,4.899560360247509
alturas_MIDI,693,6,5.6988214513541955
alturas_MIDI,693,7,5.849716484304373
alturas_MIDI,694,2,0.7466060874798152
alturas_MIDI,694,3,1.9738677176504074
alturas_MIDI,694,4,3.436638933883677
alturas_MIDI,694,5,4.93098361424964
alturas_MIDI,694,6,5.714441669507658
alturas_MIDI,694,7,5.849716484304373
alturas_MIDI,695,2,0.8221480421136764
alturas_MIDI,695,3,2.1038720318866666
alturas_MIDI,695,4,3.6497853952565773
alturas_MIDI,695,5,5.044653015887548
alturas_MIDI,695,6,5.723725717017531
alturas_MIDI,695,7,5.845800398538498
alturas_MIDI,696,2,0.7757130923968677
alturas_MIDI,696,3,2.0107316707765643
alturas_MIDI,696,4,3.5582832280538232
alturas_MIDI,696,5,5.013694775943964
alturas_MIDI,696,6,5.717829963284973
alturas_MIDI,696,7,5.849716484304373
alturas_MIDI,697,2,0.8008494329342777
alturas_MIDI,697,3,2.0710189641122225
alturas_MIDI,697,4,3.5723659012452704
alturas_MIDI,697,5,5.010932220702552
alturas_MIDI,697,6,5.722251778584389
alturas_MIDI,697,7,5.845800398538498
alturas_MIDI,698,2,0.7916422395655337
alturas_MIDI,698,3,2.0291239146124824
alturas_MIDI,698,4,3.5610326756145696
alturas_MIDI,698,5,4.970757874144812
alturas_MIDI,698,6,5.703683683564648
alturas_MIDI,698,7,5.840406210671594
alturas_MIDI,699,2,0.8084706055682882
alturas_MIDI,699,3,2.0498617458991824
alturas_MIDI,699,4,3.578731140417084
alturas_MIDI,699,5,5.039263298173203
alturas_MIDI,699,6,5.770069610716869
alturas_MIDI,699,7,5.865380827367875
alturas_MIDI,700,2,0.7664823489228905
alturas_MIDI,700,3,1.9813975164602413
alturas_MIDI,700,4,3.464791041326704
alturas_MIDI,700,5,4.934688599817221
alturas_MIDI,700,6,5.68025335633445
alturas_MIDI,700,7,5.848238382203344
alturas_MIDI,701,2,0.7927888420817857
alturas_MIDI,701,3,2.0328902420620003
alturas_MIDI,701,4,3.545042526816011
alturas_MIDI,701,5,4.94414101087072
alturas_MIDI,701,6,5.6787794179013105
alturas_MIDI,701,7,5.8497164843043725
alturas_MIDI,702,2,0.8088068421389454
alturas_MIDI,702,3,2.0738414192483074
alturas_MIDI,702,4,3.600151643135613
alturas_MIDI,702,5,5.0465619938290756
alturas_MIDI,702,6,5.728587949227983
alturas_MIDI,702,7,5.841884312772622
alturas_MIDI,703,2,0.744878842164858
alturas_MIDI,703,3,1.9350371504303248
alturas_MIDI,703,4,3.424117265520063
alturas_MIDI,703,5,4.9058733900466525
alturas_MIDI,703,6,5.652401213804835
alturas_MIDI,703,7,5.820825781842215
alturas_MIDI,704,2,0.7356443974658075
alturas_MIDI,704,3,1.915198139786587
alturas_MIDI,704,4,3.378534880923883
alturas_MIDI,704,5,4.850049341940001
alturas_MIDI,704,6,5.673400424929805
alturas_MIDI,704,7,5.841884312772622
alturas_MIDI,705,2,0.7457270141637269
alturas_MIDI,705,3,1.9675282483493222
alturas_MIDI,705,4,3.4656034566993763
alturas_MIDI,705,5,4.906959646158062
alturas_MIDI,705,6,5.677822240229226
alturas_MIDI,705,7,5.853632570070249
alturas_MIDI,706,2,0.756832570547119
alturas_MIDI,706,3,1.9730678271275854
alturas_MIDI,706,4,3.462248708163296
alturas_MIDI,706,5,4.8864586013660745
alturas_MIDI,706,6,5.649453336938556
alturas_MIDI,706,7,5.849716484304373
alturas_MIDI,707,2,0.7658509202880203
alturas_MIDI,707,3,1.9833388956706952
alturas_MIDI,707,4,3.4385789045406963
alturas_MIDI,707,5,4.845395531430153
alturas_MIDI,707,6,5.674357602601892
alturas_MIDI,707,7,5.837968227006748
alturas_MIDI,708,2,0.7844654050277371
alturas_MIDI,708,3,2.0223303677639075
alturas_MIDI,708,4,3.575688842978741
alturas_MIDI,708,5,5.05268592391175
alturas_MIDI,708,6,5.741777051276219
alturas_MIDI,708,7,5.857548655836124
alturas_MIDI,709,2,0.7928684338651326
alturas_MIDI,709,3,2.0373978617308475
alturas_MIDI,709,4,3.542528860626509
alturas_MIDI,709,5,4.9557049537950855
alturas_MIDI,709,6,5.69977862902628
alturas_MIDI,709,7,5.861464741601999
alturas_MIDI,710,2,0.8010410001042023
alturas_MIDI,710,3,2.081128657282397
alturas_MIDI,710,4,3.6144806590140344
alturas_MIDI,710,5,5.024360189053406
alturas_MIDI,710,6,5.73101906533321
alturas_MIDI,710,7,5.845800398538498
alturas_MIDI,711,2,0.8001468045007711
alturas_MIDI,711,3,2.0722895866752005
alturas_MIDI,711,4,3.5791858147220954
alturas_MIDI,711,5,5.0093044997154115
alturas_MIDI,711,6,5.732493003766348
alturas_MIDI,711,7,5.853632570070249
alturas_MIDI,712,2,0.7661982395011014
alturas_MIDI,712,3,2.003677656199741
alturas_MIDI,712,4,3.5071360952727435
alturas_MIDI,712,5,4.973773599859094
alturas_MIDI,712,6,5.707588738103014
alturas_MIDI,712,7,5.841884312772622
alturas_MIDI,713,2,0.756785357167163
alturas_MIDI,713,3,1.9691794194605978
alturas_MIDI,713,4,3.4206892508217144
alturas_MIDI,713,5,4.883061028442728
alturas_MIDI,713,6,5.694399636054775
alturas_MIDI,713,7,5.853632570070247
alturas_MIDI,714,2,0.756832570547119
alturas_MIDI,714,3,1.9910212368260263
alturas_MIDI,714,4,3.5333485894634338
alturas_MIDI,714,5,4.968215274089641
alturas_MIDI,714,6,5.730061887661122
alturas_MIDI,714,7,5.861464741601999
alturas_MIDI,715,2,0.7465747009766092
alturas_MIDI,715,3,1.946460507386289
alturas_MIDI,715,4,3.441266112968714
alturas_MIDI,715,5,4.906444336972181
alturas_MIDI,715,6,5.663599616658882
alturas_MIDI,715,7,5.857548655836124
alturas_MIDI,716,2,0.7929161868557755
alturas_MIDI,716,3,2.0400634832956737
alturas_MIDI,716,4,3.533283416944765
alturas_MIDI,716,5,4.993193731151978
alturas_MIDI,716,6,5.694399636054775
alturas_MIDI,716,7,5.845800398538497
alturas_MIDI,717,2,0.7929321041728028
alturas_MIDI,717,3,2.024772927796039
alturas_MIDI,717,4,3.522670978872594
alturas_MIDI,717,5,4.911242616099645
alturas_MIDI,717,6,5.660211322881569
alturas_MIDI,717,7,5.832574039139843
alturas_MIDI,718,2,0.783608051877788
alturas_MIDI,718,3,1.9853913585933034
alturas_MIDI,718,4,3.456519633855151
alturas_MIDI,718,5,4.938085098588471
alturas_MIDI,718,6,5.7417770512762205
alturas_MIDI,718,7,5.857548655836124
alturas_MIDI,719,2,0.7356443974658075
alturas_MIDI,719,3,1.9539456654565945
alturas_MIDI,719,4,3.44919246225233
alturas_MIDI,719,5,4.924005785450881
alturas_MIDI,719,6,5.66949537039144
alturas_MIDI,719,7,5.849716484304373
alturas_MIDI,720,2,0.7461352201696898
alturas_MIDI,720,3,1.920942986855195
alturas_MIDI,720,4,3.358684906852612
alturas_MIDI,720,5,4.794414714966001
alturas_MIDI,720,6,5.653875152237975
alturas_MIDI,720,7,5.841884312772622
alturas_MIDI,721,2,0.8084706055682882
alturas_MIDI,721,3,2.041403862434558
alturas_MIDI,721,4,3.5496352358830547
alturas_MIDI,721,5,4.991932150953178
alturas_MIDI,721,6,5.696830752160001
alturas_MIDI,721,7,5.853632570070248
alturas_MIDI,722,2,0.7844019145786811
alturas_MIDI,722,3,2.0404991039727594
alturas_MIDI,722,4,3.6011681455565636
alturas_MIDI,722,5,5.052460304697015
alturas_MIDI,722,6,5.705598038908821
alturas_MIDI,722,7,5.853632570070248
alturas_MIDI,723,2,0.808854869587129
alturas_MIDI,723,3,2.0370860653786997
alturas_MIDI,723,4,3.510265513165843
alturas_MIDI,723,5,4.922735772235315
alturas_MIDI,723,6,5.679736595573398
alturas_MIDI,723,7,5.837968227006747
alturas_MIDI,724,2,0.7929161868557755
alturas_MIDI,724,3,2.0132956027741007
alturas_MIDI,724,4,3.5144164084183704
alturas_MIDI,724,5,4.956966855410078
alturas_MIDI,724,6,5.706114799669873
alturas_MIDI,724,7,5.853632570070248
alturas_MIDI,725,2,0.7661982395011013
alturas_MIDI,725,3,2.0029338891747854
alturas_MIDI,725,4,3.530914484891467
alturas_MIDI,725,5,4.948650995595328
alturas_MIDI,725,6,5.688063465411181
alturas_MIDI,725,7,5.841884312772621
alturas_MIDI,726,2,0.7464177584968525
alturas_MIDI,726,3,1.9594782598215592
alturas_MIDI,726,4,3.4620107912152505
alturas_MIDI,726,5,4.971770769843484
alturas_MIDI,726,6,5.755923330996543
alturas_MIDI,726,7,5.861464741601999
alturas_MIDI,727,2,0.7565964885735137
alturas_MIDI,727,3,1.970132348031996
alturas_MIDI,727,4,3.435473098281621
alturas_MIDI,727,5,4.890736228695355
alturas_MIDI,727,6,5.736398058304715
alturas_MIDI,727,7,5.841884312772622
alturas_MIDI,728,2,0.7355191991798283
alturas_MIDI,728,3,1.9431785058258044
alturas_MIDI,728,4,3.428790102707445
alturas_MIDI,728,5,4.9031594129481055
alturas_MIDI,728,6,5.693882875293722
alturas_MIDI,728,7,5.845800398538498
alturas_MIDI,729,2,0.756832570547119
alturas_MIDI,729,3,1.9704161268336775
alturas_MIDI,729,4,3.440269321915417
alturas_MIDI,729,5,4.882458583215044
alturas_MIDI,729,6,5.677305479468172
alturas_MIDI,729,7,5.844322296437468
alturas_MIDI,730,2,0.7565964885735137
alturas_MIDI,730,3,1.9869884572407606
alturas_MIDI,730,4,3.4861771070891456
alturas_MIDI,730,5,4.939242141488575
alturas_MIDI,730,6,5.613350668421173
alturas_MIDI,730,7,5.814471712411495
alturas_MIDI,731,2,0.7756972655201175
alturas_MIDI,731,3,2.013402148118821
alturas_MIDI,731,4,3.5526057928135746
alturas_MIDI,731,5,5.026720405424398
alturas_MIDI,731,6,5.724682894689616
alturas_MIDI,731,7,5.853632570070249
alturas_MIDI,732,2,0.8084706055682882
alturas_MIDI,732,3,2.013870490547747
alturas_MIDI,732,4,3.49158625970866
alturas_MIDI,732,5,4.927579003877815
alturas_MIDI,732,6,5.668538192719351
alturas_MIDI,732,7,5.845800398538498
alturas_MIDI,733,2,0.8306625874762239
alturas_MIDI,733,3,2.0884424439203992
alturas_MIDI,733,4,3.5846422347883395
alturas_MIDI,733,5,5.0283669232367245
alturas_MIDI,733,6,5.730061887661122
alturas_MIDI,733,7,5.8497164843043725
alturas_MIDI,734,2,0.7840209141398174
alturas_MIDI,734,3,2.0155895967187196
alturas_MIDI,734,4,3.480191855024832
alturas_MIDI,734,5,4.948600700467987
alturas_MIDI,734,6,5.686589526978044
alturas_MIDI,734,7,5.849716484304373
alturas_MIDI,735,2,0.7658509202880203
alturas_MIDI,735,3,2.017807348958337
alturas_MIDI,735,4,3.5140698650962454
alturas_MIDI,735,5,4.944122214045539
alturas_MIDI,735,6,5.683641650111764
alturas_MIDI,735,7,5.830136055474997
alturas_MIDI,736,2,0.756832570547119
alturas_MIDI,736,3,1.9923615928262015
alturas_MIDI,736,4,3.470723509521825
alturas_MIDI,736,5,4.929274421249192
alturas_MIDI,736,6,5.706114799669874
alturas_MIDI,736,7,5.845800398538497
alturas_MIDI,737,2,0.7927888420817857
alturas_MIDI,737,3,2.0339192294370627
alturas_MIDI,737,4,3.5322371936495154
alturas_MIDI,737,5,4.924149932652313
alturas_MIDI,737,6,5.631402002679866
alturas_MIDI,737,7,5.834052141240872
alturas_MIDI,738,2,0.7926774063058946
alturas_MIDI,738,3,2.027760798408397
alturas_MIDI,738,4,3.510404378895903
alturas_MIDI,738,5,4.9528336966984225
alturas_MIDI,738,6,5.7193039017181135
alturas_MIDI,738,7,5.853632570070248
alturas_MIDI,739,2,0.756785357167163
alturas_MIDI,739,3,1.980201914456686
alturas_MIDI,739,4,3.456269478955978
alturas_MIDI,739,5,4.916172662367756
alturas_MIDI,739,6,5.717829963284972
alturas_MIDI,739,7,5.8575486558361245
alturas_MIDI,740,2,0.8163990591122765
alturas_MIDI,740,3,2.0515237358192557
alturas_MIDI,740,4,3.524947181693176
alturas_MIDI,740,5,4.921128864325721
alturas_MIDI,740,6,5.670452548063526
alturas_MIDI,740,7,5.834052141240872
alturas_MIDI,741,2,0.7746998286465294
alturas_MIDI,741,3,1.9735796931475011
alturas_MIDI,741,4,3.47848310064317
alturas_MIDI,741,5,4.964321188805593
alturas_MIDI,741,6,5.684158410872816
alturas_MIDI,741,7,5.849716484304373
alturas_MIDI,742,2,0.8087267928662603
alturas_MIDI,742,3,2.0800514249303212
alturas_MIDI,742,4,3.616000279044556
alturas_MIDI,742,5,5.037593715075489
alturas_MIDI,742,6,5.714441669507658
alturas_MIDI,742,7,5.853632570070248
alturas_MIDI,743,2,0.7462921925535377
alturas_MIDI,743,3,1.9560727115254806
alturas_MIDI,743,4,3.4767393593651255
alturas_MIDI,743,5,4.910696130027799
alturas_MIDI,743,6,5.702209745131507
alturas_MIDI,743,7,5.841884312772622
alturas_MIDI,744,2,0.7356600465106002
alturas_MIDI,744,3,1.9416265651569007
alturas_MIDI,744,4,3.4413677460999033
alturas_MIDI,744,5,4.92444496523576
alturas_MIDI,744,6,5.7085459157751
alturas_MIDI,744,7,5.849716484304373
alturas_MIDI,745,2,0.7756972655201175
alturas_MIDI,745,3,2.01345485494614
alturas_MIDI,745,4,3.5207627267663537
alturas_MIDI,745,5,4.95947261455079
alturas_MIDI,745,6,5.677822240229226
alturas_MIDI,745,7,5.853632570070248
alturas_MIDI,746,2,0.7926774063058946
alturas_MIDI,746,3,2.052421328822625
alturas_MIDI,746,4,3.5607488527081266
alturas_MIDI,746,5,4.991819180637713
alturas_MIDI,746,6,5.689977820755357
alturas_MIDI,746,7,5.845800398538497
alturas_MIDI,747,2,0.7564548212959079
alturas_MIDI,747,3,1.9588005330036777
alturas_MIDI,747,4,3.482336407632654
alturas_MIDI,747,5,4.979458350156891
alturas_MIDI,747,6,5.755923330996547
alturas_MIDI,747,7,5.853632570070249
alturas_MIDI,748,2,0.7840209141398174
alturas_MIDI,748,3,2.0467160431532445
alturas_MIDI,748,4,3.5450792248769636
alturas_MIDI,748,5,4.987874800226328
alturas_MIDI,748,6,5.684158410872816
alturas_MIDI,748,7,5.841884312772622
alturas_MIDI,749,2,0.7756972655201175
alturas_MIDI,749,3,2.0354125062407804
alturas_MIDI,749,4,3.5178686862559476
alturas_MIDI,749,5,4.992610404165668
alturas_MIDI,749,6,5.71149379264138
alturas_MIDI,749,7,5.857548655836124
alturas_MIDI,750,2,0.7661982395011014
alturas_MIDI,750,3,1.996075235236421
alturas_MIDI,750,4,3.4770545152850696
alturas_MIDI,750,5,4.898135514605905
alturas_MIDI,750,6,5.639728872517651
alturas_MIDI,750,7,5.837968227006748
alturas_MIDI,751,2,0.75670666485113
alturas_MIDI,751,3,1.9686525816068796
alturas_MIDI,751,4,3.4514295182798653
alturas_MIDI,751,5,4.904045884118439
alturas_MIDI,751,6,5.704200444325701
alturas_MIDI,751,7,5.845800398538498
alturas_MIDI,752,2,0.7354096420333789
alturas_MIDI,752,3,1.9395860426849856
alturas_MIDI,752,4,3.4254911959517593
alturas_MIDI,752,5,4.879135444856529
alturas_MIDI,752,6,5.623591893603136
alturas_MIDI,752,7,5.827179851272937
alturas_MIDI,753,2,0.7234397077238556
alturas_MIDI,753,3,1.8806556835606116
alturas_MIDI,753,4,3.3355763444781235
alturas_MIDI,753,5,4.784949923851719
alturas_MIDI,753,6,5.653875152237975
alturas_MIDI,753,7,5.845800398538498
alturas_MIDI,754,2,0.7656298563506156
alturas_MIDI,754,3,2.032085339487981
alturas_MIDI,754,4,3.5303182497897767
alturas_MIDI,754,5,4.923910537808504
alturas_MIDI,754,6,5.695356813726862
alturas_MIDI,754,7,5.834052141240871
alturas_MIDI,755,2,0.7658509202880202
alturas_MIDI,755,3,1.9868464182728154
alturas_MIDI,755,4,3.50147942725432
alturas_MIDI,755,5,4.907782367988178
alturas_MIDI,755,6,5.645548282400192
alturas_MIDI,755,7,5.834052141240872
alturas_MIDI,756,2,0.8008494329342777
alturas_MIDI,756,3,2.056068257593389
alturas_MIDI,756,4,3.5935068462267385
alturas_MIDI,756,5,5.046882860686185
alturas_MIDI,756,6,5.7403031128430815
alturas_MIDI,756,7,5.861464741601998
alturas_MIDI,757,2,0.7844654050277371
alturas_MIDI,757,3,2.0352341590993666
alturas_MIDI,757,4,3.5265246385383957
alturas_MIDI,757,5,4.969924467090086
alturas_MIDI,757,6,5.723208956256476
alturas_MIDI,757,7,5.853632570070249
alturas_MIDI,758,2,0.7664192182259069
alturas_MIDI,758,3,2.0297684203993205
alturas_MIDI,758,4,3.5754493600275077
alturas_MIDI,758,5,5.041311080703851
alturas_MIDI,758,6,5.716872785612885
alturas_MIDI,758,7,5.841884312772622
alturas_MIDI,759,2,0.7658509202880202
alturas_MIDI,759,3,1.9832127288024775
alturas_MIDI,759,4,3.4756059478248513
alturas_MIDI,759,5,4.936384338604787
alturas_MIDI,759,6,5.707588738103014
alturas_MIDI,759,7,5.845800398538498
alturas_MIDI,760,2,0.7454757545686844
alturas_MIDI,760,3,1.950183513951528
alturas_MIDI,760,4,3.405244352029934
alturas_MIDI,760,5,4.896941630791339
alturas_MIDI,760,6,5.665590315853073
alturas_MIDI,760,7,5.830136055474996
alturas_MIDI,761,2,0.756785357167163
alturas_MIDI,761,3,1.9514108531135417
alturas_MIDI,761,4,3.402219244837722
alturas_MIDI,761,5,4.877294484715433
alturas_MIDI,761,6,5.672443247257717
alturas_MIDI,761,7,5.845800398538498
alturas_MIDI,762,2,0.8087267928662603
alturas_MIDI,762,3,2.0044498084874567
alturas_MIDI,762,4,3.462313453133208
alturas_MIDI,762,5,4.931549218562862
alturas_MIDI,762,6,5.6929256976216385
alturas_MIDI,762,7,5.840406210671593
alturas_MIDI,763,2,0.7734322653167296
alturas_MIDI,763,3,1.9890020323295854
alturas_MIDI,763,4,3.4423984015249416
alturas_MIDI,763,5,4.833839700106364
alturas_MIDI,763,6,5.6548323299100645
alturas_MIDI,763,7,5.841884312772622
alturas_MIDI,764,2,0.7824005560414407
alturas_MIDI,764,3,2.01227941186319
alturas_MIDI,764,4,3.4997456207971016
alturas_MIDI,764,5,4.980362544000314
alturas_MIDI,764,6,5.727114010794843
alturas_MIDI,764,7,5.845800398538498
alturas_MIDI,765,2,0.7562816539643085
alturas_MIDI,765,3,1.989079386522357
alturas_MIDI,765,4,3.437653155217377
alturas_MIDI,765,5,4.870958389630898
alturas_MIDI,765,6,5.635307057218232
alturas_MIDI,765,7,5.82621996970912
alturas_MIDI,766,2,0.7664192182259069
alturas_MIDI,766,3,2.011415537854862
alturas_MIDI,766,4,3.504341810015669
alturas_MIDI,766,5,4.933720656633579
alturas_MIDI,766,6,5.677305479468171
alturas_MIDI,766,7,5.834052141240872
alturas_MIDI,767,2,0.830824079742049
alturas_MIDI,767,3,2.1152219698782004
alturas_MIDI,767,4,3.637794687349335
alturas_MIDI,767,5,5.105117420291173
alturas_MIDI,767,6,5.747156044247725
alturas_MIDI,767,7,5.861464741601999
alturas_MIDI,768,2,0.7833539249587798
alturas_MIDI,768,3,2.017605405098257
alturas_MIDI,768,4,3.518945797432891
alturas_MIDI,768,5,5.003287875919702
alturas_MIDI,768,6,5.748113221919813
alturas_MIDI,768,7,5.865380827367875
alturas_MIDI,769,2,0.7564548212959079
alturas_MIDI,769,3,1.9912741856569234
alturas_MIDI,769,4,3.4814105188659354
alturas_MIDI,769,5,4.89122036099527
alturas_MIDI,769,6,5.677305479468171
alturas_MIDI,769,7,5.861464741601999
alturas_MIDI,770,2,0.7844971492215147
alturas_MIDI,770,3,2.0786243435479084
alturas_MIDI,770,4,3.627364858972798
alturas_MIDI,770,5,5.026477063536574
alturas_MIDI,770,6,5.753492214891319
alturas_MIDI,770,7,5.853632570070248
alturas_MIDI,771,2,0.7843066737505413
alturas_MIDI,771,3,2.030606409860523
alturas_MIDI,771,4,3.5672281903226697
alturas_MIDI,771,5,4.987975390481011
alturas_MIDI,771,6,5.696830752160001
alturas_MIDI,771,7,5.834052141240871
alturas_MIDI,772,2,0.7746998286465294
alturas_MIDI,772,3,1.9890488465035763
alturas_MIDI,772,4,3.4949389294568847
alturas_MIDI,772,5,4.980801723785195
alturas_MIDI,772,6,5.677822240229223
alturas_MIDI,772,7,5.853632570070248
alturas_MIDI,773,2,0.7663245171130089
alturas_MIDI,773,3,1.9813003589602936
alturas_MIDI,773,4,3.4827079062139243
alturas_MIDI,773,5,4.957676606924728
alturas_MIDI,773,6,5.704640861236733
alturas_MIDI,773,7,5.845800398538497
alturas_MIDI,774,2,0.7751432174857484
alturas_MIDI,774,3,1.9917045311168842
alturas_MIDI,774,4,3.456608047286562
alturas_MIDI,774,5,4.929369668891568
alturas_MIDI,774,6,5.6845988277838515
alturas_MIDI,774,7,5.8497164843043725
alturas_MIDI,775,2,0.8010090739903097
alturas_MIDI,775,3,2.015653812721977
alturas_MIDI,775,4,3.5136112820459258
alturas_MIDI,775,5,4.937527605875823
alturas_MIDI,775,6,5.705919809616235
alturas_MIDI,775,7,5.845800398538498
alturas_MIDI,776,2,0.7929161868557755
alturas_MIDI,776,3,2.027046244057463
alturas_MIDI,776,4,3.5348229794236157
alturas_MIDI,776,5,4.982177669867749
alturas_MIDI,776,6,5.685115588544901
alturas_MIDI,776,7,5.849716484304373
alturas_MIDI,777,2,0.7352687709838217
alturas_MIDI,777,3,1.9859898585845315
alturas_MIDI,777,4,3.4887091603394635
alturas_MIDI,777,5,4.931554561175167
alturas_MIDI,777,6,5.685115588544904
alturas_MIDI,777,7,5.853632570070248
alturas_MIDI,778,2,0.7663245171130089
alturas_MIDI,778,3,1.989045522307452
alturas_MIDI,778,4,3.5117597204194313
alturas_MIDI,778,5,4.966424609075885
alturas_MIDI,778,6,5.67244324725772
alturas_MIDI,778,7,5.834052141240872
alturas_MIDI,779,2,0.7929161868557755
alturas_MIDI,779,3,2.072723804766722
alturas_MIDI,779,4,3.615638505520005
alturas_MIDI,779,5,5.045978666842763
alturas_MIDI,779,6,5.723725717017529
alturas_MIDI,779,7,5.845800398538497
alturas_MIDI,780,2,0.7756497838679268
alturas_MIDI,780,3,2.012398916384336
alturas_MIDI,780,4,3.5281445353955867
alturas_MIDI,780,5,5.023568644109256
alturas_MIDI,780,6,5.7315358260942615
alturas_MIDI,780,7,5.853632570070249
alturas_MIDI,781,2,0.7558407728234877
alturas_MIDI,781,3,1.9910775350044256
alturas_MIDI,781,4,3.4696289517568712
alturas_MIDI,781,5,4.94561080902736
alturas_MIDI,781,6,5.7085459157751
alturas_MIDI,781,7,5.841884312772623
alturas_MIDI,782,2,0.7827501967398389
alturas_MIDI,782,3,1.998070366967812
alturas_MIDI,782,4,3.480574123051817
alturas_MIDI,782,5,4.889172578464623
alturas_MIDI,782,6,5.629411303485676
alturas_MIDI,782,7,5.836490124905718
alturas_MIDI,783,2,0.8307594850070168
alturas_MIDI,783,3,2.046559117975999
alturas_MIDI,783,4,3.556590261800612
alturas_MIDI,783,5,4.991774228122676
alturas_MIDI,783,6,5.706114799669873
alturas_MIDI,783,7,5.853632570070248
alturas_MIDI,784,2,0.75670666485113
alturas_MIDI,784,3,2.008497804361556
alturas_MIDI,784,4,3.5384838566320322
alturas_MIDI,784,5,4.967725799177422
alturas_MIDI,784,6,5.68172729476759
alturas_MIDI,784,7,5.830136055474996
alturas_MIDI,785,2,0.7844971492215147
alturas_MIDI,785,3,2.0216420952026737
alturas_MIDI,785,4,3.556762572125396
alturas_MIDI,785,5,5.0208234901247435
alturas_MIDI,785,6,5.7475964611587615
alturas_MIDI,785,7,5.865380827367875
alturas_MIDI,786,2,0.7757130923968677
alturas_MIDI,786,3,2.00361638776962
alturas_MIDI,786,4,3.4915443380562747
alturas_MIDI,786,5,4.94271082261681
alturas_MIDI,786,6,5.681210534006537
alturas_MIDI,786,7,5.841884312772622
alturas_MIDI,787,2,0.7756972655201175
alturas_MIDI,787,3,2.0065225717008985
alturas_MIDI,787,4,3.5176325896964094
alturas_MIDI,787,5,4.994130497449653
alturas_MIDI,787,6,5.752018276458179
alturas_MIDI,787,7,5.845800398538497
alturas_MIDI,788,2,0.7663245171130089
alturas_MIDI,788,3,1.9687476137786548
alturas_MIDI,788,4,3.442409635560221
alturas_MIDI,788,5,4.876856700498842
alturas_MIDI,788,6,5.639728872517653
alturas_MIDI,788,7,5.8223038839432455
alturas_MIDI,789,2,0.8010090739903097
alturas_MIDI,789,3,2.070387057503261
alturas_MIDI,789,4,3.6290589054823084
alturas_MIDI,789,5,5.033888729507906
alturas_MIDI,789,6,5.719303901718112
alturas_MIDI,789,7,5.845800398538497
alturas_MIDI,790,2,0.7451930365773185
alturas_MIDI,790,3,1.9639934558040935
alturas_MIDI,790,4,3.4754603275653806
alturas_MIDI,790,5,4.911966143243364
alturas_MIDI,790,6,5.692925697621638
alturas_MIDI,790,7,5.857548655836124
alturas_MIDI,791,2,0.7756497838679268
alturas_MIDI,791,3,2.0006149043960684
alturas_MIDI,791,4,3.5118615878297046
alturas_MIDI,791,5,4.920877089421135
alturas_MIDI,791,6,5.685115588544906
alturas_MIDI,791,7,5.8497164843043725
alturas_MIDI,792,2,0.7929321041728028
alturas_MIDI,792,3,2.0276275346214767
alturas_MIDI,792,4,3.510429317097825
alturas_MIDI,792,5,4.941956118587124
alturas_MIDI,792,6,5.66782644190466
alturas_MIDI,792,7,5.840406210671592
alturas_MIDI,793,2,0.7664192182259069
alturas_MIDI,793,3,2.007212536399824
alturas_MIDI,793,4,3.4970742936262718
alturas_MIDI,793,5,4.891704171878994
alturas_MIDI,793,6,5.643633927056017
alturas_MIDI,793,7,5.845800398538497
alturas_MIDI,794,2,0.7927888420817857
alturas_MIDI,794,3,1.9994759633516046
alturas_MIDI,794,4,3.462331437590222
alturas_MIDI,794,5,4.9264300725782855
alturas_MIDI,794,6,5.706114799669874
alturas_MIDI,794,7,5.861464741601999
alturas_MIDI,795,2,0.775459841926889
alturas_MIDI,795,3,1.9979038036156611
alturas_MIDI,795,4,3.4969286410953404
alturas_MIDI,795,5,4.938966227146496
alturas_MIDI,795,6,5.724682894689616
alturas_MIDI,795,7,5.861464741601999
alturas_MIDI,796,2,0.7841796763556009
alturas_MIDI,796,3,1.9858903585535774
alturas_MIDI,796,4,3.4902093924137696
alturas_MIDI,796,5,4.975093908202002
alturas_MIDI,796,6,5.705157621997786
alturas_MIDI,796,7,5.853632570070248
alturas_MIDI,797,2,0.7844654050277371
alturas_MIDI,797,3,1.9787149113998204
alturas_MIDI,797,4,3.4386050118204263
alturas_MIDI,797,5,4.881627749784358
alturas_MIDI,797,6,5.639728872517651
alturas_MIDI,797,7,5.8521544679692195
alturas_MIDI,798,2,0.7464177584968525
alturas_MIDI,798,3,1.9441894915583846
alturas_MIDI,798,4,3.3992073870295147
alturas_MIDI,798,5,4.890307734135086
alturas_MIDI,798,6,5.683641650111765
alturas_MIDI,798,7,5.8497164843043725
alturas_MIDI,799,2,0.7564548212959079
alturas_MIDI,799,3,1.961991914644219
alturas_MIDI,799,4,3.4080069797586225
alturas_MIDI,799,5,4.862396718207941
alturas_MIDI,799,6,5.674874363362946
alturas_MIDI,799,7,5.849716484304373
alturas_MIDI,800,2,0.7844971492215147
alturas_MIDI,800,3,2.016605898567178
alturas_MIDI,800,4,3.4963514143285073
alturas_MIDI,800,5,4.910614336598304
alturas_MIDI,800,6,5.671926486496666
alturas_MIDI,800,7,5.849716484304373
alturas_MIDI,801,2,0.7757130923968677
alturas_MIDI,801,3,2.0180071272091533
alturas_MIDI,801,4,3.5403072724963356
alturas_MIDI,801,5,4.956456888836503
alturas_MIDI,801,6,5.685115588544904
alturas_MIDI,801,7,5.837968227006747
alturas_MIDI,802,2,0.7751432174857484
alturas_MIDI,802,3,2.0478788319451637
alturas_MIDI,802,4,3.5792589699282478
alturas_MIDI,802,5,4.986875358740532
alturas_MIDI,802,6,5.698821451354193
alturas_MIDI,802,7,5.845800398538497
alturas_MIDI,803,2,0.7661982395011014
alturas_MIDI,803,3,1.9951211825584023
alturas_MIDI,803,4,3.4796227354773612
alturas_MIDI,803,5,4.925638849050329
alturas_MIDI,803,6,5.700735806698367
alturas_MIDI,803,7,5.861464741601999
alturas_MIDI,804,2,0.7927888420817857
alturas_MIDI,804,3,2.0204901388655645
alturas_MIDI,804,4,3.5264891498532167
alturas_MIDI,804,5,4.969603600232976
alturas_MIDI,804,6,5.661685261314708
alturas_MIDI,804,7,5.837968227006747
alturas_MIDI,805,2,0.7466060874798152
alturas_MIDI,805,3,1.9653185690286017
alturas_MIDI,805,4,3.4591948358964446
alturas_MIDI,805,5,4.907945312014787
alturas_MIDI,805,6,5.656306268343203
alturas_MIDI,805,7,5.841884312772622
alturas_MIDI,806,2,0.744878842164858
alturas_MIDI,806,3,1.9454133450170001
alturas_MIDI,806,4,3.458722054580989
alturas_MIDI,806,5,4.871781111461013
alturas_MIDI,806,6,5.655349090671114
alturas_MIDI,806,7,5.832574039139842
alturas_MIDI,807,2,0.7558407728234877
alturas_MIDI,807,3,1.9320448596319872
alturas_MIDI,807,4,3.3994470726368475
alturas_MIDI,807,5,4.884147284554137
alturas_MIDI,807,6,5.683641650111763
alturas_MIDI,807,7,5.853632570070248
alturas_MIDI,808,2,0.7838303767796024
alturas_MIDI,808,3,2.007972629684407
alturas_MIDI,808,4,3.45922161875169
alturas_MIDI,808,5,4.8937070018946045
alturas_MIDI,808,6,5.711493792641381
alturas_MIDI,808,7,5.861464741601999
alturas_MIDI,809,2,0.7661982395011014
alturas_MIDI,809,3,1.9834345456025795
alturas_MIDI,809,4,3.478579346199763
alturas_MIDI,809,5,4.929269078636889
alturas_MIDI,809,6,5.72077784015125
alturas_MIDI,809,7,5.857548655836124
alturas_MIDI,810,2,0.7744305629827763
alturas_MIDI,810,3,1.986153846864061
alturas_MIDI,810,4,3.4916160361346242
alturas_MIDI,810,5,4.960522351163925
alturas_MIDI,810,6,5.724166133928564
alturas_MIDI,810,7,5.861464741601999
alturas_MIDI,811,2,0.7664192182259069
alturas_MIDI,811,3,1.9835050234396612
alturas_MIDI,811,4,3.4912873604183745
alturas_MIDI,811,5,4.95093817296978
alturas_MIDI,811,6,5.730061887661121
alturas_MIDI,811,7,5.853632570070249
alturas_MIDI,812,2,0.7927888420817857
alturas_MIDI,812,3,2.0103739876108935
alturas_MIDI,812,4,3.472405980568733
alturas_MIDI,812,5,4.9093785906731595
alturas_MIDI,812,6,5.667064254286215
alturas_MIDI,812,7,5.849716484304373
alturas_MIDI,813,2,0.7921519517647406
alturas_MIDI,813,3,2.010041187254322
alturas_MIDI,813,4,3.504102550376301
alturas_MIDI,813,5,4.946565297998123
alturas_MIDI,813,6,5.68607276621699
alturas_MIDI,813,7,5.828657953373966
alturas_MIDI,814,2,0.774937375019291
alturas_MIDI,814,3,2.0107044265352845
alturas_MIDI,814,4,3.513173338865124
alturas_MIDI,814,5,4.931988398347742
alturas_MIDI,814,6,5.655865851432166
alturas_MIDI,814,7,5.830136055474996
alturas_MIDI,815,2,0.7564548212959079
alturas_MIDI,815,3,2.0101664156121815
alturas_MIDI,815,4,3.5004493928479894
alturas_MIDI,815,5,4.972692686359993
alturas_MIDI,815,6,5.728587949227984
alturas_MIDI,815,7,5.861464741601999
alturas_MIDI,816,2,0.7465119259776037
alturas_MIDI,816,3,1.9452406893731589
alturas_MIDI,816,4,3.4310461123451326
alturas_MIDI,816,5,4.909823113070344
alturas_MIDI,816,6,5.7007358066983675
alturas_MIDI,816,7,5.853632570070248
alturas_MIDI,817,2,0.7355974493435522
alturas_MIDI,817,3,1.9704891859106424
alturas_MIDI,817,4,3.459376757253511
alturas_MIDI,817,5,4.922001881283175
alturas_MIDI,817,6,5.699778629026281
alturas_MIDI,817,7,5.865380827367875
alturas_MIDI,818,2,0.7564548212959079
alturas_MIDI,818,3,1.9536584890626918
alturas_MIDI,818,4,3.438254338359419
alturas_MIDI,818,5,4.893568197305481
alturas_MIDI,818,6,5.681727294767591
alturas_MIDI,818,7,5.841884312772622
alturas_MIDI,819,2,0.8001468045007711
alturas_MIDI,819,3,2.0715909884599455
alturas_MIDI,819,4,3.58486977372256
alturas_MIDI,819,5,5.027412434265961
alturas_MIDI,819,6,5.752975454130265
alturas_MIDI,819,7,5.861464741601999
alturas_MIDI,820,2,0.8307594850070168
alturas_MIDI,820,3,2.1186313517762825
alturas_MIDI,820,4,3.6632364392818073
alturas_MIDI,820,5,5.104973273089742
alturas_MIDI,820,6,5.7783964805546555
alturas_MIDI,820,7,5.865380827367875
alturas_MIDI,821,2,0.783067979462889
alturas_MIDI,821,3,2.01966581215758
alturas_MIDI,821,4,3.528205737316874
alturas_MIDI,821,5,4.953525404123792
alturas_MIDI,821,6,5.6655903158530725
alturas_MIDI,821,7,5.834052141240872
alturas_MIDI,822,2,0.8162384977875317
alturas_MIDI,822,3,2.087339868808969
alturas_MIDI,822,4,3.5905948931416707
alturas_MIDI,822,5,5.0711515662338735
alturas_MIDI,822,6,5.724682894689616
alturas_MIDI,822,7,5.849716484304373
alturas_MIDI,823,2,0.7664192182259069
alturas_MIDI,823,3,1.983613396231388
alturas_MIDI,823,4,3.4860583465474573
alturas_MIDI,823,5,4.961508017020655
alturas_MIDI,823,6,5.74177705127622
alturas_MIDI,823,7,5.865380827367875
alturas_MIDI,824,2,0.7929321041728028
alturas_MIDI,824,3,2.027761980224114
alturas_MIDI,824,4,3.541306794442972
alturas_MIDI,824,5,5.012903552416007
alturas_MIDI,824,6,5.740303112843081
alturas_MIDI,824,7,5.857548655836124
alturas_MIDI,825,2,0.7461352201696898
alturas_MIDI,825,3,1.9381178919383732
alturas_MIDI,825,4,3.370396925692913
alturas_MIDI,825,5,4.8700039006601346
alturas_MIDI,825,6,5.6724432472577195
alturas_MIDI,825,7,5.841884312772622
alturas_MIDI,826,2,0.7068806697655653
alturas_MIDI,826,3,1.839988534080575
alturas_MIDI,826,4,3.2707369795297434
alturas_MIDI,826,5,4.712556078567774
alturas_MIDI,826,6,5.611876729988037
alturas_MIDI,826,7,5.841884312772622
alturas_MIDI,827,2,0.775459841926889
alturas_MIDI,827,3,2.051023349935283
alturas_MIDI,827,4,3.6033610673955905
alturas_MIDI,827,5,5.003112551832307
alturas_MIDI,827,6,5.7276307715558925
alturas_MIDI,827,7,5.857548655836124
alturas_MIDI,828,2,0.7925341192548294
alturas_MIDI,828,3,2.014007914923485
alturas_MIDI,828,4,3.506033473146164
alturas_MIDI,828,5,4.989865250181157
alturas_MIDI,828,6,5.754449392563405
alturas_MIDI,828,7,5.857548655836124
alturas_MIDI,829,2,0.7756497838679268
alturas_MIDI,829,3,2.028565882606298
alturas_MIDI,829,4,3.5622069694156124
alturas_MIDI,829,5,4.964026156222143
alturas_MIDI,829,6,5.730061887661124
alturas_MIDI,829,7,5.849716484304373
alturas_MIDI,830,2,0.800945219665376
alturas_MIDI,830,3,2.0871553224241186
alturas_MIDI,830,4,3.6027838203984417
alturas_MIDI,830,5,4.998810463649346
alturas_MIDI,830,6,5.71149379264138
alturas_MIDI,830,7,5.845800398538498
alturas_MIDI,831,2,0.75670666485113
alturas_MIDI,831,3,1.9619762591562764
alturas_MIDI,831,4,3.441655796318402
alturas_MIDI,831,5,4.927039233838254
alturas_MIDI,831,6,5.689977820755356
alturas_MIDI,831,7,5.849716484304373
alturas_MIDI,832,2,0.7664823489228905
alturas_MIDI,832,3,1.976895903020984
alturas_MIDI,832,4,3.462794130537098
alturas_MIDI,832,5,4.876454040212235
alturas_MIDI,832,6,5.6431171662949655
alturas_MIDI,832,7,5.823263765507062
alturas_MIDI,833,2,0.7564548212959079
alturas_MIDI,833,3,2.0156995071715933
alturas_MIDI,833,4,3.5188542518186585
alturas_MIDI,833,5,4.933326429363733
alturas_MIDI,833,6,5.67678871870712
alturas_MIDI,833,7,5.838928108570562
alturas_MIDI,834,2,0.7464177584968525
alturas_MIDI,834,3,1.951274029434385
alturas_MIDI,834,4,3.4596295906893983
alturas_MIDI,834,5,4.925638849050329
alturas_MIDI,834,6,5.683641650111765
alturas_MIDI,834,7,5.8497164843043725
alturas_MIDI,835,2,0.7565964885735137
alturas_MIDI,835,3,1.9655731665771676
alturas_MIDI,835,4,3.451829726413053
alturas_MIDI,835,5,4.929369668891569
alturas_MIDI,835,6,5.6685381927193506
alturas_MIDI,835,7,5.845800398538498
alturas_MIDI,836,2,0.8236946579992266
alturas_MIDI,836,3,2.1084465112658286
alturas_MIDI,836,4,3.631054180729913
alturas_MIDI,836,5,5.01590689806951
alturas_MIDI,836,6,5.697347512921054
alturas_MIDI,836,7,5.853632570070249
alturas_MIDI,837,2,0.7929161868557755
alturas_MIDI,837,3,2.037980300074785
alturas_MIDI,837,4,3.563638638664047
alturas_MIDI,837,5,4.987930437965974
alturas_MIDI,837,6,5.683641650111766
alturas_MIDI,837,7,5.840406210671594
alturas_MIDI,838,2,0.8164311692434326
alturas_MIDI,838,3,2.068713736463052
alturas_MIDI,838,4,3.6040132147268493
alturas_MIDI,838,5,4.9863600495546505
alturas_MIDI,838,6,5.7139249087466055
alturas_MIDI,838,7,5.837968227006746
alturas_MIDI,839,2,0.7756497838679268
alturas_MIDI,839,3,2.017548416923262
alturas_MIDI,839,4,3.5391529209595984
alturas_MIDI,839,5,5.009724561258919
alturas_MIDI,839,6,5.74030311284308
alturas_MIDI,839,7,5.861464741601999
alturas_MIDI,840,2,0.7838303767796024
alturas_MIDI,840,3,2.0133150698515916
alturas_MIDI,840,4,3.5468274787980603
alturas_MIDI,840,5,4.989042849767234
alturas_MIDI,840,6,5.703683683564649
alturas_MIDI,840,7,5.853632570070249
alturas_MIDI,841,2,0.7844971492215147
alturas_MIDI,841,3,2.0103591501316247
alturas_MIDI,841,4,3.4695324831675483
alturas_MIDI,841,5,4.924155275264616
alturas_MIDI,841,6,5.700735806698369
alturas_MIDI,841,7,5.861464741601999
alturas_MIDI,842,2,0.7919130463166797
alturas_MIDI,842,3,1.9815882095286474
alturas_MIDI,842,4,3.4416474224388316
alturas_MIDI,842,5,4.85278638432394
alturas_MIDI,842,6,5.678779417901311
alturas_MIDI,842,7,5.8497164843043725
alturas_MIDI,843,2,0.7644292157278483
alturas_MIDI,843,3,2.0050353552400253
alturas_MIDI,843,4,3.4908726346697834
alturas_MIDI,843,5,4.974967483673663
alturas_MIDI,843,6,5.691968519949547
alturas_MIDI,843,7,5.857548655836124
alturas_MIDI,844,2,0.7356443974658075
alturas_MIDI,844,3,1.921278868702241
alturas_MIDI,844,4,3.334371357688629
alturas_MIDI,844,5,4.7757546303151095
alturas_MIDI,844,6,5.624108654364187
alturas_MIDI,844,7,5.841884312772622
alturas_MIDI,845,2,0.7757130923968677
alturas_MIDI,845,3,1.9916192128080585
alturas_MIDI,845,4,3.4543052245346635
alturas_MIDI,845,5,4.930423352548721
alturas_MIDI,845,6,5.696830752160002
alturas_MIDI,845,7,5.845800398538499
alturas_MIDI,846,2,0.7663245171130089
alturas_MIDI,846,3,1.9744954422588776
alturas_MIDI,846,4,3.437872921242784
alturas_MIDI,846,5,4.9057657623434965
alturas_MIDI,846,6,5.718346724046023
alturas_MIDI,846,7,5.849716484304373
alturas_MIDI,847,2,0.7916422395655337
alturas_MIDI,847,3,2.007419637879736
alturas_MIDI,847,4,3.5060492033191606
alturas_MIDI,847,5,4.923521974567158
alturas_MIDI,847,6,5.720261079390197
alturas_MIDI,847,7,5.861464741601999
alturas_MIDI,848,2,0.7833539249587798
alturas_MIDI,848,3,2.035509278333098
alturas_MIDI,848,4,3.569133628196121
alturas_MIDI,848,5,4.980015842869543
alturas_MIDI,848,6,5.705157621997786
alturas_MIDI,848,7,5.849716484304373
alturas_MIDI,849,2,0.7844971492215147
alturas_MIDI,849,3,2.0045476635813544
alturas_MIDI,849,4,3.508950699147486
alturas_MIDI,849,5,4.978182994329021
alturas_MIDI,849,6,5.726156833122756
alturas_MIDI,849,7,5.845800398538497
alturas_MIDI,850,2,0.775570644374078
alturas_MIDI,850,3,2.0283965791086223
alturas_MIDI,850,4,3.5295174711198136
alturas_MIDI,850,5,4.92623028763721
alturas_MIDI,850,6,5.706114799669873
alturas_MIDI,850,7,5.853632570070248
alturas_MIDI,851,2,0.7843066737505413
alturas_MIDI,851,3,2.0625840466426055
alturas_MIDI,851,4,3.577747111909795
alturas_MIDI,851,5,5.031225047536701
alturas_MIDI,851,6,5.733966942199487
alturas_MIDI,851,7,5.853632570070248
alturas_MIDI,852,2,0.7838303767796024
alturas_MIDI,852,3,2.0162510035423407
alturas_MIDI,852,4,3.493106583260091
alturas_MIDI,852,5,4.905878732658957
alturas_MIDI,852,6,5.679736595573398
alturas_MIDI,852,7,5.834052141240872
alturas_MIDI,853,2,0.7726077615759508
alturas_MIDI,853,3,2.0250154014583006
alturas_MIDI,853,4,3.4992406462345804
alturas_MIDI,853,5,4.922398877541289
alturas_MIDI,853,6,5.689977820755357
alturas_MIDI,853,7,5.857548655836124
alturas_MIDI,854,2,0.7658509202880202
alturas_MIDI,854,3,2.0262422046174136
alturas_MIDI,854,4,3.5410773634741313
alturas_MIDI,854,5,4.966275119262153
alturas_MIDI,854,6,5.6758315410350315
alturas_MIDI,854,7,5.845800398538498
alturas_MIDI,855,2,0.7664823489228905
alturas_MIDI,855,3,1.9867914161756186
alturas_MIDI,855,4,3.423638752661622
alturas_MIDI,855,5,4.8272560985774495
alturas_MIDI,855,6,5.669495370391438
alturas_MIDI,855,7,5.853632570070248
alturas_MIDI,856,2,0.7844971492215147
alturas_MIDI,856,3,2.024786569188592
alturas_MIDI,856,4,3.536886573711969
alturas_MIDI,856,5,4.9617963114235115
alturas_MIDI,856,6,5.724682894689616
alturas_MIDI,856,7,5.8575486558361245
alturas_MIDI,857,2,0.8005620349724635
alturas_MIDI,857,3,2.0645112094548956
alturas_MIDI,857,4,3.603433632164453
alturas_MIDI,857,5,5.020176413798212
alturas_MIDI,857,6,5.727876198413293
alturas_MIDI,857,7,5.857548655836124
alturas_MIDI,858,2,0.756785357167163
alturas_MIDI,858,3,1.9635023962545248
alturas_MIDI,858,4,3.4193386681383218
alturas_MIDI,858,5,4.871366392529811
alturas_MIDI,858,6,5.677822240229224
alturas_MIDI,858,7,5.853632570070247
alturas_MIDI,859,2,0.8227282171798938
alturas_MIDI,859,3,2.054684103722069
alturas_MIDI,859,4,3.6040474804335956
alturas_MIDI,859,5,5.085226932327444
alturas_MIDI,859,6,5.740303112843081
alturas_MIDI,859,7,5.861464741601999
alturas_MIDI,860,2,0.7665139132580538
alturas_MIDI,860,3,1.9968933020768636
alturas_MIDI,860,4,3.5286185001560306
alturas_MIDI,860,5,5.026494786209664
alturas_MIDI,860,6,5.707588738103016
alturas_MIDI,860,7,5.845800398538498
alturas_MIDI,861,2,0.7236582098059695
alturas_MIDI,861,3,1.908006437837181
alturas_MIDI,861,4,3.4036538848340006
alturas_MIDI,861,5,4.888959017894479
alturas_MIDI,861,6,5.69101134227746
alturas_MIDI,861,7,5.865380827367874
alturas_MIDI,862,2,0.8005620349724635
alturas_MIDI,862,3,2.0274042152984206
alturas_MIDI,862,4,3.5143788782799215
alturas_MIDI,862,5,4.967455227447648
alturas_MIDI,862,6,5.689537403844325
alturas_MIDI,862,7,5.849716484304373
alturas_MIDI,863,2,0.8236946579992266
alturas_MIDI,863,3,2.096789601857892
alturas_MIDI,863,4,3.594406183018686
alturas_MIDI,863,5,5.006196295347022
alturas_MIDI,863,6,5.711493792641378
alturas_MIDI,863,7,5.849716484304373
alturas_MIDI,864,2,0.7656298563506156
alturas_MIDI,864,3,2.0267409223825585
alturas_MIDI,864,4,3.580735966775021
alturas_MIDI,864,5,5.021383751825658
alturas_MIDI,864,6,5.712450970313466
alturas_MIDI,864,7,5.853632570070248
alturas_MIDI,865,2,0.7664823489228905
alturas_MIDI,865,3,2.0244009737225346
alturas_MIDI,865,4,3.5468117294084065
alturas_MIDI,865,5,4.974986601915038
alturas_MIDI,865,6,5.694399636054777
alturas_MIDI,865,7,5.853632570070248
alturas_MIDI,866,2,0.7461352201696898
alturas_MIDI,866,3,1.9295064307439649
alturas_MIDI,866,4,3.387592799068233
alturas_MIDI,866,5,4.8593579272082605
alturas_MIDI,866,6,5.6641163774199335
alturas_MIDI,866,7,5.845800398538498
alturas_MIDI,867,2,0.7555730307930882
alturas_MIDI,867,3,1.989952419632429
alturas_MIDI,867,4,3.4310438074298326
alturas_MIDI,867,5,4.893757297021944
alturas_MIDI,867,6,5.698304690593142
alturas_MIDI,867,7,5.834052141240872
alturas_MIDI,868,2,0.7844654050277371
alturas_MIDI,868,3,2.0011110151469147
alturas_MIDI,868,4,3.4931486379301773
alturas_MIDI,868,5,4.930341880535416
alturas_MIDI,868,6,5.699261868265228
alturas_MIDI,868,7,5.849716484304373
alturas_MIDI,869,2,0.7462921925535377
alturas_MIDI,869,3,1.9616550910875157
alturas_MIDI,869,4,3.476189532451513
alturas_MIDI,869,5,4.917510693383751
alturas_MIDI,869,6,5.661685261314708
alturas_MIDI,869,7,5.830136055474997
alturas_MIDI,870,2,0.775570644374078
alturas_MIDI,870,3,2.00966417288128
alturas_MIDI,870,4,3.5059598888951427
alturas_MIDI,870,5,4.9851622186960665
alturas_MIDI,870,6,5.7036836835646465
alturas_MIDI,870,7,5.853632570070248
alturas_MIDI,871,2,0.7756972655201175
alturas_MIDI,871,3,2.036124749521164
alturas_MIDI,871,4,3.549766848809013
alturas_MIDI,871,5,4.952413313738726
alturas_MIDI,871,6,5.6274969481415
alturas_MIDI,871,7,5.818387798177369
alturas_MIDI,872,2,0.7928684338651326
alturas_MIDI,872,3,2.0501291006123035
alturas_MIDI,872,4,3.53349597546541
alturas_MIDI,872,5,4.950101996926785
alturas_MIDI,872,6,5.714441669507659
alturas_MIDI,872,7,5.848238382203342
alturas_MIDI,873,2,0.7665139132580538
alturas_MIDI,873,3,1.9844428992351029
alturas_MIDI,873,4,3.4576816651295497
alturas_MIDI,873,5,4.907750869686021
alturas_MIDI,873,6,5.7022097451315075
alturas_MIDI,873,7,5.841884312772622
alturas_MIDI,874,2,0.7844971492215147
alturas_MIDI,874,3,2.0092468548722455
alturas_MIDI,874,4,3.5091984316748825
alturas_MIDI,874,5,4.951503777282999
alturas_MIDI,874,6,5.703683683564645
alturas_MIDI,874,7,5.861464741601999
alturas_MIDI,875,2,0.7664823489228905
alturas_MIDI,875,3,2.001539213230728
alturas_MIDI,875,4,3.5036515789228484
alturas_MIDI,875,5,4.960421760909244
alturas_MIDI,875,6,5.686072766216991
alturas_MIDI,875,7,5.849716484304373
alturas_MIDI,876,2,0.7640498625138799
alturas_MIDI,876,3,2.009309722550367
alturas_MIDI,876,4,3.492581525803597
alturas_MIDI,876,5,4.987925095353668
alturas_MIDI,876,6,5.731976243005295
alturas_MIDI,876,7,5.853632570070248
alturas_MIDI,877,2,0.7751432174857484
alturas_MIDI,877,3,2.0272190443097067
alturas_MIDI,877,4,3.5109740621876826
alturas_MIDI,877,5,4.956519564024627
alturas_MIDI,877,6,5.71782996328497
alturas_MIDI,877,7,5.8443222964374675
alturas_MIDI,878,2,0.7650928486564631
alturas_MIDI,878,3,1.9913553002897284
alturas_MIDI,878,4,3.498208855001449
alturas_MIDI,878,5,4.9392109646026086
alturas_MIDI,878,6,5.7285879492279825
alturas_MIDI,878,7,5.853632570070248
alturas_MIDI,879,2,0.75670666485113
alturas_MIDI,879,3,1.9613618536655308
alturas_MIDI,879,4,3.430881561042667
alturas_MIDI,879,5,4.922535987294242
alturas_MIDI,879,6,5.7090626765361545
alturas_MIDI,879,7,5.8497164843043725
alturas_MIDI,880,2,0.7664823489228905
alturas_MIDI,880,3,2.005400324711008
alturas_MIDI,880,4,3.4998450133024224
alturas_MIDI,880,5,4.949116009653867
alturas_MIDI,880,6,5.706114799669874
alturas_MIDI,880,7,5.837968227006747
alturas_MIDI,881,2,0.7565964885735137
alturas_MIDI,881,3,1.9830629130135728
alturas_MIDI,881,4,3.461153859963817
alturas_MIDI,881,5,4.939663598600369
alturas_MIDI,881,6,5.657263446015289
alturas_MIDI,881,7,5.844322296437468
alturas_MIDI,882,2,0.800945219665376
alturas_MIDI,882,3,2.0683317277504605
alturas_MIDI,882,4,3.5762684205602238
alturas_MIDI,882,5,4.965351807177358
alturas_MIDI,882,6,5.656306268343204
alturas_MIDI,882,7,5.841884312772622
alturas_MIDI,883,2,0.7568483080055324
alturas_MIDI,883,3,1.9278301306082186
alturas_MIDI,883,4,3.402885594041845
alturas_MIDI,883,5,4.879312164512211
alturas_MIDI,883,6,5.670012131152494
alturas_MIDI,883,7,5.857548655836124
alturas_MIDI,884,2,0.8088708783839942
alturas_MIDI,884,3,2.0933649357803503
alturas_MIDI,884,4,3.598492445508516
alturas_MIDI,884,5,5.030199771777242
alturas_MIDI,884,6,5.75835444710177
alturas_MIDI,884,7,5.853632570070248
alturas_MIDI,885,2,0.7665139132580538
alturas_MIDI,885,3,1.974857876681496
alturas_MIDI,885,4,3.467016665927484
alturas_MIDI,885,5,4.949499551699103
alturas_MIDI,885,6,5.749587160352953
alturas_MIDI,885,7,5.869296913133749
alturas_MIDI,886,2,0.7756972655201175
alturas_MIDI,886,3,2.011842713998595
alturas_MIDI,886,4,3.533208190374672
alturas_MIDI,886,5,4.928897916652437
alturas_MIDI,886,6,5.688063465411183
alturas_MIDI,886,7,5.8497164843043725
alturas_MIDI,887,2,0.7756972655201175
alturas_MIDI,887,3,2.014691491904534
alturas_MIDI,887,4,3.5284087632762007
alturas_MIDI,887,5,4.980683410857426
alturas_MIDI,887,6,5.712967731074516
alturas_MIDI,887,7,5.865380827367874
alturas_MIDI,888,2,0.7840209141398174
alturas_MIDI,888,3,2.011520608407835
alturas_MIDI,888,4,3.5061129404457594
alturas_MIDI,888,5,4.974722746217552
alturas_MIDI,888,6,5.71149379264138
alturas_MIDI,888,7,5.845800398538499
alturas_MIDI,889,2,0.808854869587129
alturas_MIDI,889,3,2.0578993639701766
alturas_MIDI,889,4,3.5382257930291745
alturas_MIDI,889,5,4.9736744051727015
alturas_MIDI,889,6,5.715398847179744
alturas_MIDI,889,7,5.853632570070248
alturas_MIDI,890,2,0.7844019145786811
alturas_MIDI,890,3,1.9973229654596156
alturas_MIDI,890,4,3.4829316597462756
alturas_MIDI,890,5,4.913291794198579
alturas_MIDI,890,6,5.691451759188498
alturas_MIDI,890,7,5.845800398538498
alturas_MIDI,891,2,0.7465747009766092
alturas_MIDI,891,3,1.9427676256939095
alturas_MIDI,891,4,3.4095892510089616
alturas_MIDI,891,5,4.912982985986056
alturas_MIDI,891,6,5.69830469059314
alturas_MIDI,891,7,5.845800398538498
alturas_MIDI,892,2,0.7664192182259069
alturas_MIDI,892,3,2.020148666016399
alturas_MIDI,892,4,3.5051310965652878
alturas_MIDI,892,5,4.955849100996514
alturas_MIDI,892,6,5.7036836835646465
alturas_MIDI,892,7,5.837968227006747
alturas_MIDI,893,2,0.7840209141398174
alturas_MIDI,893,3,1.9650315568158427
alturas_MIDI,893,4,3.444198889835694
alturas_MIDI,893,5,4.892301274494372
alturas_MIDI,893,6,5.68025335633445
alturas_MIDI,893,7,5.837968227006748
alturas_MIDI,894,2,0.783067979462889
alturas_MIDI,894,3,2.015906211961689
alturas_MIDI,894,4,3.4980258556762616
alturas_MIDI,894,5,4.959246995336052
alturas_MIDI,894,6,5.732493003766347
alturas_MIDI,894,7,5.8497164843043725
alturas_MIDI,895,2,0.75670666485113
alturas_MIDI,895,3,1.9592685952902555
alturas_MIDI,895,4,3.401149011181616
alturas_MIDI,895,5,4.882156513183118
alturas_MIDI,895,6,5.621922965116356
alturas_MIDI,895,7,5.820825781842216
alturas_MIDI,896,2,0.7465747009766092
alturas_MIDI,896,3,1.9449939475361362
alturas_MIDI,896,4,3.4718456766105583
alturas_MIDI,896,5,4.997898158205354
alturas_MIDI,896,6,5.745682105814586
alturas_MIDI,896,7,5.857548655836123
alturas_MIDI,897,2,0.7753173693672302
alturas_MIDI,897,3,2.006294990094144
alturas_MIDI,897,4,3.533075360687004
alturas_MIDI,897,5,4.970974203703223
alturas_MIDI,897,6,5.694399636054775
alturas_MIDI,897,7,5.849716484304373
alturas_MIDI,898,2,0.7929161868557755
alturas_MIDI,898,3,2.0393844600306363
alturas_MIDI,898,4,3.5440147255709613
alturas_MIDI,898,5,4.956966855410078
alturas_MIDI,898,6,5.698304690593141
alturas_MIDI,898,7,5.845800398538497
alturas_MIDI,899,2,0.7927888420817857
alturas_MIDI,899,3,2.0406435581498386
alturas_MIDI,899,4,3.542805982695276
alturas_MIDI,899,5,4.98939489351031
alturas_MIDI,899,6,5.74177705127622
alturas_MIDI,899,7,5.869296913133749
alturas_MIDI,900,2,0.7356600465106002
alturas_MIDI,900,3,1.939950124147342
alturas_MIDI,900,4,3.4303853660503174
alturas_MIDI,900,5,4.85092770150976
alturas_MIDI,900,6,5.684158410872816
alturas_MIDI,900,7,5.836490124905717
alturas_MIDI,901,2,0.7664823489228905
alturas_MIDI,901,3,2.014797980738341
alturas_MIDI,901,4,3.511353807054706
alturas_MIDI,901,5,4.920514039037253
alturas_MIDI,901,6,5.6758315410350315
alturas_MIDI,901,7,5.8575486558361245
alturas_MIDI,902,2,0.7356443974658075
alturas_MIDI,902,3,1.9403190399547872
alturas_MIDI,902,4,3.43661490275592
alturas_MIDI,902,5,4.905521024887385
alturas_MIDI,902,6,5.660728083642623
alturas_MIDI,902,7,5.824741867608091
alturas_MIDI,903,2,0.7660403772757444
alturas_MIDI,903,3,1.975705952494547
alturas_MIDI,903,4,3.5002751632971787
alturas_MIDI,903,5,4.952073328640242
alturas_MIDI,903,6,5.669495370391441
alturas_MIDI,903,7,5.837968227006747
alturas_MIDI,904,2,0.7665139132580538
alturas_MIDI,904,3,1.9372296472746449
alturas_MIDI,904,4,3.4093857579161932
alturas_MIDI,904,5,4.830183314829949
alturas_MIDI,904,6,5.651444036132751
alturas_MIDI,904,7,5.841884312772623
alturas_MIDI,905,2,0.8146640544241797
alturas_MIDI,905,3,2.0838211298373346
alturas_MIDI,905,4,3.6215085203600026
alturas_MIDI,905,5,5.0682880993215935
alturas_MIDI,905,6,5.733966942199489
alturas_MIDI,905,7,5.845800398538497
alturas_MIDI,906,2,0.7838303767796024
alturas_MIDI,906,3,2.0549482489147093
alturas_MIDI,906,4,3.5452087979003553
alturas_MIDI,906,5,4.980362544000313
alturas_MIDI,906,6,5.715398847179744
alturas_MIDI,906,7,5.853632570070248
alturas_MIDI,907,2,0.7913395137553767
alturas_MIDI,907,3,2.023994076086295
alturas_MIDI,907,4,3.5288847673387083
alturas_MIDI,907,5,4.936817854361171
alturas_MIDI,907,6,5.682684472439678
alturas_MIDI,907,7,5.841884312772622
alturas_MIDI,908,2,0.7661982395011013
alturas_MIDI,908,3,1.9959663462697905
alturas_MIDI,908,4,3.459333229560249
alturas_MIDI,908,5,4.929632129020765
alturas_MIDI,908,6,5.670012131152491
alturas_MIDI,908,7,5.845800398538498
alturas_MIDI,909,2,0.775459841926889
alturas_MIDI,909,3,1.9844307478342007
alturas_MIDI,909,4,3.4185957959423465
alturas_MIDI,909,5,4.868878034646
alturas_MIDI,909,6,5.690494581516409
alturas_MIDI,909,7,5.844322296437468
alturas_MIDI,910,2,0.7756497838679268
alturas_MIDI,910,3,2.0464673230843515
alturas_MIDI,910,4,3.5735039098207553
alturas_MIDI,910,5,5.006793076546207
alturas_MIDI,910,6,5.69977862902628
alturas_MIDI,910,7,5.8497164843043725
alturas_MIDI,911,2,0.7658509202880203
alturas_MIDI,911,3,1.973141381925989
alturas_MIDI,911,4,3.4881966514826153
alturas_MIDI,911,5,4.92518589363638
alturas_MIDI,911,6,5.693882875293725
alturas_MIDI,911,7,5.853632570070248
alturas_MIDI,912,2,0.7923589715603128
alturas_MIDI,912,3,2.021538366911145
alturas_MIDI,912,4,3.527719027421282
alturas_MIDI,912,5,4.967229608232912
alturas_MIDI,912,6,5.751061098786091
alturas_MIDI,912,7,5.861464741601998
alturas_MIDI,913,2,0.7558407728234877
alturas_MIDI,913,3,1.959916482453442
alturas_MIDI,913,4,3.4344309943654805
alturas_MIDI,913,5,4.858051073078233
alturas_MIDI,913,6,5.680058366280812
alturas_MIDI,913,7,5.848238382203343
alturas_MIDI,914,2,0.8003704048425897
alturas_MIDI,914,3,2.0119250448323114
alturas_MIDI,914,4,3.4840788919379504
alturas_MIDI,914,5,4.938890097745498
alturas_MIDI,914,6,5.670452548063526
alturas_MIDI,914,7,5.837968227006746
alturas_MIDI,915,2,0.7929321041728028
alturas_MIDI,915,3,2.0392899080155726
alturas_MIDI,915,4,3.5570608979187153
alturas_MIDI,915,5,5.0427862214728005
alturas_MIDI,915,6,5.732493003766349
alturas_MIDI,915,7,5.857548655836124
alturas_MIDI,916,2,0.7555730307930882
alturas_MIDI,916,3,1.9900568062819475
alturas_MIDI,916,4,3.475649292327219
alturas_MIDI,916,5,4.902581428574101
alturas_MIDI,916,6,5.686589526978043
alturas_MIDI,916,7,5.861464741601999
alturas_MIDI,917,2,0.7843066737505413
alturas_MIDI,917,3,2.0462781972852526
alturas_MIDI,917,4,3.5889122942057776
alturas_MIDI,917,5,5.036788715918462
alturas_MIDI,917,6,5.723208956256478
alturas_MIDI,917,7,5.861464741601999
alturas_MIDI,918,2,0.7926774063058946
alturas_MIDI,918,3,2.0476655815441727
alturas_MIDI,918,4,3.558919194279679
alturas_MIDI,918,5,5.015020426899176
alturas_MIDI,918,6,5.72077784015125
alturas_MIDI,918,7,5.861464741601999
alturas_MIDI,919,2,0.7660403772757443
alturas_MIDI,919,3,1.9458963625411028
alturas_MIDI,919,4,3.4106606025045116
alturas_MIDI,919,5,4.834447166530158
alturas_MIDI,919,6,5.674874363362945
alturas_MIDI,919,7,5.849716484304374
alturas_MIDI,920,2,0.8008494329342777
alturas_MIDI,920,3,2.0554837165693804
alturas_MIDI,920,4,3.552437175731717
alturas_MIDI,920,5,5.036543978462351
alturas_MIDI,920,6,5.714441669507659
alturas_MIDI,920,7,5.8575486558361245
alturas_MIDI,921,2,0.7664823489228905
alturas_MIDI,921,3,1.9615423844972408
alturas_MIDI,921,4,3.4183210887761275
alturas_MIDI,921,5,4.882030088654776
alturas_MIDI,921,6,5.6641163774199335
alturas_MIDI,921,7,5.8497164843043725
alturas_MIDI,922,2,0.7757130923968677
alturas_MIDI,922,3,2.0060572861100434
alturas_MIDI,922,4,3.5408150774162404
alturas_MIDI,922,5,4.994111700624467
alturas_MIDI,922,6,5.699261868265229
alturas_MIDI,922,7,5.841884312772623
alturas_MIDI,923,2,0.8010410001042023
alturas_MIDI,923,3,2.0436663762674003
alturas_MIDI,923,4,3.533900508792663
alturas_MIDI,923,5,4.951847709425502
alturas_MIDI,923,6,5.688063465411181
alturas_MIDI,923,7,5.841884312772622
alturas_MIDI,924,2,0.7833539249587798
alturas_MIDI,924,3,2.035260683933065
alturas_MIDI,924,4,3.5456851906138858
alturas_MIDI,924,5,5.003406188847472
alturas_MIDI,924,6,5.728587949227983
alturas_MIDI,924,7,5.861464741601999
alturas_MIDI,925,2,0.800945219665376
alturas_MIDI,925,3,2.01369586383543
alturas_MIDI,925,4,3.495091893479416
alturas_MIDI,925,5,4.969540925044852
alturas_MIDI,925,6,5.745165345053533
alturas_MIDI,925,7,5.865380827367875
alturas_MIDI,926,2,0.7843066737505413
alturas_MIDI,926,3,2.0286640464131716
alturas_MIDI,926,4,3.552959391493938
alturas_MIDI,926,5,5.044797163088979
alturas_MIDI,926,6,5.742734228948307
alturas_MIDI,926,7,5.865380827367874
alturas_MIDI,927,2,0.7660403772757444
alturas_MIDI,927,3,1.9840849617458596
alturas_MIDI,927,4,3.501049970099766
alturas_MIDI,927,5,4.980556986329086
alturas_MIDI,927,6,5.752018276458179
alturas_MIDI,927,7,5.8575486558361245
alturas_MIDI,928,2,0.7664823489228905
alturas_MIDI,928,3,2.0200698845116767
alturas_MIDI,928,4,3.570169735501637
alturas_MIDI,928,5,4.996504489449714
alturas_MIDI,928,6,5.713924908746606
alturas_MIDI,928,7,5.845800398538498
alturas_MIDI,929,2,0.7663245171130089
alturas_MIDI,929,3,2.0140806609177586
alturas_MIDI,929,4,3.5427574625610823
alturas_MIDI,929,5,4.995197956735877
alturas_MIDI,929,6,5.729545126900069
alturas_MIDI,929,7,5.8497164843043725
alturas_MIDI,930,2,0.8010410001042023
alturas_MIDI,930,3,2.04318155687405
alturas_MIDI,930,4,3.5410532910083243
alturas_MIDI,930,5,4.983194834026628
alturas_MIDI,930,6,5.691451759188496
alturas_MIDI,930,7,5.841884312772621
alturas_MIDI,931,2,0.7228776981436267
alturas_MIDI,931,3,1.8954667407062333
alturas_MIDI,931,4,3.3438248335310106
alturas_MIDI,931,5,4.827301051092482
alturas_MIDI,931,6,5.681210534006537
alturas_MIDI,931,7,5.849716484304373
alturas_MIDI,932,2,0.7844019145786811
alturas_MIDI,932,3,2.0120346627501666
alturas_MIDI,932,4,3.479484425784103
alturas_MIDI,932,5,4.906538189046271
alturas_MIDI,932,6,5.656823029104254
alturas_MIDI,932,7,5.845800398538498
alturas_MIDI,933,2,0.8231793033459579
alturas_MIDI,933,3,2.1184078152235593
alturas_MIDI,933,4,3.6294914496388615
alturas_MIDI,933,5,5.042988775402142
alturas_MIDI,933,6,5.748113221919812
alturas_MIDI,933,7,5.865380827367874
alturas_MIDI,934,2,0.7664823489228905
alturas_MIDI,934,3,1.9941001873428874
alturas_MIDI,934,4,3.472080376013905
alturas_MIDI,934,5,4.921455073795137
alturas_MIDI,934,6,5.693442458382688
alturas_MIDI,934,7,5.853632570070248
alturas_MIDI,935,2,0.756785357167163
alturas_MIDI,935,3,1.964789886105161
alturas_MIDI,935,4,3.460929963105959
alturas_MIDI,935,5,4.906267617316498
alturas_MIDI,935,6,5.686072766216991
alturas_MIDI,935,7,5.845800398538498
alturas_MIDI,936,2,0.7454757545686844
alturas_MIDI,936,3,1.9364044787103059
alturas_MIDI,936,4,3.3864258574399573
alturas_MIDI,936,5,4.859281476391067
alturas_MIDI,936,6,5.703683683564648
alturas_MIDI,936,7,5.853632570070248
alturas_MIDI,937,2,0.775570644374078
alturas_MIDI,937,3,2.010879442083506
alturas_MIDI,937,4,3.5203039569411585
alturas_MIDI,937,5,4.899898949777709
alturas_MIDI,937,6,5.647022220833331
alturas_MIDI,937,7,5.845800398538497
alturas_MIDI,938,2,0.8078459597530561
alturas_MIDI,938,3,2.0403585526385632
alturas_MIDI,938,4,3.5689115930722575
alturas_MIDI,938,5,4.99029908735373
alturas_MIDI,938,6,5.716872785612884
alturas_MIDI,938,7,5.853632570070248
alturas_MIDI,939,2,0.7840209141398174
alturas_MIDI,939,3,2.0619335633805687
alturas_MIDI,939,4,3.5750810758913136
alturas_MIDI,939,5,5.037159877902913
alturas_MIDI,939,6,5.72807118846693
alturas_MIDI,939,7,5.853632570070249
alturas_MIDI,940,2,0.8010410001042023
alturas_MIDI,940,3,2.077427311727537
alturas_MIDI,940,4,3.607437888721386
alturas_MIDI,940,5,5.074893392715916
alturas_MIDI,940,6,5.725640072361704
alturas_MIDI,940,7,5.853632570070249
alturas_MIDI,941,2,0.8075735941585911
alturas_MIDI,941,3,2.0399630046208563
alturas_MIDI,941,4,3.5196935331522803
alturas_MIDI,941,5,4.958486948694063
alturas_MIDI,941,6,5.706114799669873
alturas_MIDI,941,7,5.861464741601998
alturas_MIDI,942,2,0.7919130463166797
alturas_MIDI,942,3,2.0056981913790715
alturas_MIDI,942,4,3.4579028891281345
alturas_MIDI,942,5,4.866493678837518
alturas_MIDI,942,6,5.667064254286213
alturas_MIDI,942,7,5.845800398538499
alturas_MIDI,943,2,0.7466060874798152
alturas_MIDI,943,3,1.9359748221698219
alturas_MIDI,943,4,3.374182402414062
alturas_MIDI,943,5,4.844654281613346
alturas_MIDI,943,6,5.6787794179013105
alturas_MIDI,943,7,5.834052141240871
alturas_MIDI,944,2,0.7756972655201175
alturas_MIDI,944,3,2.0117999118936076
alturas_MIDI,944,4,3.4910660301475267
alturas_MIDI,944,5,4.9533486844681125
alturas_MIDI,944,6,5.712967731074516
alturas_MIDI,944,7,5.845800398538497
alturas_MIDI,945,2,0.7843066737505413
alturas_MIDI,945,3,2.008631837468557
alturas_MIDI,945,4,3.481462208624352
alturas_MIDI,945,5,4.919790833309726
alturas_MIDI,945,6,5.717829963284972
alturas_MIDI,945,7,5.856070553735094
alturas_MIDI,946,2,0.7726077615759508
alturas_MIDI,946,3,1.99356713106477
alturas_MIDI,946,4,3.506903564280465
alturas_MIDI,946,5,4.9646108787767425
alturas_MIDI,946,6,5.716356024851831
alturas_MIDI,946,7,5.861464741601999
alturas_MIDI,947,2,0.7843066737505413
alturas_MIDI,947,3,2.022542606539014
alturas_MIDI,947,4,3.4658522485390435
alturas_MIDI,947,5,4.886585025894419
alturas_MIDI,947,6,5.67096930882458
alturas_MIDI,947,7,5.841884312772623
alturas_MIDI,948,2,0.75670666485113
alturas_MIDI,948,3,1.9895430699168508
alturas_MIDI,948,4,3.5160164955214723
alturas_MIDI,948,5,4.995938885136494
alturas_MIDI,948,6,5.716872785612884
alturas_MIDI,948,7,5.861464741601999
alturas_MIDI,949,2,0.7929161868557755
alturas_MIDI,949,3,2.0226312331297445
alturas_MIDI,949,4,3.4906205666068737
alturas_MIDI,949,5,4.976355809816995
alturas_MIDI,949,6,5.719303901718112
alturas_MIDI,949,7,5.857548655836124
alturas_MIDI,950,2,0.7656298563506156
alturas_MIDI,950,3,2.0016204100130635
alturas_MIDI,950,4,3.5101868214966596
alturas_MIDI,950,5,4.977649962470053
alturas_MIDI,950,6,5.737871996737854
alturas_MIDI,950,7,5.853632570070248
alturas_MIDI,951,2,0.7466060874798152
alturas_MIDI,951,3,1.9436502101552628
alturas_MIDI,951,4,3.4401457801930313
alturas_MIDI,951,5,4.906833221629721
alturas_MIDI,951,6,5.7183467240460235
alturas_MIDI,951,7,5.857548655836124
alturas_MIDI,952,2,0.7562816539643085
alturas_MIDI,952,3,1.9637897743652513
alturas_MIDI,952,4,3.4844625722415628
alturas_MIDI,952,5,4.976826166487845
alturas_MIDI,952,6,5.718787140957058
alturas_MIDI,952,7,5.865380827367875
alturas_MIDI,953,2,0.7927888420817857
alturas_MIDI,953,3,2.013691943291502
alturas_MIDI,953,4,3.490370115484544
alturas_MIDI,953,5,4.911400217513951
alturas_MIDI,953,6,5.728587949227983
alturas_MIDI,953,7,5.861464741601999
alturas_MIDI,954,2,0.7464177584968525
alturas_MIDI,954,3,1.9424543394292577
alturas_MIDI,954,4,3.3984136096636557
alturas_MIDI,954,5,4.856952436906042
alturas_MIDI,954,6,5.668538192719352
alturas_MIDI,954,7,5.841884312772622
alturas_MIDI,955,2,0.8078459597530561
alturas_MIDI,955,3,2.0356639177209686
alturas_MIDI,955,4,3.534882637715984
alturas_MIDI,955,5,5.011357624858364
alturas_MIDI,955,6,5.712450970313464
alturas_MIDI,955,7,5.853632570070248
alturas_MIDI,956,2,0.8008494329342777
alturas_MIDI,956,3,2.064528357782891
alturas_MIDI,956,4,3.569460744723039
alturas_MIDI,956,5,4.9954688498818385
alturas_MIDI,956,6,5.708545915775099
alturas_MIDI,956,7,5.857548655836124
alturas_MIDI,957,2,0.756785357167163
alturas_MIDI,957,3,1.9593657656627252
alturas_MIDI,957,4,3.4332254401289943
alturas_MIDI,957,5,4.915167878269657
alturas_MIDI,957,6,5.681210534006537
alturas_MIDI,957,7,5.857548655836124
alturas_MIDI,958,2,0.783608051877788
alturas_MIDI,958,3,1.994219045581266
alturas_MIDI,958,4,3.5187379736552584
alturas_MIDI,958,5,4.992402507624021
alturas_MIDI,958,6,5.719303901718111
alturas_MIDI,958,7,5.849716484304373
alturas_MIDI,959,2,0.7751432174857484
alturas_MIDI,959,3,2.0191235257894555
alturas_MIDI,959,4,3.5418721429106466
alturas_MIDI,959,5,4.9432368170273016
alturas_MIDI,959,6,5.676788718707121
alturas_MIDI,959,7,5.841884312772622
alturas_MIDI,960,2,0.7664823489228905
alturas_MIDI,960,3,1.9996603868011944
alturas_MIDI,960,4,3.507458895858753
alturas_MIDI,960,5,4.921147661150904
alturas_MIDI,960,6,5.702209745131507
alturas_MIDI,960,7,5.861464741601998
alturas_MIDI,961,2,0.7350965771290265
alturas_MIDI,961,3,1.9867380562860109
alturas_MIDI,961,4,3.5118112488333972
alturas_MIDI,961,5,4.96228578633573
alturas_MIDI,961,6,5.704640861236734
alturas_MIDI,961,7,5.8575486558361245
alturas_MIDI,962,2,0.8152747560675866
alturas_MIDI,962,3,2.076147875169994
alturas_MIDI,962,4,3.6111877255427483
alturas_MIDI,962,5,5.003230864760075
alturas_MIDI,962,6,5.703166922803594
alturas_MIDI,962,7,5.837968227006747
alturas_MIDI,963,2,0.7663245171130089
alturas_MIDI,963,3,2.007699923445513
alturas_MIDI,963,4,3.5309797825460274
alturas_MIDI,963,5,4.9495947993414795
alturas_MIDI,963,6,5.706114799669874
alturas_MIDI,963,7,5.853632570070248
alturas_MIDI,964,2,0.7926774063058946
alturas_MIDI,964,3,2.0185876063096084
alturas_MIDI,964,4,3.4860457151268816
alturas_MIDI,964,5,4.9206773044800585
alturas_MIDI,964,6,5.706114799669875
alturas_MIDI,964,7,5.845800398538498
alturas_MIDI,965,2,0.7827501967398389
alturas_MIDI,965,3,2.0193999547571684
alturas_MIDI,965,4,3.530572076205102
alturas_MIDI,965,5,5.027286331153812
alturas_MIDI,965,6,5.728071188466929
alturas_MIDI,965,7,5.845800398538498
alturas_MIDI,966,2,0.7843066737505413
alturas_MIDI,966,3,2.0461124876463406
alturas_MIDI,966,4,3.5824156811354713
alturas_MIDI,966,5,5.008499500558386
alturas_MIDI,966,6,5.700735806698366
alturas_MIDI,966,7,5.849716484304373
alturas_MIDI,967,2,0.800945219665376
alturas_MIDI,967,3,2.064196784036548
alturas_MIDI,967,4,3.5866515061345208
alturas_MIDI,967,5,4.980488968528657
alturas_MIDI,967,6,5.68658952697804
alturas_MIDI,967,7,5.834052141240871
alturas_MIDI,968,2,0.8008494329342777
alturas_MIDI,968,3,2.0524491744721653
alturas_MIDI,968,4,3.5777177455707587
alturas_MIDI,968,5,5.0024028003176575
alturas_MIDI,968,6,5.678779417901314
alturas_MIDI,968,7,5.841884312772622
alturas_MIDI,969,2,0.7565964885735137
alturas_MIDI,969,3,1.9657989399431879
alturas_MIDI,969,4,3.448619559311681
alturas_MIDI,969,5,4.90937859067316
alturas_MIDI,969,6,5.674874363362945
alturas_MIDI,969,7,5.845800398538497
alturas_MIDI,970,2,0.8233564772383105
alturas_MIDI,970,3,2.0967388275723096
alturas_MIDI,970,4,3.6422691889451824
alturas_MIDI,970,5,5.030715080963124
alturas_MIDI,970,6,5.6777458963792045
alturas_MIDI,970,7,5.828657953373966
alturas_MIDI,971,2,0.775459841926889
alturas_MIDI,971,3,2.017216968911737
alturas_MIDI,971,4,3.526305097021794
alturas_MIDI,971,5,4.924670584450499
alturas_MIDI,971,6,5.706114799669873
alturas_MIDI,971,7,5.865380827367874
alturas_MIDI,972,2,0.756785357167163
alturas_MIDI,972,3,1.9716205656567691
alturas_MIDI,972,4,3.4266979731376095
alturas_MIDI,972,5,4.8505200200270355
alturas_MIDI,972,6,5.689537403844322
alturas_MIDI,972,7,5.841884312772622
alturas_MIDI,973,2,0.7356443974658075
alturas_MIDI,973,3,1.9352853561811183
alturas_MIDI,973,4,3.431771725125407
alturas_MIDI,973,5,4.875453524574337
alturas_MIDI,973,6,5.620644016736855
alturas_MIDI,973,7,5.826219969709121
alturas_MIDI,974,2,0.756785357167163
alturas_MIDI,974,3,1.987112935711502
alturas_MIDI,974,4,3.488031553208268
alturas_MIDI,974,5,4.902694398889568
alturas_MIDI,974,6,5.652917974565888
alturas_MIDI,974,7,5.830136055474997
alturas_MIDI,975,2,0.8308563760240915
alturas_MIDI,975,3,2.099371827688796
alturas_MIDI,975,4,3.642741237850337
alturas_MIDI,975,5,5.066710994877979
alturas_MIDI,975,6,5.755923330996545
alturas_MIDI,975,7,5.865380827367874
alturas_MIDI,976,2,0.7465119259776037
alturas_MIDI,976,3,1.9327086474888187
alturas_MIDI,976,4,3.4048271248339166
alturas_MIDI,976,5,4.890979570583178
alturas_MIDI,976,6,5.668978609630387
alturas_MIDI,976,7,5.841884312772621
alturas_MIDI,977,2,0.8010410001042023
alturas_MIDI,977,3,2.0564478846417127
alturas_MIDI,977,4,3.5729405832200682
alturas_MIDI,977,5,5.0056863287734465
alturas_MIDI,977,6,5.71782996328497
alturas_MIDI,977,7,5.865380827367875
alturas_MIDI,978,2,0.775570644374078
alturas_MIDI,978,3,1.984646259076194
alturas_MIDI,978,4,3.4856397497330107
alturas_MIDI,978,5,4.928351430580588
alturas_MIDI,978,6,5.684158410872816
alturas_MIDI,978,7,5.8497164843043725
alturas_MIDI,979,2,0.7841796763556009
alturas_MIDI,979,3,2.0484943409900875
alturas_MIDI,979,4,3.5653902413951823
alturas_MIDI,979,5,5.012714452699545
alturas_MIDI,979,6,5.748113221919812
alturas_MIDI,979,7,5.861464741601999
alturas_MIDI,980,2,0.7833539249587798
alturas_MIDI,980,3,2.0167064719398713
alturas_MIDI,980,4,3.489138427989621
alturas_MIDI,980,5,4.862862806418578
alturas_MIDI,980,6,5.638254934084513
alturas_MIDI,980,7,5.832574039139842
alturas_MIDI,981,2,0.7844654050277371
alturas_MIDI,981,3,2.0625465811392667
alturas_MIDI,981,4,3.554338119888598
alturas_MIDI,981,5,5.001271591691215
alturas_MIDI,981,6,5.673400424929806
alturas_MIDI,981,7,5.837968227006747
alturas_MIDI,982,2,0.7356443974658075
alturas_MIDI,982,3,1.919076089582259
alturas_MIDI,982,4,3.3777374107661493
alturas_MIDI,982,5,4.871428746301742
alturas_MIDI,982,6,5.68902064308327
alturas_MIDI,982,7,5.857548655836124
alturas_MIDI,983,2,0.7756497838679268
alturas_MIDI,983,3,1.9995872872259053
alturas_MIDI,983,4,3.473890608593899
alturas_MIDI,983,5,4.903924802202401
alturas_MIDI,983,6,5.663159199747848
alturas_MIDI,983,7,5.845800398538497
alturas_MIDI,984,2,0.775570644374078
alturas_MIDI,984,3,2.006918475934511
alturas_MIDI,984,4,3.4972585409345562
alturas_MIDI,984,5,4.9362033504888965
alturas_MIDI,984,6,5.7066315604309255
alturas_MIDI,984,7,5.853632570070249
alturas_MIDI,985,2,0.7929321041728028
alturas_MIDI,985,3,2.0572550162930665
alturas_MIDI,985,4,3.5609178708234808
alturas_MIDI,985,5,5.013989808527413
alturas_MIDI,985,6,5.727114010794842
alturas_MIDI,985,7,5.853632570070248
alturas_MIDI,986,2,0.7562816539643085
alturas_MIDI,986,3,1.967048538230963
alturas_MIDI,986,4,3.42159530434532
alturas_MIDI,986,5,4.857367155837244
alturas_MIDI,986,6,5.66635250347152
alturas_MIDI,986,7,5.834052141240873
alturas_MIDI,987,2,0.8005620349724635
alturas_MIDI,987,3,2.0556121420299376
alturas_MIDI,987,4,3.5639920110839745
alturas_MIDI,987,5,4.959391142537484
alturas_MIDI,987,6,5.681210534006538
alturas_MIDI,987,7,5.849716484304373
alturas_MIDI,988,2,0.7462921925535377
alturas_MIDI,988,3,1.9574109786130496
alturas_MIDI,988,4,3.4168535495132804
alturas_MIDI,988,5,4.829756515105852
alturas_MIDI,988,6,5.6421599886228755
alturas_MIDI,988,7,5.841884312772623
alturas_MIDI,989,2,0.7660403772757443
alturas_MIDI,989,3,2.01213392636766
alturas_MIDI,989,4,3.5248126109746276
alturas_MIDI,989,5,5.027336304864959
alturas_MIDI,989,6,5.761302323968049
alturas_MIDI,989,7,5.8575486558361245
alturas_MIDI,990,2,0.7841796763556009
alturas_MIDI,990,3,2.0241820075558636
alturas_MIDI,990,4,3.5047023156307073
alturas_MIDI,990,5,4.91160032387122
alturas_MIDI,990,6,5.705157621997785
alturas_MIDI,990,7,5.861464741601999
alturas_MIDI,991,2,0.7665139132580538
alturas_MIDI,991,3,1.9957623443066783
alturas_MIDI,991,4,3.4920276880413668
alturas_MIDI,991,5,4.935474480732871
alturas_MIDI,991,6,5.679736595573398
alturas_MIDI,991,7,5.841884312772622
alturas_MIDI,992,2,0.7658509202880203
alturas_MIDI,992,3,1.9879261296369828
alturas_MIDI,992,4,3.429600389662341
alturas_MIDI,992,5,4.88325514935531
alturas_MIDI,992,6,5.694399636054773
alturas_MIDI,992,7,5.849716484304373
alturas_MIDI,993,2,0.7833539249587798
alturas_MIDI,993,3,1.9597938723718071
alturas_MIDI,993,4,3.435889278229669
alturas_MIDI,993,5,4.92292487195178
alturas_MIDI,993,6,5.700735806698368
alturas_MIDI,993,7,5.853632570070249
alturas_MIDI,994,2,0.7927888420817857
alturas_MIDI,994,3,2.0420809943574514
alturas_MIDI,994,4,3.54421077560569
alturas_MIDI,994,5,4.971073398389618
alturas_MIDI,994,6,5.736398058304714
alturas_MIDI,994,7,5.857548655836124
alturas_MIDI,995,2,0.7843066737505413
alturas_MIDI,995,3,2.044745035498639
alturas_MIDI,995,4,3.5569464936794373
alturas_MIDI,995,5,5.0485471011715966
alturas_MIDI,995,6,5.738829174409942
alturas_MIDI,995,7,5.837968227006747
alturas_MIDI,996,2,0.7844654050277371
alturas_MIDI,996,3,2.023949212910069
alturas_MIDI,996,4,3.5551577426606493
alturas_MIDI,996,5,4.970974203703221
alturas_MIDI,996,6,5.688063465411185
alturas_MIDI,996,7,5.845800398538498
alturas_MIDI,997,2,0.7098258049573434
alturas_MIDI,997,3,1.9406534012798098
alturas_MIDI,997,4,3.4572354614415763
alturas_MIDI,997,5,4.955962071311979
alturas_MIDI,997,6,5.679736595573398
alturas_MIDI,997,7,5.8497164843043725
alturas_MIDI,998,2,0.8084706055682882
alturas_MIDI,998,3,2.007711014804281
alturas_MIDI,998,4,3.500453292199604
alturas_MIDI,998,5,4.941956118587122
alturas_MIDI,998,6,5.738829174409942
alturas_MIDI,998,7,5.857548655836124
alturas_MIDI,999,2,0.7466060874798152
alturas_MIDI,999,3,1.9368019272586277
alturas_MIDI,999,4,3.388096444961482
alturas_MIDI,999,5,4.861342713134593
alturas_MIDI,999,6,5.697347512921055
alturas_MIDI,999,7,5.845800398538498
alturas_MIDI,1000,2,0.7838303767796024
alturas_MIDI,1000,3,2.0086822203886223
alturas_MIDI,1000,4,3.498954630542552
alturas_MIDI,1000,5,4.945673484215486
alturas_MIDI,1000,6,5.701252567459419
alturas_MIDI,1000,7,5.853632570070249
intervalos,1,2,0.7238099241878992
intervalos,1,3,1.89974553314623
intervalos,1,4,3.2858697269279062
intervalos,1,5,4.668591014122407
intervalos,1,6,5.553937169714868
intervalos,1,7,5.800668606323004
intervalos,2,2,0.6931471805599453
intervalos,2,3,1.8393935050972487
intervalos,2,4,3.2542858539125814
intervalos,2,5,4.687051500583949
intervalos,2,6,5.554455390252082
intervalos,2,7,5.803633185041215
intervalos,3,2,0.7232605736267138
intervalos,3,3,1.8867406032754812
intervalos,3,4,3.3099702392621433
intervalos,3,5,4.725200340439607
intervalos,3,6,5.55374162884187
intervalos,3,7,5.794296536695596
intervalos,4,2,0.7566664997157873
intervalos,4,3,1.9322154638103073
intervalos,4,4,3.304175535682133
intervalos,4,5,4.675375623842207
intervalos,4,6,5.553418949177655
intervalos,4,7,5.846832159467053
intervalos,5,2,0.7238256169451076
intervalos,5,3,1.9231272809376183
intervalos,5,4,3.3423942748714306
intervalos,5,5,4.7293209344159575
intervalos,5,6,5.571079614879399
intervalos,5,7,5.807560364534473
intervalos,6,2,0.7569830552430103
intervalos,6,3,1.9297093802474712
intervalos,6,4,3.3817839565565553
intervalos,6,5,4.801054589831504
intervalos,6,6,5.582827872177025
intervalos,6,7,5.819341903014249
intervalos,7,2,0.7355625350363237
intervalos,7,3,1.8759217689557446
intervalos,7,4,3.2449335995287183
intervalos,7,5,4.64020829639808
intervalos,7,6,5.539359847006398
intervalos,7,7,5.811487544027733
intervalos,8,2,0.6931315754726863
intervalos,8,3,1.8517278796864227
intervalos,8,4,3.2661765349038454
intervalos,8,5,4.706816520149666
intervalos,8,6,5.563247443347648
intervalos,8,7,5.813932434161885
intervalos,9,2,0.7238256169451076
intervalos,9,3,1.8869960006781938
intervalos,9,4,3.2939788739051195
intervalos,9,5,4.692582746648926
intervalos,9,6,5.566645308576309
intervalos,9,7,5.835050620987279
intervalos,10,2,0.7569514027393132
intervalos,10,3,1.9442841645948228
intervalos,10,4,3.368677155300952
intervalos,10,5,4.776286742967898
intervalos,10,6,5.579430006948366
intervalos,10,7,5.838977800480539
intervalos,11,2,0.7558431379610129
intervalos,11,3,1.9607127235222963
intervalos,11,4,3.3719743962052124
intervalos,11,5,4.770312064511643
intervalos,11,6,5.61910908514433
intervalos,11,7,5.846832159467054
intervalos,12,2,0.7228209473774607
intervalos,12,3,1.9140999945177666
intervalos,12,4,3.298434488419945
intervalos,12,5,4.749424119996429
intervalos,12,6,5.587508298633717
intervalos,12,7,5.8217867931484
intervalos,13,2,0.7228209473774607
intervalos,13,3,1.8714810808972209
intervalos,13,4,3.2667562734601088
intervalos,13,5,4.655969109638977
intervalos,13,6,5.560291239145591
intervalos,13,7,5.827196262000763
intervalos,14,2,0.6925852950945386
intervalos,14,3,1.8207285099494468
intervalos,14,4,3.216036434252573
intervalos,14,5,4.6019717749360876
intervalos,14,6,5.519134058848595
intervalos,14,7,5.796741426829745
intervalos,15,2,0.7357513900778979
intervalos,15,3,1.8965076095439564
intervalos,15,4,3.2942276180720396
intervalos,15,5,4.712980830997647
intervalos,15,6,5.5511081043040225
intervalos,15,7,5.817859613655142
intervalos,16,2,0.7357513900778979
intervalos,16,3,1.9372988712355965
intervalos,16,4,3.389356176905908
intervalos,16,5,4.784621747255837
intervalos,16,6,5.560291239145589
intervalos,16,7,5.802150895682113
intervalos,17,2,0.7354366183501505
intervalos,17,3,1.880130782121228
intervalos,17,4,3.2642853593158168
intervalos,17,5,4.6370600718162445
intervalos,17,6,5.519456738512807
intervalos,17,7,5.80215089568211
intervalos,18,2,0.7237628449256375
intervalos,18,3,1.8717557193778407
intervalos,18,4,3.234258544006958
intervalos,18,5,4.642725178017967
intervalos,18,6,5.509628244342811
intervalos,18,7,5.795778826054702
intervalos,19,2,0.7352792074959564
intervalos,19,3,1.8910468351376681
intervalos,19,4,3.287028206229181
intervalos,19,5,4.719069203946776
intervalos,19,6,5.56472554544868
intervalos,19,7,5.810005254668627
intervalos,20,2,0.7357513900778979
intervalos,20,3,1.8923857657888474
intervalos,20,4,3.287229403953519
intervalos,20,5,4.6662920363328695
intervalos,20,6,5.561769341246619
intervalos,20,7,5.811487544027732
intervalos,21,2,0.7568880956996007
intervalos,21,3,1.9567653786003083
intervalos,21,4,3.400490691576961
intervalos,21,5,4.74516603004247
intervalos,21,6,5.517214295720961
intervalos,21,7,5.79822371618885
intervalos,22,2,0.7356569655547306
intervalos,22,3,1.883772968715264
intervalos,22,4,3.2618424600490643
intervalos,22,5,4.653165786022581
intervalos,22,6,5.519134058848593
intervalos,22,7,5.8232690825075055
intervalos,23,2,0.7754070981296217
intervalos,23,3,1.9594501984160313
intervalos,23,4,3.37470820927832
intervalos,23,5,4.759717481592502
intervalos,23,6,5.616152880942272
intervalos,23,7,5.835050620987279
intervalos,24,2,0.7230564775667203
intervalos,24,3,1.8628426542732712
intervalos,24,4,3.268890639727589
intervalos,24,5,4.686297125094068
intervalos,24,6,5.579948227485577
intervalos,24,7,5.829641152134915
intervalos,25,2,0.7461597697068053
intervalos,25,3,1.9271058619897168
intervalos,25,4,3.3019201223842387
intervalos,25,5,4.6353925428289315
intervalos,25,6,5.529208673172188
intervalos,25,7,5.810005254668626
intervalos,26,2,0.7350902924677045
intervalos,26,3,1.874835972323899
intervalos,26,4,3.2593040469052155
intervalos,26,5,4.6386486982905515
intervalos,26,6,5.592656366347019
intervalos,26,7,5.835050620987278
intervalos,27,2,0.7467122251627522
intervalos,27,3,1.9129438692796956
intervalos,27,4,3.3323870004064267
intervalos,27,5,4.754465156989793
intervalos,27,6,5.574995700645274
intervalos,27,7,5.827196262000763
intervalos,28,2,0.7237628449256375
intervalos,28,3,1.8823818395707164
intervalos,28,4,3.2972143730327454
intervalos,28,5,4.700158578798664
intervalos,28,6,5.590660043708776
intervalos,28,7,5.831123441494023
intervalos,29,2,0.7833997891921018
intervalos,29,3,1.949690128943762
intervalos,29,4,3.3356193409190826
intervalos,29,5,4.740488072561822
intervalos,29,6,5.58186799061321
intervalos,29,7,5.823269082507507
intervalos,30,2,0.7236843761860374
intervalos,30,3,1.8611968032908837
intervalos,30,4,3.2154186666703204
intervalos,30,5,4.572489025900153
intervalos,30,6,5.50918658331621
intervalos,30,7,5.811487544027733
intervalos,31,2,0.7744515016239866
intervalos,31,3,1.9950278373010861
intervalos,31,4,3.4384481627104067
intervalos,31,5,4.784590482547657
intervalos,31,6,5.581867990613209
intervalos,31,7,5.846832159467053
intervalos,32,2,0.7352792074959564
intervalos,32,3,1.8972491825567466
intervalos,32,4,3.316332573595342
intervalos,32,5,4.727883940674504
intervalos,32,6,5.555219730942899
intervalos,32,7,5.807040675950414
intervalos,33,2,0.7090135120039689
intervalos,33,3,1.8828654929553081
intervalos,33,4,3.2603479781018296
intervalos,33,5,4.62561796392586
intervalos,33,6,5.506230379114151
intervalos,33,7,5.790369357202336
intervalos,34,2,0.7356569655547306
intervalos,34,3,1.9612166392721133
intervalos,34,4,3.3869407081713763
intervalos,34,5,4.7235290411157544
intervalos,34,6,5.546104998183117
intervalos,34,7,5.802150895682112
intervalos,35,2,0.7103912662168856
intervalos,35,3,1.8825935889309493
intervalos,35,4,3.2553871036301065
intervalos,35,5,4.651634353513409
intervalos,35,6,5.554259849379083
intervalos,35,7,5.791851646561446
intervalos,36,2,0.7238256169451076
intervalos,36,3,1.8705224354709602
intervalos,36,4,3.283035429626732
intervalos,36,5,4.7065764509541905
intervalos,36,6,5.548347440974964
intervalos,36,7,5.810005254668627
intervalos,37,2,0.765389547494397
intervalos,37,3,1.968652595936887
intervalos,37,4,3.3919631615362373
intervalos,37,5,4.728699551921555
intervalos,37,6,5.579676127101966
intervalos,37,7,5.7957788260547005
intervalos,38,2,0.7099530276069319
intervalos,38,3,1.8430708649563747
intervalos,38,4,3.1971247382390597
intervalos,38,5,4.589687042919114
intervalos,38,6,5.466746841791185
intervalos,38,7,5.817859613655142
intervalos,39,2,0.7464754837422931
intervalos,39,3,1.9200653521767963
intervalos,39,4,3.345165160410078
intervalos,39,5,4.756988802215766
intervalos,39,6,5.622506950372995
intervalos,39,7,5.823269082507507
intervalos,40,2,0.7662788309916566
intervalos,40,3,1.9519781186367846
intervalos,40,4,3.3951231306382463
intervalos,40,5,4.7775876402312125
intervalos,40,6,5.601006758415985
intervalos,40,7,5.803633185041217
intervalos,41,2,0.6931315754726863
intervalos,41,3,1.8414439808002283
intervalos,41,4,3.250794588804932
intervalos,41,5,4.643773807632922
intervalos,41,6,5.522166822561265
intervalos,41,7,5.799706005547959
intervalos,42,2,0.7343343921058413
intervalos,42,3,1.8566675416904612
intervalos,42,4,3.2310333093293453
intervalos,42,5,4.609907587488716
intervalos,42,6,5.494040460789922
intervalos,42,7,5.8232690825075055
intervalos,43,2,0.7661041926524055
intervalos,43,3,1.919739553464007
intervalos,43,4,3.3491408116283945
intervalos,43,5,4.75547824141253
intervalos,43,6,5.629897460878141
intervalos,43,7,5.83112344149402
intervalos,44,2,0.7563182103373065
intervalos,44,3,1.9580897433123339
intervalos,44,4,3.3936197073217738
intervalos,44,5,4.8037990198723985
intervalos,44,6,5.6137148972774265
intervalos,44,7,5.819341903014249
intervalos,45,2,0.7658977752069915
intervalos,45,3,1.9808679912192162
intervalos,45,4,3.4128802171338606
intervalos,45,5,4.777065409523263
intervalos,45,6,5.647481567069274
intervalos,45,7,5.846832159467051
intervalos,46,2,0.7230564775667203
intervalos,46,3,1.8511496233114273
intervalos,46,4,3.248182934491415
intervalos,46,5,4.618115811122883
intervalos,46,6,5.540710810316213
intervalos,46,7,5.827196262000763
intervalos,47,2,0.7758528306122003
intervalos,47,3,1.9686214478519881
intervalos,47,4,3.40801046838616
intervalos,47,5,4.761922230650929
intervalos,47,6,5.555024190069897
intervalos,47,7,5.807560364534476
intervalos,48,2,0.7466648799018465
intervalos,48,3,1.9422884330236925
intervalos,48,4,3.3330490324251816
intervalos,48,5,4.740627268149791
intervalos,48,6,5.59753233367671
intervalos,48,7,5.829641152134916
intervalos,49,2,0.7467122251627522
intervalos,49,3,1.9405646642571819
intervalos,49,4,3.3407229897229067
intervalos,49,5,4.695524000849495
intervalos,49,6,5.532360418247247
intervalos,49,7,5.81541472352099
intervalos,50,2,0.6931471805599453
intervalos,50,3,1.8318752006788306
intervalos,50,4,3.2554996222144714
intervalos,50,5,4.689078822148239
intervalos,50,6,5.5608094596828055
intervalos,50,7,5.831123441494022
intervalos,51,2,0.7845495945086786
intervalos,51,3,1.9891226530585002
intervalos,51,4,3.4267658026795678
intervalos,51,5,4.806823562910286
intervalos,51,6,5.594380588601649
intervalos,51,7,5.810005254668624
intervalos,52,2,0.7234332484699303
intervalos,52,3,1.863738578834675
intervalos,52,4,3.214289169802053
intervalos,52,5,4.547875910879226
intervalos,52,6,5.4450511089611755
intervalos,52,7,5.791851646561442
intervalos,53,2,0.7350902924677045
intervalos,53,3,1.8826555375332013
intervalos,53,4,3.2549328221156424
intervalos,53,5,4.623974830200366
intervalos,53,6,5.491330376741465
intervalos,53,7,5.787924467068185
intervalos,54,2,0.7346178998122669
intervalos,54,3,1.9199252181108317
intervalos,54,4,3.326325134779798
intervalos,54,5,4.666397190424421
intervalos,54,6,5.553741628841868
intervalos,54,7,5.812450144802778
intervalos,55,2,0.7463334207460348
intervalos,55,3,1.9203933188057891
intervalos,55,4,3.3507676958310952
intervalos,55,5,4.7655560635706165
intervalos,55,6,5.56960151277837
intervalos,55,7,5.799706005547959
intervalos,56,2,0.774738245850313
intervalos,56,3,1.9234446169672283
intervalos,56,4,3.2824443460710917
intervalos,56,5,4.665063847078713
intervalos,56,6,5.510342005753026
intervalos,56,7,5.806078075175365
intervalos,57,2,0.7232605736267138
intervalos,57,3,1.9144376977765725
intervalos,57,4,3.3336002961844557
intervalos,57,5,4.750144327582863
intervalos,57,6,5.628419358777111
intervalos,57,7,5.850759338960311
intervalos,58,2,0.7357513900778979
intervalos,58,3,1.8761175904889502
intervalos,58,4,3.220003879419097
intervalos,58,5,4.567010881142189
intervalos,58,6,5.499111968992613
intervalos,58,7,5.8232690825075055
intervalos,59,2,0.7099530276069319
intervalos,59,3,1.8805574977683772
intervalos,59,4,3.277550566311124
intervalos,59,5,4.714318672952643
intervalos,59,6,5.613714897277426
intervalos,59,7,5.83112344149402
intervalos,60,2,0.7104225640613531
intervalos,60,3,1.856853899559416
intervalos,60,4,3.2478591149901694
intervalos,60,5,4.6365022959160775
intervalos,60,6,5.536353063523737
intervalos,60,7,5.831123441494022
intervalos,61,2,0.7463334207460348
intervalos,61,3,1.9514203367366618
intervalos,61,4,3.363136118919859
intervalos,61,5,4.7084595415901855
intervalos,61,6,5.55881313704456
intervalos,61,7,5.8232690825075055
intervalos,62,2,0.7095459767006717
intervalos,62,3,1.8645203221003064
intervalos,62,4,3.266946003059032
intervalos,62,5,4.687971411242764
intervalos,62,6,5.5803898885121805
intervalos,62,7,5.817859613655145
intervalos,63,2,0.7352792074959564
intervalos,63,3,1.9308838800047703
intervalos,63,4,3.3469915172837688
intervalos,63,5,4.699478092692153
intervalos,63,6,5.563765663884864
intervalos,63,7,5.813932434161885
intervalos,64,2,0.7230564775667203
intervalos,64,3,1.893684345290011
intervalos,64,4,3.2698686319481998
intervalos,64,5,4.604396133879932
intervalos,64,6,5.537117404214554
intervalos,64,7,5.799706005547957
intervalos,65,2,0.7459545195205959
intervalos,65,3,1.93127000371678
intervalos,65,4,3.309041701639493
intervalos,65,5,4.6278907123475435
intervalos,65,6,5.479063898906626
intervalos,65,7,5.806078075175368
intervalos,66,2,0.7461597697068053
intervalos,66,3,1.9038780652181266
intervalos,66,4,3.257616987373962
intervalos,66,5,4.625786724611647
intervalos,66,6,5.438943159684055
intervalos,66,7,5.765323990883683
intervalos,67,2,0.7355625350363237
intervalos,67,3,1.9227932756132797
intervalos,67,4,3.361285231504637
intervalos,67,5,4.741073042722741
intervalos,67,6,5.575513921182489
intervalos,67,7,5.823269082507506
intervalos,68,2,0.7844378474596705
intervalos,68,3,2.0123260554231557
intervalos,68,4,3.452832740652629
intervalos,68,5,4.793289447611633
intervalos,68,6,5.579353447437751
intervalos,68,7,5.8311234414940225
intervalos,69,2,0.7102347671699972
intervalos,69,3,1.841935711254002
intervalos,69,4,3.240917571262614
intervalos,69,5,4.618883356403246
intervalos,69,6,5.532878638784463
intervalos,69,7,5.811487544027733
intervalos,70,2,0.7466648799018465
intervalos,70,3,1.9426582325798218
intervalos,70,4,3.395604518862907
intervalos,70,5,4.762066896185792
intervalos,70,6,5.598050554213924
intervalos,70,7,5.8139324341618845
intervalos,71,2,0.7665328134705907
intervalos,71,3,1.965154501593041
intervalos,71,4,3.380345286565829
intervalos,71,5,4.750022904591006
intervalos,71,6,5.567486208777737
intervalos,71,7,5.81541472352099
intervalos,72,2,0.7666597883069823
intervalos,72,3,1.9784138351392238
intervalos,72,4,3.3771096385229114
intervalos,72,5,4.7302468473798625
intervalos,72,6,5.600734658032371
intervalos,72,7,5.829641152134914
intervalos,73,2,0.7234332484699303
intervalos,73,3,1.9013384644399043
intervalos,73,4,3.285385346302948
intervalos,73,5,4.667735032379417
intervalos,73,6,5.56812341067734
intervalos,73,7,5.807560364534477
intervalos,74,2,0.7354366183501505
intervalos,74,3,1.9005587123921492
intervalos,74,4,3.2917523846141035
intervalos,74,5,4.651212031520073
intervalos,74,6,5.50770848121518
intervalos,74,7,5.794296536695593
intervalos,75,2,0.7357199159028953
intervalos,75,3,1.924378874881269
intervalos,75,4,3.3410691783355695
intervalos,75,5,4.711616222943761
intervalos,75,6,5.59753233367671
intervalos,75,7,5.831123441494022
intervalos,76,2,0.7357513900778979
intervalos,76,3,1.893521889903534
intervalos,76,4,3.325305509999365
intervalos,76,5,4.723865597594431
intervalos,76,6,5.561769341246619
intervalos,76,7,5.823269082507504
intervalos,77,2,0.7467122251627522
intervalos,77,3,1.9232046314065263
intervalos,77,4,3.3239638996611856
intervalos,77,5,4.685345627405486
intervalos,77,6,5.517536975385176
intervalos,77,7,5.80607807517537
intervalos,78,2,0.7232605736267138
intervalos,78,3,1.8901660509264424
intervalos,78,4,3.24658935046425
intervalos,78,5,4.577172634708903
intervalos,78,6,5.469830184784457
intervalos,78,7,5.772215749095151
intervalos,79,2,0.7356569655547306
intervalos,79,3,1.9073841262520306
intervalos,79,4,3.3287942288312173
intervalos,79,5,4.7094792486786305
intervalos,79,6,5.56620364754971
intervalos,79,7,5.81541472352099
intervalos,80,2,0.7464754837422931
intervalos,80,3,1.8998442162230744
intervalos,80,4,3.278120313082357
intervalos,80,5,4.686387493414356
intervalos,80,6,5.5338385203482785
intervalos,80,7,5.813932434161885
intervalos,81,2,0.7099530276069319
intervalos,81,3,1.880079537783497
intervalos,81,4,3.2436819714364056
intervalos,81,5,4.614142112578085
intervalos,81,6,5.522412942714865
intervalos,81,7,5.831123441494023
intervalos,82,2,0.7103912662168856
intervalos,82,3,1.8802653325618124
intervalos,82,4,3.2698509781936203
intervalos,82,5,4.6671987772012
intervalos,82,6,5.547064879746933
intervalos,82,7,5.798223716188854
intervalos,83,2,0.7354366183501505
intervalos,83,3,1.8779419021472514
intervalos,83,4,3.258508601464424
intervalos,83,5,4.666114818875341
intervalos,83,6,5.548865661512177
intervalos,83,7,5.823269082507506
intervalos,84,2,0.7752160285421434
intervalos,84,3,1.9684742470573529
intervalos,84,4,3.4408287668804327
intervalos,84,5,4.822379852147924
intervalos,84,6,5.65287575493618
intervalos,84,7,5.842904979973796
intervalos,85,2,0.7467122251627522
intervalos,85,3,1.9288912385419383
intervalos,85,4,3.3105264838900976
intervalos,85,5,4.656006054330662
intervalos,85,6,5.548542981847964
intervalos,85,7,5.811487544027733
intervalos,86,2,0.7355625350363237
intervalos,86,3,1.9196430256680976
intervalos,86,4,3.360292686902452
intervalos,86,5,4.703301445718583
intervalos,86,6,5.587780399017327
intervalos,86,7,5.835050620987278
intervalos,87,2,0.745449167141252
intervalos,87,3,1.905289091865757
intervalos,87,4,3.285913820795772
intervalos,87,5,4.680488752856951
intervalos,87,6,5.53731294508755
intervalos,87,7,5.802150895682111
intervalos,88,2,0.7356569655547306
intervalos,88,3,1.9405593354140471
intervalos,88,4,3.3431340276223187
intervalos,88,5,4.677123911659254
intervalos,88,6,5.528962553018586
intervalos,88,7,5.823269082507504
intervalos,89,2,0.7356569655547306
intervalos,89,3,1.8912707120913568
intervalos,89,4,3.2866478555834866
intervalos,89,5,4.678379729780725
intervalos,89,6,5.558694155682172
intervalos,89,7,5.810005254668624
intervalos,90,2,0.7230564775667203
intervalos,90,3,1.8998987870017454
intervalos,90,4,3.3134503695659934
intervalos,90,5,4.6662920363328695
intervalos,90,6,5.526524569353743
intervalos,90,7,5.815414723520989
intervalos,91,2,0.7844378474596705
intervalos,91,3,1.9902967279741999
intervalos,91,4,3.417534313421297
intervalos,91,5,4.804537000054944
intervalos,91,6,5.5701703125961854
intervalos,91,7,5.788887067843229
intervalos,92,2,0.7352792074959564
intervalos,92,3,1.919147738708646
intervalos,92,4,3.339351207903735
intervalos,92,5,4.7137880977579325
intervalos,92,6,5.541670691880029
intervalos,92,7,5.798223716188853
intervalos,93,2,0.7355625350363237
intervalos,93,3,1.8628096647949564
intervalos,93,4,3.2051330345111544
intervalos,93,5,4.600905589206336
intervalos,93,6,5.536353063523735
intervalos,93,7,5.82571397264166
intervalos,94,2,0.7569830552430103
intervalos,94,3,1.9587106728745
intervalos,94,4,3.3886548372251943
intervalos,94,5,4.7858556164935
intervalos,94,6,5.5945761294746505
intervalos,94,7,5.838977800480537
intervalos,95,2,0.709765171731974
intervalos,95,3,1.8411076201441476
intervalos,95,4,3.2597458769103698
intervalos,95,5,4.658400225744201
intervalos,95,6,5.555933492353113
intervalos,95,7,5.815414723520989
intervalos,96,2,0.774738245850313
intervalos,96,3,1.9574552665935951
intervalos,96,4,3.3537465261116113
intervalos,96,5,4.7381647750514055
intervalos,96,6,5.548151900101962
intervalos,96,7,5.813932434161883
intervalos,97,2,0.7467122251627522
intervalos,97,3,1.8789680123977943
intervalos,97,4,3.275168889508394
intervalos,97,5,4.676180226099234
intervalos,97,6,5.533396859321675
intervalos,97,7,5.794296536695595
intervalos,98,2,0.7846772949943275
intervalos,98,3,2.00445570118455
intervalos,98,4,3.404851649720614
intervalos,98,5,4.7544309054567675
intervalos,98,6,5.596572452112895
intervalos,98,7,5.823269082507506
intervalos,99,2,0.7238256169451076
intervalos,99,3,1.9317561150061107
intervalos,99,4,3.3314174985118994
intervalos,99,5,4.73394341975252
intervalos,99,6,5.6161528809422725
intervalos,99,7,5.846832159467054
intervalos,100,2,0.746585967774875
intervalos,100,3,1.9047581765095645
intervalos,100,4,3.2976824940160734
intervalos,100,5,4.669245270861068
intervalos,100,6,5.545195695899903
intervalos,100,7,5.8139324341618845
intervalos,101,2,0.7103286685631887
intervalos,101,3,1.8583762645344928
intervalos,101,4,3.276617321693916
intervalos,101,5,4.696183915360968
intervalos,101,6,5.530440655119617
intervalos,101,7,5.798223716188852
intervalos,102,2,0.746585967774875
intervalos,102,3,1.9511859895235149
intervalos,102,4,3.387696179366503
intervalos,102,5,4.770707402280838
intervalos,102,6,5.609798811511551
intervalos,102,7,5.842904979973795
intervalos,103,2,0.7355625350363237
intervalos,103,3,1.9196286593702554
intervalos,103,4,3.2976113839003576
intervalos,103,5,4.670733023727866
intervalos,103,6,5.556697833043927
intervalos,103,7,5.806078075175368
intervalos,104,2,0.7230564775667203
intervalos,104,3,1.8903837245707829
intervalos,104,4,3.311887746674986
intervalos,104,5,4.704531679115379
intervalos,104,6,5.609280590974336
intervalos,104,7,5.838977800480538
intervalos,105,2,0.7103912662168856
intervalos,105,3,1.8730342107127584
intervalos,105,4,3.2508072557314263
intervalos,105,5,4.606623266428739
intervalos,105,6,5.508668362778996
intervalos,105,7,5.8060780751753684
intervalos,106,2,0.7464754837422931
intervalos,106,3,1.9228358873074534
intervalos,106,4,3.339942509575727
intervalos,106,5,4.699746649807571
intervalos,106,6,5.6176309830433
intervalos,106,7,5.8154147235209885
intervalos,107,2,0.7236843761860374
intervalos,107,3,1.863075597770619
intervalos,107,4,3.25168110187632
intervalos,107,5,4.63607162943598
intervalos,107,6,5.514062550645901
intervalos,107,7,5.811487544027731
intervalos,108,2,0.7665328134705907
intervalos,108,3,1.9628520245145076
intervalos,108,4,3.429224186077735
intervalos,108,5,4.80078185642838
intervalos,108,6,5.6083207094105205
intervalos,108,7,5.811487544027732
intervalos,109,2,0.7357513900778979
intervalos,109,3,1.8734552183894444
intervalos,109,4,3.2283694061693025
intervalos,109,5,4.5976443984043875
intervalos,109,6,5.462389094998706
intervalos,109,7,5.780070108081669
intervalos,110,2,0.7237628449256375
intervalos,110,3,1.890018752158953
intervalos,110,4,3.302980947772893
intervalos,110,5,4.726958027710596
intervalos,110,6,5.569924192442582
intervalos,110,7,5.8232690825075055
intervalos,111,2,0.7757891628155212
intervalos,111,3,1.9684868288299757
intervalos,111,4,3.332403694772689
intervalos,111,5,4.667988159080398
intervalos,111,6,5.527042789890955
intervalos,111,7,5.815414723520993
intervalos,112,2,0.75609652890287
intervalos,112,3,1.950208505418197
intervalos,112,4,3.3872774747854484
intervalos,112,5,4.716783928305919
intervalos,112,6,5.539555387879396
intervalos,112,7,5.813932434161884
intervalos,113,2,0.7749930826210503
intervalos,113,3,2.0151301385905027
intervalos,113,4,3.4789217544048308
intervalos,113,5,4.833605561547699
intervalos,113,6,5.584110433405055
intervalos,113,7,5.821786793148399
intervalos,114,2,0.7466648799018465
intervalos,114,3,1.9153183397062354
intervalos,114,4,3.281568804363698
intervalos,114,5,4.624389130028526
intervalos,114,6,5.557411594454141
intervalos,114,7,5.8139324341618845
intervalos,115,2,0.7357199159028953
intervalos,115,3,1.938969759420906
intervalos,115,4,3.388305830649128
intervalos,115,5,4.762589014608762
intervalos,115,6,5.585265855841871
intervalos,115,7,5.835050620987278
intervalos,116,2,0.7356569655547306
intervalos,116,3,1.8889518662638485
intervalos,116,4,3.296622418192552
intervalos,116,5,4.698830593114871
intervalos,116,6,5.550980965512808
intervalos,116,7,5.8232690825075055
intervalos,117,2,0.7758846634769101
intervalos,117,3,1.940781607010931
intervalos,117,4,3.3293886176156047
intervalos,117,5,4.733660935918463
intervalos,117,6,5.5941344684480505
intervalos,117,7,5.827196262000764
intervalos,118,2,0.7234332484699303
intervalos,118,3,1.880384628316695
intervalos,118,4,3.273095642970965
intervalos,118,5,4.6420682567760485
intervalos,118,6,5.509382124189212
intervalos,118,7,5.827196262000762
intervalos,119,2,0.7348698612497535
intervalos,119,3,1.8809668933172607
intervalos,119,4,3.2657631979539232
intervalos,119,5,4.627586714236236
intervalos,119,6,5.511429026108058
intervalos,119,7,5.819341903014249
intervalos,120,2,0.7464754837422931
intervalos,120,3,1.9248999787087788
intervalos,120,4,3.320593426658191
intervalos,120,5,4.71234006637106
intervalos,120,6,5.580908109049394
intervalos,120,7,5.81785961365514
intervalos,121,2,0.7567931300584542
intervalos,121,3,1.9556773130116807
intervalos,121,4,3.397595356254378
intervalos,121,5,4.816252163670045
intervalos,121,6,5.638689513973707
intervalos,121,7,5.838977800480537
intervalos,122,2,0.7336726635530384
intervalos,122,3,1.8685049992249048
intervalos,122,4,3.245072564342773
intervalos,122,5,4.5930533878126125
intervalos,122,6,5.456476686594587
intervalos,122,7,5.754505053178956
intervalos,123,2,0.7232605736267138
intervalos,123,3,1.8913034390768266
intervalos,123,4,3.2927458655697253
intervalos,123,5,4.710320766971941
intervalos,123,6,5.577756363974336
intervalos,123,7,5.804595785816262
intervalos,124,2,0.7658977752069915
intervalos,124,3,1.9629838871671519
intervalos,124,4,3.3855593441011536
intervalos,124,5,4.744525265415879
intervalos,124,6,5.632335444542988
intervalos,124,7,5.827196262000764
intervalos,125,2,0.7464754837422931
intervalos,125,3,1.9175695650962845
intervalos,125,4,3.310898649038174
intervalos,125,5,4.682384258427136
intervalos,125,6,5.590218382682174
intervalos,125,7,5.84142269061469
intervalos,126,2,0.7466648799018465
intervalos,126,3,1.8977861478393416
intervalos,126,4,3.2266146296049825
intervalos,126,5,4.553557140127672
intervalos,126,6,5.486327270620561
intervalos,126,7,5.810005254668624
intervalos,127,2,0.6930067289294951
intervalos,127,3,1.821013537246166
intervalos,127,4,3.1843052762887334
intervalos,127,5,4.575342786320303
intervalos,127,6,5.484925728030143
intervalos,127,7,5.788887067843228
intervalos,128,2,0.7658977752069915
intervalos,128,3,1.959369829425568
intervalos,128,4,3.3529489517808027
intervalos,128,5,4.745792789820505
intervalos,128,6,5.58038988851218
intervalos,128,7,5.831123441494021
intervalos,129,2,0.7102347671699972
intervalos,129,3,1.8784775304681511
intervalos,129,4,3.3009450067917196
intervalos,129,5,4.715670866072339
intervalos,129,6,5.549061202385177
intervalos,129,7,5.798223716188853
intervalos,130,2,0.7104225640613531
intervalos,130,3,1.8835576987488687
intervalos,130,4,3.285886071723738
intervalos,130,5,4.712253007197207
intervalos,130,6,5.545663337156516
intervalos,130,7,5.823269082507507
intervalos,131,2,0.7567931300584542
intervalos,131,3,1.930587005637822
intervalos,131,4,3.321724036841344
intervalos,131,5,4.725692571443169
intervalos,131,6,5.574800159772276
intervalos,131,7,5.798223716188854
intervalos,132,2,0.7464754837422931
intervalos,132,3,1.9218240708697603
intervalos,132,4,3.356732209655524
intervalos,132,5,4.773518748062407
intervalos,132,6,5.628342799266498
intervalos,132,7,5.825713972641657
intervalos,133,2,0.7467280065805464
intervalos,133,3,1.9373835795729537
intervalos,133,4,3.371091088335933
intervalos,133,5,4.753835542293602
intervalos,133,6,5.575513921182489
intervalos,133,7,5.827196262000761
intervalos,134,2,0.7569830552430103
intervalos,134,3,1.9359347029219458
intervalos,134,4,3.301606270148925
intervalos,134,5,4.673026966177073
intervalos,134,6,5.535834842986522
intervalos,134,7,5.815414723520989
intervalos,135,2,0.7464754837422931
intervalos,135,3,1.9303446137302076
intervalos,135,4,3.312496184115049
intervalos,135,5,4.726536460573548
intervalos,135,6,5.623025170910208
intervalos,135,7,5.831123441494022
intervalos,136,2,0.7356569655547306
intervalos,136,3,1.8927170425317217
intervalos,136,4,3.2189476872444964
intervalos,136,5,4.565759473339582
intervalos,136,6,5.525564687789926
intervalos,136,7,5.827196262000764
intervalos,137,2,0.7092954287181523
intervalos,137,3,1.8762508959072477
intervalos,137,4,3.2423630150829172
intervalos,137,5,4.590079393863464
intervalos,137,6,5.476057115423964
intervalos,137,7,5.794296536695593
intervalos,138,2,0.7238099241878992
intervalos,138,3,1.9052922740782152
intervalos,138,4,3.345241972691099
intervalos,138,5,4.761845676764301
intervalos,138,6,5.588222060043932
intervalos,138,7,5.811487544027732
intervalos,139,2,0.7658977752069915
intervalos,139,3,1.9524535540702483
intervalos,139,4,3.337557825671181
intervalos,139,5,4.664781363244655
intervalos,139,6,5.525887367454139
intervalos,139,7,5.80852296530952
intervalos,140,2,0.7238099241878992
intervalos,140,3,1.8838848246540647
intervalos,140,4,3.292870420542943
intervalos,140,5,4.696070949140852
intervalos,140,6,5.578911786411149
intervalos,140,7,5.7942965366955965
intervalos,141,2,0.7355625350363237
intervalos,141,3,1.8815100237237146
intervalos,141,4,3.2747199082274947
intervalos,141,5,4.611180147233671
intervalos,141,6,5.558371476017954
intervalos,141,7,5.810005254668625
intervalos,142,2,0.746585967774875
intervalos,142,3,1.9615781343763052
intervalos,142,4,3.385193217472593
intervalos,142,5,4.740614853215598
intervalos,142,6,5.565243765985893
intervalos,142,7,5.81934190301425
intervalos,143,2,0.7467122251627522
intervalos,143,3,1.8967957683045493
intervalos,143,4,3.324774662726434
intervalos,143,5,4.73942296400995
intervalos,143,6,5.606324386772279
intervalos,143,7,5.81541472352099
intervalos,144,2,0.7466648799018465
intervalos,144,3,1.9138951590899393
intervalos,144,4,3.294465588993939
intervalos,144,5,4.688367393655134
intervalos,144,6,5.581349770075996
intervalos,144,7,5.8311234414940225
intervalos,145,2,0.7461597697068053
intervalos,145,3,1.8989734389990611
intervalos,145,4,3.3070807484263613
intervalos,145,5,4.671936893261138
intervalos,145,6,5.572039496443213
intervalos,145,7,5.819341903014248
intervalos,146,2,0.7666597883069823
intervalos,146,3,1.975479200095892
intervalos,146,4,3.436296688030464
intervalos,146,5,4.789444257986366
intervalos,146,6,5.626941256676081
intervalos,146,7,5.8389778004805395
intervalos,147,2,0.6927570046594116
intervalos,147,3,1.8469849658828452
intervalos,147,4,3.283461589252353
intervalos,147,5,4.740162343691958
intervalos,147,6,5.652875754936177
intervalos,147,7,5.842904979973796
intervalos,148,2,0.7464754837422931
intervalos,148,3,1.8990671285642235
intervalos,148,4,3.308769415448616
intervalos,148,5,4.707974045537312
intervalos,148,6,5.598050554213925
intervalos,148,7,5.811487544027731
intervalos,149,2,0.745717657054418
intervalos,149,3,1.9275394423046133
intervalos,149,4,3.3268629991400025
intervalos,149,5,4.727330235221767
intervalos,149,6,5.580908109049393
intervalos,149,7,5.8154147235209885
intervalos,150,2,0.7237628449256375
intervalos,150,3,1.8707542303894336
intervalos,150,4,3.275091737724766
intervalos,150,5,4.69186297366906
intervalos,150,6,5.595094350011866
intervalos,150,7,5.8311234414940225
intervalos,151,2,0.7658977752069915
intervalos,151,3,1.9376594900878374
intervalos,151,4,3.3135659976606555
intervalos,151,5,4.7314128295392495
intervalos,151,6,5.617630983043301
intervalos,151,7,5.85468651845357
intervalos,152,2,0.7103912662168856
intervalos,152,3,1.8691568604283062
intervalos,152,4,3.2908733619670874
intervalos,152,5,4.72580585998487
intervalos,152,6,5.614674778841242
intervalos,152,7,5.846832159467052
intervalos,153,2,0.7467122251627522
intervalos,153,3,1.9044480367627146
intervalos,153,4,3.287642308361617
intervalos,153,5,4.646055012826348
intervalos,153,6,5.574554039618672
intervalos,153,7,5.815414723520989
intervalos,154,2,0.746585967774875
intervalos,154,3,1.937180110859753
intervalos,154,4,3.3716236622941027
intervalos,154,5,4.788803815681365
intervalos,154,6,5.607802488873307
intervalos,154,7,5.823269082507506
intervalos,155,2,0.7099530276069319
intervalos,155,3,1.8384808810804785
intervalos,155,4,3.234081762145001
intervalos,155,5,4.657025761419107
intervalos,155,6,5.608320709410521
intervalos,155,7,5.811487544027729
intervalos,156,2,0.7228209473774607
intervalos,156,3,1.8404283104252097
intervalos,156,4,3.2197856681464767
intervalos,156,5,4.586967791651725
intervalos,156,6,5.46758774199261
intervalos,156,7,5.787404778484126
intervalos,157,2,0.7664217015193592
intervalos,157,3,1.9442967485899547
intervalos,157,4,3.301543757143824
intervalos,157,5,4.661941094936575
intervalos,157,6,5.531918757220647
intervalos,157,7,5.829641152134914
intervalos,158,2,0.7238099241878992
intervalos,158,3,1.896874123823469
intervalos,158,4,3.276908412212778
intervalos,158,5,4.710639873176101
intervalos,158,6,5.604846284671248
intervalos,158,7,5.8507593389603105
intervalos,159,2,0.7356569655547306
intervalos,159,3,1.922608779828586
intervalos,159,4,3.321856878544237
intervalos,159,5,4.712612687489202
intervalos,159,6,5.577433684310119
intervalos,159,7,5.827196262000764
intervalos,160,2,0.7666121740244782
intervalos,160,3,1.9194537884986802
intervalos,160,4,3.2884604684329153
intervalos,160,5,4.686402279185617
intervalos,160,6,5.510146464880028
intervalos,160,7,5.79822371618885
intervalos,161,2,0.7466648799018465
intervalos,161,3,1.9387584661890216
intervalos,161,4,3.35668010452839
intervalos,161,5,4.775035101134127
intervalos,161,6,5.570884074006398
intervalos,161,7,5.813932434161884
intervalos,162,2,0.7356569655547306
intervalos,162,3,1.8539447284554877
intervalos,162,4,3.20086196493984
intervalos,162,5,4.586445673228756
intervalos,162,6,5.508472821905998
intervalos,162,7,5.782514998215821
intervalos,163,2,0.7665328134705907
intervalos,163,3,1.9947740607873308
intervalos,163,4,3.431691567633054
intervalos,163,5,4.853117019805869
intervalos,163,6,5.660707926467931
intervalos,163,7,5.831123441494022
intervalos,164,2,0.7225539681467144
intervalos,164,3,1.8366883483198428
intervalos,164,4,3.2159383591713837
intervalos,164,5,4.616728609542007
intervalos,164,6,5.4896061544868315
intervalos,164,7,5.810005254668627
intervalos,165,2,0.7235745130140392
intervalos,165,3,1.857622838506756
intervalos,165,4,3.221268337860444
intervalos,165,5,4.588876789333979
intervalos,165,6,5.4969201054813706
intervalos,165,7,5.773178349870199
intervalos,166,2,0.7467122251627522
intervalos,166,3,1.9237579437217665
intervalos,166,4,3.317633015386963
intervalos,166,5,4.699718161887632
intervalos,166,6,5.510588125906628
intervalos,166,7,5.795778826054699
intervalos,167,2,0.7463334207460348
intervalos,167,3,1.9555266966527722
intervalos,167,4,3.418416762449056
intervalos,167,5,4.82245727317582
intervalos,167,6,5.608320709410521
intervalos,167,7,5.802150895682112
intervalos,168,2,0.7357513900778979
intervalos,168,3,1.9008465872941542
intervalos,168,4,3.3103457139331427
intervalos,168,5,4.709587179558417
intervalos,168,6,5.562287561783835
intervalos,168,7,5.827196262000764
intervalos,169,2,0.7238099241878992
intervalos,169,3,1.8539346149725058
intervalos,169,4,3.2268639047268515
intervalos,169,5,4.577892436344172
intervalos,169,6,5.495637544253343
intervalos,169,7,5.8036331850412175
intervalos,170,2,0.7568880956996007
intervalos,170,3,1.8969116303652054
intervalos,170,4,3.25171644944621
intervalos,170,5,4.622669764737994
intervalos,170,6,5.524086585688896
intervalos,170,7,5.81541472352099
intervalos,171,2,0.7357513900778979
intervalos,171,3,1.9053561482858767
intervalos,171,4,3.2791655882388513
intervalos,171,5,4.6752176907652325
intervalos,171,6,5.565243765985893
intervalos,171,7,5.835050620987278
intervalos,172,2,0.7348698612497535
intervalos,172,3,1.8870353482732314
intervalos,172,4,3.302611111011402
intervalos,172,5,4.634667299902169
intervalos,172,6,5.50199161368406
intervalos,172,7,5.802150895682109
intervalos,173,2,0.7346178998122669
intervalos,173,3,1.9093880648266575
intervalos,173,4,3.331027994918326
intervalos,173,5,4.7459800317534455
intervalos,173,6,5.560095698272588
intervalos,173,7,5.803633185041215
intervalos,174,2,0.7357513900778979
intervalos,174,3,1.8850915870087677
intervalos,174,4,3.280482980804422
intervalos,174,5,4.664776117867717
intervalos,174,6,5.528444332481373
intervalos,174,7,5.798223716188853
intervalos,175,2,0.7356569655547306
intervalos,175,3,1.9267730412444424
intervalos,175,4,3.3232416119820045
intervalos,175,5,4.754402739858412
intervalos,175,6,5.613196676740211
intervalos,175,7,5.831123441494022
intervalos,176,2,0.7567931300584542
intervalos,176,3,1.926632342685589
intervalos,176,4,3.3465217315569764
intervalos,176,5,4.729467209486897
intervalos,176,6,5.539750928752397
intervalos,176,7,5.802150895682111
intervalos,177,2,0.7466648799018465
intervalos,177,3,1.9138656837342531
intervalos,177,4,3.344902552060369
intervalos,177,5,4.724503669062366
intervalos,177,6,5.566008106676708
intervalos,177,7,5.810967855443673
intervalos,178,2,0.7234332484699303
intervalos,178,3,1.8898591701395437
intervalos,178,4,3.314017498566111
intervalos,178,5,4.718500096734998
intervalos,178,6,5.574995700645275
intervalos,178,7,5.831123441494022
intervalos,179,2,0.7102347671699972
intervalos,179,3,1.8678804484796587
intervalos,179,4,3.239154493320134
intervalos,179,5,4.633583019254719
intervalos,179,6,5.5256152670705285
intervalos,179,7,5.787924467068185
intervalos,180,2,0.7662788309916566
intervalos,180,3,1.9411831117105485
intervalos,180,4,3.403962452668781
intervalos,180,5,4.816333865181979
intervalos,180,6,5.579430006948364
intervalos,180,7,5.815414723520989
intervalos,181,2,0.7357513900778979
intervalos,181,3,1.90391648238212
intervalos,181,4,3.2479916594242084
intervalos,181,5,4.625309250723948
intervalos,181,6,5.49204413815168
intervalos,181,7,5.815414723520991
intervalos,182,2,0.7104225640613531
intervalos,182,3,1.8822744880175308
intervalos,182,4,3.2824044478632386
intervalos,182,5,4.634440722818762
intervalos,182,6,5.517018754847959
intervalos,182,7,5.803633185041218
intervalos,183,2,0.745149032574205
intervalos,183,3,1.9241703222907542
intervalos,183,4,3.321717360909253
intervalos,183,5,4.659370783243382
intervalos,183,6,5.507184887881414
intervalos,183,7,5.811487544027731
intervalos,184,2,0.7666121740244782
intervalos,184,3,1.960825409835313
intervalos,184,4,3.3870250991520603
intervalos,184,5,4.792015646857438
intervalos,184,6,5.599528656314953
intervalos,184,7,5.8311234414940225
intervalos,185,2,0.7357199159028953
intervalos,185,3,1.9175838724552396
intervalos,185,4,3.3353280992687244
intervalos,185,5,4.773048360102385
intervalos,185,6,5.546673798000935
intervalos,185,7,5.811487544027735
intervalos,186,2,0.7354366183501505
intervalos,186,3,1.911486872045216
intervalos,186,4,3.332544460046481
intervalos,186,5,4.685232548900392
intervalos,186,6,5.51977941817702
intervalos,186,7,5.8060780751753684
intervalos,187,2,0.7555580211872254
intervalos,187,3,1.9659797531519647
intervalos,187,4,3.3582082927869403
intervalos,187,5,4.721789238725855
intervalos,187,6,5.58802651917093
intervalos,187,7,5.8257139726416565
intervalos,188,2,0.7237628449256375
intervalos,188,3,1.8986566431468148
intervalos,188,4,3.348223060622122
intervalos,188,5,4.7518390508309265
intervalos,188,6,5.5975323336767095
intervalos,188,7,5.8154147235209885
intervalos,189,2,0.7232605736267138
intervalos,189,3,1.8697655947381662
intervalos,189,4,3.1990769722294097
intervalos,189,5,4.561965639205723
intervalos,189,6,5.5039879363223045
intervalos,189,7,5.798223716188855
intervalos,190,2,0.7237628449256375
intervalos,190,3,1.8815509848687562
intervalos,190,4,3.274292480313254
intervalos,190,5,4.692741436654057
intervalos,190,6,5.543471473645272
intervalos,190,7,5.83505062098728
intervalos,191,2,0.7350902924677045
intervalos,191,3,1.9305658861849646
intervalos,191,4,3.3319059569742193
intervalos,191,5,4.758796926290514
intervalos,191,6,5.58186799061321
intervalos,191,7,5.810005254668625
intervalos,192,2,0.7357513900778979
intervalos,192,3,1.9093091745347142
intervalos,192,4,3.3616270263174752
intervalos,192,5,4.719280056949557
intervalos,192,6,5.554897051278684
intervalos,192,7,5.782514998215822
intervalos,193,2,0.7350902924677045
intervalos,193,3,1.879657394637485
intervalos,193,4,3.2944294217724788
intervalos,193,5,4.704131842736893
intervalos,193,6,5.560809459682804
intervalos,193,7,5.813932434161883
intervalos,194,2,0.7356569655547306
intervalos,194,3,1.9520885962632257
intervalos,194,4,3.38159959259295
intervalos,194,5,4.710893322198668
intervalos,194,6,5.552977288151052
intervalos,194,7,5.799706005547957
intervalos,195,2,0.7225539681467144
intervalos,195,3,1.8892956264055119
intervalos,195,4,3.265717507963231
intervalos,195,5,4.603688447067967
intervalos,195,6,5.524604806226111
intervalos,195,7,5.806078075175369
intervalos,196,2,0.6927570046594116
intervalos,196,3,1.845405963160819
intervalos,196,4,3.2695928075065543
intervalos,196,5,4.675273162909316
intervalos,196,6,5.564725545448679
intervalos,196,7,5.8232690825075055
intervalos,197,2,0.7343343921058413
intervalos,197,3,1.8805214449659358
intervalos,197,4,3.269110011645673
intervalos,197,5,4.637261819031264
intervalos,197,6,5.518496856948992
intervalos,197,7,5.802150895682109
intervalos,198,2,0.7103912662168856
intervalos,198,3,1.865296862239528
intervalos,198,4,3.2893890830813195
intervalos,198,5,4.714508305344369
intervalos,198,6,5.570119733315583
intervalos,198,7,5.8311234414940225
intervalos,199,2,0.7348698612497535
intervalos,199,3,1.916951551097084
intervalos,199,4,3.296465725405409
intervalos,199,5,4.649572751760695
intervalos,199,6,5.510342005753027
intervalos,199,7,5.811487544027734
intervalos,200,2,0.7357513900778979
intervalos,200,3,1.9167129209159057
intervalos,200,4,3.364014048032717
intervalos,200,5,4.769279297845827
intervalos,200,6,5.569159851751769
intervalos,200,7,5.8232690825075055
intervalos,201,2,0.7103286685631887
intervalos,201,3,1.8843206057231934
intervalos,201,4,3.2924320602318193
intervalos,201,5,4.722196669107656
intervalos,201,6,5.592138145809805
intervalos,201,7,5.838977800480539
intervalos,202,2,0.745717657054418
intervalos,202,3,1.920763843220043
intervalos,202,4,3.2843196618602017
intervalos,202,5,4.636620942119699
intervalos,202,6,5.498398207582399
intervalos,202,7,5.777105529363454
intervalos,203,2,0.7357513900778979
intervalos,203,3,1.9004322278314238
intervalos,203,4,3.315207808404912
intervalos,203,5,4.639882889849802
intervalos,203,6,5.521130381486837
intervalos,203,7,5.79185164656144
intervalos,204,2,0.7235745130140392
intervalos,204,3,1.846111306222438
intervalos,204,4,3.191607324516586
intervalos,204,5,4.555368639945698
intervalos,204,6,5.485367389056745
intervalos,204,7,5.7942965366955965
intervalos,205,2,0.7356569655547306
intervalos,205,3,1.880710285932974
intervalos,205,4,3.2642879630217223
intervalos,205,5,4.606340782594682
intervalos,205,6,5.477857897189208
intervalos,205,7,5.794296536695595
intervalos,206,2,0.7095459767006717
intervalos,206,3,1.8480675732097396
intervalos,206,4,3.2081067823107836
intervalos,206,5,4.548151845516644
intervalos,206,6,5.469507505120243
intervalos,206,7,5.800668606323003
intervalos,207,2,0.7238099241878992
intervalos,207,3,1.9013063704488116
intervalos,207,4,3.29804017666483
intervalos,207,5,4.728532839751248
intervalos,207,6,5.578911786411149
intervalos,207,7,5.803633185041218
intervalos,208,2,0.7569514027393132
intervalos,208,3,1.9275190160715545
intervalos,208,4,3.3492423821142054
intervalos,208,5,4.771451817303175
intervalos,208,6,5.615192999378454
intervalos,208,7,5.835050620987279
intervalos,209,2,0.7230564775667203
intervalos,209,3,1.8768327951982942
intervalos,209,4,3.2872175442292435
intervalos,209,5,4.70075736339324
intervalos,209,6,5.568641631214554
intervalos,209,7,5.827196262000763
intervalos,210,2,0.7569514027393132
intervalos,210,3,1.9235663954544242
intervalos,210,4,3.3248408646648873
intervalos,210,5,4.719401802263003
intervalos,210,6,5.582827872177025
intervalos,210,7,5.811487544027733
intervalos,211,2,0.7466648799018465
intervalos,211,3,1.9414276393871062
intervalos,211,4,3.33997688457341
intervalos,211,5,4.696883573563053
intervalos,211,6,5.579430006948363
intervalos,211,7,5.823269082507507
intervalos,212,2,0.7463334207460348
intervalos,212,3,1.9288664423328497
intervalos,212,4,3.3368612007786767
intervalos,212,5,4.680438316053195
intervalos,212,6,5.524528246715499
intervalos,212,7,5.8036331850412175
intervalos,213,2,0.7102347671699972
intervalos,213,3,1.8380309591760295
intervalos,213,4,3.225225672506034
intervalos,213,5,4.65436839055206
intervalos,213,6,5.524850926379711
intervalos,213,7,5.791851646561443
intervalos,214,2,0.7568880956996007
intervalos,214,3,1.943430450407741
intervalos,214,4,3.3404695411354544
intervalos,214,5,4.7192575713347065
intervalos,214,6,5.565685427012496
intervalos,214,7,5.810005254668626
intervalos,215,2,0.7666121740244782
intervalos,215,3,1.9401045924019644
intervalos,215,4,3.4005874908356297
intervalos,215,5,4.796248152086723
intervalos,215,6,5.625463154575052
intervalos,215,7,5.831123441494022
intervalos,216,2,0.7357199159028953
intervalos,216,3,1.8890347374638745
intervalos,216,4,3.265080225800601
intervalos,216,5,4.633229983839129
intervalos,216,6,5.516500534310747
intervalos,216,7,5.806078075175369
intervalos,217,2,0.7464754837422931
intervalos,217,3,1.9047168267837957
intervalos,217,4,3.26910883225255
intervalos,217,5,4.623827290125636
intervalos,217,6,5.4848491685195295
intervalos,217,7,5.795778826054702
intervalos,218,2,0.7355625350363237
intervalos,218,3,1.9187127040247616
intervalos,218,4,3.323257194957379
intervalos,218,5,4.689609075021364
intervalos,218,6,5.559849578118986
intervalos,218,7,5.800668606323005
intervalos,219,2,0.7846772949943275
intervalos,219,3,2.0026881963250194
intervalos,219,4,3.435515321155604
intervalos,219,5,4.820969842630611
intervalos,219,6,5.653835636499995
intervalos,219,7,5.833568331628174
intervalos,220,2,0.746585967774875
intervalos,220,3,1.899950155023654
intervalos,220,4,3.2665806800342803
intervalos,220,5,4.658732711775452
intervalos,220,6,5.559331357581773
intervalos,220,7,5.80607807517537
intervalos,221,2,0.7558431379610129
intervalos,221,3,1.92976233020292
intervalos,221,4,3.286957016037604
intervalos,221,5,4.627142895515505
intervalos,221,6,5.517137736210349
intervalos,221,7,5.807560364534475
intervalos,222,2,0.7467280065805464
intervalos,222,3,1.8914601724363032
intervalos,222,4,3.2642978919110592
intervalos,222,5,4.606179750407882
intervalos,222,6,5.507462361061578
intervalos,222,7,5.821786793148401
intervalos,223,2,0.7467122251627522
intervalos,223,3,1.9193381906592268
intervalos,223,4,3.2448749093205205
intervalos,223,5,4.536038357307506
intervalos,223,6,5.475988713342177
intervalos,223,7,5.781032708856717
intervalos,224,2,0.6930067289294951
intervalos,224,3,1.8062835492334945
intervalos,224,4,3.185275158882208
intervalos,224,5,4.609254295642954
intervalos,224,6,5.518692397821989
intervalos,224,7,5.835050620987281
intervalos,225,2,0.7238099241878992
intervalos,225,3,1.8696806589228732
intervalos,225,4,3.187636218519683
intervalos,225,5,4.513742747528518
intervalos,225,6,5.498593748455401
intervalos,225,7,5.80852296530952
intervalos,226,2,0.7665328134705907
intervalos,226,3,1.9679065052764118
intervalos,226,4,3.3980968640700517
intervalos,226,5,4.7551511130431985
intervalos,226,6,5.554897051278685
intervalos,226,7,5.80215089568211
intervalos,227,2,0.7237628449256375
intervalos,227,3,1.8616185476406273
intervalos,227,4,3.219415854305599
intervalos,227,5,4.585406794044734
intervalos,227,6,5.514776312056116
intervalos,227,7,5.802150895682109
intervalos,228,2,0.7234332484699303
intervalos,228,3,1.8902827095018129
intervalos,228,4,3.327205031273947
intervalos,228,5,4.742981718083409
intervalos,228,6,5.609280590974339
intervalos,228,7,5.823269082507504
intervalos,229,2,0.6915858672155835
intervalos,229,3,1.830292206630735
intervalos,229,4,3.2526925150293153
intervalos,229,5,4.6540970566484035
intervalos,229,6,5.544235814336085
intervalos,229,7,5.796741426829744
intervalos,230,2,0.7236843761860374
intervalos,230,3,1.845578668197821
intervalos,230,4,3.1629617698251113
intervalos,230,5,4.567010768857211
intervalos,230,6,5.492485799178284
intervalos,230,7,5.766286591658729
intervalos,231,2,0.7350902924677045
intervalos,231,3,1.9342629380627603
intervalos,231,4,3.32491326950146
intervalos,231,5,4.691219432254232
intervalos,231,6,5.525369146916924
intervalos,231,7,5.807560364534477
intervalos,232,2,0.7352792074959564
intervalos,232,3,1.899961706626141
intervalos,232,4,3.2951128500604794
intervalos,232,5,4.661498013522281
intervalos,232,6,5.515736193619931
intervalos,232,7,5.807560364534473
intervalos,233,2,0.7356569655547306
intervalos,233,3,1.9356394602208766
intervalos,233,4,3.3952486475726977
intervalos,233,5,4.717401240352894
intervalos,233,6,5.539750928752397
intervalos,233,7,5.783477598990866
intervalos,234,2,0.7235745130140392
intervalos,234,3,1.8824543422414965
intervalos,234,4,3.2911945515311425
intervalos,234,5,4.681917612148249
intervalos,234,6,5.578470125384547
intervalos,234,7,5.815414723520989
intervalos,235,2,0.7236843761860374
intervalos,235,3,1.8510970938128204
intervalos,235,4,3.2344300096393748
intervalos,235,5,4.646110807292021
intervalos,235,6,5.545145116619302
intervalos,235,7,5.819341903014248
intervalos,236,2,0.7236843761860374
intervalos,236,3,1.869011478145948
intervalos,236,4,3.211249073340459
intervalos,236,5,4.609997633487416
intervalos,236,6,5.55098096551281
intervalos,236,7,5.815414723520991
intervalos,237,2,0.7568880956996007
intervalos,237,3,1.975935807780778
intervalos,237,4,3.3953923600812432
intervalos,237,5,4.7513767973210586
intervalos,237,6,5.566008106676709
intervalos,237,7,5.807560364534476
intervalos,238,2,0.7103286685631887
intervalos,238,3,1.8716518370399822
intervalos,238,4,3.29961535093228
intervalos,238,5,4.686534417501307
intervalos,238,6,5.525046467252712
intervalos,238,7,5.803633185041215
intervalos,239,2,0.7567931300584542
intervalos,239,3,1.9496534909375476
intervalos,239,4,3.36503164060284
intervalos,239,5,4.772894168706547
intervalos,239,6,5.544626896082087
intervalos,239,7,5.802150895682111
intervalos,240,2,0.7563182103373065
intervalos,240,3,1.932345707370403
intervalos,240,4,3.3836285183557875
intervalos,240,5,4.789566003299814
intervalos,240,6,5.6058827257456745
intervalos,240,7,5.817859613655143
intervalos,241,2,0.7357513900778979
intervalos,241,3,1.920621826260692
intervalos,241,4,3.3595702107326355
intervalos,241,5,4.73133616336764
intervalos,241,6,5.550980965512811
intervalos,241,7,5.83112344149402
intervalos,242,2,0.7356569655547306
intervalos,242,3,1.8916000182026917
intervalos,242,4,3.292970342509678
intervalos,242,5,4.69199511198475
intervalos,242,6,5.529039112529198
intervalos,242,7,5.788887067843231
intervalos,243,2,0.746585967774875
intervalos,243,3,1.9355686369031762
intervalos,243,4,3.348235883913878
intervalos,243,5,4.743100364287029
intervalos,243,6,5.627901138239898
intervalos,243,7,5.831123441494021
intervalos,244,2,0.7464754837422931
intervalos,244,3,1.9351300486467742
intervalos,244,4,3.3130410797318732
intervalos,244,5,4.705418925566549
intervalos,244,6,5.552017406587237
intervalos,244,7,5.810005254668627
intervalos,245,2,0.7459545195205959
intervalos,245,3,1.898920124984182
intervalos,245,4,3.316758501122331
intervalos,245,5,4.735631198013286
intervalos,245,6,5.576473802746304
intervalos,245,7,5.807560364534472
intervalos,246,2,0.7228209473774607
intervalos,246,3,1.8826243925082826
intervalos,246,4,3.289759411115102
intervalos,246,5,4.688849874227763
intervalos,246,6,5.540837949107427
intervalos,246,7,5.811487544027732
intervalos,247,2,0.7569514027393132
intervalos,247,3,1.9625202052738548
intervalos,247,4,3.359854638456241
intervalos,247,5,4.726486346091386
intervalos,247,6,5.568123410677339
intervalos,247,7,5.838977800480536
intervalos,248,2,0.7101095561400632
intervalos,248,3,1.834022677873496
intervalos,248,4,3.233591143356644
intervalos,248,5,4.6298729547699935
intervalos,248,6,5.556179612506713
intervalos,248,7,5.810005254668627
intervalos,249,2,0.7090135120039689
intervalos,249,3,1.8510143311503855
intervalos,249,4,3.22033080162816
intervalos,249,5,4.613411511989402
intervalos,249,6,5.536794724550339
intervalos,249,7,5.817859613655141
intervalos,250,2,0.7348698612497535
intervalos,250,3,1.9362782855127607
intervalos,250,4,3.3511793396461815
intervalos,250,5,4.70039864799414
intervalos,250,6,5.530440655119618
intervalos,250,7,5.791851646561442
intervalos,251,2,0.7340193200553571
intervalos,251,3,1.9241240651359077
intervalos,251,4,3.383342521883222
intervalos,251,5,4.705260880204594
intervalos,251,6,5.486649950284774
intervalos,251,7,5.790369357202336
intervalos,252,2,0.7234332484699303
intervalos,252,3,1.9091369521605195
intervalos,252,4,3.321847263694909
intervalos,252,5,4.68169841465871
intervalos,252,6,5.589700162144961
intervalos,252,7,5.827196262000762
intervalos,253,2,0.7230564775667203
intervalos,253,3,1.8695839016632494
intervalos,253,4,3.2065738877242813
intervalos,253,5,4.556405470614239
intervalos,253,6,5.459237349923646
intervalos,253,7,5.798223716188852
intervalos,254,2,0.7352792074959564
intervalos,254,3,1.881445839796832
intervalos,254,4,3.2883918931085856
intervalos,254,5,4.702765512861957
intervalos,254,6,5.615192999378457
intervalos,254,7,5.829641152134916
intervalos,255,2,0.7357199159028953
intervalos,255,3,1.9063129125455351
intervalos,255,4,3.3603396537899632
intervalos,255,5,4.776811960500693
intervalos,255,6,5.6019666399798
intervalos,255,7,5.831123441494021
intervalos,256,2,0.7466648799018465
intervalos,256,3,1.9587811799686055
intervalos,256,4,3.423323039383807
intervalos,256,5,4.8478090130224665
intervalos,256,6,5.632777105569588
intervalos,256,7,5.8085229653095185
intervalos,257,2,0.7238256169451076
intervalos,257,3,1.8983033107103713
intervalos,257,4,3.27652105103247
intervalos,257,5,4.629066010331295
intervalos,257,6,5.536080963140125
intervalos,257,7,5.815414723520989
intervalos,258,2,0.7658977752069915
intervalos,258,3,1.9708491021846917
intervalos,258,4,3.4180001239307845
intervalos,258,5,4.804705760740733
intervalos,258,6,5.564725545448679
intervalos,258,7,5.791851646561441
intervalos,259,2,0.7354366183501505
intervalos,259,3,1.9359728673513055
intervalos,259,4,3.3275413166366024
intervalos,259,5,4.686365656815523
intervalos,259,6,5.563689104374252
intervalos,259,7,5.8154147235209885
intervalos,260,2,0.7095459767006717
intervalos,260,3,1.8717239476882392
intervalos,260,4,3.2608200802557326
intervalos,260,5,4.639134194343427
intervalos,260,6,5.554455390252081
intervalos,260,7,5.807560364534474
intervalos,261,2,0.7356569655547306
intervalos,261,3,1.8959031035736806
intervalos,261,4,3.3266668618228272
intervalos,261,5,4.749961752463415
intervalos,261,6,5.618149203580517
intervalos,261,7,5.819341903014248
intervalos,262,2,0.7356569655547306
intervalos,262,3,1.9189231108873668
intervalos,262,4,3.320686541035466
intervalos,262,5,4.683953712805869
intervalos,262,6,5.570637953852796
intervalos,262,7,5.807560364534474
intervalos,263,2,0.6931315754726863
intervalos,263,3,1.8073129455857928
intervalos,263,4,3.151883109071389
intervalos,263,5,4.540505896391941
intervalos,263,6,5.504506156859519
intervalos,263,7,5.803633185041215
intervalos,264,2,0.7466648799018465
intervalos,264,3,1.9216847996211368
intervalos,264,4,3.3129372721608608
intervalos,264,5,4.696561480534053
intervalos,264,6,5.540269149289612
intervalos,264,7,5.800668606323003
intervalos,265,2,0.746585967774875
intervalos,265,3,1.8996271528182591
intervalos,265,4,3.2723111961224407
intervalos,265,5,4.661811649779542
intervalos,265,6,5.565243765985893
intervalos,265,7,5.8232690825075055
intervalos,266,2,0.7103286685631887
intervalos,266,3,1.8707470338952283
intervalos,266,4,3.2288918395786625
intervalos,266,5,4.585269298067126
intervalos,266,6,5.524086585688897
intervalos,266,7,5.815414723520991
intervalos,267,2,0.7238256169451076
intervalos,267,3,1.8786400133507477
intervalos,267,4,3.253736918908844
intervalos,267,5,4.626561649485874
intervalos,267,6,5.546427677847334
intervalos,267,7,5.784959888349974
intervalos,268,2,0.7666121740244782
intervalos,268,3,1.932532418367318
intervalos,268,4,3.282170811732994
intervalos,268,5,4.593898380187296
intervalos,268,6,5.4665513009181845
intervalos,268,7,5.757469631897168
intervalos,269,2,0.7234332484699303
intervalos,269,3,1.8836014655657336
intervalos,269,4,3.3048286006988974
intervalos,269,5,4.644241853411273
intervalos,269,6,5.5226084835878675
intervalos,269,7,5.810005254668627
intervalos,270,2,0.7095459767006717
intervalos,270,3,1.8607937891661097
intervalos,270,4,3.2807636000459053
intervalos,270,5,4.722624993406083
intervalos,270,6,5.578911786411151
intervalos,270,7,5.819341903014247
intervalos,271,2,0.7567931300584542
intervalos,271,3,1.9457897122926642
intervalos,271,4,3.3743870046206856
intervalos,271,5,4.756339903139023
intervalos,271,6,5.630339121904743
intervalos,271,7,5.842904979973796
intervalos,272,2,0.7092954287181523
intervalos,272,3,1.8960528109966173
intervalos,272,4,3.32950655343965
intervalos,272,5,4.730184317963505
intervalos,272,6,5.603368182570219
intervalos,272,7,5.842904979973794
intervalos,273,2,0.7666597883069823
intervalos,273,3,1.962702118320081
intervalos,273,4,3.3828355137309205
intervalos,273,5,4.750478835546058
intervalos,273,6,5.6381712934364945
intervalos,273,7,5.85468651845357
intervalos,274,2,0.7467122251627522
intervalos,274,3,1.937930215456517
intervalos,274,4,3.3498101998026235
intervalos,274,5,4.705150578487736
intervalos,274,6,5.537559065241153
intervalos,274,7,5.810005254668627
intervalos,275,2,0.7567931300584542
intervalos,275,3,1.947967913768161
intervalos,275,4,3.286032565411552
intervalos,275,5,4.611056465689723
intervalos,275,6,5.510342005753024
intervalos,275,7,5.81785961365514
intervalos,276,2,0.7352792074959564
intervalos,276,3,1.917570110604554
intervalos,276,4,3.3161317956463874
intervalos,276,5,4.714581550084562
intervalos,276,6,5.574995700645275
intervalos,276,7,5.8350506209872774
intervalos,277,2,0.7656595652968758
intervalos,277,3,1.9419535506502
intervalos,277,4,3.3124849089571553
intervalos,277,5,4.658546847131284
intervalos,277,6,5.5099003447264225
intervalos,277,7,5.8036331850412175
intervalos,278,2,0.7238099241878992
intervalos,278,3,1.8963064095847275
intervalos,278,4,3.3344831974891087
intervalos,278,5,4.7382750767682635
intervalos,278,6,5.58038988851218
intervalos,278,7,5.802150895682111
intervalos,279,2,0.7237628449256375
intervalos,279,3,1.9101760442016253
intervalos,279,4,3.3281112872810383
intervalos,279,5,4.688902681868587
intervalos,279,6,5.5481013208213605
intervalos,279,7,5.825713972641658
intervalos,280,2,0.7230564775667203
intervalos,280,3,1.8666676085237754
intervalos,280,4,3.235656957759236
intervalos,280,5,4.613725260531642
intervalos,280,6,5.574995700645274
intervalos,280,7,5.794296536695594
intervalos,281,2,0.7466648799018465
intervalos,281,3,1.9257539564671777
intervalos,281,4,3.3036186768039766
intervalos,281,5,4.718966743013884
intervalos,281,6,5.5708840740064
intervalos,281,7,5.815414723520991
intervalos,282,2,0.7839109251684016
intervalos,282,3,1.9843205842580574
intervalos,282,4,3.3875531428718055
intervalos,282,5,4.707794134921124
intervalos,282,6,5.521257520278051
intervalos,282,7,5.806078075175366
intervalos,283,2,0.746585967774875
intervalos,283,3,1.9094714257204577
intervalos,283,4,3.216639898668832
intervalos,283,5,4.572502840333813
intervalos,283,6,5.4844075074929295
intervalos,283,7,5.80852296530952
intervalos,284,2,0.7237628449256375
intervalos,284,3,1.8704365792046627
intervalos,284,4,3.298280950122808
intervalos,284,5,4.721669193022769
intervalos,284,6,5.572999378007032
intervalos,284,7,5.8217867931484
intervalos,285,2,0.692897479678368
intervalos,285,3,1.793154183089218
intervalos,285,4,3.146205223578651
intervalos,285,5,4.541920618927996
intervalos,285,6,5.481969523828082
intervalos,285,7,5.784959888349971
intervalos,286,2,0.6930847592367835
intervalos,286,3,1.8204155263133563
intervalos,286,4,3.2309830795584866
intervalos,286,5,4.633019885692636
intervalos,286,6,5.532164877374248
intervalos,286,7,5.794296536695593
intervalos,287,2,0.7464754837422931
intervalos,287,3,1.8990446342074678
intervalos,287,4,3.274231886717605
intervalos,287,5,4.620249363956598
intervalos,287,6,5.510146464880025
intervalos,287,7,5.790369357202337
intervalos,288,2,0.7346178998122669
intervalos,288,3,1.9366622564966545
intervalos,288,4,3.3250879485805918
intervalos,288,5,4.63679719468433
intervalos,288,6,5.476184254215178
intervalos,288,7,5.791851646561441
intervalos,289,2,0.7846772949943275
intervalos,289,3,1.9774465645125763
intervalos,289,4,3.345956595254155
intervalos,289,5,4.668419154326794
intervalos,289,6,5.522090263050653
intervalos,289,7,5.794296536695595
intervalos,290,2,0.745149032574205
intervalos,290,3,1.8689874437304477
intervalos,290,4,3.2814214645379165
intervalos,290,5,4.673667086160484
intervalos,290,6,5.455440245520158
intervalos,290,7,5.7668062802427915
intervalos,291,2,0.746585967774875
intervalos,291,3,1.9154198692464466
intervalos,291,4,3.2964712529864166
intervalos,291,5,4.6491325448862675
intervalos,291,6,5.537831165624765
intervalos,291,7,5.81541472352099
intervalos,292,2,0.7102347671699972
intervalos,292,3,1.887471977999857
intervalos,292,4,3.300442551177526
intervalos,292,5,4.714172397881708
intervalos,292,6,5.576473802746305
intervalos,292,7,5.815414723520989
intervalos,293,2,0.7357513900778979
intervalos,293,3,1.8906371306115957
intervalos,293,4,3.232180686357568
intervalos,293,5,4.541515740764474
intervalos,293,6,5.481773982955081
intervalos,293,7,5.806078075175367
intervalos,294,2,0.7356569655547306
intervalos,294,3,1.9051449926143698
intervalos,294,4,3.2954099274607342
intervalos,294,5,4.690843266580611
intervalos,294,6,5.563247443347651
intervalos,294,7,5.819341903014248
intervalos,295,2,0.7237628449256375
intervalos,295,3,1.909331062217795
intervalos,295,4,3.3550244357009276
intervalos,295,5,4.779923240390844
intervalos,295,6,5.596572452112896
intervalos,295,7,5.823269082507506
intervalos,296,2,0.7459545195205959
intervalos,296,3,1.9599973072616943
intervalos,296,4,3.3339067310938373
intervalos,296,5,4.684161872649992
intervalos,296,6,5.552459067613839
intervalos,296,7,5.835050620987278
intervalos,297,2,0.7352792074959564
intervalos,297,3,1.9132569131965433
intervalos,297,4,3.339772334153219
intervalos,297,5,4.795512193836127
intervalos,297,6,5.6165945419688725
intervalos,297,7,5.83505062098728
intervalos,298,2,0.7095459767006717
intervalos,298,3,1.8407046073848625
intervalos,298,4,3.2086045230773825
intervalos,298,5,4.647302696497667
intervalos,298,6,5.555415271815898
intervalos,298,7,5.798223716188854
intervalos,299,2,0.7355625350363237
intervalos,299,3,1.8803837520165896
intervalos,299,4,3.256609483413335
intervalos,299,5,4.672797289983837
intervalos,299,6,5.571079614879399
intervalos,299,7,5.831123441494021
intervalos,300,2,0.7563182103373065
intervalos,300,3,1.9298430734586982
intervalos,300,4,3.378285794996251
intervalos,300,5,4.746750563858657
intervalos,300,6,5.578520704665149
intervalos,300,7,5.823269082507506
intervalos,301,2,0.7656595652968758
intervalos,301,3,1.9616345329328577
intervalos,301,4,3.3558081647488605
intervalos,301,5,4.686991635670846
intervalos,301,6,5.517214295720961
intervalos,301,7,5.806078075175368
intervalos,302,2,0.7101095561400632
intervalos,302,3,1.873809845639639
intervalos,302,4,3.2898337293380724
intervalos,302,5,4.688782958487088
intervalos,302,6,5.5517453062036255
intervalos,302,7,5.7864421777090795
intervalos,303,2,0.7357513900778979
intervalos,303,3,1.8958423992515705
intervalos,303,4,3.291489226627224
intervalos,303,5,4.672490710998855
intervalos,303,6,5.5451451166193015
intervalos,303,7,5.802150895682108
intervalos,304,2,0.7238099241878992
intervalos,304,3,1.8954676934424335
intervalos,304,4,3.3400813721466753
intervalos,304,5,4.76228073601342
intervalos,304,6,5.631817224005773
intervalos,304,7,5.835050620987279
intervalos,305,2,0.7569830552430103
intervalos,305,3,1.9201851066119644
intervalos,305,4,3.3372366658086383
intervalos,305,5,4.698204501974568
intervalos,305,6,5.529922434582403
intervalos,305,7,5.795778826054697
intervalos,306,2,0.745449167141252
intervalos,306,3,1.92171842979855
intervalos,306,4,3.339670759981058
intervalos,306,5,4.711610430675277
intervalos,306,6,5.5600956982725895
intervalos,306,7,5.794296536695593
intervalos,307,2,0.7569514027393132
intervalos,307,3,1.9530762639513788
intervalos,307,4,3.375578540315401
intervalos,307,5,4.74949542850612
intervalos,307,6,5.596572452112894
intervalos,307,7,5.835050620987279
intervalos,308,2,0.7355625350363237
intervalos,308,3,1.908233971504957
intervalos,308,4,3.322194105418078
intervalos,308,5,4.7017461280950945
intervalos,308,6,5.589181941607746
intervalos,308,7,5.81541472352099
intervalos,309,2,0.7350902924677045
intervalos,309,3,1.9069840581285114
intervalos,309,4,3.309879842743061
intervalos,309,5,4.6703608162166965
intervalos,309,6,5.548542981847962
intervalos,309,7,5.7903693572023345
intervalos,310,2,0.7555580211872254
intervalos,310,3,1.9835945905561216
intervalos,310,4,3.4520696855618733
intervalos,310,5,4.8099856019257805
intervalos,310,6,5.62546315457505
intervalos,310,7,5.838977800480538
intervalos,311,2,0.7467122251627522
intervalos,311,3,1.8911550476334154
intervalos,311,4,3.293631738724864
intervalos,311,5,4.679763187608599
intervalos,311,6,5.537117404214552
intervalos,311,7,5.802150895682112
intervalos,312,2,0.7448172340998729
intervalos,312,3,1.8846808564053321
intervalos,312,4,3.240098060424955
intervalos,312,5,4.647542765693147
intervalos,312,6,5.556893373916929
intervalos,312,7,5.815414723520991
intervalos,313,2,0.7569830552430103
intervalos,313,3,1.9352922062922302
intervalos,313,4,3.310618871123202
intervalos,313,5,4.643341735208652
intervalos,313,6,5.526966230380342
intervalos,313,7,5.8178596136551395
intervalos,314,2,0.7665328134705907
intervalos,314,3,1.9436117309431324
intervalos,314,4,3.344853008105391
intervalos,314,5,4.693161094144134
intervalos,314,6,5.526006348816527
intervalos,314,7,5.8036331850412175
intervalos,315,2,0.7238099241878992
intervalos,315,3,1.8509207705020003
intervalos,315,4,3.256191456795707
intervalos,315,5,4.595906938196157
intervalos,315,6,5.446384249469808
intervalos,315,7,5.774660639229303
intervalos,316,2,0.7237628449256375
intervalos,316,3,1.8923157047725874
intervalos,316,4,3.325418843860505
intervalos,316,5,4.70830811889394
intervalos,316,6,5.547192018538147
intervalos,316,7,5.819341903014249
intervalos,317,2,0.7467122251627522
intervalos,317,3,1.9011637735340399
intervalos,317,4,3.26552853050498
intervalos,317,5,4.61186669965314
intervalos,317,6,5.5559334923531125
intervalos,317,7,5.838977800480537
intervalos,318,2,0.7355625350363237
intervalos,318,3,1.884179246616373
intervalos,318,4,3.242644045907734
intervalos,318,5,4.6085970520794515
intervalos,318,6,5.479259439779626
intervalos,318,7,5.78644217770908
intervalos,319,2,0.7461597697068053
intervalos,319,3,1.9345562065122333
intervalos,319,4,3.3530880206156075
intervalos,319,5,4.68273053023664
intervalos,319,6,5.53224143688486
intervalos,319,7,5.813932434161884
intervalos,320,2,0.7352792074959564
intervalos,320,3,1.9001546234070454
intervalos,320,4,3.2835811937338506
intervalos,320,5,4.6344027009492
intervalos,320,6,5.556893373916927
intervalos,320,7,5.8232690825075055
intervalos,321,2,0.7237628449256375
intervalos,321,3,1.8816117063902265
intervalos,321,4,3.259677393868802
intervalos,321,5,4.656818356431279
intervalos,321,6,5.563765663884862
intervalos,321,7,5.835050620987281
intervalos,322,2,0.7354366183501505
intervalos,322,3,1.8844010791522194
intervalos,322,4,3.2515863200566533
intervalos,322,5,4.60828769630623
intervalos,322,6,5.505466038423335
intervalos,322,7,5.798223716188853
intervalos,323,2,0.7357513900778979
intervalos,323,3,1.8788654438651409
intervalos,323,4,3.2570888740860315
intervalos,323,5,4.649380454865712
intervalos,323,6,5.534874961422705
intervalos,323,7,5.819341903014248
intervalos,324,2,0.7467122251627522
intervalos,324,3,1.904110121307103
intervalos,324,4,3.293658330749911
intervalos,324,5,4.699333539442266
intervalos,324,6,5.5843059742780525
intervalos,324,7,5.810005254668626
intervalos,325,2,0.7103912662168856
intervalos,325,3,1.8261134102943914
intervalos,325,4,3.2118053721911797
intervalos,325,5,4.621295300412899
intervalos,325,6,5.488892393076622
intervalos,325,7,5.770733459736048
intervalos,326,2,0.7461597697068053
intervalos,326,3,1.9201526027224116
intervalos,326,4,3.304041298481221
intervalos,326,5,4.666046609475475
intervalos,326,6,5.532878638784463
intervalos,326,7,5.791851646561442
intervalos,327,2,0.7846772949943275
intervalos,327,3,1.9813526479130612
intervalos,327,4,3.398438537477067
intervalos,327,5,4.75778963413626
intervalos,327,6,5.58334609271424
intervalos,327,7,5.802150895682111
intervalos,328,2,0.7466648799018465
intervalos,328,3,1.9150063188777138
intervalos,328,4,3.364026098959951
intervalos,328,5,4.801204500743303
intervalos,328,6,5.615192999378456
intervalos,328,7,5.815414723520989
intervalos,329,2,0.7650877042967619
intervalos,329,3,1.9360635642563075
intervalos,329,4,3.3350043172583588
intervalos,329,5,4.711729189163877
intervalos,329,6,5.533838520348278
intervalos,329,7,5.794296536695595
intervalos,330,2,0.7099530276069319
intervalos,330,3,1.8436013537869569
intervalos,330,4,3.2425531467575803
intervalos,330,5,4.644453322401829
intervalos,330,6,5.540515269443211
intervalos,330,7,5.827196262000763
intervalos,331,2,0.7842941601654461
intervalos,331,3,1.9741789649174142
intervalos,331,4,3.439445103515782
intervalos,331,5,4.824271077234073
intervalos,331,6,5.610563152202366
intervalos,331,7,5.811487544027732
intervalos,332,2,0.7103912662168856
intervalos,332,3,1.8506078338871719
intervalos,332,4,3.260307940586275
intervalos,332,5,4.66583952680923
intervalos,332,6,5.590218382682174
intervalos,332,7,5.81148754402773
intervalos,333,2,0.692897479678368
intervalos,333,3,1.8257713367040078
intervalos,333,4,3.2146136372523624
intervalos,333,5,4.655470121474034
intervalos,333,6,5.550343763613206
intervalos,333,7,5.791851646561441
intervalos,334,2,0.7348698612497535
intervalos,334,3,1.8976111662637567
intervalos,334,4,3.28669363171317
intervalos,334,5,4.652399527956705
intervalos,334,6,5.5260063488165265
intervalos,334,7,5.823269082507506
intervalos,335,2,0.7235745130140392
intervalos,335,3,1.8815277273476636
intervalos,335,4,3.2805142186274057
intervalos,335,5,4.658549814334417
intervalos,335,6,5.520170499923021
intervalos,335,7,5.817859613655143
intervalos,336,2,0.7566664997157873
intervalos,336,3,1.927445222994051
intervalos,336,4,3.3394253748878895
intervalos,336,5,4.713873220701284
intervalos,336,6,5.52164860202405
intervalos,336,7,5.774660639229308
intervalos,337,2,0.7357513900778979
intervalos,337,3,1.9341446343492514
intervalos,337,4,3.3304559957034345
intervalos,337,5,4.718881942392124
intervalos,337,6,5.580194347639179
intervalos,337,7,5.8139324341618845
intervalos,338,2,0.7569514027393132
intervalos,338,3,1.9271491310280862
intervalos,338,4,3.2824140307507337
intervalos,338,5,4.603168699482065
intervalos,338,6,5.4587191293864326
intervalos,338,7,5.767768881017834
intervalos,339,2,0.7666121740244782
intervalos,339,3,1.9397275276795218
intervalos,339,4,3.387176662709065
intervalos,339,5,4.802723195996694
intervalos,339,6,5.610758693075367
intervalos,339,7,5.823269082507502
intervalos,340,2,0.7569830552430103
intervalos,340,3,1.9053187112038872
intervalos,340,4,3.271446323802067
intervalos,340,5,4.629350836347025
intervalos,340,6,5.529480773555802
intervalos,340,7,5.813932434161883
intervalos,341,2,0.7568880956996007
intervalos,341,3,1.961279318241452
intervalos,341,4,3.3954603788839024
intervalos,341,5,4.785112600970629
intervalos,341,6,5.560291239145589
intervalos,341,7,5.815414723520989
intervalos,342,2,0.7356569655547306
intervalos,342,3,1.9331435613325934
intervalos,342,4,3.3634431275852448
intervalos,342,5,4.753236645414046
intervalos,342,6,5.587508298633715
intervalos,342,7,5.813932434161884
intervalos,343,2,0.7234332484699303
intervalos,343,3,1.8588910608794935
intervalos,343,4,3.214747521392371
intervalos,343,5,4.583238877393009
intervalos,343,6,5.50494781788612
intervalos,343,7,5.79822371618885
intervalos,344,2,0.746585967774875
intervalos,344,3,1.93001005188379
intervalos,344,4,3.3575750289604964
intervalos,344,5,4.7366226272184
intervalos,344,6,5.570365853469183
intervalos,344,7,5.810005254668628
intervalos,345,2,0.7357513900778979
intervalos,345,3,1.8727361574757702
intervalos,345,4,3.2073025819067835
intervalos,345,5,4.544546076070845
intervalos,345,6,5.454089282210345
intervalos,345,7,5.790369357202337
intervalos,346,2,0.7467280065805464
intervalos,346,3,1.97337814150305
intervalos,346,4,3.449426371924142
intervalos,346,5,4.829881682629314
intervalos,346,6,5.642087379202368
intervalos,346,7,5.827196262000763
intervalos,347,2,0.7215641569627158
intervalos,347,3,1.8508341724818638
intervalos,347,4,3.2196762261301415
intervalos,347,5,4.640108822290033
intervalos,347,6,5.500445109501245
intervalos,347,7,5.765323990883685
intervalos,348,2,0.7664217015193592
intervalos,348,3,1.982421372896888
intervalos,348,4,3.401752332006982
intervalos,348,5,4.8401683092746985
intervalos,348,6,5.596054231575682
intervalos,348,7,5.813932434161882
intervalos,349,2,0.6923823402482719
intervalos,349,3,1.8463040976939022
intervalos,349,4,3.2479070666176804
intervalos,349,5,4.665017368437409
intervalos,349,6,5.5714022945436135
intervalos,349,7,5.829641152134914
intervalos,350,2,0.7448172340998729
intervalos,350,3,1.9011216208298776
intervalos,350,4,3.3074599692469575
intervalos,350,5,4.739386341639851
intervalos,350,6,5.584305974278055
intervalos,350,7,5.823269082507507
intervalos,351,2,0.7569514027393132
intervalos,351,3,1.9368347846791492
intervalos,351,4,3.3075018006025374
intervalos,351,5,4.688700934653567
intervalos,351,6,5.57255771698043
intervalos,351,7,5.831123441494023
intervalos,352,2,0.7664217015193592
intervalos,352,3,1.9896639607671862
intervalos,352,4,3.402202851339005
intervalos,352,5,4.717580186076186
intervalos,352,6,5.566203647549707
intervalos,352,7,5.810005254668624
intervalos,353,2,0.745717657054418
intervalos,353,3,1.934221701307162
intervalos,353,4,3.3419996834134
intervalos,353,5,4.712731445977804
intervalos,353,6,5.607802488873307
intervalos,353,7,5.838977800480537
intervalos,354,2,0.7357199159028953
intervalos,354,3,1.917798837198304
intervalos,354,4,3.305846236553526
intervalos,354,5,4.671494889024723
intervalos,354,6,5.579430006948364
intervalos,354,7,5.827196262000763
intervalos,355,2,0.7235745130140392
intervalos,355,3,1.9151224974266436
intervalos,355,4,3.3369219341655194
intervalos,355,5,4.712340388692646
intervalos,355,6,5.576473802746305
intervalos,355,7,5.812450144802777
intervalos,356,2,0.7356569655547306
intervalos,356,3,1.883492027349725
intervalos,356,4,3.2619886362149106
intervalos,356,5,4.70946179840411
intervalos,356,6,5.549061202385177
intervalos,356,7,5.803633185041217
intervalos,357,2,0.6912577845843878
intervalos,357,3,1.8213946747514465
intervalos,357,4,3.242735485325829
intervalos,357,5,4.6325468045739555
intervalos,357,6,5.553741628841869
intervalos,357,7,5.827196262000765
intervalos,358,2,0.7343343921058413
intervalos,358,3,1.892689228853421
intervalos,358,4,3.323921848086797
intervalos,358,5,4.696408792834014
intervalos,358,6,5.547956359228963
intervalos,358,7,5.815414723520989
intervalos,359,2,0.7357199159028953
intervalos,359,3,1.9146204647369633
intervalos,359,4,3.3179941595852234
intervalos,359,5,4.689671926759311
intervalos,359,6,5.587262178480115
intervalos,359,7,5.821786793148398
intervalos,360,2,0.7352792074959564
intervalos,360,3,1.9289074398086872
intervalos,360,4,3.351303487786256
intervalos,360,5,4.75478426319395
intervalos,360,6,5.614674778841242
intervalos,360,7,5.799186316963898
intervalos,361,2,0.7569830552430103
intervalos,361,3,1.9491642044649848
intervalos,361,4,3.3719370701355187
intervalos,361,5,4.753273702390712
intervalos,361,6,5.601966639979801
intervalos,361,7,5.8311234414940225
intervalos,362,2,0.7459545195205959
intervalos,362,3,1.9040215486897605
intervalos,362,4,3.3181282017019624
intervalos,362,5,4.729484659761417
intervalos,362,6,5.562287561783834
intervalos,362,7,5.811487544027732
intervalos,363,2,0.7466648799018465
intervalos,363,3,1.9518048580405822
intervalos,363,4,3.383942210528826
intervalos,363,5,4.815514505809087
intervalos,363,6,5.644525362867215
intervalos,363,7,5.815414723520989
intervalos,364,2,0.7565081965344934
intervalos,364,3,1.9593022489729945
intervalos,364,4,3.359764222093202
intervalos,364,5,4.76514620271672
intervalos,364,6,5.565294345266493
intervalos,364,7,5.811487544027733
intervalos,365,2,0.7757891628155212
intervalos,365,3,2.0163618903444323
intervalos,365,4,3.4823162331990356
intervalos,365,5,4.893427341473452
intervalos,365,6,5.630143581031743
intervalos,365,7,5.827196262000764
intervalos,366,2,0.746585967774875
intervalos,366,3,1.8953448089416118
intervalos,366,4,3.2758738248178525
intervalos,366,5,4.649815514114831
intervalos,366,6,5.536353063523735
intervalos,366,7,5.819341903014249
intervalos,367,2,0.7357199159028953
intervalos,367,3,1.898460809157915
intervalos,367,4,3.344154529794049
intervalos,367,5,4.82487457484739
intervalos,367,6,5.639453854664523
intervalos,367,7,5.831123441494023
intervalos,368,2,0.7235745130140392
intervalos,368,3,1.9016377654685597
intervalos,368,4,3.3282641696652093
intervalos,368,5,4.748229649917102
intervalos,368,6,5.598050554213925
intervalos,368,7,5.81541472352099
intervalos,369,2,0.7459545195205959
intervalos,369,3,1.9295307170470302
intervalos,369,4,3.3363425565089417
intervalos,369,5,4.691069521342431
intervalos,369,6,5.551499186050024
intervalos,369,7,5.807560364534473
intervalos,370,2,0.7238099241878992
intervalos,370,3,1.8631633667703382
intervalos,370,4,3.207554782592343
intervalos,370,5,4.562430053516055
intervalos,370,6,5.478053438062208
intervalos,370,7,5.770733459736048
intervalos,371,2,0.7340193200553571
intervalos,371,3,1.882632370809568
intervalos,371,4,3.2898237127221157
intervalos,371,5,4.752516872434179
intervalos,371,6,5.575513921182488
intervalos,371,7,5.835050620987278
intervalos,372,2,0.7569514027393132
intervalos,372,3,1.9095510081068883
intervalos,372,4,3.308620408875012
intervalos,372,5,4.673181590107614
intervalos,372,6,5.5708840740064
intervalos,372,7,5.8217867931484015
intervalos,373,2,0.745149032574205
intervalos,373,3,1.9345685308080607
intervalos,373,4,3.3690522585502896
intervalos,373,5,4.763836698280082
intervalos,373,6,5.551499186050023
intervalos,373,7,5.8114875440277345
intervalos,374,2,0.7650877042967619
intervalos,374,3,1.9673096368616632
intervalos,374,4,3.416663652603197
intervalos,374,5,4.834531152190019
intervalos,374,6,5.642087379202368
intervalos,374,7,5.819341903014248
intervalos,375,2,0.7103286685631887
intervalos,375,3,1.866066514848947
intervalos,375,4,3.298033350663111
intervalos,375,5,4.7033834695521035
intervalos,375,6,5.544754034873302
intervalos,375,7,5.810005254668627
intervalos,376,2,0.7464754837422931
intervalos,376,3,1.907774395019509
intervalos,376,4,3.3078759696321054
intervalos,376,5,4.684558201378502
intervalos,376,6,5.531918757220646
intervalos,376,7,5.79970600554796
intervalos,377,2,0.7103912662168856
intervalos,377,3,1.845578989885908
intervalos,377,4,3.2365785477299656
intervalos,377,5,4.649954597417819
intervalos,377,6,5.59733679280371
intervalos,377,7,5.81785961365514
intervalos,378,2,0.7463334207460348
intervalos,378,3,1.8918221879485588
intervalos,378,4,3.3227588256114577
intervalos,378,5,4.717170711551741
intervalos,378,6,5.542707132954457
intervalos,378,7,5.8036331850412175
intervalos,379,2,0.7355625350363237
intervalos,379,3,1.8832692286309747
intervalos,379,4,3.2304752100194563
intervalos,379,5,4.566530420429647
intervalos,379,6,5.480491421727055
intervalos,379,7,5.788887067843232
intervalos,380,2,0.7236843761860374
intervalos,380,3,1.8471133542816003
intervalos,380,4,3.233219516381622
intervalos,380,5,4.599830087652219
intervalos,380,6,5.498152087428798
intervalos,380,7,5.799706005547959
intervalos,381,2,0.7237628449256375
intervalos,381,3,1.9048239791588375
intervalos,381,4,3.2908204571241493
intervalos,381,5,4.649020662288737
intervalos,381,6,5.503028054758489
intervalos,381,7,5.794296536695592
intervalos,382,2,0.7099530276069319
intervalos,382,3,1.8544199416986933
intervalos,382,4,3.237816107118851
intervalos,382,5,4.592758601329341
intervalos,382,6,5.466355760045183
intervalos,382,7,5.787924467068186
intervalos,383,2,0.7662788309916566
intervalos,383,3,1.955781546611138
intervalos,383,4,3.4282751516888497
intervalos,383,5,4.804228721459603
intervalos,383,6,5.574995700645276
intervalos,383,7,5.804595785816261
intervalos,384,2,0.7569514027393132
intervalos,384,3,1.9331100705022908
intervalos,384,4,3.3456993493894216
intervalos,384,5,4.73054976831329
intervalos,384,6,5.6083207094105205
intervalos,384,7,5.821786793148399
intervalos,385,2,0.7103286685631887
intervalos,385,3,1.8789562543156362
intervalos,385,4,3.3179264725024753
intervalos,385,5,4.7080450317254146
intervalos,385,6,5.534161200012493
intervalos,385,7,5.827196262000765
intervalos,386,2,0.7665328134705907
intervalos,386,3,1.9951207506769975
intervalos,386,4,3.429096342806928
intervalos,386,5,4.772345066059438
intervalos,386,6,5.587508298633716
intervalos,386,7,5.813932434161883
intervalos,387,2,0.7356569655547306
intervalos,387,3,1.8759253839957704
intervalos,387,4,3.281198614967634
intervalos,387,5,4.705896287169267
intervalos,387,6,5.541670691880029
intervalos,387,7,5.790369357202336
intervalos,388,2,0.7225539681467144
intervalos,388,3,1.8731464527281443
intervalos,388,4,3.2631766131766407
intervalos,388,5,4.656649595745488
intervalos,388,6,5.535834842986522
intervalos,388,7,5.799706005547958
intervalos,389,2,0.7356569655547306
intervalos,389,3,1.8838685244454418
intervalos,389,4,3.330232861633577
intervalos,389,5,4.78948397946629
intervalos,389,6,5.656350179675455
intervalos,389,7,5.831123441494022
intervalos,390,2,0.746585967774875
intervalos,390,3,1.9231509663770863
intervalos,390,4,3.3247794355713944
intervalos,390,5,4.699441148000466
intervalos,390,6,5.623985052474024
intervalos,390,7,5.835050620987278
intervalos,391,2,0.7332944004507213
intervalos,391,3,1.9034643339024973
intervalos,391,4,3.321647643362828
intervalos,391,5,4.766154525843604
intervalos,391,6,5.598492215240527
intervalos,391,7,5.819341903014249
intervalos,392,2,0.745449167141252
intervalos,392,3,1.9347369275962372
intervalos,392,4,3.327278236329431
intervalos,392,5,4.69727891133225
intervalos,392,6,5.532436977757862
intervalos,392,7,5.796741426829744
intervalos,393,2,0.7237628449256375
intervalos,393,3,1.896380944251045
intervalos,393,4,3.3053491145285867
intervalos,393,5,4.681105310047634
intervalos,393,6,5.533201318448675
intervalos,393,7,5.811487544027734
intervalos,394,2,0.7238099241878992
intervalos,394,3,1.8561450657205478
intervalos,394,4,3.230881468091576
intervalos,394,5,4.613838549073349
intervalos,394,6,5.535316622449308
intervalos,394,7,5.823269082507506
intervalos,395,2,0.7463334207460348
intervalos,395,3,1.9311648380384328
intervalos,395,4,3.328826771310113
intervalos,395,5,4.707717903356085
intervalos,395,6,5.563765663884861
intervalos,395,7,5.813932434161881
intervalos,396,2,0.7211711922341585
intervalos,396,3,1.9086440740701591
intervalos,396,4,3.314660655721746
intervalos,396,5,4.718565935297795
intervalos,396,6,5.5141896894371145
intervalos,396,7,5.802150895682111
intervalos,397,2,0.745717657054418
intervalos,397,3,1.90886250747341
intervalos,397,4,3.278082397041428
intervalos,397,5,4.633074392943821
intervalos,397,6,5.530364095609006
intervalos,397,7,5.798223716188851
intervalos,398,2,0.7236843761860374
intervalos,398,3,1.8813685526732224
intervalos,398,4,3.2330918575812113
intervalos,398,5,4.60872919039514
intervalos,398,6,5.526765316710789
intervalos,398,7,5.803633185041218
intervalos,399,2,0.7461597697068053
intervalos,399,3,1.9395555116050134
intervalos,399,4,3.3768303776858573
intervalos,399,5,4.822941369729231
intervalos,399,6,5.643565481303399
intervalos,399,7,5.827196262000766
intervalos,400,2,0.7467122251627522
intervalos,400,3,1.9340950564429649
intervalos,400,4,3.350654277395998
intervalos,400,5,4.707836227238117
intervalos,400,6,5.562805782321047
intervalos,400,7,5.8036331850412175
intervalos,401,2,0.7567931300584542
intervalos,401,3,1.9375329450441612
intervalos,401,4,3.3401921255033837
intervalos,401,5,4.680215048116219
intervalos,401,6,5.5602912391455925
intervalos,401,7,5.815414723520991
intervalos,402,2,0.7234332484699303
intervalos,402,3,1.8961335815582363
intervalos,402,4,3.2685988079004478
intervalos,402,5,4.669370974336964
intervalos,402,6,5.512338328391271
intervalos,402,7,5.831123441494021
intervalos,403,2,0.7357199159028953
intervalos,403,3,1.8900632882820254
intervalos,403,4,3.2653304328997934
intervalos,403,5,4.623098435352561
intervalos,403,6,5.533396859321675
intervalos,403,7,5.803633185041219
intervalos,404,2,0.7662788309916566
intervalos,404,3,1.9338345333127156
intervalos,404,4,3.340879518840297
intervalos,404,5,4.719424932521026
intervalos,404,6,5.579430006948363
intervalos,404,7,5.819341903014246
intervalos,405,2,0.7467122251627522
intervalos,405,3,1.909173120777419
intervalos,405,4,3.2863749119978207
intervalos,405,5,4.648884453525617
intervalos,405,6,5.4802139485468855
intervalos,405,7,5.759914522031319
intervalos,406,2,0.7237628449256375
intervalos,406,3,1.8828269115467238
intervalos,406,4,3.2660246697432465
intervalos,406,5,4.660413732874833
intervalos,406,6,5.509186583316209
intervalos,406,7,5.775623240004353
intervalos,407,2,0.7230564775667203
intervalos,407,3,1.9021055149273365
intervalos,407,4,3.327131471776749
intervalos,407,5,4.762317358383517
intervalos,407,6,5.6029265215436155
intervalos,407,7,5.8232690825075055
intervalos,408,2,0.7236843761860374
intervalos,408,3,1.9075867617655402
intervalos,408,4,3.3482764852099214
intervalos,408,5,4.759214535265109
intervalos,408,6,5.596572452112897
intervalos,408,7,5.8389778004805395
intervalos,409,2,0.7568880956996007
intervalos,409,3,1.9431783679001748
intervalos,409,4,3.3500480483576656
intervalos,409,5,4.7474539701865845
intervalos,409,6,5.585588535506084
intervalos,409,7,5.783477598990866
intervalos,410,2,0.7236843761860374
intervalos,410,3,1.8786178347861968
intervalos,410,4,3.2766784685451684
intervalos,410,5,4.64904519204623
intervalos,410,6,5.524332705842499
intervalos,410,7,5.8036331850412175
intervalos,411,2,0.7357199159028953
intervalos,411,3,1.9112260454889618
intervalos,411,4,3.2840528739247117
intervalos,411,5,4.639196611474808
intervalos,411,6,5.526524569353741
intervalos,411,7,5.819341903014249
intervalos,412,2,0.7225539681467144
intervalos,412,3,1.8723080987888157
intervalos,412,4,3.2720195016411484
intervalos,412,5,4.723588906028857
intervalos,412,6,5.611276913612581
intervalos,412,7,5.820304503789295
intervalos,413,2,0.7567931300584542
intervalos,413,3,1.9416736234234864
intervalos,413,4,3.3403422657818176
intervalos,413,5,4.742874109525212
intervalos,413,6,5.602926521543617
intervalos,413,7,5.819341903014248
intervalos,414,2,0.7237628449256375
intervalos,414,3,1.8695147434664094
intervalos,414,4,3.2532356225399273
intervalos,414,5,4.632263378057694
intervalos,414,6,5.531918757220648
intervalos,414,7,5.810005254668625
intervalos,415,2,0.7566664997157873
intervalos,415,3,1.9478310467859068
intervalos,415,4,3.355371746826857
intervalos,415,5,4.7610891691293595
intervalos,415,6,5.5725577169804295
intervalos,415,7,5.8311234414940225
intervalos,416,2,0.7092954287181523
intervalos,416,3,1.8226948081853984
intervalos,416,4,3.1911640099784737
intervalos,416,5,4.586900573211175
intervalos,416,6,5.545145116619303
intervalos,416,7,5.803633185041216
intervalos,417,2,0.7569830552430103
intervalos,417,3,1.953998553246305
intervalos,417,4,3.3666652966074486
intervalos,417,5,4.62999973542377
intervalos,417,6,5.481255762417868
intervalos,417,7,5.786442177709076
intervalos,418,2,0.7103286685631887
intervalos,418,3,1.8487811136454293
intervalos,418,4,3.2476833617793277
intervalos,418,5,4.66585729940534
intervalos,418,6,5.585588535506084
intervalos,418,7,5.827196262000763
intervalos,419,2,0.7236843761860374
intervalos,419,3,1.929737614514158
intervalos,419,4,3.3431944542582253
intervalos,419,5,4.757645080886373
intervalos,419,6,5.610758693075366
intervalos,419,7,5.846832159467053
intervalos,420,2,0.7744515016239866
intervalos,420,3,1.987333493841256
intervalos,420,4,3.4024078185820263
intervalos,420,5,4.847951866661991
intervalos,420,6,5.620587187245362
intervalos,420,7,5.823269082507507
intervalos,421,2,0.746585967774875
intervalos,421,3,1.9559362939506504
intervalos,421,4,3.4144936861972317
intervalos,421,5,4.7882554678905445
intervalos,421,6,5.602926521543617
intervalos,421,7,5.8154147235209885
intervalos,422,2,0.7356569655547306
intervalos,422,3,1.9087909784108663
intervalos,422,4,3.2921622016889667
intervalos,422,5,4.653224567313099
intervalos,422,6,5.556375153379714
intervalos,422,7,5.810005254668624
intervalos,423,2,0.7357199159028953
intervalos,423,3,1.8714078401509788
intervalos,423,4,3.228791690166108
intervalos,423,5,4.605008732908167
intervalos,423,6,5.487168170821989
intervalos,423,7,5.806078075175368
intervalos,424,2,0.7238099241878992
intervalos,424,3,1.8765683566017355
intervalos,424,4,3.268499273081268
intervalos,424,5,4.603539829815359
intervalos,424,6,5.498593748455399
intervalos,424,7,5.806078075175367
intervalos,425,2,0.7466648799018465
intervalos,425,3,1.894660276555347
intervalos,425,4,3.3029802371460883
intervalos,425,5,4.660427547308492
intervalos,425,6,5.520416620076622
intervalos,425,7,5.79822371618885
intervalos,426,2,0.746585967774875
intervalos,426,3,1.972405526691901
intervalos,426,4,3.450345774374765
intervalos,426,5,4.858836955580364
intervalos,426,6,5.623985052474022
intervalos,426,7,5.823269082507504
intervalos,427,2,0.7357513900778979
intervalos,427,3,1.90918885471971
intervalos,427,4,3.3173194609372816
intervalos,427,5,4.6688677056879815
intervalos,427,6,5.534356740885492
intervalos,427,7,5.807560364534473
intervalos,428,2,0.746585967774875
intervalos,428,3,1.8815869352964343
intervalos,428,4,3.251044929667137
intervalos,428,5,4.551951956000074
intervalos,428,6,5.492681340051283
intervalos,428,7,5.821786793148399
intervalos,429,2,0.7467280065805464
intervalos,429,3,1.9411996640233755
intervalos,429,4,3.3165848634769257
intervalos,429,5,4.689437215225751
intervalos,429,6,5.497633866891584
intervalos,429,7,5.7982237161888515
intervalos,430,2,0.7237628449256375
intervalos,430,3,1.8266626768234717
intervalos,430,4,3.165207156197391
intervalos,430,5,4.545576288446515
intervalos,430,6,5.475861574550965
intervalos,430,7,5.817859613655142
intervalos,431,2,0.7237628449256375
intervalos,431,3,1.919451490327866
intervalos,431,4,3.352215266777538
intervalos,431,5,4.742501902014041
intervalos,431,6,5.5679278698043415
intervalos,431,7,5.807560364534475
intervalos,432,2,0.7664217015193592
intervalos,432,3,1.9168339117609272
intervalos,432,4,3.3317245514463276
intervalos,432,5,4.766652436830671
intervalos,432,6,5.620587187245361
intervalos,432,7,5.8232690825075055
intervalos,433,2,0.7238256169451076
intervalos,433,3,1.9040646457218515
intervalos,433,4,3.293335307044576
intervalos,433,5,4.640721098996682
intervalos,433,6,5.524086585688896
intervalos,433,7,5.8036331850412175
intervalos,434,2,0.7662788309916566
intervalos,434,3,1.924298062659025
intervalos,434,4,3.329806172240944
intervalos,434,5,4.682708097271748
intervalos,434,6,5.539037167342185
intervalos,434,7,5.794296536695595
intervalos,435,2,0.7567931300584542
intervalos,435,3,1.9670354633301526
intervalos,435,4,3.3720269541222176
intervalos,435,5,4.715821070650328
intervalos,435,6,5.5052704975503355
intervalos,435,7,5.787924467068184
intervalos,436,2,0.746585967774875
intervalos,436,3,1.9277813987330408
intervalos,436,4,3.3583322386864514
intervalos,436,5,4.72440252141038
intervalos,436,6,5.592706945627621
intervalos,436,7,5.806078075175367
intervalos,437,2,0.7466648799018465
intervalos,437,3,1.957682276224157
intervalos,437,4,3.394865387931888
intervalos,437,5,4.730447195095418
intervalos,437,6,5.548347440974963
intervalos,437,7,5.802150895682112
intervalos,438,2,0.7350902924677045
intervalos,438,3,1.9320563659226888
intervalos,438,4,3.357766137269096
intervalos,438,5,4.7525932162841995
intervalos,438,6,5.609280590974337
intervalos,438,7,5.8311234414940225
intervalos,439,2,0.782760618223989
intervalos,439,3,2.0080852799093054
intervalos,439,4,3.464036461379259
intervalos,439,5,4.800619530582388
intervalos,439,6,5.595612570549079
intervalos,439,7,5.846832159467053
intervalos,440,2,0.7103286685631887
intervalos,440,3,1.8363889955129802
intervalos,440,4,3.2200956271259593
intervalos,440,5,4.60742559997317
intervalos,440,6,5.539555387879396
intervalos,440,7,5.838977800480537
intervalos,441,2,0.7355625350363237
intervalos,441,3,1.8954007364883048
intervalos,441,4,3.3019931713913233
intervalos,441,5,4.682850260062846
intervalos,441,6,5.498839868609002
intervalos,441,7,5.806078075175369
intervalos,442,2,0.7757891628155212
intervalos,442,3,1.9750182436870103
intervalos,442,4,3.424120513576703
intervalos,442,5,4.755069411531266
intervalos,442,6,5.585784076379085
intervalos,442,7,5.827196262000762
intervalos,443,2,0.7237628449256375
intervalos,443,3,1.8328059220434834
intervalos,443,4,3.2051285426598586
intervalos,443,5,4.606521958214666
intervalos,443,6,5.539232708215183
intervalos,443,7,5.803633185041218
intervalos,444,2,0.7466648799018465
intervalos,444,3,1.9187255731612587
intervalos,444,4,3.2970405357151016
intervalos,444,5,4.6672165497973115
intervalos,444,6,5.527288910044558
intervalos,444,7,5.813932434161883
intervalos,445,2,0.7448172340998729
intervalos,445,3,1.9192118165170344
intervalos,445,4,3.350960120331175
intervalos,445,5,4.74321397515032
intervalos,445,6,5.561327680220017
intervalos,445,7,5.819341903014248
intervalos,446,2,0.7461597697068053
intervalos,446,3,1.9551795979763142
intervalos,446,4,3.3834410557896684
intervalos,446,5,4.7379752549446605
intervalos,446,6,5.592138145809805
intervalos,446,7,5.827196262000763
intervalos,447,2,0.7567931300584542
intervalos,447,3,1.9847921146754617
intervalos,447,4,3.3687710647561198
intervalos,447,5,4.750842586285487
intervalos,447,6,5.59753233367671
intervalos,447,7,5.842904979973794
intervalos,448,2,0.7236843761860374
intervalos,448,3,1.860442942978673
intervalos,448,4,3.244012416698771
intervalos,448,5,4.626208291748694
intervalos,448,6,5.516577093821361
intervalos,448,7,5.7864421777090795
intervalos,449,2,0.7464754837422931
intervalos,449,3,1.9387301987435634
intervalos,449,4,3.3531531430450254
intervalos,449,5,4.704436163169787
intervalos,449,6,5.5637656638848645
intervalos,449,7,5.8311234414940225
intervalos,450,2,0.7569830552430103
intervalos,450,3,1.9613814692719265
intervalos,450,4,3.4091915889162094
intervalos,450,5,4.829932119433068
intervalos,450,6,5.621547068809177
intervalos,450,7,5.810967855443673
intervalos,451,2,0.7355625350363237
intervalos,451,3,1.9243426349319916
intervalos,451,4,3.3207147705229074
intervalos,451,5,4.789339426216407
intervalos,451,6,5.654353857037208
intervalos,451,7,5.835050620987279
intervalos,452,2,0.7355625350363237
intervalos,452,3,1.921005146586532
intervalos,452,4,3.337119357998983
intervalos,452,5,4.757782576863981
intervalos,452,6,5.61127691361258
intervalos,452,7,5.819341903014248
intervalos,453,2,0.7238256169451076
intervalos,453,3,1.8893814732425236
intervalos,453,4,3.3324894585374794
intervalos,453,5,4.749658831529988
intervalos,453,6,5.568641631214554
intervalos,453,7,5.815414723520989
intervalos,454,2,0.7346178998122669
intervalos,454,3,1.8933483707456893
intervalos,454,4,3.351243173740876
intervalos,454,5,4.799227293661182
intervalos,454,6,5.659748044904113
intervalos,454,7,5.838977800480537
intervalos,455,2,0.7836713523866868
intervalos,455,3,1.9497281899920367
intervalos,455,4,3.361244450932731
intervalos,455,5,4.724161461255584
intervalos,455,6,5.591942604936805
intervalos,455,7,5.7982237161888515
intervalos,456,2,0.7235745130140392
intervalos,456,3,1.8767748266428432
intervalos,456,4,3.193065119694598
intervalos,456,5,4.5538748804009686
intervalos,456,6,5.494159442152312
intervalos,456,7,5.77073345973605
intervalos,457,2,0.7352792074959564
intervalos,457,3,1.8849108882420462
intervalos,457,4,3.3033378641570725
intervalos,457,5,4.69374178382101
intervalos,457,6,5.5475831002841485
intervalos,457,7,5.819341903014248
intervalos,458,2,0.7928156267915785
intervalos,458,3,1.9744721140124024
intervalos,458,4,3.3620332521223304
intervalos,458,5,4.761046866775759
intervalos,458,6,5.5988148949047405
intervalos,458,7,5.816377324296036
intervalos,459,2,0.7666597883069823
intervalos,459,3,1.959690271605942
intervalos,459,4,3.3155214190959414
intervalos,459,5,4.659199358054334
intervalos,459,6,5.555933492353112
intervalos,459,7,5.831123441494021
intervalos,460,2,0.7343343921058413
intervalos,460,3,1.8843907147496934
intervalos,460,4,3.2646368781976802
intervalos,460,5,4.670756153985888
intervalos,460,6,5.576473802746306
intervalos,460,7,5.807560364534477
intervalos,461,2,0.7658977752069915
intervalos,461,3,1.9505903315472581
intervalos,461,4,3.312530204966418
intervalos,461,5,4.708711703398268
intervalos,461,6,5.554505969532684
intervalos,461,7,5.802150895682112
intervalos,462,2,0.7234332484699303
intervalos,462,3,1.8587547440344103
intervalos,462,4,3.244588773295473
intervalos,462,5,4.651239015744213
intervalos,462,6,5.532360418247249
intervalos,462,7,5.8075603645344716
intervalos,463,2,0.7565081965344934
intervalos,463,3,1.9430132535522278
intervalos,463,4,3.302243916597346
intervalos,463,5,4.652839734831128
intervalos,463,6,5.516696075183748
intervalos,463,7,5.804595785816263
intervalos,464,2,0.7569830552430103
intervalos,464,3,1.9533205923323345
intervalos,464,4,3.3827431945508044
intervalos,464,5,4.757147169899308
intervalos,464,6,5.584305974278055
intervalos,464,7,5.81785961365514
intervalos,465,2,0.7354366183501505
intervalos,465,3,1.9086028265675898
intervalos,465,4,3.3365854448978403
intervalos,465,5,4.767343315939425
intervalos,465,6,5.607802488873308
intervalos,465,7,5.819341903014246
intervalos,466,2,0.7237628449256375
intervalos,466,3,1.9140129083741984
intervalos,466,4,3.386290797309616
intervalos,466,5,4.807889748640041
intervalos,466,6,5.579871667974965
intervalos,466,7,5.827196262000765
intervalos,467,2,0.7467122251627522
intervalos,467,3,1.907619470061986
intervalos,467,4,3.248753958636075
intervalos,467,5,4.5743804610229075
intervalos,467,6,5.464631537790554
intervalos,467,7,5.762359412165474
intervalos,468,2,0.7236843761860374
intervalos,468,3,1.8909991429995372
intervalos,468,4,3.2508525067306007
intervalos,468,5,4.621704452615751
intervalos,468,6,5.5268472490179565
intervalos,468,7,5.802150895682109
intervalos,469,2,0.7569514027393132
intervalos,469,3,1.942907369325186
intervalos,469,4,3.3518351046421877
intervalos,469,5,4.74946812196039
intervalos,469,6,5.524655385506709
intervalos,469,7,5.794296536695593
intervalos,470,2,0.7658977752069915
intervalos,470,3,1.9880946747694908
intervalos,470,4,3.407329151862878
intervalos,470,5,4.760355553060434
intervalos,470,6,5.56960151277837
intervalos,470,7,5.810005254668625
intervalos,471,2,0.7448172340998729
intervalos,471,3,1.9095385660008923
intervalos,471,4,3.294870360627222
intervalos,471,5,4.663603078436059
intervalos,471,6,5.545586777645904
intervalos,471,7,5.81541472352099
intervalos,472,2,0.7238256169451076
intervalos,472,3,1.908034588264273
intervalos,472,4,3.288680676648836
intervalos,472,5,4.631542205578361
intervalos,472,6,5.485417968337345
intervalos,472,7,5.783997287574927
intervalos,473,2,0.7104225640613531
intervalos,473,3,1.8789794561530702
intervalos,473,4,3.29761688949842
intervalos,473,5,4.714917022940657
intervalos,473,6,5.602408301006402
intervalos,473,7,5.850759338960311
intervalos,474,2,0.7467280065805464
intervalos,474,3,1.9300005126184963
intervalos,474,4,3.3447258325892206
intervalos,474,5,4.6848601313526155
intervalos,474,6,5.517732516258174
intervalos,474,7,5.780070108081669
intervalos,475,2,0.7357513900778979
intervalos,475,3,1.9337116592754366
intervalos,475,4,3.3059417523658428
intervalos,475,5,4.697255781074223
intervalos,475,6,5.609280590974336
intervalos,475,7,5.842904979973795
intervalos,476,2,0.7357199159028953
intervalos,476,3,1.9333158694850376
intervalos,476,4,3.3875471252038594
intervalos,476,5,4.79977028379009
intervalos,476,6,5.612041254303395
intervalos,476,7,5.811487544027732
intervalos,477,2,0.7444537504109021
intervalos,477,3,1.8795714105308898
intervalos,477,4,3.2419426777276206
intervalos,477,5,4.55901916183891
intervalos,477,6,5.456799366258802
intervalos,477,7,5.803633185041212
intervalos,478,2,0.7756936559515487
intervalos,478,3,1.9938945797043066
intervalos,478,4,3.4299115457787055
intervalos,478,5,4.792110407946744
intervalos,478,6,5.630339121904743
intervalos,478,7,5.823269082507506
intervalos,479,2,0.7354366183501505
intervalos,479,3,1.9322641361209631
intervalos,479,4,3.363577498594923
intervalos,479,5,4.72488134652043
intervalos,479,6,5.574995700645274
intervalos,479,7,5.823269082507504
intervalos,480,2,0.7448172340998729
intervalos,480,3,1.9406106428291428
intervalos,480,4,3.392678868850999
intervalos,480,5,4.741064585950999
intervalos,480,6,5.58038988851218
intervalos,480,7,5.81541472352099
intervalos,481,2,0.7236843761860374
intervalos,481,3,1.8481874833742196
intervalos,481,4,3.240959474997436
intervalos,481,5,4.646068827260008
intervalos,481,6,5.546623218720333
intervalos,481,7,5.807560364534474
intervalos,482,2,0.7666121740244782
intervalos,482,3,1.926709287067576
intervalos,482,4,3.3280835110419487
intervalos,482,5,4.697205344270469
intervalos,482,6,5.551499186050023
intervalos,482,7,5.807560364534472
intervalos,483,2,0.7569830552430103
intervalos,483,3,1.9206736220894913
intervalos,483,4,3.3226776190032483
intervalos,483,5,4.720534475571563
intervalos,483,6,5.584874774095872
intervalos,483,7,5.823269082507505
intervalos,484,2,0.7566664997157873
intervalos,484,3,1.960199613931851
intervalos,484,4,3.366553883819257
intervalos,484,5,4.747609561081887
intervalos,484,6,5.599774776468558
intervalos,484,7,5.838977800480537
intervalos,485,2,0.7101095561400632
intervalos,485,3,1.8391898040394081
intervalos,485,4,3.2049911318414064
intervalos,485,5,4.564966021012954
intervalos,485,6,5.49371778112571
intervalos,485,7,5.798223716188854
intervalos,486,2,0.7238099241878992
intervalos,486,3,1.8759305724063602
intervalos,486,4,3.29574962476855
intervalos,486,5,4.719796817710607
intervalos,486,6,5.588740280581144
intervalos,486,7,5.819341903014248
intervalos,487,2,0.7238256169451076
intervalos,487,3,1.8946227884895261
intervalos,487,4,3.3018828911514495
intervalos,487,5,4.686837338434735
intervalos,487,6,5.543667014518272
intervalos,487,7,5.802150895682109
intervalos,488,2,0.7463334207460348
intervalos,488,3,1.9056725104033991
intervalos,488,4,3.320628337041991
intervalos,488,5,4.733816316777157
intervalos,488,6,5.56960151277837
intervalos,488,7,5.802150895682111
intervalos,489,2,0.7238099241878992
intervalos,489,3,1.8494270200658742
intervalos,489,4,3.1890157172647347
intervalos,489,5,4.588186875118121
intervalos,489,6,5.52460480622611
intervalos,489,7,5.80215089568211
intervalos,490,2,0.7566664997157873
intervalos,490,3,1.946280627872893
intervalos,490,4,3.3557738962130785
intervalos,490,5,4.680034843833847
intervalos,490,6,5.50623037911415
intervalos,490,7,5.78251499821582
intervalos,491,2,0.7752160285421434
intervalos,491,3,1.9629436138878904
intervalos,491,4,3.341075257556073
intervalos,491,5,4.677820554381091
intervalos,491,6,5.499876309683429
intervalos,491,7,5.806078075175369
intervalos,492,2,0.7357199159028953
intervalos,492,3,1.8955906758413197
intervalos,492,4,3.2639367363018357
intervalos,492,5,4.587919933983479
intervalos,492,6,5.540710810316212
intervalos,492,7,5.835050620987279
intervalos,493,2,0.774738245850313
intervalos,493,3,1.977700189964811
intervalos,493,4,3.4139342094742116
intervalos,493,5,4.7564751405645405
intervalos,493,6,5.599774776468555
intervalos,493,7,5.804595785816262
intervalos,494,2,0.7356569655547306
intervalos,494,3,1.879673448584665
intervalos,494,4,3.264194306358027
intervalos,494,5,4.666469576111988
intervalos,494,6,5.545145116619302
intervalos,494,7,5.795778826054698
intervalos,495,2,0.7463334207460348
intervalos,495,3,1.9082994235488484
intervalos,495,4,3.2857220098607964
intervalos,495,5,4.598454007346343
intervalos,495,6,5.482784443799501
intervalos,495,7,5.813932434161883
intervalos,496,2,0.7569830552430103
intervalos,496,3,1.9392385561788668
intervalos,496,4,3.3509113316883967
intervalos,496,5,4.759572928342618
intervalos,496,6,5.54359045500766
intervalos,496,7,5.784959888349973
intervalos,497,2,0.7846294086154427
intervalos,497,3,1.9941263482433986
intervalos,497,4,3.414861030239905
intervalos,497,5,4.784186688006722
intervalos,497,6,5.5774336843101215
intervalos,497,7,5.823269082507506
intervalos,498,2,0.7566664997157873
intervalos,498,3,1.9449041150310822
intervalos,498,4,3.375180731402396
intervalos,498,5,4.751364704708453
intervalos,498,6,5.58970016214496
intervalos,498,7,5.803633185041216
intervalos,499,2,0.7461597697068053
intervalos,499,3,1.8710364616959563
intervalos,499,4,3.2153934904013397
intervalos,499,5,4.59086781084976
intervalos,499,6,5.483693746082714
intervalos,499,7,5.765127896070532
intervalos,500,2,0.7466648799018465
intervalos,500,3,1.917159798898526
intervalos,500,4,3.305330981503173
intervalos,500,5,4.655703133397236
intervalos,500,6,5.507904022088182
intervalos,500,7,5.795778826054698
intervalos,501,2,0.7440585581377381
intervalos,501,3,1.9220257986792677
intervalos,501,4,3.3527033758978906
intervalos,501,5,4.713033932304661
intervalos,501,6,5.554259849379081
intervalos,501,7,5.835050620987279
intervalos,502,2,0.7103912662168856
intervalos,502,3,1.8569471568151854
intervalos,502,4,3.2416177239895188
intervalos,502,5,4.566113456098226
intervalos,502,6,5.456476686594589
intervalos,502,7,5.791851646561443
intervalos,503,2,0.7235745130140392
intervalos,503,3,1.8847965738705057
intervalos,503,4,3.25891702774482
intervalos,503,5,4.612586794954598
intervalos,503,6,5.490812156204251
intervalos,503,7,5.774660639229304
intervalos,504,2,0.7357513900778979
intervalos,504,3,1.9250163287336024
intervalos,504,4,3.3408235246314475
intervalos,504,5,4.694453856957295
intervalos,504,6,5.539750928752395
intervalos,504,7,5.83112344149402
intervalos,505,2,0.7757891628155212
intervalos,505,3,2.008118426656587
intervalos,505,4,3.449910954204852
intervalos,505,5,4.826852104251103
intervalos,505,6,5.639649395537524
intervalos,505,7,5.835050620987278
intervalos,506,2,0.7563182103373065
intervalos,506,3,1.9372168051888292
intervalos,506,4,3.3775654691478745
intervalos,506,5,4.768232284211649
intervalos,506,6,5.610758693075366
intervalos,506,7,5.831123441494021
intervalos,507,2,0.7092954287181523
intervalos,507,3,1.8441471963001221
intervalos,507,4,3.273986326669135
intervalos,507,5,4.69130959053791
intervalos,507,6,5.60048853787877
intervalos,507,7,5.838977800480538
intervalos,508,2,0.7545121216755286
intervalos,508,3,1.9642498205013579
intervalos,508,4,3.37983655499376
intervalos,508,5,4.7675521204267275
intervalos,508,6,5.566449767703311
intervalos,508,7,5.811487544027731
intervalos,509,2,0.709765171731974
intervalos,509,3,1.8273247757730986
intervalos,509,4,3.188318210219495
intervalos,509,5,4.558248629733699
intervalos,509,6,5.4711811480942725
intervalos,509,7,5.766806280242788
intervalos,510,2,0.7238256169451076
intervalos,510,3,1.8869557549923233
intervalos,510,4,3.3097662957749057
intervalos,510,5,4.738279253055965
intervalos,510,6,5.58038988851218
intervalos,510,7,5.819341903014247
intervalos,511,2,0.7356569655547306
intervalos,511,3,1.9160473441009076
intervalos,511,4,3.3100116935639448
intervalos,511,5,4.693401163339611
intervalos,511,6,5.536794724550339
intervalos,511,7,5.80215089568211
intervalos,512,2,0.7666597883069823
intervalos,512,3,1.9476116574843436
intervalos,512,4,3.3223424003539277
intervalos,512,5,4.686901267350563
intervalos,512,6,5.577510243820734
intervalos,512,7,5.819341903014247
intervalos,513,2,0.7102347671699972
intervalos,513,3,1.9071407729209855
intervalos,513,4,3.3492015590636943
intervalos,513,5,4.699445428484506
intervalos,513,6,5.494728241970125
intervalos,513,7,5.771696060511093
intervalos,514,2,0.7101095561400632
intervalos,514,3,1.8770166414084293
intervalos,514,4,3.2497756066912387
intervalos,514,5,4.611155593481627
intervalos,514,6,5.479454980652627
intervalos,514,7,5.798223716188854
intervalos,515,2,0.7467122251627522
intervalos,515,3,1.9482495254212193
intervalos,515,4,3.3793947054719364
intervalos,515,5,4.723897184624201
intervalos,515,6,5.507190260677969
intervalos,515,7,5.784959888349972
intervalos,516,2,0.7101095561400632
intervalos,516,3,1.8572180319682328
intervalos,516,4,3.2715646923050814
intervalos,516,5,4.666508862985343
intervalos,516,6,5.514258091518901
intervalos,516,7,5.7957788260547
intervalos,517,2,0.7563182103373065
intervalos,517,3,1.966434322501358
intervalos,517,4,3.374236919636945
intervalos,517,5,4.704171564216818
intervalos,517,6,5.543148793981058
intervalos,517,7,5.803633185041215
intervalos,518,2,0.7569830552430103
intervalos,518,3,1.9229228225103125
intervalos,518,4,3.3293983589918685
intervalos,518,5,4.722871797552249
intervalos,518,6,5.548101320821361
intervalos,518,7,5.813932434161884
intervalos,519,2,0.7758528306122003
intervalos,519,3,1.9708851672514813
intervalos,519,4,3.3609340128973457
intervalos,519,5,4.6916803985496145
intervalos,519,6,5.525564687789927
intervalos,519,7,5.799706005547959
intervalos,520,2,0.7357199159028953
intervalos,520,3,1.9096752651328874
intervalos,520,4,3.3177623405062864
intervalos,520,5,4.710735276836712
intervalos,520,6,5.571402294543614
intervalos,520,7,5.807560364534475
intervalos,521,2,0.70757177237017
intervalos,521,3,1.8180510661269202
intervalos,521,4,3.1615840475001304
intervalos,521,5,4.525884807287178
intervalos,521,6,5.478299558215809
intervalos,521,7,5.787924467068186
intervalos,522,2,0.6927570046594116
intervalos,522,3,1.9059603238453113
intervalos,522,4,3.394933781706095
intervalos,522,5,4.859416245757777
intervalos,522,6,5.612805594994214
intervalos,522,7,5.806078075175367
intervalos,523,2,0.7352792074959564
intervalos,523,3,1.939754896868976
intervalos,523,4,3.3499438214007995
intervalos,523,5,4.706191828508828
intervalos,523,6,5.546104998183116
intervalos,523,7,5.800668606323002
intervalos,524,2,0.7569514027393132
intervalos,524,3,1.9540824132513392
intervalos,524,4,3.3768978862413253
intervalos,524,5,4.718136233710594
intervalos,524,6,5.53416120001249
intervalos,524,7,5.807560364534474
intervalos,525,2,0.7661041926524055
intervalos,525,3,1.9322888636447526
intervalos,525,4,3.3164995096717647
intervalos,525,5,4.656267637803387
intervalos,525,6,5.515540652746931
intervalos,525,7,5.787924467068184
intervalos,526,2,0.7566664997157873
intervalos,526,3,1.9237102951990495
intervalos,526,4,3.3213023389269445
intervalos,526,5,4.747535994020106
intervalos,526,6,5.622506950372993
intervalos,526,7,5.838977800480538
intervalos,527,2,0.7354366183501505
intervalos,527,3,1.929877339259338
intervalos,527,4,3.3613858735287874
intervalos,527,5,4.739417606348034
intervalos,527,6,5.593616247910835
intervalos,527,7,5.8114875440277345
intervalos,528,2,0.7467280065805464
intervalos,528,3,1.9112011443170238
intervalos,528,4,3.3232817287016188
intervalos,528,5,4.772558905887062
intervalos,528,6,5.5891819416077455
intervalos,528,7,5.819341903014246
intervalos,529,2,0.7234332484699303
intervalos,529,3,1.8826692772855007
intervalos,529,4,3.2996168516536444
intervalos,529,5,4.729685007476971
intervalos,529,6,5.608320709410521
intervalos,529,7,5.827196262000762
intervalos,530,2,0.7099530276069319
intervalos,530,3,1.8858917193801243
intervalos,530,4,3.276174678966388
intervalos,530,5,4.659275701904354
intervalos,530,6,5.543148793981059
intervalos,530,7,5.8114875440277345
intervalos,531,2,0.7354366183501505
intervalos,531,3,1.906260560736576
intervalos,531,4,3.320869593623945
intervalos,531,5,4.712645245856576
intervalos,531,6,5.5451451166193
intervalos,531,7,5.787924467068184
intervalos,532,2,0.7238099241878992
intervalos,532,3,1.827768370295471
intervalos,532,4,3.2008245764524976
intervalos,532,5,4.618384045916716
intervalos,532,6,5.48613172974756
intervalos,532,7,5.787924467068185
intervalos,533,2,0.6930067289294951
intervalos,533,3,1.8316821879986716
intervalos,533,4,3.2917522335976317
intervalos,533,5,4.746892452605277
intervalos,533,6,5.585265855841871
intervalos,533,7,5.827196262000763
intervalos,534,2,0.7357199159028953
intervalos,534,3,1.8816473137047822
intervalos,534,4,3.2653066195554343
intervalos,534,5,4.681875632116236
intervalos,534,6,5.535316622449308
intervalos,534,7,5.790369357202337
intervalos,535,2,0.7664217015193592
intervalos,535,3,1.942975718230791
intervalos,535,4,3.3264824840873697
intervalos,535,5,4.62705852950031
intervalos,535,6,5.4920441381516785
intervalos,535,7,5.790369357202337
intervalos,536,2,0.7237628449256375
intervalos,536,3,1.887395812406864
intervalos,536,4,3.2613821964831042
intervalos,536,5,4.6324570808968435
intervalos,536,6,5.5373129450875505
intervalos,536,7,5.792814247336487
intervalos,537,2,0.7238099241878992
intervalos,537,3,1.9083949922234351
intervalos,537,4,3.339768468307596
intervalos,537,5,4.741086857156398
intervalos,537,6,5.612236795176395
intervalos,537,7,5.815414723520991
intervalos,538,2,0.7666597883069823
intervalos,538,3,1.979162872319025
intervalos,538,4,3.3996111094514587
intervalos,538,5,4.783153166484615
intervalos,538,6,5.588986400734746
intervalos,538,7,5.802150895682111
intervalos,539,2,0.7464754837422931
intervalos,539,3,1.9565005175959422
intervalos,539,4,3.4069871204103324
intervalos,539,5,4.7499724677872495
intervalos,539,6,5.564725545448678
intervalos,539,7,5.815414723520991
intervalos,540,2,0.7215641569627158
intervalos,540,3,1.8406457878327844
intervalos,540,4,3.218777634235004
intervalos,540,5,4.617983560522212
intervalos,540,6,5.552977288151051
intervalos,540,7,5.802150895682109
intervalos,541,2,0.6925852950945386
intervalos,541,3,1.8186565961430436
intervalos,541,4,3.158556561937223
intervalos,541,5,4.5066473760913235
intervalos,541,6,5.441899363886118
intervalos,541,7,5.76925117037694
intervalos,542,2,0.746585967774875
intervalos,542,3,1.9063220669474257
intervalos,542,4,3.304788533314775
intervalos,542,5,4.646916996874431
intervalos,542,6,5.5081501422417825
intervalos,542,7,5.78888706784323
intervalos,543,2,0.7238099241878992
intervalos,543,3,1.888220652909502
intervalos,543,4,3.284796397375153
intervalos,543,5,4.658335974506789
intervalos,543,6,5.518174177284776
intervalos,543,7,5.795778826054701
intervalos,544,2,0.7357513900778979
intervalos,544,3,1.8898565866860952
intervalos,544,4,3.253869237769459
intervalos,544,5,4.582145168636215
intervalos,544,6,5.5165005343107465
intervalos,544,7,5.794296536695595
intervalos,545,2,0.7661041926524055
intervalos,545,3,1.9946271979275492
intervalos,545,4,3.4405078166286565
intervalos,545,5,4.810873170698538
intervalos,545,6,5.58038988851218
intervalos,545,7,5.821786793148399
intervalos,546,2,0.7357199159028953
intervalos,546,3,1.8927670068346818
intervalos,546,4,3.304371822506688
intervalos,546,5,4.709727774645852
intervalos,546,6,5.509755383134027
intervalos,546,7,5.774660639229304
intervalos,547,2,0.7565081965344934
intervalos,547,3,1.9496065568509242
intervalos,547,4,3.3845179775966683
intervalos,547,5,4.771293449619634
intervalos,547,6,5.613196676740211
intervalos,547,7,5.8232690825075055
intervalos,548,2,0.7348698612497535
intervalos,548,3,1.9250261144158898
intervalos,548,4,3.3255365076920382
intervalos,548,5,4.714532512780272
intervalos,548,6,5.5904645028357765
intervalos,548,7,5.827196262000764
intervalos,549,2,0.6925852950945386
intervalos,549,3,1.835529839203005
intervalos,549,4,3.257286495923873
intervalos,549,5,4.704617338789764
intervalos,549,6,5.554455390252083
intervalos,549,7,5.802150895682111
intervalos,550,2,0.7103912662168856
intervalos,550,3,1.8884737818931356
intervalos,550,4,3.264798765600274
intervalos,550,5,4.645965176864258
intervalos,550,6,5.556375153379714
intervalos,550,7,5.7957788260547
intervalos,551,2,0.7235745130140392
intervalos,551,3,1.8747862113645763
intervalos,551,4,3.2662400139025647
intervalos,551,5,4.646930488986499
intervalos,551,6,5.546104998183119
intervalos,551,7,5.807560364534474
intervalos,552,2,0.7348698612497535
intervalos,552,3,1.8980883997038676
intervalos,552,4,3.250999501701134
intervalos,552,5,4.61793955855825
intervalos,552,6,5.575513921182489
intervalos,552,7,5.827196262000765
intervalos,553,2,0.7354366183501505
intervalos,553,3,1.900990968610385
intervalos,553,4,3.3387092990118132
intervalos,553,5,4.744302968816509
intervalos,553,6,5.568641631214554
intervalos,553,7,5.817859613655141
intervalos,554,2,0.7565081965344934
intervalos,554,3,1.9693951965832956
intervalos,554,4,3.418725236226818
intervalos,554,5,4.821523225761761
intervalos,554,6,5.634773428207833
intervalos,554,7,5.827196262000766
intervalos,555,2,0.7104225640613531
intervalos,555,3,1.8303194042869886
intervalos,555,4,3.1752940447707907
intervalos,555,5,4.514881423142172
intervalos,555,6,5.470985607221273
intervalos,555,7,5.813932434161882
intervalos,556,2,0.7459545195205959
intervalos,556,3,1.9115115421178337
intervalos,556,4,3.3369632184733913
intervalos,556,5,4.7488149423996076
intervalos,556,6,5.622311409499991
intervalos,556,7,5.838977800480538
intervalos,557,2,0.6930067289294951
intervalos,557,3,1.79568343008157
intervalos,557,4,3.115949148593692
intervalos,557,5,4.434281006869762
intervalos,557,6,5.430864867998703
intervalos,557,7,5.790369357202338
intervalos,558,2,0.7056263496082983
intervalos,558,3,1.827449864211074
intervalos,558,4,3.215780838363942
intervalos,558,5,4.590127137508559
intervalos,558,6,5.490566036050647
intervalos,558,7,5.807560364534475
intervalos,559,2,0.7752160285421434
intervalos,559,3,1.937826561862439
intervalos,559,4,3.3291253956411495
intervalos,559,5,4.744872943169558
intervalos,559,6,5.593098027373625
intervalos,559,7,5.81934190301425
intervalos,560,2,0.7467122251627522
intervalos,560,3,1.930574264654112
intervalos,560,4,3.2813761575701843
intervalos,560,5,4.574501884014767
intervalos,560,6,5.483693746082714
intervalos,560,7,5.7982237161888515
intervalos,561,2,0.7238099241878992
intervalos,561,3,1.9346180478602566
intervalos,561,4,3.3606805677488953
intervalos,561,5,4.750969366939262
intervalos,561,6,5.568641631214554
intervalos,561,7,5.811487544027734
intervalos,562,2,0.7237628449256375
intervalos,562,3,1.8939261156566092
intervalos,562,4,3.30638940723269
intervalos,562,5,4.72318543380951
intervalos,562,6,5.576473802746303
intervalos,562,7,5.831123441494021
intervalos,563,2,0.7103912662168856
intervalos,563,3,1.8815155146210882
intervalos,563,4,3.2444816228338578
intervalos,563,5,4.630714907669874
intervalos,563,6,5.532683097911461
intervalos,563,7,5.823269082507506
intervalos,564,2,0.7104225640613531
intervalos,564,3,1.8419572168414091
intervalos,564,4,3.2179238201881586
intervalos,564,5,4.614846163549189
intervalos,564,6,5.480049760700452
intervalos,564,7,5.788887067843232
intervalos,565,2,0.7569514027393132
intervalos,565,3,1.9633109204319954
intervalos,565,4,3.3382329607104073
intervalos,565,5,4.683549918264933
intervalos,565,6,5.5272889100445575
intervalos,565,7,5.823269082507507
intervalos,566,2,0.7569514027393132
intervalos,566,3,1.9568138832516908
intervalos,566,4,3.3915531279659445
intervalos,566,5,4.740909317377283
intervalos,566,6,5.571079614879398
intervalos,566,7,5.791851646561441
intervalos,567,2,0.7355625350363237
intervalos,567,3,1.897231541133637
intervalos,567,4,3.310917386231698
intervalos,567,5,4.691183887062012
intervalos,567,6,5.5666453085763115
intervalos,567,7,5.819341903014247
intervalos,568,2,0.7444537504109021
intervalos,568,3,1.9330166167054226
intervalos,568,4,3.4050407089115273
intervalos,568,5,4.816692580581076
intervalos,568,6,5.609798811511551
intervalos,568,7,5.829641152134918
intervalos,569,2,0.745449167141252
intervalos,569,3,1.9282813828469756
intervalos,569,4,3.3268080205275705
intervalos,569,5,4.680079922975684
intervalos,569,6,5.545713916437119
intervalos,569,7,5.799706005547957
intervalos,570,2,0.7756936559515487
intervalos,570,3,1.9455949394075378
intervalos,570,4,3.3325409078095953
intervalos,570,5,4.638100350499735
intervalos,570,6,5.498916428119614
intervalos,570,7,5.810005254668626
intervalos,571,2,0.7466648799018465
intervalos,571,3,1.937789817210626
intervalos,571,4,3.3208500364782347
intervalos,571,5,4.732844353333808
intervalos,571,6,5.565685427012496
intervalos,571,7,5.823269082507504
intervalos,572,2,0.7238256169451076
intervalos,572,3,1.8982863835912485
intervalos,572,4,3.3166442161939376
intervalos,572,5,4.686579818964735
intervalos,572,6,5.567681749650738
intervalos,572,7,5.810005254668626
intervalos,573,2,0.7466648799018465
intervalos,573,3,1.9429092156678132
intervalos,573,4,3.3891589285845116
intervalos,573,5,4.7917066134058075
intervalos,573,6,5.618590864607117
intervalos,573,7,5.831123441494021
intervalos,574,2,0.6930067289294951
intervalos,574,3,1.8122538964179014
intervalos,574,4,3.179695401667612
intervalos,574,5,4.567550449839681
intervalos,574,6,5.5093821241892105
intervalos,574,7,5.7997060055479555
intervalos,575,2,0.7101095561400632
intervalos,575,3,1.8163638392951436
intervalos,575,4,3.174017025631208
intervalos,575,5,4.5291656047912685
intervalos,575,6,5.455440245520161
intervalos,575,7,5.769251170376942
intervalos,576,2,0.7467122251627522
intervalos,576,3,1.9350438468272926
intervalos,576,4,3.3455550636877516
intervalos,576,5,4.6992969170721715
intervalos,576,6,5.526082908327139
intervalos,576,7,5.794296536695591
intervalos,577,2,0.7467122251627522
intervalos,577,3,1.920924236099106
intervalos,577,4,3.3562217814557798
intervalos,577,5,4.736532581219701
intervalos,577,6,5.568446090341554
intervalos,577,7,5.825713972641657
intervalos,578,2,0.7357513900778979
intervalos,578,3,1.8964423492027633
intervalos,578,4,3.2597498071656315
intervalos,578,5,4.629577091108843
intervalos,578,6,5.483252085056113
intervalos,578,7,5.80852296530952
intervalos,579,2,0.7104225640613531
intervalos,579,3,1.8466406472017098
intervalos,579,4,3.2218640761977406
intervalos,579,5,4.625069293813449
intervalos,579,6,5.526329028480741
intervalos,579,7,5.775623240004351
intervalos,580,2,0.7569830552430103
intervalos,580,3,1.9582866073432497
intervalos,580,4,3.407556312736179
intervalos,580,5,4.733118380396126
intervalos,580,6,5.540515269443209
intervalos,580,7,5.815414723520991
intervalos,581,2,0.7466648799018465
intervalos,581,3,1.9276305989550522
intervalos,581,4,3.33275671616519
intervalos,581,5,4.696439086204591
intervalos,581,6,5.562092020910834
intervalos,581,7,5.819341903014247
intervalos,582,2,0.7235745130140392
intervalos,582,3,1.8677461127469954
intervalos,582,4,3.2443101952577864
intervalos,582,5,4.579423658816734
intervalos,582,6,5.472141029658089
intervalos,582,7,5.788887067843232
intervalos,583,2,0.7845495945086786
intervalos,583,3,1.9951675463185272
intervalos,583,4,3.3935595749512437
intervalos,583,5,4.753367818836839
intervalos,583,6,5.565685427012497
intervalos,583,7,5.811487544027734
intervalos,584,2,0.7237628449256375
intervalos,584,3,1.8711597758241012
intervalos,584,4,3.2406299899907065
intervalos,584,5,4.633174189373455
intervalos,584,6,5.525046467252714
intervalos,584,7,5.807560364534473
intervalos,585,2,0.746585967774875
intervalos,585,3,1.9097932020466257
intervalos,585,4,3.328705656435284
intervalos,585,5,4.776495225133607
intervalos,585,6,5.623985052474023
intervalos,585,7,5.835050620987278
intervalos,586,2,0.7103286685631887
intervalos,586,3,1.83483634433754
intervalos,586,4,3.235536115127948
intervalos,586,5,4.67438451695868
intervalos,586,6,5.5897001621449585
intervalos,586,7,5.858613697946827
intervalos,587,2,0.7103912662168856
intervalos,587,3,1.8608664413917473
intervalos,587,4,3.2284611070098967
intervalos,587,5,4.5909914923937105
intervalos,587,6,5.506944140524366
intervalos,587,7,5.798223716188854
intervalos,588,2,0.7357199159028953
intervalos,588,3,1.9045770849814114
intervalos,588,4,3.3185347190471717
intervalos,588,5,4.718215270719269
intervalos,588,6,5.558371476017957
intervalos,588,7,5.824231683282553
intervalos,589,2,0.75609652890287
intervalos,589,3,1.9667027373626493
intervalos,589,4,3.316499439716329
intervalos,589,5,4.628670350240511
intervalos,589,6,5.5039879363223045
intervalos,589,7,5.791851646561443
intervalos,590,2,0.7463334207460348
intervalos,590,3,1.8987200186778557
intervalos,590,4,3.2947827872407753
intervalos,590,5,4.69040252734799
intervalos,590,6,5.5696015127783705
intervalos,590,7,5.827196262000762
intervalos,591,2,0.7357513900778979
intervalos,591,3,1.9090239162743436
intervalos,591,4,3.286223330246309
intervalos,591,5,4.6296496868330195
intervalos,591,6,5.528002671454771
intervalos,591,7,5.819341903014249
intervalos,592,2,0.7352792074959564
intervalos,592,3,1.8984242534973275
intervalos,592,4,3.3100570598981487
intervalos,592,5,4.699718161887632
intervalos,592,6,5.548542981847962
intervalos,592,7,5.8232690825075055
intervalos,593,2,0.7463334207460348
intervalos,593,3,1.9266017302381684
intervalos,593,4,3.3688875826407427
intervalos,593,5,4.771805175040357
intervalos,593,6,5.580831549538782
intervalos,593,7,5.81785961365514
intervalos,594,2,0.7931037959793135
intervalos,594,3,2.0121480402863297
intervalos,594,4,3.4857174008105583
intervalos,594,5,4.833615954549945
intervalos,594,6,5.610240472538153
intervalos,594,7,5.827196262000765
intervalos,595,2,0.7461597697068053
intervalos,595,3,1.9095053774562665
intervalos,595,4,3.2664546980295315
intervalos,595,5,4.66376540428205
intervalos,595,6,5.531723216347645
intervalos,595,7,5.803633185041217
intervalos,596,2,0.7566664997157873
intervalos,596,3,1.931402538531179
intervalos,596,4,3.3535557139820957
intervalos,596,5,4.695405564682484
intervalos,596,6,5.52780713058177
intervalos,596,7,5.808522965309516
intervalos,597,2,0.7237628449256375
intervalos,597,3,1.8840726946308992
intervalos,597,4,3.251263151449744
intervalos,597,5,4.628362393966757
intervalos,597,6,5.527042789890954
intervalos,597,7,5.846832159467054
intervalos,598,2,0.7558431379610129
intervalos,598,3,1.9478429696407855
intervalos,598,4,3.324887489243646
intervalos,598,5,4.677403380013065
intervalos,598,6,5.508422242625393
intervalos,598,7,5.798223716188853
intervalos,599,2,0.7102347671699972
intervalos,599,3,1.8956700317656068
intervalos,599,4,3.360984915086526
intervalos,599,5,4.732578167055457
intervalos,599,6,5.562092020910833
intervalos,599,7,5.811487544027732
intervalos,600,2,0.7343343921058413
intervalos,600,3,1.8950597917762992
intervalos,600,4,3.264852586086156
intervalos,600,5,4.622356338517339
intervalos,600,6,5.56453000457568
intervalos,600,7,5.825713972641658
intervalos,601,2,0.7357199159028953
intervalos,601,3,1.9268822679121298
intervalos,601,4,3.355925675301801
intervalos,601,5,4.757486713202833
intervalos,601,6,5.585784076379086
intervalos,601,7,5.823269082507507
intervalos,602,2,0.7463334207460348
intervalos,602,3,1.9104536371792107
intervalos,602,4,3.355560551416327
intervalos,602,5,4.783356178703427
intervalos,602,6,5.58994628229856
intervalos,602,7,5.819341903014249
intervalos,603,2,0.7354366183501505
intervalos,603,3,1.8976259179426893
intervalos,603,4,3.3078298619188105
intervalos,603,5,4.732841688830549
intervalos,603,6,5.55861759617156
intervalos,603,7,5.802150895682112
intervalos,604,2,0.7467280065805464
intervalos,604,3,1.9089677116775297
intervalos,604,4,3.3659207677559992
intervalos,604,5,4.775280527991521
intervalos,604,6,5.6166711014794855
intervalos,604,7,5.799706005547956
intervalos,605,2,0.7643884612873837
intervalos,605,3,1.9366526339530576
intervalos,605,4,3.395553809062384
intervalos,605,5,4.763509247589164
intervalos,605,6,5.587780399017329
intervalos,605,7,5.806078075175369
intervalos,606,2,0.7466648799018465
intervalos,606,3,1.8923656994307474
intervalos,606,4,3.2817246143808205
intervalos,606,5,4.669716952480279
intervalos,606,6,5.522854603741466
intervalos,606,7,5.803633185041217
intervalos,607,2,0.7102347671699972
intervalos,607,3,1.895588193893626
intervalos,607,4,3.320543009753073
intervalos,607,5,4.74544582071787
intervalos,607,6,5.584110433405055
intervalos,607,7,5.829641152134915
intervalos,608,2,0.7356569655547306
intervalos,608,3,1.910381195807396
intervalos,608,4,3.300742489129682
intervalos,608,5,4.670868148868401
intervalos,608,6,5.540837949107428
intervalos,608,7,5.790369357202336
intervalos,609,2,0.7459545195205959
intervalos,609,3,1.9266939427363043
intervalos,609,4,3.328273307572468
intervalos,609,5,4.6694664902825584
intervalos,609,6,5.56324744334765
intervalos,609,7,5.842904979973795
intervalos,610,2,0.7101095561400632
intervalos,610,3,1.838710109797405
intervalos,610,4,3.204383063398936
intervalos,610,5,4.590374180346734
intervalos,610,6,5.461675333588494
intervalos,610,7,5.783997287574928
intervalos,611,2,0.7350902924677045
intervalos,611,3,1.9423778080848568
intervalos,611,4,3.419426310024926
intervalos,611,5,4.830158374194888
intervalos,611,6,5.651397652835151
intervalos,611,7,5.8232690825075055
intervalos,612,2,0.7666121740244782
intervalos,612,3,1.9557239030395697
intervalos,612,4,3.4189246089313157
intervalos,612,5,4.814249049541657
intervalos,612,6,5.6249449340378375
intervalos,612,7,5.838977800480538
intervalos,613,2,0.7833997891921018
intervalos,613,3,1.9575976586888955
intervalos,613,4,3.325082724856841
intervalos,613,5,4.639664334931569
intervalos,613,6,5.509382124189211
intervalos,613,7,5.780070108081671
intervalos,614,2,0.7352792074959564
intervalos,614,3,1.9128927873099357
intervalos,614,4,3.334713483548301
intervalos,614,5,4.719229942467389
intervalos,614,6,5.628861019803715
intervalos,614,7,5.831123441494021
intervalos,615,2,0.7569830552430103
intervalos,615,3,1.932751426461013
intervalos,615,4,3.2731829789177613
intervalos,615,5,4.609944209858814
intervalos,615,6,5.516500534310747
intervalos,615,7,5.790369357202336
intervalos,616,2,0.7357199159028953
intervalos,616,3,1.9309326114259902
intervalos,616,4,3.3946073634376646
intervalos,616,5,4.805871742900117
intervalos,616,6,5.609280590974337
intervalos,616,7,5.850759338960312
intervalos,617,2,0.7237628449256375
intervalos,617,3,1.9145070846022154
intervalos,617,4,3.3310326839098785
intervalos,617,5,4.681017928552196
intervalos,617,6,5.5319693365012474
intervalos,617,7,5.807560364534474
intervalos,618,2,0.7350902924677045
intervalos,618,3,1.8839497456737004
intervalos,618,4,3.293738979807771
intervalos,618,5,4.7574554484946505
intervalos,618,6,5.590660043708776
intervalos,618,7,5.8232690825075055
intervalos,619,2,0.7656595652968758
intervalos,619,3,1.9235730067121966
intervalos,619,4,3.2965151454375885
intervalos,619,5,4.686579496643148
intervalos,619,6,5.5367947245503375
intervalos,619,7,5.8036331850412175
intervalos,620,2,0.7348698612497535
intervalos,620,3,1.9104927499767617
intervalos,620,4,3.347040355448494
intervalos,620,5,4.803680373668784
intervalos,620,6,5.6316216831327734
intervalos,620,7,5.822749393923446
intervalos,621,2,0.7666121740244782
intervalos,621,3,1.9840972567888318
intervalos,621,4,3.411687686208828
intervalos,621,5,4.74623819586662
intervalos,621,6,5.510342005753026
intervalos,621,7,5.780070108081672
intervalos,622,2,0.7444537504109021
intervalos,622,3,1.9521629412591532
intervalos,622,4,3.346518670067207
intervalos,622,5,4.728169089011821
intervalos,622,6,5.539359847006395
intervalos,622,7,5.819341903014247
intervalos,623,2,0.7463334207460348
intervalos,623,3,1.907374148489391
intervalos,623,4,3.3224469587402297
intervalos,623,5,4.7600364755116775
intervalos,623,6,5.585588535506086
intervalos,623,7,5.813932434161884
intervalos,624,2,0.7461597697068053
intervalos,624,3,1.919735464827015
intervalos,624,4,3.3448488380381676
intervalos,624,5,4.737579482568898
intervalos,624,6,5.5833460927142395
intervalos,624,7,5.819341903014248
intervalos,625,2,0.746585967774875
intervalos,625,3,1.8970101582437933
intervalos,625,4,3.2862995539961197
intervalos,625,5,4.641210553212005
intervalos,625,6,5.501031732120246
intervalos,625,7,5.799706005547961
intervalos,626,2,0.7665328134705907
intervalos,626,3,1.9739463820437557
intervalos,626,4,3.411180860377486
intervalos,626,5,4.80383060690217
intervalos,626,6,5.599010435777742
intervalos,626,7,5.819341903014249
intervalos,627,2,0.7235745130140392
intervalos,627,3,1.8629119838350878
intervalos,627,4,3.2521673278713368
intervalos,627,5,4.68340428783717
intervalos,627,6,5.601448419442589
intervalos,627,7,5.838977800480538
intervalos,628,2,0.7354366183501505
intervalos,628,3,1.9371265025683213
intervalos,628,4,3.3718422949461893
intervalos,628,5,4.709733454629355
intervalos,628,6,5.539997048905999
intervalos,628,7,5.816377324296037
intervalos,629,2,0.7228209473774607
intervalos,629,3,1.8651709731068462
intervalos,629,4,3.2710836465377238
intervalos,629,5,4.703899907991571
intervalos,629,6,5.542188912417244
intervalos,629,7,5.794296536695596
intervalos,630,2,0.7737822138913053
intervalos,630,3,1.9946560096180836
intervalos,630,4,3.45410627665619
intervalos,630,5,4.809268171127586
intervalos,630,6,5.589181941607746
intervalos,630,7,5.802150895682112
intervalos,631,2,0.7464754837422931
intervalos,631,3,1.9466558631325173
intervalos,631,4,3.388878387584467
intervalos,631,5,4.80309604815104
intervalos,631,6,5.58038988851218
intervalos,631,7,5.827196262000764
intervalos,632,2,0.7357513900778979
intervalos,632,3,1.9058410924788471
intervalos,632,4,3.319275687949448
intervalos,632,5,4.6790009999901505
intervalos,632,6,5.566645308576312
intervalos,632,7,5.838977800480538
intervalos,633,2,0.745149032574205
intervalos,633,3,1.9229992798659286
intervalos,633,4,3.3175346745947762
intervalos,633,5,4.711802756225658
intervalos,633,6,5.553223408304653
intervalos,633,7,5.802150895682109
intervalos,634,2,0.7563182103373065
intervalos,634,3,1.9497387529872716
intervalos,634,4,3.35747921767979
intervalos,634,5,4.754865964705885
intervalos,634,6,5.535639302113521
intervalos,634,7,5.794296536695594
intervalos,635,2,0.7104225640613531
intervalos,635,3,1.845634194729754
intervalos,635,4,3.2707279155379174
intervalos,635,5,4.672514918434761
intervalos,635,6,5.563765663884862
intervalos,635,7,5.815414723520988
intervalos,636,2,0.7237628449256375
intervalos,636,3,1.8987260582596233
intervalos,636,4,3.3137264679462994
intervalos,636,5,4.6627453748720145
intervalos,636,6,5.550980965512809
intervalos,636,7,5.807560364534477
intervalos,637,2,0.7352792074959564
intervalos,637,3,1.8986052037486596
intervalos,637,4,3.323060002437907
intervalos,637,5,4.7634329037391465
intervalos,637,6,5.623985052474022
intervalos,637,7,5.8257139726416565
intervalos,638,2,0.7238256169451076
intervalos,638,3,1.8902353298595092
intervalos,638,4,3.3325975780799535
intervalos,638,5,4.756517120596553
intervalos,638,6,5.6465216855054585
intervalos,638,7,5.842904979973795
intervalos,639,2,0.7665328134705907
intervalos,639,3,1.9497089409113948
intervalos,639,4,3.3591058777033744
intervalos,639,5,4.727578648904008
intervalos,639,6,5.543667014518273
intervalos,639,7,5.795778826054701
intervalos,640,2,0.7839109251684016
intervalos,640,3,1.9767642766519016
intervalos,640,4,3.408079627980876
intervalos,640,5,4.760081554653517
intervalos,640,6,5.5838643132514525
intervalos,640,7,5.825713972641658
intervalos,641,2,0.7555580211872254
intervalos,641,3,1.902158995565387
intervalos,641,4,3.2836044318966002
intervalos,641,5,4.622611193484082
intervalos,641,6,5.4832520850561135
intervalos,641,7,5.802150895682113
intervalos,642,2,0.7238099241878992
intervalos,642,3,1.9072119796423843
intervalos,642,4,3.2936163439823245
intervalos,642,5,4.749444991702363
intervalos,642,6,5.629379240340928
intervalos,642,7,5.823269082507505
intervalos,643,2,0.7237628449256375
intervalos,643,3,1.8859681458540054
intervalos,643,4,3.2769906587710143
intervalos,643,5,4.675059323081687
intervalos,643,6,5.535834842986522
intervalos,643,7,5.8021508956821135
intervalos,644,2,0.7466648799018465
intervalos,644,3,1.9266027541814716
intervalos,644,4,3.31583314677019
intervalos,644,5,4.675866267520389
intervalos,644,6,5.501031732120244
intervalos,644,7,5.811487544027731
intervalos,645,2,0.745449167141252
intervalos,645,3,1.9416749340455266
intervalos,645,4,3.358699354469196
intervalos,645,5,4.752347789426804
intervalos,645,6,5.618590864607118
intervalos,645,7,5.827196262000765
intervalos,646,2,0.7354366183501505
intervalos,646,3,1.91679626184433
intervalos,646,4,3.367940084790942
intervalos,646,5,4.762770190228744
intervalos,646,6,5.594898809138865
intervalos,646,7,5.803633185041217
intervalos,647,2,0.7466648799018465
intervalos,647,3,1.942466141579973
intervalos,647,4,3.3656338871313647
intervalos,647,5,4.727584006565923
intervalos,647,6,5.54366701451827
intervalos,647,7,5.807560364534471
intervalos,648,2,0.6930847592367835
intervalos,648,3,1.823813905743496
intervalos,648,4,3.2259897804197983
intervalos,648,5,4.658419075518191
intervalos,648,6,5.582386211150425
intervalos,648,7,5.807560364534473
intervalos,649,2,0.7467122251627522
intervalos,649,3,1.8815824071032794
intervalos,649,4,3.2156733323368827
intervalos,649,5,4.617573143315565
intervalos,649,6,5.522608483587868
intervalos,649,7,5.787924467068184
intervalos,650,2,0.7235745130140392
intervalos,650,3,1.87100975772164
intervalos,650,4,3.288033688178701
intervalos,650,5,4.675468475284542
intervalos,650,6,5.579430006948365
intervalos,650,7,5.8154147235209885
intervalos,651,2,0.7567931300584542
intervalos,651,3,1.9124658033937967
intervalos,651,4,3.294720906985706
intervalos,651,5,4.6911963019962055
intervalos,651,6,5.5332013184486755
intervalos,651,7,5.774660639229304
intervalos,652,2,0.7467122251627522
intervalos,652,3,1.8924704023004837
intervalos,652,4,3.2541462274477544
intervalos,652,5,4.6555152006158735
intervalos,652,6,5.515736193619931
intervalos,652,7,5.774660639229307
intervalos,653,2,0.7235745130140392
intervalos,653,3,1.9137598299854381
intervalos,653,4,3.3168626732576287
intervalos,653,5,4.70366016111768
intervalos,653,6,5.499680768810431
intervalos,653,7,5.807560364534477
intervalos,654,2,0.7238099241878992
intervalos,654,3,1.8699480019992802
intervalos,654,4,3.2500642429413196
intervalos,654,5,4.651021105469157
intervalos,654,6,5.535834842986524
intervalos,654,7,5.8075603645344716
intervalos,655,2,0.7237628449256375
intervalos,655,3,1.9189371419597037
intervalos,655,4,3.2990165097935984
intervalos,655,5,4.653040404868274
intervalos,655,6,5.50918658331621
intervalos,655,7,5.80607807517537
intervalos,656,2,0.7352792074959564
intervalos,656,3,1.8928106421409303
intervalos,656,4,3.3138649324183813
intervalos,656,5,4.745373435030302
intervalos,656,6,5.6017710991067995
intervalos,656,7,5.823269082507505
intervalos,657,2,0.746585967774875
intervalos,657,3,1.9169197214623914
intervalos,657,4,3.3001922312575505
intervalos,657,5,4.709555914850236
intervalos,657,6,5.580389888512179
intervalos,657,7,5.811487544027734
intervalos,658,2,0.7230564775667203
intervalos,658,3,1.8627475046157214
intervalos,658,4,3.2434563306550555
intervalos,658,5,4.580957672199584
intervalos,658,6,5.483302664336713
intervalos,658,7,5.796741426829748
intervalos,659,2,0.7356569655547306
intervalos,659,3,1.9048889379215261
intervalos,659,4,3.2791927134579755
intervalos,659,5,4.626743902283733
intervalos,659,6,5.470790066348272
intervalos,659,7,5.791851646561443
intervalos,660,2,0.7352792074959564
intervalos,660,3,1.94659249284369
intervalos,660,4,3.3994998446507028
intervalos,660,5,4.809934842800438
intervalos,660,6,5.581349770075996
intervalos,660,7,5.81934190301425
intervalos,661,2,0.7236843761860374
intervalos,661,3,1.8697809888417756
intervalos,661,4,3.278040094570842
intervalos,661,5,4.693864710508671
intervalos,661,6,5.524850926379709
intervalos,661,7,5.785922489125015
intervalos,662,2,0.7548925345353463
intervalos,662,3,1.905013747054023
intervalos,662,4,3.293387905242264
intervalos,662,5,4.687391043887472
intervalos,662,6,5.5505393044862075
intervalos,662,7,5.817859613655141
intervalos,663,2,0.7352792074959564
intervalos,663,3,1.8919749364209344
intervalos,663,4,3.2892381744080224
intervalos,663,5,4.682248161948993
intervalos,663,6,5.584824194815269
intervalos,663,7,5.83505062098728
intervalos,664,2,0.75609652890287
intervalos,664,3,1.9251523635493482
intervalos,664,4,3.283573051514329
intervalos,664,5,4.646254066882712
intervalos,664,6,5.5696015127783705
intervalos,664,7,5.815414723520991
intervalos,665,2,0.7237628449256375
intervalos,665,3,1.8654430043244001
intervalos,665,4,3.21486144328101
intervalos,665,5,4.5821085462661175
intervalos,665,6,5.480864680671869
intervalos,665,7,5.766806280242788
intervalos,666,2,0.7238256169451076
intervalos,666,3,1.8958388004413802
intervalos,666,4,3.329221929147568
intervalos,666,5,4.746824243205414
intervalos,666,6,5.609280590974339
intervalos,666,7,5.842904979973796
intervalos,667,2,0.7236843761860374
intervalos,667,3,1.8770950136728435
intervalos,667,4,3.2947797619978383
intervalos,667,5,4.710204813926981
intervalos,667,6,5.542707132954458
intervalos,667,7,5.795778826054703
intervalos,668,2,0.75609652890287
intervalos,668,3,1.928660497123094
intervalos,668,4,3.3290572987870966
intervalos,668,5,4.703600296204575
intervalos,668,6,5.541747251390642
intervalos,668,7,5.846832159467054
intervalos,669,2,0.7237628449256375
intervalos,669,3,1.8711697817291109
intervalos,669,4,3.244067118981269
intervalos,669,5,4.661731025445484
intervalos,669,6,5.58970016214496
intervalos,669,7,5.8232690825075055
intervalos,670,2,0.7467122251627522
intervalos,670,3,1.917833086295482
intervalos,670,4,3.3278892283684587
intervalos,670,5,4.740513979608087
intervalos,670,6,5.592138145809805
intervalos,670,7,5.821786793148398
intervalos,671,2,0.7568880956996007
intervalos,671,3,1.9485422275803652
intervalos,671,4,3.371391885651034
intervalos,671,5,4.74070191238945
intervalos,671,6,5.59605423157568
intervalos,671,7,5.817859613655142
intervalos,672,2,0.7467122251627522
intervalos,672,3,1.9068297244596024
intervalos,672,4,3.2692932430564396
intervalos,672,5,4.608718362786327
intervalos,672,6,5.516058873284144
intervalos,672,7,5.831123441494021
intervalos,673,2,0.7232605736267138
intervalos,673,3,1.897451058842904
intervalos,673,4,3.3002186626003125
intervalos,673,5,4.683154580495739
intervalos,673,6,5.562287561783831
intervalos,673,7,5.813932434161883
intervalos,674,2,0.75609652890287
intervalos,674,3,1.9474563976085322
intervalos,674,4,3.349790116508201
intervalos,674,5,4.741899159257013
intervalos,674,6,5.608762370437123
intervalos,674,7,5.838977800480538
intervalos,675,2,0.7230564775667203
intervalos,675,3,1.8684217735894064
intervalos,675,4,3.222014202947504
intervalos,675,5,4.630920613047344
intervalos,675,6,5.5343567408854915
intervalos,675,7,5.784959888349971
intervalos,676,2,0.7356569655547306
intervalos,676,3,1.9011941174528182
intervalos,676,4,3.273391453715079
intervalos,676,5,4.63567884388506
intervalos,676,6,5.515540652746932
intervalos,676,7,5.787924467068185
intervalos,677,2,0.7357199159028953
intervalos,677,3,1.8831342143774015
intervalos,677,4,3.2684846503791163
intervalos,677,5,4.674143822741739
intervalos,677,6,5.530245114246618
intervalos,677,7,5.787924467068186
intervalos,678,2,0.7340193200553571
intervalos,678,3,1.9222245811711347
intervalos,678,4,3.291291814193466
intervalos,678,5,4.624902791679753
intervalos,678,6,5.496401884944155
intervalos,678,7,5.7982237161888515
intervalos,679,2,0.7357513900778979
intervalos,679,3,1.9198823837524586
intervalos,679,4,3.354688250096828
intervalos,679,5,4.732474838981297
intervalos,679,6,5.593616247910838
intervalos,679,7,5.816377324296036
intervalos,680,2,0.7758528306122003
intervalos,680,3,1.9970718116693396
intervalos,680,4,3.4915196380155136
intervalos,680,5,4.860291721917928
intervalos,680,6,5.596818572266497
intervalos,680,7,5.807560364534473
intervalos,681,2,0.7357513900778979
intervalos,681,3,1.8945526344538404
intervalos,681,4,3.324183189179364
intervalos,681,5,4.698170544107728
intervalos,681,6,5.573517598544244
intervalos,681,7,5.827196262000762
intervalos,682,2,0.7464754837422931
intervalos,682,3,1.9212569323492277
intervalos,682,4,3.3204733722064512
intervalos,682,5,4.6907480729566045
intervalos,682,6,5.527042789890956
intervalos,682,7,5.800668606323005
intervalos,683,2,0.7568880956996007
intervalos,683,3,1.95926244792552
intervalos,683,4,3.395100072010853
intervalos,683,5,4.782947461107146
intervalos,683,6,5.621988729835779
intervalos,683,7,5.85468651845357
intervalos,684,2,0.7236843761860374
intervalos,684,3,1.8997997939916935
intervalos,684,4,3.263385532732586
intervalos,684,5,4.606102007058396
intervalos,684,6,5.485171848183746
intervalos,684,7,5.798223716188853
intervalos,685,2,0.7665328134705907
intervalos,685,3,1.9574295619624384
intervalos,685,4,3.4099899394792765
intervalos,685,5,4.830076350361365
intervalos,685,6,5.6195507461709315
intervalos,685,7,5.823269082507507
intervalos,686,2,0.7230564775667203
intervalos,686,3,1.9018437723720465
intervalos,686,4,3.2907022731975824
intervalos,686,5,4.717919407058121
intervalos,686,6,5.571597835416614
intervalos,686,7,5.8232690825075055
intervalos,687,2,0.6931315754726863
intervalos,687,3,1.8028752119750462
intervalos,687,4,3.1618956125790936
intervalos,687,5,4.558928793518625
intervalos,687,6,5.514258091518903
intervalos,687,7,5.803633185041216
intervalos,688,2,0.7357199159028953
intervalos,688,3,1.870647988350355
intervalos,688,4,3.2782818293378084
intervalos,688,5,4.673032001517398
intervalos,688,6,5.557411594454141
intervalos,688,7,5.8139324341618845
intervalos,689,2,0.7639910160287925
intervalos,689,3,1.9538892933149465
intervalos,689,4,3.371326866564296
intervalos,689,5,4.759491226830684
intervalos,689,6,5.623466831936807
intervalos,689,7,5.8311234414940225
intervalos,690,2,0.7463334207460348
intervalos,690,3,1.9448372880517757
intervalos,690,4,3.394198462128778
intervalos,690,5,4.811680437458825
intervalos,690,6,5.64060927710134
intervalos,690,7,5.846832159467054
intervalos,691,2,0.7665328134705907
intervalos,691,3,1.9603388427860309
intervalos,691,4,3.4144157222695917
intervalos,691,5,4.796178543187394
intervalos,691,6,5.5887402805811455
intervalos,691,7,5.835050620987281
intervalos,692,2,0.7103912662168856
intervalos,692,3,1.8459304504174643
intervalos,692,4,3.220218055899447
intervalos,692,5,4.62673822230023
intervalos,692,6,5.522608483587864
intervalos,692,7,5.806078075175368
intervalos,693,2,0.7350902924677045
intervalos,693,3,1.8830137119093862
intervalos,693,4,3.253763562097979
intervalos,693,5,4.6161493193645935
intervalos,693,6,5.534874961422706
intervalos,693,7,5.803633185041215
intervalos,694,2,0.7354366183501505
intervalos,694,3,1.9094980678947235
intervalos,694,4,3.2689431610388917
intervalos,694,5,4.644890430166431
intervalos,694,6,5.562287561783834
intervalos,694,7,5.819341903014247
intervalos,695,2,0.7357199159028953
intervalos,695,3,1.911999949023643
intervalos,695,4,3.2927771405745214
intervalos,695,5,4.667969309306412
intervalos,695,6,5.538077285778368
intervalos,695,7,5.784959888349973
intervalos,696,2,0.7235745130140392
intervalos,696,3,1.8627562956228059
intervalos,696,4,3.248248914681093
intervalos,696,5,4.681939561032063
intervalos,696,6,5.601006758415984
intervalos,696,7,5.827196262000765
intervalos,697,2,0.7448172340998729
intervalos,697,3,1.8768719972486854
intervalos,697,4,3.2187051644312596
intervalos,697,5,4.582119373874931
intervalos,697,6,5.509900344726423
intervalos,697,7,5.7800701080816665
intervalos,698,2,0.7103912662168856
intervalos,698,3,1.885059857128622
intervalos,698,4,3.312207979677223
intervalos,698,5,4.732596261973157
intervalos,698,6,5.598492215240527
intervalos,698,7,5.825713972641658
intervalos,699,2,0.7566664997157873
intervalos,699,3,1.9462485529601297
intervalos,699,4,3.320963175793473
intervalos,699,5,4.680813904982465
intervalos,699,6,5.499630189529828
intervalos,699,7,5.825713972641657
intervalos,700,2,0.7346178998122669
intervalos,700,3,1.8800227700216885
intervalos,700,4,3.283331658389801
intervalos,700,5,4.67289954088012
intervalos,700,6,5.559331357581772
intervalos,700,7,5.803633185041216
intervalos,701,2,0.7545121216755286
intervalos,701,3,1.9339264267404037
intervalos,701,4,3.347932005262221
intervalos,701,5,4.745485429912809
intervalos,701,6,5.584747635304658
intervalos,701,7,5.842904979973794
intervalos,702,2,0.7222555229568516
intervalos,702,3,1.8875755616797365
intervalos,702,4,3.3052126599833027
intervalos,702,5,4.713548028562456
intervalos,702,6,5.572039496443216
intervalos,702,7,5.8060780751753684
intervalos,703,2,0.7464754837422931
intervalos,703,3,1.9332868690831062
intervalos,703,4,3.3527472523575343
intervalos,703,5,4.791416107406573
intervalos,703,6,5.623985052474024
intervalos,703,7,5.827196262000761
intervalos,704,2,0.7103286685631887
intervalos,704,3,1.87497764607593
intervalos,704,4,3.297515478838111
intervalos,704,5,4.701759297885575
intervalos,704,6,5.575513921182489
intervalos,704,7,5.807560364534477
intervalos,705,2,0.7101095561400632
intervalos,705,3,1.8704646186121618
intervalos,705,4,3.26543085275244
intervalos,705,5,4.599762546890083
intervalos,705,6,5.5224129427148645
intervalos,705,7,5.819341903014246
intervalos,706,2,0.7666597883069823
intervalos,706,3,1.9548215676385792
intervalos,706,4,3.348582133090073
intervalos,706,5,4.698919674220672
intervalos,706,6,5.5427071329544555
intervalos,706,7,5.802150895682109
intervalos,707,2,0.7346178998122669
intervalos,707,3,1.9565395403155756
intervalos,707,4,3.407903440957957
intervalos,707,5,4.81471001583704
intervalos,707,6,5.619550746170933
intervalos,707,7,5.84142269061469
intervalos,708,2,0.7464754837422931
intervalos,708,3,1.9842019030561877
intervalos,708,4,3.416399058077519
intervalos,708,5,4.806679009660405
intervalos,708,6,5.654872077574423
intervalos,708,7,5.858613697946827
intervalos,709,2,0.7237628449256375
intervalos,709,3,1.9111212948434049
intervalos,709,4,3.367186251994378
intervalos,709,5,4.781565939509771
intervalos,709,6,5.622506950372992
intervalos,709,7,5.842904979973795
intervalos,710,2,0.7461597697068053
intervalos,710,3,1.8909991105505704
intervalos,710,4,3.2712528887053702
intervalos,710,5,4.672559997576596
intervalos,710,6,5.549061202385178
intervalos,710,7,5.798223716188853
intervalos,711,2,0.8010104803099849
intervalos,711,3,2.0287711490340046
intervalos,711,4,3.5030810853273344
intervalos,711,5,4.901773383406814
intervalos,711,6,5.671496302201742
intervalos,711,7,5.846832159467052
intervalos,712,2,0.7357199159028953
intervalos,712,3,1.9484340872750923
intervalos,712,4,3.3759821652081543
intervalos,712,5,4.769114817644078
intervalos,712,6,5.534602861039092
intervalos,712,7,5.810005254668626
intervalos,713,2,0.7356569655547306
intervalos,713,3,1.901809924427107
intervalos,713,4,3.309572667778709
intervalos,713,5,4.730560483637125
intervalos,713,6,5.641127497638553
intervalos,713,7,5.813932434161885
intervalos,714,2,0.7566664997157873
intervalos,714,3,1.9659045121032832
intervalos,714,4,3.417490105271356
intervalos,714,5,4.80366688155671
intervalos,714,6,5.640167616074738
intervalos,714,7,5.838977800480538
intervalos,715,2,0.7234332484699303
intervalos,715,3,1.8529172626968466
intervalos,715,4,3.2283170578910543
intervalos,715,5,4.62663457190448
intervalos,715,6,5.49184859727868
intervalos,715,7,5.784959888349974
intervalos,716,2,0.7356569655547306
intervalos,716,3,1.8999108495454822
intervalos,716,4,3.336444445096644
intervalos,716,5,4.759459639800915
intervalos,716,6,5.58038988851218
intervalos,716,7,5.850759338960311
intervalos,717,2,0.7737822138913053
intervalos,717,3,1.9616508560773587
intervalos,717,4,3.3411880379180023
intervalos,717,5,4.724236727927726
intervalos,717,6,5.59753233367671
intervalos,717,7,5.8311234414940225
intervalos,718,2,0.7568880956996007
intervalos,718,3,1.93013951082293
intervalos,718,4,3.2907749561886153
intervalos,718,5,4.671199670006751
intervalos,718,6,5.572362176107428
intervalos,718,7,5.835050620987279
intervalos,719,2,0.7354366183501505
intervalos,719,3,1.886395644019089
intervalos,719,4,3.2585016909734175
intervalos,719,5,4.612132885931492
intervalos,719,6,5.512338328391269
intervalos,719,7,5.7785878187225626
intervalos,720,2,0.7092954287181523
intervalos,720,3,1.8238060815780561
intervalos,720,4,3.1999899525107782
intervalos,720,5,4.625120721576524
intervalos,720,6,5.496724564608369
intervalos,720,7,5.784959888349971
intervalos,721,2,0.7463334207460348
intervalos,721,3,1.9359055360124422
intervalos,721,4,3.300914017520448
intervalos,721,5,4.607843321232745
intervalos,721,6,5.43837435986624
intervalos,721,7,5.782514998215823
intervalos,722,2,0.7662788309916566
intervalos,722,3,1.9422127805344622
intervalos,722,4,3.335028844225819
intervalos,722,5,4.688215760922281
intervalos,722,6,5.575513921182489
intervalos,722,7,5.8296411521349185
intervalos,723,2,0.7464754837422931
intervalos,723,3,1.9182444273700776
intervalos,723,4,3.2598031282877926
intervalos,723,5,4.64584653066064
intervalos,723,6,5.590218382682174
intervalos,723,7,5.81541472352099
intervalos,724,2,0.7467122251627522
intervalos,724,3,1.9247986162717479
intervalos,724,4,3.3532264936332408
intervalos,724,5,4.771791038285108
intervalos,724,6,5.621547068809176
intervalos,724,7,5.823269082507502
intervalos,725,2,0.7568880956996007
intervalos,725,3,1.9546376688203653
intervalos,725,4,3.3378213416840143
intervalos,725,5,4.676318015743028
intervalos,725,6,5.563765663884864
intervalos,725,7,5.83505062098728
intervalos,726,2,0.7355625350363237
intervalos,726,3,1.929070449305195
intervalos,726,4,3.354047711544567
intervalos,726,5,4.748134456293096
intervalos,726,6,5.572116055953827
intervalos,726,7,5.803633185041217
intervalos,727,2,0.7558431379610129
intervalos,727,3,1.9519396501365809
intervalos,727,4,3.355858768067159
intervalos,727,5,4.741767020941323
intervalos,727,6,5.577951904847332
intervalos,727,7,5.795778826054703
intervalos,728,2,0.7348698612497535
intervalos,728,3,1.8903602628208551
intervalos,728,4,3.2497905406206007
intervalos,728,5,4.574715611557412
intervalos,728,6,5.45995111133386
intervalos,728,7,5.78888706784323
intervalos,729,2,0.7569830552430103
intervalos,729,3,1.9081776668769923
intervalos,729,4,3.318303600561147
intervalos,729,5,4.635540082903662
intervalos,729,6,5.476379795088178
intervalos,729,7,5.783477598990869
intervalos,730,2,0.7237628449256375
intervalos,730,3,1.8685343830356091
intervalos,730,4,3.1885415131792896
intervalos,730,5,4.5153285750038945
intervalos,730,6,5.475419913524362
intervalos,730,7,5.786442177709079
intervalos,731,2,0.7356569655547306
intervalos,731,3,1.9328185127026845
intervalos,731,4,3.39365378229825
intervalos,731,5,4.778567625839736
intervalos,731,6,5.633295326106803
intervalos,731,7,5.838977800480539
intervalos,732,2,0.7357513900778979
intervalos,732,3,1.9133711094870076
intervalos,732,4,3.2751609433124997
intervalos,732,5,4.560524364980232
intervalos,732,6,5.435936376201396
intervalos,732,7,5.778068130138502
intervalos,733,2,0.7237628449256375
intervalos,733,3,1.8917161447298803
intervalos,733,4,3.3019278738692206
intervalos,733,5,4.705506307061989
intervalos,733,6,5.555933492353114
intervalos,733,7,5.823269082507505
intervalos,734,2,0.7236843761860374
intervalos,734,3,1.8891875189143543
intervalos,734,4,3.2695201506686673
intervalos,734,5,4.587661769870306
intervalos,734,6,5.53287863878446
intervalos,734,7,5.823269082507506
intervalos,735,2,0.7238099241878992
intervalos,735,3,1.8578515291883746
intervalos,735,4,3.2407681076413617
intervalos,735,5,4.650422320874582
intervalos,735,6,5.527484450917558
intervalos,735,7,5.79036935720234
intervalos,736,2,0.7352792074959564
intervalos,736,3,1.9250227431946916
intervalos,736,4,3.3124468978101174
intervalos,736,5,4.692211938637225
intervalos,736,6,5.589700162144959
intervalos,736,7,5.81541472352099
intervalos,737,2,0.7464754837422931
intervalos,737,3,1.89397062143824
intervalos,737,4,3.2803602615738896
intervalos,737,5,4.669567363890066
intervalos,737,6,5.538791047188582
intervalos,737,7,5.802150895682111
intervalos,738,2,0.746585967774875
intervalos,738,3,1.9263937840211138
intervalos,738,4,3.3471741674514246
intervalos,738,5,4.781125844920324
intervalos,738,6,5.613001135867211
intervalos,738,7,5.827196262000762
intervalos,739,2,0.7101095561400632
intervalos,739,3,1.8583679618557114
intervalos,739,4,3.2571408863075972
intervalos,739,5,4.668912672544841
intervalos,739,6,5.541033489980425
intervalos,739,7,5.782514998215819
intervalos,740,2,0.709765171731974
intervalos,740,3,1.8361434062165005
intervalos,740,4,3.219355293409689
intervalos,740,5,4.6120058952411105
intervalos,740,6,5.5309588756568315
intervalos,740,7,5.81785961365514
intervalos,741,2,0.7755663038152816
intervalos,741,3,1.9526991686981894
intervalos,741,4,3.363517714061886
intervalos,741,5,4.697078563616694
intervalos,741,6,5.545586777645903
intervalos,741,7,5.81541472352099
intervalos,742,2,0.7658977752069915
intervalos,742,3,1.9483210150297787
intervalos,742,4,3.347892459417614
intervalos,742,5,4.695511886026201
intervalos,742,6,5.5696015127783705
intervalos,742,7,5.8350506209872774
intervalos,743,2,0.7230564775667203
intervalos,743,3,1.8895820609281675
intervalos,743,4,3.3007385719760367
intervalos,743,5,4.7042081865869125
intervalos,743,6,5.59901043577774
intervalos,743,7,5.827196262000764
intervalos,744,2,0.7666597883069823
intervalos,744,3,1.9487739037345124
intervalos,744,4,3.3560062746270853
intervalos,744,5,4.689050656549883
intervalos,744,6,5.538791047188581
intervalos,744,7,5.823269082507506
intervalos,745,2,0.7464754837422931
intervalos,745,3,1.9245457643266652
intervalos,745,4,3.3492333195678015
intervalos,745,5,4.725711743538741
intervalos,745,6,5.564725545448678
intervalos,745,7,5.783997287574928
intervalos,746,2,0.7563182103373065
intervalos,746,3,1.9640084303994345
intervalos,746,4,3.361517545554429
intervalos,746,5,4.675964658005848
intervalos,746,6,5.51258444854487
intervalos,746,7,5.792814247336492
intervalos,747,2,0.7757891628155212
intervalos,747,3,1.9827345481936844
intervalos,747,4,3.418283440046466
intervalos,747,5,4.777144124210352
intervalos,747,6,5.608320709410521
intervalos,747,7,5.819341903014249
intervalos,748,2,0.7758528306122003
intervalos,748,3,1.9849958772454634
intervalos,748,4,3.3210562378981376
intervalos,748,5,4.6945082519235
intervalos,748,6,5.538077285778368
intervalos,748,7,5.7903693572023345
intervalos,749,2,0.7569830552430103
intervalos,749,3,1.9266447932638555
intervalos,749,4,3.308870724659799
intervalos,749,5,4.632248598731136
intervalos,749,6,5.530882316146219
intervalos,749,7,5.807560364534473
intervalos,750,2,0.7464754837422931
intervalos,750,3,1.9043189589035312
intervalos,750,4,3.3431513054194886
intervalos,750,5,4.780187517022225
intervalos,750,6,5.58778039901733
intervalos,750,7,5.81541472352099
intervalos,751,2,0.7238099241878992
intervalos,751,3,1.8847767951463905
intervalos,751,4,3.280669393932524
intervalos,751,5,4.647162101410239
intervalos,751,6,5.528962553018586
intervalos,751,7,5.802150895682113
intervalos,752,2,0.7569830552430103
intervalos,752,3,1.928121002537949
intervalos,752,4,3.385116151045393
intervalos,752,5,4.78937903541135
intervalos,752,6,5.542511592081456
intervalos,752,7,5.81541472352099
intervalos,753,2,0.7356569655547306
intervalos,753,3,1.938078631134513
intervalos,753,4,3.368804882109595
intervalos,753,5,4.7484249622923285
intervalos,753,6,5.582827872177026
intervalos,753,7,5.80852296530952
intervalos,754,2,0.7101095561400632
intervalos,754,3,1.8568199268623928
intervalos,754,4,3.2540001023155307
intervalos,754,5,4.722586649214933
intervalos,754,6,5.613196676740213
intervalos,754,7,5.838977800480538
intervalos,755,2,0.6931471805599453
intervalos,755,3,1.829821720404462
intervalos,755,4,3.198937485343586
intervalos,755,5,4.554688476160774
intervalos,755,6,5.485885609593958
intervalos,755,7,5.787924467068188
intervalos,756,2,0.7238256169451076
intervalos,756,3,1.8855075873418987
intervalos,756,4,3.2493430509623034
intervalos,756,5,4.6482013029158455
intervalos,756,6,5.51258444854487
intervalos,756,7,5.815414723520989
intervalos,757,2,0.7656595652968758
intervalos,757,3,1.9396900366362768
intervalos,757,4,3.30197835653655
intervalos,757,5,4.673325172019891
intervalos,757,6,5.555933492353111
intervalos,757,7,5.8232690825075055
intervalos,758,2,0.7234332484699303
intervalos,758,3,1.8569897047276749
intervalos,758,4,3.2603758324241916
intervalos,758,5,4.688979025718606
intervalos,758,6,5.624944934037838
intervalos,758,7,5.827196262000763
intervalos,759,2,0.7466648799018465
intervalos,759,3,1.9036398976561286
intervalos,759,4,3.323602042437922
intervalos,759,5,4.690674183573236
intervalos,759,6,5.552977288151054
intervalos,759,7,5.827196262000762
intervalos,760,2,0.7755663038152816
intervalos,760,3,2.0009652243816567
intervalos,760,4,3.4807038603837905
intervalos,760,5,4.849061732034117
intervalos,760,6,5.628861019803715
intervalos,760,7,5.829641152134916
intervalos,761,2,0.7234332484699303
intervalos,761,3,1.8787561160501123
intervalos,761,4,3.258896095385833
intervalos,761,5,4.660277958718279
intervalos,761,6,5.54167069188003
intervalos,761,7,5.811487544027731
intervalos,762,2,0.7357513900778979
intervalos,762,3,1.9225427828261576
intervalos,762,4,3.352038054658473
intervalos,762,5,4.7637408600129
intervalos,762,6,5.552017406587236
intervalos,762,7,5.8036331850412175
intervalos,763,2,0.7464754837422931
intervalos,763,3,1.9456265379345812
intervalos,763,4,3.361908155518874
intervalos,763,5,4.7422074378523575
intervalos,763,6,5.57255771698043
intervalos,763,7,5.827196262000763
intervalos,764,2,0.7352792074959564
intervalos,764,3,1.9155529007617906
intervalos,764,4,3.3281693225405635
intervalos,764,5,4.7327774375931355
intervalos,764,6,5.572557716980428
intervalos,764,7,5.827196262000761
intervalos,765,2,0.7565081965344934
intervalos,765,3,1.9640259058260123
intervalos,765,4,3.395439733176041
intervalos,765,5,4.729580175707012
intervalos,765,6,5.605364505208461
intervalos,765,7,5.823269082507506
intervalos,766,2,0.7836713523866868
intervalos,766,3,1.948867898286351
intervalos,766,4,3.3083538989862857
intervalos,766,5,4.659879521839261
intervalos,766,6,5.556893373916927
intervalos,766,7,5.815414723520989
intervalos,767,2,0.7237628449256375
intervalos,767,3,1.8614181524005828
intervalos,767,4,3.203156641353387
intervalos,767,5,4.609630573601555
intervalos,767,6,5.494236001662925
intervalos,767,7,5.7864421777090795
intervalos,768,2,0.7104225640613531
intervalos,768,3,1.8244369795556146
intervalos,768,4,3.197990798128019
intervalos,768,5,4.655198465248787
intervalos,768,6,5.5349255407033064
intervalos,768,7,5.796741426829747
intervalos,769,2,0.7357199159028953
intervalos,769,3,1.8943539939566725
intervalos,769,4,3.2678759806494817
intervalos,769,5,4.627507789512543
intervalos,769,6,5.481773982955082
intervalos,769,7,5.786442177709078
intervalos,770,2,0.7467280065805464
intervalos,770,3,1.8930368918229077
intervalos,770,4,3.2687608163630157
intervalos,770,5,4.619254164414951
intervalos,770,6,5.520934840613835
intervalos,770,7,5.79281424733649
intervalos,771,2,0.7924633428395609
intervalos,771,3,2.040051918731449
intervalos,771,4,3.5175278522313618
intervalos,771,5,4.885441414438659
intervalos,771,6,5.5897001621449585
intervalos,771,7,5.81541472352099
intervalos,772,2,0.7090135120039689
intervalos,772,3,1.8642418110157468
intervalos,772,4,3.2735368536473315
intervalos,772,5,4.719942770459959
intervalos,772,6,5.591178264245991
intervalos,772,7,5.819341903014248
intervalos,773,2,0.7463334207460348
intervalos,773,3,1.941019501624116
intervalos,773,4,3.3986759385127723
intervalos,773,5,4.830888974783567
intervalos,773,6,5.681766457398336
intervalos,773,7,5.842904979973794
intervalos,774,2,0.7357199159028953
intervalos,774,3,1.9039361287732752
intervalos,774,4,3.3284576273159976
intervalos,774,5,4.688066172332069
intervalos,774,6,5.562287561783833
intervalos,774,7,5.79970600554796
intervalos,775,2,0.7232605736267138
intervalos,775,3,1.9120709847141755
intervalos,775,4,3.3526493017438255
intervalos,775,5,4.772671872107177
intervalos,775,6,5.609798811511549
intervalos,775,7,5.8232690825075055
intervalos,776,2,0.7463334207460348
intervalos,776,3,1.8830356061241882
intervalos,776,4,3.2518208355910785
intervalos,776,5,4.646920738555565
intervalos,776,6,5.525097046533314
intervalos,776,7,5.807560364534473
intervalos,777,2,0.7348698612497535
intervalos,777,3,1.9121597503218464
intervalos,777,4,3.3358365129627847
intervalos,777,5,4.73628041941162
intervalos,777,6,5.57871624553815
intervalos,777,7,5.798223716188852
intervalos,778,2,0.7355625350363237
intervalos,778,3,1.894737593455524
intervalos,778,4,3.254467280845576
intervalos,778,5,4.619423247422326
intervalos,778,6,5.518250736795388
intervalos,778,7,5.811487544027734
intervalos,779,2,0.7357513900778979
intervalos,779,3,1.9489737799617781
intervalos,779,4,3.3900680320293595
intervalos,779,5,4.822765551771165
intervalos,779,6,5.623985052474023
intervalos,779,7,5.825713972641659
intervalos,780,2,0.7357513900778979
intervalos,780,3,1.9075516219777946
intervalos,780,4,3.2818671841207046
intervalos,780,5,4.678687363732893
intervalos,780,6,5.577951904847335
intervalos,780,7,5.81541472352099
intervalos,781,2,0.7461597697068053
intervalos,781,3,1.9039003094825109
intervalos,781,4,3.2686417635258507
intervalos,781,5,4.649148730156999
intervalos,781,6,5.544626896082089
intervalos,781,7,5.823269082507507
intervalos,782,2,0.7225539681467144
intervalos,782,3,1.895161629941779
intervalos,782,4,3.3107284041273157
intervalos,782,5,4.668387889618611
intervalos,782,6,5.570119733315583
intervalos,782,7,5.8217867931484
intervalos,783,2,0.7238256169451076
intervalos,783,3,1.8599633706335092
intervalos,783,4,3.242326258600805
intervalos,783,5,4.6446126614229755
intervalos,783,6,5.562287561783834
intervalos,783,7,5.819341903014246
intervalos,784,2,0.7567931300584542
intervalos,784,3,1.9472031330252235
intervalos,784,4,3.3426277022446382
intervalos,784,5,4.696416927284168
intervalos,784,6,5.545391236772904
intervalos,784,7,5.803633185041217
intervalos,785,2,0.7463334207460348
intervalos,785,3,1.914487590405646
intervalos,785,4,3.2904577093867426
intervalos,785,5,4.5945136176523675
intervalos,785,6,5.464189876763948
intervalos,785,7,5.78251499821582
intervalos,786,2,0.7355625350363237
intervalos,786,3,1.9024654532720764
intervalos,786,4,3.2763313917952406
intervalos,786,5,4.6849048881728645
intervalos,786,6,5.522021860968864
intervalos,786,7,5.791331957977384
intervalos,787,2,0.709765171731974
intervalos,787,3,1.8583546369966197
intervalos,787,4,3.2601218417797697
intervalos,787,5,4.674661208524257
intervalos,787,6,5.567605190140127
intervalos,787,7,5.838977800480537
intervalos,788,2,0.7467280065805464
intervalos,788,3,1.9078746258809796
intervalos,788,4,3.3058038788200506
intervalos,788,5,4.709184784516947
intervalos,788,6,5.565489886139495
intervalos,788,7,5.81148754402773
intervalos,789,2,0.7665328134705907
intervalos,789,3,1.9429795249832909
intervalos,789,4,3.3498927496061954
intervalos,789,5,4.752897214395502
intervalos,789,6,5.585265855841871
intervalos,789,7,5.819341903014247
intervalos,790,2,0.7237628449256375
intervalos,790,3,1.9248005555846874
intervalos,790,4,3.3157742333406914
intervalos,790,5,4.666672910652391
intervalos,790,6,5.528767012145589
intervalos,790,7,5.79970600554796
intervalos,791,2,0.7104225640613531
intervalos,791,3,1.8796094395923884
intervalos,791,4,3.276136986200866
intervalos,791,5,4.723942151481059
intervalos,791,6,5.5583714760179594
intervalos,791,7,5.827196262000763
intervalos,792,2,0.7228209473774607
intervalos,792,3,1.8863158582232238
intervalos,792,4,3.32260437408864
intervalos,792,5,4.75824890082128
intervalos,792,6,5.649477889707517
intervalos,792,7,5.838977800480539
intervalos,793,2,0.7104225640613531
intervalos,793,3,1.881056830908169
intervalos,793,4,3.306125406508744
intervalos,793,5,4.699133191726712
intervalos,793,6,5.527288910044557
intervalos,793,7,5.794296536695594
intervalos,794,2,0.7232605736267138
intervalos,794,3,1.89193395734575
intervalos,794,4,3.2594898637483096
intervalos,794,5,4.630830454763667
intervalos,794,6,5.4716993686314845
intervalos,794,7,5.778587818722562
intervalos,795,2,0.7467122251627522
intervalos,795,3,1.9380748917509156
intervalos,795,4,3.3187849026572045
intervalos,795,5,4.6747634594205385
intervalos,795,6,5.502509834221273
intervalos,795,7,5.77614292858841
intervalos,796,2,0.7467122251627522
intervalos,796,3,1.9650868478264993
intervalos,796,4,3.4018279837607475
intervalos,796,5,4.834127357649081
intervalos,796,6,5.657751722265872
intervalos,796,7,5.835050620987282
intervalos,797,2,0.7104225640613531
intervalos,797,3,1.842207520596224
intervalos,797,4,3.2100828958361856
intervalos,797,5,4.629590905542503
intervalos,797,6,5.540710810316215
intervalos,797,7,5.807560364534474
intervalos,798,2,0.7354366183501505
intervalos,798,3,1.9146828073783868
intervalos,798,4,3.336979894468721
intervalos,798,5,4.754135041795614
intervalos,798,6,5.591178264245989
intervalos,798,7,5.827196262000763
intervalos,799,2,0.7758846634769101
intervalos,799,3,1.9890154660732868
intervalos,799,4,3.4257161240482548
intervalos,799,5,4.795983553133753
intervalos,799,6,5.587584858144328
intervalos,799,7,5.813932434161881
intervalos,800,2,0.7463334207460348
intervalos,800,3,1.9247190199042432
intervalos,800,4,3.342693868264336
intervalos,800,5,4.7641500122157545
intervalos,800,6,5.581867990613207
intervalos,800,7,5.8311234414940225
intervalos,801,2,0.7461597697068053
intervalos,801,3,1.919389363115442
intervalos,801,4,3.344170740405968
intervalos,801,5,4.7786304775776856
intervalos,801,6,5.620068966708145
intervalos,801,7,5.83112344149402
intervalos,802,2,0.7666597883069823
intervalos,802,3,1.9553429695305176
intervalos,802,4,3.368657890068107
intervalos,802,5,4.7709922282965636
intervalos,802,6,5.565685427012494
intervalos,802,7,5.799706005547956
intervalos,803,2,0.7467122251627522
intervalos,803,3,1.9441063088958386
intervalos,803,4,3.3662013843119274
intervalos,803,5,4.75710209075747
intervalos,803,6,5.589181941607746
intervalos,803,7,5.827196262000765
intervalos,804,2,0.7357513900778979
intervalos,804,3,1.920508886197096
intervalos,804,4,3.361732936039139
intervalos,804,5,4.740392878937817
intervalos,804,6,5.5637656638848645
intervalos,804,7,5.810005254668626
intervalos,805,2,0.7235745130140392
intervalos,805,3,1.8272822630414918
intervalos,805,4,3.1685064531543987
intervalos,805,5,4.571233207778679
intervalos,805,6,5.539997048906
intervalos,805,7,5.812450144802776
intervalos,806,2,0.709765171731974
intervalos,806,3,1.8166000218534641
intervalos,806,4,3.182298136966657
intervalos,806,5,4.621794610899428
intervalos,806,6,5.5642838844220766
intervalos,806,7,5.811487544027731
intervalos,807,2,0.7666756593928853
intervalos,807,3,1.984970791945482
intervalos,807,4,3.450618335430653
intervalos,807,5,4.831016077758931
intervalos,807,6,5.618072644069903
intervalos,807,7,5.838977800480538
intervalos,808,2,0.7355625350363237
intervalos,808,3,1.9117629965988363
intervalos,808,4,3.3268606993710144
intervalos,808,5,4.705972631019288
intervalos,808,6,5.57531838030949
intervalos,808,7,5.828158862775809
intervalos,809,2,0.7238099241878992
intervalos,809,3,1.8781510764833353
intervalos,809,4,3.2880894924560247
intervalos,809,5,4.680751952310455
intervalos,809,6,5.5554152718159
intervalos,809,7,5.811487544027733
intervalos,810,2,0.7104225640613531
intervalos,810,3,1.8223869854199317
intervalos,810,4,3.1689679906355
intervalos,810,5,4.488748020881627
intervalos,810,6,5.45064083770108
intervalos,810,7,5.816377324296035
intervalos,811,2,0.7461597697068053
intervalos,811,3,1.9014474933312513
intervalos,811,4,3.310135562933201
intervalos,811,5,4.717611450784365
intervalos,811,6,5.497438326018584
intervalos,811,7,5.779550419497609
intervalos,812,2,0.7467122251627522
intervalos,812,3,1.9479927495798615
intervalos,812,4,3.36273856395662
intervalos,812,5,4.758017288397544
intervalos,812,6,5.626941256676082
intervalos,812,7,5.8311234414940225
intervalos,813,2,0.7922391179157817
intervalos,813,3,2.0206926440525765
intervalos,813,4,3.429059497224327
intervalos,813,5,4.7841812180598255
intervalos,813,6,5.593616247910834
intervalos,813,7,5.83749551112143
intervalos,814,2,0.7666756593928853
intervalos,814,3,1.9783784358354048
intervalos,814,4,3.4374769471972995
intervalos,814,5,4.840489435338938
intervalos,814,6,5.611523033766181
intervalos,814,7,5.838977800480538
intervalos,815,2,0.7238099241878992
intervalos,815,3,1.966539984498982
intervalos,815,4,3.4443120583941784
intervalos,815,5,4.839619639162291
intervalos,815,6,5.6053645052084615
intervalos,815,7,5.842904979973795
intervalos,816,2,0.7103912662168856
intervalos,816,3,1.8724268451409523
intervalos,816,4,3.261641467482578
intervalos,816,5,4.690605861888392
intervalos,816,6,5.581349770075996
intervalos,816,7,5.83505062098728
intervalos,817,2,0.7236843761860374
intervalos,817,3,1.8826618983858743
intervalos,817,4,3.2747131492334534
intervalos,817,5,4.651950766558909
intervalos,817,6,5.576473802746304
intervalos,817,7,5.838977800480537
intervalos,818,2,0.7352792074959564
intervalos,818,3,1.909762678075296
intervalos,818,4,3.333615428607501
intervalos,818,5,4.748329446346734
intervalos,818,6,5.573075937517643
intervalos,818,7,5.803113496457154
intervalos,819,2,0.7842941601654461
intervalos,819,3,2.0165147646366
intervalos,819,4,3.4098441995489175
intervalos,819,5,4.734220111318095
intervalos,819,6,5.59901043577774
intervalos,819,7,5.838977800480538
intervalos,820,2,0.7467280065805464
intervalos,820,3,1.9290001525009526
intervalos,820,4,3.357269133853176
intervalos,820,5,4.715759947178139
intervalos,820,6,5.555415271815897
intervalos,820,7,5.807560364534478
intervalos,821,2,0.7461597697068053
intervalos,821,3,1.9427966852049061
intervalos,821,4,3.3499761314685674
intervalos,821,5,4.737489758891789
intervalos,821,6,5.58970016214496
intervalos,821,7,5.831123441494021
intervalos,822,2,0.7104225640613531
intervalos,822,3,1.8531122679135885
intervalos,822,4,3.237654465971975
intervalos,822,5,4.603324584043558
intervalos,822,6,5.4927578995618935
intervalos,822,7,5.810005254668626
intervalos,823,2,0.7565081965344934
intervalos,823,3,1.9546476478547699
intervalos,823,4,3.3724368284739685
intervalos,823,5,4.72437700069357
intervalos,823,6,5.5588896965551715
intervalos,823,7,5.8257139726416565
intervalos,824,2,0.7666597883069823
intervalos,824,3,1.983466547353446
intervalos,824,4,3.432755070745523
intervalos,824,5,4.843838329957915
intervalos,824,6,5.664624012233804
intervalos,824,7,5.842904979973796
intervalos,825,2,0.7103286685631887
intervalos,825,3,1.8734282838354432
intervalos,825,4,3.2738114255470125
intervalos,825,5,4.6303796448503896
intervalos,825,6,5.5059076994499385
intervalos,825,7,5.795778826054701
intervalos,826,2,0.7461597697068053
intervalos,826,3,1.9205211837496456
intervalos,826,4,3.366919835495297
intervalos,826,5,4.7240428150519636
intervalos,826,6,5.581867990613208
intervalos,826,7,5.817859613655144
intervalos,827,2,0.7343343921058413
intervalos,827,3,1.898152635070913
intervalos,827,4,3.3395368775664087
intervalos,827,5,4.709139705375107
intervalos,827,6,5.533396859321673
intervalos,827,7,5.794296536695595
intervalos,828,2,0.7566664997157873
intervalos,828,3,1.918727010388177
intervalos,828,4,3.3003890980153403
intervalos,828,5,4.675336014647263
intervalos,828,6,5.487168170821988
intervalos,828,7,5.786442177709079
intervalos,829,2,0.7566664997157873
intervalos,829,3,1.923629467967684
intervalos,829,4,3.319287328613597
intervalos,829,5,4.684097943734167
intervalos,829,6,5.519210618359206
intervalos,829,7,5.806078075175371
intervalos,830,2,0.7102347671699972
intervalos,830,3,1.8510374727120986
intervalos,830,4,3.221755426817847
intervalos,830,5,4.581527646552631
intervalos,830,6,5.532436977757861
intervalos,830,7,5.811487544027731
intervalos,831,2,0.7357513900778979
intervalos,831,3,1.9003458403631086
intervalos,831,4,3.265072474463834
intervalos,831,5,4.630440152334801
intervalos,831,6,5.551303645177023
intervalos,831,7,5.8257139726416565
intervalos,832,2,0.7187324891724501
intervalos,832,3,1.860958099423498
intervalos,832,4,3.2671674795799417
intervalos,832,5,4.662877835509295
intervalos,832,6,5.485936188874561
intervalos,832,7,5.7982237161888515
intervalos,833,2,0.7756936559515487
intervalos,833,3,1.9580877014747318
intervalos,833,4,3.342647328300851
intervalos,833,5,4.635262956731521
intervalos,833,6,5.498202666709401
intervalos,833,7,5.79674142682975
intervalos,834,2,0.7238099241878992
intervalos,834,3,1.90662950151239
intervalos,834,4,3.354215447633962
intervalos,834,5,4.806710274368583
intervalos,834,6,5.654353857037207
intervalos,834,7,5.862540877440085
intervalos,835,2,0.7357513900778979
intervalos,835,3,1.8951765279620223
intervalos,835,4,3.304123732218306
intervalos,835,5,4.684992269668305
intervalos,835,6,5.532360418247248
intervalos,835,7,5.803633185041218
intervalos,836,2,0.7356569655547306
intervalos,836,3,1.8945808131636952
intervalos,836,4,3.246631536108254
intervalos,836,5,4.611270901883412
intervalos,836,6,5.533396859321677
intervalos,836,7,5.811487544027732
intervalos,837,2,0.7658977752069915
intervalos,837,3,1.95216611416821
intervalos,837,4,3.3300530380140794
intervalos,837,5,4.699164456434893
intervalos,837,6,5.521572042513438
intervalos,837,7,5.802150895682113
intervalos,838,2,0.7929437089985439
intervalos,838,3,1.9978192753917092
intervalos,838,4,3.4254298279809996
intervalos,838,5,4.767773017526629
intervalos,838,6,5.595536011038468
intervalos,838,7,5.829641152134915
intervalos,839,2,0.75609652890287
intervalos,839,3,1.9369099253369269
intervalos,839,4,3.3745230435491793
intervalos,839,5,4.759609550712715
intervalos,839,6,5.588986400734745
intervalos,839,7,5.819341903014248
intervalos,840,2,0.7467122251627522
intervalos,840,3,1.935763165477225
intervalos,840,4,3.3310800382175314
intervalos,840,5,4.661733689948742
intervalos,840,6,5.519210618359205
intervalos,840,7,5.7864421777090795
intervalos,841,2,0.7235745130140392
intervalos,841,3,1.8719019833287607
intervalos,841,4,3.2346585574467257
intervalos,841,5,4.542411169942911
intervalos,841,6,5.428545865696245
intervalos,841,7,5.762879100749531
intervalos,842,2,0.7234332484699303
intervalos,842,3,1.8514393456406928
intervalos,842,4,3.1855871120452877
intervalos,842,5,4.562253158380112
intervalos,842,6,5.483770305593327
intervalos,842,7,5.803633185041217
intervalos,843,2,0.7666121740244782
intervalos,843,3,1.9477829050274784
intervalos,843,4,3.315176177056168
intervalos,843,5,4.657947281613994
intervalos,843,6,5.494677662689524
intervalos,843,7,5.794296536695595
intervalos,844,2,0.7664217015193592
intervalos,844,3,1.9667026922285744
intervalos,844,4,3.386280915227745
intervalos,844,5,4.73921448184424
intervalos,844,6,5.5498255430759915
intervalos,844,7,5.79525913747064
intervalos,845,2,0.7235745130140392
intervalos,845,3,1.905300197406481
intervalos,845,4,3.32190159554053
intervalos,845,5,4.725099789153681
intervalos,845,6,5.565489886139495
intervalos,845,7,5.803633185041215
intervalos,846,2,0.7463334207460348
intervalos,846,3,1.915556102501514
intervalos,846,4,3.3038155023083142
intervalos,846,5,4.67358099187953
intervalos,846,6,5.523891044815896
intervalos,846,7,5.7785878187225626
intervalos,847,2,0.7658977752069915
intervalos,847,3,1.9251918515274795
intervalos,847,4,3.307140317006078
intervalos,847,5,4.696481178521584
intervalos,847,6,5.573517598544244
intervalos,847,7,5.81148754402773
intervalos,848,2,0.7237628449256375
intervalos,848,3,1.904617596294213
intervalos,848,4,3.267410604388826
intervalos,848,5,4.593538673828878
intervalos,848,6,5.503028054758488
intervalos,848,7,5.803633185041216
intervalos,849,2,0.7568880956996007
intervalos,849,3,1.9272397398150467
intervalos,849,4,3.3211788771879087
intervalos,849,5,4.725200340439604
intervalos,849,6,5.588740280581146
intervalos,849,7,5.800668606323005
intervalos,850,2,0.7352792074959564
intervalos,850,3,1.8911957783227056
intervalos,850,4,3.302160886003294
intervalos,850,5,4.744492601208233
intervalos,850,6,5.601006758415985
intervalos,850,7,5.838977800480538
intervalos,851,2,0.765389547494397
intervalos,851,3,1.9265912383732482
intervalos,851,4,3.2932570834370476
intervalos,851,5,4.671600043116273
intervalos,851,6,5.484730187157142
intervalos,851,7,5.753542452403908
intervalos,852,2,0.7666121740244782
intervalos,852,3,1.9337816631742717
intervalos,852,4,3.3326498466606895
intervalos,852,5,4.715225413820979
intervalos,852,6,5.570119733315583
intervalos,852,7,5.81934190301425
intervalos,853,2,0.7357513900778979
intervalos,853,3,1.8959972128466789
intervalos,853,4,3.3209508692135246
intervalos,853,5,4.732514238139628
intervalos,853,6,5.573517598544245
intervalos,853,7,5.811487544027731
intervalos,854,2,0.7357199159028953
intervalos,854,3,1.9507691028800807
intervalos,854,4,3.3854312218116616
intervalos,854,5,4.727143589654889
intervalos,854,6,5.528767012145585
intervalos,854,7,5.806078075175365
intervalos,855,2,0.7104225640613531
intervalos,855,3,1.8402070894794555
intervalos,855,4,3.2196736733561866
intervalos,855,5,4.638453708236913
intervalos,855,6,5.581867990613209
intervalos,855,7,5.80215089568211
intervalos,856,2,0.7099530276069319
intervalos,856,3,1.853282159294619
intervalos,856,4,3.258784701978212
intervalos,856,5,4.67032109473677
intervalos,856,6,5.583787753740842
intervalos,856,7,5.810005254668628
intervalos,857,2,0.7103912662168856
intervalos,857,3,1.851429775965095
intervalos,857,4,3.2260672954752576
intervalos,857,5,4.647182650794581
intervalos,857,6,5.554455390252083
intervalos,857,7,5.821786793148401
intervalos,858,2,0.7569514027393132
intervalos,858,3,1.9379348884002119
intervalos,858,4,3.3415763430601158
intervalos,858,5,4.754521063740444
intervalos,858,6,5.5725577169804295
intervalos,858,7,5.7982237161888515
intervalos,859,2,0.7357199159028953
intervalos,859,3,1.8764944347728485
intervalos,859,4,3.268192476222918
intervalos,859,5,4.66268144595619
intervalos,859,6,5.534874961422707
intervalos,859,7,5.835050620987279
intervalos,860,2,0.7467280065805464
intervalos,860,3,1.9519477415532194
intervalos,860,4,3.32100014348665
intervalos,860,5,4.674669665296
intervalos,860,6,5.499553630019214
intervalos,860,7,5.806078075175366
intervalos,861,2,0.7357513900778979
intervalos,861,3,1.9134541066679833
intervalos,861,4,3.275688197507764
intervalos,861,5,4.622705309930212
intervalos,861,6,5.491721458487466
intervalos,861,7,5.777105529363456
intervalos,862,2,0.7464754837422931
intervalos,862,3,1.9158072822495922
intervalos,862,4,3.3131623210292935
intervalos,862,5,4.728854610458659
intervalos,862,6,5.574995700645275
intervalos,862,7,5.8232690825075055
intervalos,863,2,0.7101095561400632
intervalos,863,3,1.8460007594317012
intervalos,863,4,3.2351385159547377
intervalos,863,5,4.668124690165106
intervalos,863,6,5.527484450917558
intervalos,863,7,5.807560364534475
intervalos,864,2,0.7356569655547306
intervalos,864,3,1.8735114665342099
intervalos,864,4,3.2651478654937667
intervalos,864,5,4.659891936773451
intervalos,864,6,5.518174177284777
intervalos,864,7,5.783997287574926
intervalos,865,2,0.7356569655547306
intervalos,865,3,1.9132113819074388
intervalos,865,4,3.2954189360693706
intervalos,865,5,4.608396704363894
intervalos,865,6,5.451133078008286
intervalos,865,7,5.781032708856717
intervalos,866,2,0.7758846634769101
intervalos,866,3,1.98499588881742
intervalos,866,4,3.423036318739821
intervalos,866,5,4.797017396977447
intervalos,866,6,5.622506950372993
intervalos,866,7,5.842904979973796
intervalos,867,2,0.7235745130140392
intervalos,867,3,1.8697102255958458
intervalos,867,4,3.2173211715933094
intervalos,867,5,4.589765757606202
intervalos,867,6,5.4756154543973645
intervalos,867,7,5.783997287574931
intervalos,868,2,0.7461597697068053
intervalos,868,3,1.9440530573309984
intervalos,868,4,3.37900135362743
intervalos,868,5,4.810030681067619
intervalos,868,6,5.636251530308861
intervalos,868,7,5.846832159467055
intervalos,869,2,0.7569514027393132
intervalos,869,3,1.930729292308449
intervalos,869,4,3.35063280843075
intervalos,869,5,4.708553658036311
intervalos,869,6,5.639649395537525
intervalos,869,7,5.846832159467053
intervalos,870,2,0.7355625350363237
intervalos,870,3,1.9130205460540641
intervalos,870,4,3.353329058078232
intervalos,870,5,4.750515135594567
intervalos,870,6,5.606842607309491
intervalos,870,7,5.819341903014247
intervalos,871,2,0.6918826419577535
intervalos,871,3,1.8441567191997696
intervalos,871,4,3.2552583369995767
intervalos,871,5,4.670650999894343
intervalos,871,6,5.536794724550339
intervalos,871,7,5.7957788260547005
intervalos,872,2,0.7464754837422931
intervalos,872,3,1.9114989916916054
intervalos,872,4,3.2599560030398296
intervalos,872,5,4.654512621480359
intervalos,872,6,5.49223967902468
intervalos,872,7,5.778587818722565
intervalos,873,2,0.7459545195205959
intervalos,873,3,1.9125587014631256
intervalos,873,4,3.315137254443421
intervalos,873,5,4.659797820327323
intervalos,873,6,5.51721429572096
intervalos,873,7,5.786442177709081
intervalos,874,2,0.7464754837422931
intervalos,874,3,1.9497071892323334
intervalos,874,4,3.3638494717072454
intervalos,874,5,4.746697462551641
intervalos,874,6,5.597532333676711
intervalos,874,7,5.838977800480536
intervalos,875,2,0.7459545195205959
intervalos,875,3,1.895037478369874
intervalos,875,4,3.227186609752787
intervalos,875,5,4.5682185210120005
intervalos,875,6,5.493004019715497
intervalos,875,7,5.783477598990867
intervalos,876,2,0.7237628449256375
intervalos,876,3,1.9064138289913706
intervalos,876,4,3.3207360883059156
intervalos,876,5,4.7456474334372185
intervalos,876,6,5.609280590974339
intervalos,876,7,5.835050620987279
intervalos,877,2,0.7463334207460348
intervalos,877,3,1.9075131457964134
intervalos,877,4,3.3386918777721117
intervalos,877,5,4.826399272405872
intervalos,877,6,5.673934285866585
intervalos,877,7,5.85075933896031
intervalos,878,2,0.7466648799018465
intervalos,878,3,1.9316094462948052
intervalos,878,4,3.348244676345852
intervalos,878,5,4.68085988319024
intervalos,878,6,5.485171848183742
intervalos,878,7,5.803633185041215
intervalos,879,2,0.7631003485940714
intervalos,879,3,1.9532331428229104
intervalos,879,4,3.3356295754434058
intervalos,879,5,4.726164575383971
intervalos,879,6,5.543667014518273
intervalos,879,7,5.819341903014249
intervalos,880,2,0.7466648799018465
intervalos,880,3,1.894723752374148
intervalos,880,4,3.238711805755546
intervalos,880,5,4.598050535126995
intervalos,880,6,5.515217973082718
intervalos,880,7,5.791851646561439
intervalos,881,2,0.7662788309916566
intervalos,881,3,1.9461215570330903
intervalos,881,4,3.336666284736914
intervalos,881,5,4.68343662972323
intervalos,881,6,5.560809459682803
intervalos,881,7,5.827196262000764
intervalos,882,2,0.7235745130140392
intervalos,882,3,1.8792558348156108
intervalos,882,4,3.2793202008124087
intervalos,882,5,4.65792854412499
intervalos,882,6,5.533201318448675
intervalos,882,7,5.815414723520989
intervalos,883,2,0.7466648799018465
intervalos,883,3,1.9401559807887148
intervalos,883,4,3.374963778097703
intervalos,883,5,4.7358574527751065
intervalos,883,6,5.596572452112894
intervalos,883,7,5.827196262000766
intervalos,884,2,0.7352792074959564
intervalos,884,3,1.8859594569467388
intervalos,884,4,3.2739261267710873
intervalos,884,5,4.681335628812178
intervalos,884,6,5.5326830979114625
intervalos,884,7,5.81541472352099
intervalos,885,2,0.7656595652968758
intervalos,885,3,1.931555895869022
intervalos,885,4,3.2880029462069076
intervalos,885,5,4.637401014619235
intervalos,885,6,5.534356740885492
intervalos,885,7,5.81541472352099
intervalos,886,2,0.7356569655547306
intervalos,886,3,1.8666487465705037
intervalos,886,4,3.1979926808165473
intervalos,886,5,4.567047181190699
intervalos,886,6,5.472463709322301
intervalos,886,7,5.80363318504122
intervalos,887,2,0.7095459767006717
intervalos,887,3,1.84116372790887
intervalos,887,4,3.232056425830503
intervalos,887,5,4.637115866281919
intervalos,887,6,5.5554152718159
intervalos,887,7,5.819341903014248
intervalos,888,2,0.7466648799018465
intervalos,888,3,1.9556395986664319
intervalos,888,4,3.4128408247703694
intervalos,888,5,4.818392773776037
intervalos,888,6,5.584110433405055
intervalos,888,7,5.827196262000762
intervalos,889,2,0.7567931300584542
intervalos,889,3,1.9588484538295172
intervalos,889,4,3.3984161173372986
intervalos,889,5,4.7256195367395835
intervalos,889,6,5.506666667344199
intervalos,889,7,5.79281424733649
intervalos,890,2,0.7356569655547306
intervalos,890,3,1.9573437340964044
intervalos,890,4,3.383840971015161
intervalos,890,5,4.749822556875451
intervalos,890,6,5.573322057671245
intervalos,890,7,5.800668606323002
intervalos,891,2,0.7236843761860374
intervalos,891,3,1.8632995173457974
intervalos,891,4,3.214066126154161
intervalos,891,5,4.547268669512908
intervalos,891,6,5.488128052385806
intervalos,891,7,5.778587818722563
intervalos,892,2,0.7237628449256375
intervalos,892,3,1.8752913114580834
intervalos,892,4,3.2908046702376232
intervalos,892,5,4.7136883013283
intervalos,892,6,5.600930198905372
intervalos,892,7,5.838977800480536
intervalos,893,2,0.7348698612497535
intervalos,893,3,1.9092429583932073
intervalos,893,4,3.308266169891952
intervalos,893,5,4.727834903370212
intervalos,893,6,5.632777105569591
intervalos,893,7,5.823269082507506
intervalos,894,2,0.7092954287181523
intervalos,894,3,1.8391447399797411
intervalos,894,4,3.220292140124815
intervalos,894,5,4.620646401336153
intervalos,894,6,5.557853255480742
intervalos,894,7,5.835050620987279
intervalos,895,2,0.7752160285421434
intervalos,895,3,1.9934659880639056
intervalos,895,4,3.4378412773218687
intervalos,895,5,4.855352823535871
intervalos,895,6,5.660707926467929
intervalos,895,7,5.845349870107948
intervalos,896,2,0.7664217015193592
intervalos,896,3,1.9924506161278384
intervalos,896,4,3.4364153885849165
intervalos,896,5,4.7786442920113466
intervalos,896,6,5.564725545448678
intervalos,896,7,5.813932434161883
intervalos,897,2,0.7104225640613531
intervalos,897,3,1.8265332909252767
intervalos,897,4,3.188038906641085
intervalos,897,5,4.517452812013242
intervalos,897,6,5.453843162056743
intervalos,897,7,5.7785878187225626
intervalos,898,2,0.7237628449256375
intervalos,898,3,1.8919411902604597
intervalos,898,4,3.2727653451379606
intervalos,898,5,4.637570097626608
intervalos,898,6,5.541229030853427
intervalos,898,7,5.816377324296035
intervalos,899,2,0.7846772949943275
intervalos,899,3,1.9920655039831536
intervalos,899,4,3.4487082973621583
intervalos,899,5,4.85909983271228
intervalos,899,6,5.623985052474022
intervalos,899,7,5.81541472352099
intervalos,900,2,0.7238099241878992
intervalos,900,3,1.8632752670459576
intervalos,900,4,3.274893779303813
intervalos,900,5,4.645066892767668
intervalos,900,6,5.51502243220972
intervalos,900,7,5.807560364534474
intervalos,901,2,0.7357199159028953
intervalos,901,3,1.9292486091594228
intervalos,901,4,3.3497772424001075
intervalos,901,5,4.716707374419292
intervalos,901,6,5.546673798000934
intervalos,901,7,5.794296536695594
intervalos,902,2,0.7464754837422931
intervalos,902,3,1.943050431415799
intervalos,902,4,3.406198404448145
intervalos,902,5,4.833205725169212
intervalos,902,6,5.645561803941642
intervalos,902,7,5.838977800480539
intervalos,903,2,0.7650877042967619
intervalos,903,3,1.96476292833835
intervalos,903,4,3.3963281228637805
intervalos,903,5,4.719655251285571
intervalos,903,6,5.439511959501873
intervalos,903,7,5.759914522031319
intervalos,904,2,0.7467122251627522
intervalos,904,3,1.9475541677275463
intervalos,904,4,3.3779939833511987
intervalos,904,5,4.753576623324137
intervalos,904,6,5.587262178480115
intervalos,904,7,5.8036331850412175
intervalos,905,2,0.7237628449256375
intervalos,905,3,1.8961470429675495
intervalos,905,4,3.3025553872893245
intervalos,905,5,4.737641069303052
intervalos,905,6,5.60048853787877
intervalos,905,7,5.838977800480535
intervalos,906,2,0.745717657054418
intervalos,906,3,1.9123499983326955
intervalos,906,4,3.3513028359291934
intervalos,906,5,4.722713752190297
intervalos,906,6,5.587262178480114
intervalos,906,7,5.846832159467053
intervalos,907,2,0.7463334207460348
intervalos,907,3,1.9166084351662007
intervalos,907,4,3.297874755210899
intervalos,907,5,4.64274842056097
intervalos,907,6,5.515217973082716
intervalos,907,7,5.795778826054701
intervalos,908,2,0.7355625350363237
intervalos,908,3,1.8720183924719362
intervalos,908,4,3.227723528630803
intervalos,908,5,4.557284308570777
intervalos,908,6,5.469703045993243
intervalos,908,7,5.783477598990868
intervalos,909,2,0.7343343921058413
intervalos,909,3,1.8917637112399468
intervalos,909,4,3.2986411661241246
intervalos,909,5,4.660655523891366
intervalos,909,6,5.508863903651997
intervalos,909,7,5.778587818722563
intervalos,910,2,0.7467280065805464
intervalos,910,3,1.9199017688587483
intervalos,910,4,3.3617118403464796
intervalos,910,5,4.734804759157425
intervalos,910,6,5.612236795176397
intervalos,910,7,5.819341903014248
intervalos,911,2,0.7461597697068053
intervalos,911,3,1.9322282995060085
intervalos,911,4,3.344497283728573
intervalos,911,5,4.742269967268718
intervalos,911,6,5.5779519048473345
intervalos,911,7,5.835050620987279
intervalos,912,2,0.7841185232315591
intervalos,912,3,1.9863959479908644
intervalos,912,4,3.385890890227998
intervalos,912,5,4.748674347312173
intervalos,912,6,5.574554039618674
intervalos,912,7,5.8060780751753684
intervalos,913,2,0.7466648799018465
intervalos,913,3,1.8850804228593439
intervalos,913,4,3.2866364429960946
intervalos,913,5,4.676301326769504
intervalos,913,6,5.5302956935272185
intervalos,913,7,5.794296536695596
intervalos,914,2,0.7346178998122669
intervalos,914,3,1.867440408392406
intervalos,914,4,3.2258783204345667
intervalos,914,5,4.544593385109374
intervalos,914,6,5.44305478632293
intervalos,914,7,5.758432232672213
intervalos,915,2,0.7568880956996007
intervalos,915,3,1.940683548168338
intervalos,915,4,3.341736049701079
intervalos,915,5,4.750633781798186
intervalos,915,6,5.59265636634702
intervalos,915,7,5.825713972641659
intervalos,916,2,0.7103286685631887
intervalos,916,3,1.8438066694173596
intervalos,916,4,3.2101766752935603
intervalos,916,5,4.58649611003251
intervalos,916,6,5.508226701752394
intervalos,916,7,5.799706005547959
intervalos,917,2,0.7228209473774607
intervalos,917,3,1.889029171523953
intervalos,917,4,3.276373383043188
intervalos,917,5,4.654097056648405
intervalos,917,6,5.532878638784461
intervalos,917,7,5.807560364534476
intervalos,918,2,0.7357199159028953
intervalos,918,3,1.9266551243191548
intervalos,918,4,3.3467952814198805
intervalos,918,5,4.7764447883298535
intervalos,918,6,5.615192999378457
intervalos,918,7,5.835050620987279
intervalos,919,2,0.6931315754726863
intervalos,919,3,1.8653848538325657
intervalos,919,4,3.263296753307392
intervalos,919,5,4.613428019581723
intervalos,919,6,5.523568365151682
intervalos,919,7,5.802150895682113
intervalos,920,2,0.7569514027393132
intervalos,920,3,1.9303991552268267
intervalos,920,4,3.3503329769522203
intervalos,920,5,4.745758057475663
intervalos,920,6,5.577951904847337
intervalos,920,7,5.827196262000762
intervalos,921,2,0.7102347671699972
intervalos,921,3,1.8383373328927817
intervalos,921,4,3.2308072414245683
intervalos,921,5,4.64252483030241
intervalos,921,6,5.559331357581774
intervalos,921,7,5.8139324341618845
intervalos,922,2,0.6931471805599453
intervalos,922,3,1.85664428816684
intervalos,922,4,3.2455003197428582
intervalos,922,5,4.640126594886143
intervalos,922,6,5.519652279385806
intervalos,922,7,5.795778826054702
intervalos,923,2,0.7916944283289821
intervalos,923,3,1.9930597437043418
intervalos,923,4,3.396484936739952
intervalos,923,5,4.745762233763365
intervalos,923,6,5.583787753740841
intervalos,923,7,5.839940401255583
intervalos,924,2,0.7566664997157873
intervalos,924,3,1.9197230895634516
intervalos,924,4,3.3540617334912692
intervalos,924,5,4.7487755432412735
intervalos,924,6,5.617630983043302
intervalos,924,7,5.835050620987279
intervalos,925,2,0.7661041926524055
intervalos,925,3,1.9566256394586543
intervalos,925,4,3.407515593811685
intervalos,925,5,4.772042145126007
intervalos,925,6,5.6249449340378375
intervalos,925,7,5.823269082507504
intervalos,926,2,0.7466648799018465
intervalos,926,3,1.9045635673531363
intervalos,926,4,3.3020380069106325
intervalos,926,5,4.69401344004626
intervalos,926,6,5.584305974278054
intervalos,926,7,5.817859613655142
intervalos,927,2,0.7228209473774607
intervalos,927,3,1.8742177801623812
intervalos,927,4,3.264839148393472
intervalos,927,5,4.6776175421622765
intervalos,927,6,5.531204995810432
intervalos,927,7,5.7942965366955965
intervalos,928,2,0.7463334207460348
intervalos,928,3,1.8922363824363524
intervalos,928,4,3.2677997094132465
intervalos,928,5,4.676635400126132
intervalos,928,6,5.531400536683431
intervalos,928,7,5.799706005547957
intervalos,929,2,0.7232605736267138
intervalos,929,3,1.9003843526186892
intervalos,929,4,3.310791100630113
intervalos,929,5,4.746597988443593
intervalos,929,6,5.599010435777741
intervalos,929,7,5.810005254668627
intervalos,930,2,0.7215641569627158
intervalos,930,3,1.863240340309142
intervalos,930,4,3.286377198489683
intervalos,930,5,4.721516183001143
intervalos,930,6,5.57255771698043
intervalos,930,7,5.815414723520991
intervalos,931,2,0.7357513900778979
intervalos,931,3,1.9344678418159194
intervalos,931,4,3.3106916292064223
intervalos,931,5,4.61912878326064
intervalos,931,6,5.502314293348276
intervalos,931,7,5.7942965366955965
intervalos,932,2,0.7356569655547306
intervalos,932,3,1.9336627350324354
intervalos,932,4,3.351472135874125
intervalos,932,5,4.737642334306847
intervalos,932,6,5.5647255454486775
intervalos,932,7,5.8350506209872774
intervalos,933,2,0.7757891628155212
intervalos,933,3,1.9561084559440973
intervalos,933,4,3.352418000945867
intervalos,933,5,4.716287100941437
intervalos,933,6,5.486454409411774
intervalos,933,7,5.774140950645244
intervalos,934,2,0.7758528306122003
intervalos,934,3,1.9735042277253307
intervalos,934,4,3.364737754004109
intervalos,934,5,4.738206867368398
intervalos,934,6,5.613196676740212
intervalos,934,7,5.831123441494021
intervalos,935,2,0.7230564775667203
intervalos,935,3,1.8971481370667462
intervalos,935,4,3.3015894109798043
intervalos,935,5,4.658155121208396
intervalos,935,6,5.51086022629024
intervalos,935,7,5.783477598990865
intervalos,936,2,0.7569514027393132
intervalos,936,3,1.952998585253083
intervalos,936,4,3.360259053990132
intervalos,936,5,4.756455856183982
intervalos,936,6,5.595094350011865
intervalos,936,7,5.8271962620007605
intervalos,937,2,0.7352792074959564
intervalos,937,3,1.9267539345960807
intervalos,937,4,3.3520129196713064
intervalos,937,5,4.759785690992367
intervalos,937,6,5.59901043577774
intervalos,937,7,5.838977800480537
intervalos,938,2,0.7666756593928853
intervalos,938,3,1.945844618934106
intervalos,938,4,3.3591188240866696
intervalos,938,5,4.685540939780713
intervalos,938,6,5.500071850556432
intervalos,938,7,5.811487544027733
intervalos,939,2,0.7566664997157873
intervalos,939,3,1.9755828133204751
intervalos,939,4,3.3963958271617067
intervalos,939,5,4.788419193236005
intervalos,939,6,5.602926521543616
intervalos,939,7,5.827196262000763
intervalos,940,2,0.7664217015193592
intervalos,940,3,1.9517954449213235
intervalos,940,4,3.377208231584961
intervalos,940,5,4.770726252054824
intervalos,940,6,5.638689513973708
intervalos,940,7,5.829641152134916
intervalos,941,2,0.7230564775667203
intervalos,941,3,1.8762643215011061
intervalos,941,4,3.292207269770425
intervalos,941,5,4.686176024423798
intervalos,941,6,5.535834842986522
intervalos,941,7,5.81541472352099
intervalos,942,2,0.7467122251627522
intervalos,942,3,1.9290521124218982
intervalos,942,4,3.3377291427458253
intervalos,942,5,4.7050836627470645
intervalos,942,6,5.5554152718159
intervalos,942,7,5.800668606323005
intervalos,943,2,0.7236843761860374
intervalos,943,3,1.8877659764992947
intervalos,943,4,3.3126558944806934
intervalos,943,5,4.702425969558431
intervalos,943,6,5.581867990613211
intervalos,943,7,5.815414723520989
intervalos,944,2,0.7755663038152816
intervalos,944,3,1.9639348081833516
intervalos,944,4,3.37577603311198
intervalos,944,5,4.717638645045114
intervalos,944,6,5.571843955570216
intervalos,944,7,5.823269082507505
intervalos,945,2,0.7238099241878992
intervalos,945,3,1.882296226589487
intervalos,945,4,3.271325836694005
intervalos,945,5,4.647175593522305
intervalos,945,6,5.502314293348276
intervalos,945,7,5.778587818722563
intervalos,946,2,0.69214812742371
intervalos,946,3,1.8434564859127944
intervalos,946,4,3.2626405712105404
intervalos,946,5,4.698653375657344
intervalos,946,6,5.559331357581774
intervalos,946,7,5.823269082507506
intervalos,947,2,0.6931315754726863
intervalos,947,3,1.793247578398664
intervalos,947,4,3.142397964120727
intervalos,947,5,4.562317409617524
intervalos,947,6,5.484653627646531
intervalos,947,7,5.803633185041215
intervalos,948,2,0.7464754837422931
intervalos,948,3,1.947779992020352
intervalos,948,4,3.3482180761962925
intervalos,948,5,4.710431391010389
intervalos,948,6,5.534874961422707
intervalos,948,7,5.7613968113904255
intervalos,949,2,0.7666121740244782
intervalos,949,3,1.944004697647276
intervalos,949,4,3.3744114491428983
intervalos,949,5,4.735952968720699
intervalos,949,6,5.572039496443215
intervalos,949,7,5.79970600554796
intervalos,950,2,0.7566664997157873
intervalos,950,3,1.930285406833738
intervalos,950,4,3.310992999585567
intervalos,950,5,4.623115539310944
intervalos,950,6,5.530958875656828
intervalos,950,7,5.806078075175368
intervalos,951,2,0.746585967774875
intervalos,951,3,1.9297465675055918
intervalos,951,4,3.3645632746073693
intervalos,951,5,4.772865890823215
intervalos,951,6,5.564011784038463
intervalos,951,7,5.819341903014246
intervalos,952,2,0.7104225640613531
intervalos,952,3,1.841211869465573
intervalos,952,4,3.21119812838359
intervalos,952,5,4.623663887101764
intervalos,952,6,5.518496856948992
intervalos,952,7,5.770733459736047
intervalos,953,2,0.7236843761860374
intervalos,953,3,1.8786373923848934
intervalos,953,4,3.2346625741517094
intervalos,953,5,4.555606226019125
intervalos,953,6,5.461479792715493
intervalos,953,7,5.807560364534476
intervalos,954,2,0.7569514027393132
intervalos,954,3,1.9496487220900032
intervalos,954,4,3.396306261717856
intervalos,954,5,4.794232923135038
intervalos,954,6,5.66070792646793
intervalos,954,7,5.8232690825075055
intervalos,955,2,0.7099530276069319
intervalos,955,3,1.827896637642577
intervalos,955,4,3.193590225733241
intervalos,955,5,4.623990693149505
intervalos,955,6,5.545391236772904
intervalos,955,7,5.811487544027733
intervalos,956,2,0.7569514027393132
intervalos,956,3,1.897425965987575
intervalos,956,4,3.293324337853842
intervalos,956,5,4.6159983312749135
intervalos,956,6,5.500071850556431
intervalos,956,7,5.791851646561442
intervalos,957,2,0.7234332484699303
intervalos,957,3,1.9028846126647019
intervalos,957,4,3.3165923240823547
intervalos,957,5,4.677485081525
intervalos,957,6,5.572557716980429
intervalos,957,7,5.827196262000766
intervalos,958,2,0.7355625350363237
intervalos,958,3,1.9152190849508486
intervalos,958,4,3.342960971120355
intervalos,958,5,4.73854641067192
intervalos,958,6,5.595094350011865
intervalos,958,7,5.819341903014247
intervalos,959,2,0.7237628449256375
intervalos,959,3,1.8602575282919205
intervalos,959,4,3.241139100454924
intervalos,959,5,4.5592100878898245
intervalos,959,6,5.456476686594588
intervalos,959,7,5.769251170376941
intervalos,960,2,0.6930067289294951
intervalos,960,3,1.8340564479716726
intervalos,960,4,3.255014730533016
intervalos,960,5,4.704907522467412
intervalos,960,6,5.540192589778999
intervalos,960,7,5.802150895682109
intervalos,961,2,0.746585967774875
intervalos,961,3,1.9271328562396584
intervalos,961,4,3.3767950064084804
intervalos,961,5,4.778581440273394
intervalos,961,6,5.601006758415985
intervalos,961,7,5.831123441494021
intervalos,962,2,0.7749930826210503
intervalos,962,3,1.9540765811274086
intervalos,962,4,3.3423924877525857
intervalos,962,5,4.737122909042535
intervalos,962,6,5.6465216855054585
intervalos,962,7,5.850759338960312
intervalos,963,2,0.7355625350363237
intervalos,963,3,1.8816110002609032
intervalos,963,4,3.2362212804183645
intervalos,963,5,4.560411398760115
intervalos,963,6,5.478817778753024
intervalos,963,7,5.815414723520992
intervalos,964,2,0.7357513900778979
intervalos,964,3,1.908386404384422
intervalos,964,4,3.322809092253332
intervalos,964,5,4.720458131721545
intervalos,964,6,5.58970016214496
intervalos,964,7,5.823269082507508
intervalos,965,2,0.7092954287181523
intervalos,965,3,1.8357741572037676
intervalos,965,4,3.231855681484743
intervalos,965,5,4.625372214746876
intervalos,965,6,5.540515269443213
intervalos,965,7,5.829641152134914
intervalos,966,2,0.7236843761860374
intervalos,966,3,1.9115547085641356
intervalos,966,4,3.302357023114058
intervalos,966,5,4.667797561795779
intervalos,966,6,5.484976307310744
intervalos,966,7,5.765323990883683
intervalos,967,2,0.7235745130140392
intervalos,967,3,1.8713784969582794
intervalos,967,4,3.2743796875265376
intervalos,967,5,4.692960746428579
intervalos,967,6,5.588222060043932
intervalos,967,7,5.8232690825075055
intervalos,968,2,0.7459545195205959
intervalos,968,3,1.8936306608850382
intervalos,968,4,3.257030003870658
intervalos,968,5,4.652459392869807
intervalos,968,6,5.544949575746304
intervalos,968,7,5.819341903014245
intervalos,969,2,0.7656595652968758
intervalos,969,3,1.9868547430899333
intervalos,969,4,3.403060782876193
intervalos,969,5,4.762716117584126
intervalos,969,6,5.618149203580515
intervalos,969,7,5.815414723520991
intervalos,970,2,0.7461597697068053
intervalos,970,3,1.9232080978924864
intervalos,970,4,3.310637360696666
intervalos,970,5,4.658794938491936
intervalos,970,6,5.5253691469169235
intervalos,970,7,5.823269082507507
intervalos,971,2,0.7357513900778979
intervalos,971,3,1.8723652740296457
intervalos,971,4,3.249325331408559
intervalos,971,5,4.648172814995903
intervalos,971,6,5.524332705842497
intervalos,971,7,5.811487544027733
intervalos,972,2,0.7467280065805464
intervalos,972,3,1.9169711714196151
intervalos,972,4,3.3316797452485076
intervalos,972,5,4.743952710189153
intervalos,972,6,5.598050554213924
intervalos,972,7,5.823269082507507
intervalos,973,2,0.7662788309916566
intervalos,973,3,1.9522624827944026
intervalos,973,4,3.3815488463270498
intervalos,973,5,4.764037045995639
intervalos,973,6,5.571843955570215
intervalos,973,7,5.8311234414940225
intervalos,974,2,0.7666597883069823
intervalos,974,3,1.9809040843531942
intervalos,974,4,3.3854752558020698
intervalos,974,5,4.7349822989365435
intervalos,974,6,5.558294916507343
intervalos,974,7,5.819341903014247
intervalos,975,2,0.746585967774875
intervalos,975,3,1.900766107292967
intervalos,975,4,3.2954927344816936
intervalos,975,5,4.689123901290077
intervalos,975,6,5.577756363974335
intervalos,975,7,5.81541472352099
intervalos,976,2,0.7238256169451076
intervalos,976,3,1.8501233289123002
intervalos,976,4,3.217031764775548
intervalos,976,5,4.614648074385723
intervalos,976,6,5.538272826651368
intervalos,976,7,5.813932434161884
intervalos,977,2,0.7238256169451076
intervalos,977,3,1.8774288710702591
intervalos,977,4,3.2532854706428633
intervalos,977,5,4.626919720241797
intervalos,977,6,5.488323593258807
intervalos,977,7,5.7957788260547005
intervalos,978,2,0.746585967774875
intervalos,978,3,1.9311559174027804
intervalos,978,4,3.3859246315244587
intervalos,978,5,4.815414709379454
intervalos,978,6,5.621793188962777
intervalos,978,7,5.8217867931484
intervalos,979,2,0.7235745130140392
intervalos,979,3,1.9146615443488755
intervalos,979,4,3.318729964539064
intervalos,979,5,4.743775492731625
intervalos,979,6,5.603886403107432
intervalos,979,7,5.825713972641657
intervalos,980,2,0.7357513900778979
intervalos,980,3,1.9023571259870693
intervalos,980,4,3.3246186790453978
intervalos,980,5,4.73875489283763
intervalos,980,6,5.587262178480115
intervalos,980,7,5.810005254668627
intervalos,981,2,0.7230564775667203
intervalos,981,3,1.8940635232011749
intervalos,981,4,3.3079679939225413
intervalos,981,5,4.7032890307843855
intervalos,981,6,5.551499186050024
intervalos,981,7,5.802150895682112
intervalos,982,2,0.7236843761860374
intervalos,982,3,1.9034020362333646
intervalos,982,4,3.253746427172328
intervalos,982,5,4.59130521228055
intervalos,982,6,5.4985937484553995
intervalos,982,7,5.803633185041217
intervalos,983,2,0.7558431379610129
intervalos,983,3,1.9389116444386765
intervalos,983,4,3.373906030215193
intervalos,983,5,4.73281010180078
intervalos,983,6,5.5432759327722705
intervalos,983,7,5.807560364534475
intervalos,984,2,0.7238099241878992
intervalos,984,3,1.8684225222833324
intervalos,984,4,3.2748526552568573
intervalos,984,5,4.697727462693438
intervalos,984,6,5.555415271815897
intervalos,984,7,5.79970600554796
intervalos,985,2,0.7467122251627522
intervalos,985,3,1.932808753934101
intervalos,985,4,3.3817379546502075
intervalos,985,5,4.790277754114505
intervalos,985,6,5.616917221633087
intervalos,985,7,5.823269082507506
intervalos,986,2,0.7103286685631887
intervalos,986,3,1.8311927927934608
intervalos,986,4,3.169840840208388
intervalos,986,5,4.487697645451064
intervalos,986,6,5.411726100195931
intervalos,986,7,5.755024741763016
intervalos,987,2,0.6918826419577535
intervalos,987,3,1.8460782751569926
intervalos,987,4,3.2532628920247477
intervalos,987,5,4.682700671472634
intervalos,987,6,5.530440655119616
intervalos,987,7,5.79970600554796
intervalos,988,2,0.7230564775667203
intervalos,988,3,1.8954838104162604
intervalos,988,4,3.295443377095462
intervalos,988,5,4.708691476335508
intervalos,988,6,5.550021083948994
intervalos,988,7,5.784959888349974
intervalos,989,2,0.7236843761860374
intervalos,989,3,1.9008642616475064
intervalos,989,4,3.334253629513084
intervalos,989,5,4.70657911545745
intervalos,989,6,5.557411594454142
intervalos,989,7,5.8217867931484
intervalos,990,2,0.7348698612497535
intervalos,990,3,1.8813575304134977
intervalos,990,4,3.281704015328589
intervalos,990,5,4.696016441889665
intervalos,990,6,5.541993371544242
intervalos,990,7,5.802150895682111
intervalos,991,2,0.7352792074959564
intervalos,991,3,1.9147814865726795
intervalos,991,4,3.2938343250473117
intervalos,991,5,4.630429647047577
intervalos,991,6,5.549579422922392
intervalos,991,7,5.8232690825075055
intervalos,992,2,0.7666597883069823
intervalos,992,3,2.0024519646406285
intervalos,992,4,3.4351703141971623
intervalos,992,5,4.802836806859987
intervalos,992,6,5.598492215240528
intervalos,992,7,5.823269082507506
intervalos,993,2,0.7350902924677045
intervalos,993,3,1.8836718009414102
intervalos,993,4,3.255954777541488
intervalos,993,5,4.637219404392685
intervalos,993,6,5.5147763120561155
intervalos,993,7,5.798223716188853
intervalos,994,2,0.7104225640613531
intervalos,994,3,1.8322810970177938
intervalos,994,4,3.2031004384925312
intervalos,994,5,4.616415617927924
intervalos,994,6,5.486454409411777
intervalos,994,7,5.823269082507506
intervalos,995,2,0.6930847592367835
intervalos,995,3,1.8276176527318584
intervalos,995,4,3.224231301995964
intervalos,995,5,4.611911778794981
intervalos,995,6,5.541229030853428
intervalos,995,7,5.806078075175371
intervalos,996,2,0.7357199159028953
intervalos,996,3,1.8927093039713336
intervalos,996,4,3.263038355327497
intervalos,996,5,4.604655375170988
intervalos,996,6,5.487805372721591
intervalos,996,7,5.795259137470639
intervalos,997,2,0.7354366183501505
intervalos,997,3,1.9304369008953146
intervalos,997,4,3.3435085535924323
intervalos,997,5,4.728659942726608
intervalos,997,6,5.5701197333155825
intervalos,997,7,5.819341903014248
intervalos,998,2,0.746585967774875
intervalos,998,3,1.9659808322391186
intervalos,998,4,3.4332843582949155
intervalos,998,5,4.845238379007685
intervalos,998,6,5.63110346259556
intervalos,998,7,5.815414723520991
intervalos,999,2,0.7235745130140392
intervalos,999,3,1.8947296128070024
intervalos,999,4,3.282709770642238
intervalos,999,5,4.6684380041007785
intervalos,999,6,5.5833460927142395
intervalos,999,7,5.813932434161884
intervalos,1000,2,0.7099530276069319
intervalos,1000,3,1.8861055009487775
intervalos,1000,4,3.2465909933511914
intervalos,1000,5,4.5996223603427975
intervalos,1000,6,5.500071850556431
intervalos,1000,7,5.81541472352099
