composer,composer_id,work_id,work_title,catalogue,period,movement_no,filename,voice,analysis_mode,n_notes,n_intervals,fit_d_min,fit_d_max,n_shuffles,lambda_observed,decay_length_observed,slope_semilog_observed,intercept_semilog_observed,A_observed,r_squared_observed,rmse_log_observed,lambda_null_mean,lambda_null_std,lambda_null_p0,lambda_null_p100,lambda_fit_null_center,decay_length_fit_null_center,r_squared_fit_null_center,r_squared_null_mean,C_observed_0,C_observed_1,C_observed_2,C_observed_3,C_observed_4,C_observed_5,C_observed_6,C_observed_7,C_observed_8,C_null_geometric_mean_0,C_null_geometric_mean_1,C_null_geometric_mean_2,C_null_geometric_mean_3,C_null_geometric_mean_4,C_null_geometric_mean_5,C_null_geometric_mean_6,C_null_geometric_mean_7,C_null_geometric_mean_8,C_null_p0_0,C_null_p0_1,C_null_p0_2,C_null_p0_3,C_null_p0_4,C_null_p0_5,C_null_p0_6,C_null_p0_7,C_null_p0_8,C_null_p100_0,C_null_p100_1,C_null_p100_2,C_null_p100_3,C_null_p100_4,C_null_p100_5,C_null_p100_6,C_null_p100_7,C_null_p100_8
Joseph Haydn,haydn,haydn_op20_no1,String Quartet Op. 20 No. 1,Op. 20 No. 1,Classical,1,haydn_quartet_20_1_1_(c)simonetto.mid,vln I,intervals,1615,1614,1,8,200,0.12204286200626384,8.193842585801331,-0.12204286200626384,-0.06163454253694705,0.9402264367790923,0.9973739778455896,0.014348688640113213,0.2863252303162629,0.021130077407297915,0.2298825902902849,0.33041579732601384,0.28632523031626295,3.4925318977145032,0.9999872520534624,0.9999656167701655,1.0,0.8536415634897448,0.7341821002603026,0.6459705785941178,0.5689592776310987,0.5039440616666964,0.4478693387661856,0.40151857417075515,0.36153937358427984,1.0,0.7023389981007981,0.5237379088118153,0.3931894321688314,0.29545632899840696,0.22209007512092535,0.16696301514351533,0.12550969745875248,0.09433049105600541,1.0,0.662071525494393,0.46992260665317753,0.33803851611218355,0.24324697133726125,0.17511416816682307,0.12592247026358064,0.09069985686841736,0.06544995780446847,1.0,0.7539136452367096,0.598324112828294,0.47550140613024744,0.37871206373733846,0.3012621462297963,0.2391328101449062,0.18972257891029362,0.15055939108244518
Joseph Haydn,haydn,haydn_op20_no1,String Quartet Op. 20 No. 1,Op. 20 No. 1,Classical,1,haydn_quartet_20_1_1_(c)simonetto.mid,vln II,intervals,961,960,1,8,200,0.23848240763846204,4.193181417037664,-0.23848240763846204,-0.08419452694531562,0.919252419336297,0.9993417437089294,0.014024148249937404,0.3283986860227674,0.02428145069810099,0.2670286099543072,0.40285215804663266,0.3283986860227675,3.045079175288391,0.9999845293831138,0.9999530203139423,1.0,0.7450532154099835,0.5662988175333092,0.44277910534623083,0.34899521193577115,0.2767091096669518,0.21913329864999515,0.17493408696112234,0.13773841120918462,1.0,0.6689764290643001,0.4771793150837433,0.3435287573365014,0.24766521494153676,0.17858090908940452,0.1287183760547274,0.09277088412922573,0.06683432535189938,1.0,0.6126826386378266,0.4035421093936,0.26930877282707416,0.18050252629908206,0.12081926159760861,0.08077323269286728,0.05419198109464143,0.03627642032678759,1.0,0.7227353690689288,0.5454733834772104,0.41644034318869205,0.31702628585537046,0.24109622862786248,0.1838202227375735,0.14124348585184335,0.10854709144938143
Joseph Haydn,haydn,haydn_op20_no1,String Quartet Op. 20 No. 1,Op. 20 No. 1,Classical,1,haydn_quartet_20_1_1_(c)simonetto.mid,viola,intervals,936,935,1,8,200,0.2777192372989753,3.6007588445285195,-0.2777192372989753,-0.0006444183383694664,0.9993557892545333,0.9998883782450748,0.006723327681553719,0.3562630215804144,0.02240336653549263,0.3023016018382778,0.4307455157213326,0.3562630215804144,2.8069149460528102,0.9999804811758886,0.999957345099013,1.0,0.752276066659227,0.5709416731763568,0.43546339694230557,0.3307410817245099,0.25120429267566863,0.18995973291671317,0.14336895063794963,0.10694955920098204,1.0,0.6474620162629755,0.4484097701295143,0.3138578984158855,0.2200420707454663,0.15429476454727653,0.10818684057717488,0.07586795439177385,0.05320516440628536,1.0,0.5912449317412491,0.3767018189934159,0.24454115984079158,0.15892943495889594,0.10333203139530558,0.06761708142692407,0.04413802403005617,0.028710058401220102,1.0,0.6962671576832943,0.5075465907822788,0.375625395231187,0.2773127999107243,0.20565041104043447,0.15195244206375777,0.11222938288137485,0.0836448685042592
Joseph Haydn,haydn,haydn_op20_no1,String Quartet Op. 20 No. 1,Op. 20 No. 1,Classical,1,haydn_quartet_20_1_1_(c)simonetto.mid,cello,intervals,1099,1098,1,8,200,0.23306365053571684,4.290673374854526,-0.23306365053571684,-0.06001891841444517,0.9417467170610233,0.9998776740124211,0.00590663488500059,0.38355452854717953,0.02331757726856686,0.33990067578368005,0.4589562464804689,0.38355452854717964,2.6071912220350533,0.9999755717008282,0.9999550616398153,1.0,0.7539703495656708,0.5896366434295613,0.46688586348691125,0.3671877496447162,0.2923317552283487,0.2323800233772568,0.18501332840000337,0.14665612727991323,1.0,0.6285161534928517,0.4226147064685495,0.2877695720892046,0.19635608042252764,0.13406183520798906,0.09151585749230431,0.0624470170108674,0.04260764499592972,1.0,0.5796668320453418,0.35958930028002256,0.2258158914891649,0.14237085747441536,0.09029675661584777,0.05740714267694817,0.036419747895626436,0.023163666024773166,1.0,0.6610482765579933,0.4617580033468159,0.3267333226818254,0.23258688687257714,0.16502661475458086,0.11732019273623223,0.08348876125766277,0.05989286825486256
Joseph Haydn,haydn,haydn_op20_no1,String Quartet Op. 20 No. 1,Op. 20 No. 1,Classical,2,haydn_quartet_20_1_2_(c)simonetto.mid,vln I,intervals,467,466,1,8,200,0.2612471871493478,3.8277924096014386,-0.2612471871493478,-0.015999421071593384,0.9841278897947113,0.9996015865258454,0.011950465301495157,0.370098541897904,0.029543859428126467,0.31092348724611574,0.44438895848941073,0.3700985418979039,2.7019830850235067,0.9999766819082659,0.9998879125372568,1.0,0.7695103271779357,0.5857331773077984,0.4488588254321622,0.34030691364367194,0.26160915603504864,0.20522114716823167,0.15842300044714636,0.12368829142525521,1.0,0.6327636317540866,0.43146147843981725,0.2979718167319637,0.2060535986148873,0.14248776674162472,0.09851554411474239,0.0681788459974872,0.04717369102294476,1.0,0.5761528289141955,0.3678682535605217,0.2383956008410157,0.15422743575838876,0.09926648971087708,0.06365651549314534,0.04045247405124107,0.025630048234723292,1.0,0.683258650379123,0.49601849473413817,0.3637297713845363,0.2668702609622209,0.19428033222022434,0.14203080552939273,0.10460370465507891,0.0779366574383271
Joseph Haydn,haydn,haydn_op20_no1,String Quartet Op. 20 No. 1,Op. 20 No. 1,Classical,2,haydn_quartet_20_1_2_(c)simonetto.mid,vln II,intervals,357,356,1,8,200,0.3740831814266196,2.673202243913659,-0.3740831814266196,0.00883694481365591,1.0088761058802052,0.99978820583004,0.01247529518962852,0.26398914879002455,0.026316992869534428,0.19558429446541103,0.35005216069923856,0.2639891487900246,3.7880344877182583,0.9999883046590176,0.9998175876823404,1.0,0.6850442973355729,0.47348746830023386,0.32997398149063006,0.2301650034581563,0.15843296116984487,0.10698876922570233,0.07244014096103811,0.050275005763593845,1.0,0.7106892552335248,0.5422084729709851,0.416356005740323,0.3199827208114753,0.24599593704520864,0.18914451404474075,0.1452997672953038,0.11157463877632658,1.0,0.6430029970688008,0.4538583143958107,0.3230412014623061,0.2312518525837368,0.16439416394954384,0.11523894213351776,0.07989987814115865,0.054721206731877615,1.0,0.7757632644995553,0.629137437012153,0.5164674109936436,0.425106214800909,0.35055824523268453,0.28829496426571816,0.2370813160754866,0.19433191713598788
Joseph Haydn,haydn,haydn_op20_no1,String Quartet Op. 20 No. 1,Op. 20 No. 1,Classical,2,haydn_quartet_20_1_2_(c)simonetto.mid,viola,intervals,232,231,1,8,200,0.46581536611769436,2.1467733199409675,-0.46581536611769436,-0.08584263531959715,0.9177386395051702,0.9979233307575527,0.048688740438811016,0.5395779457541855,0.028355072092106904,0.4573303499006781,0.6510272098802402,0.5395779457541855,1.8533003579348815,0.9999459699176988,0.9997348169433812,1.0,0.60069666880205,0.37067584881486226,0.22701793721973093,0.13857303010890454,0.08147821909032671,0.05385169762972453,0.03595451633568225,0.023742793081358102,1.0,0.5260946559285138,0.29909019555107913,0.17351824305258165,0.10143136244328335,0.059412750087525085,0.03476223802925223,0.020349235589609584,0.011890972442482814,1.0,0.48046124279308133,0.25,0.1354099935938501,0.07202914798206278,0.03903747597693786,0.019939141575912877,0.010289878283151825,0.005124919923126201,1.0,0.5741111467008329,0.3507367072389494,0.21848975016015373,0.13965406790518897,0.08920563741191544,0.055973734785393976,0.03563420884048687,0.02274183215887252
Joseph Haydn,haydn,haydn_op20_no1,String Quartet Op. 20 No. 1,Op. 20 No. 1,Classical,2,haydn_quartet_20_1_2_(c)simonetto.mid,cello,intervals,267,266,1,8,200,0.44884780812895897,2.227926664426729,-0.44884780812895897,-0.11339054099706189,0.8928019162705045,0.9988326608654289,0.03515854675470958,0.5233486916337869,0.029354923066557067,0.45092018796554956,0.6182294715783179,0.5233486916337872,1.91077194991776,0.9999606333864739,0.9997927203183923,1.0,0.574601179252342,0.3595223130106851,0.23438388554667625,0.15324294394061835,0.09451976893837359,0.05665798689054503,0.03738289784801413,0.026099188889886563,1.0,0.5352205876450721,0.310023283874257,0.18326895156481368,0.10893091126637765,0.06475751885509495,0.03851360149668347,0.022856335887089258,0.013568878629388622,1.0,0.4818173655382958,0.2535093232767651,0.1377689982341145,0.07566370357068032,0.04297985693334531,0.024572745502978062,0.012690431295082457,0.006464936697494837,1.0,0.5897758223339619,0.37221274430576756,0.2380054473077729,0.14860375325491604,0.09419053605100117,0.06004010655173446,0.03789171231031696,0.02442309419053605
Joseph Haydn,haydn,haydn_op20_no1,String Quartet Op. 20 No. 1,Op. 20 No. 1,Classical,3,haydn_quartet_20_1_3_(c)simonetto.mid,vln I,intervals,548,547,1,8,200,0.27015301326369034,3.7016059451608716,-0.27015301326369034,-0.14065387973081597,0.8687899654801987,0.9985620684789194,0.02348935206512493,0.37171856538287473,0.02982456789976864,0.3208269623133727,0.4590963659266138,0.37171856538287507,2.690207305007719,0.9999704487636556,0.9999162777476682,1.0,0.6947433518862091,0.5020270734556449,0.37444513158798876,0.28723287294715866,0.22340410911839484,0.17120868549439977,0.13270803270803272,0.10183467326324469,1.0,0.6314334461733385,0.42918423066476213,0.2957496012297136,0.2042924901243702,0.14109561508744337,0.09746091793308188,0.06732266237226418,0.04648451781547983,1.0,0.5729471586614444,0.3499278499278499,0.22120524977667835,0.14085755514326942,0.08890263175977461,0.05652442795299938,0.035868893011750155,0.0226276369133512,1.0,0.6727341441627156,0.4829038686181543,0.34829931972789113,0.2522847522847523,0.18286264000549715,0.1325018896447468,0.09660551089122518,0.07048031333745619
Joseph Haydn,haydn,haydn_op20_no1,String Quartet Op. 20 No. 1,Op. 20 No. 1,Classical,3,haydn_quartet_20_1_3_(c)simonetto.mid,vln II,intervals,474,473,1,8,200,0.3823551455526486,2.615369537016743,-0.3823551455526486,-0.0441579200349045,0.9568028472026642,0.9992908408919998,0.023338475282743965,0.38363796084196156,0.03259209433093588,0.30274544317349894,0.4841368127738327,0.38363796084196156,2.6066242188476934,0.9999700528749561,0.9999055856212428,1.0,0.6705524020490101,0.4517421200793761,0.29984770870829297,0.20327657021551526,0.13703447321057732,0.094789791868568,0.0659467441967788,0.046721122340671,1.0,0.6273024652045203,0.42165819844602875,0.28682589182680845,0.19566072719226227,0.13350352358039072,0.09117075012833287,0.06224016529510994,0.042527543367376124,1.0,0.5622040703308875,0.33866814343070745,0.2111218791822419,0.13069361761041118,0.08118510314273847,0.04993308412940145,0.030670543172273756,0.018662605565554477,1.0,0.700853754211085,0.5136831418154968,0.3795929669112557,0.2837694402141308,0.21014352300521483,0.1555678619225622,0.11417231990401033,0.0829941390927131
Joseph Haydn,haydn,haydn_op20_no1,String Quartet Op. 20 No. 1,Op. 20 No. 1,Classical,3,haydn_quartet_20_1_3_(c)simonetto.mid,viola,intervals,486,485,1,8,200,0.267358085665509,3.740302065339806,-0.267358085665509,0.03941520261468352,1.0402022887107318,0.9996732142458451,0.01107581019579991,0.359091506341538,0.03503415797765055,0.2797249806769869,0.47721090874487415,0.35909150634153797,2.784805494811351,0.9999754050259496,0.9999084938102072,1.0,0.7816285536345535,0.6106155101181547,0.472855977474277,0.3603852530196574,0.27665938615650465,0.20769628869415718,0.15807478750559195,0.12257572169153444,1.0,0.6462530554802957,0.44562445956189345,0.311052001814314,0.21745481417997164,0.1520793321452307,0.10637485067499337,0.07440931614574549,0.0520147418068811,1.0,0.5769585010920765,0.35091181811004973,0.21660833486838066,0.13404033227195775,0.08332236870959536,0.05204249010990939,0.03242897116742542,0.020315254861714167,1.0,0.709200635071007,0.5366700876292729,0.4072436690262537,0.31020236309570803,0.23449382910976027,0.17689885353894197,0.13322456426585266,0.09940089295895722
Joseph Haydn,haydn,haydn_op20_no1,String Quartet Op. 20 No. 1,Op. 20 No. 1,Classical,3,haydn_quartet_20_1_3_(c)simonetto.mid,cello,intervals,394,393,1,8,200,0.2013510056396553,4.966451480205838,-0.2013510056396553,-0.1386542986281953,0.8705289194876967,0.9971478359552072,0.024674077787239374,0.4271448277958621,0.030409745848665324,0.368303427264837,0.5143895885337326,0.4271448277958624,2.3411263227982055,0.9999710376720001,0.9998921726288418,1.0,0.7471098849337191,0.5769463696924837,0.46352197025772157,0.3793149855326021,0.3130879483211089,0.2580041719938093,0.21448085593163313,0.1786286252607496,1.0,0.5957770609965842,0.38229985094539726,0.2492168580490497,0.16288493854783384,0.10655104395558733,0.06964780671131875,0.045499127383771716,0.02971047320906682,1.0,0.5331808088284772,0.3079738913935805,0.18333894085189423,0.11057129399098312,0.066738442904246,0.04011843079200592,0.023753448623914944,0.01429244330798735,1.0,0.6402260951483749,0.4327030482470897,0.30032972209138015,0.20909763811318216,0.1453737971872687,0.10094879214050198,0.06963192248166342,0.04776260009420631
Joseph Haydn,haydn,haydn_op20_no1,String Quartet Op. 20 No. 1,Op. 20 No. 1,Classical,4,haydn_quartet_20_1_4_(c)simonetto.mid,vln I,intervals,527,526,1,8,200,0.13813200769369213,7.23945171503987,-0.13813200769369213,-0.3175654185138545,0.7279190598335823,0.9705465760089259,0.055135799895803514,0.3726749895918961,0.029300475142408196,0.28115274808766677,0.4560350813099024,0.37267498959189616,2.6833032211124936,0.9999803437373098,0.9999245285331662,1.0,0.6981721605999063,0.5533584782139696,0.4565209305093698,0.39444729618140023,0.34595040953422457,0.310293778501871,0.28284271058837535,0.25838968613535085,1.0,0.633745835422052,0.4313543497963477,0.29711837585105244,0.2049306154209742,0.14137670092500615,0.09756773267528544,0.06728794859733814,0.046383293936384816,1.0,0.5723287283980926,0.3497147023158584,0.2222494997061471,0.1405732735212504,0.08939823390690443,0.05680660015920132,0.03614018642920377,0.023285052186786292,1.0,0.7110124162147283,0.5361439060861026,0.40593359668504175,0.3076677007312845,0.23239672372620349,0.17513632542534277,0.1320478199090916,0.09889823762656133
Joseph Haydn,haydn,haydn_op20_no1,String Quartet Op. 20 No. 1,Op. 20 No. 1,Classical,4,haydn_quartet_20_1_4_(c)simonetto.mid,vln II,intervals,394,393,1,8,200,0.2258628019395745,4.427466547889244,-0.2258628019395745,-0.06348308414920545,0.9384899945231118,0.9994349906109484,0.012304810237146207,0.37740401697546916,0.029947176883013047,0.29542382279540585,0.4439918713126068,0.3774040169754691,2.6496803293564284,0.9999810281071293,0.9998874748599129,1.0,0.764093937150932,0.5957876320570621,0.47459794091918445,0.3753179463024023,0.2995356974631586,0.23925711594105376,0.19476482067155643,0.15644976784873157,1.0,0.6284801568360003,0.4256547420893007,0.29184436561414134,0.20044110459526246,0.1376441242638873,0.0944807656137816,0.0648658542020136,0.04449127574306197,1.0,0.5747661664760111,0.36565507031828276,0.2361752237399906,0.15118767243119574,0.09711324944485566,0.062485700827669736,0.04058946235112038,0.026135522508579503,1.0,0.7005046766704798,0.514783661933921,0.38176434963999734,0.28391090774510463,0.2109279321714555,0.15776865621425207,0.11789247022407644,0.08829823026714219
Joseph Haydn,haydn,haydn_op20_no1,String Quartet Op. 20 No. 1,Op. 20 No. 1,Classical,4,haydn_quartet_20_1_4_(c)simonetto.mid,viola,intervals,338,337,1,8,200,0.211718186720311,4.723259798748625,-0.211718186720311,-0.12756946910171632,0.8802322647654558,0.9935608233496166,0.039053121979395,0.3525233902256989,0.034950988979427,0.2715353463490997,0.44376466609475673,0.35252339022569895,2.836691203269553,0.9999743094989997,0.9998298658452629,1.0,0.7607442203186884,0.5721838445242701,0.45808234318872615,0.36275214147554574,0.2932301740812379,0.23966104817168646,0.2028737220226582,0.17111540941328177,1.0,0.6411299796375205,0.4447357541434859,0.3125338529941502,0.22012323479537707,0.1549774971457886,0.10915163069803574,0.07678311193970758,0.05397749589198109,1.0,0.5731785944551901,0.36289951183568203,0.2329925393755181,0.15096251266464034,0.09910656719167357,0.06318504190844616,0.04089527493782813,0.02626876669429861,1.0,0.704375057566547,0.5273095698627613,0.39872893064382425,0.30277240490006446,0.23107672469374596,0.17713917288385372,0.13628074053605968,0.10476190476190476
Joseph Haydn,haydn,haydn_op20_no1,String Quartet Op. 20 No. 1,Op. 20 No. 1,Classical,4,haydn_quartet_20_1_4_(c)simonetto.mid,cello,intervals,386,385,1,8,200,0.18755830347128588,5.331675439008726,-0.18755830347128588,-0.11391931359694948,0.8923299518719714,0.997529513522285,0.02138672627820047,0.38692790553724454,0.03126488163936952,0.3013531434339013,0.47280489235264617,0.3869279055372446,2.5844607889201283,0.9999748554498118,0.9998852162649402,1.0,0.7734832217590838,0.6013220495979117,0.4997263273125342,0.4141580003648969,0.346076656421484,0.2865142520314934,0.24238979411393205,0.20300899611244438,1.0,0.6194444716568803,0.41496032379090325,0.28164805163354123,0.19157258779083444,0.13029000399393276,0.08862342222943327,0.060304263286371305,0.04101759666507322,1.0,0.5604956984267329,0.3468766227386917,0.2157803881941813,0.13680827473930923,0.08587708587708588,0.05376615721443308,0.03292492947665362,0.020069330414158,1.0,0.6924199682820372,0.5026735716390889,0.37059492231906027,0.2740796878727913,0.2024616507375128,0.14941125285952872,0.10966555794142001,0.0823684616788065
Joseph Haydn,haydn,haydn_op20_no2,String Quartet Op. 20 No. 2,Op. 20 No. 2,Classical,1,haydn_quartet_20_2_1_(c)simonetto.mid,vln I,intervals,1536,1535,1,8,200,0.12509909560425175,7.9936629051538315,-0.12509909560425175,-0.08518775803932024,0.9183398425250274,0.9940534783846703,0.022169732245877618,0.27166662229104654,0.02160400363344133,0.2170502217607591,0.3380709081668176,0.2716666222910467,3.6809821963651546,0.9999915086935017,0.9999699002370335,1.0,0.8405018566329627,0.7164400305838707,0.6195076751115179,0.5456675135518777,0.47930531411898225,0.42736073538437275,0.38562678077330564,0.34824554185224427,1.0,0.7138434979676147,0.5407774256242528,0.4121941844129562,0.31438317086804646,0.23975084318210518,0.1828232069555305,0.1393934668355861,0.10628885252928769,1.0,0.6666906674621216,0.4753768982057691,0.34001241183993525,0.24294633765004783,0.17313145235670668,0.12358609599632445,0.08794320040321336,0.06277065182731771,1.0,0.7695632198095709,0.6180324833623058,0.49771992443178115,0.40043098571266933,0.3224806879313714,0.2593568815423597,0.20905807163894574,0.16829872075760224
Joseph Haydn,haydn,haydn_op20_no2,String Quartet Op. 20 No. 2,Op. 20 No. 2,Classical,1,haydn_quartet_20_2_1_(c)simonetto.mid,vln II,intervals,1530,1529,1,8,200,0.17899240412753212,5.586829256103515,-0.17899240412753212,-0.10883695458143798,0.8968766372043964,0.9960147667130579,0.02594228576393713,0.3210461367373673,0.0215727525530059,0.2743678012948056,0.38120427551521313,0.32104613673736715,3.1148171105950833,0.9999835372224108,0.9999664590164099,1.0,0.7774382473664795,0.6325045508306399,0.5126606829831332,0.4279465494466,0.3596983449404353,0.3019807668549203,0.2530555577154182,0.22454537050716167,1.0,0.6738693100013583,0.48416535839070834,0.3511556261792124,0.25503163215042507,0.18522418449679917,0.13450243102353945,0.09765443705155197,0.07088181349965762,1.0,0.6283748934107773,0.42224019227961407,0.2899218216108947,0.1981803589000597,0.13582685158546878,0.09268921044924279,0.06350860186905875,0.043206756741579345,1.0,0.7158156375785002,0.5392831502201764,0.4090926762512732,0.3107040201955799,0.2363485880113799,0.17990446495450033,0.13688864007270962,0.10474210807779998
Joseph Haydn,haydn,haydn_op20_no2,String Quartet Op. 20 No. 2,Op. 20 No. 2,Classical,1,haydn_quartet_20_2_1_(c)simonetto.mid,viola,intervals,1216,1215,1,8,200,0.13167484902062965,7.594464754945942,-0.13167484902062965,-0.031201316523647236,0.9692804212681942,0.999469217319532,0.006952742432071968,0.3181404156662637,0.024831054784778112,0.23781038077107275,0.39211939588215894,0.3181404156662638,3.1432661515380107,0.9999827272188805,0.9999617654570477,1.0,0.8573264675705186,0.7456064787635043,0.6516622132483252,0.5689603142814816,0.49881074526629976,0.43661697493100404,0.3849975583928189,0.3424971331690964,1.0,0.6763262163063215,0.4876146938883012,0.35448809539574566,0.2580798777810254,0.1879760940702577,0.13693959736940717,0.09972922055539167,0.07264017169059757,1.0,0.6152616909089912,0.4091680977959694,0.27575484069198986,0.18714919042889985,0.12676605013799197,0.0859445727736109,0.05800874589179016,0.03914527288389472,1.0,0.7452018303823722,0.58304207794488,0.45788913457370634,0.3608462226416544,0.2850439214954707,0.22515596108791433,0.1780301991144373,0.14049803299736088
Joseph Haydn,haydn,haydn_op20_no2,String Quartet Op. 20 No. 2,Op. 20 No. 2,Classical,1,haydn_quartet_20_2_1_(c)simonetto.mid,cello,intervals,930,929,1,8,200,0.15080553760655147,6.631056232225234,-0.15080553760655147,0.012472740227885434,1.012550849259015,0.9998316545085123,0.004483676234152199,0.3022490321632091,0.015267197585790936,0.2622815099059424,0.3464550317015578,0.30224903216320903,3.3085300318183255,0.9999637199341042,0.9998979579939571,1.0,0.865599261389464,0.7483283519516888,0.6484651927429631,0.5577522310230557,0.47587386152465605,0.40766072904816747,0.3516667019956145,0.30331314872780457,1.0,0.6712883925779796,0.48984038702602306,0.36186132063798016,0.26779895040972346,0.19826862370897103,0.14681360846563096,0.10868265588307711,0.08041741697429727,1.0,0.6311869819893023,0.4420357952899447,0.3132782672799772,0.22296570030218027,0.15855396261255214,0.11229188305647214,0.07961260631069218,0.05613534284388609,1.0,0.7063952461367795,0.5370494675927562,0.41181070278698295,0.31714796469931533,0.24473304269385582,0.18818552879191486,0.14529147559594047,0.11208697515903915
Joseph Haydn,haydn,haydn_op20_no2,String Quartet Op. 20 No. 2,Op. 20 No. 2,Classical,2,haydn_quartet_20_2_2_(c)simonetto.mid,vln I,intervals,907,906,1,8,200,0.09369267943760186,10.67319246287526,-0.09369267943760186,-0.029710699618057196,0.9707263244265142,0.9994254743132158,0.005147126342322952,0.3507011441004974,0.020950476499791752,0.297080914313822,0.41549977300570556,0.35070114410049746,2.8514306748695364,0.9999813004608319,0.9999479186453654,1.0,0.892649838598195,0.8037413508203869,0.7288746962103401,0.6642470847340896,0.6050895451764023,0.5519495802066636,0.5051566823815623,0.4613193080160832,1.0,0.6510758738789661,0.45350667089445446,0.3192049993641488,0.2251039395284275,0.15874612901243462,0.11192616631367634,0.0788956772436524,0.05561478196267152,1.0,0.6015146748057109,0.3909069963904462,0.25820572722475604,0.17057804885903913,0.11248083121310241,0.07434392581710438,0.04933469754812945,0.03262224049983773,1.0,0.6990395168103138,0.5116722118860104,0.38031368682351835,0.28203076419976664,0.2095349695652928,0.15577813507212915,0.11575593767883642,0.0858191853853948
Joseph Haydn,haydn,haydn_op20_no2,String Quartet Op. 20 No. 2,Op. 20 No. 2,Classical,2,haydn_quartet_20_2_2_(c)simonetto.mid,vln II,intervals,529,528,1,8,200,0.12872978450464478,7.76821000554008,-0.12872978450464478,-0.036140523270503974,0.9645047485980512,0.9996154006416647,0.005785574660578465,0.33686429858909206,0.028997539137563828,0.25733063351086927,0.42135707330484595,0.33686429858909206,2.9685544125285968,0.9999853006298447,0.9999262997600905,1.0,0.8536099217481176,0.7437398494020375,0.6499040307101728,0.5732762439096413,0.5096043112357892,0.44825778827698215,0.3931566514100103,0.3424331906097741,1.0,0.6569759594906641,0.46432369084259517,0.33177977144672605,0.237263342066714,0.16959439516686745,0.121169022238952,0.08657079072182036,0.06184699008996734,1.0,0.5866381219548206,0.37329839066883214,0.24495053890447366,0.1604385058319799,0.10528569319356268,0.06982873172892366,0.046183375166100694,0.030230326295585412,1.0,0.7333899306068212,0.5649047689354791,0.43871253506570207,0.3393990846006201,0.26249077218367045,0.20234017422117231,0.1568728776022442,0.12069245533736897
Joseph Haydn,haydn,haydn_op20_no2,String Quartet Op. 20 No. 2,Op. 20 No. 2,Classical,2,haydn_quartet_20_2_2_(c)simonetto.mid,viola,intervals,705,704,1,8,200,0.11282463431129709,8.863312574458487,-0.11282463431129709,-0.08835786389996762,0.9154332175967269,0.9951538440821384,0.01804002625178423,0.30655730228944383,0.026877377756310217,0.2385623485529261,0.3875819656895121,0.3065573022894439,3.2620328810690817,0.9999888168507489,0.9999444050551315,1.0,0.845231616616369,0.7306477679381256,0.6375063902768845,0.57208644601659,0.5146440409637362,0.4624993815861079,0.4183405069344811,0.37867543989841523,1.0,0.6859595619710507,0.5009173583200963,0.36870304474244775,0.27170113449449484,0.2002003910515412,0.14744846121630129,0.10856562372473896,0.07989817870823956,1.0,0.6197744026121803,0.42069872524283053,0.28854779927109614,0.19741420537937632,0.13381239796170782,0.09078728211217203,0.0614579725918963,0.04164811424990518,1.0,0.7413298372334636,0.5760607859628292,0.45137617704777455,0.353473012417751,0.2784511617935652,0.2200935041804779,0.17433499892808257,0.1376383185738551
Joseph Haydn,haydn,haydn_op20_no2,String Quartet Op. 20 No. 2,Op. 20 No. 2,Classical,2,haydn_quartet_20_2_2_(c)simonetto.mid,cello,intervals,390,389,1,8,200,0.23441804902663851,4.265883126970156,-0.23441804902663851,-0.04607207684180838,0.9549731282629813,0.9993980437947286,0.013182078671639076,0.37802080562535795,0.03397569315059357,0.2904035021264619,0.4815747278064652,0.378020805625358,2.6453570415144343,0.9999820732290642,0.9998898511359112,1.0,0.7490209011831637,0.5941927416141045,0.46985749817921973,0.3774443116076459,0.30086160695881603,0.23782825576122357,0.1854035261299144,0.14285910596254003,1.0,0.6297278350841484,0.4263919720000433,0.2921761420524226,0.2005148042699583,0.13758007223954105,0.0944203658726303,0.06477777146118482,0.04438766420501445,1.0,0.5491060999574006,0.33189045086641655,0.20706050487144603,0.13098624452048205,0.08180456500529057,0.05034972722650506,0.031413612565445025,0.019527009385606905,1.0,0.6876503002569705,0.5036346896428522,0.37295076335353367,0.27931456211952566,0.20851712907614298,0.15563892209808852,0.11578788253562546,0.08768602877519892
Joseph Haydn,haydn,haydn_op20_no2,String Quartet Op. 20 No. 2,Op. 20 No. 2,Classical,3,haydn_quartet_20_2_3_(c)simonetto.mid,vln I,intervals,558,557,1,8,200,0.10674447289615265,9.36816654641088,-0.10674447289615265,-0.08247660563992575,0.9208329799031225,0.9889593204232058,0.0258424531604864,0.405119873699347,0.02425028301682671,0.3396434798288023,0.4647963744327263,0.405119873699347,2.4684051929334214,0.9999732150418046,0.9999227874808487,1.0,0.8583739029640669,0.7488458354032125,0.6602815035601921,0.5856996191422421,0.522046696472926,0.47569465143235634,0.4402781917536016,0.4076635204504057,1.0,0.6103319274162313,0.4011009307454406,0.2671643952549357,0.17855975604848515,0.11929958346048063,0.07969021108765971,0.053225374565090265,0.03556116018291185,1.0,0.5710879284649777,0.3549859248219904,0.22275211127670144,0.1394005630071204,0.08769001490312965,0.05521443947673456,0.03487332339791356,0.022030137439973507,1.0,0.6587249544626593,0.46018214936247726,0.3264381520119225,0.23303195893359827,0.1665176353700944,0.11927802616327207,0.08521278357343931,0.06026163272064911
Joseph Haydn,haydn,haydn_op20_no2,String Quartet Op. 20 No. 2,Op. 20 No. 2,Classical,3,haydn_quartet_20_2_3_(c)simonetto.mid,vln II,intervals,302,301,1,8,200,0.3122828063474953,3.202225609844308,-0.3122828063474953,-0.03318248223020142,0.9673620171032955,0.9992657239233711,0.01939621186111687,0.42450871992290146,0.0266452958889768,0.33900932619242946,0.5097795758550184,0.4245087199229015,2.3556642138743773,0.9999653326665076,0.9998407909661461,1.0,0.7172575514847577,0.5247150054561074,0.38095238095238093,0.27199275614682733,0.19778969608321145,0.14620045970606674,0.10810057811520513,0.08246848227345546,1.0,0.5883906254171561,0.37773078120986386,0.2470521859324904,0.16201830696040287,0.10633494401924269,0.06969629369307559,0.04563887724689232,0.02982567262971539,1.0,0.5323071208005387,0.31605952961389333,0.18966357874207704,0.11311555338859093,0.067818253581296,0.04118780618049268,0.025144528801281606,0.014812751038982146,1.0,0.6517842631933319,0.44842237236191407,0.3205172854124585,0.22950477119175317,0.16391539550973974,0.1161106080657519,0.08163265306122448,0.05811334772816976
Joseph Haydn,haydn,haydn_op20_no2,String Quartet Op. 20 No. 2,Op. 20 No. 2,Classical,3,haydn_quartet_20_2_3_(c)simonetto.mid,viola,intervals,266,265,1,8,200,0.266912030275444,3.7465527461165182,-0.266912030275444,0.022569022901643657,1.0228256301209155,0.9982511601687205,0.025597815632304927,0.38295297850537907,0.034902848896048916,0.27977975550261014,0.48897038299763496,0.3829529785053792,2.6112866490890956,0.9999803408122918,0.9997807612525961,1.0,0.7613187343528489,0.5882122281543148,0.46611166410279614,0.36192803064579376,0.27771242421500314,0.21011673151750973,0.15721050885289417,0.11603776430488945,1.0,0.6220110721757882,0.41869334892334975,0.2854820612329714,0.19509678684948764,0.1332611671028917,0.09100756847263136,0.06206306083318856,0.04233009797901478,1.0,0.5461949144873767,0.3357765511416765,0.2050191536210901,0.12653455192591923,0.0778511748559708,0.04811027659638645,0.029891714173679605,0.018490031068078304,1.0,0.6980665399812989,0.5159714053026876,0.3939010044339879,0.3025970500407203,0.22960214761861672,0.17416221759720085,0.1292492383796338,0.09613006364431574
Joseph Haydn,haydn,haydn_op20_no2,String Quartet Op. 20 No. 2,Op. 20 No. 2,Classical,3,haydn_quartet_20_2_3_(c)simonetto.mid,cello,intervals,314,313,1,8,200,0.37857144267962783,2.6415093355212904,-0.37857144267962783,0.03912975721580111,1.039905410126841,0.9984164137058007,0.03454558193254036,0.453937313202655,0.034624014509012466,0.35702264367449976,0.5482579808358656,0.4539373132026548,2.2029473473875063,0.9999578400898318,0.9998250774079125,1.0,0.6894674809814636,0.4908603878709954,0.3487195971284689,0.2379513554055502,0.15379834994106933,0.10129647487410265,0.07236687024536591,0.052073288331726135,1.0,0.5708798155370386,0.35500506127996617,0.22523624183065766,0.14342018567846904,0.09136322910547162,0.05821106771086913,0.037042353302403186,0.023537034069205386,1.0,0.4993892639022822,0.28288867459552125,0.1652630451087539,0.09574627665273759,0.05554484088717454,0.03246544519447123,0.01932926175934855,0.011143255116254152,1.0,0.6418729240330012,0.4340297867780992,0.29651773277617055,0.20231436837029895,0.13753348333869067,0.09499624986606664,0.06848816029143898,0.04963034394085503
Joseph Haydn,haydn,haydn_op20_no2,String Quartet Op. 20 No. 2,Op. 20 No. 2,Classical,4,haydn_quartet_20_2_4_(c)simonetto.mid,vln I,intervals,721,720,1,8,200,0.2534079424159842,3.946206225685068,-0.2534079424159842,-0.05148534248680714,0.9498175718237591,0.9995545013700172,0.012258005759156192,0.3255764938786719,0.024643516759043558,0.26346715848537877,0.391489330509658,0.32557649387867166,3.0714748109937475,0.9999885726857266,0.9999465248470656,1.0,0.7561813511511732,0.5650716233039697,0.4404124052507998,0.3409119561277716,0.2666411900972312,0.2069551034558835,0.1610697007422349,0.126806341301984,1.0,0.6702466355630344,0.47976318266948714,0.34669964730501557,0.2506888683731681,0.181257940066998,0.13096523489676695,0.09458659877356802,0.06831446928044882,1.0,0.616846841168035,0.41577761318688244,0.28237625478670597,0.19268165844587673,0.1310020959074649,0.0881344847692138,0.05941818869470665,0.04001922561734718,1.0,0.7229068503080827,0.5520431158107064,0.4237672754778827,0.3239516522999827,0.2487393037805128,0.19163764438911388,0.14814362481680507,0.11424271553965677
Joseph Haydn,haydn,haydn_op20_no2,String Quartet Op. 20 No. 2,Op. 20 No. 2,Classical,4,haydn_quartet_20_2_4_(c)simonetto.mid,vln II,intervals,689,688,1,8,200,0.25641685918767454,3.8998995743415144,-0.25641685918767454,-0.012755476997624492,0.9873255293086053,0.9998584524534686,0.006990498387077888,0.3440396147886382,0.026588851627217715,0.2715111044373337,0.4062027028709047,0.3440396147886381,2.9066420174152134,0.9999818392743223,0.9999331141251032,1.0,0.7686792778785523,0.5830007774034724,0.4588105726872247,0.35537272177593504,0.27623304828539347,0.21126371253347154,0.1629308110909562,0.12731277533039648,1.0,0.6555434540451905,0.45983125218977344,0.3258454423066816,0.23126540943830765,0.1642075116396483,0.11655826715280061,0.08271550954775737,0.05866344438105023,1.0,0.6036192450548501,0.3978103135527339,0.26395007342143906,0.17693703031873542,0.11794938239613026,0.07916990584780167,0.05279001468428781,0.03522933402435864,1.0,0.7147533903429213,0.5375831389824652,0.4089487777489851,0.31207998617949384,0.2381705104949469,0.18229679537013044,0.13853329878206788,0.10577006132849616
Joseph Haydn,haydn,haydn_op20_no2,String Quartet Op. 20 No. 2,Op. 20 No. 2,Classical,4,haydn_quartet_20_2_4_(c)simonetto.mid,viola,intervals,603,602,1,8,200,0.22236675834441857,4.497075045952344,-0.22236675834441857,-0.03462358409020133,0.9659689539152202,0.9997060472916208,0.008736793884079306,0.3337373886074479,0.029213236351864062,0.2597861290874849,0.38962397196760035,0.33373738860744795,2.996367905234107,0.9999837009417842,0.9999267715351745,1.0,0.7812749342161107,0.6172594290241349,0.49776759188523895,0.39533712474888943,0.31238434767846535,0.2528138528138528,0.205002405002405,0.164654952890247,1.0,0.6619739550681117,0.4694989410107348,0.33631508918932657,0.2410916579914454,0.17282449712580086,0.12394009418729661,0.08888345863428021,0.06372459156773373,1.0,0.6167444755680049,0.4188891718303483,0.2866649690179102,0.1958011487423252,0.13277310924369748,0.0899527487762782,0.06104179045355516,0.041405653170359054,1.0,0.7200860142036613,0.5523979288685171,0.4279659338482868,0.33176583764819056,0.25664488017429193,0.19851172792349264,0.1515943751237869,0.1148119854002207
Joseph Haydn,haydn,haydn_op20_no2,String Quartet Op. 20 No. 2,Op. 20 No. 2,Classical,4,haydn_quartet_20_2_4_(c)simonetto.mid,cello,intervals,489,488,1,8,200,0.2149958924270668,4.651251652815789,-0.2149958924270668,-0.1984947812213314,0.8199640499401316,0.9946669769193832,0.03607095961193279,0.3641757097001425,0.02707056043169556,0.2962750334074811,0.42882152026520876,0.36417570970014257,2.7459272361228777,0.9999807044399635,0.9999044289302199,1.0,0.7124740124740124,0.5217169092169092,0.41397262647262645,0.33467602217602216,0.27466216216216216,0.22437629937629938,0.18507449757449757,0.15137733887733887,1.0,0.6378683298332763,0.4379378015245567,0.3042026247240796,0.211787157805567,0.14730610003029904,0.10246112233032745,0.07127908933227342,0.04955253394326798,1.0,0.5901334026334026,0.3777113652113652,0.24372834372834373,0.16024774774774775,0.10561330561330562,0.06935204435204435,0.04488045738045738,0.02895010395010395,1.0,0.6913808038808039,0.506522869022869,0.37205474705474706,0.27665453915453914,0.20374220374220375,0.15188842688842688,0.1127945252945253,0.08483194733194734
Joseph Haydn,haydn,haydn_op20_no3,String Quartet Op. 20 No. 3,Op. 20 No. 3,Classical,1,haydn_quartet_20_3_1_(c)simonetto.mid,vln I,intervals,1800,1799,1,8,200,0.09091764192382487,10.998965424530562,-0.09091764192382487,-0.0954665922117142,0.908948727113085,0.9975515455540716,0.010320628751062827,0.2543609567033902,0.017915069058678706,0.21178054461930743,0.29174243285885004,0.25436095670339015,3.9314209734086596,0.999987044741772,0.9999645380526951,1.0,0.8473306512722342,0.7539439509053203,0.6854086902767808,0.624160609595597,0.5729328687086225,0.5262130344181224,0.4834901192470288,0.44316261366355586,1.0,0.7271079497758224,0.560148155195032,0.43424850173377866,0.3369254859922103,0.26148314225776875,0.2029070825872152,0.15746074606981944,0.12217931409312124,1.0,0.6895732382148839,0.5102957745074579,0.3814907872696817,0.2860757158809923,0.21454993220068597,0.16062517448352875,0.11984650434713248,0.08914114221903166,1.0,0.7672844629895509,0.6166453547499402,0.4981193168222063,0.4038246789503071,0.32754048017867116,0.2649812804099864,0.21434989929807768,0.17358743120363723
Joseph Haydn,haydn,haydn_op20_no3,String Quartet Op. 20 No. 3,Op. 20 No. 3,Classical,1,haydn_quartet_20_3_1_(c)simonetto.mid,vln II,intervals,1302,1301,1,8,200,0.14386659021192827,6.950884138749039,-0.14386659021192827,-0.0738073640800155,0.9288506065993525,0.9984628136950326,0.012934120660094832,0.26250252526174334,0.021286166504729725,0.20789478971451011,0.3203525742777449,0.2625025252617432,3.8094871620868886,0.9999867964671799,0.9999568401039867,1.0,0.8253166796362771,0.6915850537491737,0.5974591517038004,0.5153908036496604,0.44790818711143465,0.3903541958781741,0.3405138356457491,0.2982472497851348,1.0,0.7194145629119291,0.5495584615535791,0.42264270945532867,0.3252158044604845,0.2503457206759162,0.1927276761681635,0.14834615224061126,0.1141742266620223,1.0,0.6654091523612461,0.47711431546156874,0.3441369590865569,0.24951139831526553,0.18195347436141104,0.13242629734953756,0.09644130623700797,0.07028692125354573,1.0,0.776632228465964,0.6271589620008343,0.5100607121212665,0.4147454310512796,0.3375577207433679,0.274129751091061,0.2224688639697049,0.1805584941385728
Joseph Haydn,haydn,haydn_op20_no3,String Quartet Op. 20 No. 3,Op. 20 No. 3,Classical,1,haydn_quartet_20_3_1_(c)simonetto.mid,viola,intervals,1140,1139,1,8,200,0.13251084967668292,7.546551866808862,-0.13251084967668292,-0.0361127520574923,0.9645315344368112,0.9997284423429125,0.005004043691638213,0.30170242157402,0.024448165034530754,0.23847561344219334,0.3643057711360428,0.30170242157402,3.314524274557932,0.9999859661323625,0.9999616120835736,1.0,0.8538239714065229,0.7343637232756277,0.6462182064716486,0.5662098958675053,0.49659765116082893,0.4357334108156577,0.38146922733251476,0.3353172557510318,1.0,0.6903333361676531,0.5063738439493991,0.3744340942139207,0.27715163138692717,0.20519495770510782,0.15189457562090314,0.112432346429582,0.08320471213786597,1.0,0.6315902934643035,0.43138127864580894,0.2987865268235684,0.20793381509843067,0.14518719167189983,0.10180333861337883,0.071021298266333,0.049434035360683345,1.0,0.7426415224027019,0.5803925979385952,0.4552211526745461,0.3583463772326938,0.2827386252511146,0.2231865855601691,0.17606608492437661,0.1388901906752522
Joseph Haydn,haydn,haydn_op20_no3,String Quartet Op. 20 No. 3,Op. 20 No. 3,Classical,1,haydn_quartet_20_3_1_(c)simonetto.mid,cello,intervals,1172,1171,1,8,200,0.14336883636713704,6.975016505255111,-0.14336883636713704,-0.21569837557725377,0.8059783679742869,0.988684248273624,0.035143685976549016,0.28180348157907487,0.021202715670001825,0.2327091096073882,0.35047575244275947,0.2818034815790749,3.5485721978896025,0.9999879089731344,0.9999531734415456,1.0,0.745271589945425,0.6035921437921243,0.5043509350447504,0.43622519080586114,0.3823371243348019,0.33839932867066747,0.3002514530202433,0.2655887575975156,1.0,0.7023747141018398,0.525995671014005,0.3968377891101956,0.29971249199482075,0.22630305182482358,0.17086217119774533,0.12897283845760987,0.09733613952732019,1.0,0.6493353189553028,0.45667827900943464,0.32356330499685315,0.2286907600618143,0.16113381378293487,0.11340649404756628,0.0795489801526447,0.05558264117269888,1.0,0.740069674056608,0.5806156610023254,0.4583654667245806,0.3623494162803273,0.2875000369349325,0.22768317510408265,0.18048624099895696,0.14280965508682664
Joseph Haydn,haydn,haydn_op20_no3,String Quartet Op. 20 No. 3,Op. 20 No. 3,Classical,2,haydn_quartet_20_3_2_(c)simonetto.mid,vln I,intervals,917,916,1,8,200,0.19358840212341155,5.165598708555409,-0.19358840212341155,-0.16661070763503555,0.8465290945135991,0.9959244506605722,0.028375195805104933,0.31591493986031643,0.02893789561952503,0.2489388093532406,0.36942549401465974,0.31591493986031655,3.1654090194093234,0.9999850382852256,0.999957131507082,1.0,0.7250064213469806,0.5799130573850336,0.46510179652326467,0.38163397837581114,0.3121113873501888,0.25711800254915357,0.21960037413432973,0.18857436404433395,1.0,0.6785244286705632,0.4904249543294289,0.3575879348925431,0.26089865427656894,0.1903750191564831,0.1389379023353417,0.10142146643386461,0.07405572231618485,1.0,0.627731495616522,0.4339134353964031,0.30116601968566903,0.20926806337021367,0.1449213203258652,0.10038140377914444,0.06933116219110898,0.0478959790252153,1.0,0.7332911705267443,0.5699829894883761,0.4446479890279777,0.3452673461178717,0.26896235879094516,0.21003862500787523,0.16451733279054778,0.1283736303145733
Joseph Haydn,haydn,haydn_op20_no3,String Quartet Op. 20 No. 3,Op. 20 No. 3,Classical,2,haydn_quartet_20_3_2_(c)simonetto.mid,vln II,intervals,514,513,1,8,200,0.22752736976625693,4.39507563871247,-0.22752736976625693,-0.048574951576580684,0.9525859388121359,0.9997814537675436,0.007707835226436321,0.38701890170842496,0.030932278888445422,0.30543321314611954,0.482602420054289,0.3870189017084248,2.5838531285828195,0.9999668634219345,0.9999138573465589,1.0,0.7695456502171957,0.6012053379250969,0.47552146518999727,0.3835166125308183,0.3047313426994873,0.243587837044574,0.1928071067976363,0.15560599538214692,1.0,0.6240617420384924,0.41747740151798624,0.2830333516623744,0.1925242264380875,0.13100364246058568,0.089121809795997,0.060663995999047544,0.04126578803728819,1.0,0.5503854733299417,0.3336516260321684,0.20690329902555474,0.12869721754784175,0.07997495401714085,0.04976323719328454,0.03090830822212656,0.019113215669393026,1.0,0.6918483152663092,0.5040190975619301,0.37252768755136384,0.27710249285798144,0.20385081986459516,0.15042460767815913,0.1103197276249364,0.0807889484600634
Joseph Haydn,haydn,haydn_op20_no3,String Quartet Op. 20 No. 3,Op. 20 No. 3,Classical,2,haydn_quartet_20_3_2_(c)simonetto.mid,viola,intervals,330,329,1,8,200,0.20325113470495318,4.920021732974021,-0.20325113470495318,-0.05281758293618212,0.9485530289596579,0.9997311650418562,0.007636843417032104,0.42806606906790207,0.028071669006522755,0.3550377883654458,0.5281193576970987,0.42806606906790207,2.3360879832813257,0.9999716118613061,0.9998832322277784,1.0,0.7845823416729553,0.627929026141135,0.5121611423927556,0.42098643602097485,0.3421179930728895,0.27749076062769684,0.22903968576459433,0.18844449604303323,1.0,0.5956122251645919,0.38212207638113704,0.24886696616536608,0.1624163046799309,0.10603121069750114,0.06924080199621865,0.04524164978651057,0.02955007035601793,1.0,0.5263056055416885,0.30481221338596387,0.1801822720148604,0.10655753565139993,0.06305992531104275,0.03744122598246938,0.022155144056810048,0.012944795959830498,1.0,0.6549602368375225,0.4535128964222829,0.32036918790271085,0.22435711383293666,0.15764013854221087,0.11093051605038602,0.07699154428126391,0.053559335152183585
Joseph Haydn,haydn,haydn_op20_no3,String Quartet Op. 20 No. 3,Op. 20 No. 3,Classical,2,haydn_quartet_20_3_2_(c)simonetto.mid,cello,intervals,318,317,1,8,200,0.28789782547491455,3.473454508905741,-0.28789782547491455,-0.06772110575757491,0.934521069781921,0.9992537698156682,0.018026713004445267,0.43550866470778254,0.03472661180251639,0.34747999642942173,0.518804781342307,0.43550866470778254,2.296165566926159,0.999972303639424,0.9998730347772805,1.0,0.6982774819918572,0.5155235410794446,0.3920242196471448,0.2996554963983714,0.2262866687545673,0.16899467585342937,0.12569161707902704,0.09025994362668337,1.0,0.5915711974869664,0.37659563027154985,0.24341497979002022,0.1577158506692598,0.10226928196847401,0.06629357832238782,0.04297916197128335,0.02783571469786809,1.0,0.5468629293245642,0.31715210355987056,0.18634512997181335,0.10982357239795386,0.06595678045725023,0.0398162647457981,0.024031736089362148,0.014615304311514771,1.0,0.6537008038417371,0.4506107109301597,0.31775759473849047,0.22421964714479592,0.15828374569370499,0.11191147301388454,0.07915231234993214,0.05626892159933187
Joseph Haydn,haydn,haydn_op20_no3,String Quartet Op. 20 No. 3,Op. 20 No. 3,Classical,3,haydn_quartet_20_3_3_(c)simonetto.mid,vln I,intervals,649,648,1,8,200,0.14243579767495687,7.020706987452919,-0.14243579767495687,-0.019652012891439412,0.9805398291643718,0.9998712440018649,0.003703484228688128,0.3504076405026611,0.024147494573361728,0.2848016654356252,0.4158719410409246,0.350407640502661,2.8538190507646934,0.9999854661470425,0.9999359218723204,1.0,0.8545388065522621,0.7350477769110765,0.6359789391575663,0.5537490249609984,0.4828295631825273,0.418896255850234,0.36206610764430575,0.31282663806552263,1.0,0.6500201642288504,0.4533804376383985,0.3193194159818275,0.22522851235581565,0.15885079107773534,0.1120133130643088,0.0789818454274016,0.05565515084170908,1.0,0.5929748439937598,0.38676384555382215,0.25554309672386893,0.16981279251170048,0.11203198127925117,0.07422971918876756,0.04914196567862714,0.03241029641185648,1.0,0.7103012870514821,0.5266916926677067,0.3938085023400936,0.2933307332293292,0.21946665366614665,0.1658346333853354,0.12593116224648987,0.09551969578783151
Joseph Haydn,haydn,haydn_op20_no3,String Quartet Op. 20 No. 3,Op. 20 No. 3,Classical,3,haydn_quartet_20_3_3_(c)simonetto.mid,vln II,intervals,496,495,1,8,200,0.16564217563028516,6.037109789188046,-0.16564217563028516,-0.07134324125166763,0.9311422308454652,0.9996344573354191,0.007257699883735992,0.30138893100059705,0.031815306102306457,0.23030116986208096,0.38498698519326446,0.30138893100059727,3.317971886625187,0.99998631730809,0.9998832557431416,1.0,0.7987174739960279,0.6688575083313697,0.5592705422964285,0.47595684518800285,0.40651193321439394,0.3459790621738984,0.29325579829669773,0.2477951324603629,1.0,0.6834326766156092,0.5011338223665267,0.3709596527832867,0.2749147303475416,0.20360273739710294,0.15072485610711675,0.11153259927287622,0.08248376295162027,1.0,0.6219157101019962,0.4228632982125425,0.2886356750934123,0.1965866630760427,0.13323459117379743,0.09066886592385633,0.06176153768472077,0.042052378227353825,1.0,0.744445753526105,0.585148281549803,0.4641246170936143,0.368128723869795,0.29277611337395226,0.23284916013060894,0.18593260847611673,0.14786077355505436
Joseph Haydn,haydn,haydn_op20_no3,String Quartet Op. 20 No. 3,Op. 20 No. 3,Classical,3,haydn_quartet_20_3_3_(c)simonetto.mid,viola,intervals,320,319,1,8,200,0.20191714217911133,4.952526512647185,-0.20191714217911133,-0.004765925241796984,0.9952454137591459,0.9998852395647122,0.004956485697669584,0.40203831952986546,0.03340630449336804,0.3198999431575672,0.4768802912867555,0.40203831952986563,2.4873250917210505,0.9999750539253897,0.999867883247599,1.0,0.8113818121856707,0.6612251628328799,0.5430167367466403,0.44587352625937837,0.36453953334982275,0.29835518179569626,0.24192019127710446,0.19624453788440926,1.0,0.6104188950791822,0.40239825113111716,0.26909754712327505,0.18034131542117937,0.12089545294843726,0.08097416999229111,0.054253018143597995,0.03633501807286326,1.0,0.5527042625113364,0.33891911946574327,0.20999257976749938,0.13107016242064473,0.08246763954159453,0.05107593371258966,0.03184516448182043,0.019560557341907824,1.0,0.6650177261109737,0.4736169511089125,0.34093907164646714,0.24884574161101491,0.1806826613900569,0.13047242146920604,0.09526754060516118,0.0695440679363509
Joseph Haydn,haydn,haydn_op20_no3,String Quartet Op. 20 No. 3,Op. 20 No. 3,Classical,3,haydn_quartet_20_3_3_(c)simonetto.mid,cello,intervals,460,459,1,8,200,0.24070979349385394,4.154380199846472,-0.24070979349385394,-0.05180243782694418,0.9495164368445261,0.9997471504917842,0.008771207418043294,0.3984240223592908,0.024861964317655957,0.3278994218912238,0.46292841106229426,0.398424022359291,2.509888821659,0.9999723873744523,0.999894314682231,1.0,0.7585601318603693,0.5809018307399486,0.4555756136805133,0.36046739791613525,0.28665894864901986,0.2251829758844652,0.17653003159154682,0.13815905657045308,1.0,0.6148193528090072,0.4063739388625111,0.2728063090992681,0.1835810387161343,0.12348210686564173,0.08306508552106613,0.05582908362724844,0.03750086695823451,1.0,0.571963973863391,0.35767125169240427,0.22826364225026,0.14462453152286953,0.09207660459549084,0.058169652492985106,0.036487255459843417,0.022614445774385337,1.0,0.6672193552184918,0.47037066106783354,0.3357926338716324,0.2395659596177619,0.17216411906677392,0.12467868846025548,0.09070305908207915,0.06648941388850735
Joseph Haydn,haydn,haydn_op20_no3,String Quartet Op. 20 No. 3,Op. 20 No. 3,Classical,4,haydn_quartet_20_3_4_(c)simonetto.mid,vln I,intervals,1130,1129,1,8,200,0.19074997695667903,5.242464591369826,-0.19074997695667903,-0.0909575462876927,0.9130564727132814,0.9997773108692918,0.006522919480117138,0.27691411770327845,0.023984531398821892,0.21608398537874,0.3418576940641248,0.27691411770327845,3.6112279442232307,0.9999880560928627,0.9999513808638105,1.0,0.7587572211594881,0.62565572819023,0.5161103611017028,0.4220114775291351,0.3492043804789777,0.2888813622927072,0.2403332267948944,0.2007072880242844,1.0,0.7087890218369419,0.533415112008067,0.4045400027311623,0.30694489080945825,0.23290530107293786,0.17671262132893753,0.1340499505192738,0.10164305452839345,1.0,0.6557440914894869,0.4598294430901872,0.3281892758725419,0.23323013415892674,0.16561002797031552,0.11762161680826738,0.08396819112041864,0.059545446594824775,1.0,0.7637295450172609,0.6082963231517569,0.49064290382441195,0.39565832009553475,0.3189077106797629,0.2571122358602025,0.20723634519090256,0.16672629638993705
Joseph Haydn,haydn,haydn_op20_no3,String Quartet Op. 20 No. 3,Op. 20 No. 3,Classical,4,haydn_quartet_20_3_4_(c)simonetto.mid,vln II,intervals,644,643,1,8,200,0.21802943060024976,4.586536768210293,-0.21802943060024976,-0.05297651101939582,0.9484022892236447,0.9992789345983629,0.01341957416801364,0.2856703091132836,0.029148723062982076,0.21138771380317364,0.37200840877533264,0.28567030911328367,3.5005387962927785,0.9999898749343145,0.9999268136706057,1.0,0.7697221809537959,0.6183479423562621,0.49427524389639976,0.3931857574406973,0.311335611350468,0.25274104887832416,0.20744812558807507,0.16911801119199724,1.0,0.6984604843975014,0.5214507862541184,0.3919128743106981,0.29471371955542613,0.22158204905359433,0.16663014307179166,0.1253430240915427,0.0942902986178158,1.0,0.6352349824196504,0.43098103303124846,0.29664240083197146,0.20510077749715247,0.14213341256871193,0.09803892437973555,0.0677066310107463,0.04647154954687268,1.0,0.7653840439756351,0.6152627148021592,0.4982766305155252,0.40534343584410437,0.3281632248799089,0.26498786708265243,0.21432674689248749,0.17377804189570642
Joseph Haydn,haydn,haydn_op20_no3,String Quartet Op. 20 No. 3,Op. 20 No. 3,Classical,4,haydn_quartet_20_3_4_(c)simonetto.mid,viola,intervals,548,547,1,8,200,0.2979128570628639,3.356686280206381,-0.2979128570628639,-0.064226758954206,0.937792322612105,0.9980594993697232,0.03009868875418948,0.3556427041523976,0.030862908809299427,0.2851518129766291,0.4316437651946281,0.3556427041523977,2.8118108099062438,0.9999866418626616,0.9999352569263584,1.0,0.7107263107263108,0.528344671201814,0.38663505806362947,0.275036075036075,0.20325018896447467,0.15216106644678074,0.11714423142994572,0.09093657665086237,1.0,0.6491577410269698,0.4503156157501213,0.3156051923060603,0.22172702940851616,0.15560532368921332,0.10911172575275996,0.076447478296294,0.053539593000829895,1.0,0.5922009207723493,0.3843606129320415,0.2507386793101079,0.16415172129457845,0.10650724936439222,0.06916786916786917,0.04457500171785886,0.028695114409400122,1.0,0.7071531642960215,0.5277537277537278,0.39730639730639733,0.29924414210128497,0.22657184085755513,0.17068645640074212,0.12710094138665567,0.09556792413935271
Joseph Haydn,haydn,haydn_op20_no3,String Quartet Op. 20 No. 3,Op. 20 No. 3,Classical,4,haydn_quartet_20_3_4_(c)simonetto.mid,cello,intervals,722,721,1,8,200,0.23965104128294756,4.172733799305028,-0.23965104128294756,0.0024001409586409147,1.002403023602741,0.9998996580305052,0.0055007520924488535,0.29917192421823685,0.022616141054989675,0.24477326297764848,0.37342138370666195,0.29917192421823674,3.342559642296283,0.9999857086514419,0.9999342805301242,1.0,0.7834533532908254,0.6218094530940006,0.4927221940669676,0.38639354760136874,0.3008906227287549,0.23623699129020473,0.18769471322891007,0.1475636537925128,1.0,0.6859647032399211,0.5041995377657085,0.3739333303270054,0.2776488324560518,0.20601911815274915,0.1528422441008343,0.11341793624368034,0.08413797568608981,1.0,0.6261388145721122,0.43026074384873164,0.2964669738863287,0.20415571558216555,0.14004423648842426,0.09622418392321866,0.06641366223908918,0.04602794834623892,1.0,0.7369578967631933,0.5759582935558515,0.44999037483155957,0.3517390125755772,0.2736337171614789,0.21336051952337737,0.16765471967187998,0.13179802075107744
Joseph Haydn,haydn,haydn_op20_no4,String Quartet Op. 20 No. 4,Op. 20 No. 4,Classical,1,haydn_quartet_20_4_1_(c)simonetto.mid,vln I,intervals,2074,2073,1,8,200,0.09918456197882676,10.082214208028393,-0.09918456197882676,-0.012310176575221595,0.9877652836879943,0.9999386515047389,0.0017800779105930835,0.28388809713860325,0.01946491312912727,0.2357908409833373,0.3321742377304766,0.28388809713860325,3.5225147164650865,0.9999883571729087,0.9999726180519366,1.0,0.8974818870728432,0.809195811817762,0.7312287725400758,0.6637898501977127,0.6013079279655157,0.5451856296688692,0.4939800154232366,0.4466888092464413,1.0,0.7042418213904071,0.5264681621830041,0.39635960716445046,0.298610787993666,0.22497242497867947,0.16947945835163378,0.12769473825040162,0.09624016602898847,1.0,0.6620417271212224,0.47032761485974933,0.33876271889627757,0.24336742228024819,0.1745465029334621,0.12515370497551737,0.0898490257343031,0.06444615813739807,1.0,0.7468188988559146,0.5847919386633351,0.46196437654261663,0.36544116785309955,0.28886128228507674,0.2282399930618875,0.18024888134655637,0.14268369004451173
Joseph Haydn,haydn,haydn_op20_no4,String Quartet Op. 20 No. 4,Op. 20 No. 4,Classical,1,haydn_quartet_20_4_1_(c)simonetto.mid,vln II,intervals,1412,1411,1,8,200,0.09960220525273475,10.039938347374525,-0.09960220525273475,-0.0406997646242736,0.9601173478717052,0.9986003449954596,0.008544039560613444,0.2849830942880133,0.025839389095929807,0.22703577624850232,0.35388718727680457,0.2849830942880134,3.5089800765141765,0.9999895002508786,0.9999691427888265,1.0,0.8829360365354664,0.7863846905186891,0.7048327454599729,0.6388396456108502,0.57969389972241,0.5266908720223047,0.4802844129287465,0.4365746578861333,1.0,0.7042841943779561,0.5261200716011544,0.39561774365015295,0.29772175429519987,0.22404995316455037,0.1686242612120979,0.12691818634813748,0.09550492304727844,1.0,0.6509088176942774,0.45231524632807596,0.31793084822307915,0.22381019102330577,0.1580059416837749,0.11105831419445104,0.07811608417453036,0.0551128737158673,1.0,0.7551766361459875,0.595569526431964,0.47010983789315935,0.37310971808477156,0.2961825798604131,0.23657892225247892,0.18910129494591363,0.15165711245540184
Joseph Haydn,haydn,haydn_op20_no4,String Quartet Op. 20 No. 4,Op. 20 No. 4,Classical,1,haydn_quartet_20_4_1_(c)simonetto.mid,viola,intervals,1229,1228,1,8,200,0.10508771756384573,9.515859923329794,-0.10508771756384573,-0.04201638406787319,0.9588540705136158,0.9980825046724894,0.01055396250574724,0.3474681933060296,0.02663855682518135,0.30112451738011997,0.40860418747802707,0.3474681933060296,2.877961261678011,0.9999788164234469,0.999958558325602,1.0,0.8771471919012903,0.7798324404881782,0.6943744042104698,0.6209691062150079,0.560416750580685,0.5084021428283724,0.46097931015963806,0.4196412507887918,1.0,0.6532407221694757,0.45620063771210734,0.3222330795716423,0.22791114938004292,0.16122862869718682,0.11405850645581611,0.08069272308664553,0.057066627905599084,1.0,0.6050925739450329,0.39525785099555594,0.26310199916757293,0.17590123655697426,0.11708086626119413,0.07787086639545655,0.0519300224218257,0.0344987312200427,1.0,0.6935298935298936,0.5096158751896457,0.3771042279239001,0.2789785314375478,0.20624991608598167,0.15280138558827083,0.1134275855587331,0.08408453162551523
Joseph Haydn,haydn,haydn_op20_no4,String Quartet Op. 20 No. 4,Op. 20 No. 4,Classical,1,haydn_quartet_20_4_1_(c)simonetto.mid,cello,intervals,1231,1230,1,8,200,0.19277713320142817,5.187337229230005,-0.19277713320142817,0.02667914141116956,1.0270382158583071,0.9992100512242552,0.012419560786505218,0.38208975095224423,0.019456636495977578,0.3391468122698144,0.4428980983298023,0.38208975095224407,2.6171861388791506,0.9999732994388051,0.9999529907137525,1.0,0.8321465420680814,0.6956251764797197,0.5802238331595858,0.4813550430710884,0.3980646447722525,0.3247481107469625,0.2662739393485205,0.21539425067547405,1.0,0.6266044707831647,0.42173208251861244,0.2876091269206872,0.1965383259798145,0.1343581477043682,0.09183389847897243,0.06278336038029281,0.04291948476947275,1.0,0.593173931720582,0.37269572688232766,0.2407016097626908,0.15483778586369007,0.0995673486757497,0.06409475773265547,0.04128855956416368,0.026375270490717334,1.0,0.6608270558967311,0.4650714015199671,0.331373711447127,0.2363911553382857,0.1679993255296399,0.11928757729979003,0.08503679476696648,0.061138596967827495
Joseph Haydn,haydn,haydn_op20_no4,String Quartet Op. 20 No. 4,Op. 20 No. 4,Classical,2,haydn_quartet_20_4_2_(c)simonetto.mid,vln I,intervals,885,884,1,8,200,0.2394101016360386,4.176933191901161,-0.2394101016360386,-0.00188169939628291,0.998120069890097,0.9998954354885892,0.005609665767004755,0.36457197046537926,0.026226007389498915,0.3047021718917331,0.43463834380774036,0.3645719704653792,2.7429426313917977,0.9999805966361907,0.9999558267716574,1.0,0.78433899293461,0.6178831945767795,0.4865590977960357,0.3856677236115233,0.30311928898330237,0.23430853417888922,0.18678766862956425,0.1475271134992164,1.0,0.6426088894124629,0.4411319326282237,0.3062069944271439,0.21300288556993885,0.14816313061180456,0.10304477366408143,0.07163696429472653,0.0497825912061915,1.0,0.5871901407350713,0.3753117466664584,0.24189458667208155,0.15702399733420805,0.10192228591660028,0.06654066634385593,0.04311606087585844,0.028066311574847836,1.0,0.6934885948881356,0.5099758933266688,0.37526488704227257,0.27721893337082104,0.2045552761333521,0.15115352774870747,0.11124474781712251,0.0819444661387149
Joseph Haydn,haydn,haydn_op20_no4,String Quartet Op. 20 No. 4,Op. 20 No. 4,Classical,2,haydn_quartet_20_4_2_(c)simonetto.mid,vln II,intervals,574,573,1,8,200,0.24083662156664248,4.152192442723199,-0.24083662156664248,0.03768506096392628,1.0384041473739756,0.9995711331589437,0.011430271856482708,0.40625731552841804,0.028909532572167725,0.3356347834757026,0.47962949662441123,0.4062573155284181,2.461494136294634,0.9999769765122227,0.9999396812062661,1.0,0.8066606210325526,0.6389943400356484,0.5061759279527189,0.3984364739360205,0.31457518996841677,0.2484442915663404,0.19318302636104945,0.14783451640138842,1.0,0.6122591533662174,0.40216068850104286,0.2677806822844308,0.1786362506621111,0.11923667737536,0.07957081295136012,0.053079284860073135,0.03538797257928943,1.0,0.5582601081960036,0.3385221551643266,0.20843053253697738,0.1287407361080709,0.07952093561399669,0.04973263704305951,0.030957816066793833,0.01931267394227462,1.0,0.6762875637136871,0.47972106695018607,0.3434316270052222,0.24585509240439038,0.17547765721254574,0.12474436348853936,0.08940867444260296,0.06375433878482754
Joseph Haydn,haydn,haydn_op20_no4,String Quartet Op. 20 No. 4,Op. 20 No. 4,Classical,2,haydn_quartet_20_4_2_(c)simonetto.mid,viola,intervals,524,523,1,8,200,0.2733286769432345,3.6585989116966395,-0.2733286769432345,-0.029272131539479492,0.9711521473747935,0.9999451135351125,0.004639908320968901,0.3743789925756022,0.03199217961016597,0.29508999292929905,0.46909431534938756,0.3743789925756022,2.6710900446639236,0.9999816697601412,0.9999298411402928,1.0,0.7434259050199443,0.5618875592684579,0.4272973583201626,0.3229321893580191,0.24629336945886957,0.1889892376006623,0.14418604651162792,0.1089862271393091,1.0,0.6335390022537732,0.4306727488988349,0.29606898639891555,0.20391506908842374,0.14045536051710192,0.09668393324165246,0.06657406640226905,0.04584479858282764,1.0,0.5634755776322722,0.3461804771581245,0.2154511928953112,0.1350794009181907,0.08484985324000903,0.05359373824038534,0.03346880409422744,0.020832392564160456,1.0,0.6978851508993753,0.5182509219537894,0.3824339580040641,0.2821404380221269,0.20769172875743208,0.1539248889892376,0.11496951907879882,0.08615940392865207
Joseph Haydn,haydn,haydn_op20_no4,String Quartet Op. 20 No. 4,Op. 20 No. 4,Classical,2,haydn_quartet_20_4_2_(c)simonetto.mid,cello,intervals,614,613,1,8,200,0.2610451681888074,3.830754681031771,-0.2610451681888074,-0.0791203732753689,0.9239287014270835,0.9996914285584171,0.010508486998927525,0.32061274464114115,0.02520329046857685,0.2488607316431381,0.40781799833060917,0.32061274464114137,3.11902760172335,0.9999783585434765,0.999912132986567,1.0,0.7227013610451954,0.5488912527616397,0.4197801598341652,0.3217194446717399,0.24796115975233887,0.192019201920192,0.1480020729345662,0.11663529989362573,1.0,0.6685865475735928,0.48019647776431396,0.34817432595053527,0.2529959278377018,0.1838484547084663,0.1336259284332453,0.09709149158908058,0.07050350474599652,1.0,0.6012710361945286,0.39519406486103154,0.2619916537108256,0.17365736573657367,0.11584976679486131,0.07701497422469519,0.05180154379074271,0.0344379892534708,1.0,0.7318222731364046,0.5706243351607888,0.44639009355481,0.3487766958514033,0.27099800889179826,0.21124839756702943,0.1646128249188555,0.12823282328232824
Joseph Haydn,haydn,haydn_op20_no4,String Quartet Op. 20 No. 4,Op. 20 No. 4,Classical,3,haydn_quartet_20_4_3_(c)simonetto.mid,vln I,intervals,252,251,1,8,200,0.4002723836258571,2.498298760812639,-0.4002723836258571,-0.02593919624750563,0.9743943346395263,0.9994077678983435,0.0223259470818717,0.4179209434883081,0.043516842139682224,0.3140106689470881,0.5641296455099486,0.4179209434883082,2.3927970482962313,0.9999767163100436,0.9998322081809446,1.0,0.667206368481414,0.44424205626391416,0.2888753963435202,0.19115563651082776,0.13047291371517236,0.0880388585306618,0.05778182554138838,0.041287188828172436,1.0,0.6029194911753336,0.3912596438147378,0.25740711744838146,0.16988302619271983,0.1120027034352626,0.0738819636689692,0.04873283670697106,0.03210634547630766,1.0,0.509748364028874,0.2843553936450111,0.16012278216285503,0.09060244215071173,0.05191256830601093,0.030054644808743168,0.017236726708493556,0.009613438575187209,1.0,0.6903798151521284,0.49547999730149095,0.3616676786075693,0.2669837414828307,0.19651892329487958,0.14305471227147,0.10382513661202186,0.07569317951831613
Joseph Haydn,haydn,haydn_op20_no4,String Quartet Op. 20 No. 4,Op. 20 No. 4,Classical,3,haydn_quartet_20_4_3_(c)simonetto.mid,vln II,intervals,188,187,1,8,200,0.46949658695158164,2.129940936297218,-0.46949658695158164,-0.08769351383075158,0.9160415877812111,0.9986002305584301,0.04027583140866939,0.4286195619874632,0.039566615124771165,0.2942882532816572,0.5042019047780023,0.42861956198746315,2.3330713030527743,0.9999735252182544,0.9997383994911726,1.0,0.5983860955927995,0.36350093109869647,0.22104283054003723,0.13594040968342644,0.08386095592799503,0.05338299193047796,0.03333333333333333,0.023215394165114835,1.0,0.592691915793702,0.379782603323686,0.24741476342231494,0.16171452287925578,0.10562787911185127,0.06896625911157916,0.04496662308440497,0.029183935402703906,1.0,0.5407821229050279,0.3256983240223464,0.2010552451893234,0.12371198013656114,0.07603972687771571,0.04599627560521415,0.027312228429546864,0.01564245810055866,1.0,0.6877094972067039,0.4887647423960273,0.3682184978274364,0.27572936064556175,0.20757293606455618,0.15561762880198635,0.11471135940409684,0.08386095592799503
Joseph Haydn,haydn,haydn_op20_no4,String Quartet Op. 20 No. 4,Op. 20 No. 4,Classical,3,haydn_quartet_20_4_3_(c)simonetto.mid,viola,intervals,148,147,1,8,200,0.40202870728936924,2.4873845620189194,-0.40202870728936924,-0.14937329184172465,0.861247558198265,0.998147882149976,0.03968017519799626,0.42970932870877876,0.04889296052065899,0.31488659995131646,0.5738426474908476,0.42970932870877887,2.327154504662189,0.999979734616062,0.9995205620077223,1.0,0.616546762589928,0.3867420349434738,0.24707091469681397,0.16248715313463516,0.11151079136690648,0.07852004110996917,0.052929085303186026,0.03535457348406989,1.0,0.5878663628389741,0.37754340889681565,0.24628197175387515,0.1610420886653743,0.10518790345104881,0.06843666557259347,0.04440069088926446,0.028746816100701036,1.0,0.47029804727646457,0.258273381294964,0.1405960945529291,0.07677286742034943,0.04460431654676259,0.025179856115107913,0.01500513874614594,0.009044193216855087,1.0,0.6616649537512846,0.4774922918807811,0.3448098663926002,0.2528263103802672,0.18509763617677286,0.13576567317574512,0.09784172661870504,0.07153134635149024
Joseph Haydn,haydn,haydn_op20_no4,String Quartet Op. 20 No. 4,Op. 20 No. 4,Classical,3,haydn_quartet_20_4_3_(c)simonetto.mid,cello,intervals,323,322,1,8,200,0.3084542205602061,3.2419721739706704,-0.3084542205602061,-0.4352524135490866,0.6471013093239416,0.9814561306132425,0.09714827701300822,0.39017577473331927,0.03264588096560245,0.2959246534461593,0.4859676700905411,0.39017577473331905,2.562947432304041,0.9999802861799754,0.9998486681334962,1.0,0.5640683449600647,0.3505206753614397,0.23439490445859873,0.1667576584774037,0.12653927813163482,0.09897886967950663,0.0778283287837428,0.06140936204630472,1.0,0.6167988403341773,0.41197907648676324,0.27896864990345344,0.18935767140103862,0.12844593869421514,0.08704200227596837,0.05894966384173175,0.039877775462261955,1.0,0.5519967647356182,0.3262764129006167,0.20113234253361642,0.12427459306440199,0.07693863107875847,0.048124557678697805,0.029643109897886967,0.01775351329491457,1.0,0.6933980386209686,0.5130724901425538,0.3800626832473966,0.2827418865635426,0.21043372763117987,0.1565059144676979,0.11689414619350925,0.08731169750278031
Joseph Haydn,haydn,haydn_op20_no4,String Quartet Op. 20 No. 4,Op. 20 No. 4,Classical,4,haydn_quartet_20_4_4_(c)simonetto.mid,vln I,intervals,1953,1952,1,8,200,0.08784156630845061,11.384132160036371,-0.08784156630845061,-0.005170766829064667,0.9948425785738386,0.9999338190644722,0.0016374217139624298,0.2538823738272781,0.019980984526379888,0.20693581416380577,0.3353621270375395,0.2538823738272781,3.938831928049966,0.9999895570403772,0.9999697903230483,1.0,0.9123837633691961,0.8338696880256434,0.7618839061855343,0.7009224877548214,0.6426137505686206,0.587339067144837,0.5382864155214913,0.49201709564463064,1.0,0.7292712192739136,0.562461371700388,0.4363103369394234,0.33863308458353003,0.26285033898855953,0.20410765275688564,0.1584536834388187,0.12299405512518195,1.0,0.6577935404699187,0.4630026341680155,0.32917631999322944,0.23565277645540428,0.16886921197118285,0.12115850497741386,0.0871555217027939,0.06238905286320311,1.0,0.7702148592465645,0.6226004210437229,0.5049848191522,0.4109286235678695,0.3344568218604208,0.27257344462428723,0.22176944153522274,0.1800591365429983
Joseph Haydn,haydn,haydn_op20_no4,String Quartet Op. 20 No. 4,Op. 20 No. 4,Classical,4,haydn_quartet_20_4_4_(c)simonetto.mid,vln II,intervals,1174,1173,1,8,200,0.15970398614344958,6.261584473550825,-0.15970398614344958,-0.1004275664703151,0.904450622591195,0.9994686068629629,0.008437597408131423,0.2930494070836029,0.021516135140351854,0.24556618760261792,0.36107450398473384,0.29304940708360294,3.4123938688424436,0.9999862534713283,0.99995545064579,1.0,0.7757860408277446,0.6541008105183342,0.5526365771243898,0.4775079321844242,0.4108775830210764,0.35014539270754347,0.2970575460655629,0.24920825388879483,1.0,0.6948276234797486,0.5142934304725858,0.3836244206823277,0.28637354765535256,0.21381747296908232,0.15966512454354315,0.11919867576222525,0.08901250955951565,1.0,0.6378256612607572,0.441326864891526,0.3091748319702,0.21649452660870588,0.1509919831565309,0.10515978474517627,0.07307474289416147,0.05056868793203719,1.0,0.7359491751264364,0.5720934341389439,0.44632395703737515,0.35016747767577794,0.27449995951089157,0.21498538711268486,0.1680077150155699,0.13124507689249773
Joseph Haydn,haydn,haydn_op20_no4,String Quartet Op. 20 No. 4,Op. 20 No. 4,Classical,4,haydn_quartet_20_4_4_(c)simonetto.mid,viola,intervals,1074,1073,1,8,200,0.18476140618628437,5.412385739215241,-0.18476140618628437,-0.09507146001149286,0.9093079529896992,0.9991628761113189,0.012253711005192802,0.28479061115826704,0.02426375370396752,0.23352573098139223,0.35633669889612035,0.2847906111582672,3.511351711817031,0.999986819521773,0.9999494430888527,1.0,0.7741000096891543,0.6267138792731373,0.512491081573871,0.42957129896326046,0.3593478318315144,0.29996036255053776,0.2502849492200231,0.20961164107849095,1.0,0.7016222552487338,0.5239398996506004,0.3939653964782427,0.2965177235965034,0.22320054252694393,0.1680614087617885,0.12653709788801365,0.09524815225516725,1.0,0.6435483444758608,0.44789084727250306,0.3158452906305878,0.22187987210316307,0.1558773529230417,0.10930070730826486,0.07642100256322173,0.05324983043979952,1.0,0.7501290419188049,0.5926714760105347,0.46926159835812875,0.37082155220252094,0.2938702886487153,0.23278985985959535,0.18395652212210095,0.14526684811810198
Joseph Haydn,haydn,haydn_op20_no4,String Quartet Op. 20 No. 4,Op. 20 No. 4,Classical,4,haydn_quartet_20_4_4_(c)simonetto.mid,cello,intervals,1324,1323,1,8,200,0.131623616870302,7.597420765191176,-0.131623616870302,-0.24552597966208844,0.782292959823756,0.9928806452184452,0.02553790504049094,0.2931391729062563,0.026675362801305818,0.2414404620246156,0.3669126615916685,0.2931391729062564,3.4113489169180133,0.9999887129300238,0.9999631634084998,1.0,0.7186092202433922,0.5996509759959319,0.5145365030568493,0.44850971373097415,0.397208963676078,0.35134697839980583,0.314107735157812,0.2816172986466652,1.0,0.6972425913798267,0.5162448903088158,0.38513033817570524,0.2875339610767478,0.21467208145281907,0.16026944997942516,0.11960870109664046,0.08925429691914456,1.0,0.6308400845978712,0.43070486668901037,0.2990384504258786,0.20754099876339177,0.14398511447293907,0.10005778543113711,0.06927317484715753,0.04820922948906122,1.0,0.7404359332924983,0.5747119396257816,0.4503750274480798,0.3542350942480382,0.27893258751603545,0.21914546904434454,0.17218556057646747,0.13510002658129833
Joseph Haydn,haydn,haydn_op20_no5,String Quartet Op. 20 No. 5,Op. 20 No. 5,Classical,1,haydn_quartet_20_5_1_(c)simonetto.mid,vln I,intervals,2058,2057,1,8,200,0.1599628731605146,6.251450603769482,-0.1599628731605146,-0.03608490577250235,0.9645583934307608,0.9997184283251599,0.0061511239849630795,0.2830149552896127,0.021670728847394228,0.2293738078275956,0.34550775217520846,0.2830149552896129,3.5333821810818686,0.9999912457133964,0.9999769632765756,1.0,0.8303829351617089,0.698857503362735,0.5951209989405897,0.5064143127522052,0.4320103798402552,0.3666588103655561,0.3149905367282077,0.2709195443345356,1.0,0.7068714777914514,0.5292029593331691,0.3988871070235811,0.3008169718112552,0.22683377987457065,0.17103908884271063,0.12893474501652638,0.09717587362399831,1.0,0.6588951183801736,0.4635474770560297,0.3294608910950017,0.2337873323096335,0.1653403801973598,0.1172745777238153,0.08279351021914319,0.058384220738254236,1.0,0.7539668368865241,0.5998376364437144,0.4775026485257532,0.38016212548655504,0.3021081074646764,0.2400533276196598,0.1906162434977205,0.15130236046137913
Joseph Haydn,haydn,haydn_op20_no5,String Quartet Op. 20 No. 5,Op. 20 No. 5,Classical,1,haydn_quartet_20_5_1_(c)simonetto.mid,vln II,intervals,1520,1519,1,8,200,0.09463723057437304,10.566665929790972,-0.09463723057437304,-0.06144208410588332,0.9404074086981866,0.9986149090804446,0.008075730040564529,0.3247799542643744,0.01997225088664488,0.272380088026562,0.382385676081991,0.3247799542643744,3.0790077616243186,0.9999830519091666,0.9999672421844972,1.0,0.8672924129575353,0.7795469905000018,0.7013505895041302,0.6384993294324863,0.581995699963933,0.5311358678334192,0.4860852863831024,0.4456271294457926,1.0,0.6724119162254766,0.4813823317719406,0.3477955791282022,0.2515564511015208,0.18195480686797783,0.1316680918124414,0.09526695473004072,0.06893724975369678,1.0,0.6222603902948046,0.4211269035888493,0.28911964815340063,0.1984967382055403,0.13544413279687934,0.09247528704841743,0.062744459501574,0.04242608875302456,1.0,0.7115229060960365,0.5338951743650618,0.40559967644679756,0.3092130373731962,0.23557054265194569,0.18015680424681085,0.13762829199626023,0.1049858357932481
Joseph Haydn,haydn,haydn_op20_no5,String Quartet Op. 20 No. 5,Op. 20 No. 5,Classical,1,haydn_quartet_20_5_1_(c)simonetto.mid,viola,intervals,1218,1217,1,8,200,0.09979709357046254,10.020331897681388,-0.09979709357046254,-0.05864021031501312,0.943046006351972,0.9972362114261644,0.012037905605123331,0.3001372117604431,0.026969297428791,0.2360411938801656,0.3758999858131164,0.3001372117604433,3.3318094551973028,0.9999899252609995,0.9999704098807508,1.0,0.8700134664944049,0.7734088003882725,0.6938266035040228,0.6242861732597803,0.5651443375783551,0.5138855279617743,0.47109898898755204,0.4317850282659667,1.0,0.6921741071901976,0.5088887412472486,0.377115775137058,0.27966358772327377,0.20734254678039057,0.15371324830056246,0.11388976722897358,0.08433928197403114,1.0,0.6336539316011457,0.4361394226496866,0.2989889875520374,0.20581451783797824,0.14192454661662873,0.0974208587111813,0.06679791371873484,0.04576557362481116,1.0,0.7496448810231802,0.5886854103862902,0.4647198353943222,0.3672634306065391,0.29039367279836487,0.22943078426949395,0.18098011470445488,0.1422253211109516
Joseph Haydn,haydn,haydn_op20_no5,String Quartet Op. 20 No. 5,Op. 20 No. 5,Classical,1,haydn_quartet_20_5_1_(c)simonetto.mid,cello,intervals,1407,1406,1,8,200,0.07837887996750674,12.758539040294611,-0.07837887996750674,-0.08432243635951762,0.9191348458173761,0.9954639414909641,0.01212286480919482,0.2474050013482789,0.026182586858537103,0.18017060833706247,0.34264453445908016,0.24740500134827903,4.041955476042586,0.9999943260677137,0.9999716982200778,1.0,0.8706464151279117,0.7818756704410774,0.7168844289963913,0.6620148665355695,0.6167290962991141,0.5746133811091306,0.5343536820189365,0.4954683551811482,1.0,0.7374942968569822,0.5733673866374724,0.4476368458894115,0.34974762160480194,0.27326838840860523,0.21349986568643844,0.16674288409866048,0.1302083748537525,1.0,0.6562208239893405,0.4611724499719297,0.3270515113493084,0.23307983118945577,0.16563333098135702,0.1170261611349206,0.08332029520370672,0.0595142044031042,1.0,0.7981083974758181,0.6643791140411964,0.5545837462074382,0.46397539219205214,0.388202895794155,0.32435696455980717,0.2707114523862845,0.2251638969588946
Joseph Haydn,haydn,haydn_op20_no5,String Quartet Op. 20 No. 5,Op. 20 No. 5,Classical,2,haydn_quartet_20_5_2_(c)simonetto.mid,vln I,intervals,819,818,1,8,200,0.1613920113246118,6.196093547583807,-0.1613920113246118,-0.01393104899023059,0.9861655390283969,0.9998633073555291,0.004323783529755915,0.3367974774404747,0.02529851935311585,0.2649371249236087,0.3987548008279414,0.33679747744047484,2.969143378387502,0.999974206045595,0.9999279547595574,1.0,0.8436741714999011,0.7115556164466974,0.6071516646115906,0.5130170038513647,0.4412841941818514,0.37659953418276476,0.31878035042852143,0.27064285823019896,1.0,0.6583559170071206,0.4645779948440882,0.33152901007806057,0.23699303525569726,0.16942478529679808,0.12115215825249309,0.08663552190329545,0.062000129182331866,1.0,0.6045942366534228,0.40407666194760317,0.2751305353853648,0.18617162168333562,0.12508258361114916,0.08409066691023123,0.05637301913504133,0.03792604770820965,1.0,0.7154039366123213,0.5439984168303116,0.41709518807751444,0.31896911296829095,0.24377159732687886,0.18708498881125268,0.1442389368406631,0.11179309189995586
Joseph Haydn,haydn,haydn_op20_no5,String Quartet Op. 20 No. 5,Op. 20 No. 5,Classical,2,haydn_quartet_20_5_2_(c)simonetto.mid,vln II,intervals,536,535,1,8,200,0.21024050192510074,4.756457442040617,-0.21024050192510074,0.007800922808962722,1.007831429281917,0.9999830990861358,0.0019804085863659175,0.3736685308553229,0.024660472309124295,0.29434476943910765,0.44916255876291555,0.37366853085532314,2.6761686292153395,0.9999812747282734,0.9999321832023665,1.0,0.8154864585130239,0.662260652061411,0.5368797078948881,0.43368696452187916,0.3528333620838365,0.2865347018572825,0.23114685757000747,0.18704358576275085,1.0,0.6350045292230351,0.4319150650227501,0.29710885508359336,0.20478546040621087,0.14118224546099756,0.09733106491221787,0.06703156318100775,0.04614452072087254,1.0,0.5802714047495832,0.3640101201771031,0.22872462768098442,0.14695819676844346,0.09425852452417917,0.060512621470875744,0.039057558507273875,0.02516387786786269,1.0,0.7062776723592663,0.516581852682422,0.3839270312230464,0.2867647058823529,0.21369530216778793,0.1597377954114197,0.11931458800529009,0.08934218848829854
Joseph Haydn,haydn,haydn_op20_no5,String Quartet Op. 20 No. 5,Op. 20 No. 5,Classical,2,haydn_quartet_20_5_2_(c)simonetto.mid,viola,intervals,402,401,1,8,200,0.24698358660963646,4.048852046109947,-0.24698358660963646,-0.0378396952877013,0.9628672806825828,0.9990552150550217,0.01740281411005094,0.3988837693046834,0.030306771612966653,0.30059674596602476,0.46784521949992985,0.3988837693046835,2.506995964621864,0.9999830827373164,0.9999223982063995,1.0,0.7761460068973535,0.5851254827501582,0.4529778742201728,0.3521654331512122,0.2766432879967967,0.2159620774725204,0.17168468503377637,0.13677167693519846,1.0,0.6175877552804672,0.4092755937604273,0.27467995987876814,0.18475690763398767,0.12422150141254196,0.08344325986647705,0.05599943897111029,0.037610812008945387,1.0,0.5629480373542062,0.3466113845080792,0.21526459229408043,0.13483421810619858,0.08434404102246161,0.05337053254285013,0.03347928856511799,0.02160912413944537,1.0,0.6744810839436328,0.49255369990054376,0.3632735304374782,0.26957802146704385,0.19982950362304802,0.14829309877165112,0.11025432376228672,0.08167034783844176
Joseph Haydn,haydn,haydn_op20_no5,String Quartet Op. 20 No. 5,Op. 20 No. 5,Classical,2,haydn_quartet_20_5_2_(c)simonetto.mid,cello,intervals,403,402,1,8,200,0.32215275973020624,3.1041174405504752,-0.32215275973020624,-0.08636249980582934,0.9172616637709632,0.9995794753326321,0.015140094320331393,0.44918612018467935,0.033448467867979635,0.3620082252190304,0.5206417285121077,0.4491861201846793,2.2262486641146837,0.9999608312376963,0.9998938967861313,1.0,0.6805243205037589,0.4751269035532995,0.34120670821820986,0.25017027565379424,0.18567114309580415,0.1341772151898734,0.09706354815909529,0.06899698001670629,1.0,0.5812453105530053,0.3637105158279436,0.23165478881332477,0.14824845816456825,0.09491399642584258,0.06072844453567699,0.038821458407718036,0.024792996307976645,1.0,0.5341001092334383,0.30958041508706546,0.18416757694531902,0.10938765019597764,0.06527019212234145,0.0385658292103065,0.023016127995887682,0.013917625136541798,1.0,0.6407247959904903,0.4393882927456146,0.2998650645762385,0.2077748506072094,0.1450491550472274,0.10184411745807363,0.07164428452097925,0.05024738161022939
Joseph Haydn,haydn,haydn_op20_no5,String Quartet Op. 20 No. 5,Op. 20 No. 5,Classical,3,haydn_quartet_20_5_3_(c)simonetto.mid,vln I,intervals,770,769,1,8,200,0.10061932417351745,9.938448784206757,-0.10061932417351745,-0.021391883119110635,0.9788353003680038,0.9997777934902607,0.003437064589528344,0.34317995115512884,0.024866265066963184,0.28616657993502237,0.4190747943710234,0.34317995115512884,2.9139231375085966,0.9999823960207578,0.9999554113092615,1.0,0.8857698635239584,0.7963827123449253,0.7232988780476027,0.6559093056863293,0.5941001790019349,0.5373472534067276,0.48436406027433165,0.4351540485822978,1.0,0.657548855415491,0.46163750354864436,0.32746332420062507,0.232642659175644,0.1653207660217578,0.11744088703131562,0.08338597154912196,0.059204270648196916,1.0,0.5965834428383706,0.38691319958198395,0.2541999924122494,0.167637553847162,0.11082944461114502,0.07275618143001507,0.04814772660644752,0.03183751176963589,1.0,0.7048640930396184,0.5254551788122411,0.39279025732821504,0.2963396001255428,0.22322472503026478,0.16789277818590678,0.12598770094605455,0.0945192297743334
Joseph Haydn,haydn,haydn_op20_no5,String Quartet Op. 20 No. 5,Op. 20 No. 5,Classical,3,haydn_quartet_20_5_3_(c)simonetto.mid,vln II,intervals,346,345,1,8,200,0.2531342315243493,3.950473209324946,-0.2531342315243493,-0.01598248553310748,0.9841445566715948,0.9992489543601725,0.015901088112590337,0.33510223421107943,0.03426393123693533,0.24911050957302106,0.4363436220327795,0.3351022342110793,2.984163929417745,0.9999867823145463,0.9998563234509636,1.0,0.7737608203255316,0.6020578371639773,0.4588169192140888,0.35135989324530753,0.2696082734886661,0.21459800186118377,0.1684195740347304,0.13256544870331677,1.0,0.6590989870453359,0.4671542756469705,0.33418511562971603,0.23929569846543916,0.17145601683511058,0.12283710009681754,0.08785162524937555,0.06278901420800014,1.0,0.5593559601776904,0.3535020104296525,0.22629185468719823,0.14566396853545907,0.09506083963970291,0.06154197320597686,0.04036661808859937,0.026039014626095203,1.0,0.7267571506329781,0.5488033992941548,0.41957403473039173,0.3247414534791846,0.25496461994978314,0.20097273190174356,0.1574982880620863,0.12355802152652187
Joseph Haydn,haydn,haydn_op20_no5,String Quartet Op. 20 No. 5,Op. 20 No. 5,Classical,3,haydn_quartet_20_5_3_(c)simonetto.mid,viola,intervals,327,326,1,8,200,0.33494167407449144,2.9855944404744297,-0.33494167407449144,0.03724143565574935,1.037943587179717,0.999752966136374,0.012063705679831302,0.3619860411914537,0.03295076760517996,0.27526277787038766,0.44432459179130734,0.3619860411914538,2.7625374633468303,0.9999859417736646,0.9998481562092093,1.0,0.7347646931251356,0.5289722205792473,0.38285917075767434,0.27572405906823605,0.19770903570513199,0.13708325939945978,0.09798702706965556,0.0716862837877802,1.0,0.641858688993394,0.4422289337432073,0.30807034410433276,0.21483647281664167,0.1498891382173937,0.10443083868105972,0.072722542219321,0.05065323544323075,1.0,0.582362335127462,0.37513061650992685,0.24398178269355889,0.15756787129591293,0.1018710198931409,0.06561384830740719,0.041048086591352693,0.025768419392362137,1.0,0.7053488693046273,0.5296031229668184,0.3982374164547229,0.3027542832357406,0.23158060763786203,0.17639636442499163,0.13351471776976007,0.10096409771100727
Joseph Haydn,haydn,haydn_op20_no5,String Quartet Op. 20 No. 5,Op. 20 No. 5,Classical,3,haydn_quartet_20_5_3_(c)simonetto.mid,cello,intervals,303,302,1,8,200,0.30699354442523963,3.2573974865569992,-0.30699354442523963,-0.12006937577980543,0.886858908054559,0.9996529433354037,0.013106431576817243,0.3572927723413723,0.03355385695589544,0.2608737564180707,0.4379025680087671,0.3572927723413722,2.798825157998323,0.9999805513308094,0.9998222411533666,1.0,0.670656059033783,0.4702640378185172,0.34917560244436757,0.25935662400553444,0.1901764095468696,0.14062031592297936,0.10390868211691456,0.07646719704831086,1.0,0.6411351557053817,0.44294022448851017,0.310168748621383,0.21754301428319953,0.15243299999287366,0.10677861999414916,0.07469831831920727,0.052193629648042236,1.0,0.5714746915715438,0.36953764556670127,0.2397786233137323,0.1542026980283639,0.09961950882047735,0.06491410123371383,0.04134670817479534,0.026772742995503286,1.0,0.7087282370575348,0.5286982589646028,0.39887005649717516,0.30187939582612705,0.22813328721319037,0.17781621123025482,0.13882163034705408,0.10882047734347977
Joseph Haydn,haydn,haydn_op20_no5,String Quartet Op. 20 No. 5,Op. 20 No. 5,Classical,4,haydn_quartet_20_5_4_(c)simonetto.mid,vln I,intervals,479,478,1,8,200,0.182500965120077,5.47942307780152,-0.182500965120077,-0.13443364780429978,0.8742108827637846,0.9995162535354823,0.0091993848742445,0.3810460563434732,0.02936533571211684,0.305028027657689,0.4544782934640906,0.38104605634347305,2.6243546766919033,0.9999781403564669,0.9999183419637302,1.0,0.7420246645886976,0.6004065591543569,0.5003930071825451,0.4188553101142883,0.35074309978768575,0.29454759000767944,0.24310430500971225,0.2039029678818268,1.0,0.6272671431704939,0.4231710655865826,0.2888932838184706,0.19760876610679096,0.13522385901676814,0.09252415212678826,0.06330866428887127,0.04329110864150539,1.0,0.583547906220355,0.3667344265257262,0.23313005375615486,0.14989384288747346,0.09564981704838053,0.0604417942810679,0.03870443149478249,0.02512535573926006,1.0,0.6751502010209152,0.48355242354429234,0.35113158964629354,0.2583276866784117,0.19093824818177713,0.14137416994172652,0.10542530604869675,0.07802321904503771
Joseph Haydn,haydn,haydn_op20_no5,String Quartet Op. 20 No. 5,Op. 20 No. 5,Classical,4,haydn_quartet_20_5_4_(c)simonetto.mid,vln II,intervals,411,410,1,8,200,0.1617974141793452,6.180568490986788,-0.1617974141793452,-0.17350936905452902,0.8407092744739472,0.9969210878649564,0.02060247920750173,0.3424336142741653,0.033313853555258593,0.2690216198227232,0.44351890593942894,0.3424336142741651,2.920274056971997,0.9999884659154589,0.9998920830291612,1.0,0.7437625766946904,0.6051751169709764,0.5066849375949039,0.4293668135748059,0.36902336950483317,0.31866720985642505,0.27128624865745715,0.23595422391763268,1.0,0.6534154653974211,0.45969170019140954,0.3266677898297524,0.2324202904208279,0.1653136898628225,0.11744738219484298,0.08335078843923373,0.05912959463477386,1.0,0.5881510561337234,0.37922052269669027,0.24518844981050084,0.15890769477673666,0.10308260187894276,0.06571361554510327,0.04151698085256102,0.026073108403392466,1.0,0.7023073219510388,0.5338567707368863,0.40746639013369873,0.3123711467476513,0.2391392911373653,0.18210436650494427,0.13787143686036318,0.10651457353431354
Joseph Haydn,haydn,haydn_op20_no5,String Quartet Op. 20 No. 5,Op. 20 No. 5,Classical,4,haydn_quartet_20_5_4_(c)simonetto.mid,viola,intervals,468,467,1,8,200,0.16146035878791629,6.193470691549337,-0.16146035878791629,-0.07765328881829275,0.9252851776536885,0.9997776510324058,0.005517107057768938,0.3844051740951621,0.02999311877800038,0.29740827042018964,0.4779594868065683,0.3844051740951622,2.6014218001978375,0.9999825640146355,0.9999208423010099,1.0,0.7949606895898456,0.6633986928104575,0.5675286539736668,0.4854409396608885,0.41444539168324335,0.3513877048403903,0.29784976792649426,0.2548830160083357,1.0,0.6266524393492465,0.4214326459797897,0.28704231803799074,0.1957803502446069,0.13356264631886108,0.09103680730986546,0.062021315225032105,0.042225312639270256,1.0,0.5544472861608412,0.33654447286160843,0.20625177607274794,0.12947807142180542,0.08095102775409681,0.050279435445675855,0.031050487827981435,0.01954153642133182,1.0,0.6982760253859999,0.5104764611158473,0.37894288150042627,0.28073316283034955,0.20694326039594582,0.1522970540873354,0.11195415364213318,0.08330017997537179
Joseph Haydn,haydn,haydn_op20_no5,String Quartet Op. 20 No. 5,Op. 20 No. 5,Classical,4,haydn_quartet_20_5_4_(c)simonetto.mid,cello,intervals,324,323,1,8,200,0.27497907677267175,3.636640328190174,-0.27497907677267175,-0.030086062775999865,0.9703620179057799,0.9979389832534915,0.028633080050621682,0.4381124876003068,0.033099085338044454,0.36093387751903305,0.5205549334713211,0.4381124876003065,2.2825188240521186,0.9999752411052863,0.9998861249848713,1.0,0.7151898734177216,0.5493871810327506,0.43011854530841875,0.3334337954591119,0.2524412296564195,0.1914808117339763,0.14183242917420133,0.10216998191681737,1.0,0.589067758112661,0.37393295383831504,0.24126858927336514,0.15604829641127085,0.10094561963988655,0.06525007002360311,0.04212538453341031,0.02720616087531443,1.0,0.5424151095037171,0.31330118545308416,0.18551336146272854,0.11089009443439823,0.0663451878641752,0.04002411091018686,0.024151095037170986,0.014104882459312839,1.0,0.6408880851918827,0.4339361060880048,0.30415913200723327,0.21273859754872412,0.14866385372714486,0.10335543500100462,0.07193088205746434,0.049708659835242114
Joseph Haydn,haydn,haydn_op20_no6,String Quartet Op. 20 No. 6,Op. 20 No. 6,Classical,1,haydn_quartet_20_6_1_(c)simonetto.mid,vln I,intervals,2124,2123,1,8,200,0.1303669693298202,7.670654653864532,-0.1303669693298202,-0.10118134449978473,0.903769124464571,0.999358850632612,0.007565995849564684,0.2805623592897927,0.02166955640310122,0.24844425160218994,0.3494974201458836,0.2805623592897925,3.564269998767373,0.9999882721479966,0.9999759307717171,1.0,0.8031157409269464,0.6952070680663368,0.6082585904087734,0.5339464711061059,0.4681619720512855,0.4106803058538569,0.3622151613061801,0.3227598350069492,1.0,0.707913435328633,0.531033372031247,0.4010999185419277,0.30318059558506977,0.22915754177171604,0.17324175816988943,0.13097668120206166,0.09900975734098097,1.0,0.6498697305679568,0.4542121939338687,0.320824339603248,0.22678991987200972,0.16002225529233532,0.1128754463348036,0.07946256597264119,0.05600870548382916,1.0,0.7358131449230673,0.5683255350431475,0.44030755205191113,0.3428266902626393,0.26820532071306313,0.20970831266451265,0.1638695607484571,0.12778291705211225
Joseph Haydn,haydn,haydn_op20_no6,String Quartet Op. 20 No. 6,Op. 20 No. 6,Classical,1,haydn_quartet_20_6_1_(c)simonetto.mid,vln II,intervals,1236,1235,1,8,200,0.09757515692677375,10.248510291922564,-0.09757515692677375,-0.026472357015025278,0.9738749642744574,0.998368514690362,0.009037848473534716,0.32002451449722114,0.026914279472320474,0.24737136164769144,0.37563590548977405,0.32002451449722125,3.1247606189515302,0.9999825485846588,0.9999647345321563,1.0,0.8950593194916762,0.8047301620169424,0.7210112320773902,0.6520339059542487,0.5915357231031434,0.5404843252656701,0.49352781737719975,0.4515303074950423,1.0,0.676427806903622,0.4866098269583886,0.3531876281649709,0.25668403734582323,0.18656496590195898,0.13564246547664854,0.09862457246174508,0.07168969396179338,1.0,0.6347610362925384,0.43335749119300004,0.29961719083912725,0.20631343097356175,0.14182389185773941,0.09745439872149174,0.06686550443469282,0.04539553849462023,1.0,0.7291359715839857,0.5665894146099302,0.44158576438388164,0.34494768894233707,0.269391991802256,0.21061007887142974,0.16475925763693658,0.12880121267146108
Joseph Haydn,haydn,haydn_op20_no6,String Quartet Op. 20 No. 6,Op. 20 No. 6,Classical,1,haydn_quartet_20_6_1_(c)simonetto.mid,viola,intervals,1031,1030,1,8,200,0.15709681238501325,6.365501532578507,-0.15709681238501325,-0.033390339519363224,0.9671609647526045,0.9992674548819054,0.009745931224759627,0.3053346971680044,0.027230497341416006,0.25667591300343984,0.39598827215296584,0.30533469716800454,3.275094541416527,0.9999893380862526,0.9999578632350612,1.0,0.8397828419922985,0.70568700705687,0.6009836385443986,0.510120458419177,0.4377650630412451,0.37340005700588996,0.32287906525644045,0.27930207956721437,1.0,0.6861425185443041,0.5017322603692305,0.3698586212309401,0.27278057694126906,0.20122826032499236,0.14839879450286328,0.10940542770726132,0.08062192330966401,1.0,0.6155067498417034,0.4077183679481514,0.2708372787913221,0.18258910039731957,0.12343879422977964,0.08341798134109225,0.05649321955110731,0.03820542397652429,1.0,0.7309608935768901,0.558382257012394,0.42957381401924044,0.33213965295273296,0.25733759538443585,0.19935610125623382,0.15393503241492637,0.11936229921205617
Joseph Haydn,haydn,haydn_op20_no6,String Quartet Op. 20 No. 6,Op. 20 No. 6,Classical,1,haydn_quartet_20_6_1_(c)simonetto.mid,cello,intervals,851,850,1,8,200,0.18165298169907756,5.5050018482855325,-0.18165298169907756,-0.0604659232368877,0.9413258458097251,0.9996965067711543,0.007252080201363725,0.32330966827361535,0.027734606450930625,0.2592443260201709,0.4079596397691403,0.32330966827361535,3.09300988535148,0.9999853805485237,0.9999476051638987,1.0,0.7962823644770542,0.6504622389779743,0.5423679146132887,0.4543917633832343,0.376145031177533,0.31625260986804843,0.26531193030208255,0.221150567901652,1.0,0.6712921099201276,0.4813735573909131,0.3484050007260362,0.2524799191428559,0.1829546478399113,0.13251138066833354,0.0959837251945059,0.06951629063942884,1.0,0.6091129125423003,0.4000698782484228,0.26707015719788224,0.17853328937766094,0.11909451314866315,0.07940761278433825,0.05244531604410219,0.03469116913635557,1.0,0.7129525532328552,0.5434132706683235,0.4155304407119692,0.3196197270803572,0.24721684516614398,0.19148894204895422,0.14909707722955287,0.11569640155197336
Joseph Haydn,haydn,haydn_op20_no6,String Quartet Op. 20 No. 6,Op. 20 No. 6,Classical,2,haydn_quartet_20_6_2_(c)simonetto.mid,vln I,intervals,566,565,1,8,200,0.16106662863230067,6.208610737627731,-0.16106662863230067,-0.0037113067536187153,0.9962955716333919,0.9999190328712686,0.0033209105036705175,0.32702116458443475,0.028013980333698993,0.26100267926724646,0.41745239983608207,0.3270211645844347,3.0579060571530885,0.9999827413647586,0.9999019696472861,1.0,0.8448421201649904,0.7223670070719356,0.6175749502905349,0.5249705604138917,0.4444959235021203,0.3775216694658404,0.3218020244139431,0.2755094817989357,1.0,0.6624127302402063,0.47256975246987504,0.34092393769534035,0.24636377911973534,0.17789123842069426,0.12836652888559116,0.09259490400329533,0.06675444506263055,1.0,0.6047437951648295,0.398151901829437,0.2686949415390951,0.17868380919287272,0.11791921648874218,0.07759824456413325,0.050661827635245134,0.032753550446259085,1.0,0.7142783601346178,0.5481876154256996,0.4244898747128434,0.32755480910921925,0.25251121278225,0.19449431478156792,0.14955309743055153,0.1142899429225948
Joseph Haydn,haydn,haydn_op20_no6,String Quartet Op. 20 No. 6,Op. 20 No. 6,Classical,2,haydn_quartet_20_6_2_(c)simonetto.mid,vln II,intervals,711,710,1,8,200,0.21009411978864007,4.759771482448081,-0.21009411978864007,-0.6232978973529595,0.536173274220676,0.9245006267843026,0.1375661608092969,0.3261051733948676,0.03646099030661468,0.26115348933911814,0.38895644086758574,0.3261051733948676,3.066495356665625,0.9999858306413455,0.9999441752265664,1.0,0.5707083601820444,0.3341560183665447,0.2463313515945095,0.20193472825051773,0.1700445384655911,0.14692019955177849,0.1297978140083403,0.11526506263348368,1.0,0.6708338904641945,0.47982013726446265,0.3461669805789632,0.25021013234231076,0.1808470201413509,0.1306244938708594,0.09435125703429414,0.06810333287561653,1.0,0.6140391403549298,0.4161732582785214,0.28434102118312643,0.19267850846798215,0.1308514992725519,0.08891482575693102,0.060295112926691874,0.04064793538477749,1.0,0.7308766256134677,0.5589638221217169,0.4313139049981155,0.3327416485311222,0.2559401506769928,0.19725798673167094,0.15167799378325694,0.1173116436274331
Joseph Haydn,haydn,haydn_op20_no6,String Quartet Op. 20 No. 6,Op. 20 No. 6,Classical,2,haydn_quartet_20_6_2_(c)simonetto.mid,viola,intervals,231,230,1,8,200,0.3945593517400201,2.534472939470237,-0.3945593517400201,-0.08065690806577344,0.9225101429448118,0.9988332094437258,0.030898824599361926,0.429289274868391,0.04089083291331474,0.34094121123201754,0.5375901141183331,0.4292892748683912,2.329431594363902,0.9999758711643402,0.9997891039332859,1.0,0.6502646143901749,0.41869672362945903,0.28073364844665294,0.18337171251969459,0.12543934068597745,0.08366662626752312,0.058497959843251325,0.0413283238395346,1.0,0.5943120375367473,0.38126707059436155,0.24797530638546825,0.16163287285151556,0.10544627472068069,0.06873881052378902,0.044825472052777635,0.029250688263547344,1.0,0.5262796428715711,0.30860905748798123,0.17965499131418414,0.10528016806043712,0.06225508019229992,0.03627843089726498,0.021249949501070578,0.01260453278390498,1.0,0.6738981133599967,0.4841029370177352,0.34569547125600936,0.24502080555892214,0.17351432149638427,0.12329818607845514,0.08770654062133883,0.061810689613380196
Joseph Haydn,haydn,haydn_op20_no6,String Quartet Op. 20 No. 6,Op. 20 No. 6,Classical,2,haydn_quartet_20_6_2_(c)simonetto.mid,cello,intervals,267,266,1,8,200,0.17944456922156615,5.572751542930602,-0.17944456922156615,-0.20009829258674128,0.8186502818693436,0.9860281073136176,0.0489432657189302,0.3574361796941206,0.036233635232185236,0.24194541558895435,0.4337409606805161,0.3574361796941205,2.7977022383569556,0.999988223482055,0.9998256706309597,1.0,0.7386788782137619,0.5779533686510431,0.46350004489539376,0.3733800245428152,0.31732064290203826,0.272185807069528,0.2381550986202149,0.20771602166951003,1.0,0.6423430515169339,0.44491770910673484,0.3114791900550174,0.21824998456733066,0.15284132769533432,0.1070004317510341,0.07488145366233742,0.05232914035037312,1.0,0.5886983328843794,0.37936607704049563,0.24617640896710663,0.15931878722576398,0.10275059112268414,0.0665649037742061,0.04366825297057855,0.02825416778905151,1.0,0.7261979587560983,0.566849241267846,0.4451527939900033,0.3492263027146748,0.2748795306934842,0.21657537936607704,0.1700936817215887,0.13259106282362096
Joseph Haydn,haydn,haydn_op20_no6,String Quartet Op. 20 No. 6,Op. 20 No. 6,Classical,3,haydn_quartet_20_6_3_(c)simonetto.mid,vln I,intervals,421,420,1,8,200,0.18419577375090762,5.429006212446134,-0.18419577375090762,-0.056871012562924955,0.9447159179929093,0.9992652546487645,0.01144425017689091,0.4208609055152906,0.02687327761047013,0.34042622910503645,0.5007189341085667,0.4208609055152907,2.376081947491956,0.9999518227862033,0.9998590206418649,1.0,0.7949998824608007,0.6566209830978631,0.5415265991208068,0.4501516255671266,0.37084792778391595,0.3075883307082912,0.26140717929429463,0.22051529184983193,1.0,0.5909298916903096,0.380129989032345,0.24912739033238074,0.16395582480224435,0.10794379536694329,0.0710439484005843,0.04675964680012701,0.030740260566938175,1.0,0.5367074919485648,0.3229859658196008,0.19594959919133031,0.11957262747126167,0.07233362326335833,0.04366581254848492,0.02649333552739839,0.01609111638731517,1.0,0.6426925879780907,0.44038411810338746,0.3078351630268695,0.21914008321775313,0.157208679094478,0.11341357342673782,0.08116081713251369,0.05775876254730953
Joseph Haydn,haydn,haydn_op20_no6,String Quartet Op. 20 No. 6,Op. 20 No. 6,Classical,3,haydn_quartet_20_6_3_(c)simonetto.mid,vln II,intervals,189,188,1,8,200,0.25330036473357764,3.9478821953209744,-0.25330036473357764,-0.20284540100128431,0.8164044469797825,0.9897509797365784,0.05906003127022924,0.5423144594138314,0.03213847290525135,0.43464529311251,0.625782602242975,0.5423144594138315,1.8439486217661698,0.9996844590611035,0.9991721069899262,1.0,0.6996930632289748,0.49515039901780233,0.35948434622467773,0.2809085328422345,0.21866175567833027,0.1723756906077348,0.13965623081645182,0.11743400859422959,1.0,0.4772190027269251,0.2607219536444755,0.14997421913862383,0.08776613438003192,0.051592039505895006,0.030295874635075284,0.017757750940102984,0.010387526598076938,1.0,0.41559238796807857,0.21540822590546346,0.12068753836709638,0.06752608962553713,0.03683241252302026,0.019459791282995704,0.010006138735420503,0.005033763044812768,1.0,0.5518723143032536,0.35095150399017805,0.23701657458563535,0.15383670963781462,0.10030693677102517,0.06482504604051566,0.040761203192142416,0.025844076120319213
Joseph Haydn,haydn,haydn_op20_no6,String Quartet Op. 20 No. 6,Op. 20 No. 6,Classical,3,haydn_quartet_20_6_3_(c)simonetto.mid,viola,intervals,231,230,1,8,200,0.35751373216492366,2.7970953561545793,-0.35751373216492366,-0.04144884632560749,0.9593984108401864,0.9992427736487424,0.022550165356122625,0.4595401929412659,0.039685694711351895,0.3741593764055767,0.5524216425310391,0.45954019294126575,2.176088218964148,0.9999558906471039,0.9997992398861711,1.0,0.6894517836221872,0.47299317254474205,0.32307195087464147,0.22009453399587928,0.15775865551650306,0.114773966791904,0.08023269906677978,0.054821637781279034,1.0,0.574679701654641,0.35561071144032946,0.22399364075576794,0.14181197718518018,0.08984580031025861,0.056922357845233515,0.03604779244190202,0.022797200839259995,1.0,0.5095947965903123,0.289500262594433,0.16749484910919887,0.09679634791742416,0.056599200096957944,0.031632529390376925,0.018300812022785117,0.01074617218114976,1.0,0.6458611077445158,0.43639154849917183,0.2928129923645619,0.19981416393972448,0.13747828546034824,0.09554397446774128,0.06552741081889064,0.04496424675796873
Joseph Haydn,haydn,haydn_op20_no6,String Quartet Op. 20 No. 6,Op. 20 No. 6,Classical,3,haydn_quartet_20_6_3_(c)simonetto.mid,cello,intervals,187,186,1,8,200,0.4998550874481135,2.0005798182534313,-0.4998550874481135,-0.005570506774924842,0.9944449797287049,0.9995897896790067,0.023201504854158072,0.5329506644882004,0.03789331396589552,0.4403801084485557,0.6421236070748116,0.5329506644882002,1.8763462861244646,0.9999453079027065,0.9995984665803522,1.0,0.6108216684451698,0.3723557843198795,0.22233381457535623,0.13232063272864228,0.07915385098236144,0.04921222773209466,0.02943945766116377,0.019082292385914256,1.0,0.5269896270722175,0.3011881452248766,0.17624994163854996,0.10371513912417882,0.061118520829344936,0.03597659776755375,0.021179905982923186,0.012485111364939176,1.0,0.4683949532358295,0.2400979222898751,0.1294331805913,0.0677923545289059,0.03546544473039985,0.01889398029000063,0.010168853179335887,0.005335509384219447,1.0,0.5923043123469964,0.3759964848408763,0.24392693490678552,0.15680120519741383,0.10037034712196347,0.06471659029565,0.041679743895549556,0.026928629715648734
Joseph Haydn,haydn,haydn_op20_no6,String Quartet Op. 20 No. 6,Op. 20 No. 6,Classical,4,haydn_quartet_20_6_4_(c)simonetto.mid,vln I,intervals,608,607,1,8,200,0.19585290068498432,5.105872808125676,-0.19585290068498432,-0.1405299196138031,0.8688976674612164,0.9902041655218937,0.04463422561704997,0.30536837207528156,0.026107405293776944,0.2478726119659411,0.4044991506605918,0.30536837207528145,3.2747333759682005,0.9999821059036267,0.9999186627626107,1.0,0.7676683361157485,0.5978964941569282,0.45726766833611576,0.3733945464663328,0.316282693377852,0.2659933222036728,0.22428491930996106,0.19045075125208683,1.0,0.6822200846585904,0.49791924494268064,0.36694520942428444,0.27066288948223355,0.19961889356206108,0.14723477792776798,0.1086159025348467,0.08010811006171692,1.0,0.6182470784641069,0.41429048414023373,0.2780690038953812,0.18569282136894824,0.12408458542014468,0.08204785754034502,0.054507512520868114,0.0366833611574847,1.0,0.7319755147468002,0.5697996661101836,0.44548135781858655,0.3487423483583751,0.27242070116861433,0.21294936004451864,0.16523650528658876,0.12834168057874235
Joseph Haydn,haydn,haydn_op20_no6,String Quartet Op. 20 No. 6,Op. 20 No. 6,Classical,4,haydn_quartet_20_6_4_(c)simonetto.mid,vln II,intervals,616,615,1,8,200,0.15300016001178837,6.535940876943867,-0.15300016001178837,-0.1369108921838386,0.872047928956631,0.9887593734308254,0.0373784673649149,0.3052052290425038,0.02732207030925604,0.23944904394875183,0.39690060731802873,0.30520522904250386,3.276483837243617,0.9999910368612338,0.9999244694910212,1.0,0.796849258649094,0.6485086274169773,0.5280336859446805,0.4506578947368421,0.39420033816006245,0.34495577906875924,0.3027399635827625,0.26784011098586663,1.0,0.6852736521529201,0.5013570056276991,0.36974592194069955,0.2727929810705489,0.2012700817846713,0.1484221436081407,0.10940754774456116,0.08058299343868056,1.0,0.621222795456516,0.41289668776554234,0.2795293939131189,0.18872474637995318,0.12715143501257262,0.08545044654469783,0.05730295673285355,0.03823809936703373,1.0,0.7456483568889274,0.5830768230295673,0.45874880776901067,0.359696089482355,0.2805373710222839,0.21965230208965578,0.1737080551461025,0.13767558310933842
Joseph Haydn,haydn,haydn_op20_no6,String Quartet Op. 20 No. 6,Op. 20 No. 6,Classical,4,haydn_quartet_20_6_4_(c)simonetto.mid,viola,intervals,568,567,1,8,200,0.21326980004279522,4.688896411021803,-0.21326980004279522,-0.10657856794652935,0.8989044203122951,0.9974427567245848,0.024742925394648604,0.32246092870952614,0.023811520387578337,0.2636038817943789,0.4046794234074955,0.32246092870952603,3.10115090222544,0.9999868955770734,0.9999193582989898,1.0,0.7599987222080246,0.5866215180168669,0.45884232047022744,0.37073217480194226,0.30527089189879886,0.2504472271914132,0.20504727830309225,0.16602351137234858,1.0,0.6710378037672582,0.481694848066749,0.34912295876788646,0.25317089793917147,0.18356382473944918,0.1330824703024988,0.09646007252872807,0.06991375007352164,1.0,0.6010094556606185,0.39519550217224636,0.2668796319959111,0.1806797853309481,0.12215691285458727,0.08268591873243036,0.05488755430615896,0.03663429593662152,1.0,0.7230258113979044,0.5511436238180424,0.4226424738052645,0.32445054945054946,0.24935471505238946,0.1916049067211858,0.14791081012011245,0.11402376693074368
Joseph Haydn,haydn,haydn_op20_no6,String Quartet Op. 20 No. 6,Op. 20 No. 6,Classical,4,haydn_quartet_20_6_4_(c)simonetto.mid,cello,intervals,393,392,1,8,200,0.3082239672724264,3.2443940322010763,-0.3082239672724264,-0.15890335588517385,0.8530788000308516,0.9967817831890072,0.040128567918207715,0.3834441750833896,0.03236090677643465,0.28517222502690737,0.4685275374103857,0.3834441750833896,2.6079415596351794,0.9999800867985599,0.9998761532721997,1.0,0.6713474025974026,0.4647862554112554,0.3169642857142857,0.23621482683982684,0.1805871212121212,0.13492965367965368,0.10063582251082251,0.07428300865800866,1.0,0.6250586727629329,0.4206661299427003,0.28662115596180504,0.19569908680479753,0.13353382327963714,0.09112311101719599,0.06218681803362919,0.04242499048008079,1.0,0.5739177489177489,0.3601866883116883,0.2253111471861472,0.14173430735930737,0.08846049783549784,0.055492424242424246,0.034767316017316016,0.021996753246753247,1.0,0.700879329004329,0.520806277056277,0.38927218614718617,0.29189664502164503,0.2202922077922078,0.16563852813852814,0.1244047619047619,0.09326298701298702
Ludwig van Beethoven,beethoven,beethoven_op18_no1,String Quartet Op. 18 No. 1,Op. 18 No. 1,Classical / transitional,1,beethoven_quartet_1_1_(c)edwards.mid,vln I,intervals,1901,1900,1,8,200,0.06539354970470976,15.29202810545668,-0.06539354970470976,0.008509354749667578,1.0085456622201086,0.9994990035794734,0.0033545996157418453,0.2826619167593036,0.020400061356650907,0.2405133577200983,0.34288776238053903,0.28266191675930347,3.5377952978771283,0.9999918674199638,0.9999767454688616,1.0,0.9400578966237021,0.8838331719509621,0.8308098491270275,0.7795042154862301,0.7300581088219757,0.6825452401135149,0.6374553406396549,0.5948107470607747,1.0,0.7062238947998862,0.529017505691297,0.3989124549940591,0.3009446157069367,0.22697983983910341,0.1711718443909522,0.1290841813886473,0.09736122280835288,1.0,0.6536946511516224,0.45792052392870586,0.3253044207601389,0.23130505288762762,0.16444919470755168,0.11716415993495564,0.08308288352883496,0.058765519790839514,1.0,0.7468804061698323,0.5844761327199687,0.4599704709349791,0.36175059108387525,0.28464834837148995,0.2240389372663725,0.17614969583052728,0.13823824058593528
Ludwig van Beethoven,beethoven,beethoven_op18_no1,String Quartet Op. 18 No. 1,Op. 18 No. 1,Classical / transitional,1,beethoven_quartet_1_1_(c)edwards.mid,vln II,intervals,1403,1402,1,8,200,0.09950982110295906,10.049259348635928,-0.09950982110295906,-0.014479762482083627,0.9856245651253445,0.9994544550041043,0.005326959333288387,0.26789881124920933,0.020223318242555008,0.2155833970618504,0.3337461957890557,0.26789881124920933,3.7327526588752318,0.9999887256933806,0.9999642026824382,1.0,0.8975938867548068,0.8104667725994148,0.7297295629502785,0.6574700585715535,0.5964301692352787,0.5395134292898907,0.49177169950067623,0.4484534333009364,1.0,0.7167294603348596,0.5446632774843465,0.4166495929486001,0.3189555049420991,0.24422940243578925,0.1869740796385181,0.14310435584779346,0.10952590287903873,1.0,0.6540555272725402,0.46505813445231226,0.3332973367684341,0.2397309513892103,0.17249656747041853,0.12417889264281637,0.08936507201884163,0.06387744712361734,1.0,0.7694512580799432,0.6171014537469853,0.496387487594041,0.3999218360305045,0.3228274787491708,0.26069329383995926,0.21046060175971779,0.1696363832708536
Ludwig van Beethoven,beethoven,beethoven_op18_no1,String Quartet Op. 18 No. 1,Op. 18 No. 1,Classical / transitional,1,beethoven_quartet_1_1_(c)edwards.mid,viola,intervals,1392,1391,1,8,200,0.09464409308877925,10.565899755222626,-0.09464409308877925,-0.019871532975796205,0.9803246046022798,0.9993443123984895,0.005554744389678177,0.27609751951144346,0.02475026987462798,0.21976260705820289,0.3213957687846639,0.2760975195114435,3.621908671144554,0.9999880559684482,0.9999629140170689,1.0,0.9002169197396963,0.8109485954551344,0.7346682883402506,0.6679226277799373,0.6082947767900058,0.5533940207055952,0.5052526759703919,0.46389686490372356,1.0,0.7110961160678406,0.5359974171133389,0.40655657555590163,0.30860109483372367,0.23431712786792727,0.17796478465498045,0.13516011157960614,0.10262533944150759,1.0,0.6730164800488174,0.4845376767436126,0.35080707517794524,0.2542965990830021,0.18481958881379593,0.1344369490802854,0.09801825636653166,0.0712167567364237,1.0,0.7621437438090103,0.609596713185293,0.4898290137466093,0.3937897842923359,0.3160246845468718,0.25376370376871926,0.20367885847554323,0.16325300197693712
Ludwig van Beethoven,beethoven,beethoven_op18_no1,String Quartet Op. 18 No. 1,Op. 18 No. 1,Classical / transitional,1,beethoven_quartet_1_1_(c)edwards.mid,cello,intervals,984,983,1,8,200,0.19674516173530243,5.082717110702742,-0.19674516173530243,-0.04538495023123185,0.9556295412053697,0.9998317037424681,0.005848675016183798,0.30315936877354255,0.023585197642052854,0.26242436065362573,0.3664161001314176,0.3031593687735427,3.2985950724385855,0.9999879059588652,0.9999489413767557,1.0,0.7887999159310635,0.6475388818831441,0.5290311055065153,0.4315952080706179,0.35368011769651114,0.2935435056746532,0.24291088692728036,0.19850147120638925,1.0,0.6852945699017127,0.5019223291463702,0.3708163244381857,0.274203848533765,0.20272397103416306,0.1498082444743551,0.11065086671473487,0.08174182492051503,1.0,0.6363514081546868,0.43620638923917615,0.30207860445565365,0.21070197562000842,0.1464438839848676,0.10180117696511139,0.07092686002522068,0.04927280369903321,1.0,0.7250630517023959,0.5572383354350567,0.43046027742749055,0.3320302648171501,0.2551954602774275,0.195338377469525,0.14952080706179066,0.11531315678856663
Ludwig van Beethoven,beethoven,beethoven_op18_no1,String Quartet Op. 18 No. 1,Op. 18 No. 1,Classical / transitional,2,beethoven_quartet_1_2_(c)edwards.mid,vln I,intervals,726,725,1,8,200,0.10703108620520822,9.343079991571077,-0.10703108620520822,0.013295488721007099,1.013384266743929,0.9995748329526054,0.005057800868165143,0.34387299737506877,0.027054719081316438,0.2705022888598117,0.4030777083699791,0.3438729973750688,2.908050377998366,0.9999813587673687,0.9999379707995968,1.0,0.9031790616270984,0.8171505382610148,0.7381615598885793,0.6642851870413321,0.5967607215145123,0.5342361977133133,0.478444307175907,0.4274231458063814,1.0,0.6541330793580474,0.4588459265698984,0.32524742203210494,0.23083775670469975,0.16392861736822525,0.11639965228598369,0.0825993901011476,0.05861018012149564,1.0,0.602759097601815,0.4020427112349118,0.26848171932728054,0.17919371569095932,0.11970722951946947,0.08014281107834796,0.05393876528245591,0.036363212549970284,1.0,0.7106443980839384,0.5359378095826389,0.40848785756187767,0.3116630342303703,0.23710290866850814,0.18173059366052455,0.1391475623827228,0.10625750282630739
Ludwig van Beethoven,beethoven,beethoven_op18_no1,String Quartet Op. 18 No. 1,Op. 18 No. 1,Classical / transitional,2,beethoven_quartet_1_2_(c)edwards.mid,vln II,intervals,862,861,1,8,200,0.08749911574302273,11.428686924527476,-0.08749911574302273,-0.0468529558111024,0.9542277009130286,0.9993974570684742,0.004922754681031121,0.29403455896354574,0.027930035889030456,0.2456719077422333,0.37583094546727014,0.29403455896354563,3.400960769798423,0.9999857000572427,0.9999491108191951,1.0,0.8831593137322193,0.7985399375670934,0.7287243535009376,0.6701077063731533,0.6154775403521392,0.5645565588870799,0.5172788697282769,0.47589853691750567,1.0,0.6949769994421905,0.5137408495656033,0.38286371499953253,0.28558892243397443,0.2130233166885274,0.15886245796001008,0.1185037145601618,0.08841377239965192,1.0,0.6296992842454376,0.4213836823334642,0.28731766379028695,0.19768224011684893,0.13635851973061053,0.09431651891244842,0.06493955758845348,0.04476829264944499,1.0,0.7411422970587347,0.5703880229854131,0.443578388440303,0.3461045325631261,0.27032295438883563,0.2121126428008599,0.16596610392855085,0.12976380373993426
Ludwig van Beethoven,beethoven,beethoven_op18_no1,String Quartet Op. 18 No. 1,Op. 18 No. 1,Classical / transitional,2,beethoven_quartet_1_2_(c)edwards.mid,viola,intervals,842,841,1,8,200,0.09529290069968963,10.493961172946612,-0.09529290069968963,-0.03134905667410116,0.9691372302107186,0.9994032426927043,0.005335421007260861,0.26196518438237815,0.01967107368734504,0.18867440178448602,0.3213788715752985,0.26196518438237804,3.8173011515161797,0.9999858586768744,0.9999150640458362,1.0,0.8891441468673801,0.8014918197494826,0.7241285003209917,0.6580502704678994,0.5993994720190234,0.5454411980619586,0.4982798874945662,0.4553360912710408,1.0,0.7145777906543687,0.5458122385423216,0.4200986917048355,0.3235830256474099,0.24923627038537535,0.1919498976628296,0.147816575551904,0.11376756437643114,1.0,0.6642772216800389,0.47996176888021397,0.3510324993306675,0.2554028805766911,0.18514456142169097,0.13431271789291255,0.0971266204323456,0.07022377296242238,1.0,0.7865304395139351,0.6464974479000233,0.5366088881595804,0.44456919458430855,0.3692181908734717,0.3057942601501032,0.25301343559006334,0.20875688404858347
Ludwig van Beethoven,beethoven,beethoven_op18_no1,String Quartet Op. 18 No. 1,Op. 18 No. 1,Classical / transitional,2,beethoven_quartet_1_2_(c)edwards.mid,cello,intervals,610,609,1,8,200,0.11840656221551756,8.445477862788138,-0.11840656221551756,-0.15368056075358796,0.8575459110831095,0.9905842797141964,0.026450658120421116,0.28136195387566654,0.024069837267813168,0.21140673853219852,0.3611730664951108,0.2813619538756665,3.5541408005785273,0.9999868485648763,0.9999059748405308,1.0,0.8030690819840687,0.6703334973272674,0.5811521218788177,0.5194443369577836,0.4673937678619798,0.42137412175720423,0.3790028800283028,0.33958905699802655,1.0,0.6992574000067787,0.5236006378412014,0.3953668887871581,0.29873976707434585,0.2256701766056841,0.1704370401149235,0.1286895604370437,0.09719732708800302,1.0,0.6419975566746452,0.441904688199623,0.3094565535845573,0.2168036660936092,0.15140325371335703,0.10535596818149154,0.07344348566342916,0.050674125626724006,1.0,0.7581881802753992,0.6109474242817895,0.4933084947015218,0.398626873262171,0.3212033100977883,0.2605181839790825,0.21258036163426405,0.1728790885622523
Ludwig van Beethoven,beethoven,beethoven_op18_no1,String Quartet Op. 18 No. 1,Op. 18 No. 1,Classical / transitional,3,beethoven_quartet_1_3_(c)edwards.mid,vln I,intervals,957,956,1,8,200,0.09163472403156597,10.912893671786733,-0.09163472403156597,-0.08669868826496922,0.9169533428154694,0.9982421185895143,0.00881082488485891,0.35972993438362655,0.024333416368939056,0.3020073394189613,0.44473747747606907,0.3597299343836263,2.779863181843442,0.9999817836805757,0.9999574179792031,1.0,0.8524851831597107,0.7559745323747404,0.6896822326855273,0.6315575355804244,0.5786770884742101,0.5303850822317963,0.484820797374985,0.441815279685923,1.0,0.6464232108519989,0.4460970909136033,0.31125032190451196,0.21752658960048218,0.15198550909590372,0.10618347635522886,0.07419607470649282,0.05183764322468501,1.0,0.5891633653901731,0.37303090528337624,0.23879900228088194,0.15357938402849103,0.0980112310093236,0.06303993099554049,0.04069573568446466,0.02603228804026446,1.0,0.6991614535398132,0.5130895057199895,0.37932889606203285,0.28048845553614066,0.20771587235953456,0.1536171764193266,0.11295923312569749,0.08314770600187628
Ludwig van Beethoven,beethoven,beethoven_op18_no1,String Quartet Op. 18 No. 1,Op. 18 No. 1,Classical / transitional,3,beethoven_quartet_1_3_(c)edwards.mid,vln II,intervals,686,685,1,8,200,0.1536607708895228,6.507841879297666,-0.1536607708895228,0.018255526058944604,1.0184231768050915,0.9998457952551245,0.004372451648256672,0.4025328110858253,0.022596577179571885,0.3416309528569086,0.4671654680590278,0.4025328110858251,2.4842695364447875,0.9999729414013107,0.9999467959216681,1.0,0.867138991647168,0.7486743092682885,0.6452377528834046,0.5540929748195013,0.4745166729846669,0.4042648679973682,0.34589090338688383,0.2974819501270136,1.0,0.6144768690157487,0.4047267583707598,0.2704586206135293,0.1811840573801326,0.12135240839604375,0.08125556072833284,0.054431152703999536,0.03645418911731287,1.0,0.5564197417898676,0.3372374217330492,0.20984039424321252,0.1314928345163244,0.08299673642610336,0.052295612693515986,0.03300174725384853,0.020840686178394182,1.0,0.6574598153401044,0.4631050574502294,0.32994339943268713,0.23502525021459414,0.16713071288828468,0.11829039271817797,0.08410783301307609,0.059729066722439356
Ludwig van Beethoven,beethoven,beethoven_op18_no1,String Quartet Op. 18 No. 1,Op. 18 No. 1,Classical / transitional,3,beethoven_quartet_1_3_(c)edwards.mid,viola,intervals,761,760,1,8,200,0.1838409477026186,5.439484578906771,-0.1838409477026186,-0.23759745317847034,0.7885200434520975,0.9974152687487655,0.021443298569993663,0.32453949416710287,0.027475320788416285,0.26767412049753475,0.40304823475917306,0.32453949416710276,3.0812890818308483,0.999981656742923,0.9999281552812058,1.0,0.681864739623068,0.5453611087564635,0.4442089796841005,0.3701965188889831,0.30908281766550816,0.25834251645898676,0.2196992173151366,0.18608897742363878,1.0,0.6688987821485821,0.47880597055191637,0.3459904062983954,0.25029258984942576,0.1811512325196589,0.13112048970820697,0.09489867788107087,0.06866543502315335,1.0,0.6072589076318838,0.4038844621513944,0.270460710350089,0.1820660619931621,0.12109717159729874,0.08115410697634992,0.05403916249894041,0.035990788618575346,1.0,0.7175623746150152,0.5411969144697805,0.41247421660874234,0.314260687745472,0.2402482269503546,0.1837402164392077,0.14143426294820718,0.10875646350767144
Ludwig van Beethoven,beethoven,beethoven_op18_no1,String Quartet Op. 18 No. 1,Op. 18 No. 1,Classical / transitional,3,beethoven_quartet_1_3_(c)edwards.mid,cello,intervals,760,759,1,8,200,0.20556134396821382,4.864727874880168,-0.20556134396821382,-0.22120115900267728,0.8015554239819812,0.9970532697876069,0.025605431980131207,0.3736437276787113,0.023298451215615208,0.3107967630887254,0.4262886370102943,0.37364372767871135,2.6763462783453433,0.9999767066247849,0.9999435333019987,1.0,0.6804154744029237,0.5341353372807888,0.4229325438422529,0.3419872793721846,0.28015837039975067,0.23008683457517637,0.19159914440320708,0.16039960903192907,1.0,0.6345784527247421,0.4313633498119354,0.2966212817856631,0.2043540513639798,0.14085584171132692,0.09710030150356815,0.06694707983045793,0.04614254002216364,1.0,0.5907407145083151,0.38243335127631245,0.25141300960421564,0.16489715839873076,0.10881236365696802,0.07146499702524294,0.04656911352239567,0.030282318610646796,1.0,0.6905048587698671,0.5024081366688387,0.3658597047907754,0.26697382213785875,0.1938939569935122,0.1417294670935207,0.10312845284301782,0.07525427090120973
Ludwig van Beethoven,beethoven,beethoven_op18_no1,String Quartet Op. 18 No. 1,Op. 18 No. 1,Classical / transitional,4,beethoven_quartet_1_4_(c)edwards.mid,vln I,intervals,1633,1632,1,8,200,0.09223838543458865,10.841473376712079,-0.09223838543458865,-0.04385475751421528,0.9570929579387538,0.9987850037905942,0.007371278145406871,0.25684211960832515,0.018820083921329403,0.2101071845912986,0.3138956274018276,0.25684211960832537,3.893442405493938,0.9999934143698501,0.999973149037931,1.0,0.8843834785903751,0.7957870405456612,0.7205198938992042,0.655381583933308,0.6002500947328534,0.5496816976127321,0.5024577491474043,0.46174460022735886,1.0,0.7273802478038531,0.5597568853365457,0.43311272722853805,0.3352264953957854,0.2594076199508029,0.20073024607809908,0.15534189981000396,0.12020331036180368,1.0,0.6804357711254263,0.49553618794998106,0.3641242895035999,0.2665471769609701,0.19475634710117468,0.14254869268662373,0.1045615763546798,0.07577643046608563,1.0,0.7667866616142478,0.6137211064797272,0.4952641151951497,0.4008495642288746,0.32511936339522546,0.26423948465327773,0.21470329670329671,0.1742675255778704
Ludwig van Beethoven,beethoven,beethoven_op18_no1,String Quartet Op. 18 No. 1,Op. 18 No. 1,Classical / transitional,4,beethoven_quartet_1_4_(c)edwards.mid,vln II,intervals,1374,1373,1,8,200,0.0944792252412485,10.584337429170747,-0.0944792252412485,-0.05955802453123405,0.9421808624022318,0.997573045276474,0.010677619958013918,0.28898526768523936,0.024648454650525335,0.23480469132572776,0.3655315193199687,0.2889852676852393,3.460384011994663,0.9999892698043839,0.9999633421272729,1.0,0.8748100118524715,0.777979073147448,0.7010817391490891,0.6397256233273803,0.5832553000927818,0.5317522887069007,0.48760853592478776,0.4483795365200929,1.0,0.6994127393982803,0.5201417925274128,0.38966451689045056,0.29212913861615947,0.21899399205624842,0.16416308769258878,0.12303293868630297,0.09218524374375889,1.0,0.6325133139188777,0.43538257740307523,0.30138529113638923,0.20878799092561903,0.1452308550405183,0.1010281080559265,0.07024922368992648,0.048744227953598375,1.0,0.7492885835491985,0.587692736741053,0.4629414509355944,0.3644458030988046,0.2887691127808258,0.22873983020395905,0.1810971849039199,0.14339238116690534
Ludwig van Beethoven,beethoven,beethoven_op18_no1,String Quartet Op. 18 No. 1,Op. 18 No. 1,Classical / transitional,4,beethoven_quartet_1_4_(c)edwards.mid,viola,intervals,1224,1223,1,8,200,0.13835644634347288,7.227708042728116,-0.13835644634347288,-0.05370629049106205,0.947710417189798,0.9996620170952855,0.0058290773985481825,0.29237496676367497,0.025366514120062127,0.24070346977290116,0.36662684999392775,0.29237496676367497,3.420265459348626,0.9999891505473115,0.9999642285883398,1.0,0.834645061728395,0.7173570500324886,0.6214100064977258,0.5410520901017977,0.47270278319254927,0.4136953108078839,0.3611395386614685,0.31438298678795756,1.0,0.6974639008984854,0.5169069305814354,0.3858675191786957,0.28833250516840797,0.21545841397478163,0.16094037012125048,0.12020496910287788,0.08976937833319419,1.0,0.6411739224604722,0.4373930582629413,0.30236219406541043,0.20950698505523066,0.14594704353476284,0.1012819471518302,0.07032028373402642,0.04889674030755902,1.0,0.7393396686159844,0.5723670673597574,0.447691953649556,0.3520075265323803,0.27753005198180636,0.21850092051115444,0.17209768247779944,0.1352772363006281
Ludwig van Beethoven,beethoven,beethoven_op18_no1,String Quartet Op. 18 No. 1,Op. 18 No. 1,Classical / transitional,4,beethoven_quartet_1_4_(c)edwards.mid,cello,intervals,1084,1083,1,8,200,0.1831973067746486,5.458595530719794,-0.1831973067746486,-0.14845771483725154,0.8620364577517451,0.9973608438125613,0.021592609263871854,0.3410255696450607,0.021734296015787895,0.2792763212480547,0.3965136809661747,0.34102556964506064,2.932331440838292,0.9999808213122899,0.9999525316374,1.0,0.7471046943892107,0.5957257715915968,0.4877548197458286,0.4027474712544307,0.3395850263681162,0.2854776519408663,0.24125010806604996,0.20386271289011845,1.0,0.6591509917394556,0.46381437660025,0.32965175952988873,0.23459332231831223,0.16701118626616332,0.11889915515787175,0.08467106723834796,0.06028126028808564,1.0,0.6175551136854845,0.4100561943459843,0.2772819227111611,0.18739171781793032,0.12647013054378836,0.08543442552087836,0.05735800121033976,0.03839889340364831,1.0,0.7084568168064321,0.5257646753695859,0.3964156652546036,0.299235756894614,0.22642863318059997,0.1718578715310798,0.13065444799861675,0.09951067692573701
Ludwig van Beethoven,beethoven,beethoven_op18_no2,String Quartet Op. 18 No. 2,Op. 18 No. 2,Classical / transitional,1,beethoven_quartet_2_1_(c)edwards.mid,vln I,intervals,1416,1415,1,8,200,0.1182076811218539,8.45968714138935,-0.1182076811218539,-0.08485290359517696,0.9186474041938528,0.9998822238494541,0.0029395415523338444,0.27878890527975014,0.021353627214334796,0.22778297579112716,0.33803992821128404,0.2787889052797501,3.5869433146794427,0.99999010802016,0.9999667134381045,1.0,0.8192751744524133,0.7223056793952316,0.6422705870000646,0.5721705999224656,0.5107094398139175,0.4532007171932545,0.4015454383924533,0.35601416618207665,1.0,0.7079255501881314,0.5322469682319818,0.40278368233797046,0.30499906689981654,0.23092190960277778,0.17485201623179422,0.1324115229156941,0.10027875855484922,1.0,0.6518715271047361,0.4610520853524585,0.32853084415584416,0.23574699554177167,0.1695853120759837,0.12055792466240227,0.0864034131291594,0.062027524714091876,1.0,0.7546429782903663,0.600352539251793,0.47875981294824577,0.38180949958002197,0.30343917587387736,0.24124507333462558,0.19209350972410674,0.153209197518899
Ludwig van Beethoven,beethoven,beethoven_op18_no2,String Quartet Op. 18 No. 2,Op. 18 No. 2,Classical / transitional,1,beethoven_quartet_2_1_(c)edwards.mid,vln II,intervals,1017,1016,1,8,200,0.13216797659503043,7.566129298203998,-0.13216797659503043,-0.03508828807360581,0.9655201685787338,0.9993121623927453,0.007945079824332362,0.31799587408658786,0.01909747999425469,0.2622023854888248,0.3900359349903739,0.3179958740865878,3.144694889115787,0.9999838222926472,0.9999597900099667,1.0,0.8560003618229585,0.7441085783504019,0.6447704783928768,0.5613289914578319,0.49543001872040526,0.4369798794972234,0.38444279264398196,0.3378226910189249,1.0,0.6762308134230848,0.48743548853224955,0.3545994605708076,0.258314807772019,0.18818953366874627,0.13706557412509304,0.09980598190247864,0.07267575242895674,1.0,0.6195038306039297,0.4144524674752623,0.2811875658753756,0.1904014661695534,0.12965847059008606,0.08823170827630689,0.059744049585476744,0.04056349992920855,1.0,0.7223854358393506,0.5504369405509147,0.4233505592524423,0.3259120298267969,0.25130964179527115,0.19388991143203235,0.1491516824767568,0.11421413626567244
Ludwig van Beethoven,beethoven,beethoven_op18_no2,String Quartet Op. 18 No. 2,Op. 18 No. 2,Classical / transitional,1,beethoven_quartet_2_1_(c)edwards.mid,viola,intervals,843,842,1,8,200,0.1877364869852065,5.326615065929082,-0.1877364869852065,-0.03026402631437605,0.970189344212834,0.999773464240505,0.00647509163850813,0.30117270364405646,0.026976347551680636,0.23348583477042828,0.35921563337366935,0.30117270364405635,3.3203540291017175,0.9999898059853335,0.9999458727846599,1.0,0.8069271528884676,0.6706500667729289,0.5525093697497092,0.45436895992188286,0.37456310400781173,0.31465988885538276,0.2623070405950689,0.21697611970303995,1.0,0.6888287763437728,0.5058011922940234,0.37450687592981446,0.27748121628513805,0.20554977809070943,0.152187259959554,0.11262342529606212,0.08331585510034029,1.0,0.6399402633581758,0.44603454960582434,0.31455362655983,0.2208934648688235,0.15456281681241832,0.1074943637904048,0.07504702824566693,0.05228679331983515,1.0,0.7572423498327087,0.5981102543115209,0.47331524002355,0.3764040264794153,0.29822082453797444,0.23504645385488016,0.185528224127285,0.14689757176294893
Ludwig van Beethoven,beethoven,beethoven_op18_no2,String Quartet Op. 18 No. 2,Op. 18 No. 2,Classical / transitional,1,beethoven_quartet_2_1_(c)edwards.mid,cello,intervals,762,761,1,8,200,0.1879074397243763,5.321769066018917,-0.1879074397243763,-0.05506487902427194,0.9464237429125679,0.9998613966424671,0.005069213721417119,0.3448508267086656,0.02574258655130109,0.27825767310586313,0.4110736067405845,0.34485082670866557,2.899804560552244,0.999982170124926,0.9999368426497617,1.0,0.7920184866193933,0.648169479464987,0.5367319404961939,0.44404169352651285,0.36858049675744414,0.3054307967070709,0.25480747214501853,0.21162388465589455,1.0,0.6535935167394088,0.4580460390594151,0.3244088356361481,0.23011125785319156,0.16314306551268484,0.11571364713327768,0.08205672961491063,0.05817606081406691,1.0,0.5975813809307421,0.38988872097815636,0.257551579711217,0.170515110204628,0.11275851501157175,0.0749222385436151,0.0500773211310373,0.03371130861170702,1.0,0.7077719185151524,0.5306061342604824,0.4005445943899028,0.302993155582797,0.228863502664849,0.17365374928226968,0.1324604323642653,0.10073939432367789
Ludwig van Beethoven,beethoven,beethoven_op18_no2,String Quartet Op. 18 No. 2,Op. 18 No. 2,Classical / transitional,2,beethoven_quartet_2_2_(c)edwards.mid,vln I,intervals,746,745,1,8,200,0.14004954342080567,7.140330311504898,-0.14004954342080567,-0.019802456306574054,0.9803923244996278,0.9996966221139305,0.00559009511074536,0.3284365101693979,0.024627953639961283,0.27101332806040157,0.40585025750099096,0.32843651016939773,3.0447284910079877,0.9999827583914229,0.9999307802406969,1.0,0.8588542873217063,0.7417642019025347,0.6395884582997797,0.5546215706390443,0.48630461881280956,0.4250808044037021,0.3697403595474218,0.3193162053737227,1.0,0.6659485992114649,0.4749001093152186,0.3418573348296719,0.2463144501751547,0.17759271150161374,0.12808079670763728,0.09232300109555039,0.06650736891230662,1.0,0.6003353520645112,0.3941379576618019,0.2631189948263119,0.17523248502498592,0.11718936728037566,0.07881141226609009,0.052659834603773444,0.03513842465426011,1.0,0.7160722624865326,0.5397623854121852,0.40977668935441053,0.30927402896824085,0.2343787345607513,0.17872941280294757,0.1362294219957125,0.10454379984776781
Ludwig van Beethoven,beethoven,beethoven_op18_no2,String Quartet Op. 18 No. 2,Op. 18 No. 2,Classical / transitional,2,beethoven_quartet_2_2_(c)edwards.mid,vln II,intervals,558,557,1,8,200,0.1414600353388624,7.0691343855848485,-0.1414600353388624,-0.012171111916535528,0.9879026564816613,0.9999729254610669,0.001686552357232121,0.31743353735636315,0.03350018387476532,0.22819763838645712,0.413520087002135,0.31743353735636326,3.1502657479992764,0.9999839313501004,0.9999105711699516,1.0,0.8564066898493128,0.7461169067726445,0.6472992217254512,0.5601987083954297,0.4867030965391621,0.4223083291935751,0.36633879781420764,0.31939725120052986,1.0,0.6755253207132751,0.48727685851288877,0.3546772930740171,0.2584730539309644,0.1883764597511566,0.13730781317245325,0.10006275013715667,0.07288823426620154,1.0,0.6091737042556715,0.3948402053320086,0.26048683556880275,0.17283656234475905,0.11469448584202682,0.07692664348402053,0.05104156317271071,0.03345587017718165,1.0,0.7490379201854611,0.5929657228017884,0.4708660374234145,0.3743003808577579,0.29833416128498097,0.2370922338135453,0.18983275376718,0.15095214439476734
Ludwig van Beethoven,beethoven,beethoven_op18_no2,String Quartet Op. 18 No. 2,Op. 18 No. 2,Classical / transitional,2,beethoven_quartet_2_2_(c)edwards.mid,viola,intervals,405,404,1,8,200,0.21352761105101312,4.683235086450218,-0.21352761105101312,-0.05931664337833448,0.9424083145552654,0.9999667518368935,0.0028211406643771533,0.34543682474827386,0.03602517337500181,0.27065495453059146,0.47017874456416947,0.34543682474827386,2.894885340405495,0.9999864623545145,0.9998898896718401,1.0,0.7616466936366181,0.6139353230033331,0.4976337684146248,0.4022720911889678,0.32320687988194285,0.2610487749026792,0.21063277612396,0.17157723329007965,1.0,0.6515440004059191,0.4566792853117918,0.32346772458202805,0.22933759228339037,0.16253426385273262,0.11515363796865183,0.0815463162639965,0.05777237395021988,1.0,0.5690150879067756,0.34424853064651556,0.21456377375772842,0.132839732335954,0.08264000203546804,0.05254051853548075,0.03324173727196397,0.020952599038241357,1.0,0.713724143195176,0.5434572424496857,0.41183879093198994,0.31330941658397576,0.24042693941938276,0.18478233213749587,0.14040912907411648,0.10641681296593135
Ludwig van Beethoven,beethoven,beethoven_op18_no2,String Quartet Op. 18 No. 2,Op. 18 No. 2,Classical / transitional,2,beethoven_quartet_2_2_(c)edwards.mid,cello,intervals,482,481,1,8,200,0.21818540282969504,4.583258032071703,-0.21818540282969504,-0.0742527517930236,0.9284370000664242,0.9995487439143453,0.010622210181824859,0.39142023830864503,0.02770889978631269,0.32193240864308476,0.46618539666030023,0.3914202383086452,2.5547989146424093,0.9999786822273776,0.9999218299284405,1.0,0.7504750180640672,0.5953292120498479,0.47773882480976976,0.3872846807789404,0.3147875576489059,0.25459184128598317,0.20313824140730236,0.15915112264832607,1.0,0.6198814907161224,0.4136025811539454,0.27953783619020794,0.18929046654943407,0.12824968668194286,0.08685814414480118,0.05877271211484217,0.03975656850132002,1.0,0.5721180007314832,0.3464286670056467,0.21641198562011044,0.13702821562697926,0.08668968162639049,0.0548077180399818,0.03443323431548336,0.021346821170194735,1.0,0.6827325358382174,0.49235064807628837,0.3600949144075432,0.2625043487569246,0.19070302673481948,0.13717094405937502,0.09795630725863284,0.0695176671037725
Ludwig van Beethoven,beethoven,beethoven_op18_no2,String Quartet Op. 18 No. 2,Op. 18 No. 2,Classical / transitional,3,beethoven_quartet_2_3_(c)edwards.mid,vln I,intervals,1079,1078,1,8,200,0.17953841624386346,5.569838594553045,-0.17953841624386346,-0.10465677110327744,0.9006335930167624,0.9970422335228851,0.02240589029855966,0.3111150376978697,0.01958106077506491,0.25913005192438476,0.36580630180549345,0.31111503769786975,3.214245146745754,0.9999879855921072,0.999955372720591,1.0,0.7847133869123973,0.6279710638149341,0.5110063963280016,0.42895014703700796,0.36184018778851107,0.3049695890817386,0.2577606743632032,0.21973524612337147,1.0,0.6804109558219752,0.4943570688714234,0.3622968773809304,0.26578394216444273,0.1948827294828377,0.14289176000099532,0.10472722592936498,0.07677469566377484,1.0,0.6436608288175083,0.44431878670471303,0.3097480736843024,0.21751180222867963,0.1521872300321998,0.10523312128589754,0.07242248924491915,0.049465518294545235,1.0,0.7199141338778502,0.545998586350428,0.41945077096259065,0.3234744365035734,0.24957372357042507,0.1938672042025533,0.1504873600530555,0.11650217719486548
Ludwig van Beethoven,beethoven,beethoven_op18_no2,String Quartet Op. 18 No. 2,Op. 18 No. 2,Classical / transitional,3,beethoven_quartet_2_3_(c)edwards.mid,vln II,intervals,620,619,1,8,200,0.1970359453792433,5.07521608849217,-0.1970359453792433,-0.00852527992875776,0.9915109572197781,0.9999781492667781,0.00211039070749766,0.3193189097957562,0.029165393622794557,0.24013251403239222,0.3818788925274701,0.31931890979575606,3.1316654583332495,0.9999849322428708,0.999911991862922,1.0,0.8133350448744692,0.6681803108586588,0.5476396778023812,0.4525207791791021,0.3710086325856038,0.3042531797225164,0.24969780601820651,0.20439545157943156,1.0,0.6717023266377432,0.48361391547300725,0.35135170363145857,0.2556637271441888,0.18605975886452775,0.13535319590340922,0.09839103146650252,0.07149201236615337,1.0,0.6119347902827252,0.41329974433854283,0.28442604537723437,0.19600355144785683,0.1349068814650792,0.0928992437127606,0.06380839296984478,0.043564070472706266,1.0,0.7378828236149888,0.571649390798327,0.44431607885925783,0.34959297412363743,0.27413005573205823,0.21561674315116117,0.1703892686370784,0.1355914979194078
Ludwig van Beethoven,beethoven,beethoven_op18_no2,String Quartet Op. 18 No. 2,Op. 18 No. 2,Classical / transitional,3,beethoven_quartet_2_3_(c)edwards.mid,viola,intervals,585,584,1,8,200,0.22354643824095238,4.473343471132102,-0.22354643824095238,-0.02836924100995469,0.9720293874176547,0.9999175554533235,0.004650999329356458,0.3458245349919429,0.03215123183066023,0.25653296367917916,0.4495534797011268,0.3458245349919427,2.89163983123204,0.9999790103432408,0.9999250964775664,1.0,0.7809731850568072,0.6244704409782399,0.4940605141536684,0.3946779318313114,0.3165860292701714,0.2552955902176006,0.20366960331215098,0.16283338147506257,1.0,0.6538498802610707,0.4574763133654492,0.3236898969098129,0.2292613381898844,0.1624528879128643,0.11507739215717205,0.08156364884335136,0.05780567290960622,1.0,0.5969093009820913,0.37461486616599265,0.24106970922395532,0.15438450799152706,0.09863036780281148,0.0627346909300982,0.03987940496822646,0.025485027922202967,1.0,0.7263443577893318,0.5581251203543232,0.4320840554592721,0.33419386674369345,0.2585692278066628,0.2001071153475833,0.15502238590410167,0.12044458886963219
Ludwig van Beethoven,beethoven,beethoven_op18_no2,String Quartet Op. 18 No. 2,Op. 18 No. 2,Classical / transitional,3,beethoven_quartet_2_3_(c)edwards.mid,cello,intervals,701,700,1,8,200,0.24187433356830199,4.1343783164062495,-0.24187433356830199,-0.05692617520246188,0.9446638064065798,0.9998064317638177,0.007711316361831081,0.36088940510557826,0.026570919845804244,0.2923507008075088,0.41677454871843306,0.3608894051055782,2.7709319970406168,0.9999733509176574,0.9999291414693032,1.0,0.7491888330038619,0.5806829650760287,0.4509462919867544,0.35703442350841197,0.28370409295264787,0.22298959871214208,0.17442384205389985,0.1356713293129478,1.0,0.6429675621218899,0.4424799136559912,0.30820501467938094,0.21504996046186303,0.15012893436213956,0.10482609437326414,0.07319375088078947,0.051119325336353896,1.0,0.6055768252300044,0.3949403197958111,0.2636021653362694,0.175616612032797,0.11547765015973109,0.0756533126475323,0.04969179824671154,0.032684399736422856,1.0,0.6936332774483064,0.5066102811767552,0.37243199959962964,0.27856183636530457,0.20833437596443377,0.15577325692932628,0.11610739934439357,0.08693041062983259
Ludwig van Beethoven,beethoven,beethoven_op18_no2,String Quartet Op. 18 No. 2,Op. 18 No. 2,Classical / transitional,4,beethoven_quartet_2_4_(c)edwards.mid,vln I,intervals,1235,1234,1,8,200,0.07963237731192022,12.557706221465644,-0.07963237731192022,-0.04974038792133943,0.9514764072073515,0.9979816497447155,0.008205524034919746,0.31835922427234403,0.020001172782068238,0.2652060818673018,0.36996776830150757,0.3183592242723441,3.1411057816391033,0.9999844778419376,0.9999595001570776,1.0,0.8918847412288224,0.8116375568203725,0.7410732685325154,0.6861614223739648,0.635549244766011,0.5884270578647107,0.5469141169791704,0.5075097952405834,1.0,0.6756774429171811,0.48712008135388957,0.35416175283688145,0.2578323036563482,0.18773638297814696,0.1366799398266002,0.09951444572304603,0.07247281761846518,1.0,0.637583410777889,0.4383534689178104,0.30620580176055073,0.21277908292350872,0.14749166058411142,0.10155274672240015,0.06991814143702528,0.048027590204626464,1.0,0.7205228737314715,0.5525140563530462,0.42303074781526584,0.3244481493742613,0.24875191284728732,0.19084332800195705,0.14647457757817248,0.11271938746342157
Ludwig van Beethoven,beethoven,beethoven_op18_no2,String Quartet Op. 18 No. 2,Op. 18 No. 2,Classical / transitional,4,beethoven_quartet_2_4_(c)edwards.mid,vln II,intervals,929,928,1,8,200,0.08855875802855077,11.291937943366442,-0.08855875802855077,-0.06635434635202361,0.9357992084988208,0.9975857130854551,0.009982297268495158,0.3234811927853623,0.02672846738683162,0.2511347863966676,0.38428498689176904,0.32348119278536214,3.0913698301574057,0.9999863788565522,0.9999494053466811,1.0,0.8732757399801728,0.7820304017372421,0.7088774016900344,0.6496813482509559,0.5970613227588161,0.5492069112023793,0.5056365953830902,0.4652008686210641,1.0,0.6721457559976247,0.48199194500389464,0.34884538879587706,0.2527642257903656,0.1831032114728259,0.13261521360776246,0.09602801161456002,0.06951980585379919,1.0,0.6136099702591701,0.410510786951801,0.28208941132039844,0.19361044233583535,0.13297219468441676,0.09085587499409904,0.06189869234763726,0.0421115989236652,1.0,0.7250908747580607,0.5585540291743379,0.4344639569466081,0.3383703913515555,0.2636500967757164,0.2053698720672237,0.15985460038710286,0.12396261152811217
Ludwig van Beethoven,beethoven,beethoven_op18_no2,String Quartet Op. 18 No. 2,Op. 18 No. 2,Classical / transitional,4,beethoven_quartet_2_4_(c)edwards.mid,viola,intervals,865,864,1,8,200,0.0944836606129575,10.583840565792599,-0.0944836606129575,-0.006992587375773912,0.9930318038775598,0.9998612521468367,0.0025502316392027723,0.32638557243849675,0.03334787221205673,0.25522208167396276,0.39958166093746933,0.32638557243849664,3.0638609192458643,0.9999867849141728,0.9999578349662994,1.0,0.9054815210634795,0.823932103948789,0.7472300679396722,0.6789168911329458,0.616577061909072,0.5624270711785297,0.5128572830674272,0.46816486548381114,1.0,0.671521553376595,0.4803125556883031,0.3465358510749661,0.250321618256608,0.18077727125808837,0.13054810002141073,0.09427672300745688,0.06808854377011556,1.0,0.6082945288389187,0.4013484334616517,0.27106075311617356,0.1823547694086086,0.12255313580300767,0.0823618578174244,0.05498424192194026,0.0367015997993435,1.0,0.73574957196916,0.5663638643823815,0.4392141680934361,0.3401427496483059,0.2635715765711731,0.20402076358520813,0.15817784272456625,0.1221578206959727
Ludwig van Beethoven,beethoven,beethoven_op18_no2,String Quartet Op. 18 No. 2,Op. 18 No. 2,Classical / transitional,4,beethoven_quartet_2_4_(c)edwards.mid,cello,intervals,937,936,1,8,200,0.1683785748692836,5.938997884833771,-0.1683785748692836,-0.0718812899553923,0.9306413657321713,0.9992466657497436,0.010593122236010083,0.26102016966199143,0.01878086953530801,0.20982020538966067,0.31254072208886124,0.26102016966199126,3.831121561582588,0.9999888932500415,0.9999553617187315,1.0,0.8000932593444935,0.6663356965220296,0.5556308229093204,0.46593482053375895,0.39832411566014625,0.339675123417839,0.28781875208789576,0.24398454029174863,1.0,0.7220322184193013,0.5528106629887986,0.42564437602456573,0.32803704354414065,0.2528838909506925,0.19494536342322183,0.15027489674956326,0.11582215814729392,1.0,0.6767334174678,0.4900128985561041,0.3588744849857095,0.26371515533944545,0.1946058052782005,0.14218106232136893,0.10385425559556066,0.07547743216658624,1.0,0.7690508889796221,0.6185344827586207,0.4962046694629004,0.40022874058127017,0.32512017000111354,0.26442735978619947,0.21470528191232693,0.17427666010912735
Ludwig van Beethoven,beethoven,beethoven_op18_no3,String Quartet Op. 18 No. 3,Op. 18 No. 3,Classical / transitional,1,beethoven_quartet_3_1_(c)edwards.mid,vln I,intervals,1470,1469,1,8,200,0.10363935167716293,9.648844611793836,-0.10363935167716293,-0.009873888256528199,0.9901746985331185,0.9999601803710041,0.0014985167123912522,0.2929636314848512,0.02136998744563559,0.24086553631208177,0.3817927768357807,0.29296363148485083,3.4133929693990366,0.9999860857967289,0.9999639776807195,1.0,0.8940421782580564,0.804577941199879,0.7256437554249052,0.6523172948086641,0.5891435414717914,0.5324604795358763,0.48026996482180095,0.4317498930234431,1.0,0.6966106355572197,0.5156622210435658,0.3846498252837383,0.2871804121485263,0.21441105351413028,0.16013822902236,0.11957374869870589,0.0892914231880231,1.0,0.6362628524023143,0.4309146799926217,0.2957496832838479,0.20294927578977726,0.13834479878575756,0.09441839865691752,0.06425147777462545,0.04370823349634969,1.0,0.7423995146026512,0.578188392973349,0.45267984468033906,0.3561706044339325,0.2806156606188629,0.22112452258492815,0.1741803067628847,0.13667718173655022
Ludwig van Beethoven,beethoven,beethoven_op18_no3,String Quartet Op. 18 No. 3,Op. 18 No. 3,Classical / transitional,1,beethoven_quartet_3_1_(c)edwards.mid,vln II,intervals,1086,1085,1,8,200,0.11839056866071654,8.44661877472519,-0.11839056866071654,-0.029947677958144705,0.9704963105686999,0.9999429312741324,0.0020493127364940964,0.2893951012864471,0.025402809946903932,0.2271937470579149,0.3557503400801892,0.28939510128644713,3.455483508721133,0.9999890755889875,0.9999553962793207,1.0,0.8650687421081372,0.7635447189764738,0.679774264732482,0.6044671603764321,0.537518324625368,0.47618014032657885,0.42311236978964795,0.3773279380123789,1.0,0.6989987855893485,0.5195321427071197,0.3890715712634211,0.2916062611338592,0.21853493057677975,0.16373088022006596,0.12263576876620354,0.09186158454977202,1.0,0.6481964778821125,0.4494412604241494,0.3148752030566595,0.21998508190310817,0.1545142746893642,0.10833018950806456,0.07608229414835066,0.0536052354595928,1.0,0.7556326151630569,0.6005360868074756,0.4790759048618181,0.38236667166233423,0.30451177685558906,0.2423708404607728,0.1929361260837584,0.1539802550546681
Ludwig van Beethoven,beethoven,beethoven_op18_no3,String Quartet Op. 18 No. 3,Op. 18 No. 3,Classical / transitional,1,beethoven_quartet_3_1_(c)edwards.mid,viola,intervals,892,891,1,8,200,0.17617547883590043,5.676158830999717,-0.17617547883590043,-0.12452493676646659,0.882916244015682,0.9980261387653334,0.01795198444600403,0.2651859761964076,0.02904007347993156,0.20304356367334817,0.35291385810811043,0.2651859761964077,3.7709384724754775,0.9999913398381662,0.9999511242849283,1.0,0.764782749060945,0.619722459939634,0.5121654376534132,0.42711242524712645,0.3606073494821746,0.3047201283161579,0.25861803907903436,0.22061770086551913,1.0,0.7177563500905529,0.5471295817748848,0.41993641213021793,0.32244467774407093,0.2475110027153679,0.18998736910300368,0.1457464331464817,0.11177298747736494,1.0,0.650556258743588,0.45513546476173883,0.32112348380418465,0.22533219228975673,0.15817118728317184,0.11137217322681316,0.07843991329435338,0.05537733866959102,1.0,0.7771762246147697,0.6297253808745381,0.5116529929333873,0.41734266665983405,0.3410550211895892,0.2795616547864899,0.22870920299472694,0.18643507581619634
Ludwig van Beethoven,beethoven,beethoven_op18_no3,String Quartet Op. 18 No. 3,Op. 18 No. 3,Classical / transitional,1,beethoven_quartet_3_1_(c)edwards.mid,cello,intervals,750,749,1,8,200,0.32023692063627435,3.1226880336380756,-0.32023692063627435,-0.08280186886605978,0.9205335155023673,0.9996040724463593,0.014603094900233959,0.3353196176724756,0.025644911773210793,0.26845290413739564,0.39681714116637967,0.3353196176724755,2.9822293337360097,0.9999851602926582,0.9999333100249149,1.0,0.6824317688270022,0.4857462960740021,0.34802172339411663,0.24837129107238343,0.18491802801633983,0.1362622812473855,0.09899931250477427,0.07101934807992405,1.0,0.6622250272419622,0.469087452693805,0.33542322838612004,0.24012499387604042,0.17191474158934472,0.12311826202675212,0.08807998898888122,0.06303664360753782,1.0,0.6203862340903056,0.41869550509073844,0.28366271265973353,0.19209125862551882,0.12885988556296402,0.08677717515850585,0.05808789026266683,0.03861977148968212,1.0,0.7122268661494083,0.5357915834579191,0.40898690849038416,0.31247931148626285,0.23959026739562986,0.18364125116856,0.14084922029311303,0.1080276889611547
Ludwig van Beethoven,beethoven,beethoven_op18_no3,String Quartet Op. 18 No. 3,Op. 18 No. 3,Classical / transitional,2,beethoven_quartet_3_2_(c)edwards.mid,vln I,intervals,836,835,1,8,200,0.09683743890384228,10.326584545394482,-0.09683743890384228,-0.006408418090537415,0.9936120720275617,0.9999401708241057,0.0017162970230438152,0.3300616451205458,0.02223351584941047,0.2767754115988103,0.3988975251851157,0.33006164512054575,3.029737065131509,0.999981339534121,0.9999399956542812,1.0,0.9042637085326745,0.8183674184673081,0.7419080665229658,0.674158386344917,0.6119493659055196,0.5541828038016461,0.50508502298629,0.45880868513747963,1.0,0.6646287196506272,0.4729065993894513,0.3398439959425861,0.2445817008762835,0.1760806481313853,0.12674346792056346,0.0911963734065095,0.06561291311358977,1.0,0.6170606756275228,0.4125936830053333,0.277748570293652,0.1873543276729229,0.12663488892393787,0.08437165939400312,0.056399651846789224,0.03759003206981757,1.0,0.7072241791236586,0.5312344835240582,0.40225423362482404,0.30478009685201735,0.23085595452978872,0.17466659656870476,0.13245301976178375,0.10018167055126205
Ludwig van Beethoven,beethoven,beethoven_op18_no3,String Quartet Op. 18 No. 3,Op. 18 No. 3,Classical / transitional,2,beethoven_quartet_3_2_(c)edwards.mid,vln II,intervals,689,688,1,8,200,0.13195093954075335,7.578574305574746,-0.13195093954075335,-0.007631662346705811,0.9923973848486158,0.9999834932803113,0.0012283612598819637,0.35066377420659867,0.028871780937222112,0.2890765790758236,0.42475606620317313,0.35066377420659856,2.8517345490350987,0.9999801473613452,0.9999378289733457,1.0,0.8711324177247992,0.7616308197287726,0.6675261293944891,0.5847801675736374,0.5132806426535372,0.44904120238403733,0.39493392070484584,0.3451671417465665,1.0,0.6509405412089783,0.453241699736788,0.31915361424713345,0.22501929468967044,0.1586371613523098,0.11187683524611251,0.07887973071471208,0.055622111844919664,1.0,0.6022847024272264,0.385004750798998,0.2517232443638248,0.16523278915090264,0.10846937894100371,0.07143042238922001,0.04645417638421007,0.030409432495465145,1.0,0.7007255765742421,0.5133713397253175,0.37951973741038264,0.28140710028504795,0.2097823270277274,0.156430854280038,0.11759091301718926,0.08940571823443033
Ludwig van Beethoven,beethoven,beethoven_op18_no3,String Quartet Op. 18 No. 3,Op. 18 No. 3,Classical / transitional,2,beethoven_quartet_3_2_(c)edwards.mid,viola,intervals,735,734,1,8,200,0.199984084784517,5.000397912051355,-0.199984084784517,-0.021804344542932445,0.9784316518167776,0.999851860262332,0.005577544483683977,0.34780436904022777,0.026653328932015254,0.28253591449797116,0.4299091894051098,0.34780436904022777,2.8751795233611284,0.9999824259178388,0.9999512043344885,1.0,0.798894282325569,0.6549008908643772,0.5358107775264209,0.4396989780258506,0.3625336774017529,0.29691437319297764,0.24200363014918475,0.19540661081238797,1.0,0.6545220535884501,0.4574994060082767,0.3229997124953793,0.2283223912663492,0.16142363815038085,0.11417579521486391,0.0807466357961905,0.057074721168641984,1.0,0.5903350119931338,0.38153322647507965,0.24849470066426424,0.161916779398335,0.10539179465026657,0.06826044615215554,0.044562165357463594,0.029098032974486644,1.0,0.7083110711971535,0.5318395913619123,0.39919515272772743,0.29922584605590735,0.22428865369968284,0.16865036509903336,0.1266080840921406,0.09567981932618672
Ludwig van Beethoven,beethoven,beethoven_op18_no3,String Quartet Op. 18 No. 3,Op. 18 No. 3,Classical / transitional,2,beethoven_quartet_3_2_(c)edwards.mid,cello,intervals,626,625,1,8,200,0.21648850233288597,4.619182955325447,-0.21648850233288597,-0.1326410775442184,0.8757793725873686,0.9962620330913021,0.030384033337572055,0.32760716895595443,0.027750208207332042,0.2507504073855412,0.3873596547991139,0.3276071689559544,3.052436255247047,0.9999858875945314,0.9999366208078917,1.0,0.7380581475245603,0.5739432371900783,0.44648654886101974,0.3553523941401394,0.28890707201040633,0.23460422862477906,0.19271661080601932,0.16255710636601575,1.0,0.6673491850425249,0.4764604457325037,0.34340394823105275,0.24778896328361244,0.1788312542905766,0.12901116142347857,0.09300864290785966,0.06702838746180888,1.0,0.6093740984930738,0.40561124136520277,0.27303530497815404,0.1857563216943872,0.1279654660561334,0.08816016532653564,0.06004101692603841,0.04079663052771265,1.0,0.7349897457684904,0.5727893083245478,0.4474988591839625,0.34859142001437166,0.2698357749419102,0.2089817626787934,0.16233156572411658,0.1257992268676601
Ludwig van Beethoven,beethoven,beethoven_op18_no3,String Quartet Op. 18 No. 3,Op. 18 No. 3,Classical / transitional,3,beethoven_quartet_3_3_(c)edwards.mid,vln I,intervals,540,539,1,8,200,0.098659932707912,10.135826901084085,-0.098659932707912,-0.008316590759844535,0.9917178964096415,0.9996904347028829,0.00397799133693196,0.40750581057852725,0.02767313633226535,0.3350666599719477,0.46657249025448266,0.40750581057852703,2.4539527389322915,0.9999706431107441,0.9999268624206331,1.0,0.9048610226130297,0.8146354587032553,0.7333517409342566,0.6648117468813276,0.6045126941647905,0.5489075796836724,0.4980318026705181,0.451729606502131,1.0,0.6088751529432817,0.39879656523224355,0.26509235653551994,0.17669662602474617,0.11781185808644801,0.07852282427275366,0.05232083748261177,0.034870559573203626,1.0,0.5642142078359741,0.35108250853121503,0.22060093737167777,0.13886410942610763,0.08703255313424806,0.055102445378984184,0.03447177265196891,0.021579372159211588,1.0,0.6627515115472297,0.47318862127069083,0.3384945414383416,0.24306529034450533,0.17417838381263895,0.12406015037593984,0.08838480381745324,0.06354870226413491
Ludwig van Beethoven,beethoven,beethoven_op18_no3,String Quartet Op. 18 No. 3,Op. 18 No. 3,Classical / transitional,3,beethoven_quartet_3_3_(c)edwards.mid,vln II,intervals,419,418,1,8,200,0.3076315657578888,3.2506417133637604,-0.3076315657578888,0.04357480822414281,1.044538131432002,0.9996470211738558,0.013245291993215091,0.353035112324057,0.033394578883888415,0.2692276008005559,0.42817048071024566,0.35303511232405693,2.8325794378268045,0.9999806024923846,0.9999002559072026,1.0,0.7561569046347397,0.5633018811939944,0.41877633374873896,0.31122188594148714,0.22726247700433208,0.16320693133938638,0.118924692896564,0.08969200640911519,1.0,0.6472133008294081,0.4494068181837689,0.31575475419021715,0.22226856507997972,0.15631184941591425,0.1099490565596253,0.077316598517911,0.0543705671424843,1.0,0.5940656340869978,0.38290902617055367,0.24794967657705774,0.16178268352026587,0.10541807607857101,0.06881490712717346,0.045041837279686664,0.029612485905880958,1.0,0.7200996973473385,0.5467924752240223,0.42007002551777345,0.3234704171859237,0.2488873063913121,0.18925879769746604,0.14342175538543706,0.10817162186220403
Ludwig van Beethoven,beethoven,beethoven_op18_no3,String Quartet Op. 18 No. 3,Op. 18 No. 3,Classical / transitional,3,beethoven_quartet_3_3_(c)edwards.mid,viola,intervals,362,361,1,8,200,0.25605664943707596,3.9053857894275956,-0.25605664943707596,0.021866143722719552,1.0221069598805954,0.9998164846255456,0.007948621016119675,0.35401714104087956,0.0373317457618122,0.27669850807734364,0.46499458211784267,0.35401714104087956,2.824721981144203,0.9999824308136379,0.9998664064863894,1.0,0.7860789680062739,0.6112098077815656,0.47311982842784206,0.36790384276820154,0.2886157391847122,0.2215553528272595,0.1696835838094781,0.13026360013444088,1.0,0.6431919286515124,0.4465684402474396,0.31330345321829073,0.22025506360187053,0.15485173691961288,0.10887853767731057,0.07646166873530491,0.05363041095801202,1.0,0.5779837070469422,0.3625102031017429,0.2306941310158288,0.14782093756501977,0.09231606408348138,0.05772954978313407,0.035834893807717545,0.022054704630207582,1.0,0.717770202141451,0.5522798930874986,0.42259246811030554,0.3202253485059458,0.24132136169395496,0.18154318912949538,0.13535314735679646,0.10179094444711193
Ludwig van Beethoven,beethoven,beethoven_op18_no3,String Quartet Op. 18 No. 3,Op. 18 No. 3,Classical / transitional,3,beethoven_quartet_3_3_(c)edwards.mid,cello,intervals,320,319,1,8,200,0.26094420872927354,3.832236802149106,-0.26094420872927354,-0.023457488005437892,0.9768155001614028,0.9996487941203558,0.011206873770109736,0.4139296743351957,0.031173835367021105,0.33235840159969643,0.5209134362166007,0.4139296743351957,2.4158693179127115,0.999964217932989,0.9998633784705524,1.0,0.7561423035699563,0.5845906505070492,0.4494805837249567,0.33994970731305135,0.2594195729243961,0.20261357078077336,0.1582776815895787,0.12276362437134142,1.0,0.6057819828230193,0.39381749359500556,0.25992867986337004,0.1720767526686178,0.11398791386153283,0.07554575765176817,0.0500585391167982,0.033152729328301496,1.0,0.5443977244620332,0.3194203973946739,0.18979305796026052,0.11371506307197625,0.06820430373485036,0.04019292604501608,0.023806579272817215,0.014036606480336384,1.0,0.6754472751257318,0.4765232088383214,0.33714650836837334,0.2401063566658422,0.1731799818616539,0.12455684722565752,0.08877483716712012,0.06331931733860995
Ludwig van Beethoven,beethoven,beethoven_op18_no3,String Quartet Op. 18 No. 3,Op. 18 No. 3,Classical / transitional,4,beethoven_quartet_3_4_(c)edwards.mid,vln I,intervals,1827,1826,1,8,200,0.08202213161446988,12.191831403508486,-0.08202213161446988,-0.06493045798308554,0.9371326312047165,0.9983832466677952,0.007562823122887522,0.29071868513641264,0.020679078572231092,0.24089077628705313,0.3458982169467238,0.29071868513641264,3.4397513855388224,0.9999873962140203,0.9999674909234955,1.0,0.8751075767279861,0.7955633936125883,0.7260804695092928,0.6697982607496593,0.618691225912036,0.5711173646226635,0.5286285637909586,0.4909194052995184,1.0,0.6994474299863442,0.5190762574908542,0.38809325136719786,0.29043760515254585,0.21734602421273133,0.16264562849928274,0.1217291159638702,0.09107575696264439,1.0,0.6553111605827983,0.4572526521481175,0.3241629275626848,0.22988972893990883,0.16289369453712826,0.11549280271622545,0.08162828377395188,0.05777785035237993,1.0,0.7442585929840922,0.5829077135311113,0.45853722260626284,0.35978133272370666,0.28282382938678696,0.22185632526969024,0.17380589075949926,0.1368267118080692
Ludwig van Beethoven,beethoven,beethoven_op18_no3,String Quartet Op. 18 No. 3,Op. 18 No. 3,Classical / transitional,4,beethoven_quartet_3_4_(c)edwards.mid,vln II,intervals,1575,1574,1,8,200,0.09214283691414474,10.852715560860826,-0.09214283691414474,-0.014429143410395244,0.9856744577886138,0.9998821534725727,0.0022920559641300235,0.3058918801111043,0.02239977193166256,0.26463383770122245,0.3764502483839234,0.3058918801111041,3.2691289472502065,0.9999860168860338,0.9999703049636285,1.0,0.9028518428866117,0.8192697241395611,0.7449291379269594,0.6808268559473365,0.6214435503654966,0.5663081385634914,0.5178339001810164,0.47251053619471195,1.0,0.6880125224459572,0.5026044119188253,0.3700315205211629,0.27273032243746537,0.20106488292034672,0.1482235294597812,0.10927312169483608,0.08053625389126098,1.0,0.6264730500806465,0.42352364908094065,0.29216087552905107,0.20150273725081727,0.13975586836093404,0.09602179694383114,0.06626453489556718,0.045492073505188836,1.0,0.7269668718076614,0.556712071532836,0.42729149500269364,0.3279892351916646,0.25094359152409895,0.19242502410427062,0.14764853976613765,0.11318697171303733
Ludwig van Beethoven,beethoven,beethoven_op18_no3,String Quartet Op. 18 No. 3,Op. 18 No. 3,Classical / transitional,4,beethoven_quartet_3_4_(c)edwards.mid,viola,intervals,1270,1269,1,8,200,0.1302072193642238,7.680065705133732,-0.1302072193642238,-0.03853570715858655,0.9621973467931554,0.9978845538619187,0.01373648296993901,0.3128171212982954,0.02095029788034984,0.2613712429300796,0.37685095239276695,0.3128171212982955,3.196755969908764,0.999984284751773,0.9999647541682887,1.0,0.860762532189003,0.7450869747175726,0.6467083327573141,0.5637427091672521,0.492270240583342,0.4364382656081318,0.3886810332151551,0.3465578974752762,1.0,0.6811840230837581,0.49385385609882787,0.36098154237593255,0.26432109431615736,0.19355625427855644,0.14172554583560712,0.10374199690808965,0.07592532510214071,1.0,0.6316798857848084,0.42959012983683365,0.294777746637828,0.20233482595630717,0.13885540995185316,0.09551697832450035,0.06570264084927441,0.045327897387302356,1.0,0.7267155214775585,0.5565187993831776,0.4283409011789753,0.32942938904675306,0.2531648592229898,0.19359273888984543,0.14932178446155606,0.11475057528613494
Ludwig van Beethoven,beethoven,beethoven_op18_no3,String Quartet Op. 18 No. 3,Op. 18 No. 3,Classical / transitional,4,beethoven_quartet_3_4_(c)edwards.mid,cello,intervals,361,360,1,8,200,0.19159838687987446,5.21925062253768,-0.19159838687987446,-0.06755982005558238,0.9346718068242257,0.9992672055491151,0.011888355095115809,0.42900461384730915,0.03774377010672612,0.3467037172974321,0.5066345737140738,0.4290046138473091,2.330977261601012,0.999955630088471,0.9998655554405502,1.0,0.7859258305433943,0.6402266288951841,0.5197173577131085,0.4265065670873036,0.35454223538501156,0.29617885655421067,0.24687741437033223,0.20351532320370846,1.0,0.5917970341434146,0.3782741630811443,0.24575269567401248,0.1602067980795037,0.10459641389572653,0.06830724415516223,0.044599334036241875,0.02913069070087112,1.0,0.5355878186968839,0.3209020087561164,0.1887876641771826,0.11424800412052537,0.06885784187483904,0.041655936131856815,0.025592325521503992,0.015870460983775432,1.0,0.6588816636621169,0.4502156837496781,0.31544553180530516,0.22318439351017255,0.15711112541849087,0.11104493947978367,0.07935230491887715,0.05696304403811486
Ludwig van Beethoven,beethoven,beethoven_op18_no4,String Quartet Op. 18 No. 4,Op. 18 No. 4,Classical / transitional,1,beethoven_quartet_4_1_(c)edwards.mid,vln I,intervals,1040,1039,1,8,200,0.08493280727182029,11.774013271450976,-0.08493280727182029,-0.024700931418055908,0.9756016402018702,0.9999041918494421,0.0019049218555120242,0.33963867681646703,0.021662869743877967,0.27888473270324704,0.4107878884196424,0.33963867681646726,2.9443054288554316,0.9999788589309441,0.9999525362270754,1.0,0.8970856923736269,0.8206866217039226,0.755719967819307,0.6951668809539922,0.6392660847074039,0.5872732125805458,0.5388048030436319,0.4930319024955075,1.0,0.6575620015144348,0.46292689790876673,0.32955283151752335,0.23493891139999845,0.16750825234948047,0.11943310392181343,0.08513821247612326,0.0606845522459556,1.0,0.5977394566876443,0.38638260438048405,0.2564850111654975,0.17081707381258507,0.11389371348656757,0.07567914044466499,0.05025225753577094,0.03317130203986496,1.0,0.7078192317235468,0.5316618921946782,0.40126617493364614,0.30418273821607683,0.23029120519703156,0.17433213783562282,0.13179610373010323,0.09952706411326401
Ludwig van Beethoven,beethoven,beethoven_op18_no4,String Quartet Op. 18 No. 4,Op. 18 No. 4,Classical / transitional,1,beethoven_quartet_4_1_(c)edwards.mid,vln II,intervals,1372,1371,1,8,200,0.10741279034431092,9.309878244429804,-0.10741279034431092,-0.016033253679017603,0.9840945947453931,0.9999614698801477,0.0015277215234621845,0.28516490551825574,0.02523269073973075,0.22696135579870363,0.3482409858305282,0.28516490551825574,3.5067428728041072,0.99998857401726,0.9999683326166396,1.0,0.8863200676444707,0.7920405866823873,0.7118730676466222,0.6399104528349789,0.5756223872215636,0.5173091528734916,0.4639939498647756,0.41656106182885344,1.0,0.703941169423386,0.5256958139187998,0.3951781438883148,0.2972964900506043,0.22371725618341534,0.1683615434657988,0.12668954624159917,0.09533723386671877,1.0,0.6480368257875181,0.45294363175933716,0.31873799170795836,0.22482212129101106,0.1594615121465286,0.1130151059741858,0.07987168205377564,0.05637039220453416,1.0,0.7560818704642812,0.5967204050062072,0.47569941241396524,0.37929743557746304,0.3022431973630705,0.24114479230092323,0.19241452462762193,0.15369430465399983
Ludwig van Beethoven,beethoven,beethoven_op18_no4,String Quartet Op. 18 No. 4,Op. 18 No. 4,Classical / transitional,1,beethoven_quartet_4_1_(c)edwards.mid,viola,intervals,1505,1504,1,8,200,0.12601135918375783,7.935792506941664,-0.12601135918375783,-0.04585422328001891,0.955181195223628,0.9992057682893261,0.008140207824542738,0.2735796963781523,0.028483389828713946,0.22764598340291645,0.31792914790849214,0.27357969637815216,3.6552420126154477,0.9999917211985064,0.9999691893881257,1.0,0.8528063256638053,0.7438852750063407,0.6510123634077424,0.5709475992984185,0.5040607060823965,0.44686163771393056,0.3965515701634999,0.3524124898638632,1.0,0.7143264080431796,0.5400670055721706,0.41089703421394824,0.3128425698796428,0.23811302278304372,0.1812381341540881,0.13791509646836742,0.10492180562569338,1.0,0.6785388959737657,0.4923090387548716,0.35900231836221463,0.26209192002543413,0.19157923690518291,0.13911423560132744,0.10090323248993531,0.07309985389674178,1.0,0.753067632591386,0.5933471220515898,0.47171437348851,0.37610872368623166,0.29967421473963973,0.23854482583705736,0.1904647083828977,0.1522322720306924
Ludwig van Beethoven,beethoven,beethoven_op18_no4,String Quartet Op. 18 No. 4,Op. 18 No. 4,Classical / transitional,1,beethoven_quartet_4_1_(c)edwards.mid,cello,intervals,1242,1241,1,8,200,0.19686372213620726,5.079656064351531,-0.19686372213620726,-0.015853659840706472,0.9842713479423421,0.9992390795702085,0.012447446283439127,0.24454572462055624,0.022517496004961952,0.18762623974887582,0.33338703436319583,0.24454572462055627,4.089214814741198,0.9999928447452537,0.9999630987971772,1.0,0.7932044360843944,0.6619279905252766,0.5500676296497848,0.4553203962874017,0.3735496430547833,0.30328053094204355,0.2448153888014764,0.2018702325697558,1.0,0.7362655804685527,0.5736554686926142,0.44933258318609276,0.35204779361743105,0.27581788480330005,0.2160943572349012,0.16927980622589073,0.132609215273635,1.0,0.6657688814226808,0.47561060569613844,0.34163554651197947,0.24535432284252215,0.17567935264820358,0.12574119861559674,0.089850820428492,0.0645025178735503,1.0,0.7890217821365711,0.6517447660960538,0.5402235393244396,0.44819069326634775,0.3713899634707878,0.3076721861399309,0.25556646568370356,0.21189440573320661
Ludwig van Beethoven,beethoven,beethoven_op18_no4,String Quartet Op. 18 No. 4,Op. 18 No. 4,Classical / transitional,2,beethoven_quartet_4_2_(c)edwards.mid,vln I,intervals,1160,1159,1,8,200,0.14875039187014155,6.722671365282827,-0.14875039187014155,-0.013789498953379564,0.9863051406768637,0.9999345625264139,0.0027571807780562042,0.29229164764359905,0.02340199504230218,0.24870194090104,0.3750304865847605,0.29229164764359905,3.4212404222351687,0.999986989196034,0.9999562227814245,1.0,0.8529630031856357,0.7338108770151559,0.6296246017955401,0.5415595738005599,0.46817381021334104,0.4042393691476011,0.3477637199536635,0.30120698185153005,1.0,0.6975403356467805,0.5168167215023536,0.3857579147031691,0.2882209174382668,0.21533876408747024,0.16093905058303648,0.12024960710733176,0.0898255345764997,1.0,0.6357816874215658,0.433397287382952,0.29700320976928274,0.20532417463075586,0.14160391929722946,0.09719507191813882,0.06664042137271937,0.04577239598416836,1.0,0.7384264287093348,0.5726059465199344,0.4457552007915822,0.3461618520127425,0.2686160584998552,0.20936956993918332,0.16327438700646782,0.1278130731730862
Ludwig van Beethoven,beethoven,beethoven_op18_no4,String Quartet Op. 18 No. 4,Op. 18 No. 4,Classical / transitional,2,beethoven_quartet_4_2_(c)edwards.mid,vln II,intervals,885,884,1,8,200,0.10327533937184043,9.682853681066334,-0.10327533937184043,-0.14035937246339913,0.8690458681196354,0.9985952036491094,0.008875406022555187,0.32458877315318624,0.027260796523907668,0.25777931077442845,0.3721146161364818,0.32458877315318624,3.0808212812957043,0.9999829546696728,0.9999474279760259,1.0,0.7966422475958409,0.7059584615464717,0.6318525692090616,0.5701592706559827,0.5147685915558957,0.4658159041564487,0.4224629418472064,0.3849492093740075,1.0,0.6705255763098414,0.4802659355995958,0.3469495793515334,0.2509406950813051,0.1815779392364021,0.1314259390036416,0.09511272769150395,0.06884596673570609,1.0,0.6302437221120153,0.42743006201090267,0.2955748894893863,0.20519829430967965,0.1426563158963465,0.09847289691403342,0.06815472006581173,0.04667218568907077,1.0,0.7288441813363323,0.5592904411573286,0.43193379255765035,0.3334452757688883,0.2578450820824417,0.20007237208624254,0.15458469356409094,0.11948423173646147
Ludwig van Beethoven,beethoven,beethoven_op18_no4,String Quartet Op. 18 No. 4,Op. 18 No. 4,Classical / transitional,2,beethoven_quartet_4_2_(c)edwards.mid,viola,intervals,958,957,1,8,200,0.1542857092214426,6.481481694229527,-0.1542857092214426,-0.05207191617213197,0.949260597199567,0.998418991259499,0.014067472399438181,0.31168636007287953,0.028986315284402202,0.24279672556332196,0.3877167347927139,0.3116863600728793,3.208353422222831,0.999988282430017,0.9999604989480239,1.0,0.8328478731074261,0.6997415562087516,0.5888835893738561,0.5025367422771893,0.43349342798513674,0.3750230159170318,0.3242415839387721,0.28072319893516723,1.0,0.6831835996631421,0.4962468804632767,0.3634060501041913,0.2663415391254037,0.19522561760374654,0.14304931821034148,0.1048072440582587,0.07679593647253175,1.0,0.6185125616992957,0.4152315456713438,0.2822272752481837,0.19237313515612,0.13070378792080306,0.08879818091065388,0.060105374077976816,0.04069214131218457,1.0,0.7369463701403139,0.5761011591148577,0.4530220176362931,0.355618656757806,0.27907936331872885,0.21886085075702957,0.17150019411014364,0.13419998890799179
Ludwig van Beethoven,beethoven,beethoven_op18_no4,String Quartet Op. 18 No. 4,Op. 18 No. 4,Classical / transitional,2,beethoven_quartet_4_2_(c)edwards.mid,cello,intervals,723,722,1,8,200,0.2692911621129637,3.71345272586597,-0.2692911621129637,-0.1054666272085536,0.8999045046710138,0.9979639648133947,0.027869999563555965,0.3346606956888775,0.03145685730896148,0.27415735847326517,0.41930656310589554,0.3346606956888776,2.9881011211715918,0.9999845451155003,0.9999391928302355,1.0,0.7150966680378446,0.5319856613974261,0.3942057942057942,0.29408238820003524,0.2275998511292629,0.17630996454525866,0.13837143248907954,0.10823294352706117,1.0,0.6622258094262852,0.4692055662628121,0.3357814937269085,0.2406356228715169,0.17238073903253254,0.12347411959379856,0.08844112750468137,0.06330845763920967,1.0,0.5981038569273863,0.38425887837652545,0.2533427356956769,0.1677577324636148,0.1107480754539578,0.07305243775832011,0.047764000705177174,0.031302031302031304,1.0,0.7202092025621437,0.540298916769505,0.4082388200035259,0.31019960431725135,0.2357603181132593,0.17931088519323812,0.13687880746704276,0.1050322226792815
Ludwig van Beethoven,beethoven,beethoven_op18_no4,String Quartet Op. 18 No. 4,Op. 18 No. 4,Classical / transitional,3,beethoven_quartet_4_3_(c)edwards.mid,vln I,intervals,780,779,1,8,200,0.16603568266926183,6.022801749139493,-0.16603568266926183,0.003132012829916703,1.0031369227066942,0.9998889126137821,0.0040099372972396685,0.3332359974173327,0.023228335817251596,0.26160559247368875,0.39026623397922,0.33323599741733256,3.0008762791243004,0.9999875973091557,0.9999460639355461,1.0,0.8509203443478962,0.7206911150984859,0.6078304872885627,0.5170729084763076,0.43856306660483996,0.3673985067505359,0.3131657291855675,0.2673400401873618,1.0,0.6614159464084034,0.4696065935376018,0.33677368205850877,0.24162770685083637,0.17332005741211004,0.12429361888462684,0.08911421177473221,0.06390050319261198,1.0,0.6111906345974207,0.4052908879525278,0.2750112564934847,0.18722068775495118,0.12735294315302784,0.08665819909544835,0.05903442806932656,0.040093277689293896,1.0,0.7065079333077963,0.5359233348790011,0.4099682130064582,0.3152725415482215,0.24348635444177874,0.18794311942635566,0.14553134009394972,0.11254813411019939
Ludwig van Beethoven,beethoven,beethoven_op18_no4,String Quartet Op. 18 No. 4,Op. 18 No. 4,Classical / transitional,3,beethoven_quartet_4_3_(c)edwards.mid,vln II,intervals,225,224,1,8,200,0.26870135072502516,3.721603919376451,-0.26870135072502516,-0.058618364002079835,0.9430666086551787,0.999748478004384,0.009765446622462336,0.3515434911228621,0.03661138311719463,0.2527848823021007,0.4539814538657079,0.35154349112286215,2.844598251004188,0.9999648748768315,0.9997129910094071,1.0,0.7283666154633897,0.5512459464072367,0.4211042840075098,0.32151391022358766,0.2410394265232975,0.18680662229049325,0.14469192694999147,0.11119644990612733,1.0,0.642337109598169,0.4456186128062197,0.3132086425980301,0.22071046082679976,0.15546584622644352,0.10957184550016591,0.07725495272232563,0.05451393622904136,1.0,0.5636200716845878,0.35223587642942483,0.2209848096944871,0.13918757467144563,0.08747226489161973,0.05547021676053934,0.03558627752176139,0.023852193207031917,1.0,0.7130483017579792,0.5480030721966206,0.41999487967229904,0.32151391022358766,0.24564772145417307,0.18983614951356886,0.14874551971326164,0.11802355350742448
Ludwig van Beethoven,beethoven,beethoven_op18_no4,String Quartet Op. 18 No. 4,Op. 18 No. 4,Classical / transitional,3,beethoven_quartet_4_3_(c)edwards.mid,viola,intervals,465,464,1,8,200,0.2769598794573751,3.6106312652909094,-0.2769598794573751,-0.0650940744397654,0.9369793134271575,0.9969503152066101,0.03509839302665815,0.37776348599870885,0.030591814084919827,0.28810534658357917,0.4657653792763742,0.377763485998709,2.6471589686765475,0.9999770691424149,0.9999198507072653,1.0,0.7446926945372183,0.5512303735268148,0.39609006103881145,0.2941571653422396,0.2256804483857346,0.17657107758455218,0.13655034742216593,0.10673154439709778,1.0,0.630926812513367,0.42701510740028664,0.29243834228503507,0.20069070316735238,0.13779719554751724,0.09456637979600004,0.06492734805664593,0.044565919599304366,1.0,0.5652136358401474,0.3498886713501478,0.2221678375369496,0.14040846097738877,0.08849667933509923,0.055702714115705015,0.03522208146186034,0.022323313754846634,1.0,0.700026872432723,0.5233982110637645,0.3919632231563592,0.2935717302007755,0.21979730507888978,0.16545740719413413,0.12427540404622059,0.09293063073438519
Ludwig van Beethoven,beethoven,beethoven_op18_no4,String Quartet Op. 18 No. 4,Op. 18 No. 4,Classical / transitional,3,beethoven_quartet_4_3_(c)edwards.mid,cello,intervals,425,424,1,8,200,0.4244173940118089,2.356171104458024,-0.4244173940118089,-0.1267637473387922,0.8809417728522749,0.9996181250114331,0.019007122438786102,0.4329340402501417,0.031738854913404654,0.34756209680814426,0.5204644915605859,0.43293404025014204,2.3098206817422273,0.9999714273330977,0.9999080009490702,1.0,0.5967533665375392,0.3767985611510791,0.23912792842648958,0.15820420586607636,0.10459324847814057,0.06946365984135769,0.04530990592141671,0.02997601918465228,1.0,0.5940764081520514,0.37913823157020543,0.24563129923687704,0.15959702723686647,0.10377902271050542,0.06742339538744561,0.04380954148551897,0.028469157888963485,1.0,0.5376429625530345,0.3120273012359343,0.1854939125622579,0.11159149603394208,0.0671462829736211,0.04001798561151079,0.023554233536247925,0.014031082826046854,1.0,0.6510445489762037,0.45260330197380555,0.316754288876591,0.22245665006456372,0.15745480538646006,0.11160302527209003,0.0794249216011806,0.0559052757793765
Ludwig van Beethoven,beethoven,beethoven_op18_no4,String Quartet Op. 18 No. 4,Op. 18 No. 4,Classical / transitional,4,beethoven_quartet_4_4_(c)edwards.mid,vln I,intervals,578,577,1,8,200,0.09032833166828821,11.070723675848344,-0.09032833166828821,-0.06423807340939544,0.9377817120629203,0.9948545845668284,0.014884493485423755,0.2624071524322036,0.026431809220741332,0.18649542277955322,0.340050215066178,0.2624071524322035,3.8108717339873714,0.9999871766387577,0.9998347149752148,1.0,0.8797952702494373,0.782517805938396,0.7062313076187834,0.6398421360959516,0.5901088397619708,0.5432614929238738,0.5013350599697839,0.4630222304443006,1.0,0.7053985096367124,0.5384282996245029,0.41464931288835016,0.31960921868781367,0.24612504456945852,0.189306917338,0.14555983572882064,0.11189497489497294,1.0,0.652872074738692,0.47230906792464467,0.3444084728517251,0.2515339314895323,0.1810563315141985,0.12796226066043845,0.08905127493602195,0.06239940801035982,1.0,0.7558597724539821,0.6167977060401443,0.5094934171985324,0.42191594980421177,0.34941571855825854,0.29046341689020444,0.24325840964449788,0.20361360342860665
Ludwig van Beethoven,beethoven,beethoven_op18_no4,String Quartet Op. 18 No. 4,Op. 18 No. 4,Classical / transitional,4,beethoven_quartet_4_4_(c)edwards.mid,vln II,intervals,872,871,1,8,200,0.1300994182500896,7.68642945103493,-0.1300994182500896,-0.008892888384459799,0.9911465363941753,0.999872537007664,0.0033656948731291005,0.2878211694598793,0.024880176410980427,0.2211162555675196,0.3559408531349691,0.2878211694598793,3.4743796013218358,0.9999854299342853,0.9999418675901873,1.0,0.8751207029741213,0.7645460495257714,0.6686059611175486,0.5865681730397837,0.5161393287841723,0.45307068366164543,0.3991003604995494,0.3516211750568645,1.0,0.6986018383611585,0.519779493612024,0.38968254982030986,0.2924824598934813,0.21951112314527724,0.16477130618780864,0.12366077599591485,0.09282782182536543,1.0,0.6411366464958586,0.4455656409596155,0.31317325436676535,0.22037949015063732,0.15429863525170592,0.10833494270632162,0.07554396807003991,0.052741835114372776,1.0,0.75548259731342,0.599606776533196,0.4802395819921892,0.384497982919188,0.30827807819406894,0.2474840135616497,0.19907943865070168,0.16032305480451484
Ludwig van Beethoven,beethoven,beethoven_op18_no4,String Quartet Op. 18 No. 4,Op. 18 No. 4,Classical / transitional,4,beethoven_quartet_4_4_(c)edwards.mid,viola,intervals,765,764,1,8,200,0.15506403670183797,6.448948584531123,-0.15506403670183797,-0.005570419257582313,0.9944450667598908,0.9999349399056419,0.0028659077687766027,0.27222661963453487,0.029725596751493763,0.19965221246892167,0.32365494940117595,0.27222661963453487,3.6734100483725776,0.9999863646918508,0.9999212457504428,1.0,0.8472178538228736,0.7300923304886316,0.6261593731871142,0.535457423832589,0.4590628560245469,0.39322583576216336,0.33570275314000547,0.2864376926464113,1.0,0.7088965229367109,0.5358026246268036,0.4082450735543551,0.31125331670705375,0.23730325695960275,0.18093829113719406,0.13784923242418948,0.10502457281046906,1.0,0.6674809363052427,0.4820056894033116,0.35130667561314854,0.25539759423511077,0.18604838089646544,0.1342356699027769,0.09715669623199345,0.06917447736470193,1.0,0.7686670440963704,0.6253800507433268,0.5102360333536027,0.4164901833329839,0.34116499968547526,0.28024854444933706,0.2306479908857716,0.18992053007905055
Ludwig van Beethoven,beethoven,beethoven_op18_no4,String Quartet Op. 18 No. 4,Op. 18 No. 4,Classical / transitional,4,beethoven_quartet_4_4_(c)edwards.mid,cello,intervals,262,261,1,8,200,0.5074877958093262,1.970490735457451,-0.5074877958093262,-0.13145867984364856,0.8768155045430284,0.999615200079872,0.02281425625452849,0.34653502628837585,0.037493494545919666,0.2578825990117019,0.4613063051757676,0.3465350262883757,2.8857111810909153,0.9999818686520136,0.9997194072018303,1.0,0.5221126015374561,0.3113192866701939,0.19037689458778126,0.11764339734213065,0.07204880022408267,0.04273131866421836,0.024524602408888613,0.014783231147489964,1.0,0.6455539861468731,0.4513835495917471,0.31928034750154394,0.22612780610092997,0.16022565746696518,0.11346318205079457,0.08023601200364629,0.05671957079280688,1.0,0.5701036382309919,0.35233886278049237,0.22433164233917402,0.1408297282997728,0.08919734835517101,0.056705362422582554,0.03641343251065949,0.02303071799819489,1.0,0.7104354050605335,0.531667237247518,0.40126357723071177,0.3041610905356198,0.2352867946842613,0.18237838847219195,0.1412965671781146,0.1114500015561296
Ludwig van Beethoven,beethoven,beethoven_op18_no5,String Quartet Op. 18 No. 5,Op. 18 No. 5,Classical / transitional,1,beethoven_quartet_5_1_(c)edwards.mid,vln I,intervals,2041,2040,1,8,200,0.09608884329647147,10.407035465237218,-0.09608884329647147,-0.08437680287136194,0.9190848770202213,0.9981685924803453,0.00943068335831878,0.28532932604397065,0.019282873404820794,0.23591695177445945,0.33041040097410995,0.28532932604397077,3.5047221183492883,0.9999873485557177,0.9999725984313597,1.0,0.8519477828429342,0.7503113005488186,0.6822037754995333,0.6222922177767621,0.567338230224911,0.516120817534306,0.46951433241282614,0.42926844855165364,1.0,0.7026759348304684,0.5244097919665522,0.39420140683337096,0.29653940518601635,0.223105262744417,0.167866081104487,0.12631027229631875,0.09503735743421908,1.0,0.6664881812301746,0.47520343466658405,0.34126770491612796,0.2453847151914668,0.17602085277953144,0.12638027661692314,0.09123091045001569,0.06599184324782816,1.0,0.742925779752199,0.580865522036012,0.45668129408073865,0.36103407942182336,0.28574485555267226,0.22599596810113443,0.17889082113629057,0.14144083256194057
Ludwig van Beethoven,beethoven,beethoven_op18_no5,String Quartet Op. 18 No. 5,Op. 18 No. 5,Classical / transitional,1,beethoven_quartet_5_1_(c)edwards.mid,vln II,intervals,1272,1271,1,8,200,0.14797087262002348,6.758086792986038,-0.14797087262002348,-0.029554540844828944,0.9708779236949469,0.999537743982902,0.007291175870478467,0.277124808824146,0.02192947873123108,0.21507094913987201,0.33761616047741905,0.27712480882414586,3.608482417157269,0.9999900028319549,0.9999675326638119,1.0,0.8297691351714322,0.7191123705864076,0.6250876955611012,0.5421615201900237,0.46820284233841464,0.40102303135993267,0.3429109413993205,0.2946069735510188,1.0,0.7103827221992256,0.534946465477373,0.4054965112503177,0.3075454323961827,0.23333825733404337,0.17697144779522295,0.13421730198693652,0.10177252285827296,1.0,0.664384076490574,0.47371388195676356,0.3387842388526414,0.24288538440722812,0.17365600288643676,0.12384241859346343,0.08800625394630025,0.06222626456999108,1.0,0.7597166681700191,0.6083378433907614,0.4904198863465528,0.3966532868296301,0.3208166711767241,0.25894995840724816,0.20846612946871523,0.1675148080218888
Ludwig van Beethoven,beethoven,beethoven_op18_no5,String Quartet Op. 18 No. 5,Op. 18 No. 5,Classical / transitional,1,beethoven_quartet_5_1_(c)edwards.mid,viola,intervals,1188,1187,1,8,200,0.19908499236650104,5.022980326709271,-0.19908499236650104,-0.004547220687818248,0.9954631022673278,0.9999745926730097,0.002299339924306998,0.2817787381980644,0.02404333084361202,0.23284557748921597,0.35758595454406045,0.2817787381980644,3.5488838029258702,0.999988198663391,0.9999595032923108,1.0,0.8154267477465821,0.6684277109299751,0.5462083638820604,0.4504823104900735,0.36922988456175154,0.30068716665947876,0.24677046045916534,0.20249133853739884,1.0,0.7060804174404074,0.5289788882777642,0.39903195529233493,0.3012550022591258,0.22747738746450505,0.17177268017626268,0.12969510521997055,0.09789146611374054,1.0,0.6433705668406147,0.4398973562772243,0.30519112721208724,0.21296559853941144,0.1493940570147065,0.10496398844179929,0.07389773004988427,0.05234973620275729,1.0,0.7565776800218513,0.5956699874929917,0.47167953307169247,0.3740271128937192,0.29663460847313866,0.23477523324851568,0.18526904443581893,0.14636218570750853
Ludwig van Beethoven,beethoven,beethoven_op18_no5,String Quartet Op. 18 No. 5,Op. 18 No. 5,Classical / transitional,1,beethoven_quartet_5_1_(c)edwards.mid,cello,intervals,1212,1211,1,8,200,0.2430000142548208,4.1152260960419325,-0.2430000142548208,-0.06535625715043382,0.9367336858519816,0.9986765301720076,0.02026891733095127,0.26637876869239585,0.022438854114902203,0.21364657778816185,0.3514051195252234,0.2663787686923958,3.754052940888703,0.9999918344794477,0.9999620085329461,1.0,0.7557490548269415,0.5814395351598854,0.4460222643833384,0.34475135527736583,0.27265584654090136,0.2156333971273367,0.17126894833790385,0.1383459954764252,1.0,0.7182289912032512,0.5470924744307298,0.4192171981711297,0.321433901537157,0.24644285309483016,0.18892949692755287,0.1448037958750142,0.11096653759296632,1.0,0.6476927835450135,0.4477579583709608,0.3156960864726335,0.22226410717392564,0.15665984540310354,0.11009988870569976,0.07765055799040604,0.05511553342557228,1.0,0.7649591414597504,0.6145143785055633,0.49628420642745297,0.4007450918661265,0.3232795641019268,0.26070896954733874,0.21072319201995013,0.17050949591690762
Ludwig van Beethoven,beethoven,beethoven_op18_no5,String Quartet Op. 18 No. 5,Op. 18 No. 5,Classical / transitional,2,beethoven_quartet_5_2_(c)edwards.mid,vln I,intervals,715,714,1,8,200,0.2639155429374041,3.7890909677766933,-0.2639155429374041,-0.075120740913495,0.9276314764947454,0.9995442025070298,0.012913072329252602,0.3159747832186829,0.023118173046257094,0.258162432360589,0.38214156277730554,0.31597478321868283,3.164809513637392,0.9999796860476173,0.9999318454793178,1.0,0.7306377744209063,0.5442699672638247,0.4108249756582295,0.31984084689326886,0.2479534881857267,0.19041074483814224,0.14701627993637081,0.11304598691354364,1.0,0.6725367677974086,0.4853157851126269,0.35372890186696204,0.25819197922025744,0.18848434740999198,0.1376074027107612,0.10043131818968966,0.07327159207333199,1.0,0.6271441794118707,0.42800645908378776,0.2931270059421968,0.2004159137079228,0.13703915919718238,0.09329609610090916,0.06350096766050543,0.042857543544722744,1.0,0.7206005505447348,0.5480564648937577,0.4230940293543721,0.32716140897780593,0.2532425642402362,0.1961085222241366,0.1516001458502791,0.11747358467129594
Ludwig van Beethoven,beethoven,beethoven_op18_no5,String Quartet Op. 18 No. 5,Op. 18 No. 5,Classical / transitional,2,beethoven_quartet_5_2_(c)edwards.mid,vln II,intervals,496,495,1,8,200,0.2924177058035554,3.4197655619109275,-0.2924177058035554,-0.0955333036732426,0.9088880918376013,0.998684844621,0.024314067625911272,0.34800989121341475,0.03271056508124348,0.28562923875488383,0.4061317819151363,0.3480098912134148,2.873481545347102,0.9999818407462135,0.9999102275175861,1.0,0.7026626720974855,0.5119079678190326,0.3711835594304373,0.273757026963342,0.20528831588514493,0.15510654054599926,0.11817921701955768,0.09074460564850036,1.0,0.6501797352311509,0.4540445563346175,0.3206482876043443,0.22667099146839417,0.1602760819551231,0.11330055152749802,0.0800840578450506,0.05659146977250343,1.0,0.5988403406604504,0.40170666846197867,0.27158582152354666,0.1826673847914633,0.12190729457703571,0.08152119029185041,0.05380045107213788,0.03565657925741408,1.0,0.715437438987444,0.5357575655569394,0.4038273807520113,0.30295889857609315,0.22785033830410342,0.17120543979533442,0.12831150907193592,0.0969973406941125
Ludwig van Beethoven,beethoven,beethoven_op18_no5,String Quartet Op. 18 No. 5,Op. 18 No. 5,Classical / transitional,2,beethoven_quartet_5_2_(c)edwards.mid,viola,intervals,417,416,1,8,200,0.2459468154377855,4.065919691702449,-0.2459468154377855,-0.08158910897411112,0.9216505788570662,0.9993518671887479,0.014351379377225422,0.38178219052346,0.03397879373939447,0.2812265983959007,0.4943245339081624,0.3817821905234599,2.6192945213837877,0.9999853126015379,0.9999039724509359,1.0,0.7356536746728031,0.5679922335682439,0.43245122009684067,0.34100388321587805,0.2643463253271969,0.20971762788244883,0.16682247471115585,0.13045927417421738,1.0,0.6269981147275402,0.42312694952606467,0.28904647668563527,0.19768749207733122,0.13516442240619114,0.09237869818631465,0.06308323619221048,0.04304212734737162,1.0,0.5419962606069323,0.32970180737331606,0.20421640538856128,0.12452658324943669,0.07602234047653292,0.04610719593460856,0.028117359413202935,0.016947121146747207,1.0,0.6989788580468862,0.5202550457835946,0.39043098902152545,0.29301500551320775,0.22058823529411764,0.16717004650270867,0.1271753200057529,0.09802723045208303
Ludwig van Beethoven,beethoven,beethoven_op18_no5,String Quartet Op. 18 No. 5,Op. 18 No. 5,Classical / transitional,2,beethoven_quartet_5_2_(c)edwards.mid,cello,intervals,385,384,1,8,200,0.301968705853152,3.3116014362306205,-0.301968705853152,-0.04140716806941849,0.9594383977262267,0.9994536342992801,0.0161771487000086,0.44616378971713533,0.030787118435366634,0.38394553943430554,0.5073757421248931,0.446163789717135,2.2413293571717094,0.9999716407707102,0.9998878326642714,1.0,0.7065861504599582,0.5255375585529657,0.39222021558778714,0.28964670692477,0.21012754670128111,0.1543681923359106,0.11297195101303685,0.08826683221400757,1.0,0.5813203699357946,0.36601640116389006,0.23398127330123636,0.1500485923501936,0.09624917640655106,0.061726312002516145,0.03959486104096949,0.0253913536516384,1.0,0.5344968677690615,0.32008013996275186,0.1919267453016536,0.11553981601670524,0.06969919295671313,0.041875952367515096,0.02536824877250409,0.01533664428015125,1.0,0.6332044697782042,0.4227806309611152,0.28802415486201255,0.19552457813646368,0.13437552909306394,0.09176590101021502,0.06270105536429821,0.042539082340989895
Ludwig van Beethoven,beethoven,beethoven_op18_no5,String Quartet Op. 18 No. 5,Op. 18 No. 5,Classical / transitional,3,beethoven_quartet_5_3_(c)edwards.mid,vln I,intervals,1639,1638,1,8,200,0.07235641605254188,13.82047445901475,-0.07235641605254188,-0.01918938986968702,0.9809935544068675,0.9999421461073846,0.0012610594320109736,0.25887225399418123,0.01837369421433419,0.23158640725284196,0.34345562883861835,0.2588722539941812,3.8629091552719186,0.9999907748453452,0.9999685312382885,1.0,0.914852192753138,0.8479467976663796,0.7887983208765746,0.733776936878651,0.6828089207193448,0.6350825456173148,0.5911868589032285,0.5507592541742994,1.0,0.7248762913838607,0.5563258657308758,0.429448921368088,0.33168398533903576,0.2562196766392875,0.19791711462565478,0.1528515445031598,0.11805887230185669,1.0,0.6563514423384351,0.46289340349742153,0.3275720040774413,0.2328745584966128,0.1653628132840329,0.11710907907753533,0.08329716046085618,0.05914697219892196,1.0,0.7509149793306827,0.5939989392634275,0.47153727811986323,0.37363956773103935,0.29593121010483237,0.23363738607425907,0.18493453148920644,0.14698122646725822
Ludwig van Beethoven,beethoven,beethoven_op18_no5,String Quartet Op. 18 No. 5,Op. 18 No. 5,Classical / transitional,3,beethoven_quartet_5_3_(c)edwards.mid,vln II,intervals,1316,1315,1,8,200,0.07142527911021102,14.000645324143216,-0.07142527911021102,-0.11427046688083724,0.8920166622886124,0.9974575216210507,0.008262529579705696,0.2459624278725979,0.02472916221933825,0.1988600303253469,0.3278694099052252,0.24596242787259806,4.065661607950842,0.9999920096384033,0.9999601824816828,1.0,0.8440788134462983,0.771634272290583,0.7123054173130333,0.6646626375503347,0.6209811202440868,0.5807636602720239,0.5428450428064363,0.5075306102871154,1.0,0.7350145064319772,0.5717058205113245,0.44710811066262063,0.349870931999348,0.2737849423711904,0.21422128895278864,0.16755543673513046,0.13102156032145837,1.0,0.6680424624873359,0.4780527809559909,0.3449644235111339,0.24891141325583951,0.17926291972886527,0.12910369710029973,0.09305457089443107,0.06715310876040329,1.0,0.7786899054491342,0.6350994059276209,0.5219799760873584,0.42825271590986197,0.35104319484123364,0.28762321912824146,0.23586475084758848,0.19298812089220826
Ludwig van Beethoven,beethoven,beethoven_op18_no5,String Quartet Op. 18 No. 5,Op. 18 No. 5,Classical / transitional,3,beethoven_quartet_5_3_(c)edwards.mid,viola,intervals,954,953,1,8,200,0.11991767552777112,8.339054235323426,-0.11991767552777112,-0.0658395093967889,0.9362811165554292,0.9989028530313846,0.009106125475938637,0.3188924555385452,0.024615950652140454,0.25949058600152597,0.39225593353113186,0.31889245553854534,3.1358534284268367,0.9999834947902796,0.999944558430548,1.0,0.8449030728100495,0.734393771603074,0.648965848965849,0.5733570477756524,0.509115518417844,0.45553430204592993,0.4065997740416345,0.3618242222893386,1.0,0.6741082936580729,0.48549297981873585,0.35286554429344485,0.25677081832497756,0.1868343640087613,0.1359898406541911,0.09898601226209124,0.07199506172232666,1.0,0.6242961173193732,0.4182869671241764,0.28366052552099064,0.19171560566909404,0.12968667852388782,0.08771211561909237,0.059556808394017696,0.040034900500016776,1.0,0.7324742441021511,0.5619674038278689,0.433508954439187,0.3330178865062586,0.2559101535845722,0.1963667684597917,0.1512847187265792,0.117583364094992
Ludwig van Beethoven,beethoven,beethoven_op18_no5,String Quartet Op. 18 No. 5,Op. 18 No. 5,Classical / transitional,3,beethoven_quartet_5_3_(c)edwards.mid,cello,intervals,928,927,1,8,200,0.19158158792675498,5.219708275840775,-0.19158158792675498,-0.20482752204469837,0.8147878372328647,0.9994600427063438,0.010203059238749052,0.3060761228396845,0.028378170758239216,0.24985371941295625,0.3856969117732897,0.3060761228396845,3.267161092875502,0.9999880045370291,0.9999371823499604,1.0,0.6870109287032219,0.5504116005109524,0.45281496901168566,0.3751383829304064,0.31190329753512797,0.25959218432133224,0.213956569049534,0.1764630742300232,1.0,0.6849501347234968,0.5003154263266804,0.3684758495005594,0.2716057106111342,0.2001626959855742,0.14751867453108786,0.10868194267814395,0.08007305134891586,1.0,0.6187278232483323,0.41476557695037136,0.28258504045039506,0.19283247386100202,0.13218290202015423,0.09073189194303827,0.06213511851256091,0.042411411269338124,1.0,0.7299616785731182,0.5661257510526565,0.44058759521218716,0.34080285754837486,0.2621871599564744,0.2044282537730047,0.1609216066613048,0.12658608127927332
Ludwig van Beethoven,beethoven,beethoven_op18_no5,String Quartet Op. 18 No. 5,Op. 18 No. 5,Classical / transitional,4,beethoven_quartet_5_4_(c)edwards.mid,vln I,intervals,1494,1493,1,8,200,0.08043408512451812,12.432540240271564,-0.08043408512451812,-0.05557492195550275,0.9459411492547503,0.9977081704240903,0.00883301918229905,0.27934649907117864,0.022651082210950448,0.22838004510572435,0.33976758872910673,0.2793464990711786,3.5797835423926183,0.9999889979344629,0.9999694110269582,1.0,0.88691309687272,0.8056146933670487,0.7355638031277332,0.6779187115660871,0.6284921897304131,0.5834368811488596,0.5410896764867155,0.5011741461270398,1.0,0.7089824112172995,0.5326076347952496,0.4028020609624254,0.3048027995267637,0.23068228942550661,0.17460112925897733,0.13212456251769786,0.10003092327486547,1.0,0.658420000815694,0.4650434357029243,0.33104485863570654,0.23562860548055703,0.1676305450195087,0.11961064208708892,0.08531977468720403,0.06087342695687245,1.0,0.7542866982974654,0.5959224365684662,0.4723556788159749,0.3753243516365993,0.29663254346969015,0.23619687226685881,0.18843799139896045,0.1503931191683547
Ludwig van Beethoven,beethoven,beethoven_op18_no5,String Quartet Op. 18 No. 5,Op. 18 No. 5,Classical / transitional,4,beethoven_quartet_5_4_(c)edwards.mid,vln II,intervals,1154,1153,1,8,200,0.11441523735672346,8.740094615913815,-0.11441523735672346,0.007423980990533909,1.0074516070602306,0.9997926621116415,0.003775268815118147,0.2827051866219606,0.02567171660649875,0.21395411066298564,0.3379531809499294,0.28270518662196065,3.537253815357909,0.9999909288870895,0.9999685888115168,1.0,0.8952178452487102,0.801281846102258,0.7143388432901224,0.638155117096108,0.5715585632959144,0.5092388943505796,0.4527523110572563,0.40046945136681983,1.0,0.7057079973283235,0.5284319902234276,0.3984149173775409,0.3005939984507324,0.2267407882809429,0.17101324108985128,0.12894527857739038,0.09722252753685943,1.0,0.6568005669997028,0.46550218340611355,0.3327495675103074,0.23825114123932112,0.17059527347828407,0.12214728274537598,0.08763651051311949,0.06254220108674943,1.0,0.7703956042281107,0.6174428618243063,0.4984567548412172,0.4027084905157106,0.3254197245783702,0.26289886219011255,0.21255020309868386,0.17170793418535707
Ludwig van Beethoven,beethoven,beethoven_op18_no5,String Quartet Op. 18 No. 5,Op. 18 No. 5,Classical / transitional,4,beethoven_quartet_5_4_(c)edwards.mid,viola,intervals,998,997,1,8,200,0.18378942275841678,5.44100952596416,-0.18378942275841678,-0.06710178415116579,0.9351000181311873,0.9996809733868637,0.007522858773819212,0.2956273278183989,0.025314556660007505,0.23047500940192908,0.36089377942336537,0.29562732781839884,3.38263721212638,0.9999857954680653,0.9999537002000045,1.0,0.7879032999356559,0.6487708224816415,0.5334313815608053,0.44326582304337614,0.3714107710063221,0.31107025768299784,0.2594560366046716,0.21592670894996477,1.0,0.6936403787984252,0.5120594653003977,0.3809032728174696,0.2836480048554293,0.2112041159084,0.15731258397037495,0.11717597997650682,0.08726492445297308,1.0,0.6385349960678576,0.4406287342586635,0.3064374789349511,0.21280550704210968,0.1487207770322027,0.10405980941875785,0.07290294246815986,0.051142363983617774,1.0,0.7467761538540103,0.5865183687226154,0.4639866817824351,0.3684386841110805,0.29380968430513427,0.23414325254567925,0.18603425559947298,0.1477770628427858
Ludwig van Beethoven,beethoven,beethoven_op18_no5,String Quartet Op. 18 No. 5,Op. 18 No. 5,Classical / transitional,4,beethoven_quartet_5_4_(c)edwards.mid,cello,intervals,856,855,1,8,200,0.18304294375653318,5.4631988509216045,-0.18304294375653318,-0.051624162598252976,0.9496857271941402,0.9999281306346476,0.0035556594182358167,0.34763316112064885,0.02597913033877906,0.27635987592442524,0.41775645527249083,0.34763316112064885,2.8765955375958567,0.9999817440101977,0.9999471078151092,1.0,0.7926700229444655,0.6575594217103651,0.5455882025350293,0.4560156824307768,0.38202813481544184,0.31824029315452984,0.2638752756677285,0.2186323539239491,1.0,0.6525346537666884,0.45605964036033125,0.3219348133766559,0.2277284740865679,0.16111197931023383,0.11393853188592715,0.0805674598807249,0.056945252099682445,1.0,0.6061320754716981,0.3999715978703972,0.26631173286404847,0.1765916330667617,0.11656011227194761,0.07635160722639282,0.04981232318282061,0.0328657191864739,1.0,0.7080038315029739,0.5316043304894077,0.4028869929384509,0.30507785524938186,0.23137989797509523,0.17614332494263885,0.13418613976075383,0.10185504889621527
Ludwig van Beethoven,beethoven,beethoven_op18_no6,String Quartet Op. 18 No. 6,Op. 18 No. 6,Classical / transitional,1,beethoven_quartet_6_1_(c)edwards.mid,vln I,intervals,1967,1966,1,8,200,0.1246516612267255,8.022355981129905,-0.1246516612267255,-0.15194005467299218,0.8590397746179016,0.9926830167198181,0.02452101583613756,0.29930336800462287,0.020720281783822927,0.24371578112256218,0.3675495429652861,0.2993033680046229,3.3410917046030515,0.9999891281778212,0.9999755980040144,1.0,0.7930460028125083,0.6697534388571434,0.5742188823903296,0.506332315011359,0.45231536592067934,0.40533281609042576,0.3625194943742013,0.32502459771589287,1.0,0.6931329942858753,0.5100116111307255,0.37816295069693506,0.2806199063388975,0.2082196496201804,0.15446607048535455,0.11458186663666002,0.08498410587612193,1.0,0.6412440734756064,0.4413171757494417,0.3067777070392484,0.2147710391941856,0.14893467253361947,0.10287763294628756,0.0712439535503355,0.049214202697692895,1.0,0.7432937006383674,0.5788542548182585,0.45210575740369086,0.3537654710117157,0.2775811177139532,0.21779889157764823,0.1712918715172789,0.13481790390440182
Ludwig van Beethoven,beethoven,beethoven_op18_no6,String Quartet Op. 18 No. 6,Op. 18 No. 6,Classical / transitional,1,beethoven_quartet_6_1_(c)edwards.mid,vln II,intervals,1920,1919,1,8,200,0.09775859456434052,10.229279629647731,-0.09775859456434052,-0.058229475346890214,0.9434334278816677,0.9994997551937613,0.005011117072351967,0.29753240103836104,0.01895069891336636,0.24255991308829292,0.36299772504389455,0.297532401038361,3.360978490107602,0.9999868763152935,0.9999733218139659,1.0,0.8638815358779495,0.7742561781713007,0.7003759340878288,0.6352848187875085,0.5768349502659126,0.5233584904834158,0.4762545185438192,0.43445511452086466,1.0,0.6930712194940585,0.510737068137899,0.3791876608827782,0.2818457370049065,0.20953883481478633,0.15576798425012478,0.11576507816450327,0.08602061835762619,1.0,0.6371535418158252,0.43691116614009623,0.3046160852496776,0.21258120241981568,0.14829472181534345,0.10305016760485977,0.07173893052554141,0.04977349806997147,1.0,0.7417713786512352,0.5794207287034543,0.45385830547217276,0.35645098077853604,0.280208285438411,0.22008893676556557,0.17252955253552982,0.13539702974849419
Ludwig van Beethoven,beethoven,beethoven_op18_no6,String Quartet Op. 18 No. 6,Op. 18 No. 6,Classical / transitional,1,beethoven_quartet_6_1_(c)edwards.mid,viola,intervals,1766,1765,1,8,200,0.11866347868745056,8.427192688610743,-0.11866347868745056,-0.06751878252486132,0.9347101642342536,0.9977579687419602,0.012888576586517866,0.3262713549079871,0.022102975329448434,0.26676333888223625,0.36791633728084255,0.32627135490798703,3.064933482383134,0.999983847319391,0.9999713159647924,1.0,0.8494641618800274,0.7365331458175101,0.64813976662827,0.5718416760392203,0.5105539163029339,0.45657448217855057,0.409505809040775,0.3673367637851001,1.0,0.6724322821395186,0.48074758257043154,0.34679199880927086,0.2504746210456589,0.18093896339011628,0.13071613084528633,0.09444199870416695,0.06821437983430886,1.0,0.6389498077898061,0.43729324535111624,0.302733159673997,0.20976584479569127,0.14526195559060687,0.10087263492754157,0.069925401595309,0.0483144619636196,1.0,0.726221070536641,0.5549853244263317,0.42434973255037706,0.32429812684901543,0.2484863083016544,0.1906251153358288,0.14611730228444259,0.11227315668254982
Ludwig van Beethoven,beethoven,beethoven_op18_no6,String Quartet Op. 18 No. 6,Op. 18 No. 6,Classical / transitional,1,beethoven_quartet_6_1_(c)edwards.mid,cello,intervals,1530,1529,1,8,200,0.20363997904254033,4.910627101327192,-0.20363997904254033,-0.27440958888942796,0.76002071545969,0.9935992382171911,0.03745009318084084,0.3519015138130505,0.02323133748322727,0.310408430560259,0.39158235943445163,0.35190151381305046,2.841704172182832,0.9999783735517871,0.9999641734792266,1.0,0.6610216495994319,0.5069344550796082,0.39963852538400196,0.32274223075799946,0.2638920206897565,0.2206273796286937,0.18518144142322854,0.15645872372851044,1.0,0.6509135762320923,0.4527358934317129,0.3181307774582919,0.22400720080614114,0.15775732275426607,0.11114668844549892,0.07829751014289717,0.05513373176602257,1.0,0.6179539880136261,0.41468240083422536,0.28107416018059905,0.19105972365853088,0.1300945760664754,0.08810684581431574,0.059378080504129224,0.039890935574752415,1.0,0.6884113000558972,0.5011080095483209,0.36695893928280465,0.26847611321481735,0.19736393081182327,0.14448703693624346,0.10580735234530847,0.07747081809550221
Ludwig van Beethoven,beethoven,beethoven_op18_no6,String Quartet Op. 18 No. 6,Op. 18 No. 6,Classical / transitional,2,beethoven_quartet_6_2_(c)edwards.mid,vln I,intervals,685,684,1,8,200,0.12816433005398636,7.802482949653561,-0.12816433005398636,-0.022046927596570242,0.9781943296652339,0.9993907012903155,0.007250939816750835,0.29245128293973255,0.023949747302217196,0.23827272868805835,0.36334620317842253,0.2924512829397326,3.4193729292207506,0.9999833313550202,0.9999217188233063,1.0,0.8669644183790304,0.7608969260486134,0.6647408948283848,0.5806508001713092,0.510060045624186,0.45143908471939376,0.3994170242891979,0.3548635207537605,1.0,0.6914712568503336,0.5117849816794728,0.38195666513726306,0.2853229451472328,0.21313223446902954,0.159244842482646,0.11900000231113268,0.08894402021244589,1.0,0.634093153750011,0.4340066251212712,0.302098537753577,0.2106054381932123,0.1460804279234003,0.10209067151460062,0.07118072247034865,0.04943057170076827,1.0,0.7318049522344489,0.5712899757894645,0.4491229143541381,0.35272652583185476,0.27777874891839216,0.21859841101972677,0.17310095880712856,0.13863372169246502
Ludwig van Beethoven,beethoven,beethoven_op18_no6,String Quartet Op. 18 No. 6,Op. 18 No. 6,Classical / transitional,2,beethoven_quartet_6_2_(c)edwards.mid,vln II,intervals,462,461,1,8,200,0.11940256345862427,8.375029572514354,-0.11940256345862427,-0.025556773890902225,0.974767036077379,0.9992844794125113,0.007320821174378903,0.326081021661319,0.029740181724964967,0.24637581681599058,0.42778614419169697,0.32608102166131925,3.0667224817476186,0.9999837415884735,0.9998899422742537,1.0,0.8750668572706674,0.7696803493110055,0.6768970446655191,0.5976505139500734,0.5334091859458724,0.4752555163326234,0.424366193074073,0.37787243146521965,1.0,0.6664397534278069,0.4763709867343437,0.3438301855107659,0.24837237620361358,0.17950639435749463,0.1297500421532034,0.09373072217153874,0.06764611445703174,1.0,0.5901819490231545,0.38548686680086747,0.25405762853614183,0.16658400676838697,0.1087707014421721,0.07055265435520416,0.04562826385039531,0.02940747439974327,1.0,0.7399908587877196,0.5735040989584853,0.44435043906993027,0.34318444826949074,0.2662426700119614,0.20813762386828874,0.1638221936964534,0.12971769213564002
Ludwig van Beethoven,beethoven,beethoven_op18_no6,String Quartet Op. 18 No. 6,Op. 18 No. 6,Classical / transitional,2,beethoven_quartet_6_2_(c)edwards.mid,viola,intervals,353,352,1,8,200,0.16390647972753222,6.101040066642495,-0.16390647972753222,-0.0028298925543021494,0.9971741078172021,0.999844876998129,0.004677863683292836,0.3994298915844368,0.03827551187941598,0.31735267156203734,0.4892090922734609,0.39942989158443704,2.5035682633396656,0.9999784281801352,0.9998879652761109,1.0,0.8458881024603977,0.7216885743174924,0.6118132794068082,0.5162790697674419,0.4370744860128076,0.3714189416919447,0.31538591169531516,0.27109875294910685,1.0,0.6163396349628377,0.407863385890914,0.2734544064079599,0.18369439590687214,0.12342394020032554,0.08289577438567615,0.055689271937517236,0.03738293858231206,1.0,0.5519716885743174,0.3323896191439164,0.20439838220424672,0.12593528816986854,0.07600269632625548,0.047269969666329625,0.02896865520728008,0.017913717559824738,1.0,0.675598247387934,0.47933940006740816,0.34583754634310754,0.25222446916076846,0.1844118638355241,0.13431075160094372,0.097809234917425,0.0717896865520728
Ludwig van Beethoven,beethoven,beethoven_op18_no6,String Quartet Op. 18 No. 6,Op. 18 No. 6,Classical / transitional,2,beethoven_quartet_6_2_(c)edwards.mid,cello,intervals,324,323,1,8,200,0.24654931280766695,4.055983724359839,-0.24654931280766695,-0.026554983941310308,0.9737944993039058,0.9999235021020483,0.0049411132818802375,0.42568539597975774,0.03299247942812284,0.31591037121320636,0.5114643431774336,0.4256853959797577,2.3491527063041464,0.9999653952689441,0.9998683692630655,1.0,0.7639140044203335,0.5947357846092023,0.4651195499296765,0.36307012256379345,0.2820775567611011,0.22137834036568213,0.17233273056057866,0.1368495077355837,1.0,0.5953319653132907,0.3825178857375172,0.249383374124178,0.16318076585164412,0.10690395407945168,0.07002766554216605,0.04583127933442458,0.0300006557420813,1.0,0.5283504118947157,0.308921036769138,0.18523206751054852,0.11221619449467551,0.06883664858348403,0.041330118545308416,0.024552943540285314,0.01420534458509142,1.0,0.6813140446051839,0.4902752662246333,0.351557162949568,0.2559574040586699,0.18750251155314446,0.1376130198915009,0.10052240305404862,0.07454289732770746
Ludwig van Beethoven,beethoven,beethoven_op18_no6,String Quartet Op. 18 No. 6,Op. 18 No. 6,Classical / transitional,3,beethoven_quartet_6_3_(c)edwards.mid,vln I,intervals,967,966,1,8,200,0.13308713453109564,7.513874301398768,-0.13308713453109564,-0.19281142319959615,0.8246374669724917,0.9831015344068417,0.039979759299540694,0.3686885572073595,0.022256289628909888,0.31852205466193806,0.45161180482296587,0.3686885572073595,2.7123163451953176,0.9999807448959293,0.9999573333486933,1.0,0.781468169914294,0.6223906687768443,0.5298643115109902,0.4644364671794079,0.41281258095484813,0.3680569312588574,0.32951426002642803,0.29630073079778213,1.0,0.6384411358227339,0.43628295020980146,0.3017845595453111,0.20900465041652028,0.14478823583886916,0.10028689207820106,0.0694155720264803,0.048054742906179754,1.0,0.5806674924514706,0.36218573191890474,0.23125820433166944,0.1481340383706932,0.09486874157797462,0.06052320506094335,0.03824007697649561,0.024261963902029123,1.0,0.6812049782197444,0.48636693145478177,0.35175384936901477,0.25520451235520647,0.18511366877031354,0.13448681973437013,0.09773576772951992,0.07159293017909661
Ludwig van Beethoven,beethoven,beethoven_op18_no6,String Quartet Op. 18 No. 6,Op. 18 No. 6,Classical / transitional,3,beethoven_quartet_6_3_(c)edwards.mid,vln II,intervals,608,607,1,8,200,0.17259172470256082,5.7940205518159615,-0.17259172470256082,-0.08833069683152579,0.915458087571424,0.9964988733930052,0.02344040560483587,0.33881950796353977,0.03036587581848571,0.2622212579458749,0.4014140881674629,0.33881950796353993,2.9514239189191227,0.9999813419147258,0.9999232811071999,1.0,0.8035503617139678,0.6466388425153032,0.5354312743461325,0.4421202003338898,0.3801224262659989,0.32451864218141346,0.2770840289371174,0.2349693934335003,1.0,0.6592959918561977,0.4648605768343632,0.3311725002117583,0.23629000335445602,0.16860308085214915,0.12033352810933047,0.08584658182962278,0.06118991809453186,1.0,0.6055926544240401,0.39677239844184753,0.2673066221480245,0.1795659432387312,0.12038397328881469,0.08020033388981636,0.05391207568169171,0.03643850862548692,1.0,0.7341346688925988,0.5644741235392321,0.4357373400111297,0.3345742904841402,0.2555314412910406,0.19512520868113523,0.14999443516972732,0.11495269894268224
Ludwig van Beethoven,beethoven,beethoven_op18_no6,String Quartet Op. 18 No. 6,Op. 18 No. 6,Classical / transitional,3,beethoven_quartet_6_3_(c)edwards.mid,viola,intervals,578,577,1,8,200,0.2725781448281207,3.668672705328481,-0.2725781448281207,-0.049686215151427536,0.9515279527160047,0.9990210629479032,0.01955062942831805,0.3502377193322714,0.028728024792325637,0.26137673397067646,0.4026237110586607,0.35023771933227144,2.855203608299246,0.999982626932761,0.9999262174021559,1.0,0.7434156568926711,0.557080751086856,0.4163598803687602,0.30774211451299605,0.24016279715104985,0.18490426417537692,0.14200968149724047,0.10993740942866834,1.0,0.650424322649295,0.4534390735865791,0.31938800585115684,0.22524512277753792,0.15890778301105465,0.11209556003953285,0.07905361985341948,0.05575770398103126,1.0,0.6089415101902383,0.40575339931551196,0.2744303641352943,0.1852372583479789,0.12415132735177134,0.08243455739524558,0.055024203743101165,0.03708568433385749,1.0,0.7176394413097771,0.5398452193753276,0.41618105016495544,0.3222828600499491,0.2488268121974532,0.19141615021737118,0.1476829155489779,0.11387784047112509
Ludwig van Beethoven,beethoven,beethoven_op18_no6,String Quartet Op. 18 No. 6,Op. 18 No. 6,Classical / transitional,3,beethoven_quartet_6_3_(c)edwards.mid,cello,intervals,498,497,1,8,200,0.2805450516979484,3.564489888335866,-0.2805450516979484,-0.13071591985774111,0.8774670099409437,0.9984797206467431,0.02508270318795624,0.3732776775294695,0.029415585391546536,0.2907720237683323,0.4282575896640739,0.3732776775294695,2.6789708043043965,0.9999804860399285,0.9999085898880508,1.0,0.6913901757021828,0.5014064521514127,0.37108634864988943,0.2776011017904094,0.20949876883268645,0.16122031634739786,0.12511998664496474,0.09569717457535161,1.0,0.6308775176732795,0.429126214158287,0.29539138780414004,0.20368506347286647,0.14043043483678241,0.09679411817412081,0.0667280939964418,0.04599080261823803,1.0,0.5848670756646217,0.379975793998581,0.24947205876215517,0.16336546888694128,0.1068820166103251,0.06937106130795877,0.04518175368306832,0.029439505863695172,1.0,0.6808981261216143,0.507190851800843,0.3782646801051709,0.2849046367013063,0.21353866700054255,0.1595008555569467,0.11890989524644213,0.08836859897333166
Ludwig van Beethoven,beethoven,beethoven_op18_no6,String Quartet Op. 18 No. 6,Op. 18 No. 6,Classical / transitional,4,beethoven_quartet_6_4_(c)edwards.mid,vln I,intervals,1206,1205,1,8,200,0.13529548721824186,7.391229527019806,-0.13529548721824186,-0.020787115642941393,0.9794274471597053,0.9998798931225098,0.003397605752641878,0.25330844101944033,0.02195708125859541,0.2009910634312218,0.31341445609838964,0.25330844101944033,3.9477563241694513,0.9999914499242675,0.9999571972991973,1.0,0.8532418971747677,0.7475254636312539,0.6522385540925212,0.5694983145119337,0.4999909344870245,0.43714600915198404,0.3803136109611815,0.3297308379462847,1.0,0.7272081492682712,0.5613196623122719,0.4358065924709367,0.3384825479042681,0.26291350388035356,0.20422029882090045,0.15858897829788926,0.12313728423939312,1.0,0.671099005164553,0.4904581989196698,0.3613736623138257,0.2660449119459751,0.195710478198836,0.14286272163435856,0.104159954700329,0.07551990716914712,1.0,0.7664654122786098,0.6227533218131583,0.5085111219897267,0.41510147098408234,0.33924962657060015,0.2774688529894575,0.2277968153550264,0.1880480276930501
Ludwig van Beethoven,beethoven,beethoven_op18_no6,String Quartet Op. 18 No. 6,Op. 18 No. 6,Classical / transitional,4,beethoven_quartet_6_4_(c)edwards.mid,vln II,intervals,675,674,1,8,200,0.20006511815807204,4.998372575922491,-0.20006511815807204,-0.08059755624581377,0.9225648972255939,0.9982001392118587,0.019465325541810127,0.3080318389856421,0.026211327082240485,0.235577149078737,0.3866693405101979,0.308031838985642,3.2464176537497864,0.9999853942504817,0.9999313225031105,1.0,0.7835811823817821,0.6156021088554822,0.4975845410628019,0.4037890964427696,0.33453993723858794,0.276600438519479,0.22961492226859542,0.18981500240870555,1.0,0.682567548377402,0.49714488763619075,0.36543570988071816,0.26887745887614073,0.19780195794277974,0.14549925822820517,0.10699854169297199,0.07866552527340455,1.0,0.6295680988334661,0.42504873689281486,0.2890401646023835,0.1979055517286402,0.13518465992229112,0.09154431793112452,0.06191498845172009,0.041605323464393926,1.0,0.7446952199575888,0.5852434143288716,0.46247596922259593,0.3644619131875504,0.2876579728153941,0.22761592176884532,0.18055836946391668,0.14311763037400219
Ludwig van Beethoven,beethoven,beethoven_op18_no6,String Quartet Op. 18 No. 6,Op. 18 No. 6,Classical / transitional,4,beethoven_quartet_6_4_(c)edwards.mid,viola,intervals,653,652,1,8,200,0.14313774267144838,6.9862775626925515,-0.14313774267144838,-0.015947410463967866,0.9841790762153476,0.9998611190201038,0.003865319177146261,0.31274760206050484,0.03249413408755127,0.2216051116649568,0.41765044524680933,0.31274760206050484,3.1974665622105642,0.9999878418047079,0.999931564233696,1.0,0.8563291443979008,0.7417978718282054,0.6386970966344071,0.5516442775290096,0.4789253213924599,0.41708796764408496,0.3628581058308055,0.3137464490346189,1.0,0.6797787273726368,0.4933197488492869,0.3607517999303128,0.26406540056366545,0.1933808850737596,0.1415926705503339,0.10361671713084557,0.07584789329902507,1.0,0.5949347585343541,0.38952284655014685,0.2592373248591651,0.17189561365496653,0.11309644181231643,0.07452934662236987,0.04855313207183783,0.031754056526554,1.0,0.7470894121045789,0.5959988444316048,0.47372044874572683,0.3776156772112283,0.3035389282103135,0.24498049978333092,0.19681737204487457,0.15792768067793345
Ludwig van Beethoven,beethoven,beethoven_op18_no6,String Quartet Op. 18 No. 6,Op. 18 No. 6,Classical / transitional,4,beethoven_quartet_6_4_(c)edwards.mid,cello,intervals,570,569,1,8,200,0.21896459442421623,4.566948380990885,-0.21896459442421623,-0.17775391303497096,0.8371484094538595,0.999853152266583,0.006080216764817019,0.38381515693018514,0.028861699738244057,0.325728390485268,0.4424623081883268,0.38381515693018525,2.6054208176617077,0.9999767839953413,0.9999380137423337,1.0,0.6795694013613209,0.5392188580382007,0.43270468976979337,0.3456207458719496,0.27815098863874244,0.2254806807873586,0.18190064767414568,0.14553954872146205,1.0,0.6289998451386077,0.422976317707495,0.287980649535237,0.19644384311376406,0.13401332711680775,0.0914691377506883,0.06241250051391973,0.04257766826439671,1.0,0.5772673352744527,0.3670364943130277,0.23494522364105785,0.1516356785354064,0.09754442055049131,0.06269942464206647,0.040623949353277386,0.02593233993694534,1.0,0.6825572027581657,0.49086849233384716,0.35333447516826205,0.2530623378435813,0.18190699120152753,0.1303023959502921,0.0942077251476456,0.06830075932022761
Wolfgang Amadeus Mozart,mozart,mozart_k387,String Quartet K. 387,K. 387,Classical,1,mozart_string_quartet_387_1_(nc)mutopia.mid,vln I,intervals,974,973,1,8,200,0.08426579335725887,11.867211595105186,-0.08426579335725887,-0.024464514994067384,0.9758323157195501,0.9992650174510075,0.00523635567054779,0.29251089704941086,0.022035382620514896,0.2320265273890531,0.34736762035163316,0.29251089704941075,3.4186760564721137,0.9999900423445188,0.9999586012794274,1.0,0.9043842993381178,0.8258874263830335,0.7540329761100205,0.6928029693517416,0.6365504886342913,0.5870562868084832,0.542228515645952,0.5006919190293824,1.0,0.6957250244761843,0.5155372300662538,0.3849661074130482,0.28761979321659,0.2149158633817672,0.16051664252314102,0.11982205600194135,0.08944593729514058,1.0,0.6583700747701648,0.46286701208981,0.3259464272305002,0.23056887544384727,0.16329932739033887,0.1157660991857883,0.08182452075220717,0.057707119793175214,1.0,0.7535631148156492,0.5981184093371523,0.4749182033705575,0.37731363777770627,0.2997865242064386,0.23770261427391412,0.1875712032954655,0.14815863718769778
Wolfgang Amadeus Mozart,mozart,mozart_k387,String Quartet K. 387,K. 387,Classical,1,mozart_string_quartet_387_1_(nc)mutopia.mid,vln II,intervals,888,887,1,8,200,0.114487418143163,8.734584255795957,-0.114487418143163,-0.021900898149038808,0.9783371852730822,0.9999803265125757,0.0011635427952368345,0.3057986966514953,0.027103878092966677,0.22452503363230789,0.3665163650109923,0.3057986966514953,3.2701251213626135,0.9999858091266807,0.9999469083876371,1.0,0.8740148929568725,0.77743561898852,0.6927189988623436,0.6195547626434998,0.5514298272830696,0.4919821077670907,0.43954390319578035,0.3914546488778571,1.0,0.6858447492566078,0.5009245625147293,0.3688649286158982,0.2719524816571158,0.20055674682805952,0.14787433925801874,0.10899568202645418,0.0802948443126254,1.0,0.6373228875788602,0.44078756851794393,0.3072008480711552,0.2145335608646189,0.15009049539766264,0.10391198676181611,0.07174475126693557,0.049332919640086875,1.0,0.7555538318336953,0.5984874340676388,0.4787309959664908,0.3828860275106009,0.30627779501499636,0.24459871755093598,0.195286482573172,0.15645878581032166
Wolfgang Amadeus Mozart,mozart,mozart_k387,String Quartet K. 387,K. 387,Classical,1,mozart_string_quartet_387_1_(nc)mutopia.mid,viola,intervals,813,812,1,8,200,0.1108535825873922,9.020908270706029,-0.1108535825873922,-0.02560273504473294,0.9747222356892314,0.9995129921117578,0.005606646324395489,0.33385795231063453,0.02780575455436211,0.26572898361196184,0.4040336842118523,0.3338579523106343,2.995285848604144,0.9999880051253319,0.9999555164219235,1.0,0.8802292883409042,0.7815982200797256,0.6958993850622663,0.6220079725595624,0.5572417416025462,0.49885046815611384,0.4493495256636074,0.4049256821482649,1.0,0.6663897110475551,0.47309115295691334,0.33885471934646194,0.2429547614100523,0.17419465114050103,0.12484433428614534,0.0894681592572701,0.06411084115320265,1.0,0.6052377862241587,0.3958190414387689,0.26361360897376473,0.1755322765056704,0.11740675504465252,0.07894997064367602,0.05287537467939804,0.035490250610302525,1.0,0.7122215011897036,0.5405426284725441,0.41234819690368035,0.31497481536417293,0.24116992676369703,0.18570810543555513,0.14341954822162478,0.11075986526992368
Wolfgang Amadeus Mozart,mozart,mozart_k387,String Quartet K. 387,K. 387,Classical,1,mozart_string_quartet_387_1_(nc)mutopia.mid,cello,intervals,715,714,1,8,200,0.19698359279421526,5.076564935256712,-0.19698359279421526,-0.06510953877138548,0.93696482378037,0.9994023708053708,0.011037111267754338,0.34029224661179824,0.028377076020404315,0.278488662872247,0.41571857800327916,0.34029224661179835,2.9386505568573504,0.9999802140811923,0.9999375658155262,1.0,0.7770454099234286,0.6314034883860705,0.5209419363627985,0.42480496532048995,0.3456571476653938,0.28206402186151436,0.23650584402835265,0.19745082561675836,1.0,0.6593533273901359,0.46412589727106096,0.33011230602814645,0.23518045203527238,0.16758343074380172,0.11938007204272429,0.08505597296895268,0.06058847881504656,1.0,0.5981744673860344,0.3917121780976155,0.26097182765625815,0.1740266296965593,0.11461267535090215,0.07555765693930785,0.05004988560369594,0.03325706913062816,1.0,0.7130075209058745,0.5306065207896751,0.40190967700574187,0.3039375568475504,0.22973823080405978,0.1732813507979693,0.12972260398844418,0.09843691775086047
Wolfgang Amadeus Mozart,mozart,mozart_k387,String Quartet K. 387,K. 387,Classical,2,mozart_string_quartet_387_2_(nc)mutopia.mid,vln I,intervals,382,381,1,8,200,0.14720423842251446,6.793282657594001,-0.14720423842251446,-0.04068675716691742,0.960129836638388,0.9998614346009314,0.003970612048249246,0.31969793048780665,0.028839798742807246,0.24780936035288975,0.3936263265448441,0.3196979304878067,3.127952684817708,0.9999832467214087,0.999827878578629,1.0,0.8308267981821049,0.7156169804017146,0.6162635661137474,0.5286805923929406,0.4607962609855056,0.399205746154177,0.34350761996243784,0.2946911155395622,1.0,0.6656060640401381,0.47853388869463015,0.34783239611794375,0.253110092807311,0.18409705095715764,0.1338783397473987,0.0972934709138487,0.07058743271659655,1.0,0.6194893263179022,0.4220011182635374,0.2901320411176901,0.19885019569611906,0.13380453326834024,0.08993419449183525,0.059483018164614126,0.03899585669022666,1.0,0.7405198491777896,0.5701997103984172,0.44330547232297746,0.34283379449756995,0.2651861622055598,0.20558845034479792,0.1593955642213015,0.12392653868761738
Wolfgang Amadeus Mozart,mozart,mozart_k387,String Quartet K. 387,K. 387,Classical,2,mozart_string_quartet_387_2_(nc)mutopia.mid,vln II,intervals,327,326,1,8,200,0.2683697873501676,3.726201857048852,-0.2683697873501676,0.04097727478585469,1.041828429502296,0.9988939750512885,0.020461432660127243,0.3768933415634028,0.036195457092675694,0.27960979216387577,0.48580023232657965,0.3768933415634027,2.6532705402856673,0.9999736122572772,0.9998548047911215,1.0,0.7707261292166953,0.6051536838784725,0.4757201159283137,0.3658839533920861,0.2781688058200745,0.2089075530845212,0.1568581061098953,0.11947713964630034,1.0,0.6280978332117436,0.4249042293072816,0.2913716390670421,0.20017223383320604,0.13756064977414798,0.09451229977558412,0.06493935135059345,0.04460296907390996,1.0,0.5487470672896828,0.3330770292383825,0.20516157015831707,0.12787602768084225,0.07836990595611286,0.04832317974803336,0.029632696516235877,0.01809901224344946,1.0,0.7035941720391948,0.5214408233276158,0.38788667415863254,0.291674060054021,0.2198694820685712,0.1673271426036553,0.12696910549870863,0.09684351649218273
Wolfgang Amadeus Mozart,mozart,mozart_k387,String Quartet K. 387,K. 387,Classical,2,mozart_string_quartet_387_2_(nc)mutopia.mid,viola,intervals,315,314,1,8,200,0.18371825945782133,5.443117101975285,-0.18371825945782133,-0.022624348345270058,0.9776296630038369,0.9998362785018386,0.005386670162836065,0.40257283671691857,0.03267663378667872,0.32469052253421,0.506082029699117,0.4025728367169183,2.4840225390149246,0.9999818321525674,0.9998708428526237,1.0,0.8124800408762853,0.6752890081113879,0.5626663260309552,0.46813991611845607,0.39256136765238125,0.3270741521364246,0.2712098954674161,0.22245640927380725,1.0,0.6148636990438537,0.4058107381653575,0.2712871133028247,0.18180609310510978,0.1218034222350908,0.08154270616011981,0.0545449835287601,0.036466074195054654,1.0,0.5335419727065637,0.31853696961955247,0.19156500819654682,0.11613548785420792,0.07174639671286538,0.043260735347341976,0.02599476272593728,0.015456345404611356,1.0,0.6778011964829362,0.4830001490281237,0.3497902961401716,0.2542206893615209,0.18413489174171296,0.13369951672308444,0.09582508356219795,0.06806327308339188
Wolfgang Amadeus Mozart,mozart,mozart_k387,String Quartet K. 387,K. 387,Classical,2,mozart_string_quartet_387_2_(nc)mutopia.mid,cello,intervals,234,233,1,8,200,0.3269109437526191,3.058937056437984,-0.3269109437526191,-0.05898919465277435,0.9427169554861058,0.999877927791775,0.008276448571181629,0.4411312487089826,0.03731533847941365,0.3385166730926636,0.5520251016341502,0.4411312487089827,2.266899030450928,0.9999785371596913,0.9997717001933402,1.0,0.6873942969518191,0.4864503441494592,0.3512684365781711,0.25317600786627337,0.183913470993117,0.13392330383480827,0.09651917404129794,0.06831858407079645,1.0,0.5852508506610792,0.37114479926548055,0.23847019239547812,0.15393141843939792,0.09941389708039279,0.06407591425244251,0.04120318583032863,0.026422023261336403,1.0,0.520511307767945,0.30470009832841694,0.18222222222222223,0.10741396263520157,0.062458210422812195,0.035712881022615536,0.01994100294985251,0.011130776794493608,1.0,0.6630875122910521,0.47158308751229105,0.33427728613569324,0.23815142576204523,0.1686529006882989,0.11960668633235005,0.08550639134709931,0.060727630285152406
Wolfgang Amadeus Mozart,mozart,mozart_k387,String Quartet K. 387,K. 387,Classical,3,mozart_string_quartet_387_3_(nc)mutopia.mid,vln I,intervals,770,769,1,8,200,0.10964642159747928,9.120224677017545,-0.10964642159747928,-0.07197922707372614,0.9305502258616701,0.9958654334177375,0.016187835420431344,0.3507000709264497,0.028633759863675556,0.2712620352706602,0.43401557032061705,0.3507000709264496,2.851439400506208,0.9999795168094312,0.999948506703015,1.0,0.8583022063109391,0.7455723750694107,0.6623347508631067,0.5883231416046713,0.5303837677320559,0.47769718666901195,0.4348953752660024,0.3950838273993675,1.0,0.6511919541868108,0.4536464180021775,0.31919017544798106,0.22495113038721393,0.15862643292610323,0.1118942094743642,0.07892041655285682,0.05563149702495881,1.0,0.5877333664435178,0.3782183271769084,0.24441524310118265,0.15871159994619596,0.1027277963447736,0.06687912368378394,0.04339503554171366,0.02822643227415233,1.0,0.7026015637664215,0.5277384019507417,0.3996226818559638,0.30314443283288667,0.23086765928240574,0.17707395642561763,0.13610700107952997,0.10482477469554151
Wolfgang Amadeus Mozart,mozart,mozart_k387,String Quartet K. 387,K. 387,Classical,3,mozart_string_quartet_387_3_(nc)mutopia.mid,vln II,intervals,491,490,1,8,200,0.11380819364226856,8.786713574800103,-0.11380819364226856,-0.03140290169195521,0.9690850484041327,0.9989308052983228,0.00853127375254463,0.38554081637516147,0.03127575669626617,0.30371631558568674,0.47525074615069235,0.3855408163751613,2.593759097679873,0.9999805416047122,0.9999217500772731,1.0,0.8783021056158347,0.7708736029140142,0.683891308643248,0.6085324261402197,0.5451749525355876,0.48689466766320455,0.4389062137573774,0.39383005592639364,1.0,0.6257658248285436,0.4202248267584077,0.28574815557262423,0.1946742716456173,0.13264494799651944,0.09032177355188767,0.061474292075400415,0.041840823960767735,1.0,0.5606470623609358,0.3465374603747326,0.2167813544324459,0.13500511155210776,0.08392395384998669,0.05220655825021692,0.0325507074559934,0.019922166954459936,1.0,0.6933670094413374,0.5022035514548594,0.36839256720187624,0.2716596651289056,0.20191060367859934,0.14942054758038883,0.11075315928283636,0.08193087807015283
Wolfgang Amadeus Mozart,mozart,mozart_k387,String Quartet K. 387,K. 387,Classical,3,mozart_string_quartet_387_3_(nc)mutopia.mid,viola,intervals,466,465,1,8,200,0.26596825422851256,3.7598472152275275,-0.26596825422851256,-0.004876526411008631,0.9951353445397361,0.9998528138526261,0.007393922371728485,0.34553850816826215,0.03372810284018709,0.2697517741051391,0.4405760747145227,0.3455385081682622,2.89403344738944,0.9999854359720991,0.9999102012372068,1.0,0.7634563748769744,0.5878570131768798,0.45119585678384755,0.3412897862459748,0.25995432524629014,0.2002331514624521,0.15516038718431388,0.11967167687500598,1.0,0.6529968274693156,0.45746425285998804,0.324032607214437,0.22967661520031699,0.16281745528532068,0.11532585004218042,0.08168100628239236,0.057837386583083926,1.0,0.5816460111033607,0.3717141410184132,0.23868403199143837,0.152532655537825,0.09908937154214403,0.06389687825480397,0.041384384585248395,0.02640153650635911,1.0,0.7136536936351562,0.540510066601053,0.40999302456690206,0.3119929672345752,0.23793871174261608,0.18077838189062903,0.13594450230762614,0.1045550533668409
Wolfgang Amadeus Mozart,mozart,mozart_k387,String Quartet K. 387,K. 387,Classical,3,mozart_string_quartet_387_3_(nc)mutopia.mid,cello,intervals,542,541,1,8,200,0.23880606455035297,4.187498344662629,-0.23880606455035297,-0.07388006268628898,0.9287830829092852,0.9989438433801464,0.01779174841439572,0.36084554428226956,0.03230457020778165,0.29089870836460463,0.4535936782924658,0.3608455442822699,2.7712688041888476,0.9999787146433238,0.9999222666254408,1.0,0.74673075166361,0.5783881780045113,0.4527759625046553,0.35305773973902227,0.27463794084786136,0.21702468537217784,0.17547484031452243,0.14160535728088483,1.0,0.6417344689236923,0.4421246312934449,0.30808607951790146,0.21493650384553725,0.1500387928754959,0.10480269760637691,0.07315885222721039,0.05103322259344203,1.0,0.5795897716971984,0.36055540330684205,0.22968709375944235,0.14727603628672414,0.09427943026189121,0.059742395176760756,0.03769912375009662,0.023877282852344514,1.0,0.6986318696376247,0.5154345061168849,0.38410945042899003,0.2859722719958401,0.21356746843181482,0.15937629557799468,0.11951289780832121,0.08979629122133918
Wolfgang Amadeus Mozart,mozart,mozart_k387,String Quartet K. 387,K. 387,Classical,4,mozart_string_quartet_387_4_(nc)mutopia.mid,vln I,intervals,679,678,1,8,200,0.1471071181736249,6.7977675887834215,-0.1471071181736249,-0.013233673170523425,0.9868535068877369,0.9998889126858157,0.003552791298200487,0.3429831602040809,0.02893750392377522,0.2663827893557261,0.41365139669092044,0.34298316020408076,2.915595037974993,0.9999846241752327,0.9999380390953944,1.0,0.8559868318615566,0.736081144204462,0.6339969304001601,0.5451831750339213,0.4702226572057744,0.40847476477522965,0.35304401984118156,0.30530951798385125,1.0,0.6560314616478753,0.46084603039421973,0.3270424677033152,0.23245460687539882,0.16523781710849592,0.11738160621566429,0.08332915136604949,0.059141179386557996,1.0,0.6018551059901683,0.3968770158151122,0.2643726227283849,0.17718708988589096,0.11866450163489557,0.07812798896723536,0.051329047756745336,0.033574304335253685,1.0,0.7127699802033054,0.539804702271059,0.4127143715105545,0.31674711390884625,0.24269412994639322,0.18687189981537913,0.1433414151300131,0.10965144471383767
Wolfgang Amadeus Mozart,mozart,mozart_k387,String Quartet K. 387,K. 387,Classical,4,mozart_string_quartet_387_4_(nc)mutopia.mid,vln II,intervals,799,798,1,8,200,0.12965610902894836,7.712710241649544,-0.12965610902894836,-0.057467557181598336,0.9441525208583278,0.9980998237611907,0.012962315506326072,0.32872595057885834,0.02513967774930954,0.26275745399195644,0.3905806657953487,0.3287259505788583,3.0420476334134423,0.9999846435552399,0.9999470738725939,1.0,0.8463025492486678,0.7315431515946806,0.6335451039382931,0.5510601865928404,0.48759941749747954,0.43243450847349135,0.3831746387364176,0.33969818688089104,1.0,0.6675698812887534,0.4759235611129931,0.34261234264613166,0.24696193560744162,0.17797118399136067,0.1282315236859099,0.09237813401264895,0.06654608121161179,1.0,0.6190785578261774,0.412856662772648,0.27959160812302963,0.1914256909216022,0.13008689529357167,0.08891164845012722,0.06054185536654451,0.040762374177855304,1.0,0.7294755877034358,0.5567027796892253,0.4291475299652739,0.331095072732801,0.25544975915761176,0.19610491446494582,0.15026004576805518,0.11528429003504617
Wolfgang Amadeus Mozart,mozart,mozart_k387,String Quartet K. 387,K. 387,Classical,4,mozart_string_quartet_387_4_(nc)mutopia.mid,viola,intervals,797,796,1,8,200,0.07200314497858148,13.888282245136187,-0.07200314497858148,-0.013417283838211369,0.9866723266902446,0.9996201134465719,0.003216181766883222,0.38154443864405424,0.024587619412835226,0.3107384609900299,0.4429536977853463,0.38154443864405424,2.620926683019767,0.9999823588292855,0.9999564295546004,1.0,0.9227544987229224,0.8548828112434297,0.7933900780400558,0.7367933450425586,0.6858131799553505,0.6397837010158718,0.5964467005076142,0.5571950615377687,1.0,0.6296009013770569,0.4249053595748251,0.2900386501974523,0.19832157734401953,0.1356412482701588,0.09273281985873909,0.06339227702187421,0.043313457526733795,1.0,0.5848082453533033,0.3709797790687949,0.23707642521214928,0.15228748077949986,0.09846364671594834,0.06378954276118971,0.04091151814608224,0.026223517528452773,1.0,0.6880681708517496,0.5007463022652847,0.3663765094928361,0.2685980454601018,0.19644798723565782,0.14302625568572955,0.1045530871822586,0.07639304394819633
Wolfgang Amadeus Mozart,mozart,mozart_k387,String Quartet K. 387,K. 387,Classical,4,mozart_string_quartet_387_4_(nc)mutopia.mid,cello,intervals,503,502,1,8,200,0.21509172490966388,4.649179323007377,-0.21509172490966388,-0.08427199637945829,0.9191812081299182,0.9991695768433384,0.01420801734609072,0.3514854877459468,0.02753226497314562,0.2777592838858477,0.4136271294590514,0.3514854877459468,2.8450676766569623,0.999982832765043,0.9999028488453311,1.0,0.7570604833762729,0.6007524639103586,0.4780190569664254,0.3793808530650636,0.3091563407352881,0.25248435774751565,0.20601971128286917,0.16659714554451396,1.0,0.6479557958647674,0.4509238764273846,0.3172793283443105,0.22368709776990964,0.1577110234876436,0.11106427736762453,0.07818336131191354,0.05500280196736503,1.0,0.5964257964257964,0.3836011941275099,0.2515846726373042,0.16631088210035577,0.11011327853433117,0.07307078886026254,0.048877438351122564,0.03294483294483295,1.0,0.7011573222099537,0.5227252279883858,0.3929088455404245,0.29445057866110497,0.22208317997791682,0.16873185294237925,0.12853228642702327,0.09847462479041426
Wolfgang Amadeus Mozart,mozart,mozart_k421,String Quartet K. 421,K. 421,Classical,1,mozart_string_quartet_421_1_(nc)mutopia.mid,vln I,intervals,769,768,1,8,200,0.13069130373105306,7.651618519759198,-0.13069130373105306,-0.007633688978906166,0.9923953736261582,0.9997198684783436,0.005012659103908939,0.35728725130206285,0.025648487878733094,0.3031600094404127,0.42294368961167506,0.3572872513020628,2.7988684072988823,0.9999846076295583,0.9999519297532867,1.0,0.8671969015837886,0.7657445189847154,0.673120547755723,0.5907185835811605,0.5166747354588838,0.44975102012587315,0.39495469949512413,0.3513659312538903,1.0,0.6467893512393073,0.44769386865706373,0.31327924452503525,0.2194832232595544,0.15372581023929632,0.10762022546725712,0.0753850355369789,0.0527661124913135,1.0,0.5928729511031192,0.3831731101735943,0.2515422919980635,0.165543951863891,0.10880766304723702,0.07124282453834982,0.04665952002213154,0.030735182239435645,1.0,0.6908707379486825,0.5071789197039906,0.3754166954837817,0.2766961753924891,0.2043675219586417,0.15044608894114392,0.11031191645342002,0.08135763192475275
Wolfgang Amadeus Mozart,mozart,mozart_k421,String Quartet K. 421,K. 421,Classical,1,mozart_string_quartet_421_1_(nc)mutopia.mid,vln II,intervals,832,831,1,8,200,0.09381434851398467,10.659350257609395,-0.09381434851398467,-0.02758391069863525,0.9727930513840685,0.9996904101155705,0.0037827665211959912,0.3359688112760577,0.02533694345221789,0.2816266865125973,0.39950784763209624,0.3359688112760577,2.9764667625005328,0.9999837301735391,0.9999493558577014,1.0,0.8916024726020125,0.806839764536564,0.7303495381566375,0.6654909223890809,0.6068816430534747,0.5538168434215338,0.5057863133928677,0.46062239733864974,1.0,0.6620956659278248,0.46854175854489866,0.33472323394034553,0.23949984933561563,0.1714023117054115,0.12263422175607314,0.0877032297183717,0.06272800308670523,1.0,0.614879849945145,0.41066604537035944,0.27699689745071904,0.1866248274723071,0.12531998725949345,0.08383961117861483,0.0564416237067796,0.03797673677877526,1.0,0.7096255706685227,0.5349479172810815,0.4065843645672357,0.3088334178768182,0.23326039000106172,0.17504040392124479,0.1312390142622893,0.0985118380540056
Wolfgang Amadeus Mozart,mozart,mozart_k421,String Quartet K. 421,K. 421,Classical,1,mozart_string_quartet_421_1_(nc)mutopia.mid,viola,intervals,903,902,1,8,200,0.11774773335796568,8.492732483944241,-0.11774773335796568,-0.02006591157504619,0.9801340689974487,0.9986081905106158,0.010072204668942975,0.321408352408815,0.026649905331843252,0.2847235480340249,0.3873560007511989,0.3214083524088149,3.1113068235639734,0.9999884258580791,0.9999625336190561,1.0,0.8776073887993201,0.7785884793721021,0.6894704610500794,0.608163673403072,0.5373251846574931,0.47690500293702276,0.4298176546311224,0.389266744154075,1.0,0.6742783359670627,0.48499300411199014,0.35167081296777847,0.2552767417083688,0.18527527106970407,0.13447757548955316,0.09758280556635952,0.07079749085481525,1.0,0.6202392111281917,0.42059415345006435,0.287223326209491,0.1957181957931836,0.13318335770437303,0.09010535787934461,0.061027583017759617,0.04144576506317724,1.0,0.7119543074250434,0.5302063414695112,0.3996200617399673,0.29899141389524203,0.2245410120855361,0.16829015285016186,0.1262269881144314,0.0951520377938585
Wolfgang Amadeus Mozart,mozart,mozart_k421,String Quartet K. 421,K. 421,Classical,1,mozart_string_quartet_421_1_(nc)mutopia.mid,cello,intervals,483,482,1,8,200,0.26609845998665654,3.7580074685518468,-0.26609845998665654,0.007576717700720332,1.007605493656132,0.9994337343402274,0.01451293076293359,0.3913669819198256,0.03030719336452533,0.3378447967754993,0.44916943025093004,0.39136698191982566,2.5551465662600457,0.999977152167119,0.9999259023819055,1.0,0.7560737286253608,0.5901043748612036,0.45742838107928047,0.3516411281367977,0.2711792138574284,0.20691094825671774,0.15552298467688208,0.11728181212524984,1.0,0.621946249506584,0.4149079560232155,0.28039349887968645,0.1898444086223084,0.12861349264218364,0.0871337876120656,0.05898775043870175,0.039898804764547845,1.0,0.5693804130579614,0.3580457472795914,0.22894958916278038,0.1470042194092827,0.09443482123029091,0.06086608927381745,0.03896957583833,0.024632467244059517,1.0,0.6704863424383745,0.475531867643793,0.33832556073728626,0.2405685098823007,0.17059737952476128,0.12090606262491672,0.08656451254719076,0.06145236508994004
Wolfgang Amadeus Mozart,mozart,mozart_k421,String Quartet K. 421,K. 421,Classical,2,mozart_string_quartet_421_2_(nc)mutopia.mid,vln I,intervals,537,536,1,8,200,0.16356545777381915,6.113760286617579,-0.16356545777381915,-0.050276240484408805,0.9509666927139547,0.9998931914059458,0.0038734462940371605,0.32974346691360895,0.025998757566785696,0.26518184113226617,0.41592157663609813,0.32974346691360906,3.032660538690807,0.9999853726097707,0.9999164852921578,1.0,0.8125895056424357,0.6850833476542362,0.5805407572893395,0.4910207939508507,0.41867875350862116,0.35750701724236694,0.3036031391418915,0.2570530446239331,1.0,0.6632170194459402,0.47229561561505634,0.33969914322748335,0.24475282410716104,0.1762385312510565,0.1268083910370411,0.09123250531941035,0.06561653184468173,1.0,0.6170877012086842,0.40321933894712725,0.26552385862404765,0.17573895858394914,0.11685856676404881,0.07718966603654695,0.05088216761184625,0.03312424815260354,1.0,0.7282966718221917,0.5531520307040155,0.4242209428882397,0.32560004582688895,0.24963481697886233,0.19161367932634474,0.14782751904680072,0.11325685971243628
Wolfgang Amadeus Mozart,mozart,mozart_k421,String Quartet K. 421,K. 421,Classical,2,mozart_string_quartet_421_2_(nc)mutopia.mid,vln II,intervals,368,367,1,8,200,0.10118834656119399,9.882560927065319,-0.10118834656119399,-0.056902914381011666,0.9446857803182758,0.9999450816218562,0.0017182285400772369,0.3936831326265818,0.029871815824959836,0.3223291464182308,0.48308156212491216,0.3936831326265819,2.540113906654275,0.9999734693272604,0.9998733682472823,1.0,0.8561900340451872,0.7691581553698545,0.6964252553389043,0.631104921077066,0.569436706901888,0.5152893840916125,0.4648560817084494,0.4206128133704735,1.0,0.6181687265166869,0.4111717489920088,0.2770301867325089,0.18719380179723047,0.12651006298098588,0.08552763579852446,0.05777924427254279,0.039014520538301976,1.0,0.5603528319405757,0.34370164035902195,0.21496440730424018,0.13257505416279788,0.08280718043949242,0.051857010213556175,0.032497678737233054,0.020133085731971527,1.0,0.6793871866295265,0.48701640359021975,0.3497214484679666,0.2520736614051377,0.1828226555246054,0.1333952336737852,0.09699783348808419,0.07013308573197152
Wolfgang Amadeus Mozart,mozart,mozart_k421,String Quartet K. 421,K. 421,Classical,2,mozart_string_quartet_421_2_(nc)mutopia.mid,viola,intervals,315,314,1,8,200,0.19964538650075098,5.008881084243028,-0.19964538650075098,-0.06999617390012136,0.932397387344654,0.999930512100582,0.0038133670687416138,0.3576022243886362,0.03691368680855051,0.26935197694954083,0.47094827839950637,0.35760222438863626,2.796403187115571,0.9999844129420811,0.9998444391603438,1.0,0.7660258457346022,0.6233633518554001,0.5105277724553448,0.4193225607289604,0.34457431180941434,0.28185476144855337,0.2318877605330949,0.18762640778352602,1.0,0.6435701535261806,0.4453210536118507,0.3115101007098669,0.21812411576905014,0.1527643269365923,0.10698213699145386,0.07489629115441329,0.05235673097149094,1.0,0.5653488322582019,0.34086989844797855,0.2131953758702178,0.13229439441357432,0.08324285197249366,0.05296885312213919,0.03316940239722382,0.020352983755934514,1.0,0.7003896020949096,0.5267079687466735,0.4013966064167252,0.3078921036384152,0.23669923995656894,0.18060079623597539,0.13812778097123757,0.10474548125439101
Wolfgang Amadeus Mozart,mozart,mozart_k421,String Quartet K. 421,K. 421,Classical,2,mozart_string_quartet_421_2_(nc)mutopia.mid,cello,intervals,257,256,1,8,200,0.3776068298866378,2.6482571840668565,-0.3776068298866378,-0.19143178445608403,0.8257759539410607,0.9945486144525066,0.06405601740330481,0.40944088713658644,0.039554793057806535,0.3216680933915912,0.5287760161598605,0.40944088713658666,2.4423550051228933,0.9999826222952426,0.9998094602577245,1.0,0.627931079155331,0.3910156756056484,0.2555382821609017,0.16712009327633112,0.11811763181759295,0.08252364295893251,0.06007902578054152,0.043949993522477006,1.0,0.6042305579159457,0.3958520554903947,0.2630548884952126,0.17518797733545327,0.11651220536577325,0.07746346008916453,0.051455010591151214,0.034132999512279424,1.0,0.5290840782484778,0.30881590879647625,0.18354061406917996,0.10921103769918383,0.0657144707863713,0.03870319989635963,0.02241222956341495,0.013214146910221531,1.0,0.6660836895970981,0.47185516258582716,0.3405233838580127,0.2464697499676124,0.17819665759813447,0.12883793237465993,0.09434512242518461,0.06811115429459774
Wolfgang Amadeus Mozart,mozart,mozart_k421,String Quartet K. 421,K. 421,Classical,3,mozart_string_quartet_421_3_(nc)mutopia.mid,vln I,intervals,240,239,1,8,200,0.1314746359923391,7.606029805309893,-0.1314746359923391,-0.06883030671221778,0.9334850727898292,0.998045054671911,0.013332569721762255,0.36381720525541533,0.035190777079524,0.26924410969748597,0.4520958282359971,0.3638172052554153,2.748633065052427,0.9999855734281138,0.9996795368133027,1.0,0.8409464099119272,0.7127929541722645,0.6194581280788177,0.5436259143155695,0.48115390356769666,0.4246156142707867,0.3727795193312435,0.3300119420809076,1.0,0.6291894562162316,0.4324594684689662,0.3009367258434011,0.20969474698399704,0.14597140935369066,0.10152879567621353,0.0705501565717864,0.0489676562423849,1.0,0.5694133452754142,0.3550156739811912,0.23014629049111807,0.14979847738468427,0.09758919241677862,0.06135244066278549,0.03944618599791014,0.025190326914464847,1.0,0.7022316763696074,0.5297432452604867,0.39901477832512317,0.3051201671891327,0.2344006568144499,0.18025078369905956,0.1382295865054486,0.10576205403791611
Wolfgang Amadeus Mozart,mozart,mozart_k421,String Quartet K. 421,K. 421,Classical,3,mozart_string_quartet_421_3_(nc)mutopia.mid,vln II,intervals,142,141,1,8,200,0.34212513964760316,2.92290710068843,-0.34212513964760316,0.07721829593975649,1.0802778709282015,0.9989185294316545,0.02579330284013529,0.44363835736105345,0.04557956295783568,0.35795181798695486,0.5907219666275163,0.44363835736105345,2.2540882306670196,0.9999791348152237,0.9995705092073112,1.0,0.7396476265290091,0.5442711255751319,0.39703736954326113,0.28649983166872406,0.19874312647289866,0.13432835820895522,0.09684659409718326,0.07013803164627988,1.0,0.5869411617839911,0.37095768522875294,0.2382870124054722,0.15295736019371556,0.09837898071478572,0.06326265730946458,0.04066706101755957,0.026094499323150264,1.0,0.5106048703849175,0.2859387274155538,0.15924138704971383,0.08932779710470205,0.04971383683088318,0.02760632925597576,0.015486477387498598,0.008304342946919537,1.0,0.6630007855459544,0.46403321737178765,0.32645045449444504,0.22567613062507014,0.1563236449332286,0.10851756256312423,0.0744024239703737,0.05263157894736842
Wolfgang Amadeus Mozart,mozart,mozart_k421,String Quartet K. 421,K. 421,Classical,3,mozart_string_quartet_421_3_(nc)mutopia.mid,viola,intervals,167,166,1,8,200,0.298058158822149,3.3550499135864924,-0.298058158822149,0.03300633224817414,1.033557083960542,0.9990482299723288,0.021079167305543944,0.4213413619879523,0.04629651674950139,0.311839366528237,0.5440687556574538,0.4213413619879522,2.373372496072659,0.9999836964045027,0.9996141205498916,1.0,0.7450839901281745,0.5662765703367566,0.4280710134543428,0.320117825013932,0.23676458880662368,0.17665790940211767,0.12833373139081283,0.09179205477270917,1.0,0.5896374782805419,0.3821403663561262,0.25106429165890654,0.1654942410471902,0.10888952190508473,0.07146656269304659,0.0468247473119084,0.030607879382197244,1.0,0.509115516280551,0.27760528620332775,0.15978027227131597,0.09274739272350928,0.054135817212005416,0.03279993631080328,0.019345593503701936,0.01090677493830109,1.0,0.660297746994666,0.47145927871984716,0.340020698988934,0.2523684420030252,0.18947536024201894,0.140116232784014,0.10214154923971021,0.07109306583870711
Wolfgang Amadeus Mozart,mozart,mozart_k421,String Quartet K. 421,K. 421,Classical,3,mozart_string_quartet_421_3_(nc)mutopia.mid,cello,intervals,114,113,1,8,200,0.3678157032874803,2.71875287287126,-0.3678157032874803,-0.20660446573692626,0.8133412907214653,0.9973313492514272,0.043594936912819446,0.5347906641842208,0.052215789352346186,0.40107449086082647,0.6963269104772888,0.534790664184221,1.8698905328226276,0.9999629958775055,0.9992175648882398,1.0,0.6057502246181491,0.39335130278526503,0.25696316262353996,0.1775381850853549,0.12452830188679245,0.08912848158131177,0.06199460916442048,0.04546271338724169,1.0,0.5265149170255036,0.30142459302916275,0.17639857258927916,0.10387272406911732,0.06121627768260743,0.035997944028532354,0.021056272814819824,0.012260632395311085,1.0,0.4573225516621743,0.2316262353998203,0.12129380053908356,0.06091644204851752,0.031626235399820304,0.015633423180592992,0.007367475292003594,0.0034141958670260556,1.0,0.601078167115903,0.3852650494159928,0.2521114106019766,0.16406109613656783,0.1119496855345912,0.0747529200359389,0.04995507637017071,0.03252470799640611
Wolfgang Amadeus Mozart,mozart,mozart_k421,String Quartet K. 421,K. 421,Classical,4,mozart_string_quartet_421_4_(nc)mutopia.mid,vln I,intervals,833,832,1,8,200,0.13060478213309326,7.656687478571393,-0.13060478213309326,0.01336681821786668,1.01345655351186,0.9997555872717976,0.004679007272165561,0.30345546180219296,0.02441213962972769,0.23451345936443765,0.36299795649201333,0.30345546180219307,3.2953765078443316,0.9999839186130806,0.9999385876909019,1.0,0.8825036775522213,0.7805736981465137,0.6868990879670491,0.6052309502794939,0.5292791997646367,0.46293027360988526,0.40667843483377464,0.3540717858193586,1.0,0.6842501545293248,0.5005968619906018,0.36956194368392176,0.27315995224329526,0.20191917161396453,0.1492631636785466,0.11025290758733486,0.08139433415824049,1.0,0.6410444248308326,0.4474345395704619,0.3131803471609297,0.21914680788467197,0.15407178581935863,0.10701382759635186,0.07396293027360988,0.051079729332156515,1.0,0.7346513680494263,0.5688526037069727,0.44518976169461605,0.35058252427184466,0.2783259782288908,0.22128567225654605,0.17694616063548102,0.14132391879964695
Wolfgang Amadeus Mozart,mozart,mozart_k421,String Quartet K. 421,K. 421,Classical,4,mozart_string_quartet_421_4_(nc)mutopia.mid,vln II,intervals,802,801,1,8,200,0.1735582720841908,5.761753605814382,-0.1735582720841908,-0.03871207339842564,0.9620276626288371,0.9988478987009467,0.013505809585089824,0.28406759438602763,0.026841543364146028,0.21341446259054475,0.35268469492293575,0.28406759438602747,3.5202889022289243,0.9999895836206679,0.9999472773626447,1.0,0.8222100812842854,0.6826514114369753,0.5692377573287678,0.4753272494528637,0.39748619056543244,0.33444719380219234,0.2861435545913392,0.24563164464886394,1.0,0.7026512445778996,0.5252360104027524,0.3953739861515507,0.2979331751713342,0.22445769122721382,0.16907577204869553,0.12731678744226876,0.09585465019601953,1.0,0.6421109138208696,0.4439888063375696,0.3099157934191175,0.21815889029003782,0.15294405392270527,0.10831234256926953,0.07646249773680917,0.054068820059652946,1.0,0.7650760273298159,0.614971682321065,0.49711423316741893,0.4014757592409655,0.3243906855006496,0.2624316675190029,0.21250488372757853,0.1711004030861982
Wolfgang Amadeus Mozart,mozart,mozart_k421,String Quartet K. 421,K. 421,Classical,4,mozart_string_quartet_421_4_(nc)mutopia.mid,viola,intervals,553,552,1,8,200,0.1840902328974813,5.4321187184161674,-0.1840902328974813,-0.031535771793942416,0.9689562945288767,0.9998151404608905,0.005735502551171876,0.3526858426746217,0.03131544095875746,0.2841777522357702,0.4453804309499648,0.3526858426746216,2.8353845802724007,0.9999816580478796,0.9999215040282137,1.0,0.8131813275769023,0.6717350242849434,0.5538923367512143,0.4617444684295737,0.3848623853211009,0.31929978413383703,0.26743793847814357,0.2240353480841878,1.0,0.6495614469850778,0.45178067252408177,0.31729724436776596,0.22321669139930805,0.15707819198931777,0.11052453081242715,0.07777777116547015,0.05475734722667083,1.0,0.5802819751753913,0.36803157042633566,0.23834322719913653,0.15346735024284944,0.0992107393416082,0.06341068537506746,0.04013086886130599,0.025404749055585537,1.0,0.7047085806799784,0.5310644900161899,0.401828116567728,0.3016527253103076,0.2275364274150027,0.17093901780895845,0.12847409606044252,0.09634376686454399
Wolfgang Amadeus Mozart,mozart,mozart_k421,String Quartet K. 421,K. 421,Classical,4,mozart_string_quartet_421_4_(nc)mutopia.mid,cello,intervals,464,463,1,8,200,0.2896312991253445,3.4526655199900453,-0.2896312991253445,-0.07620326071267282,0.9266278403810906,0.9994564774157242,0.015475760417404777,0.36462694135605817,0.03100113872368735,0.2931395432357905,0.44655355671226915,0.36462694135605805,2.742529107369223,0.999980947599078,0.9999141824015112,1.0,0.7072778099093888,0.523520339309813,0.38599383073067284,0.2845189897821477,0.21260844418739155,0.16288798920377867,0.12325043377674956,0.092789666473877,1.0,0.638436586111314,0.43817922319464125,0.30429211212696466,0.2116297512236468,0.14715593960940085,0.1023216993390594,0.0711511285662937,0.04944867678494359,1.0,0.5727684596105649,0.3605937921727395,0.22862926547137075,0.1463851937536148,0.09400424137266243,0.06053595527279738,0.038750722961249276,0.024975901291690767,1.0,0.6941199151725468,0.5126373626373626,0.3807113938692886,0.28259109311740893,0.20844418739155582,0.15486793907846538,0.11447850395218816,0.08584923848081742
Wolfgang Amadeus Mozart,mozart,mozart_k428,String Quartet K. 428,K. 428,Classical,1,mozart_string_quartet_428_1_(nc)mutopia.mid,vln I,intervals,713,712,1,8,200,0.12181025876859124,8.209489168722214,-0.12181025876859124,-0.012065009007724737,0.9880074813881513,0.9996849609932374,0.004954662798981487,0.33585539304824585,0.026459765538046565,0.2528357622136486,0.4207004897119915,0.33585539304824596,2.9774719140994974,0.9999846769344433,0.9999410165982926,1.0,0.8765352998065764,0.7755520631850419,0.6878264023210832,0.6067174403610573,0.5321969696969697,0.47299323017408124,0.4219294003868472,0.37550370728562216,1.0,0.6617742554902574,0.4684201727639847,0.33471133344252524,0.2395752068218006,0.17147711471858781,0.12265867482706619,0.08773744524398001,0.06274640974895081,1.0,0.5977111540941328,0.3875765635074146,0.2557704706640877,0.16891924564796906,0.11107753062540296,0.0726950354609929,0.04755802707930368,0.031258059316569956,1.0,0.7232994842037396,0.5535219213410703,0.4282317859445519,0.33295454545454545,0.2582285622179239,0.20071727917472598,0.15653207607994843,0.12265876853642811
Wolfgang Amadeus Mozart,mozart,mozart_k428,String Quartet K. 428,K. 428,Classical,1,mozart_string_quartet_428_1_(nc)mutopia.mid,vln II,intervals,625,624,1,8,200,0.10183671055939987,9.819641605732292,-0.10183671055939987,-0.03173343077999491,0.9687647905370368,0.996050767640598,0.014692632656997894,0.3348679165484225,0.03061706792996337,0.2692053190157222,0.4314810308803897,0.3348679165484225,2.9862520432153676,0.9999888000520822,0.9999409440118131,1.0,0.8904575975078406,0.7936443621208613,0.7125281525605675,0.6361478877686333,0.5696394367383022,0.5192384600812477,0.47666231661369424,0.4393325475173125,1.0,0.6629753606166431,0.4701794326203136,0.3365447312852876,0.24109774684712085,0.17266929787950894,0.12363297935985072,0.08847155140909743,0.06332980034697236,1.0,0.5829000820897093,0.3763865793849586,0.24405375823528175,0.15848576059272979,0.10298048790755436,0.06729777515839104,0.04374960533793597,0.028252541623692354,1.0,0.7188743185501695,0.5395030415289734,0.4104485465911722,0.31203561430465804,0.2387179271295965,0.18292849775831949,0.13985244900966132,0.10752173272432591
Wolfgang Amadeus Mozart,mozart,mozart_k428,String Quartet K. 428,K. 428,Classical,1,mozart_string_quartet_428_1_(nc)mutopia.mid,viola,intervals,604,603,1,8,200,0.09492891879511306,10.534197720700048,-0.09492891879511306,-0.033501904091058916,0.967053069872546,0.9972748462736112,0.01137015163336055,0.3304142092086027,0.03391987369666473,0.2409581431222892,0.4434513618822048,0.3304142092086025,3.02650422448589,0.9999866880379767,0.9999310193613392,1.0,0.8900626022220969,0.8036715357283853,0.7268117985449213,0.6552647904799503,0.5913936044216345,0.5411539112289211,0.498962269471547,0.4611302239016412,1.0,0.6669955654869,0.4750753420185925,0.34139478232079046,0.24558878602765136,0.1766929637487689,0.12707659877670313,0.09140524284044436,0.06573608854351708,1.0,0.5925159325475157,0.37508882747729966,0.24122722914669223,0.15606000789577576,0.10077829789633974,0.06461000507585585,0.04119339010772094,0.026253454401894985,1.0,0.7410354745925216,0.5776775139586036,0.45274378207658905,0.35537758727652136,0.27989397101122326,0.22042186001917546,0.17372962607861936,0.136642039366082
Wolfgang Amadeus Mozart,mozart,mozart_k428,String Quartet K. 428,K. 428,Classical,1,mozart_string_quartet_428_1_(nc)mutopia.mid,cello,intervals,640,639,1,8,200,0.1327622875990438,7.532259484862947,-0.1327622875990438,-0.15007364702862278,0.8606445901742154,0.9888042439290758,0.03236875024862954,0.3298902601535545,0.028792130765198914,0.25091464111494644,0.42423763397508735,0.3298902601535543,3.0313110776126857,0.9999871007414064,0.9999429181235014,1.0,0.793696964833798,0.6627063732472066,0.5667566049469398,0.4861130614455656,0.4272803867680395,0.38203875704627976,0.34356255892796245,0.3111496720094686,1.0,0.6660696432246531,0.47457150953891275,0.34131559579377163,0.24572521532492267,0.17689889111513252,0.12730657647631144,0.0915731354751162,0.06585900638090457,1.0,0.5964914040402014,0.38611105538726953,0.25588778109891874,0.16909566892013883,0.1110754478525146,0.07335152159521756,0.0479748841501334,0.03132961543862465,1.0,0.727968464763586,0.5619872013480712,0.4346175449858573,0.33585427992537464,0.2610684266484784,0.20374029569299285,0.16017873979417843,0.1260306124495978
Wolfgang Amadeus Mozart,mozart,mozart_k428,String Quartet K. 428,K. 428,Classical,2,mozart_string_quartet_428_2_(nc)mutopia.mid,vln I,intervals,399,398,1,8,200,0.2050611484596331,4.876594164773504,-0.2050611484596331,-0.09269771464030342,0.9114689823861344,0.9981695822151354,0.020120371020252773,0.38792923767041915,0.026264215478066916,0.32054168592313637,0.48226654938802127,0.3879292376704191,2.577789717540162,0.9999735145662131,0.999891402352329,1.0,0.7631582398845826,0.6089579644566857,0.4877696898157256,0.3925109843268411,0.32032264410781036,0.26101383697291625,0.21857170962030298,0.18229392091284674,1.0,0.6207384120694657,0.41526702096461254,0.2815391223038603,0.19124796017096518,0.13003696037667467,0.08838394043714146,0.06005845779928264,0.040794463280268554,1.0,0.5633549740966621,0.3401403370712834,0.2092989704242901,0.1290182962817234,0.07959866220735785,0.04893435635123615,0.030559380943012658,0.019293068397927732,1.0,0.6690799396681749,0.4789953439569808,0.3455570857105384,0.24784576037772968,0.1796970293133976,0.13063151682077515,0.09455046232539839,0.06845039018952062
Wolfgang Amadeus Mozart,mozart,mozart_k428,String Quartet K. 428,K. 428,Classical,2,mozart_string_quartet_428_2_(nc)mutopia.mid,vln II,intervals,331,330,1,8,200,0.1882684688102036,5.311563887036845,-0.1882684688102036,-0.07420024625477015,0.9284857494306417,0.9981960674227244,0.01833831657556769,0.37686353440763837,0.03617521098377442,0.28239275831539923,0.48491165143553094,0.3768635344076384,2.653480394625656,0.9999758018329947,0.9998714699950355,1.0,0.7952041228390669,0.6377708978328174,0.5146241562986751,0.428052227756091,0.35788319904620886,0.29952118147029977,0.2515816395207969,0.2087956464050151,1.0,0.6297088725385154,0.4263911316229229,0.29243148206833697,0.2008181690800197,0.1379411668789507,0.09475137578589654,0.0651314902729497,0.044774718513059815,1.0,0.5558717766282715,0.3383074053419995,0.21133396150222103,0.13076168682576006,0.08211064746264639,0.0513047324192835,0.03165202007576486,0.01876814799146203,1.0,0.7014979905005481,0.5326423475568717,0.40357287079591564,0.30494394554160337,0.22827529181008788,0.17160548429898276,0.1292040843797473,0.0979174278407015
Wolfgang Amadeus Mozart,mozart,mozart_k428,String Quartet K. 428,K. 428,Classical,2,mozart_string_quartet_428_2_(nc)mutopia.mid,viola,intervals,272,271,1,8,200,0.23115339348124,4.326131600058721,-0.23115339348124,-0.030705269246264506,0.9697613494538817,0.9997547511703077,0.00829538713326889,0.43818952266227335,0.03998674412948587,0.3444494250411698,0.5381745883497264,0.43818952266227346,2.282117550242596,0.9999740121065489,0.9998447623640528,1.0,0.7785459154280447,0.6142124668740638,0.47986519184237814,0.37959442332065907,0.30458578177209356,0.24135845143449705,0.19308100011522064,0.15387717478972232,1.0,0.5902124845357496,0.3747016803852006,0.24157229840587183,0.15618233619880897,0.10109213879128642,0.06535611972706475,0.042174287918534364,0.027244651447866745,1.0,0.5276241502477244,0.30928102315935013,0.18524599608249798,0.10776011061182164,0.06244959096670123,0.03666897107961747,0.0208837423666321,0.012386219610554212,1.0,0.6365076621730614,0.43804009678534395,0.3070630256942044,0.21842954257402927,0.15649844452125822,0.11098628874294274,0.07883972807927181,0.05611245535199908
Wolfgang Amadeus Mozart,mozart,mozart_k428,String Quartet K. 428,K. 428,Classical,2,mozart_string_quartet_428_2_(nc)mutopia.mid,cello,intervals,344,343,1,8,200,0.4363735592872808,2.2916145552752503,-0.4363735592872808,-0.12975001712365086,0.8783149671811016,0.9981785273811832,0.042711546008539825,0.4162609650905668,0.03500701229170144,0.31949080502015775,0.51257030214668,0.4162609650905667,2.4023391186402216,0.9999776952693219,0.9998789373719776,1.0,0.6099857853589197,0.369456289978678,0.22535536602700781,0.14832977967306327,0.09534470504619759,0.06217128642501777,0.04227078891257996,0.028233830845771146,1.0,0.6014456122654763,0.3909474688134657,0.2577685368982241,0.17033420190133755,0.11257816866326788,0.0743297051035755,0.04910315717736403,0.032401577326049924,1.0,0.53590973702914,0.3157960199004975,0.18740227434257284,0.11357498223169865,0.06851457000710733,0.04129353233830846,0.02444918265813788,0.014800995024875621,1.0,0.659683724235963,0.47592395167022034,0.3448294243070362,0.2525586353944563,0.1855721393034826,0.13479033404406537,0.09744136460554371,0.06904761904761905
Wolfgang Amadeus Mozart,mozart,mozart_k428,String Quartet K. 428,K. 428,Classical,3,mozart_string_quartet_428_3_(nc)mutopia.mid,vln I,intervals,424,423,1,8,200,0.18725986695988556,5.340172543293636,-0.18725986695988556,-0.07971105608299435,0.9233831137781642,0.9998473838971952,0.005300998538875055,0.40175370188972076,0.03459041623168174,0.3037422405888781,0.4856136008342065,0.40175370188972087,2.4890872076506576,0.999977831972748,0.9999066250188767,1.0,0.7625347544022243,0.6340361445783133,0.5290083410565338,0.43993280815569974,0.3627316960148285,0.29712696941612604,0.24849397590361447,0.20713623725671917,1.0,0.6135720587190892,0.4047432586175595,0.2708173742738134,0.18164687367099244,0.12183400086849097,0.08162560478596832,0.05464610676872039,0.03658233350721476,1.0,0.560901297497683,0.3382298424467099,0.2065917516218721,0.1267377201112141,0.07830166821130677,0.048621408711770155,0.030189990732159406,0.01859360518999073,1.0,0.681614921223355,0.49908480074142725,0.36779425393883225,0.27322752548656165,0.2028498609823911,0.14952502316960148,0.10998609823911029,0.08049119555143651
Wolfgang Amadeus Mozart,mozart,mozart_k428,String Quartet K. 428,K. 428,Classical,3,mozart_string_quartet_428_3_(nc)mutopia.mid,vln II,intervals,312,311,1,8,200,0.20589695757351725,4.856798331480646,-0.20589695757351725,-0.030823878268764326,0.9696463338292451,0.9999883203687447,0.0016123030779115846,0.3837023715121346,0.03702918706496652,0.28411011576152234,0.4912251450561551,0.3837023715121348,2.606186654669593,0.9999793310492716,0.9998641840655002,1.0,0.7873458398471426,0.6426741358346361,0.5237536911585895,0.42528660760812925,0.3467734931387876,0.28256904637832203,0.2291123849227028,0.18646864686468648,1.0,0.6259604751245524,0.4210712009524691,0.2868393318075094,0.19577239357114926,0.1335632095451879,0.09112279524104842,0.062153517764129126,0.04241494021536786,1.0,0.5516762202536043,0.33559145388223033,0.20349140177175612,0.1251737015806844,0.07749261768282091,0.04789821087371895,0.028943025881535522,0.01765242313705055,1.0,0.693069306930693,0.5184992183428869,0.389699496265416,0.29184036824735105,0.21827774882751433,0.16492965085982284,0.12513027618551328,0.09531874240055585
Wolfgang Amadeus Mozart,mozart,mozart_k428,String Quartet K. 428,K. 428,Classical,3,mozart_string_quartet_428_3_(nc)mutopia.mid,viola,intervals,352,351,1,8,200,0.2848065216745962,3.5111555526194844,-0.2848065216745962,-0.03467122440613864,0.9659229359452342,0.9998582389303544,0.0077703191597829945,0.38735124938123405,0.0344889033273852,0.31091731894072744,0.4619240008851497,0.3873512493812339,2.581636180591721,0.9999748326397543,0.9998736429144404,1.0,0.7306597057427622,0.5467658824327073,0.4116719777612041,0.30932605600379687,0.23052410332903925,0.17248627025561056,0.13168689402671369,0.10027798494813207,1.0,0.6225045993038776,0.41683728425908645,0.28282714700775535,0.1923021913694708,0.13072195656762653,0.08885091414710865,0.060412640475595435,0.04112235799578435,1.0,0.5639026374669469,0.3496508237846634,0.21840463760254933,0.13726354329107057,0.08692114719642009,0.05558003932469998,0.035205776662824595,0.022696453996881145,1.0,0.6756390263746694,0.4921011594006373,0.35454946098040546,0.25852600176283136,0.18748728727371347,0.13646687911044816,0.09948132076750967,0.0733439555224083
Wolfgang Amadeus Mozart,mozart,mozart_k428,String Quartet K. 428,K. 428,Classical,3,mozart_string_quartet_428_3_(nc)mutopia.mid,cello,intervals,125,124,1,8,200,0.666529967099181,1.500307637107632,-0.666529967099181,-0.07855284599528556,0.9244532049909578,0.997743546906128,0.07262782240557876,0.5282094466260066,0.046732812936812335,0.4174756574100686,0.6576964706120786,0.5282094466260068,1.8931884054471286,0.9999760221531403,0.9993668116291053,1.0,0.49322133804892426,0.25552608311229,0.12746831712348955,0.06159740642499263,0.030209254347185382,0.015030946065428824,0.008989095195991748,0.0050103153551429415,1.0,0.5334280041420943,0.3089285989164683,0.1823760090870267,0.10800504919111538,0.06397041603909139,0.03783211591025163,0.022292236120286704,0.013033252086798232,1.0,0.4590333038608901,0.24241084585912173,0.13262599469496023,0.07279693486590039,0.03919834954317713,0.019451812555260833,0.009725906277630416,0.0050103153551429415,1.0,0.6013852048334807,0.3906572354848217,0.2595048629531388,0.17152961980548187,0.11229000884173299,0.07043913940465664,0.04494547597995874,0.02961980548187445
Wolfgang Amadeus Mozart,mozart,mozart_k428,String Quartet K. 428,K. 428,Classical,4,mozart_string_quartet_428_4_(nc)mutopia.mid,vln I,intervals,1192,1191,1,8,200,0.08005013144154298,12.492171867703368,-0.08005013144154298,-0.017285624963646513,0.9828629143551357,0.999380652455698,0.004566079222486853,0.30760090995508876,0.021354279529067894,0.24523266504427788,0.35271497531845547,0.30760090995508876,3.2509656754461647,0.9999868451818569,0.99996139082339,1.0,0.9134629663475817,0.8385946174407712,0.770474457974458,0.710343320920244,0.6548399625322702,0.6062075917845149,0.5624100431792739,0.5213297617143771,1.0,0.6847381366624711,0.4993904170359357,0.3670966682673672,0.27013314151125983,0.19878605217223283,0.1462716479878919,0.10763107596939984,0.07921701506193322,1.0,0.636975680244911,0.44433100683100685,0.31440908363985287,0.2229229969614585,0.1568361472207626,0.10984727330881178,0.07743426012656782,0.054686607571222956,1.0,0.7403260720568413,0.5735275639121793,0.4485661168353476,0.351254255100409,0.274848072924996,0.21492397934705626,0.16796794681410065,0.13186955975417514
Wolfgang Amadeus Mozart,mozart,mozart_k428,String Quartet K. 428,K. 428,Classical,4,mozart_string_quartet_428_4_(nc)mutopia.mid,vln II,intervals,802,801,1,8,200,0.13632273563567837,7.335533543520529,-0.13632273563567837,-0.00423743599486358,0.9957715292693269,0.9999585273040348,0.002011583590420216,0.31616313661907336,0.02993034724076648,0.2504876698489257,0.3928086423554915,0.31616313661907347,3.162924086260068,0.9999849572161075,0.9999495809229605,1.0,0.8703771349433488,0.7557755041753885,0.6608548984978766,0.577683826682464,0.5040038625123483,0.440596402400094,0.38400233783642135,0.3335959164096423,1.0,0.6779139905958468,0.48972790832065394,0.35699190659290897,0.2604790288408307,0.1900560794563054,0.13867300296683346,0.10119365350708183,0.07382092414752296,1.0,0.6206542765571547,0.4160650020170192,0.28268444608205934,0.19223622312361627,0.13093472163546904,0.08833591151797371,0.0588493143722941,0.03916193646548356,1.0,0.7341346352371665,0.5683102461398699,0.4420003748161654,0.3439668891211196,0.26821273040870847,0.20937612166913896,0.1628131541415598,0.12665927622363185
Wolfgang Amadeus Mozart,mozart,mozart_k428,String Quartet K. 428,K. 428,Classical,4,mozart_string_quartet_428_4_(nc)mutopia.mid,viola,intervals,810,809,1,8,200,0.16752485766402525,5.969263391379934,-0.16752485766402525,0.0024691034487070948,1.00247215419498,0.9999004991598173,0.003829075156451339,0.3169211971997054,0.02406514712806042,0.24357821764627088,0.38243784196728586,0.3169211971997054,3.1553585207803496,0.9999853620773709,0.9999421946530986,1.0,0.8469587579117126,0.7148576747893064,0.6052316150945981,0.5145407392878603,0.43602292645415175,0.3679938729954141,0.310989069149847,0.2605409074068885,1.0,0.6763833599570807,0.48833121671660884,0.35564439181899654,0.25929694833683314,0.18908764359833352,0.137891222996675,0.10053677039121194,0.0732427330359117,1.0,0.6210690502208898,0.42070230167402967,0.2868141755473987,0.1959894271811109,0.13383831308121705,0.09108315353937255,0.06229432660545889,0.042633740243648056,1.0,0.7382947126565609,0.5698550129046921,0.44410197975722365,0.3470101276147957,0.27125071217088365,0.2129756756672613,0.1674372122129134,0.13115463525954155
Wolfgang Amadeus Mozart,mozart,mozart_k428,String Quartet K. 428,K. 428,Classical,4,mozart_string_quartet_428_4_(nc)mutopia.mid,cello,intervals,805,804,1,8,200,0.18292676510028774,5.466668584292518,-0.18292676510028774,-0.03403876927376539,0.966534032088626,0.9996344823554636,0.008014758945040107,0.3466249461599172,0.03325286310810808,0.2830670042673851,0.42423642590254995,0.346624946159917,2.884962582983411,0.9999833149321402,0.9999451195252766,1.0,0.8168067438825243,0.6700472248318128,0.5509763371436858,0.46092444657415055,0.38695043599427503,0.3232442009293645,0.26859517159196233,0.2251533703649994,1.0,0.6535337920584808,0.45723871309542946,0.3233355509056404,0.2288960542983928,0.16206136737984003,0.11474348848926194,0.08119842774832739,0.05743912905902852,1.0,0.5914642219882348,0.3758188684955518,0.24389828691764973,0.15891250480760136,0.1038599522077136,0.0682900071247076,0.04529548621400604,0.030248482058977448,1.0,0.708744475199082,0.5299080093062553,0.39901199851200797,0.2994142607642983,0.22631034721915727,0.17089525418813012,0.1279862297686677,0.0963065011380617
Wolfgang Amadeus Mozart,mozart,mozart_k458,String Quartet K. 458,K. 458,Classical,1,mozart_string_quartet_458_1_(nc)mutopia.mid,vln I,intervals,1186,1185,1,8,200,0.13311751370560185,7.512159536058989,-0.13311751370560185,-0.00028550729960068454,0.9997145334537298,0.9998180845176726,0.004114235871070698,0.2809424564062198,0.02646227870563144,0.21933479164003333,0.35049322126591026,0.2809424564062197,3.559447770165725,0.9999898833481351,0.9999578106249005,1.0,0.8717481208159215,0.7632942086078243,0.6714821284581531,0.5902116543311028,0.5162054834238006,0.4513893196278992,0.39322440725103247,0.3424752579505606,1.0,0.7062438420832857,0.5296808601024963,0.4000482387377164,0.3023185439138753,0.228397776575857,0.1725546298063699,0.13039180187479146,0.0985256487198395,1.0,0.648026045325444,0.4566226182937542,0.32430728752706445,0.23096185663819702,0.16434259931078554,0.11532441980056343,0.08076416546340225,0.0568061010915207,1.0,0.757768087552452,0.6036584046516928,0.4830444296670912,0.38832287779497526,0.3131338775310024,0.25181860013588114,0.20234604105571846,0.16199569277017192
Wolfgang Amadeus Mozart,mozart,mozart_k458,String Quartet K. 458,K. 458,Classical,1,mozart_string_quartet_458_1_(nc)mutopia.mid,vln II,intervals,1088,1087,1,8,200,0.1193732474722873,8.377086333620536,-0.1193732474722873,0.005756618269047315,1.005773219436235,0.9998843515204894,0.0029415872757216533,0.29290792915927233,0.02623144297252817,0.23001118906166798,0.3638986158595098,0.2929079291592724,3.414042094627754,0.9999881137305431,0.9999586650700134,1.0,0.8895170425290907,0.7900696804311262,0.7052208835341366,0.6261747846085195,0.5550852984587924,0.4920365221570041,0.436137713246147,0.3853242027940823,1.0,0.6966810596465821,0.5160115135744515,0.38492558071819605,0.28739464970538725,0.21465358410149782,0.16027098336573242,0.11966730934692194,0.08934425811756092,1.0,0.6368636940926098,0.43734596505680845,0.30322829780661104,0.20972093502213984,0.14603714001304363,0.10186729825284042,0.07114269041979886,0.049706518381217174,1.0,0.7527443105756358,0.5928740603439399,0.46861977825833245,0.37063295918717604,0.29358116225586106,0.23274637009576768,0.18619778258332476,0.14927573542031372
Wolfgang Amadeus Mozart,mozart,mozart_k458,String Quartet K. 458,K. 458,Classical,1,mozart_string_quartet_458_1_(nc)mutopia.mid,viola,intervals,957,956,1,8,200,0.14873799698431003,6.7232315902807755,-0.14873799698431003,0.000963531270262907,1.0009639956156424,0.9999768116579281,0.001641124257751964,0.3091866917091062,0.025118813375051428,0.2365029338301808,0.38895651902923406,0.3091866917091062,3.234291859304331,0.9999886847021598,0.9999538285644897,1.0,0.8621800429499407,0.7421425173289228,0.6424217364047432,0.5531227630239248,0.4745768363767323,0.41003854823865227,0.3536545241937994,0.3044043696896133,1.0,0.6835982354873674,0.4978316384794249,0.365533121560888,0.26857514662642856,0.19733906778899943,0.14497415977230774,0.1064619525561987,0.07820006491014093,1.0,0.6195684553582941,0.41267734635170045,0.27723830992428183,0.1866432798459849,0.12655337841743253,0.08602437386900713,0.058980583603437775,0.040780212793391224,1.0,0.7420602633018101,0.578352518529387,0.4551671090599476,0.3586586813567913,0.2837697242933934,0.22504479509854922,0.1783823078256926,0.14073886347165349
Wolfgang Amadeus Mozart,mozart,mozart_k458,String Quartet K. 458,K. 458,Classical,1,mozart_string_quartet_458_1_(nc)mutopia.mid,cello,intervals,710,709,1,8,200,0.1944830710394688,5.141835711742016,-0.1944830710394688,-0.04686144400331389,0.9542196012792654,0.9992409037720997,0.012282160557340048,0.31350579697827136,0.025512266393691724,0.24463356718091292,0.37625256304728394,0.31350579697827113,3.1897336816049666,0.9999841642714287,0.9999199669900204,1.0,0.7972656075366489,0.6494832372150489,0.5310768905633385,0.4335564578075277,0.35418266944657817,0.2940487947620615,0.24555478335792172,0.2052826446549699,1.0,0.6777493271047061,0.4908854662693903,0.35873423999239407,0.2624751412437515,0.19203148834670514,0.14045513856440106,0.10276939239983122,0.07520098122845593,1.0,0.6348846377377048,0.43369464054200146,0.2988486126859879,0.2055590101239174,0.14099515954009534,0.09668727215089555,0.06618546561485221,0.04554340360331801,1.0,0.7354897968307383,0.5710035724301059,0.4462367557945304,0.34867161685991926,0.27224437210171876,0.2135004531580851,0.16787576559331197,0.13283018561192597
Wolfgang Amadeus Mozart,mozart,mozart_k458,String Quartet K. 458,K. 458,Classical,2,mozart_string_quartet_458_2_(nc)mutopia.mid,vln I,intervals,202,201,1,8,200,0.194586881509869,5.139092585484918,-0.194586881509869,-0.055988819274196584,0.9455497077633116,0.9970521558840564,0.02424300931116984,0.42499922285250846,0.0418888986076786,0.3158993593146577,0.5108489622387056,0.42499922285250846,2.352945479025122,0.9999811399343013,0.9997635622805542,1.0,0.7594679771379734,0.6318038566315902,0.5300464718765023,0.4444741199722237,0.36835639121841784,0.3012659580150633,0.24197425351209872,0.19096202125954811,1.0,0.5946760600881176,0.38325198236907076,0.2508633853677835,0.16419070868632055,0.10759251671140858,0.07036092293208657,0.046108479596978245,0.030140769400532057,1.0,0.5416377330270818,0.3246621441162331,0.19667752790983387,0.11954489610597724,0.07216494845360824,0.04305325570215266,0.025799903851289996,0.015063297900753165,1.0,0.6732546338336627,0.47123551092356175,0.3391378665669569,0.24448480316222423,0.17856952085892847,0.13215106030660756,0.09775118850488757,0.07307301960365366
Wolfgang Amadeus Mozart,mozart,mozart_k458,String Quartet K. 458,K. 458,Classical,2,mozart_string_quartet_458_2_(nc)mutopia.mid,vln II,intervals,230,229,1,8,200,0.2479307103347998,4.033384967314552,-0.2479307103347998,-0.20948565822735754,0.8110012705455215,0.9966292724502831,0.03303733310867559,0.42828827523068325,0.038191956077824996,0.32425356280868944,0.5350857620551697,0.42828827523068314,2.334875965169449,0.9999716811027362,0.9997980910782525,1.0,0.6684195507724919,0.4962700256817904,0.374546492193551,0.2899596429008194,0.2280379927438751,0.1789572377807672,0.14516326281032163,0.11658717541070482,1.0,0.5942205651261687,0.3810627760747557,0.2481731720322251,0.16191094874628015,0.10571247287207376,0.06901391753073746,0.04507563029742939,0.029427175670040207,1.0,0.532917532917533,0.3125025477966654,0.18287065345888875,0.11124699359993477,0.06497900615547675,0.03738127267539032,0.021768374709551182,0.013044718927071867,1.0,0.6704170233581999,0.47283029635970814,0.336879866291631,0.24234641881700705,0.17532917532917533,0.12730830377889202,0.09396274102156454,0.06901471607353961
Wolfgang Amadeus Mozart,mozart,mozart_k458,String Quartet K. 458,K. 458,Classical,2,mozart_string_quartet_458_2_(nc)mutopia.mid,viola,intervals,225,224,1,8,200,0.3561350733746317,2.807923382901585,-0.3561350733746317,-0.24378061722107594,0.7836595368128598,0.998891988548186,0.027177359410995316,0.38210344869099827,0.042975085675504426,0.27706210343722143,0.5554617338283138,0.3821034486909984,2.6170923173443685,0.9999876811230884,0.9997973383680425,1.0,0.5763355521420037,0.38410991636798086,0.2624167946748592,0.1821983273596177,0.1288189110769756,0.09182454343744666,0.0659242191500256,0.04659498207885305,1.0,0.6243518568445006,0.4216165918061712,0.2880148349010606,0.19701633637080432,0.13470920392731184,0.09200731697621098,0.0627670554299511,0.042747889787791586,1.0,0.5317033623485237,0.306536951698242,0.1792968083290664,0.10317460317460317,0.05884109916367981,0.03375149342891278,0.019585253456221197,0.010710018774534903,1.0,0.687532002048131,0.501621437105308,0.3777095067417648,0.28486089776412354,0.2172725721112818,0.1650452295613586,0.12638675541901348,0.09707287933094384
Wolfgang Amadeus Mozart,mozart,mozart_k458,String Quartet K. 458,K. 458,Classical,2,mozart_string_quartet_458_2_(nc)mutopia.mid,cello,intervals,137,136,1,8,200,0.4543685719076069,2.20085644524583,-0.4543685719076069,0.013811201624032371,1.0139070168689182,0.9999493370602772,0.007410442307853695,0.4869895179233145,0.04452284219141053,0.3723722289456181,0.6149877985027574,0.4869895179233146,2.053432287956285,0.9999766239815919,0.999457166649797,1.0,0.6351744186046512,0.4102470930232558,0.2625968992248062,0.16569767441860464,0.10428779069767442,0.06601259689922481,0.042272286821705425,0.026647286821705425,1.0,0.5552861125284726,0.3351383186349358,0.2062150824153864,0.12730380051601778,0.07848479947563014,0.048353979029282845,0.029634247720951648,0.018153680127693524,1.0,0.46669089147286824,0.24176356589147288,0.13638565891472867,0.07497577519379844,0.04239341085271318,0.023498062015503876,0.012960271317829458,0.006661821705426356,1.0,0.6388081395348837,0.43386627906976744,0.296875,0.19743217054263565,0.1355377906976744,0.09423449612403101,0.06383236434108527,0.0438468992248062
Wolfgang Amadeus Mozart,mozart,mozart_k458,String Quartet K. 458,K. 458,Classical,3,mozart_string_quartet_458_3_(nc)mutopia.mid,vln I,intervals,564,563,1,8,200,0.12390787732850761,8.070511912239247,-0.12390787732850761,-0.002448646712464755,0.9975543487774322,0.9998757676048692,0.0031646302591885923,0.31714077034842003,0.02883861059236332,0.23590978995201267,0.4026320363698934,0.31714077034842,3.1531739009821136,0.9999832639843282,0.9999216216117253,1.0,0.8842245122820662,0.779136690647482,0.6878540410914512,0.605748914382008,0.5334953658694666,0.4743923779895003,0.4207596085293927,0.3706591483569901,1.0,0.6721737229817617,0.48483501706854126,0.35302723795514446,0.25744287388639614,0.18768532414380887,0.13677273527940648,0.09970238465553267,0.07268134334552484,1.0,0.6182578261714953,0.41372091515976406,0.2778339490569706,0.18697906539633158,0.12551688379026507,0.08327824227104802,0.05511050618964288,0.036911011731155616,1.0,0.7452135588826236,0.5839717415256983,0.4614362564002852,0.3649296778793182,0.2898502819366129,0.2286927214984769,0.18047183874522005,0.1419210577483959
Wolfgang Amadeus Mozart,mozart,mozart_k458,String Quartet K. 458,K. 458,Classical,3,mozart_string_quartet_458_3_(nc)mutopia.mid,vln II,intervals,565,564,1,8,200,0.09692367092008859,10.31739708687342,-0.09692367092008859,-0.009339004418617047,0.9907044686461773,0.9993025685128675,0.005866941794095017,0.3163916395489469,0.030022779442178755,0.23501382404912813,0.40586775875337644,0.31639163954894695,3.1606397736223886,0.9999775868730661,0.9999070436663093,1.0,0.9053382069927541,0.8189426914482777,0.739153739844749,0.6668496441625873,0.6064347803624246,0.5523229531276236,0.5021892719217803,0.4608062203737907,1.0,0.6747971601951009,0.4867646306314795,0.3544866897259465,0.25859503141279444,0.18863341521210641,0.13768479951831633,0.10049099246619964,0.07333346514673844,1.0,0.6114010048693541,0.40314893507097377,0.269952081422833,0.18143833227852188,0.12204383710266975,0.08257236221794557,0.05453159913720729,0.035835604406959175,1.0,0.7495576249951564,0.5911227929684977,0.46831045038296115,0.37074254420521036,0.29457008899164333,0.23239864123064205,0.18338865711739405,0.14380739573511747
Wolfgang Amadeus Mozart,mozart,mozart_k458,String Quartet K. 458,K. 458,Classical,3,mozart_string_quartet_458_3_(nc)mutopia.mid,viola,intervals,569,568,1,8,200,0.13354226396176305,7.488266039029624,-0.13354226396176305,-0.13030328076799796,0.8778291618430824,0.9947002490061843,0.022334693935567813,0.35039556552578155,0.029814488001671857,0.2764285591133095,0.44120300301116383,0.35039556552578127,2.8539173961846913,0.999985200286738,0.9999369978635694,1.0,0.798637636872931,0.6713394448688567,0.5771326712503183,0.5029857397504456,0.44083906289788644,0.3894194041252865,0.34624395212630504,0.3113127069009422,1.0,0.6517433714049458,0.45443783728980197,0.3201739149423365,0.22584716087764545,0.1592735708207827,0.11232619710037277,0.07919832793023267,0.05579241309140237,1.0,0.5866819455054749,0.37497453526865293,0.23993506493506495,0.1556340718105424,0.1006366182836771,0.06493506493506493,0.04188948306595366,0.02670613700025465,1.0,0.721441303794245,0.5412846956964604,0.407340208810797,0.3075057295645531,0.23437102113572703,0.1781448943213649,0.13577158135981665,0.10379424497071556
Wolfgang Amadeus Mozart,mozart,mozart_k458,String Quartet K. 458,K. 458,Classical,3,mozart_string_quartet_458_3_(nc)mutopia.mid,cello,intervals,381,380,1,8,200,0.12246411212689545,8.165657535358728,-0.12246411212689545,-0.06619732545926822,0.9359461600629101,0.9966603499322202,0.01624296771166246,0.42581272252726493,0.03189020027828214,0.3347981708211392,0.49802960353362963,0.4258127225272646,2.348450262511756,0.9999741836288532,0.9998911208501449,1.0,0.8509902274496238,0.735319553749027,0.6369166018046066,0.5622819914093805,0.5005621378534982,0.446452766006515,0.3989881518637032,0.3586727781140996,1.0,0.5969073985582567,0.3838831651630154,0.2505192493573188,0.16405793361236287,0.10744346020510989,0.07032785128163553,0.04598369691905117,0.030044169634867397,1.0,0.5437458560350543,0.3287353339675401,0.19798783476029866,0.12182536250684656,0.07487964484418692,0.045634062671163766,0.02770330652368186,0.016662342529332064,1.0,0.6637694946524835,0.4750353137882326,0.33951684972181384,0.24321831128023294,0.1741906656288737,0.12525584479229726,0.08903398771944997,0.06352157744529967
Wolfgang Amadeus Mozart,mozart,mozart_k458,String Quartet K. 458,K. 458,Classical,4,mozart_string_quartet_458_4_(nc)mutopia.mid,vln I,intervals,985,984,1,8,200,0.11738885239387573,8.518696448660153,-0.11738885239387573,-0.046197900850209264,0.954852977275166,0.9984740642685485,0.01051492636587342,0.312015951179229,0.02379968597099356,0.24453045857148037,0.3666149440405394,0.3120159511792289,3.2049643494847406,0.9999849243595508,0.9999550300635548,1.0,0.8632754165478128,0.755667231572059,0.6662667583938788,0.5916321291340169,0.5259513901706462,0.4673955903820662,0.4208307465140863,0.3795304293840294,1.0,0.6823332932821456,0.4954019069114039,0.36234367888070107,0.26542449946965085,0.19446787264383592,0.14249632536083373,0.10442828105283468,0.07653816156995824,1.0,0.6366239072436533,0.4363684413644982,0.3053593301676259,0.21358667382586372,0.14826249643438427,0.10276943470308908,0.07123890464285115,0.049310367971542195,1.0,0.7387934795375606,0.5769313052670436,0.45090566639260365,0.35352031142507173,0.27712804335788715,0.21671183113243955,0.16992885547930264,0.1328716210547511
Wolfgang Amadeus Mozart,mozart,mozart_k458,String Quartet K. 458,K. 458,Classical,4,mozart_string_quartet_458_4_(nc)mutopia.mid,vln II,intervals,872,871,1,8,200,0.1340972108087154,7.4572766575023115,-0.1340972108087154,-0.04631163434496079,0.9547443846845112,0.9985328815375853,0.011777437338058612,0.27352830646986415,0.0255799920311397,0.2085650346847599,0.33345143802151156,0.2735283064698643,3.655928751601341,0.9999929764692127,0.9999449273152058,1.0,0.8519269559246384,0.729660207716407,0.6318291060469508,0.5523019398309086,0.48467876915153857,0.4228842109780696,0.3739592721342432,0.3324615896313463,1.0,0.7104605658596448,0.5372790145111489,0.4089404588191079,0.31144963578642526,0.23707529095885696,0.1804083330060909,0.13725573618619885,0.10438012332581582,1.0,0.6596873524741428,0.46987790223595555,0.3367586155100639,0.24176001029998712,0.173903480537316,0.12519580704690786,0.08987811681902064,0.06424616969228789,1.0,0.7660481309815029,0.6149226428050298,0.497272112784859,0.40422353117891935,0.32855886013475816,0.26729003047079525,0.21736728037423286,0.1769022788721514
Wolfgang Amadeus Mozart,mozart,mozart_k458,String Quartet K. 458,K. 458,Classical,4,mozart_string_quartet_458_4_(nc)mutopia.mid,viola,intervals,768,767,1,8,200,0.18378736614423977,5.441070411853997,-0.18378736614423977,-0.033792151111906275,0.9667724263299605,0.9992580405433107,0.011474838111015096,0.327000871309368,0.035145950562997255,0.2609877276693131,0.44440142696260354,0.327000871309368,3.0580958270717358,0.9999873222800942,0.9999457518919763,1.0,0.8191422231467999,0.671846612578878,0.5486027321267596,0.45923999722626724,0.38274044795783924,0.3192601067887109,0.26655918452257127,0.22614243117675611,1.0,0.6690680956278859,0.47824408643977684,0.34483763558138686,0.24900131042418472,0.17982011830346964,0.12977434128676635,0.09361582971109288,0.0675016795483444,1.0,0.5828444629359961,0.36919769780181677,0.23689411275223632,0.152270993689758,0.09734761805700021,0.06252687053602385,0.04016711739823868,0.025903196726995353,1.0,0.725431662159351,0.5572706469731641,0.43105193814575965,0.33171763400596355,0.25595312391651065,0.19679633867276888,0.15096040496498161,0.11560571388946675
Wolfgang Amadeus Mozart,mozart,mozart_k458,String Quartet K. 458,K. 458,Classical,4,mozart_string_quartet_458_4_(nc)mutopia.mid,cello,intervals,706,705,1,8,200,0.17707378698956713,5.647363265907439,-0.17707378698956713,-0.14053730192168692,0.8688912530147924,0.9948055026953591,0.029318152554284157,0.3371399399604759,0.027333938962086024,0.2853294227448799,0.4217047990993918,0.33713993996047603,2.9661273598056437,0.9999792135596085,0.9999420426243083,1.0,0.7668394634392999,0.6125268753108903,0.4896383600613353,0.41417783131143293,0.35182711004591927,0.29925632982943684,0.25489922015350275,0.2165769795233769,1.0,0.6602439187701244,0.4663303528429674,0.33261262644597017,0.2376646927611585,0.1698518036025607,0.12144442762374638,0.08680069681080736,0.062030721889666504,1.0,0.5990881921291824,0.38618639852334813,0.2529341878620202,0.1669331930130358,0.10939227882081619,0.07167023633829799,0.047119665533415823,0.03113630664370018,1.0,0.6985689796220396,0.5133420759456204,0.3829716385820524,0.2874949127040571,0.21559446337763563,0.16204116701541194,0.1225760833371017,0.0929443830086371
Wolfgang Amadeus Mozart,mozart,mozart_k464,String Quartet K. 464,K. 464,Classical,1,mozart_string_quartet_464_1_(nc)mutopia.mid,vln I,intervals,945,944,1,8,200,0.15045274500141176,6.646605218074397,-0.15045274500141176,-0.13680878552835432,0.8721369754001186,0.9963053080325115,0.02099291095610996,0.3167953747262205,0.022734405176224454,0.2581381413904686,0.37379382549839196,0.31679537472622027,3.1566117430351257,0.9999867050187231,0.9999506810791684,1.0,0.778327358636857,0.6454382508277919,0.5458022056207755,0.4662703299309489,0.40276523547601456,0.3503087686652254,0.30668664313274774,0.268856780596375,1.0,0.676702634436368,0.48877906817604944,0.35605744707736964,0.25963292081853595,0.18934625884425002,0.13806522893615678,0.10066014272231372,0.07336788680313722,1.0,0.6281321548130513,0.42963540668983574,0.2943792244752757,0.20353875343202985,0.14085689005646315,0.0970158443477547,0.06672960621733301,0.04567222176613852,1.0,0.7226418192266645,0.5512683687710369,0.4249879137819373,0.3286812795884301,0.2540705470267904,0.19677047131689607,0.15262612994736793,0.11782238276368479
Wolfgang Amadeus Mozart,mozart,mozart_k464,String Quartet K. 464,K. 464,Classical,1,mozart_string_quartet_464_1_(nc)mutopia.mid,vln II,intervals,763,762,1,8,200,0.1472243928607686,6.792352684012823,-0.1472243928607686,0.005750180121916164,1.0057667441411122,0.9995280600916322,0.007330022036653657,0.33881741726291553,0.029264417292308522,0.2752705909880614,0.3929028702912635,0.3388174172629156,2.9514421309221532,0.999982932790456,0.9999436312590051,1.0,0.8600347813866882,0.7459799392204051,0.6497900820348868,0.5626117659458605,0.4865107945263232,0.41720448996082704,0.35844151281465736,0.3062659195109526,1.0,0.6607798134210662,0.46605742698102715,0.3321655577928882,0.2369354224627208,0.16901895901081107,0.12059233575425472,0.08603297068499224,0.061371360772948254,1.0,0.6189365327524725,0.41507544750294234,0.28328209812566973,0.19328262511637712,0.13123473922743162,0.08844309378677956,0.059416445623342175,0.040135612275370214,1.0,0.7284733079206703,0.5523249073374673,0.4233632546946089,0.3234282502151879,0.24587981098599962,0.18553234844625574,0.1399968380557556,0.1057213624466422
Wolfgang Amadeus Mozart,mozart,mozart_k464,String Quartet K. 464,K. 464,Classical,1,mozart_string_quartet_464_1_(nc)mutopia.mid,viola,intervals,676,675,1,8,200,0.11200383913940609,8.928265385219031,-0.11200383913940609,-0.053079146432872606,0.9483049545576252,0.9986942065468711,0.009279691511560112,0.3272102926191876,0.026574921865599593,0.24676694670067906,0.41233687470159947,0.32721029261918744,3.0561385829137593,0.9999802909853961,0.9999328402079144,1.0,0.8638465198538455,0.7541812925872393,0.6720412248965337,0.5998078804908923,0.5383565702178851,0.4830773236136423,0.434890339261507,0.3905367675443715,1.0,0.6684652208287497,0.4771062003995257,0.3437715973683365,0.24803440062319704,0.17900136662017274,0.12926486080612185,0.0933131247654052,0.06734339385340722,1.0,0.5994846887933278,0.39121906112811855,0.25787106446776614,0.17066317140830783,0.11428417527763064,0.07663683128495632,0.050624388404600096,0.033418919282873535,1.0,0.7313154799845586,0.5628518076291196,0.4393970679330993,0.3447826984711237,0.26962267369309356,0.21103968973597034,0.1649489626444263,0.12899388629038774
Wolfgang Amadeus Mozart,mozart,mozart_k464,String Quartet K. 464,K. 464,Classical,1,mozart_string_quartet_464_1_(nc)mutopia.mid,cello,intervals,504,503,1,8,200,0.1725716625474197,5.794694130186161,-0.1725716625474197,-0.08962527456418408,0.9142737227076716,0.997629445955244,0.01927478026127037,0.3431257977616316,0.029844966479530145,0.28215663575827077,0.4594485871635291,0.3431257977616317,2.914383023729089,0.9999896659887743,0.9999077906356093,1.0,0.7900700553926361,0.6512300423590747,0.5394020853698273,0.45017921146953405,0.3768654284783317,0.31888237210817855,0.2751710654936461,0.2368116650374715,1.0,0.6561279421312315,0.46155552708613745,0.32764775958260267,0.23280076223856386,0.16536727293863895,0.1174367256274173,0.08334872220847861,0.05914463737392213,1.0,0.5752280873248615,0.3571440208536983,0.22482893450635386,0.14171554252199414,0.08981753014011079,0.05690778755294884,0.036005213424568264,0.02297165200391007,1.0,0.7016617790811339,0.5208699902248289,0.39129195177582277,0.2944770283479961,0.22154610622352558,0.16839361355490387,0.12710166177908114,0.0957803844900619
Wolfgang Amadeus Mozart,mozart,mozart_k464,String Quartet K. 464,K. 464,Classical,2,mozart_string_quartet_464_2_(nc)mutopia.mid,vln I,intervals,335,334,1,8,200,0.20652556538552674,4.842015554506647,-0.20652556538552674,0.004656988097550099,1.0046678487193377,0.9999518510683165,0.0032836529855830173,0.416128783165112,0.03310637695953982,0.31788863813153634,0.5048557924019154,0.41612878316511226,2.4031022136798894,0.9999738463881295,0.9998910927141764,1.0,0.8141685897075102,0.6660850640700925,0.5421474268775445,0.4390161535430855,0.3585110973527701,0.292002026228401,0.2352113468790454,0.1927731187032138,1.0,0.6034033884358898,0.39190308751511754,0.2583059142141036,0.1707880082849597,0.11288110961332025,0.07458542320905251,0.04926842337417296,0.03251832437440619,1.0,0.536969287630626,0.31539745970994915,0.18793268418979006,0.11301851747621997,0.06832892441042382,0.0415939663420949,0.025477946004765387,0.015534417740755332,1.0,0.6826325960113319,0.489840715934035,0.3577231196412825,0.2584566893679293,0.18881446877169283,0.13819628149565674,0.1005422037109998,0.07331944991651189
Wolfgang Amadeus Mozart,mozart,mozart_k464,String Quartet K. 464,K. 464,Classical,2,mozart_string_quartet_464_2_(nc)mutopia.mid,vln II,intervals,259,258,1,8,200,0.19603538032702614,5.101120003602413,-0.19603538032702614,0.005115840229205895,1.0051289484835433,0.9997182505357565,0.00754061643819808,0.3944513196649093,0.03731443667537827,0.3037618887731967,0.48588219816011524,0.3944513196649094,2.53516707929767,0.9999834650887979,0.9998023869669862,1.0,0.8218964143426295,0.6768446215139442,0.5571314741035857,0.4602390438247012,0.38247011952191234,0.312796812749004,0.2535139442231076,0.20736254980079682,1.0,0.6126926247827286,0.40765630418608634,0.2751902163815419,0.18613166557734362,0.12569619817821148,0.08474834195554792,0.05710468700493596,0.03844576334308627,1.0,0.5523187250996016,0.3303585657370518,0.20487649402390437,0.12656573705179283,0.07802390438247012,0.047330677290836655,0.029418326693227092,0.01842231075697211,1.0,0.6829003984063745,0.48685258964143424,0.3559521912350598,0.2607808764940239,0.19260557768924302,0.14192828685258965,0.10511553784860558,0.07773705179282868
Wolfgang Amadeus Mozart,mozart,mozart_k464,String Quartet K. 464,K. 464,Classical,2,mozart_string_quartet_464_2_(nc)mutopia.mid,viola,intervals,221,220,1,8,200,0.22900420508774277,4.366732041522342,-0.22900420508774277,-0.005568971414059673,0.9944465065617816,0.9996317445949846,0.010071117296456603,0.42224311444686125,0.04411911490014715,0.31332602698997913,0.5776640471206949,0.42224311444686125,2.3683038652033455,0.9999749489664674,0.9997623024145732,1.0,0.7846133404198777,0.6245017273452033,0.502081672424484,0.3997253964035787,0.3206218442731863,0.2555585082823988,0.19877757108689875,0.15692266808397556,1.0,0.5976573850135039,0.3860227622731463,0.25291717354937937,0.16599121636348202,0.10902631844596003,0.07168519910123063,0.04707611494514741,0.03085915260497545,1.0,0.5296749047745593,0.29652759323235006,0.16759677562228717,0.09340951368588891,0.05270617415182922,0.030162104703693862,0.01660908849322349,0.009168216848259367,1.0,0.6670209938878554,0.48153069359553546,0.34980954911861106,0.25626716272477634,0.18752768181415538,0.13747896182124192,0.10067322172025867,0.0737443529099123
Wolfgang Amadeus Mozart,mozart,mozart_k464,String Quartet K. 464,K. 464,Classical,2,mozart_string_quartet_464_2_(nc)mutopia.mid,cello,intervals,203,202,1,8,200,0.19064267582941422,5.245415254739675,-0.19064267582941422,-0.02645884430771189,0.9738881240507213,0.9994777149028133,0.00998543608379166,0.4633378543349963,0.03911901642465486,0.358172734235228,0.597234158265262,0.46333785433499636,2.158252322023733,0.9999693460056407,0.9997592233278861,1.0,0.8074015331747291,0.6558815754692043,0.5491937615648956,0.4542426645519429,0.380385937086968,0.3147237642083003,0.25619878403383556,0.20882897171556966,1.0,0.572250840954971,0.35350604462773016,0.22222280742482625,0.14018179778213694,0.08837694369589112,0.05569669082811848,0.03513496671884897,0.022143440952136835,1.0,0.5064234734337827,0.263441712926249,0.1429553264604811,0.07861485593444356,0.043351837166270155,0.024530795664816283,0.013639968279143537,0.007507269362939466,1.0,0.6333597673803859,0.4201956119481893,0.2859635210150674,0.19920697858842187,0.14036478984932593,0.0986518636003172,0.06814697330161247,0.047898493259318005
Wolfgang Amadeus Mozart,mozart,mozart_k464,String Quartet K. 464,K. 464,Classical,3,mozart_string_quartet_464_3_(nc)mutopia.mid,vln I,intervals,901,900,1,8,200,0.08989726563518215,11.123808860418114,-0.08989726563518215,-0.05382049395388333,0.9476021915583918,0.9968529278479532,0.011573479307635817,0.32498777754241176,0.027909514402360665,0.26014597060314976,0.3884809526681857,0.3249877775424117,3.0770387968498216,0.9999842741599496,0.9999556229848449,1.0,0.8804277414268425,0.7955548636881776,0.7191132826819457,0.6498249966104078,0.5967891774087446,0.5503216346371128,0.5073014326676342,0.46863999517924665,1.0,0.6718002635009551,0.48089118600641945,0.34736397856455997,0.2512669049498577,0.18177726282075396,0.13145999289900037,0.09509388745125767,0.06875043273629765,1.0,0.6221684351131621,0.42163262846554417,0.28770607465137416,0.1961192935587705,0.13310551926041608,0.09014306589869388,0.060917248755894125,0.040981425034774706,1.0,0.716584897985829,0.548124676733337,0.41893099794615823,0.3217752424186121,0.24799762979627296,0.19220243146746746,0.14931530237673182,0.11590396657611016
Wolfgang Amadeus Mozart,mozart,mozart_k464,String Quartet K. 464,K. 464,Classical,3,mozart_string_quartet_464_3_(nc)mutopia.mid,vln II,intervals,876,875,1,8,200,0.23478893070004567,4.259144573035893,-0.23478893070004567,-0.09085580720993093,0.9131493709623707,0.9995469565403863,0.01145316721945411,0.31152886532034796,0.026727125221937237,0.24330884978396508,0.3900980945094559,0.3115288653203479,3.2099754190408363,0.9999885360806363,0.9999496237951045,1.0,0.7346828674543822,0.5719202291922462,0.44905362524516446,0.3523033501825778,0.27864238674596975,0.22160742855016768,0.17689580576063443,0.1420704904352633,1.0,0.681897720266804,0.4953528858901245,0.36286126167160554,0.2660314849969004,0.19500869584315236,0.1429480488584414,0.1047429566811736,0.07670454670670397,1.0,0.6188828472565496,0.4174387022361127,0.28550433456114893,0.19433769712818713,0.1320406720562988,0.08900600088232637,0.059934410196716255,0.04035845837386188,1.0,0.7378959173802349,0.5748462572884941,0.4478072063740107,0.3506343713956171,0.27486592359904116,0.2162177964164793,0.17011890145052327,0.13437405322660373
Wolfgang Amadeus Mozart,mozart,mozart_k464,String Quartet K. 464,K. 464,Classical,3,mozart_string_quartet_464_3_(nc)mutopia.mid,viola,intervals,651,650,1,8,200,0.19561057188379705,5.112198131060383,-0.19561057188379705,-0.027688120875974945,0.9726916817296355,0.9997484150276407,0.007109989518540978,0.36600777540234153,0.02816544602864435,0.29309582536365,0.43958054658364804,0.3660077754023418,2.7321823939415735,0.9999830377149502,0.9999361956379835,1.0,0.8077401975746477,0.6589245311356908,0.5397353720633905,0.44126781102987844,0.36215074393298546,0.29946754649883967,0.24790821838829863,0.2055832521814121,1.0,0.6395304947426432,0.43825821104222135,0.3042118906561719,0.2113476657725422,0.14675343430801108,0.10184602223244127,0.07069501954496972,0.049052166195751125,1.0,0.5948799193810167,0.3820535554231285,0.24636269821659568,0.15943566711724153,0.10253726932263582,0.0661036903533379,0.042867593978769686,0.02751897985978886,1.0,0.7026206014447465,0.5215621865961251,0.38888969637069226,0.29132328502977184,0.2181605887511325,0.16242011986259888,0.1210447522565079,0.08970315353943499
Wolfgang Amadeus Mozart,mozart,mozart_k464,String Quartet K. 464,K. 464,Classical,3,mozart_string_quartet_464_3_(nc)mutopia.mid,cello,intervals,657,656,1,8,200,0.24644422510128833,4.057713259821775,-0.24644422510128833,-0.12967438485955549,0.8783813986428076,0.9998867305416578,0.00601006690880029,0.34847570379048465,0.03250915496708049,0.28541649301611133,0.43922110767536066,0.3484757037904847,2.8696405204801123,0.9999757788990066,0.9999312199311646,1.0,0.6880195552511936,0.5322290703646636,0.41854515018356825,0.3281449143031064,0.25798474386045006,0.20181570887785577,0.15674637143563697,0.12110274115923833,1.0,0.6508191948821982,0.4540514714869227,0.32013614637909554,0.22618895546483123,0.15982297278662852,0.11296281073225227,0.0798763277744001,0.05647580476937663,1.0,0.5810934200764709,0.36637562061290874,0.23616580113755256,0.15255188419030227,0.09798550476516578,0.06318362533051798,0.04111263292054253,0.02670775552131484,1.0,0.7008598223287489,0.51683977248949,0.38486560520458823,0.28764576080960264,0.2166818847609808,0.16310943712073656,0.12314291692822767,0.09350567825144096
Wolfgang Amadeus Mozart,mozart,mozart_k464,String Quartet K. 464,K. 464,Classical,4,mozart_string_quartet_464_4_(nc)mutopia.mid,vln I,intervals,849,848,1,8,200,0.12584130346338915,7.946516544871365,-0.12584130346338915,-0.03187963970903683,0.9686231588286814,0.9995735101906597,0.005955933222673244,0.2757962886525812,0.02590075747128227,0.22004301463904674,0.3512938565052479,0.27579628865258127,3.625864600591828,0.9999904696376662,0.9999525963602309,1.0,0.8632183908045977,0.7531028820565087,0.6603589830700414,0.580422965856973,0.5139714625445898,0.45490062850348223,0.4027659815412491,0.35591982333956174,1.0,0.7084652436959118,0.534154920847343,0.40556627827178093,0.3080854916378271,0.2339960147738534,0.17769437165743435,0.13492594438318722,0.10244597276122573,1.0,0.6550421833418266,0.4585272634618651,0.323226317875545,0.22701998754317423,0.15992582526470756,0.11239171054866655,0.07916878998924183,0.05612649340354453,1.0,0.7593737613951644,0.6078562935281128,0.4872742200328407,0.3911386671196421,0.3142121057697752,0.2525338316063643,0.20275182605741465,0.16226148009738972
Wolfgang Amadeus Mozart,mozart,mozart_k464,String Quartet K. 464,K. 464,Classical,4,mozart_string_quartet_464_4_(nc)mutopia.mid,vln II,intervals,868,867,1,8,200,0.1367015289393892,7.315207136003435,-0.1367015289393892,-0.030280014321022668,0.9701738329431476,0.9989779045200821,0.010018917863770021,0.328560003577439,0.02474194090106204,0.2576033116202658,0.40668339914881707,0.328560003577439,3.0435840915259424,0.9999816278614789,0.9999393721994219,1.0,0.8591683136150743,0.7403010531445434,0.6393616157240707,0.5549259550044671,0.48382922273059537,0.4251915423559033,0.374023337033327,0.3295178276524894,1.0,0.6675128534266302,0.47572251444021596,0.34233885813638987,0.24681358602757175,0.17794333036461502,0.12828205930263314,0.09242803240559413,0.06658893934947925,1.0,0.6083358150364133,0.3979424425372932,0.2651920838183935,0.17652760105043724,0.11790345723799983,0.07854184151392912,0.05255976392235428,0.035314183609930425,1.0,0.7205376722527547,0.5466117984676612,0.4161003871456805,0.31757857974388826,0.24492243549828085,0.19030511411321982,0.14870725830468096,0.11658499607439694
Wolfgang Amadeus Mozart,mozart,mozart_k464,String Quartet K. 464,K. 464,Classical,4,mozart_string_quartet_464_4_(nc)mutopia.mid,viola,intervals,741,740,1,8,200,0.18337276480835715,5.4533725389650956,-0.18337276480835715,0.020314279863654073,1.0205220191536557,0.9996550752354081,0.007804616818958152,0.29967393644843127,0.028311653241050814,0.23955387636036657,0.3621649281481518,0.2996739364484314,3.336960203651486,0.9999880479855775,0.9999274633481748,1.0,0.8389618231834142,0.7063158365576007,0.5923221434482142,0.4943826925800848,0.41096549102050856,0.34111257725195504,0.2824942783232319,0.23256472763327593,1.0,0.6882933753533488,0.5061822386006535,0.3750955621501568,0.27817859193549593,0.20643085653864393,0.15310432874493723,0.1134995494219871,0.08415793527127956,1.0,0.642132414883069,0.44731584401255414,0.3151246095468134,0.22149039429248765,0.15537241219928583,0.10771662230969367,0.07405378003414369,0.051066431090137844,1.0,0.7445299279106002,0.5878640812888124,0.46294515390751384,0.36185598520937234,0.2827477467403216,0.22150157672265336,0.1744533655387322,0.13729042262131072
Wolfgang Amadeus Mozart,mozart,mozart_k464,String Quartet K. 464,K. 464,Classical,4,mozart_string_quartet_464_4_(nc)mutopia.mid,cello,intervals,581,580,1,8,200,0.26342994069602915,3.7960757131775553,-0.26342994069602915,0.04203773214581761,1.0429338301397093,0.999457657541077,0.014060455454585254,0.3761964736931309,0.031503821676745924,0.2999342479310704,0.4602639886174314,0.3761964736931311,2.6581854693718223,0.9999784294371848,0.999929607729357,1.0,0.7836134197390742,0.6169406509720646,0.4774649434335298,0.3674257679493282,0.28210009885402554,0.21802804525317615,0.1649214659685864,0.12381771805855575,1.0,0.6334360018072938,0.42947393203602297,0.2946596100508047,0.20254448100380779,0.1392650464674257,0.09573328242084085,0.06580333442664443,0.04524345867893948,1.0,0.5625770390168295,0.3466237078802524,0.21678321678321677,0.1364673720694663,0.08676576477623597,0.054766350577868904,0.03500164756709259,0.022229951549323276,1.0,0.7019123982474768,0.5153284760614604,0.3821562381771806,0.28354019453495893,0.2106261975371923,0.1563236065853867,0.11548835109044533,0.08549652790490486
Wolfgang Amadeus Mozart,mozart,mozart_k465,String Quartet K. 465,K. 465,Classical,1,mozart_string_quartet_465_1_(nc)mutopia.mid,vln I,intervals,1382,1381,1,8,200,0.10278871475304958,9.72869446225206,-0.10278871475304958,-0.03574982796780727,0.9648816496947069,0.9987146909426445,0.00844905529339974,0.29302972739385413,0.020712360315286473,0.24247143973497942,0.3388584814379972,0.2930297273938541,3.4126230430400137,0.9999861199541928,0.9999621188301269,1.0,0.8834318755029149,0.7860452838109898,0.7033366516441542,0.6335588300462973,0.5724149775616458,0.5188194870718399,0.4714535155541844,0.42854340997253115,1.0,0.695964050173772,0.5150855890872709,0.38421321543343867,0.2868537824700241,0.21419928885522277,0.15995947622409326,0.11943599205230988,0.08913734341633922,1.0,0.6506295779172245,0.4576353483855305,0.32574892578963605,0.23223829076247998,0.16490414534413428,0.11778837234203833,0.08433810300757699,0.06061483104709139,1.0,0.7419976231141022,0.57903675691836,0.4532971605648974,0.3534743138358719,0.2758459837307355,0.2165711989703695,0.17028447359186474,0.1343990093835045
Wolfgang Amadeus Mozart,mozart,mozart_k465,String Quartet K. 465,K. 465,Classical,1,mozart_string_quartet_465_1_(nc)mutopia.mid,vln II,intervals,1270,1269,1,8,200,0.11293877704944541,8.854354776324458,-0.11293877704944541,-0.043456962274932176,0.9574737606967137,0.9979544703277471,0.011715754437795793,0.3010578884886073,0.026785666741076235,0.24935234007317444,0.37483005726386215,0.3010578884886074,3.3216203203319883,0.9999880368750506,0.9999668679603927,1.0,0.8695586603342252,0.7665664183709505,0.677760587966937,0.6021608890888548,0.5367510754803058,0.48283316010863514,0.4344374889247208,0.3954826685233338,1.0,0.6908265936204621,0.5073638814688461,0.3754105062157209,0.27807993250013757,0.20598884963256764,0.15255536131862496,0.1129772235819463,0.08366965548148433,1.0,0.6350769331310773,0.43011168908533587,0.29507685772492087,0.20296195382378335,0.13950390289697887,0.09607749742048106,0.06632725517820359,0.0458582540207191,1.0,0.7372258829118339,0.5695640644421013,0.44185368440764067,0.3435052049099462,0.2680563183446841,0.20953360035491164,0.16341393832530468,0.12758847341493118
Wolfgang Amadeus Mozart,mozart,mozart_k465,String Quartet K. 465,K. 465,Classical,1,mozart_string_quartet_465_1_(nc)mutopia.mid,viola,intervals,1025,1024,1,8,200,0.11914387802561437,8.393213453946943,-0.11914387802561437,-0.03211069458426735,0.9683993795792117,0.9995966607636884,0.005483706736660317,0.305660424462863,0.02869439048468665,0.23254958151045757,0.40161953865578515,0.30566042446286296,3.2716044340947965,0.9999876021860203,0.9999586790004534,1.0,0.8693122430492649,0.7607967698727924,0.6729476846367656,0.5981851826043868,0.5326129034755611,0.47343584264356336,0.4209404687245953,0.37541712153237483,1.0,0.6874846053276814,0.5024887377852468,0.37014086404245344,0.27286986726027923,0.20116230087118517,0.14831474867249583,0.10936030161909076,0.08062833070511484,1.0,0.6128241160120471,0.40248840576343886,0.2682236623076983,0.17952872041437298,0.12010196734257775,0.08080544135522882,0.05445032866466913,0.03656539613964184,1.0,0.7633072414620738,0.6017989454857966,0.4779961133176937,0.38007223654565303,0.30111335640567055,0.23817929838416216,0.1887208789166841,0.14948435649083688
Wolfgang Amadeus Mozart,mozart,mozart_k465,String Quartet K. 465,K. 465,Classical,1,mozart_string_quartet_465_1_(nc)mutopia.mid,cello,intervals,888,887,1,8,200,0.18725615406515317,5.340278427656182,-0.18725615406515317,-0.09593062894448036,0.9085270393623733,0.9981327485602091,0.01855765087844305,0.3221292578128171,0.028221040790605906,0.2654071289445482,0.3992351318513873,0.322129257812817,3.10434391085668,0.999987819161434,0.9999559783811824,1.0,0.7776631502740717,0.625408522080877,0.5099208811666149,0.4206717344089358,0.3498888199400145,0.29276036818698936,0.2463724273451236,0.20825318026683215,1.0,0.6739245294725857,0.48424617948754656,0.35091579751795826,0.2545078120218384,0.1846567799664208,0.13391023749060538,0.09709446429226323,0.07039119171924331,1.0,0.6118238701003206,0.4001887475436963,0.2670907022442859,0.18004964318957492,0.12090702244285861,0.08147429930706382,0.05499276036818699,0.03692987899472541,1.0,0.7237434067638846,0.5452813114075913,0.41303392284620954,0.31333126486710106,0.2408108387630572,0.18512772778984382,0.14238287309959666,0.1103475023270245
Wolfgang Amadeus Mozart,mozart,mozart_k465,String Quartet K. 465,K. 465,Classical,2,mozart_string_quartet_465_2_(nc)mutopia.mid,vln I,intervals,526,525,1,8,200,0.13094959741072867,7.636525959399934,-0.13094959741072867,-0.028282609389588754,0.9721135995461938,0.9992615809557288,0.008156346524389594,0.3541396525174083,0.029595084666186138,0.2806651844568441,0.43935512386019726,0.35413965251740837,2.8237447935905546,0.9999848296571806,0.9999320059750789,1.0,0.8638417361821618,0.7486986848688977,0.6537941644324623,0.5684936110468025,0.5018632890973317,0.4417675481505269,0.3888710484455165,0.34506321740364293,1.0,0.6492104567793414,0.4508577827379833,0.31652949756880716,0.2224013741830966,0.15623348209804702,0.10978945670838945,0.07712483302130625,0.05413904056994639,1.0,0.5904124627528883,0.3762873124575252,0.2423993487823275,0.15710626348924223,0.10285057093567732,0.06728004600345026,0.043740618208703314,0.028087496172602557,1.0,0.7034420438675758,0.5233265871563744,0.39144007229113614,0.2953630613205081,0.22440124567784142,0.16986176560644645,0.12868270315078825,0.09788428937365108
Wolfgang Amadeus Mozart,mozart,mozart_k465,String Quartet K. 465,K. 465,Classical,2,mozart_string_quartet_465_2_(nc)mutopia.mid,vln II,intervals,431,430,1,8,200,0.14085992819466264,7.099251098708789,-0.14085992819466264,0.017602188018526956,1.017758019512383,0.999310220543783,0.008479535789648954,0.33167896319491347,0.03558021979615638,0.2310687559737706,0.43322224558296607,0.3316789631949135,3.0149635972310453,0.9999853569814042,0.9998952195574538,1.0,0.8721275475334163,0.7668089588025052,0.6712379415817956,0.5854705163972079,0.5069745554771268,0.4386967384849809,0.3797519411112232,0.325512867914804,1.0,0.6619697457488001,0.47053101599322833,0.3377547262439641,0.24288587490039554,0.17463410390539041,0.12546829795627512,0.09004893433106487,0.06456538068661125,1.0,0.6034867175333042,0.3810740255229516,0.24794684772500644,0.16194413633155189,0.10558748725533035,0.06873718530469564,0.04448029758103369,0.02848083537808253,1.0,0.7322442943094349,0.5751851478381679,0.45574938657524117,0.3615452701869965,0.28716121586949456,0.22863097038755,0.18212272976818705,0.14449934455984673
Wolfgang Amadeus Mozart,mozart,mozart_k465,String Quartet K. 465,K. 465,Classical,2,mozart_string_quartet_465_2_(nc)mutopia.mid,viola,intervals,413,412,1,8,200,0.13664058285239952,7.318469953251075,-0.13664058285239952,-0.004882842948886231,0.9951290587494911,0.9999677104752733,0.0017790870382390492,0.37496194704409874,0.03113878934514863,0.30076767364107737,0.4300949335875561,0.37496194704409874,2.6669372929258643,0.9999850642131108,0.9999064526982719,1.0,0.8705659454834372,0.7558978120034225,0.6584891822515585,0.5762131768732429,0.50327588314387,0.4379782422686713,0.3828994010512162,0.3334066740007334,1.0,0.6321246572555264,0.4294982373141379,0.29546175239725536,0.20344046934828738,0.14004358508990472,0.09631328870706148,0.06623351686761145,0.04554025620900857,1.0,0.5829238479403496,0.3701503483681701,0.2363647475858697,0.15363647475858697,0.100990099009901,0.06639775088619973,0.04364992054761032,0.028932893289328934,1.0,0.6980809192030314,0.5074685246302408,0.37176384305097177,0.2739273927392739,0.20262804058183595,0.1498594303874832,0.11246791345801246,0.08332722161105
Wolfgang Amadeus Mozart,mozart,mozart_k465,String Quartet K. 465,K. 465,Classical,2,mozart_string_quartet_465_2_(nc)mutopia.mid,cello,intervals,602,601,1,8,200,0.21358675268156543,4.681938310522896,-0.21358675268156543,-0.12512121824836833,0.8823899343392563,0.994618705193874,0.03599722692063755,0.33962888536433106,0.030989573517580783,0.2595289441507408,0.43675934764067903,0.33962888536433117,2.944390312759372,0.9999838027109682,0.9999295414319487,1.0,0.7534706253087367,0.5847400366793284,0.44864610125992926,0.35580651938156155,0.2944907194485609,0.2431850829827221,0.20044174175708745,0.16664679396551235,1.0,0.6588386410057353,0.46446278154316006,0.33067877936575263,0.2356662737257235,0.16805069669096478,0.11984995493777151,0.08540125749766886,0.0608162468807054,1.0,0.5910936231340953,0.38009663810675615,0.24616598815587012,0.15929957245302945,0.10405914115863525,0.06737981274237598,0.04300452529794857,0.027679833750660056,1.0,0.7273067947604204,0.5610120315010703,0.43564935470500393,0.33617796855570886,0.25849841870077955,0.1997433582593785,0.153496743715968,0.11821418229512665
Wolfgang Amadeus Mozart,mozart,mozart_k465,String Quartet K. 465,K. 465,Classical,3,mozart_string_quartet_465_3_(nc)mutopia.mid,vln I,intervals,350,349,1,8,200,0.1934080386735419,5.1704159085544745,-0.1934080386735419,-0.18471582980503162,0.8313404924786432,0.9954211088837112,0.03005598100804985,0.3607595661990427,0.027819173083887313,0.2876963952337014,0.43856907870667533,0.3607595661990427,2.7719292672845373,0.9999797809020623,0.9998415595461131,1.0,0.7228824750047161,0.561163416851023,0.4555744199207697,0.37236541990362026,0.3074205552983142,0.2555092521136664,0.2164943149663014,0.1845449400627669,1.0,0.6384100837201733,0.43982757910837367,0.30656865623897983,0.21402108945127304,0.14940189862113198,0.10431662891123702,0.07282586117621055,0.05079139050200935,1.0,0.574865805765636,0.3666375126476994,0.2368849788204627,0.15357308226578176,0.10047846889952153,0.06640256555366912,0.04258201711512408,0.026753099758193136,1.0,0.6934883641165475,0.5114129409545369,0.38364974018624276,0.2867726501003241,0.21285863730685461,0.15854641491313817,0.11910274219272521,0.09082334379448131
Wolfgang Amadeus Mozart,mozart,mozart_k465,String Quartet K. 465,K. 465,Classical,3,mozart_string_quartet_465_3_(nc)mutopia.mid,vln II,intervals,396,395,1,8,200,0.22702611321534572,4.404779634541201,-0.22702611321534572,0.01723873303745172,1.0173881775051932,0.9989529744223625,0.01684075621078301,0.35801423086205914,0.03258625428563353,0.27385833812466215,0.45137041040244114,0.35801423086205886,2.793185057454588,0.9999749547813382,0.9998773828846814,1.0,0.7914169263965476,0.6433176163456672,0.5224300061269613,0.42114867204773704,0.33310690215509203,0.2579051120168358,0.2039878526332614,0.1650017315325395,1.0,0.6401526725228137,0.44183495519577076,0.3087269005322087,0.21607999925320115,0.15131167589617234,0.10598358980951991,0.0741372939755038,0.05191804827279162,1.0,0.5709661951570367,0.35265990037028155,0.22070380137989823,0.13922853565625085,0.0889741335677562,0.056834225738565225,0.037068115826207414,0.024214816590745626,1.0,0.7060390527185061,0.5316737259916353,0.4028210660912651,0.30630810623618104,0.2323183888755694,0.17682943072537893,0.13515277444790752,0.10349236793734516
Wolfgang Amadeus Mozart,mozart,mozart_k465,String Quartet K. 465,K. 465,Classical,3,mozart_string_quartet_465_3_(nc)mutopia.mid,viola,intervals,335,334,1,8,200,0.1905918064515664,5.2468152677598034,-0.1905918064515664,-0.05211870383083299,0.9492161845577167,0.9999440811651844,0.0032656909126077297,0.3594898002253821,0.03875415602018958,0.26450831371747197,0.4577157872303508,0.35948980022538196,2.7817200915660205,0.9999826344363834,0.9998630718450839,1.0,0.7886531209545787,0.6451473705934223,0.5337798540365096,0.4434250764525994,0.36676610194930676,0.3030712369373933,0.24933866156357293,0.20684414926549222,1.0,0.6414382383491007,0.44282451499924796,0.3090333053673543,0.2160433259969762,0.15107116665180848,0.10562361041223627,0.0737679779684839,0.05148122730464803,1.0,0.5705896699874299,0.3639518958368511,0.23076490122136545,0.14945310594547945,0.09575805331982515,0.06052419279188008,0.03746646404382657,0.02354552447421249,1.0,0.7157088985197276,0.5551115363689236,0.4297105119978987,0.3308568319543723,0.25348492523592425,0.194836869852348,0.14857132136357667,0.11191159640532072
Wolfgang Amadeus Mozart,mozart,mozart_k465,String Quartet K. 465,K. 465,Classical,3,mozart_string_quartet_465_3_(nc)mutopia.mid,cello,intervals,190,189,1,8,200,0.4932901669611705,2.027204406202395,-0.4932901669611705,-0.15172228720507847,0.8592268659049159,0.9989554516722805,0.03654881651005069,0.4484906357971532,0.042272871037054106,0.33659508038539837,0.58365398686096,0.44849063579715337,2.2297009573512865,0.9999729775442268,0.999671137616621,1.0,0.5394329427478599,0.3114564993018032,0.18578106975897032,0.11917916337805841,0.07765163013781798,0.04626312913605731,0.02659219233804869,0.016210309027988586,1.0,0.5761761018554097,0.3619614074944788,0.2307483347957894,0.1477836135418549,0.09462828209164749,0.06057994568727568,0.03872886707893784,0.02472366359219474,1.0,0.48904134539493654,0.26986825329366765,0.15032481330823871,0.08378361969522191,0.047416671726063994,0.026106490194887984,0.014753202598506467,0.008135510897941838,1.0,0.6403982757573918,0.4534029506405197,0.31928844636026954,0.22360512415761036,0.15390686661404893,0.10910084390747374,0.08008014085362151,0.05889138485823569
Wolfgang Amadeus Mozart,mozart,mozart_k465,String Quartet K. 465,K. 465,Classical,4,mozart_string_quartet_465_4_(nc)mutopia.mid,vln I,intervals,1422,1421,1,8,200,0.10221608024487981,9.78319651471953,-0.10221608024487981,-0.08800601653650164,0.9157553670311587,0.9900646369530313,0.023461672634963078,0.2313294753312175,0.018068469794469508,0.1859239555085346,0.27463515774924757,0.23132947533121745,4.322838663634197,0.9999928209827097,0.999954919935915,1.0,0.8638996747718448,0.744024720943432,0.658087009792881,0.5912775990974893,0.5393261801157367,0.4936781212243153,0.45197604382822265,0.4145642953740324,1.0,0.745405030626612,0.5886464074493801,0.4671713652801643,0.3709308623951916,0.29451084093854674,0.2337668450957773,0.18555272411630483,0.14727406913214194,1.0,0.7055819321695591,0.5388056549057999,0.4112549562508571,0.31388270765202086,0.23893308348123257,0.1810076367054358,0.1372965322009908,0.1037106440398362,1.0,0.7948860400143745,0.6597256631941629,0.5487737126760902,0.4561632687381568,0.378663071038678,0.3136064288867467,0.2587801091301123,0.21403896531600386
Wolfgang Amadeus Mozart,mozart,mozart_k465,String Quartet K. 465,K. 465,Classical,4,mozart_string_quartet_465_4_(nc)mutopia.mid,vln II,intervals,1141,1140,1,8,200,0.11467993670050884,8.7199211019059,-0.11467993670050884,-0.014409233942986849,0.985694082237462,0.9999677375307087,0.0014925294326611721,0.30595386161888705,0.021934658000919892,0.24454525556042783,0.3645876441085701,0.30595386161888716,3.2684666724215257,0.9999811558794047,0.9999529925996168,1.0,0.8806586223135676,0.7836211440280191,0.6988217278621752,0.6219642651081122,0.554581632302995,0.49498501429957054,0.4414762396339809,0.3948677484647844,1.0,0.6855504054179234,0.5003500463424068,0.36825286423799886,0.27137027861068297,0.2000136257072991,0.14746351750358078,0.10875463042693893,0.08021718206499617,1.0,0.6418448785082289,0.44099282994270816,0.3035999987524911,0.21113619990082305,0.14717486020103607,0.10261696175449649,0.0714822588643303,0.04967112547132445,1.0,0.731297502799098,0.5670317709324193,0.4396018575407234,0.3439553516571596,0.26977379545220637,0.21198294655360078,0.16635842801405942,0.13032725276713064
Wolfgang Amadeus Mozart,mozart,mozart_k465,String Quartet K. 465,K. 465,Classical,4,mozart_string_quartet_465_4_(nc)mutopia.mid,viola,intervals,1034,1033,1,8,200,0.14003039250741522,7.1413068412776575,-0.14003039250741522,-0.03826478639350806,0.9624580613494039,0.9987323610490366,0.011430762054068054,0.26787145051853345,0.025600939800710865,0.19998981659641896,0.3385277449899184,0.26787145051853345,3.7331339269796957,0.9999926263186937,0.9999604648781046,1.0,0.8516160319497932,0.7296362858365426,0.6271592259782247,0.5417467788712975,0.47244425426710407,0.4130366566823563,0.36210145961108736,0.31918413920981314,1.0,0.7174169041255926,0.5457064164784674,0.41760574073582146,0.31981804013965665,0.24485749376097068,0.18743734700898027,0.14340032035687283,0.10964849364234566,1.0,0.6623230162126182,0.4681063091332668,0.33275899776541623,0.23680502068178577,0.17042932534588504,0.12248561783863453,0.08776874435411021,0.06218799030095564,1.0,0.7818532781819046,0.6364722103361384,0.520726477440213,0.42585651119669093,0.34888983977559074,0.28628155755241763,0.23461607949412827,0.1923872010649931
Wolfgang Amadeus Mozart,mozart,mozart_k465,String Quartet K. 465,K. 465,Classical,4,mozart_string_quartet_465_4_(nc)mutopia.mid,cello,intervals,923,922,1,8,200,0.18919166131561563,5.285645218431523,-0.18919166131561563,-0.07827660547608647,0.9247086116994966,0.9994152015181627,0.01048604664602754,0.3093131397861987,0.03032611953139015,0.24436769654578952,0.39289797460855735,0.30931313978619873,3.2329696717417598,0.9999832205519817,0.9999476882495315,1.0,0.7817842665997059,0.630213676746661,0.5174971003575229,0.42886728605421437,0.3577788140761201,0.29694730422929294,0.247011275723117,0.20525164113785557,1.0,0.6821804234728043,0.4962772834267224,0.36414629088178657,0.267450737923176,0.1964654179386853,0.14433845249850802,0.10608748136502663,0.07796413701955825,1.0,0.613566739606127,0.40810704164723605,0.2755485406129306,0.18723679018545755,0.12730446843873683,0.08589637813729359,0.05789240831748992,0.0390238069615334,1.0,0.7400915928304098,0.5792660616278653,0.4567325513266612,0.3578768638423551,0.2796427162176705,0.21840465855962501,0.1711638028960553,0.13383314799536059
Claude Debussy,debussy,debussy_op10,String Quartet Op. 10,Op. 10,Late 19th century / fin-de-siècle,1,debussy_string_quartet_10_(c)harfesoft.mid,vln I,intervals,1241,1240,1,8,200,0.09599626300790083,10.417072172045868,-0.09599626300790083,-0.0618996586967666,0.9399772005965422,0.9949499090067199,0.015670504266344518,0.3537176836921162,0.025040867445631037,0.29126440863422454,0.40458964236012096,0.35371768369211626,2.8271133904360357,0.999982015986157,0.9999658284978831,1.0,0.8768761651973331,0.7768403534826892,0.6948460096270316,0.6293579696864369,0.5742052959206244,0.5229208139792081,0.48261946893333757,0.4455648771342202,1.0,0.6510332097242204,0.45226740011598654,0.3173664228300884,0.22303984724334464,0.15680735265289183,0.11022880270498533,0.0774984489343887,0.05446218555630372,1.0,0.6112375053980893,0.40141903919276184,0.2678018453565899,0.17891242982483857,0.11957821173149641,0.07990752151336093,0.0535332469639039,0.03578274928639892,1.0,0.7032591293540199,0.5186457905436007,0.3885083894207982,0.291003096660031,0.21764569574788553,0.1625009216250092,0.1215057246079144,0.0911236978755227
Claude Debussy,debussy,debussy_op10,String Quartet Op. 10,Op. 10,Late 19th century / fin-de-siècle,1,debussy_string_quartet_10_(c)harfesoft.mid,vln II,intervals,1566,1565,1,8,200,0.06745851631324813,14.823925201029224,-0.06745851631324813,-0.04041174952585589,0.9603939159901301,0.9965363428158174,0.009112495282501748,0.31337758553942563,0.024211699590766068,0.24261013664978917,0.37934860314875596,0.31337758553942574,3.19103868988802,0.9999874323326702,0.9999713194876427,1.0,0.9113201962564195,0.8400416191566844,0.7786805704990424,0.7262122362629163,0.6793370945574378,0.6368093738740855,0.6009235693208773,0.5670214353497353,1.0,0.6824716315063851,0.4948613133417847,0.36169325848883005,0.2646384973531699,0.19358503146560127,0.1416456826140855,0.10363994034983823,0.07581588145243168,1.0,0.6268976167096627,0.4239440416917099,0.28950130389651935,0.19789298896943944,0.13540901457082719,0.09286892686389596,0.06378993208855119,0.04394498158550189,1.0,0.7421813615763173,0.5808123155767608,0.4554750050086446,0.35702525263768004,0.28024005217235015,0.2199376207330677,0.1728341013254976,0.13572725931092594
Claude Debussy,debussy,debussy_op10,String Quartet Op. 10,Op. 10,Late 19th century / fin-de-siècle,1,debussy_string_quartet_10_(c)harfesoft.mid,viola,intervals,1395,1394,1,8,200,0.0789088881514989,12.672843622889202,-0.0789088881514989,-0.05564395582544095,0.9458758495304557,0.9936133412201449,0.014495517533647109,0.29013763219242866,0.02416325248803415,0.2238188732568082,0.35003534609167003,0.29013763219242883,3.446640108156556,0.9999914357286127,0.9999696211725726,1.0,0.8934852698371083,0.809435377568038,0.7404449271788853,0.6800042863489151,0.6276421647726622,0.5821111516857732,0.5461828086197228,0.5147946662005782,1.0,0.6998249078931966,0.5201270629985543,0.3892620531126528,0.29154067685311114,0.21829901194057422,0.16340899155560748,0.12229877065139022,0.09151583754708517,1.0,0.6526226317141962,0.45833970563602866,0.3248220176843104,0.23013011982009818,0.16282923997415708,0.11435292257210065,0.08047099900019872,0.05640294176703694,1.0,0.7530230724174488,0.5983129263590691,0.4763985513805269,0.38002228485285444,0.30249450941592254,0.2428601599473986,0.1949102727761704,0.15646734103835763
Claude Debussy,debussy,debussy_op10,String Quartet Op. 10,Op. 10,Late 19th century / fin-de-siècle,1,debussy_string_quartet_10_(c)harfesoft.mid,cello,intervals,1317,1316,1,8,200,0.1369256701923872,7.303232466161762,-0.1369256701923872,-0.342378595436293,0.7100793210229753,0.964229953874509,0.0604274082614126,0.42909338525400215,0.01176829332483458,0.37633806492327143,0.4762077937032617,0.4290933852540023,2.330495025944175,0.9999685796715951,0.9999557338660918,1.0,0.6935214452753579,0.535413498176585,0.4413914022656602,0.384287326273295,0.3419387771789283,0.3061958728445507,0.27880493314923965,0.25421394579516543,1.0,0.5961759383666198,0.3817067422316888,0.24822777658744025,0.16195955884153904,0.1056754651109328,0.06893164702263202,0.04497267001399731,0.02934377388119072,1.0,0.5637050483245842,0.3438533044577297,0.21262817053426875,0.1322729258509075,0.08258749705052996,0.05124017914088071,0.032008466439119435,0.019946594150587676,1.0,0.6335169597446986,0.4287022565489916,0.29530444371243075,0.2036349151837549,0.13996724628133156,0.09559319974862339,0.0656919982338223,0.04524194999100558
Claude Debussy,debussy,debussy_op10,String Quartet Op. 10,Op. 10,Late 19th century / fin-de-siècle,2,debussy_string_quartet_10_(c)harfesoft.mid,vln I,intervals,899,898,1,8,200,0.11758205513971845,8.504699112562173,-0.11758205513971845,-0.1153014629960267,0.8910974704981126,0.9949088711019761,0.019272412966692222,0.27241090303826065,0.021992697188305564,0.218967032451057,0.3240742368661228,0.2724109030382607,3.670925021160213,0.9999839880883185,0.999932524199281,1.0,0.8164794007490637,0.7066142069887388,0.6178968208930756,0.5458202499401001,0.485070429639718,0.43383649226345855,0.39343245185941816,0.35806252285653034,1.0,0.7070760446199891,0.534372371098263,0.40673544709951076,0.3100147088657695,0.23633289066636365,0.18016312015201405,0.13730230706713054,0.10464880179107157,1.0,0.6572743666376625,0.47163520347040944,0.3417319260015889,0.24792998650676554,0.17932130291680853,0.12974942937489753,0.09391795609024073,0.06757462263080241,1.0,0.7635632227392527,0.6098336675115701,0.49063670411985016,0.39421430282853503,0.31511116155310914,0.25294896530851585,0.20430018033014288,0.16525050757260495
Claude Debussy,debussy,debussy_op10,String Quartet Op. 10,Op. 10,Late 19th century / fin-de-siècle,2,debussy_string_quartet_10_(c)harfesoft.mid,vln II,intervals,1241,1240,1,8,200,0.10695675203860411,9.349573364373182,-0.10695675203860411,-0.17426483862213152,0.8400743840522732,0.9900254511604403,0.024598652015049627,0.2495695875468323,0.02616785354883365,0.1897146083690543,0.3344310228364561,0.24956958754683223,4.006898476010615,0.9999923652661374,0.9999602642486627,1.0,0.7823727367522988,0.6823092762873785,0.6013366195847948,0.5345635710599215,0.4769554249481257,0.434438230058668,0.40029202346720594,0.37069864442127215,1.0,0.7325625147678249,0.5677256187655884,0.44247827377059856,0.344977210550316,0.2689329805819125,0.20965529897294288,0.16340848488482188,0.12735259522248682,1.0,0.6591672723059584,0.4668320325254632,0.3325130870751309,0.23692345772637743,0.16997266723544097,0.1218006446108636,0.08752672712526727,0.06352234545665203,1.0,0.7859038771447531,0.6472164291507357,0.5332219483679338,0.4392451627853088,0.363258497382585,0.3014016599783023,0.25037128321799856,0.20812267618836963
Claude Debussy,debussy,debussy_op10,String Quartet Op. 10,Op. 10,Late 19th century / fin-de-siècle,2,debussy_string_quartet_10_(c)harfesoft.mid,viola,intervals,1232,1231,1,8,200,0.09199280329923518,10.870415555738521,-0.09199280329923518,-0.07225763799122353,0.9302911865808657,0.9946265173769452,0.01549285344260764,0.2778368478997239,0.023148820163120646,0.21858796329217184,0.33676453219431257,0.27783684789972385,3.5992346139807827,0.9999921995093157,0.999958097450785,1.0,0.8667318658180089,0.778387015749336,0.7005154473890947,0.632443792452931,0.5770378742938985,0.5295640741987719,0.4901974144795558,0.45673742377845117,1.0,0.7095657997838292,0.53422606486721,0.4047318114944581,0.30683617850042383,0.23256369704294202,0.1762475247866346,0.13355692563855703,0.10115950193182155,1.0,0.659359819152518,0.46957551077122045,0.33715175904103806,0.24136645663989226,0.17228608532538117,0.12287635141273735,0.08764075267610451,0.06242017112105131,1.0,0.7695650895953912,0.6175334947279538,0.49708875100871636,0.3994931033192781,0.3212995473468755,0.2577156782582207,0.2060627194459141,0.16603872402054307
Claude Debussy,debussy,debussy_op10,String Quartet Op. 10,Op. 10,Late 19th century / fin-de-siècle,2,debussy_string_quartet_10_(c)harfesoft.mid,cello,intervals,827,826,1,8,200,0.13414279504188656,7.454742535279263,-0.13414279504188656,-0.19034524369066705,0.8266736807982129,0.9866098656266662,0.03580690166711091,0.3904900589632018,0.02168343027036391,0.32998513496470894,0.4497134431423809,0.39049005896320166,2.5608846551820577,0.9999754099705833,0.9999482774666651,1.0,0.7665499401440722,0.6359296774944697,0.537204713243833,0.46339832403402087,0.40694567589433117,0.36364939054425605,0.3273387845514985,0.29658089804789073,1.0,0.6227152305839123,0.41562459783385874,0.2810367426238774,0.19053817976099055,0.1292049761853208,0.08754993099597885,0.05933776114691626,0.04020203901668154,1.0,0.5743243444954936,0.35794740440217215,0.22540458726277798,0.14425726406166503,0.0924348674959922,0.059205125219795145,0.038137629824671386,0.024351361759674717,1.0,0.6672906012759313,0.4725782231894701,0.33764116893701246,0.24286878565607173,0.17504500389585964,0.12616614572604792,0.09093025963441612,0.06551014863973299
Claude Debussy,debussy,debussy_op10,String Quartet Op. 10,Op. 10,Late 19th century / fin-de-siècle,3,debussy_string_quartet_10_(c)harfesoft.mid,vln I,intervals,511,510,1,8,200,0.16030497360745366,6.238109632510511,-0.16030497360745366,-0.24387019039811006,0.7835893450821295,0.997604023474384,0.018000676706459717,0.36398737630476174,0.029655156974046193,0.27907406946270674,0.46127221293844595,0.36398737630476174,2.7473480266049486,0.9999782934975552,0.9999197345761581,1.0,0.6934884715610719,0.5576897182641205,0.47645600500582164,0.40828336752394,0.34969466072093336,0.2980840059246117,0.2553285862514158,0.22123830720854157,1.0,0.6380987301851088,0.4377953507918705,0.3042821988319312,0.2117615182092503,0.14744629630207862,0.10262409827255452,0.07137470791297226,0.04958767725300432,1.0,0.5707270322289372,0.3541698019056973,0.22325806119458547,0.1407491307137256,0.08890085780139878,0.05612539900041979,0.0354922259273047,0.022470753170221697,1.0,0.6968943312238125,0.5218252239550744,0.3904065645964848,0.29573158657616055,0.22446199298234498,0.1710533611082509,0.12926425510680933,0.09825509096813541
Claude Debussy,debussy,debussy_op10,String Quartet Op. 10,Op. 10,Late 19th century / fin-de-siècle,3,debussy_string_quartet_10_(c)harfesoft.mid,vln II,intervals,359,358,1,8,200,0.12639903338915512,7.91145290582419,-0.12639903338915512,-0.062270829810195494,0.9396283729537761,0.9983645026499844,0.011722055177607755,0.43172082375129506,0.03510188377920098,0.3621497741967365,0.5060090592069485,0.431720823751295,2.316311711144326,0.9999774217685845,0.9999120900929006,1.0,0.8478306878306878,0.7258119658119658,0.632950752950753,0.5596418396418397,0.4972242572242572,0.4412047212047212,0.39003663003663,0.3441432641432641,1.0,0.5952342053154944,0.380715224363059,0.24711694124392072,0.16087432096801105,0.10474333686590423,0.06813314943325222,0.04427861507126209,0.02874886685471052,1.0,0.5392755392755393,0.3218884818884819,0.19324379324379323,0.11759055759055759,0.07125763125763125,0.04302808302808303,0.026064306064306063,0.015742775742775744,1.0,0.6551892551892552,0.4569149369149369,0.31884411884411884,0.22323158323158324,0.15513227513227512,0.10761090761090761,0.07462759462759463,0.051982091982091985
Claude Debussy,debussy,debussy_op10,String Quartet Op. 10,Op. 10,Late 19th century / fin-de-siècle,3,debussy_string_quartet_10_(c)harfesoft.mid,viola,intervals,386,385,1,8,200,0.11517559860211306,8.682394640331859,-0.11517559860211306,-0.4192582395631177,0.6575343719522635,0.9970749892536672,0.014293544942629079,0.38793423722914644,0.030832643490253227,0.3107043846266333,0.4844518252604161,0.3879342372291466,2.5777564959014323,0.9999822044663662,0.999882836575714,1.0,0.6043113974148457,0.5121749259680294,0.45939118352911457,0.4115756529549633,0.36877043773595497,0.3297685711478815,0.29464022567470843,0.2636660912522982,1.0,0.6215957088488397,0.4164159376219525,0.2826150245145879,0.19222312809731004,0.13067284342943508,0.08875116715817022,0.06023119435932651,0.04084056957581857,1.0,0.5694356728839487,0.3496835220973152,0.2201310822000477,0.13833803488975902,0.08502098157270571,0.05208201759925898,0.03167585926206616,0.019143053625812246,1.0,0.6786100234376097,0.4876847290640394,0.3562657010932873,0.2596241561758803,0.19091125987677712,0.13993796752417442,0.10326582740375843,0.07578628268283441
Claude Debussy,debussy,debussy_op10,String Quartet Op. 10,Op. 10,Late 19th century / fin-de-siècle,3,debussy_string_quartet_10_(c)harfesoft.mid,cello,intervals,247,246,1,8,200,0.13679206970967545,7.3103653020411095,-0.13679206970967545,-0.09588119174626294,0.9085719555039592,0.9965559951150245,0.018425598293947933,0.4312909508751728,0.031928928957332466,0.3486888804345432,0.501501451172199,0.431290950875173,2.3186204068756973,0.9999819942930153,0.9998078742672193,1.0,0.8201540030238037,0.6902007664990683,0.5890439857951549,0.5159101297422735,0.45198832671143774,0.3986146759959214,0.3508667065152421,0.31029148060898,1.0,0.589273469493508,0.37743963569912264,0.24536041120595314,0.15995535325994012,0.10416911225733952,0.06775576717036855,0.04400934106435248,0.02853602534125865,1.0,0.5350726064484371,0.3237227945571534,0.20034457297563377,0.12327274005836644,0.07492704194648571,0.04549769698674449,0.02749551703526599,0.016490278119616047,1.0,0.6443866249428641,0.44326852079744034,0.3083928131922225,0.21732709820329807,0.15298336907984952,0.10854048732463696,0.0775992405330333,0.055342639147709295
Claude Debussy,debussy,debussy_op10,String Quartet Op. 10,Op. 10,Late 19th century / fin-de-siècle,4,debussy_string_quartet_10_(c)harfesoft.mid,vln I,intervals,1260,1259,1,8,200,0.0656729166617421,15.226977128953253,-0.0656729166617421,-0.050239474011680316,0.9510016570476818,0.9970699272050653,0.008157223327507315,0.32124591679600945,0.021854906524504152,0.2638619117316258,0.37199458132819185,0.3212459167960094,3.1128800327600685,0.9999828076506135,0.9999625688597158,1.0,0.9046143277071633,0.8321023692228326,0.7746684441584113,0.7247147968526138,0.6807563533837466,0.6399059666005215,0.601892926553326,0.5677145184810618,1.0,0.6749759836721287,0.48501544256480894,0.35154345040850904,0.2552005686695215,0.18527498068651627,0.13454401954506845,0.09769951722684564,0.07092172544830709,1.0,0.6320860244711579,0.4322816507177644,0.29971677609988684,0.2083419526359743,0.14451697428000093,0.09977704737168731,0.06867604957567493,0.04717248565364961,1.0,0.7273720959334768,0.5557356032107221,0.42677806636479954,0.32852057012536934,0.25275370757706933,0.1939151554156036,0.1488432257388977,0.11404550481020934
Claude Debussy,debussy,debussy_op10,String Quartet Op. 10,Op. 10,Late 19th century / fin-de-siècle,4,debussy_string_quartet_10_(c)harfesoft.mid,vln II,intervals,1967,1966,1,8,200,0.09099708049645265,10.989363554789904,-0.09099708049645265,-0.14565620376972824,0.8644548484211373,0.9908346328752223,0.020053096986496415,0.2697971016304488,0.020559024170695675,0.2176932465702072,0.3073164026055305,0.26979710163044873,3.706489039195602,0.9999908026893984,0.9999751432769236,1.0,0.8153760882566568,0.7227588443583763,0.6483884911367404,0.5867844437109885,0.5366530733979157,0.495546861842438,0.4606136732536925,0.42899772194126684,1.0,0.715712840584367,0.5431051779201066,0.4147406198209652,0.3169120292249867,0.242140574314092,0.1850196173610497,0.14133742713644748,0.10794636095981383,1.0,0.6830933002965283,0.5011119158270594,0.3692634659133274,0.27238991772605003,0.1999868603616216,0.14722391247332314,0.10837073176836069,0.07958240977839375,1.0,0.7584027205308413,0.6078808631073889,0.48845927833143277,0.3927396198160346,0.3161204070576543,0.2547911449265614,0.2049429025356895,0.1649139327615505
Claude Debussy,debussy,debussy_op10,String Quartet Op. 10,Op. 10,Late 19th century / fin-de-siècle,4,debussy_string_quartet_10_(c)harfesoft.mid,viola,intervals,2212,2211,1,8,200,0.09182240388408418,10.890588328120787,-0.09182240388408418,-0.1866699606604899,0.8297175306272714,0.9887127488513573,0.022479535711780678,0.2940579890007042,0.018618526964477092,0.24640719660755814,0.35132904866466996,0.294057989000704,3.400689787066475,0.9999874069347494,0.9999740164218649,1.0,0.7865499364420568,0.6919375739896017,0.6177716741648288,0.5592477013279202,0.5131651031879478,0.47346095449778514,0.44047013930022827,0.4094041865036376,1.0,0.6980953223800559,0.516450099000585,0.3847578148344696,0.2869158406529169,0.21399819561390473,0.15964062940674678,0.11907090604964983,0.08881899818512717,1.0,0.6527672625927522,0.4570013831987893,0.32187258259443274,0.22738091020906157,0.1606508366334309,0.11323652864061794,0.07939223283214689,0.05553020011484092,1.0,0.7385984958639967,0.5733680272652455,0.4478973154080436,0.3497235661978839,0.2732167733654734,0.21358105141232092,0.16705152930379544,0.13063978916722205
Claude Debussy,debussy,debussy_op10,String Quartet Op. 10,Op. 10,Late 19th century / fin-de-siècle,4,debussy_string_quartet_10_(c)harfesoft.mid,cello,intervals,1356,1355,1,8,200,0.07963112035127423,12.557904442242327,-0.07963112035127423,-0.1315550512517887,0.876731008669735,0.9900277932834436,0.01831194269227501,0.39096104347641747,0.018594416649601177,0.33463373031100313,0.4412789936471994,0.39096104347641736,2.5577995984152824,0.9999688580728031,0.9999510148744204,1.0,0.8353897770405275,0.7489695752072415,0.679231130173878,0.6235760751995312,0.5791031394085989,0.5393037390486387,0.5054368538504073,0.4746937363830823,1.0,0.6213922850856276,0.4140218737870603,0.27971531310278264,0.18948772833903615,0.12845105591287687,0.08707054896520244,0.058989087060111384,0.03996357795121734,1.0,0.5797948623052878,0.36656687352265394,0.23648662044900307,0.1531020687801665,0.09893950508768799,0.0636748549915297,0.040832578826670546,0.02604094382725432,1.0,0.6696736786220175,0.470519166672174,0.3359383088917233,0.239894567331734,0.17136002855009153,0.12289646846823031,0.08873769383110947,0.06418373393781984
Dmitri Shostakovich,shostakovich,shostakovich_op49,"String Quartet No. 1, Op. 49",Op. 49,20th century,1,shostakovich_string_quartet_49_1_(c)bachovich.mid,vln I,intervals,439,438,1,8,200,0.1273794735041274,7.850558433714971,-0.1273794735041274,-0.13883194711426267,0.8703742850787629,0.9880212632412111,0.03213671387844512,0.28990439889533254,0.030978322963123812,0.1996046636658916,0.37233383163501127,0.28990439889533254,3.4494129920430816,0.9999899857514402,0.9998947519130144,1.0,0.8131441212971456,0.6718502131333297,0.5753952409215993,0.5045594345222036,0.44932822532779365,0.39991366751200563,0.3605460529865645,0.32682242486375657,1.0,0.6925043414833162,0.5143230031507833,0.3852898380794465,0.2886926821208848,0.2162044867139769,0.16189248382447188,0.12115305440307408,0.09065651399394897,1.0,0.632245184265904,0.4311984028489721,0.2975125451896617,0.204554038741704,0.14142340689580749,0.098138455727621,0.06785733556358928,0.046069173906005505,1.0,0.7830032914261048,0.6369610964225976,0.5246317379808989,0.4309394053849889,0.3515890573571467,0.28832892677925864,0.2364323099336319,0.19274807100847138
Dmitri Shostakovich,shostakovich,shostakovich_op49,"String Quartet No. 1, Op. 49",Op. 49,20th century,1,shostakovich_string_quartet_49_1_(c)bachovich.mid,vln II,intervals,402,401,1,8,200,0.09107363147475805,10.980126561409378,-0.09107363147475805,-0.03223394917728112,0.9682800272633185,0.9969973869717446,0.011451832257466814,0.3617743049550978,0.02780797649495418,0.3004953096814682,0.4540880031859991,0.36177430495509777,2.7641542981448524,0.9999635906846421,0.9998581826251858,1.0,0.8990454786169128,0.8071065989847716,0.7334702470905826,0.6647421242298601,0.6084137378747368,0.55567610854936,0.5102362408132161,0.47705402926854473,1.0,0.6359566794912007,0.4367035760029003,0.30362263683235086,0.21165077150915923,0.14766198147106913,0.1030457085223768,0.07192902502823198,0.05023221658312759,1.0,0.576846075354232,0.35456788209917206,0.2231952571007866,0.14213197969543148,0.08989808966559461,0.057271282985236566,0.03676005218222446,0.023946991126438562,1.0,0.6810426111778458,0.5002260368633833,0.3684271709226179,0.2716575606101704,0.20156030017695456,0.14954598881440437,0.11055140078273337,0.08142493638676845
Dmitri Shostakovich,shostakovich,shostakovich_op49,"String Quartet No. 1, Op. 49",Op. 49,20th century,1,shostakovich_string_quartet_49_1_(c)bachovich.mid,viola,intervals,381,380,1,8,200,0.06448583387895133,15.507281829946338,-0.06448583387895133,-0.0191589112663566,0.9810234541759313,0.9998209090615301,0.0019775144724532793,0.3438694153962855,0.031927360269539386,0.24418944704297477,0.4292350903526718,0.34386941539628557,2.90808067023806,0.9999820960795931,0.9998900999657784,1.0,0.9228141485773588,0.8616420190838594,0.8078497506414137,0.7571132059154199,0.7083801781544582,0.6655856323330163,0.6255585344057194,0.5868863328432644,1.0,0.6477633181249263,0.45429740068449137,0.32209704829204566,0.22874292588387474,0.1624384612835857,0.1153217691387293,0.08183347410370584,0.058004587464813046,1.0,0.5857908847184986,0.3686471215659143,0.23895182911009252,0.15615901294358442,0.10217936521663928,0.06663495632621293,0.043789097408400354,0.02855372019948687,1.0,0.7332583816195336,0.5696041972959728,0.4454870420017873,0.35110553777854653,0.2753754792585546,0.21495286690305285,0.166637839084436,0.1285710167488253
Dmitri Shostakovich,shostakovich,shostakovich_op49,"String Quartet No. 1, Op. 49",Op. 49,20th century,1,shostakovich_string_quartet_49_1_(c)bachovich.mid,cello,intervals,246,245,1,8,200,0.31414719213013265,3.183221193922876,-0.31414719213013265,0.017364370697764406,1.0175160078054266,0.9993034069993316,0.019004379887985826,0.39291156442646047,0.034813851817072125,0.304426838750741,0.46957071114437315,0.39291156442646047,2.545101978506834,0.9999781058673474,0.9997981287000336,1.0,0.726163883274829,0.5370705244122965,0.40017019466014253,0.2955359358933447,0.2173882211112293,0.1563308867850938,0.11218664681062299,0.08009786192958196,1.0,0.6089242528461866,0.4054940471922739,0.27384649590648896,0.1854171496735666,0.12554570232948986,0.08493081824559692,0.057284078516230415,0.03855628293242431,1.0,0.5637698117221572,0.3478707938871751,0.22284863312413572,0.14367265893699252,0.09069957096762755,0.05722795447292841,0.03506719143353544,0.021274332517817254,1.0,0.6686522710349962,0.4856220969400418,0.356345069673439,0.26131971776052193,0.19288728149487644,0.1427862284154168,0.10537886040492146,0.0766939687267312
Dmitri Shostakovich,shostakovich,shostakovich_op49,"String Quartet No. 1, Op. 49",Op. 49,20th century,2,shostakovich_string_quartet_49_2_(c)bachovich.mid,vln I,intervals,288,287,1,8,200,0.2340965844683431,4.271741094690043,-0.2340965844683431,0.013873988248376799,1.0139706786664402,0.9990128097451693,0.01686124466454616,0.34634235180559003,0.03596826092993863,0.2536893508712942,0.4680312913436958,0.3463423518055899,2.8873165374857863,0.9999837168413764,0.9998094676310681,1.0,0.782078853046595,0.6310291858678956,0.5094214029697901,0.4060163850486431,0.3193804403481823,0.25133128520225295,0.19618535586277522,0.15207373271889402,1.0,0.6487016544819179,0.45392159159593765,0.32117314483987414,0.22747348048687588,0.1610964002261248,0.11409266969664686,0.08073117807004775,0.057119261928490296,1.0,0.5576548899129544,0.34091141833077315,0.21223758320532515,0.13277009728622632,0.08381976446492576,0.052816180235535075,0.03289810547875064,0.020890937019969278,1.0,0.7091397849462365,0.5373527905785971,0.4100614439324117,0.3168714797747056,0.2461341525857655,0.19221710189452124,0.15117767537122376,0.11902201740911418
Dmitri Shostakovich,shostakovich,shostakovich_op49,"String Quartet No. 1, Op. 49",Op. 49,20th century,2,shostakovich_string_quartet_49_2_(c)bachovich.mid,vln II,intervals,185,184,1,8,200,0.1972615898434432,5.069410627753993,-0.1972615898434432,-0.012465169053210034,0.9876121993627704,0.9998908308528778,0.004722759676383271,0.4832526425183984,0.03879306912744829,0.373729548339279,0.5746987919396862,0.48325264251839845,2.069310981495415,0.9999732918690286,0.9997034651848231,1.0,0.8152285567539805,0.66454802259887,0.5430790960451978,0.44863893168977914,0.3704417051874679,0.30091165896250643,0.24723934257832564,0.20499486389316898,1.0,0.5581948129592477,0.33789204850044574,0.20836486919862893,0.12891399833306216,0.0797677110401631,0.049255786390904346,0.030445099132132405,0.018755902943629707,1.0,0.49126861838726243,0.2792116076014381,0.1587699024139702,0.09071648690292758,0.05206728299948639,0.029468412942989214,0.016756548536209552,0.009373394966615305,1.0,0.6263482280431433,0.4192347200821777,0.28479712378017463,0.19947354904982023,0.13809707241910632,0.09508217770929635,0.06510015408320494,0.0450693374422188
Dmitri Shostakovich,shostakovich,shostakovich_op49,"String Quartet No. 1, Op. 49",Op. 49,20th century,2,shostakovich_string_quartet_49_2_(c)bachovich.mid,viola,intervals,247,246,1,8,200,0.17888493009805653,5.590185821979782,-0.17888493009805653,0.020317867438981802,1.0205256803598406,0.9995787665302694,0.008414074091647973,0.4222108751767701,0.03937729631765617,0.33047824303898315,0.5148069212979282,0.42221087517676986,2.368484704666414,0.9999699931335807,0.9998257799344781,1.0,0.8411799866390071,0.7125628494075454,0.6045146091909567,0.5047994093034703,0.4171091030554481,0.34889771808304915,0.29133996694912273,0.24222073766745192,1.0,0.597182504714211,0.38513588454168757,0.252211248146888,0.16572993169751482,0.10889312433650528,0.07155740555546065,0.046955430812694,0.03083752623127574,1.0,0.5217819345311346,0.3114166168559474,0.19141380401532998,0.11634612003797334,0.06933652121936641,0.040926830983439404,0.024190429309799234,0.014310326641116698,1.0,0.6609823845856334,0.4709750008790127,0.3352554410885693,0.23677085897120353,0.16757497978270805,0.12137407264160895,0.08899124503357829,0.06578530993987554
Dmitri Shostakovich,shostakovich,shostakovich_op49,"String Quartet No. 1, Op. 49",Op. 49,20th century,2,shostakovich_string_quartet_49_2_(c)bachovich.mid,cello,intervals,153,152,1,8,200,0.35037761509415727,2.8540636071493015,-0.35037761509415727,0.011606516210969703,1.011674133166126,0.9985710907103961,0.030368884464713003,0.5042980119729168,0.04190492535187368,0.4144531049979987,0.6295770613386285,0.5042980119729169,1.9829544758421624,0.9999666060443285,0.9995579906403471,1.0,0.6938697318007663,0.49310344827586206,0.3545019157088123,0.2549808429118774,0.18275862068965518,0.12777777777777777,0.08706896551724137,0.058045977011494256,1.0,0.5387022531682619,0.31844302885037706,0.19225644573963777,0.11644062150255496,0.07058478934597302,0.04282626587385708,0.025836019915846435,0.0155914976334814,1.0,0.4932950191570881,0.2657088122605364,0.14655172413793102,0.07988505747126437,0.04367816091954023,0.02318007662835249,0.011781609195402299,0.005651340996168582,1.0,0.5886973180076628,0.37729885057471263,0.2446360153256705,0.15881226053639846,0.10660919540229885,0.07136015325670499,0.04818007662835249,0.031800766283524906
Dmitri Shostakovich,shostakovich,shostakovich_op49,"String Quartet No. 1, Op. 49",Op. 49,20th century,3,shostakovich_string_quartet_49_3_(c)bachovich.mid,vln I,intervals,453,452,1,8,200,0.12900829516856505,7.751439538778326,-0.12900829516856505,-0.044095386973094244,0.9568626808850207,0.9969193402634327,0.016431951460528765,0.3919537739200099,0.027108330409292038,0.33271861291114646,0.4706803097185076,0.3919537739200096,2.551321269339484,0.9999763790194492,0.9999082035827669,1.0,0.8617775078449236,0.7439214495394271,0.6424739346087661,0.55817390424132,0.4938758983702804,0.4373519587002733,0.39054560178155684,0.3484461990079968,1.0,0.6214077238215114,0.41429961101763607,0.279760583964053,0.1893059664622211,0.1281676660369447,0.08672788532736966,0.05871302995736885,0.03971972308444125,1.0,0.5713634983297905,0.34938758983702806,0.22058912845429698,0.13886020852312986,0.0864662415224213,0.053902216823565136,0.03363700779431116,0.020973782771535582,1.0,0.6751290616459156,0.48726591760299626,0.3512501265310254,0.2521409049498937,0.1813847555420589,0.12914262577183924,0.09178054458953336,0.0648041299726693
Dmitri Shostakovich,shostakovich,shostakovich_op49,"String Quartet No. 1, Op. 49",Op. 49,20th century,3,shostakovich_string_quartet_49_3_(c)bachovich.mid,vln II,intervals,499,498,1,8,200,0.06437917321832133,15.532973631221086,-0.06437917321832133,-0.032538226409271585,0.9679854465162111,0.9966580801452422,0.008541811160415063,0.3349225907181499,0.027942542039327525,0.25459743248743594,0.41336142192112,0.3349225907181498,2.985764554895428,0.9999543341862159,0.999872917313221,1.0,0.9198969200714909,0.852495947462488,0.7927012760297601,0.7421422336755477,0.6941768153289829,0.6545907976225114,0.6188037740554471,0.5853111101874559,1.0,0.6533556629122141,0.4602478810649881,0.32888049909308614,0.23556324747761623,0.1688745126154012,0.12106165954769582,0.0867735049073048,0.062219509035872554,1.0,0.576166922981005,0.3826676087950455,0.25388420133837647,0.16831954777837815,0.11146764204663535,0.0742009227316181,0.04921235296562617,0.03289413525084168,1.0,0.7265888025271209,0.556772933205869,0.42990980506255455,0.33489338709007027,0.26145725092480987,0.20293445280352468,0.156531859179517,0.12110229020325035
Dmitri Shostakovich,shostakovich,shostakovich_op49,"String Quartet No. 1, Op. 49",Op. 49,20th century,3,shostakovich_string_quartet_49_3_(c)bachovich.mid,viola,intervals,560,559,1,8,200,0.03562969239564285,28.066478623943716,-0.03562969239564285,0.005562389416210877,1.0055778882277027,0.9998873674283386,0.0008664593328174197,0.35621099573917525,0.028706511416302153,0.2917143165775216,0.42905273459037685,0.35621099573917525,2.80732490563604,0.9999560282191554,0.9998590637379985,1.0,0.9691996107209553,0.9362358294536942,0.9039822194166075,0.8727872905652437,0.8422762303058997,0.8126068544675031,0.7835753176043557,0.7550698335043005,1.0,0.6328084875423203,0.43597357498721867,0.3048498902974817,0.21392569231508726,0.15020855769745833,0.1054652447604025,0.07396851810681905,0.05183959415774904,1.0,0.5861477156158763,0.3721757542281491,0.24320734369657276,0.1603408821904837,0.10433598989978694,0.06790026039611773,0.044063494568505224,0.028709329545753438,1.0,0.6870183329387938,0.5164983297824772,0.39024566664036403,0.2922946421526079,0.21800941634445936,0.1618401325652963,0.12045950708856099,0.08918567032273338
Dmitri Shostakovich,shostakovich,shostakovich_op49,"String Quartet No. 1, Op. 49",Op. 49,20th century,3,shostakovich_string_quartet_49_3_(c)bachovich.mid,cello,intervals,272,271,1,8,200,0.10871944531471417,9.197986589291945,-0.10871944531471417,-0.011925674092426402,0.9881451549180267,0.9999677795167256,0.0014140341607243648,0.42194552516090444,0.02909212571825734,0.35036124688733755,0.49808776970942575,0.42194552516090444,2.3699741800050154,0.9999073918429836,0.9996784944184302,1.0,0.888034335752967,0.7947632215693052,0.7119771863117871,0.6399930867611476,0.5725025924645697,0.5145178015900449,0.46261089987325726,0.4140742020970158,1.0,0.5708110321033119,0.3637361505398762,0.23808658417096543,0.15667202400883723,0.10314447581124563,0.06792652119075547,0.04468657567194962,0.029330556106172884,1.0,0.5169374351883858,0.306026039866344,0.18487152897799286,0.11461573914045398,0.0697084917617237,0.04297730153243461,0.02650074893420901,0.016274916465030532,1.0,0.6238910012674271,0.43248070054153703,0.30245419979260285,0.21258209471137227,0.15059338633483121,0.1073568383454315,0.07581518608134578,0.052684641087682914
Dmitri Shostakovich,shostakovich,shostakovich_op49,"String Quartet No. 1, Op. 49",Op. 49,20th century,4,shostakovich_string_quartet_49_4_(c)bachovich.mid,vln I,intervals,798,797,1,8,200,0.1375758766720705,7.268716174592341,-0.1375758766720705,-0.04418646853452019,0.95677553230685,0.9987416251523028,0.011189234606505869,0.2782329146394699,0.020209610630956106,0.2226702127196489,0.3271416658303159,0.27823291463947,3.5941110752327234,0.9999861712643119,0.9999333784487615,1.0,0.8500585583417561,0.728260416165311,0.6246137555951292,0.5445701175979849,0.47637612103126853,0.41798463044071166,0.3677110907894948,0.321750012032536,1.0,0.702115176699512,0.5272778681829352,0.3994361652939505,0.3027855200157136,0.2295331522530171,0.17391148431655562,0.13171787201918456,0.09968268585112593,1.0,0.6627970030963726,0.4762060611894563,0.34435513628852416,0.2512746466445268,0.1836389597471563,0.13181562946206543,0.09378639842133128,0.06692336076751536,1.0,0.7505671335290626,0.5994416903306541,0.4793120598097255,0.3802313455583899,0.3031749851598723,0.2419951548988465,0.19365323835651602,0.15508815838026022
Dmitri Shostakovich,shostakovich,shostakovich_op49,"String Quartet No. 1, Op. 49",Op. 49,20th century,4,shostakovich_string_quartet_49_4_(c)bachovich.mid,vln II,intervals,900,899,1,8,200,0.06467247217102753,15.462529364201227,-0.06467247217102753,-0.05259638633611142,0.9487628688717324,0.9975566511367003,0.007333698816091883,0.30239742114141327,0.024538552182060414,0.2381556302711328,0.3647578288560104,0.30239742114141316,3.306906508082818,0.9999886152501144,0.9999566047657116,1.0,0.90139310393421,0.8333635306729477,0.7753468919388202,0.7261126461425416,0.6827970789106813,0.6421992722441153,0.6053383863548288,0.5700653772402652,1.0,0.6885151508744184,0.504896735114818,0.3731980801925353,0.2761536461974072,0.20428376114705388,0.15105840791544778,0.1117163118832042,0.082588693463019,1.0,0.6389077622261479,0.4432617153095479,0.3080053147317721,0.214323101468094,0.14874454560553216,0.10345356907389792,0.07168596779957019,0.0496142289864263,1.0,0.7382469437775865,0.5772624098483591,0.45573070012531897,0.35926781517215,0.2825690889965927,0.22310297796097497,0.17581142767988805,0.13921728495719526
Dmitri Shostakovich,shostakovich,shostakovich_op49,"String Quartet No. 1, Op. 49",Op. 49,20th century,4,shostakovich_string_quartet_49_4_(c)bachovich.mid,viola,intervals,776,775,1,8,200,0.08559467563721058,11.682969677208169,-0.08559467563721058,-0.08169231691402519,0.9215554621079881,0.9945669984455924,0.014495369641398373,0.3705302911444987,0.022137077208939617,0.30610338582462154,0.43001246376571295,0.370530291144499,2.698834680725256,0.9999804694509026,0.9999522997121091,1.0,0.8659686006084312,0.7789615927857453,0.7048599793568013,0.6426553672316384,0.5907112396784007,0.5487457898739678,0.5094931551499348,0.47309593654932636,1.0,0.6374292490673169,0.4349485414401071,0.30012720700826845,0.20746793658872512,0.14344342288894618,0.0991793090473457,0.06854420646841664,0.04737843295401756,1.0,0.5874891351586267,0.3815189048239896,0.24708007388092135,0.16143117122990006,0.10525654606692743,0.0683772001303781,0.04467486962190352,0.029304514341590614,1.0,0.6901890482398957,0.5068754074315515,0.37551268470230337,0.2768972729248153,0.2047207735767058,0.15047465775749674,0.10993861364624076,0.08067823772272925
Dmitri Shostakovich,shostakovich,shostakovich_op49,"String Quartet No. 1, Op. 49",Op. 49,20th century,4,shostakovich_string_quartet_49_4_(c)bachovich.mid,cello,intervals,507,506,1,8,200,0.1275116406873635,7.842421245694949,-0.1275116406873635,-0.10411915388590554,0.9011179193223265,0.9975112456180478,0.014593571967115757,0.35349654868538055,0.021044637808242235,0.2980418288917124,0.4129310919124705,0.3534965486853807,2.828881933130331,0.9999615400924585,0.9998723438958936,1.0,0.816194638272529,0.6945296214919799,0.6060715809128296,0.532559094091798,0.47197205656292507,0.41713145165833676,0.3707495311908958,0.33037963477155113,1.0,0.6355928595107995,0.43930960227570326,0.30831909954297837,0.2169161397244741,0.1526797235269673,0.10745151885696416,0.07554907087137942,0.05308880385571572,1.0,0.5853071605057505,0.38831075806230936,0.25965183378805806,0.1740831059709781,0.1149688936105142,0.0754038196875679,0.04986680187684606,0.03285285430298348,1.0,0.6737812975348287,0.48529991710328285,0.3579689499480889,0.2654867968869466,0.19652155717056602,0.14566482362314992,0.10979388495867236,0.08224481090695447
Antonín Dvořák,dvorak,dvorak_op105,String Quartet Op. 105,Op. 105,Romantic,1,dvorak_string_quartet_105_(c)harfesoft.mid,vln I,intervals,1138,1137,1,8,200,0.10381654517912826,9.63237601746975,-0.10381654517912826,-0.05694348729919234,0.9446474524369467,0.9966731421685561,0.013743171545373196,0.29895793980061725,0.02369012532828194,0.2430035942918563,0.3562301914529566,0.29895793980061736,3.344952138307233,0.99998564326373,0.9999577836351715,1.0,0.8703418327755003,0.77001653903133,0.6844117670112951,0.6131794916011507,0.5542582126872398,0.5035139562773854,0.4584823283193679,0.4196493098285741,1.0,0.6911366579833419,0.5083813880675514,0.3769366995493509,0.27976326630794746,0.20767523580070416,0.15415896176358598,0.11444841775443043,0.08491653483492999,1.0,0.6438731119245632,0.44646135275167154,0.3119512137767779,0.21888428164951362,0.15338658222093324,0.1079269774332364,0.07624728595279713,0.05375106798247333,1.0,0.7422842675403873,0.5794414353684442,0.4552356616004452,0.3566551964695831,0.2797040218848225,0.219058294206636,0.17208274218707134,0.1355181576616475
Antonín Dvořák,dvorak,dvorak_op105,String Quartet Op. 105,Op. 105,Romantic,1,dvorak_string_quartet_105_(c)harfesoft.mid,vln II,intervals,1152,1151,1,8,200,0.08265502849592953,12.098477469513504,-0.08265502849592953,-0.02670465164398431,0.9736487646244778,0.9986714352193279,0.006907628701451728,0.29289820274427336,0.024656976841054393,0.2114218524963294,0.358743479751309,0.2928982027442733,3.4141554664064997,0.9999853580210736,0.9999549136214355,1.0,0.9054200392783069,0.8271433291118331,0.7568431131423258,0.6939855857178692,0.6378839882776891,0.5909809787762543,0.5479109691708117,0.5071398417855111,1.0,0.6953444277168118,0.5146335300089201,0.3838979342058737,0.2866388885048443,0.21408507589684403,0.15988560082906747,0.11939516729302534,0.0891480323777828,1.0,0.6335737753060587,0.4318885401562567,0.3007145959901865,0.2102735409822024,0.1469938635292966,0.10315755985047323,0.07255627137516901,0.05092108241714541,1.0,0.7729062276306371,0.6210637568905285,0.5031370641606862,0.4076699765676144,0.33108798463129174,0.2684323550465283,0.21687498852853185,0.1747899956561374
Antonín Dvořák,dvorak,dvorak_op105,String Quartet Op. 105,Op. 105,Romantic,1,dvorak_string_quartet_105_(c)harfesoft.mid,viola,intervals,1038,1037,1,8,200,0.1009150992113684,9.909319891818,-0.1009150992113684,-0.12777435983398194,0.880051931807071,0.9933035483026594,0.018985287581478535,0.31909374839862803,0.01841209617629847,0.26567685105888433,0.37972281719232287,0.31909374839862803,3.1338752483196552,0.9999823120177016,0.9999572505211602,1.0,0.8215233943785558,0.7204883617802184,0.6394991838621717,0.576123486842726,0.5199090454489702,0.47658863822921677,0.4378669082057233,0.4020530819817525,1.0,0.673432550276436,0.4846715692339007,0.3522244048513419,0.2562826455276236,0.18649902205198077,0.13570058510127972,0.09872035861563637,0.07180880022700005,1.0,0.6327606215856661,0.426031494428562,0.29259248775793256,0.19974713880004152,0.1358751545000802,0.09309632313396926,0.06397199656561654,0.04441488107031995,1.0,0.7182994140790852,0.5407399020634606,0.4115165067413928,0.31570853029145085,0.24310151244964004,0.18679083283798956,0.14344400728391218,0.11033806032815345
Antonín Dvořák,dvorak,dvorak_op105,String Quartet Op. 105,Op. 105,Romantic,1,dvorak_string_quartet_105_(c)harfesoft.mid,cello,intervals,981,980,1,8,200,0.16120095538417978,6.203437179492918,-0.16120095538417978,-0.184047787052026,0.8318960490170221,0.9884691884613945,0.03989290216120118,0.2776821915441362,0.0184621138222816,0.23387133157925327,0.32295330427277114,0.2776821915441361,3.60123922401792,0.999979725025914,0.9999236987013574,1.0,0.7570261251316407,0.6068795757045158,0.49390329006635963,0.41675865656681005,0.35678758580437236,0.31160468450636314,0.2732924771294076,0.24091203227893876,1.0,0.6968011972467223,0.5228992427406153,0.3961663468105537,0.3005036314848352,0.22791484618044425,0.17279061819346522,0.13099463416676901,0.09930125859966583,1.0,0.6555454049458845,0.47126108636900005,0.34316250703141193,0.2486793633875968,0.17961292341787946,0.1298791654507082,0.0941511341191597,0.068256505906386,1.0,0.7361645075474013,0.5737589822322037,0.4520595164080376,0.35565198634743,0.2803936744784067,0.2212452260413891,0.17575357703255384,0.13906969662365345
Antonín Dvořák,dvorak,dvorak_op105,String Quartet Op. 105,Op. 105,Romantic,2,dvorak_string_quartet_105_(c)harfesoft.mid,vln I,intervals,916,915,1,8,200,0.1678892947599174,5.956305918313645,-0.1678892947599174,-0.10560460379613473,0.8997803474838998,0.9927839195675852,0.03279638470569351,0.29980846165046793,0.023981806179816663,0.23661888615659488,0.36752283551931775,0.2998084616504679,3.3354628968606344,0.9999888063007396,0.9999474144241236,1.0,0.7990883437191885,0.6481259319341975,0.5331197878468495,0.44361767748641256,0.37378393211876304,0.32198417593946255,0.2800829573216636,0.24681988838646066,1.0,0.6890707530072001,0.506713096340057,0.3754716480669108,0.2785351171854303,0.20661291870305312,0.15318399813166445,0.11355722360628792,0.08417173023470867,1.0,0.6373215664751395,0.44243014439819517,0.30943129550388804,0.21645886861367047,0.14970445239910826,0.1035509424981422,0.07142926528372084,0.04937126315636095,1.0,0.7355638232251359,0.577369359217831,0.4550267377081826,0.3571268984744207,0.282154461870231,0.2235962096080898,0.17664615399559958,0.14051746329332795
Antonín Dvořák,dvorak,dvorak_op105,String Quartet Op. 105,Op. 105,Romantic,2,dvorak_string_quartet_105_(c)harfesoft.mid,vln II,intervals,1093,1092,1,8,200,0.1515012070357709,6.600607477430132,-0.1515012070357709,-0.2758027861976516,0.7589625939019214,0.9648690100953875,0.06623793114733496,0.29636163195272125,0.025808387193704194,0.2276793202607449,0.34747872405869584,0.29636163195272136,3.374255950107368,0.9999885607141066,0.9999604263888324,1.0,0.7268046321016206,0.5660465590831023,0.45753566752257385,0.3842144642644583,0.33132280170727973,0.2961603210502151,0.2679357899569779,0.24775621949767884,1.0,0.6942295874688975,0.5122874448318483,0.38094384143438914,0.28351209419911494,0.21099366711665674,0.15702020445700557,0.11681353914007116,0.08687181625288233,1.0,0.6518509701226044,0.45751866274423114,0.3233560630537181,0.228586732871937,0.1615675004676314,0.1143979458227762,0.08133555529103678,0.05760878806944751,1.0,0.7522726886255038,0.5957879164045097,0.4725797949223732,0.37544510007312054,0.29935041746730834,0.23944088288809157,0.19095685887734454,0.15251585695580458
Antonín Dvořák,dvorak,dvorak_op105,String Quartet Op. 105,Op. 105,Romantic,2,dvorak_string_quartet_105_(c)harfesoft.mid,viola,intervals,1289,1288,1,8,200,0.09978122321728387,10.021925646495605,-0.09978122321728387,-0.06975084458154178,0.9326261598214872,0.9996100759492247,0.004515472218181232,0.38066783538562304,0.02282125446291843,0.31080702380053515,0.4430538388810897,0.38066783538562315,2.626962162398046,0.9999759135863989,0.999960263286432,1.0,0.8511831576893052,0.7630696233411397,0.6885806986729118,0.6231520784543325,0.5634013953942233,0.5117644906323185,0.4649748731459797,0.42185914324746293,1.0,0.6310204163337042,0.42555545201044853,0.2905889965373861,0.19893075765958257,0.13620846889431973,0.09323615633302794,0.06379202181417001,0.04364859790722431,1.0,0.5952832259953161,0.3781457357533177,0.24222287275565965,0.15594018345042934,0.10048302107728337,0.06446501756440282,0.04141905737704918,0.026633245511319282,1.0,0.6869901444184231,0.49805693793911004,0.36404298399687746,0.26677766393442626,0.1959040788446526,0.14410250780640124,0.10591578844652615,0.0773102068696331
Antonín Dvořák,dvorak,dvorak_op105,String Quartet Op. 105,Op. 105,Romantic,2,dvorak_string_quartet_105_(c)harfesoft.mid,cello,intervals,887,886,1,8,200,0.1535293891836237,6.5134109196772965,-0.1535293891836237,-0.1689012500092728,0.8445923027501882,0.9913445352089582,0.032870329864106526,0.40786708775663455,0.020956921944730776,0.3566459585251633,0.4704029044317875,0.4078670877566346,2.451779096715639,0.9999720312149953,0.9999485373897892,1.0,0.7646994798914691,0.6246666718496117,0.5186624892129957,0.439257180322431,0.3791816648137638,0.33141305221039646,0.29130483231877186,0.25852270518631393,1.0,0.6113340386750595,0.4005038265901827,0.2660680065544331,0.17726893584269665,0.11811953239193856,0.07872035090733472,0.05245261024033411,0.03492418478398671,1.0,0.5633031945081515,0.3455106626136037,0.21640868557923298,0.13574651252588232,0.08482926083429866,0.05329622344712489,0.03329264721507408,0.020654035829698793,1.0,0.6601620706901868,0.4584003876842861,0.32235844729333657,0.22527152153124927,0.15783363264840716,0.11057294865515535,0.0774694789326243,0.054164366734822396
Antonín Dvořák,dvorak,dvorak_op105,String Quartet Op. 105,Op. 105,Romantic,3,dvorak_string_quartet_105_(c)harfesoft.mid,vln I,intervals,676,675,1,8,200,0.1328591242877098,7.526769466239102,-0.1328591242877098,-0.046190680354548326,0.9548598718118363,0.9988717059014514,0.010231218033294132,0.3641263786121851,0.024522960344502645,0.3028350804002035,0.4319808033070145,0.3641263786121852,2.74629924866019,0.999978181757137,0.9999364890416683,1.0,0.8501243390280907,0.7325454039447342,0.63655746976811,0.5553061792457065,0.485815475495785,0.42745693021752595,0.37810286473529703,0.33470091301654564,1.0,0.6414247209792642,0.440390334520915,0.305758759504541,0.21266578894868365,0.1480617512902662,0.10302090478416888,0.07165845463994161,0.04985381018571047,1.0,0.5898562694700554,0.37862356247026185,0.24562120137536023,0.159333506899245,0.10298144341003151,0.06691863649013817,0.04364883426550198,0.028862814101931072,1.0,0.6948352171219779,0.5092693174370898,0.3737397768181777,0.2751438651931519,0.2025963066371006,0.1491395021052348,0.11000188528490246,0.08148919552199949
Antonín Dvořák,dvorak,dvorak_op105,String Quartet Op. 105,Op. 105,Romantic,3,dvorak_string_quartet_105_(c)harfesoft.mid,vln II,intervals,740,739,1,8,200,0.11526244677265776,8.675852612884297,-0.11526244677265776,-0.01814444290722112,0.982019176408717,0.9997856983040821,0.003866578485945602,0.30021704267334276,0.026253981266370508,0.23119172155757867,0.362757353737066,0.3002170426733427,3.330923491535657,0.9999845672310766,0.9999452059423903,1.0,0.8808877725699505,0.7787408520403968,0.6901355280961031,0.6170826698960179,0.5525180716587054,0.49335441382042716,0.43882921067778996,0.3903777294371809,1.0,0.6895872491114842,0.5065767964575902,0.3750269006163413,0.27795907404012166,0.20609228884936362,0.15280751499075115,0.11331033645213061,0.08398844527573116,1.0,0.6354757686528671,0.44249213219409,0.30873943172389046,0.21578345406023636,0.15080023622106106,0.10518938799309277,0.07303043214998542,0.05037638387417491,1.0,0.7445112242380749,0.5856488230061373,0.46371091326351355,0.3676601406860876,0.29199464764937616,0.2320535534076383,0.184835504922518,0.1469018411787132
Antonín Dvořák,dvorak,dvorak_op105,String Quartet Op. 105,Op. 105,Romantic,3,dvorak_string_quartet_105_(c)harfesoft.mid,viola,intervals,581,580,1,8,200,0.13026568276723338,7.67661888194192,-0.13026568276723338,-0.05013235048767843,0.951103537153297,0.9990710290936121,0.009101491031888204,0.3133721882277809,0.028371971797117236,0.24674706796709672,0.3990818335615962,0.31337218822778085,3.191093650190584,0.9999851557328594,0.9999195370464748,1.0,0.8487411366992519,0.7317943836268443,0.6394024823344195,0.5586228779946057,0.49167673513223253,0.4333162474523731,0.38409060398589195,0.33899608245157986,1.0,0.6778479756085544,0.4911314916444949,0.3589895687959141,0.2626562546724792,0.19222594575976373,0.14061691414967611,0.10289710777345099,0.07527510319152772,1.0,0.6154090237859872,0.4083037381466701,0.2767668631542977,0.18652900328292998,0.1254286725490914,0.08418457633117318,0.05613322105468702,0.037241118392950856,1.0,0.7329964973944032,0.5652314526660076,0.4361537241118393,0.3369213683349809,0.2624940504521656,0.20568959835975542,0.1624196048279818,0.12858956052673332
Antonín Dvořák,dvorak,dvorak_op105,String Quartet Op. 105,Op. 105,Romantic,3,dvorak_string_quartet_105_(c)harfesoft.mid,cello,intervals,579,578,1,8,200,0.12288434238115707,8.137733258955363,-0.12288434238115707,-0.12747223092072896,0.8803178611112771,0.9888315787916636,0.029923399449167165,0.4259255686042948,0.027134956353409193,0.3705613187990966,0.49323683542971425,0.42592556860429465,2.3478280566176766,0.9999488250605839,0.999904394566507,1.0,0.8178633975481612,0.6916274925492365,0.5939963744738378,0.5196915230282361,0.463446707837896,0.4141395520324454,0.375665959996313,0.3434295019510247,1.0,0.5912531385992291,0.37861305245012233,0.24659658284450675,0.16136750889608084,0.10569326863851966,0.06924744063049737,0.04536081766431777,0.029711070230390737,1.0,0.5412787660921129,0.3291240360094632,0.20226749009125264,0.12385780563492794,0.07579807662764618,0.04642516975450887,0.028764555873045133,0.01746397517436323,1.0,0.6434141395520324,0.43538882231849324,0.29520385903462687,0.20127200663655637,0.1385381141118997,0.09623006728730758,0.06698005960610809,0.046314560481764834
Antonín Dvořák,dvorak,dvorak_op105,String Quartet Op. 105,Op. 105,Romantic,4,dvorak_string_quartet_105_(c)harfesoft.mid,vln I,intervals,1959,1958,1,8,200,0.14657540952154102,6.822426785394981,-0.14657540952154102,-0.12156205626992428,0.88553609857658,0.9965081207311199,0.019880621484277546,0.27429746812855155,0.018948419610038392,0.2162846727038311,0.3276750929363824,0.2742974681285516,3.6456771067655,0.9999886593245796,0.999972993351053,1.0,0.7932179421466966,0.6590156264374614,0.5604400110397035,0.48068919291881873,0.4178832682779377,0.36592832078224186,0.3201950347619235,0.2801913548607552,1.0,0.7123695426670592,0.5379529605837536,0.40878571682798415,0.3109164822248534,0.2365223748363124,0.17993556136415353,0.13687118549263066,0.10410950797839487,1.0,0.6691663709603228,0.4816743550316077,0.3496820828240613,0.2541413344898737,0.18279751343821052,0.1314602636386337,0.09452089001038258,0.06819329995137273,1.0,0.7690672764788603,0.6166778377952135,0.497053713414554,0.3998612151559358,0.32238457595710285,0.25986726070785526,0.20951044171956523,0.16894846824113866
Antonín Dvořák,dvorak,dvorak_op105,String Quartet Op. 105,Op. 105,Romantic,4,dvorak_string_quartet_105_(c)harfesoft.mid,vln II,intervals,2053,2052,1,8,200,0.08436577093356999,11.853148367332585,-0.08436577093356999,-0.11062458697988894,0.8952747836595408,0.9946046652023696,0.014237373709850122,0.2804017139135231,0.022304636056005262,0.24191918209586266,0.36007984045162694,0.28040171391352303,3.5663120101626906,0.9999899489496643,0.9999748628097903,1.0,0.8465255814621122,0.7520925937444677,0.6840286317159412,0.6296360269666362,0.5818783821932162,0.5384480308518222,0.4982301350724166,0.4625347489700908,1.0,0.7087940291453645,0.53201918538259,0.4019108273188418,0.3038454307772555,0.22972251378592115,0.17367114454901733,0.13129860305425836,0.09925838817609926,1.0,0.6494021502495227,0.44768300326795823,0.31176895583232456,0.21825798209560812,0.1523705855051938,0.10613782841066226,0.07426255628017359,0.05203613414418251,1.0,0.7440384882224317,0.5805008636404959,0.4552959583538677,0.357129938420758,0.28023291977473574,0.22043837530323113,0.17356494528681957,0.13636715965148158
Antonín Dvořák,dvorak,dvorak_op105,String Quartet Op. 105,Op. 105,Romantic,4,dvorak_string_quartet_105_(c)harfesoft.mid,viola,intervals,2061,2060,1,8,200,0.11861193131385821,8.430855049092042,-0.11861193131385821,-0.09402380460748198,0.9102610935748222,0.9965589056881256,0.01596999682179802,0.27430599669920297,0.020974883325628604,0.2301217207654866,0.33642840818203984,0.2743059966992031,3.6455637573850574,0.9999897044183357,0.9999743717181346,1.0,0.829865769581718,0.7197995801323409,0.6302881059335029,0.5549051499778292,0.4946690480056286,0.44392079674208523,0.3991596000338021,0.3598599111840325,1.0,0.7135781940044839,0.5389426477368845,0.4095926092213664,0.3115566882250251,0.2369980707129092,0.1802704020260846,0.13711524829146088,0.10428543219251821,1.0,0.6606553999329655,0.46894194679207624,0.3350286605727937,0.2394446770712569,0.17146305174095058,0.12266221922181109,0.08738032774744134,0.062462672891570266,1.0,0.7517881405901505,0.5931646646518336,0.469984019962229,0.3737301661904938,0.29684605517148394,0.23620879063491929,0.18803225252067768,0.1495776161733554
Antonín Dvořák,dvorak,dvorak_op105,String Quartet Op. 105,Op. 105,Romantic,4,dvorak_string_quartet_105_(c)harfesoft.mid,cello,intervals,1607,1606,1,8,200,0.14804293173790653,6.754797329806926,-0.14804293173790653,-0.1147306125973697,0.8916062990630655,0.9941719252760762,0.02597162580284821,0.29768957229107007,0.02171050964364735,0.24793486401116097,0.3660660650137909,0.29768957229107,3.3592039932867936,0.9999889929128135,0.9999685136539092,1.0,0.8008619279415091,0.6670181065919641,0.5617035365501436,0.4776773030077465,0.41342954490486467,0.3618328413957096,0.31923346960436005,0.2827729471094653,1.0,0.6932626316696316,0.5109298282071657,0.3794450615047725,0.28201169047833213,0.20963567079002426,0.1557812049314573,0.11573156664750836,0.08594658273553064,1.0,0.6399321854006063,0.43998948028375057,0.30615192067006836,0.21252801148402356,0.14770417368176764,0.10239816656373939,0.07081162272102166,0.04914288576793537,1.0,0.7353125114961557,0.5680145835828244,0.44226640398684725,0.3444698305652547,0.2694252744010063,0.21040058672465034,0.16491298926660203,0.12927510232067757
Antonín Dvořák,dvorak,dvorak_op51,String Quartet Op. 51,Op. 51,Romantic,1,dvorak_string_quartet_51_(c)harfesoft.mid,vln I,intervals,2017,2016,1,8,200,0.09266932684523052,10.791057127997988,-0.09266932684523052,-0.10604385849600736,0.8993852015286269,0.9897855354873658,0.021570137351005193,0.3057365540113432,0.02098292104906681,0.2389321673297056,0.36755987758548764,0.3057365540113432,3.2707897923219833,0.9999886926489567,0.9999741397490414,1.0,0.8514161373421198,0.7463862816528808,0.6694555773917769,0.6066346857468087,0.5529117973105091,0.510897177839166,0.47435990235176767,0.4404190108654481,1.0,0.6876427849935192,0.5026461068468684,0.37023622032282355,0.2729861896071612,0.20126853687200513,0.14835651523671078,0.10935249801736342,0.08059337167633572,1.0,0.6424962172217055,0.4409128047293157,0.30396383604457233,0.2103646142161072,0.146135715971356,0.10162238056236973,0.07042164839893784,0.048889062961692306,1.0,0.7414537965608943,0.5778528494285675,0.45454220945982127,0.3586609262303697,0.28256213572787,0.22274019898504538,0.17574004628573808,0.13857511715209841
Antonín Dvořák,dvorak,dvorak_op51,String Quartet Op. 51,Op. 51,Romantic,1,dvorak_string_quartet_51_(c)harfesoft.mid,vln II,intervals,1583,1582,1,8,200,0.15968548840370658,6.262309806585958,-0.15968548840370658,-0.14860816466457036,0.861906774271207,0.9958892755139176,0.023507084032112314,0.2752010376897653,0.01912643951236973,0.22431182058295984,0.33818891168095144,0.2752010376897652,3.6337072287034844,0.99998979982125,0.9999699744356059,1.0,0.7667380649845708,0.6229015146931284,0.5242734111857364,0.4451689155119905,0.3790314838345334,0.3262790181722837,0.2839918517173917,0.24793852483814363,1.0,0.7108993376153824,0.5362890193247045,0.4073063130504035,0.30961725545059754,0.23532401647757292,0.1788361390992811,0.1358632364689877,0.10321370070470365,1.0,0.6593614489421351,0.46466751376535365,0.33149311228091405,0.23660837820939473,0.16902684496077125,0.12089469756559973,0.08632823057219499,0.0612896069058712,1.0,0.7560146023678426,0.5980250499183155,0.4751900929791654,0.37795768540368285,0.30090397531312396,0.24116576914543877,0.19387426635203,0.15578386882071762
Antonín Dvořák,dvorak,dvorak_op51,String Quartet Op. 51,Op. 51,Romantic,1,dvorak_string_quartet_51_(c)harfesoft.mid,viola,intervals,1511,1510,1,8,200,0.10843321289715618,9.222266621837104,-0.10843321289715618,-0.1438043306264545,0.8660571923494169,0.9895350046405966,0.025550294893291303,0.29434126139648326,0.02617239978734293,0.23701356298217555,0.38750908780682863,0.29434126139648314,3.3974169820961033,0.9999919391492739,0.9999760269121922,1.0,0.8102312906366583,0.6990369017845357,0.6148687976909032,0.5442537029801914,0.49015595085904534,0.4459602765175375,0.4088875068327615,0.3768211468762431,1.0,0.6988645181271945,0.5172551035965852,0.3855271140553558,0.28753232017982,0.21438563567002447,0.15981397130131006,0.11910457699777732,0.08873480959691081,1.0,0.6323766138384571,0.4284560041036436,0.2902353304930308,0.19777223183459977,0.13429510264867514,0.09100839599097411,0.06170880608955192,0.041922369198575775,1.0,0.7532834907194045,0.5895009802853237,0.4642973263415468,0.36625727683558756,0.2892023321311217,0.22855930393983448,0.18100771382224454,0.14275753862891172
Antonín Dvořák,dvorak,dvorak_op51,String Quartet Op. 51,Op. 51,Romantic,1,dvorak_string_quartet_51_(c)harfesoft.mid,cello,intervals,1846,1845,1,8,200,0.26777864891676406,3.7344276851245097,-0.26777864891676406,-0.2668569046188549,0.765782643584813,0.9917565712201375,0.05593800834627769,0.16439319437626135,0.013521331102116478,0.13393908835024065,0.2041554920111775,0.1643931943762614,6.0829768762276775,0.9999968078059378,0.999970837922356,1.0,0.6458867802035656,0.4488695968435076,0.325934736521615,0.246931796709282,0.19013827128609534,0.14979300475120585,0.11973560051723638,0.09670815654278543,1.0,0.8065395087225837,0.6828075526970446,0.5793270471765334,0.49159086828058013,0.41713955985759976,0.3540062265901703,0.30042999334399983,0.25493707602436183,1.0,0.7713462184346314,0.6277035403917657,0.5121694488162857,0.4171796875138831,0.33996148567441237,0.27704014268426247,0.22626544319610853,0.1848776480079706,1.0,0.8388588339198544,0.7331938161465179,0.6414270084817999,0.5622611735673968,0.49210551100785865,0.43028060014109676,0.37574628169716556,0.3278053646392051
Antonín Dvořák,dvorak,dvorak_op51,String Quartet Op. 51,Op. 51,Romantic,2,dvorak_string_quartet_51_(c)harfesoft.mid,vln I,intervals,852,851,1,8,200,0.1311257287814691,7.626268386020376,-0.1311257287814691,-0.03228408489658087,0.9682314830645774,0.9994477328889555,0.007062559398160531,0.2647823437428452,0.025442903324938412,0.21173661482235914,0.3537561176590152,0.26478234374284515,3.776686866142379,0.9999924055622705,0.9999299588912733,1.0,0.8593631411175389,0.7445255884816695,0.6504163082648856,0.5692123031601198,0.498704131599512,0.43876529883681054,0.38751806063877037,0.3426461576518077,1.0,0.7159114940391312,0.5461248862449073,0.41938693727433485,0.3221128021466642,0.24729110652257322,0.18987066225391,0.14575525983237034,0.11183961655639585,1.0,0.646688929742007,0.44603171926037116,0.3122874185514384,0.21968764230658952,0.15465528776149276,0.10825420384206709,0.07599804354792464,0.054328088017855436,1.0,0.7676544500851731,0.6188207316456124,0.5020604588667195,0.408518999510887,0.33087371326733117,0.26630517279182336,0.21535308900170347,0.17367447560900193
Antonín Dvořák,dvorak,dvorak_op51,String Quartet Op. 51,Op. 51,Romantic,2,dvorak_string_quartet_51_(c)harfesoft.mid,vln II,intervals,840,839,1,8,200,0.11521034360593073,8.679776213674295,-0.11521034360593073,-0.0909483895180087,0.9130648333993889,0.9974185786703272,0.013429561857856206,0.2825678743686216,0.022727870838604603,0.23920762946362023,0.3574688150865947,0.2825678743686218,3.538972723755063,0.9999875141975719,0.9999397401028591,1.0,0.8320778950291585,0.7270318430065722,0.6388387484957883,0.5648807044339536,0.50726939276127,0.4559526288993798,0.4095245533648061,0.36918275016199203,1.0,0.7006457000396588,0.5241554779564602,0.3952461392099924,0.29824061689091513,0.22506562377273565,0.16980761908970027,0.12807839786095965,0.09654521542317684,1.0,0.6465796537998704,0.44712695547533093,0.3133851707858928,0.21973641581042302,0.15407178561510693,0.10757717763584189,0.07517009164121077,0.05270237434046098,1.0,0.7426872165139313,0.5787888780894196,0.45507613625844673,0.35892807553457373,0.2829624872720541,0.22359819031750439,0.17611716652781634,0.1381242478941035
Antonín Dvořák,dvorak,dvorak_op51,String Quartet Op. 51,Op. 51,Romantic,2,dvorak_string_quartet_51_(c)harfesoft.mid,viola,intervals,862,861,1,8,200,0.16863843038758355,5.929846463239067,-0.16863843038758355,-0.03506136269196333,0.965546165927749,0.999843128542164,0.004839965168380356,0.25450432466608935,0.025355570819650265,0.19261572489640566,0.3395461582880429,0.25450432466608947,3.929206316285601,0.9999929057053579,0.9999457268963703,1.0,0.8238123608369414,0.6873989308982487,0.5787728117595702,0.489428412188968,0.4144595050942946,0.35118921783154095,0.2969708783711436,0.2515464087351159,1.0,0.7260120281235849,0.5598274655329954,0.4343077580251214,0.33694196459091186,0.2613423153139604,0.20273614468144105,0.15725173170935336,0.12191259037380549,1.0,0.666953114918829,0.47449283559060046,0.34182977286392424,0.24493247417161088,0.17461995272231084,0.12376760901735437,0.08716171879933339,0.061697109801197594,1.0,0.7807874672941073,0.6411727722242203,0.5281044172516892,0.4337467156831791,0.3581820328308134,0.295677742970807,0.2443998451532132,0.20196523634726313
Antonín Dvořák,dvorak,dvorak_op51,String Quartet Op. 51,Op. 51,Romantic,2,dvorak_string_quartet_51_(c)harfesoft.mid,cello,intervals,157,156,1,8,200,0.3559008704361097,2.809771155587879,-0.3559008704361097,-0.11278396942135022,0.893343628812761,0.999692381510986,0.014304797951111854,0.5110740141684276,0.04276186027883406,0.3879973961167201,0.6562779925923643,0.511074014168428,1.9566637556932076,0.9999761989560224,0.9995523693249067,1.0,0.6419372392526755,0.4314347904951932,0.3025575911481952,0.2120442590241248,0.1516415744603664,0.10701977144930165,0.07446036640667514,0.05151460185017232,1.0,0.5417780448102067,0.3191224583146491,0.19151030831060803,0.11532114357297331,0.06952467280250026,0.04180182008743348,0.02503120252497906,0.014950217270905184,1.0,0.4939234536549973,0.27353528024668966,0.15363685833484492,0.08389261744966443,0.044168329403228734,0.02212951206239797,0.01079267186649737,0.005169599129330673,1.0,0.5994014148376564,0.3923453654997279,0.2614728822782514,0.17322691819336114,0.11636132777072375,0.08053691275167785,0.05568655904226374,0.03754761472882278
Antonín Dvořák,dvorak,dvorak_op51,String Quartet Op. 51,Op. 51,Romantic,3,dvorak_string_quartet_51_(c)harfesoft.mid,vln I,intervals,448,447,1,8,200,0.10963179396498679,9.12144154385881,-0.10963179396498679,-0.07652147249813092,0.9263330233911559,0.9961439259577893,0.015628878288707036,0.43496093414992615,0.026271444968740666,0.35293882348975647,0.5050105398700306,0.43496093414992626,2.2990570450984706,0.9999676102667663,0.9999144741800913,1.0,0.8515013460343757,0.7464278318492441,0.6569579623110375,0.5874197556429903,0.5280803478981155,0.4755332366949679,0.43138330917374196,0.39417063574238975,1.0,0.5908394881135292,0.37622308435330126,0.24313692979233267,0.15756824416193993,0.10219928329943309,0.06629088262063154,0.04303987412253184,0.027922460861829375,1.0,0.5474011182439429,0.32238558707806997,0.19728722302754192,0.12085317871194864,0.07326568647753158,0.04404638641540692,0.02673431352246842,0.016183474839511287,1.0,0.6419134396355353,0.4414475046593498,0.30812797680679227,0.21502381445433838,0.1499378753365086,0.10570511493062745,0.07515013460343757,0.05349968937668254
Antonín Dvořák,dvorak,dvorak_op51,String Quartet Op. 51,Op. 51,Romantic,3,dvorak_string_quartet_51_(c)harfesoft.mid,vln II,intervals,421,420,1,8,200,0.2473309091245306,4.043166313258898,-0.2473309091245306,-0.027396969456017585,0.9729749235250764,0.9997436305299945,0.00907500505036237,0.34853096510001463,0.033406184573455226,0.26401040726298075,0.43435701305568786,0.3485309651000147,2.869185524772639,0.999984434226161,0.9999002919866384,1.0,0.7622064458496909,0.5895413620442418,0.45921389783492794,0.36177390159618233,0.2856672700345565,0.22276029055690072,0.17352311996050682,0.13237264627753356,1.0,0.648838830566538,0.45318772114403977,0.31989081072680103,0.22606107590941266,0.1596981208061098,0.11283588491488378,0.07970923025265945,0.056284629729857136,1.0,0.5724629163826136,0.36226756623333883,0.23767601495098614,0.15579820870260233,0.10176543877383107,0.06656244857660029,0.04366581254848492,0.028503255835821247,1.0,0.7103481511083947,0.5400926208890665,0.4124097886645196,0.31471120618726345,0.2420367192458685,0.18748677684007617,0.1441030583699664,0.11035755424434049
Antonín Dvořák,dvorak,dvorak_op51,String Quartet Op. 51,Op. 51,Romantic,3,dvorak_string_quartet_51_(c)harfesoft.mid,viola,intervals,454,453,1,8,200,0.20755153157507278,4.818080562504996,-0.20755153157507278,-0.056740533200824166,0.9448391919654352,0.9990326360511225,0.014798261771811967,0.35215393216160806,0.027958371826663178,0.2682982162399424,0.431787072250372,0.3521539321616081,2.839667283740812,0.9999807290530457,0.9998997832034836,1.0,0.7871920189449287,0.6246384844057037,0.5001158865319696,0.4056431702524311,0.3298836096135436,0.26924976066911877,0.22321761475285937,0.1826875598327203,1.0,0.6476058842355723,0.450403603222504,0.31666382433244805,0.22290701648359013,0.156877736367325,0.11043082082574669,0.0777929968201917,0.054786850670286956,1.0,0.5853680657026251,0.37710485211870814,0.2451957474681312,0.1601753413614148,0.1043381871315564,0.06820174333652441,0.04402680505869905,0.02806469491610823,1.0,0.7107774474731697,0.535657782032549,0.40914999748072756,0.3115029979341966,0.23798055121680858,0.18323172267849044,0.14084748324683832,0.10816748123142036
Antonín Dvořák,dvorak,dvorak_op51,String Quartet Op. 51,Op. 51,Romantic,3,dvorak_string_quartet_51_(c)harfesoft.mid,cello,intervals,350,349,1,8,200,0.2755343900271595,3.6293110268428914,-0.2755343900271595,-0.27597815741432286,0.7588295053787101,0.9918437440542127,0.05725049645738625,0.40579659610298224,0.03462022490833031,0.3132761969255784,0.5085329610558206,0.4057965961029819,2.4642887831080347,0.999973192476101,0.999869299861183,1.0,0.6397249232563325,0.4350294112603111,0.3139201865857214,0.236816381128775,0.18173243470357223,0.14235735967484694,0.1128432028262249,0.08958858534410317,1.0,0.6093604593780975,0.4002781053225964,0.26653438960920334,0.17788158426294898,0.11869251993059036,0.07926976578252291,0.05293278486009792,0.03535541217323914,1.0,0.5597743135943476,0.33683181560940473,0.20534719006705424,0.12493354598617756,0.0763835296942258,0.04594330400782014,0.02707893879370959,0.015451630052648728,1.0,0.6724117233455095,0.4875409442472261,0.35773696215122364,0.2617859409030886,0.1912503644252371,0.14005933700330983,0.10234775599801067,0.07468573682495584
Antonín Dvořák,dvorak,dvorak_op51,String Quartet Op. 51,Op. 51,Romantic,4,dvorak_string_quartet_51_(c)harfesoft.mid,vln I,intervals,1440,1439,1,8,200,0.08223501966463719,12.160269482248587,-0.08223501966463719,-0.05677496633379823,0.9448066587520126,0.9972374769107893,0.009917223822506462,0.3394332989796763,0.021390002676875047,0.28285773467150555,0.3821824247739639,0.33943329897967606,2.9460869131165475,0.9999848847794862,0.9999706218782555,1.0,0.8881198052695892,0.7967140219169312,0.7309710363889768,0.6722952266063893,0.6235013605362504,0.5764974682704207,0.5328988206083178,0.49376241952925837,1.0,0.6621171208895688,0.4669752107999142,0.332558106220495,0.2371185063359641,0.16906837765357688,0.12052087970713482,0.08590615187663843,0.06124377369100842,1.0,0.6249263124197244,0.42149588715942676,0.2868945418486896,0.19608411510488036,0.13432904286177186,0.09225197053277584,0.06305900081593135,0.0431740900803829,1.0,0.7088969701228581,0.5276674904059746,0.3971116420520869,0.2992545354461661,0.22601884059668395,0.17103326579451802,0.1291367524370581,0.09712023080316534
Antonín Dvořák,dvorak,dvorak_op51,String Quartet Op. 51,Op. 51,Romantic,4,dvorak_string_quartet_51_(c)harfesoft.mid,vln II,intervals,1394,1393,1,8,200,0.10649336868654678,9.390256053815012,-0.10649336868654678,-0.11580092092395532,0.8906525159292085,0.9965238157987353,0.014411519260010639,0.2913559443095337,0.021475111423462156,0.2394113546572116,0.34210553314735864,0.2913559443095336,3.432227896945223,0.999984527765146,0.9999650636209657,1.0,0.8231338657331437,0.7171685915368226,0.6379316632024213,0.5704210751142159,0.5182208886180005,0.4699016987825652,0.42524887867848155,0.38499799438427595,1.0,0.6983672018441345,0.5176594420309386,0.3866657895063504,0.28918604049937124,0.21629997869844023,0.16178260896509256,0.12101774588094012,0.0905141521246378,1.0,0.6574835513463673,0.4634701840478014,0.33036918957496575,0.23548950047144993,0.16759654304780658,0.11913253212892203,0.08464948609352942,0.05998301738373941,1.0,0.7466016534608593,0.5858908840858299,0.46031954407405673,0.3621558545746271,0.2846255228926709,0.22427784810456292,0.17729434624741483,0.1396262782544371
Antonín Dvořák,dvorak,dvorak_op51,String Quartet Op. 51,Op. 51,Romantic,4,dvorak_string_quartet_51_(c)harfesoft.mid,viola,intervals,1553,1552,1,8,200,0.13096389342568435,7.635692356439078,-0.13096389342568435,-0.13614853564902646,0.8727129938700212,0.998735573677131,0.010677085833994989,0.25197786428360175,0.023469183990257717,0.182434527278649,0.31772364967769245,0.2519778642836017,3.96860257087701,0.9999919008496124,0.9999692828224024,1.0,0.7823297617251035,0.6677817462313664,0.5828378355718765,0.5117108506464108,0.4502548753290742,0.396611164210138,0.35015678186360816,0.30954273353790435,1.0,0.7297981000895534,0.5641484123084399,0.4385819085863005,0.3411277584197963,0.2653135454926434,0.2063190584139552,0.16044878784137404,0.12474070737285783,1.0,0.6686830323456915,0.4817370089038684,0.3517396918020692,0.25753391351006927,0.18796552475811995,0.13707765313479886,0.09929993125073361,0.07148666096550799,1.0,0.8010916042054429,0.667455606418834,0.557268977312742,0.46557338564984824,0.3879001291144759,0.32295973975887454,0.26838707513791776,0.22304525713902443
Antonín Dvořák,dvorak,dvorak_op51,String Quartet Op. 51,Op. 51,Romantic,4,dvorak_string_quartet_51_(c)harfesoft.mid,cello,intervals,1007,1006,1,8,200,0.13531904435914102,7.3899428179966185,-0.13531904435914102,-0.18980950507823974,0.8271166804643114,0.9933420717630577,0.025383921365675337,0.2959373559367059,0.02190002394994364,0.24807744905827184,0.36806189753832097,0.295937355936706,3.379093514013406,0.9999854224681255,0.9999555521355933,1.0,0.7571298753663483,0.6288312360456649,0.5378344276139867,0.468163554335899,0.4116080007863575,0.363610103089061,0.3238749771815904,0.28881988200625475,1.0,0.6919332067914481,0.5104398624683942,0.3796815788791665,0.28265025728327103,0.2104523498123755,0.15671224462961122,0.11664544145114344,0.08683506598184036,1.0,0.6329074565547511,0.4342338330314282,0.302129785095717,0.2107237498019061,0.14578506362073496,0.10090852375421513,0.06950036208553242,0.0477010076208473,1.0,0.736002535601734,0.5671242384669238,0.4412749422769463,0.34254695577340866,0.2654478125420009,0.20626638662710808,0.1619796148854265,0.12737587286685484
Antonín Dvořák,dvorak,dvorak_op96,String Quartet Op. 96,Op. 96,Romantic,1,dvorak_string_quartet_96_(c)harfesoft.mid,vln I,intervals,1762,1761,1,8,200,0.19472462884026845,5.135457214404525,-0.19472462884026845,-0.16899749901810734,0.8445110154901511,0.9910765443770945,0.04233635572055774,0.26834425726854483,0.021948903724951868,0.2019409786382991,0.33143968751446434,0.26834425726854483,3.7265563652411333,0.9999886137767146,0.9999709905594699,1.0,0.7450001008208115,0.5759782383156811,0.4543063820874591,0.36986212266185153,0.3062032118258259,0.25601656323318683,0.2189027963790368,0.18876452876677935,1.0,0.7177644022776877,0.5453262909790478,0.41685708995362997,0.3189650704017619,0.24408923422189574,0.1867903482042518,0.142934907138532,0.10936543953926324,1.0,0.658396324658624,0.46502135775061615,0.33229498738438945,0.2383774744191583,0.17087046086819077,0.12294089753938679,0.08898444822721238,0.06454678443404725,1.0,0.7801475366223467,0.6354560125304007,0.5195023224561771,0.42528364797015183,0.34809913742917337,0.2843361534974089,0.23190347740735706,0.18926017688523533
Antonín Dvořák,dvorak,dvorak_op96,String Quartet Op. 96,Op. 96,Romantic,1,dvorak_string_quartet_96_(c)harfesoft.mid,vln II,intervals,1891,1890,1,8,200,0.13561736109316513,7.373687203019895,-0.13561736109316513,-0.15239303976503224,0.8586507305287691,0.9930298894859151,0.02603356314018778,0.21107113436642105,0.021181178313450753,0.17577168715434285,0.28430842757221125,0.211071134366421,4.737739260281763,0.9999965173704396,0.9999701122385594,1.0,0.7832934421353764,0.6567927251096702,0.5582331538464578,0.485286158440953,0.42497134436817363,0.3754838724241677,0.33501890340498325,0.30062311537369707,1.0,0.7667148190790285,0.6187839083249871,0.5013092523238524,0.406127970984011,0.3289501205608163,0.26639761966963393,0.21572553274840275,0.17468865272227063,1.0,0.699999943563502,0.5254824897299682,0.39656854805257397,0.2975845743248925,0.22350489840583823,0.16834273659449756,0.12675637436135048,0.0958940754657563,1.0,0.8006691111195139,0.6680896189012604,0.5608156879919499,0.4698919748993032,0.3925519624945609,0.32788194387616026,0.27439312422858364,0.23023551514953133
Antonín Dvořák,dvorak,dvorak_op96,String Quartet Op. 96,Op. 96,Romantic,1,dvorak_string_quartet_96_(c)harfesoft.mid,viola,intervals,1616,1615,1,8,200,0.11373253982148845,8.792558414413088,-0.11373253982148845,-0.12751511777194915,0.8802801078597059,0.9949775501943207,0.018514651896291076,0.2915883456074806,0.02190070369177992,0.23169756185427334,0.36023063974405756,0.2915883456074805,3.4294923479079737,0.9999910012826714,0.9999743143142632,1.0,0.8138639410291418,0.6976110424851474,0.6146755333475745,0.5483580851188984,0.4912796007516865,0.4416266520539803,0.3992196763537632,0.3625207812833778,1.0,0.6994859551052605,0.5190587718608192,0.38789816429012564,0.290045437763281,0.21686535686929825,0.16210412145603648,0.12116497318891105,0.09055358308226356,1.0,0.6420774162789041,0.44388821294894537,0.3116232775141096,0.21845424402567126,0.15288677954347737,0.10655961016324723,0.07415241774946053,0.05168928227561632,1.0,0.7495882442176176,0.594228608048742,0.4722002928729099,0.3746776385651085,0.2965175677307303,0.23506146925608423,0.18675833650663917,0.14815777986235593
Antonín Dvořák,dvorak,dvorak_op96,String Quartet Op. 96,Op. 96,Romantic,1,dvorak_string_quartet_96_(c)harfesoft.mid,cello,intervals,1054,1053,1,8,200,0.12411177201903435,8.057253423524042,-0.12411177201903435,-0.09751937535360237,0.9070847662974445,0.9965758167374552,0.01666924600609398,0.23890164592425533,0.012974590147443675,0.19909554528735718,0.2809170658427381,0.2389016459242554,4.185822982220279,0.9999770326952491,0.9998969787416863,1.0,0.8267558344845253,0.7056144620198157,0.6143394293137676,0.5423733155241659,0.48152268381713886,0.42845929354936096,0.38238539160346546,0.3428197645164537,1.0,0.7197928923901157,0.561910110668716,0.4426144429409041,0.3489388571610616,0.27510774069175853,0.21685589771087133,0.1708469904075478,0.1345971925950195,1.0,0.681162231147136,0.5176795630654945,0.39646866165936306,0.30154701894663655,0.22834951101027381,0.17165231869871098,0.12792593338029587,0.09461242189429771,1.0,0.7590364752486117,0.6185404411428362,0.5083571957880099,0.4159221275856075,0.3391841327636839,0.27492841263597023,0.22635878763482667,0.18613995444024628
Antonín Dvořák,dvorak,dvorak_op96,String Quartet Op. 96,Op. 96,Romantic,2,dvorak_string_quartet_96_(c)harfesoft.mid,vln I,intervals,472,471,1,8,200,0.1224347274961455,8.16761731291869,-0.1224347274961455,-0.05558265521473188,0.9459338340749126,0.9982142154807803,0.011865524008194298,0.34483476901789895,0.03171268917169253,0.2620715360282229,0.42477168644357904,0.34483476901789867,2.8999395938177424,0.9999782399970425,0.9998901949605314,1.0,0.8500316526402025,0.7444887167647278,0.6512623817680793,0.5720935428613987,0.5051016608326506,0.4502029492812989,0.4025284873761823,0.36188277351604975,1.0,0.6501616756502426,0.4553850683072958,0.3223445978763489,0.22853688379345477,0.16218892809385158,0.11506622416740682,0.08159231777524296,0.0578480963960102,1.0,0.5964288374171446,0.38719557607805166,0.2558185000372384,0.1682896402770537,0.1103559991062784,0.07218663886199449,0.046827288299694646,0.03012586579280554,1.0,0.7118585685558948,0.5412229090638266,0.4145751098532807,0.31644261562523274,0.24380911596037835,0.18856594920682207,0.14619795933566693,0.1136143591271319
Antonín Dvořák,dvorak,dvorak_op96,String Quartet Op. 96,Op. 96,Romantic,2,dvorak_string_quartet_96_(c)harfesoft.mid,vln II,intervals,583,582,1,8,200,0.2059828453191583,4.854773214005073,-0.2059828453191583,-0.2013978723828643,0.8175870715159216,0.9800764089714926,0.06729217195468187,0.36544898815689647,0.03115648570601412,0.2987747307468949,0.4335405934206656,0.36544898815689647,2.736360018516934,0.9999785790460919,0.9999267738094068,1.0,0.7334828056355097,0.5527707923041963,0.4235964247841236,0.3335918800181791,0.26877139827298896,0.22698985002272384,0.19758824420542342,0.17400393879715195,1.0,0.638357901073193,0.43769506792050294,0.30352432465266477,0.21089578656932717,0.14656097994189152,0.10181242258405794,0.07074773911549646,0.04917360926772783,1.0,0.5900318133616119,0.3789607635206787,0.24710801393728224,0.16096955006817149,0.10448719890925617,0.0678563853961521,0.04381760339342524,0.02815331010452962,1.0,0.6885441599757612,0.5103469171337676,0.3780336312679897,0.28170883199515223,0.20863505529465232,0.15506135434025148,0.11478260869565217,0.08476291470989245
Antonín Dvořák,dvorak,dvorak_op96,String Quartet Op. 96,Op. 96,Romantic,2,dvorak_string_quartet_96_(c)harfesoft.mid,viola,intervals,1025,1024,1,8,200,0.14613324446108059,6.843069855102877,-0.14613324446108059,-0.1610700043440109,0.8512324790500274,0.9756689255502791,0.05287593810547989,0.29394904795559423,0.03350579745574875,0.24280376035431336,0.3628529498960539,0.29394904795559423,3.401950123516189,0.9999895177222982,0.9999623684307127,1.0,0.8011578751771072,0.6381727173483845,0.530543748403131,0.44692781765111217,0.38966506399089496,0.34060537786758954,0.311538491316904,0.28548339643385284,1.0,0.6964575780956412,0.5154671599552476,0.3841681383268341,0.28653522981082574,0.2137522788260755,0.1594661136378744,0.11892377530682816,0.08866520517821942,1.0,0.63729201991344,0.4391776802236004,0.3061362351829915,0.21298554494847435,0.14833654642727181,0.10334355329477621,0.07201975859212288,0.049973288737137946,1.0,0.7384289906239596,0.5755870671033377,0.45269783754906745,0.35636115175868505,0.27958949821537793,0.21875362924767147,0.17151147035824063,0.13456476126324918
Antonín Dvořák,dvorak,dvorak_op96,String Quartet Op. 96,Op. 96,Romantic,2,dvorak_string_quartet_96_(c)harfesoft.mid,cello,intervals,331,330,1,8,200,0.18045817480984286,5.541450261556432,-0.18045817480984286,-0.11943151420545593,0.8874247817292268,0.9994810734091322,0.009421539812232397,0.5929163679038948,0.026256897141585352,0.5124533200664905,0.6530761637087523,0.5929163679038949,1.6865785026904314,0.9998620086957549,0.9997285684394274,1.0,0.7555717939349653,0.6127146510778224,0.5099321193008096,0.4283214429936734,0.3598638540084226,0.3015979847316501,0.2517931657788974,0.2100071149741361,1.0,0.48541592033450304,0.25778565480078064,0.14088846307293648,0.07807376383611359,0.04344301901352323,0.024221258548532014,0.013500360321445285,0.007501311905562096,1.0,0.44228217602830605,0.2201219160433052,0.11358960059996538,0.059996538661231086,0.03188277599369267,0.016922100648039538,0.00869180624194758,0.004730496317520143,1.0,0.5332384670115186,0.3006172720804569,0.17635521027633022,0.10484010537853586,0.06291944695498336,0.038247793396534814,0.023306347710708997,0.014383785550833606
Antonín Dvořák,dvorak,dvorak_op96,String Quartet Op. 96,Op. 96,Romantic,3,dvorak_string_quartet_96_(c)harfesoft.mid,vln I,intervals,743,742,1,8,200,0.11634484798598349,8.5951377934713,-0.11634484798598349,-0.06959256785693643,0.9327737845178136,0.9935994054572017,0.021395936740024386,0.4009741504867222,0.024728224331000078,0.3278468847135907,0.4678490630704543,0.4009741504867221,2.4939263510781204,0.9999726722973454,0.9999461775579084,1.0,0.8596266844612505,0.742408571057851,0.6455689632801349,0.5721551835993253,0.5106897254814733,0.4579806854621958,0.4163228234072921,0.3787577156203081,1.0,0.6161490374464605,0.4068757918542241,0.27211653783771983,0.1824233920561972,0.12237292919700166,0.08211868150447671,0.055105814971202184,0.036978247654377204,1.0,0.5620122708483939,0.34281636360266177,0.21668983669762182,0.13662533133144267,0.08579955142820071,0.05385085914474782,0.0342323305343936,0.021761293073087544,1.0,0.6679864316298727,0.4785445513355206,0.34394706111327367,0.24745222339617046,0.17861313462714787,0.1286474262729615,0.09286548406828672,0.06730801312350554
Antonín Dvořák,dvorak,dvorak_op96,String Quartet Op. 96,Op. 96,Romantic,3,dvorak_string_quartet_96_(c)harfesoft.mid,vln II,intervals,757,756,1,8,200,0.15446895014300657,6.473792947218228,-0.15446895014300657,-0.15526462227335527,0.8561885809349811,0.9901212793339356,0.035353059329066315,0.30099663460808046,0.026151425732334022,0.22751127797634962,0.3592271456561596,0.30099663460808057,3.3222962818241224,0.999988367763024,0.999936841831994,1.0,0.7813055553572321,0.6260861183895818,0.5224327623997772,0.44609211569079626,0.383488144620635,0.33111885365871074,0.2938856086189786,0.26101825607048257,1.0,0.6877879345460298,0.5051547062835182,0.37385229405667997,0.27693075326066935,0.2051631295508924,0.15198782790096427,0.11255165968014817,0.08331085274872695,1.0,0.6303199274612139,0.43822065784682607,0.3078614623419461,0.21656326081834604,0.15240998693445093,0.10742665800389825,0.07545533081541878,0.05245139687140787,1.0,0.7512262339090267,0.5907662980230325,0.46927454074238023,0.37601650685762833,0.30091458843520413,0.23893533624154845,0.18910418882931251,0.14986827356261112
Antonín Dvořák,dvorak,dvorak_op96,String Quartet Op. 96,Op. 96,Romantic,3,dvorak_string_quartet_96_(c)harfesoft.mid,viola,intervals,806,805,1,8,200,0.14340912478717222,6.973056989811912,-0.14340912478717222,-0.10550206785906528,0.899872612035121,0.9939080101559867,0.025725446841148747,0.39654982169533504,0.03229157216276114,0.339342286261498,0.46396393097775585,0.39654982169533504,2.521751228445361,0.9999629103420807,0.9999388965022702,1.0,0.812448310236067,0.6784684421216152,0.572287053895718,0.4949292931198762,0.42852425920510184,0.3732794973632324,0.3322107024147571,0.29675506205916297,1.0,0.6172962709652476,0.4087359668891211,0.2743978159795774,0.1848039955398666,0.12454879057277561,0.08397114656894271,0.05662141375855947,0.03818764709418986,1.0,0.5689600412574725,0.3480218740074779,0.21832183973107172,0.13768423568331117,0.08708722873683582,0.05494602252180011,0.03452168690232482,0.021833127360433708,1.0,0.6606006861570488,0.46672201205649005,0.3316415253944145,0.23621475269101236,0.16832545604915677,0.11960893450690717,0.08549290415499225,0.061489985943528835
Antonín Dvořák,dvorak,dvorak_op96,String Quartet Op. 96,Op. 96,Romantic,3,dvorak_string_quartet_96_(c)harfesoft.mid,cello,intervals,694,693,1,8,200,0.14631877927807177,6.834392720701615,-0.14631877927807177,-0.09907939572326667,0.9056707987808323,0.9970246982622263,0.018314382086792202,0.43301025089781603,0.02426062278567066,0.3674829919897302,0.5094191401454254,0.4330102508978161,2.3094141488026456,0.9999463631585583,0.9999091496559427,1.0,0.8049541401544976,0.6781128301164052,0.5766848971079569,0.4948139005341448,0.4273328935328042,0.37179034283160606,0.3264284650252176,0.28894894767083057,1.0,0.5862837144440802,0.37248693053194715,0.2408939264679413,0.1564904920236498,0.10181034021090832,0.06623157101066526,0.04308067071005692,0.028029830710125967,1.0,0.5372433019088761,0.31823966291417505,0.19138132833946925,0.11527739354344449,0.0697027090293886,0.04170160243450874,0.025043093358302654,0.015092251707773828,1.0,0.6333127620182588,0.42773722627737226,0.29422655402098274,0.20336234598114533,0.14030346236513375,0.09745270370922092,0.06820880594156328,0.048051754591304716
Antonín Dvořák,dvorak,dvorak_op96,String Quartet Op. 96,Op. 96,Romantic,4,dvorak_string_quartet_96_(c)harfesoft.mid,vln I,intervals,1082,1081,1,8,200,0.16226850462483453,6.162625349336917,-0.16226850462483453,-0.06729280677996806,0.9349214099271782,0.9985491634860804,0.01417223673221923,0.3388281131926034,0.023289717476062628,0.2791014578727367,0.3870400399493334,0.33882811319260353,2.951348961505918,0.9999797046975082,0.9999556950854748,1.0,0.8138618294657594,0.6788429731985887,0.56428399117669,0.47980479034225904,0.4116133085503149,0.3521982780314508,0.3011397064566011,0.25957955643950636,1.0,0.6607757228617988,0.4659317154972033,0.3317926598418013,0.23665794729639683,0.16886783847461856,0.12052705230988227,0.08599696260572066,0.0613518998443675,1.0,0.6189801822627867,0.4146834177656755,0.2808915638813539,0.1909958504063686,0.13020456403234287,0.08861317491639202,0.06021162753969535,0.041079414995808756,1.0,0.7103562819224541,0.5356689766244765,0.40575597751479087,0.3069085267120328,0.23229220358867825,0.17548043130782487,0.1327679056440374,0.1006801446023176
Antonín Dvořák,dvorak,dvorak_op96,String Quartet Op. 96,Op. 96,Romantic,4,dvorak_string_quartet_96_(c)harfesoft.mid,vln II,intervals,1352,1351,1,8,200,0.11057654590709298,9.043509107620395,-0.11057654590709298,-0.1426848576922823,0.867027262818205,0.9809730741513576,0.03528567589589224,0.3262351354901841,0.02132370790845986,0.2922761551539681,0.3732361324225462,0.32623513549018396,3.0652737587490444,0.9999831671020849,0.9999622728725704,1.0,0.8229033702088431,0.6997338492358969,0.6041677747048186,0.530335868524625,0.48370962308974225,0.44070333829734426,0.4054389160727582,0.3739340672978052,1.0,0.669513264844384,0.47847615324476717,0.3451442597650068,0.24939763195899087,0.1802338857345556,0.1302215187474189,0.09403294852837357,0.06789639672373533,1.0,0.6280559692231323,0.426328759351842,0.2945675105485232,0.20381364571144914,0.1408726465269652,0.09752065383115271,0.067465118958976,0.04666945892280963,1.0,0.7003543506009999,0.5207446902811758,0.38907540864447043,0.29065613587207034,0.21704472928411872,0.16179240683615217,0.12087034180760912,0.09049458390951318
Antonín Dvořák,dvorak,dvorak_op96,String Quartet Op. 96,Op. 96,Romantic,4,dvorak_string_quartet_96_(c)harfesoft.mid,viola,intervals,1411,1410,1,8,200,0.13772806552221112,7.260684278170828,-0.13772806552221112,-0.17129510391870534,0.8425728902180252,0.981729509521603,0.04305080529922719,0.3050089429146841,0.022515246291382334,0.255472833690911,0.3749014704537049,0.30500894291468406,3.278592392878514,0.9999882767465845,0.9999690448236678,1.0,0.7935562982522677,0.6377164075757776,0.536799582716067,0.459564434475543,0.4088233589526417,0.3636836898311444,0.32604476041252545,0.29487352860133625,1.0,0.6877279684289278,0.5029684053906398,0.3707903481306833,0.27358490211786934,0.2018706651778114,0.1489281208971297,0.10983365036613807,0.0810018993656111,1.0,0.6228572764902598,0.420534558613446,0.287774414516275,0.19768521295817096,0.13593349486478434,0.09364587601664662,0.06492913595586389,0.04490682794053501,1.0,0.7376642470841471,0.5685066542755843,0.4407073491387418,0.3404148233406507,0.26419339849497153,0.20469383418250886,0.15841436172538365,0.1228160971547621
Antonín Dvořák,dvorak,dvorak_op96,String Quartet Op. 96,Op. 96,Romantic,4,dvorak_string_quartet_96_(c)harfesoft.mid,cello,intervals,918,917,1,8,200,0.18233240437610718,5.484488637232274,-0.18233240437610718,-0.26334102020470923,0.7684797854872248,0.9851580633160242,0.051278562233242495,0.320818053893779,0.026602200466473987,0.26312103726847536,0.39268744655960236,0.32081805389377904,3.117031563102412,0.9999857704632144,0.9999519239194373,1.0,0.6993435607296994,0.5362298867249362,0.42429187973742427,0.3491168897109491,0.29351418658349354,0.2523869969414524,0.21873571972581873,0.19057773909259057,1.0,0.6733399384058923,0.48437227221187706,0.35134628669561907,0.2551155684128587,0.18529686440896315,0.13456437877954003,0.09775053679769098,0.07099389485520696,1.0,0.6174881224386175,0.4189073852440189,0.2832045841946832,0.19073489766559074,0.12835261548132834,0.08657744895368658,0.058835334082858834,0.04014555301684015,1.0,0.7179317931793179,0.5509544361029509,0.42484072583082483,0.3265271582103265,0.2503922919764504,0.19268124614659268,0.147992601457948,0.11382149203931383
Johannes Brahms,brahms,brahms_op51_no1,String Quartet Op. 51 No. 1,Op. 51 No. 1,Romantic,1,brahms_string_quartet_51_1_(c)harfesoft.mid,vln I,intervals,1866,1865,1,8,200,0.09643241379094397,10.369957161581603,-0.09643241379094397,-0.08501774814341911,0.9184959826583649,0.9891443014759441,0.023147375115966227,0.2641242341516229,0.01874466052881732,0.2194823342727408,0.3063757105927266,0.2641242341516227,3.7860971115052684,0.9999920627213845,0.9999745868212058,1.0,0.8707007436441869,0.7535609885036284,0.6757406444529848,0.6052466071125285,0.5569239366015651,0.5116885284957334,0.47251577106494325,0.43553006602892613,1.0,0.7200223057797047,0.5496654784315633,0.42225730559526786,0.3245031281404426,0.24934515859672463,0.1915948289051115,0.14717115158893612,0.1129926758435041,1.0,0.6839462934591889,0.5010697601893861,0.36883685099234675,0.27149186188123603,0.19954809805275242,0.14675509940277762,0.10827793245004935,0.08020911768405468,1.0,0.7621248666060344,0.6075652420394018,0.48731445848571114,0.3912986268464304,0.31468165432283396,0.2530569752363993,0.20328921550726226,0.16315828219294173
Johannes Brahms,brahms,brahms_op51_no1,String Quartet Op. 51 No. 1,Op. 51 No. 1,Romantic,1,brahms_string_quartet_51_1_(c)harfesoft.mid,vln II,intervals,1698,1697,1,8,200,0.14051775842111994,7.116538231438932,-0.14051775842111994,-0.07844976077453926,0.9245485073657127,0.9946120893093015,0.023697044942027026,0.31341646565126136,0.019957339628455046,0.25213382619390956,0.368841177401269,0.31341646565126124,3.1906428334007852,0.9999882737834389,0.9999747860307925,1.0,0.8325776605322991,0.7041609299294775,0.5964440987804835,0.5091553070511945,0.4466113837885938,0.3945831187530873,0.34955805227700293,0.3093101551634138,1.0,0.6822935073503462,0.4947419910313904,0.3616707421789572,0.26460981653562526,0.19358186654727955,0.1416314299064419,0.103599067946508,0.07576928419947855,1.0,0.6374557264023039,0.43601164513857504,0.3021864413311332,0.2088326484282216,0.14461272206865866,0.10017411654247288,0.06938036231655578,0.047941956481374434,1.0,0.7411934515363946,0.5738958313626984,0.44569210449795227,0.34718628368034027,0.2705581889076902,0.21033768799857064,0.1630494568054344,0.12633714147582162
Johannes Brahms,brahms,brahms_op51_no1,String Quartet Op. 51 No. 1,Op. 51 No. 1,Romantic,1,brahms_string_quartet_51_1_(c)harfesoft.mid,viola,intervals,1953,1952,1,8,200,0.15188721019384535,6.583832823868149,-0.15188721019384535,-0.2666257910926796,0.7659596467649824,0.9729982358691922,0.05797501906422856,0.3262766285951784,0.023858570425542524,0.26336986876279983,0.3644567403346391,0.32627662859517853,3.0648839431301433,0.9999862154066843,0.9999745655152631,1.0,0.7429655019200864,0.5401874596676082,0.46107461360246277,0.3939514636029917,0.34707279401652436,0.305771895860442,0.270443365387667,0.23896241285558623,1.0,0.6723459741778228,0.4809171599291297,0.34696051439263614,0.2506362388498951,0.18105519585940522,0.13078081790727458,0.09444971558416768,0.06821427635312108,1.0,0.6431654447935511,0.4421308197657812,0.30686787901869306,0.21297142615337417,0.1479159393612407,0.1030504511938388,0.0718535444899341,0.05001481058321961,1.0,0.728351158928137,0.556809694584616,0.42823055846477726,0.3291038539253335,0.25212426079321254,0.19366953357241845,0.14941233721582192,0.11536915378674877
Johannes Brahms,brahms,brahms_op51_no1,String Quartet Op. 51 No. 1,Op. 51 No. 1,Romantic,1,brahms_string_quartet_51_1_(c)harfesoft.mid,cello,intervals,1363,1362,1,8,200,0.1345541361225596,7.431952883924303,-0.1345541361225596,-0.1122497659363118,0.8938209835835487,0.9922478600198997,0.027250684874126897,0.3234613270362907,0.014248887022162442,0.27361142259159854,0.36606690503149714,0.3234613270362908,3.091559690187646,0.9999652375231485,0.9999325445051366,1.0,0.8178865954095287,0.6830122038295715,0.5857031509753797,0.5062098361013152,0.4444417797206037,0.39219369150855465,0.3505927496498008,0.31699760719911485,1.0,0.6620322593428064,0.4728632070229057,0.34189177234114837,0.24766742056220245,0.17950592506495663,0.13011274771083517,0.09431631196327304,0.06839761468147007,1.0,0.619692914802117,0.4224607150059684,0.2928221424016308,0.20434410547945953,0.14294014727444174,0.10028942534624756,0.06979238773185369,0.04858203382624668,1.0,0.7171044384003663,0.5385971319092807,0.40689606305221104,0.30946600751088754,0.23661148871459173,0.18040519548474657,0.13778717698550694,0.10485373391400088
Johannes Brahms,brahms,brahms_op51_no1,String Quartet Op. 51 No. 1,Op. 51 No. 1,Romantic,2,brahms_string_quartet_51_1_(c)harfesoft.mid,vln I,intervals,503,502,1,8,200,0.1924114563452697,5.197195733530366,-0.1924114563452697,-0.05129517300288382,0.9499982153171097,0.9989236454623583,0.01447178509834221,0.33317346170833495,0.026212117930923623,0.2763432568510307,0.4131055873702182,0.333173461708335,3.001439535047407,0.9999815752233876,0.9999065103157336,1.0,0.802952602952603,0.6482394798184272,0.5262830736514947,0.43161984214615795,0.3587862429967693,0.29795117163538215,0.24796139532981637,0.20768003925898662,1.0,0.6582659156495085,0.4669855219596979,0.33451584486990793,0.2399652291538851,0.17219678000974395,0.12358362156284848,0.08865712466266341,0.06359238533246273,1.0,0.5960659223817119,0.3828405512616039,0.25265611581401054,0.1677340203655993,0.11192082771030139,0.07419948472580051,0.04890197521776469,0.03265039054512739,1.0,0.6995706048337628,0.521490205700732,0.3941684046947205,0.30017584754426857,0.22915797652639758,0.1742690058479532,0.13196744775692143,0.0997587208113524
Johannes Brahms,brahms,brahms_op51_no1,String Quartet Op. 51 No. 1,Op. 51 No. 1,Romantic,2,brahms_string_quartet_51_1_(c)harfesoft.mid,vln II,intervals,503,502,1,8,200,0.1059099252816148,9.441985700027614,-0.1059099252816148,-0.04688340240195327,0.954198648374918,0.995392904404109,0.016509451888129915,0.2421049258076332,0.02654991513937942,0.17952329431442393,0.3204732923227499,0.24210492580763304,4.130440537977985,0.9999965929568194,0.9998948689868626,1.0,0.8784034678771521,0.7755694597799861,0.6895513842882264,0.6135279924753609,0.5503455608718767,0.49900625690099376,0.4574489837647732,0.41922872449188237,1.0,0.7352571282631838,0.5752604703850014,0.45213489781993416,0.3552966147190662,0.2789770366141421,0.21903288872671478,0.17183010430114404,0.13472041154513867,1.0,0.6602707234286181,0.4714104608841451,0.3412669202142886,0.2488610804400278,0.18023964339753815,0.1312804154909418,0.0955302007933587,0.0695947327526275,1.0,0.7958205537152906,0.6650554124238335,0.5548439864229338,0.4609495767390504,0.3845499529710056,0.32110579479000534,0.26887498466445836,0.2239152660205292
Johannes Brahms,brahms,brahms_op51_no1,String Quartet Op. 51 No. 1,Op. 51 No. 1,Romantic,2,brahms_string_quartet_51_1_(c)harfesoft.mid,viola,intervals,523,522,1,8,200,0.13573183632167898,7.367468289679956,-0.13573183632167898,-0.02091218847499504,0.9793049550554748,0.998490487136718,0.012092269555927139,0.3079927900788803,0.027551216344498888,0.2292296064789107,0.3922354181667251,0.3079927900788804,3.246829251242825,0.9999869325354882,0.999905666165881,1.0,0.8647878810774055,0.7502172188432624,0.6507272109100525,0.565668089607495,0.48903328170450683,0.4269653583166484,0.3789429942200899,0.3379622983642477,1.0,0.6799507458830621,0.49556831216912534,0.3641312700429432,0.26801029608141497,0.1972192441998348,0.14507070615834708,0.10663549149961793,0.07838895381911849,1.0,0.6142193343659098,0.4140380038532734,0.28187828189339276,0.19236145215518868,0.13166861848815686,0.0893732764157002,0.05977107022779646,0.04033848362358808,1.0,0.7469910468059385,0.5842922443428658,0.4643723319859469,0.37189377054134715,0.2970496014506441,0.2364096558497979,0.18717842166899626,0.14838880284084469
Johannes Brahms,brahms,brahms_op51_no1,String Quartet Op. 51 No. 1,Op. 51 No. 1,Romantic,2,brahms_string_quartet_51_1_(c)harfesoft.mid,cello,intervals,440,439,1,8,200,0.1258561670615932,7.945578062222461,-0.1258561670615932,-0.03453979640614785,0.9660498936075637,0.9985593160948416,0.010953466169100456,0.4232837479213657,0.024944491286745026,0.35252167922606203,0.49143349496005995,0.42328374792136575,2.3624814439740125,0.9999684368195172,0.9999044120340272,1.0,0.865729999140672,0.7525565008163616,0.6581378362120821,0.5785748045028788,0.5067349832431038,0.45087866288562345,0.40203660737303426,0.358576093494887,1.0,0.5966669671579548,0.3842585473365805,0.25134791631710324,0.16495666670157735,0.10828289932474228,0.07108083595862524,0.0466214921021148,0.030569176975775537,1.0,0.5549218011514995,0.33520237174529516,0.20749548852797112,0.12787874881842398,0.07890779410500988,0.048519807510526765,0.0294319841883647,0.017304717710750192,1.0,0.6499849617599037,0.45421930050700354,0.31817693563633237,0.22438128383604022,0.15883604021655065,0.11217452951791698,0.07855332130274126,0.05439546274813096
Johannes Brahms,brahms,brahms_op51_no1,String Quartet Op. 51 No. 1,Op. 51 No. 1,Romantic,3,brahms_string_quartet_51_1_(c)harfesoft.mid,vln I,intervals,1400,1399,1,8,200,0.11549504195056223,8.658380334872305,-0.11549504195056223,-0.040342309948478816,0.9604606076532657,0.9992248073261148,0.007370827011464775,0.25723709469251466,0.024875542625259005,0.2067450966208801,0.3143501995768253,0.2572370946925146,3.8874642134927644,0.9999933235062411,0.9999703407374045,1.0,0.867501053570986,0.7620293016683607,0.6732514853285075,0.6000117752051365,0.5358978490625284,0.47997182214069095,0.4296947949461646,0.3837787253030566,1.0,0.7270096149688949,0.5592092339400505,0.43248954004192497,0.33464639004512203,0.25893108399852277,0.2003037089618894,0.15490048476243712,0.11977061710804542,1.0,0.6765815959741194,0.4919845972053513,0.3613841443764099,0.2642056487931448,0.19318256939107728,0.14105869423304163,0.10263847228075394,0.07526731781485246,1.0,0.7749107563400184,0.6251931546807473,0.5085628465422214,0.41361131080757246,0.3371561433517605,0.2745306444549113,0.22314530189973308,0.1807359709792839
Johannes Brahms,brahms,brahms_op51_no1,String Quartet Op. 51 No. 1,Op. 51 No. 1,Romantic,3,brahms_string_quartet_51_1_(c)harfesoft.mid,vln II,intervals,1441,1440,1,8,200,0.11024599146751743,9.070624579530742,-0.11024599146751743,-0.10377622961282067,0.9014269875202388,0.9978068114228238,0.011842876890954203,0.29626475869849833,0.027808185974286474,0.22575229021930399,0.39368186990652626,0.29626475869849833,3.3753592711905247,0.9999870702855794,0.9999661741940803,1.0,0.8234785015613609,0.7242053823092547,0.6415253774750787,0.5709044977330053,0.5136789639269104,0.46304194427442524,0.4186250277770197,0.37875964398632395,1.0,0.6955705254327025,0.5132525419889176,0.3815854536542205,0.28398961276514767,0.21135349152943347,0.15730627268395853,0.11706676834302038,0.08711782986390366,1.0,0.6288814730202295,0.418662063803327,0.28330123544386704,0.19137781814921231,0.12870993774049053,0.08674422140526379,0.05872354360699708,0.03991216613971549,1.0,0.756073908314393,0.5984398086601925,0.4785717348844281,0.3818882135770174,0.3046076715255334,0.2429660788984316,0.19403856424970858,0.15515560978842682
Johannes Brahms,brahms,brahms_op51_no1,String Quartet Op. 51 No. 1,Op. 51 No. 1,Romantic,3,brahms_string_quartet_51_1_(c)harfesoft.mid,viola,intervals,1174,1173,1,8,200,0.13377784228631664,7.475079451945116,-0.13377784228631664,-0.18106128651114536,0.8343842206309315,0.9973939602789393,0.01566826784353348,0.3553435668055772,0.02355520667074287,0.31765006981724114,0.40685625811673554,0.3553435668055771,2.8141778645091966,0.9999822516799102,0.9999661427561081,1.0,0.7515735539867049,0.6366492686194687,0.5508815583153587,0.478110115651617,0.42202165799218194,0.37369091350790273,0.32983900058157084,0.2902406525371948,1.0,0.6499020945326022,0.4506265833139594,0.315729686376455,0.22163913747906933,0.1555669576473225,0.10915879920663255,0.07659385607743473,0.05374477958180471,1.0,0.6048748886549519,0.38898990716951687,0.2589226952495233,0.17359815664131803,0.11647170547486363,0.0778627640073911,0.0519747642429641,0.03462334086676139,1.0,0.6778289003894316,0.484648738580231,0.34957854518952586,0.2537121150774078,0.18352608602831294,0.13389821774306349,0.09808670558528847,0.07173786615036919
Johannes Brahms,brahms,brahms_op51_no1,String Quartet Op. 51 No. 1,Op. 51 No. 1,Romantic,3,brahms_string_quartet_51_1_(c)harfesoft.mid,cello,intervals,1224,1223,1,8,200,0.09970770100250083,10.029315588922449,-0.09970770100250083,-0.09787359190003518,0.9067635187631597,0.9974495329088852,0.011552414176925919,0.23542500330889635,0.017803303389460803,0.1879714144128904,0.2790692411071945,0.23542500330889637,4.2476371920781935,0.9999853146087132,0.9999444084490711,1.0,0.8398459497509205,0.7394953432965129,0.6635369287416071,0.601162822178904,0.546361273554256,0.4981454407623998,0.4539067576348278,0.4123510937838423,1.0,0.7385947329168334,0.5800345476775501,0.4582260879626584,0.3623074511056009,0.2864694180133215,0.22655366774671912,0.1792139715694336,0.1417425207446774,1.0,0.6920673597574183,0.5193171973142733,0.3925479207277453,0.2964925817630496,0.22441655837123672,0.1701632553606238,0.12925465670348713,0.09773527182152913,1.0,0.7838924084903617,0.6450224713017111,0.5321637426900585,0.4397945094217024,0.3643058262941304,0.3025909681611436,0.25059833225037903,0.20821556205328134
Johannes Brahms,brahms,brahms_op51_no1,String Quartet Op. 51 No. 1,Op. 51 No. 1,Romantic,4,brahms_string_quartet_51_1_(c)harfesoft.mid,vln I,intervals,1128,1127,1,8,200,0.1525985179744767,6.553143590603271,-0.1525985179744767,-0.1001969487990048,0.904659228940823,0.9963905924702449,0.02104423380728814,0.3117239663808342,0.019125273199134648,0.2654420277513683,0.36939189769833575,0.3117239663808343,3.2079663672003207,0.9999875934346523,0.9999583470082609,1.0,0.8049757436486659,0.6675427677773522,0.5632755649176561,0.47816290054895955,0.4132835439805949,0.35907379037405845,0.31354525724498916,0.2740137878207583,1.0,0.6813390054143659,0.4946506762326655,0.3622741714063004,0.2656180309625164,0.1947143683447068,0.1426690148621325,0.10449836778227753,0.07652318025331317,1.0,0.6331561981360909,0.43533129069322096,0.3038395250861739,0.21241861355802374,0.1482892889059109,0.10256127920337035,0.07031309842972042,0.04831641771990298,1.0,0.7203529937444146,0.5470014681475808,0.4175411719647645,0.3198056300268097,0.24568173113749522,0.18896495595557258,0.14505776841567727,0.11083716328354398
Johannes Brahms,brahms,brahms_op51_no1,String Quartet Op. 51 No. 1,Op. 51 No. 1,Romantic,4,brahms_string_quartet_51_1_(c)harfesoft.mid,vln II,intervals,943,942,1,8,200,0.1687217570501585,5.926917888264492,-0.1687217570501585,-0.08448943382559822,0.9189813654429118,0.9986170523582037,0.014386465921895823,0.32966484425091613,0.025356927061406687,0.26863490231458176,0.4004017820918505,0.3296648442509161,3.033383806126671,0.9999822757855811,0.9999522610294516,1.0,0.794242462412257,0.6572341375717116,0.5486287487547092,0.46060300701943224,0.38866584983224356,0.3314454534003596,0.2833010798245714,0.24324336703729574,1.0,0.6680610352833802,0.475735713669922,0.3420121585307857,0.24622180791154713,0.1772476614330305,0.12763109995422597,0.09190767549807168,0.06616433478955211,1.0,0.6183146492001511,0.41153339669525585,0.2760343070457694,0.1845755705435766,0.12394279105451797,0.08302854721799173,0.055818800169474055,0.03742399432032887,1.0,0.7154828293006905,0.5410161572902472,0.4110661979411192,0.313863664991011,0.24110432960414066,0.18456869997366282,0.14129327027676947,0.10863287109665747
Johannes Brahms,brahms,brahms_op51_no1,String Quartet Op. 51 No. 1,Op. 51 No. 1,Romantic,4,brahms_string_quartet_51_1_(c)harfesoft.mid,viola,intervals,968,967,1,8,200,0.1865820623012842,5.359572017085145,-0.1865820623012842,-0.10439138989227882,0.9008726359676942,0.9977596303235302,0.02025799313084119,0.30797500579880405,0.025452909113326243,0.257364488392007,0.3886339023061576,0.30797500579880416,3.247016742174481,0.9999892457927106,0.9999539046549987,1.0,0.7724278762599931,0.6233055265901981,0.5065215502259298,0.4145702989224887,0.3481187000347584,0.29221845672575597,0.24588547097671185,0.20760992353145638,1.0,0.6847452500002759,0.49945794690916456,0.3670685211411022,0.27003196638364163,0.19868956539195815,0.14613227099779688,0.10745281332580475,0.07899499414267129,1.0,0.6211135731664928,0.4162778067431352,0.2830465762947515,0.19205552659019812,0.13090676051442474,0.08883385470976712,0.06012990962808481,0.04051094890510949,1.0,0.7298944212721585,0.5646376433785193,0.43606187000347585,0.33718065693430654,0.2598127389641988,0.20006299965241572,0.1541623218630518,0.11881951685783802
Johannes Brahms,brahms,brahms_op51_no1,String Quartet Op. 51 No. 1,Op. 51 No. 1,Romantic,4,brahms_string_quartet_51_1_(c)harfesoft.mid,cello,intervals,775,774,1,8,200,0.1936708335377228,5.163400093516002,-0.1936708335377228,-0.052244511660265364,0.9490967732414722,0.9994877207786665,0.010046354812375162,0.3300770231529917,0.021226507797637448,0.2724204392279763,0.37946897249725564,0.33007702315299176,3.029595912032013,0.9999851933367488,0.9999422464576528,1.0,0.7924162839859614,0.6456575243139832,0.5289163639829657,0.4339446012234435,0.3561432593162469,0.2935958142844013,0.24530485666919707,0.20495572931737024,1.0,0.6656129507347147,0.47392095662000633,0.3407394675938521,0.2452738871208048,0.17653113123849576,0.12700902586255416,0.09135441736469871,0.06573496011755509,1.0,0.6214916207393085,0.420287240307597,0.28699180626427606,0.1972589962588635,0.13518812912537742,0.0923676049577718,0.06305466008081399,0.04372602217448879,1.0,0.7086236770708161,0.5285589305591961,0.39829997855399457,0.3017078509400499,0.22791997576260975,0.17328372384353266,0.1326758827754535,0.10189916292496282
Johannes Brahms,brahms,brahms_op51_no2,String Quartet Op. 51 No. 2,Op. 51 No. 2,Romantic,1,brahms_string_quartet_51_2_(c)harfesoft.mid,vln I,intervals,1694,1693,1,8,200,0.15683389568080275,6.376172674019759,-0.15683389568080275,-0.12308825089415505,0.8841856289452499,0.9945147458004806,0.026687773791259604,0.2841568201909476,0.019246865413928064,0.23638140787798786,0.3397445740459694,0.2841568201909475,3.5191835245341663,0.99998813720797,0.9999674256584286,1.0,0.7910951068495659,0.6475995367681482,0.5396144193233858,0.4574161096268449,0.39375833799733184,0.3411118268442154,0.29731318485978087,0.2612409404028991,1.0,0.7035284417996557,0.5257617755733615,0.39567909443074684,0.2980325436493875,0.22449553597172017,0.16909190843293878,0.12738316050267515,0.09593448691919929,1.0,0.6546761425036344,0.4601096127649239,0.3270811113340444,0.2331407893949474,0.16667898666272427,0.11942018578554055,0.0850283887909156,0.060327852695087135,1.0,0.7439968179210182,0.5810201660735469,0.4593183170181386,0.36191994818561657,0.285895012513596,0.22596562369100043,0.17893280674150183,0.14180104262366636
Johannes Brahms,brahms,brahms_op51_no2,String Quartet Op. 51 No. 2,Op. 51 No. 2,Romantic,1,brahms_string_quartet_51_2_(c)harfesoft.mid,vln II,intervals,1358,1357,1,8,200,0.14117161374733514,7.083577026963586,-0.14117161374733514,-0.025399856854652965,0.9749200056331646,0.9996506779454459,0.006046664903830547,0.2930161179982544,0.023384901172701585,0.22829124845309184,0.3740522084164554,0.2930161179982545,3.4127815453686305,0.9999898986837387,0.9999677923913726,1.0,0.8551091343381929,0.7339867666035198,0.636371523487906,0.5517162232655191,0.47867336573044506,0.4153342668094336,0.36347692392169784,0.3180825302693353,1.0,0.6976477473069402,0.51690622538262,0.38563592675153935,0.28790839497687976,0.21492818274444983,0.16043229275010235,0.1197852902522259,0.08943842522086685,1.0,0.6379430579578838,0.434745078659089,0.29840705049007493,0.2048507810998545,0.1411119347664937,0.09737034291519095,0.06707959256513742,0.04642121736265546,1.0,0.7518172583257832,0.597957334651182,0.47691184141888365,0.38077368695604424,0.3034862586827005,0.24152540976855283,0.19133185075364467,0.15155149218900146
Johannes Brahms,brahms,brahms_op51_no2,String Quartet Op. 51 No. 2,Op. 51 No. 2,Romantic,1,brahms_string_quartet_51_2_(c)harfesoft.mid,viola,intervals,1672,1671,1,8,200,0.18008754135647143,5.55285497523988,-0.18008754135647143,-0.15271722498729887,0.8583724137663714,0.994268489086991,0.03132896478659198,0.2874952967480727,0.018999190017922746,0.23722057659660417,0.3474479963096955,0.2874952967480727,3.478317771842658,0.9999879832330029,0.9999721408983561,1.0,0.7570315752347472,0.5990585538184005,0.4868944851750775,0.4028928546648781,0.33870813867431426,0.2873774226374948,0.245621617558629,0.21186369628567464,1.0,0.7017739454619152,0.5226582497895227,0.39204597475175595,0.2942684481190257,0.22091713288995615,0.16588261626741932,0.12452446031125881,0.09348762533787491,1.0,0.6513946065960498,0.452588001295157,0.3197939312641658,0.22627376381886305,0.16026484226837504,0.11339056501225774,0.08040887066931865,0.056687693695360565,1.0,0.7493849449558259,0.5838411813682409,0.4608135494241177,0.36313326819001807,0.2867963365558074,0.22651010106850455,0.17839776354132938,0.14082664554327212
Johannes Brahms,brahms,brahms_op51_no2,String Quartet Op. 51 No. 2,Op. 51 No. 2,Romantic,1,brahms_string_quartet_51_2_(c)harfesoft.mid,cello,intervals,1165,1164,1,8,200,0.24647173087773477,4.057260426738602,-0.24647173087773477,-0.13069899836755683,0.8774818581159657,0.9984127737089156,0.02251703104564454,0.3290702892069146,0.02175359606734088,0.2734191447755229,0.3838788471422326,0.3290702892069146,3.038864439600667,0.9999821724246666,0.9999592155603975,1.0,0.7151818478166598,0.5333295451486812,0.4108017094681688,0.3193290128090486,0.25140187754394044,0.19788230509042298,0.15749776447260994,0.1256276673056736,1.0,0.6680346597514623,0.4760353995646407,0.3424034770820956,0.24660674807386787,0.17767716762563246,0.12801995035711178,0.09222451109734618,0.06643952810676225,1.0,0.6218295137466243,0.4159127680763698,0.28328244206320485,0.1937536822650154,0.13265873739805548,0.0900461460704064,0.061467283542630535,0.04197707350772939,1.0,0.714491002563006,0.5367508740239194,0.40685551764047934,0.30939998145783304,0.23602085096583755,0.17976630888259518,0.1374871774933981,0.1048081035251052
Johannes Brahms,brahms,brahms_op51_no2,String Quartet Op. 51 No. 2,Op. 51 No. 2,Romantic,2,brahms_string_quartet_51_2_(c)harfesoft.mid,vln I,intervals,628,627,1,8,200,0.10791033568065198,9.266952916904856,-0.10791033568065198,-0.014663265536476984,0.9854437166007947,0.9999417567027471,0.0018870278922353757,0.3139345721440988,0.025930151888602697,0.2508151982428769,0.39849822174555277,0.3139345721440988,3.185377109536668,0.9999836905418042,0.9999075033231614,1.0,0.8879201625931523,0.7932669758715931,0.7113554640679556,0.6394965865860649,0.573870446610037,0.5153317004533847,0.4629214654228985,0.41667100943248736,1.0,0.6752149273529399,0.4887502923617895,0.35701606482221854,0.2610820780069782,0.19097336874099216,0.13967643770954996,0.10211777082238818,0.07466836383217175,1.0,0.620787951430507,0.4153056438584606,0.28283912658293814,0.1925842930845797,0.130142269008286,0.0864609932773985,0.05703267497003492,0.03796967012350826,1.0,0.7261399760279327,0.5595184741258012,0.434691750482047,0.3397884204492157,0.26431809891083435,0.20534160195945594,0.1600187607483454,0.1251341914638595
Johannes Brahms,brahms,brahms_op51_no2,String Quartet Op. 51 No. 2,Op. 51 No. 2,Romantic,2,brahms_string_quartet_51_2_(c)harfesoft.mid,vln II,intervals,935,934,1,8,200,0.13139463099415122,7.6106610478209955,-0.13139463099415122,-0.1626737172620672,0.8498684405825083,0.9900539478564245,0.030175411915070317,0.287377942346842,0.02419981597864141,0.2182861812807257,0.3396587465806733,0.287377942346842,3.4797381867014714,0.9999915157371346,0.999952126592144,1.0,0.7838937933509008,0.6563987502359034,0.5582349528542571,0.4841181637507834,0.42777626333582636,0.38155316506718295,0.3427811211996244,0.3086945277387518,1.0,0.7004709603966248,0.5219651401318435,0.3918731880872887,0.2943306345530211,0.22099261839641665,0.16588051691689665,0.12446533294571452,0.09336981973033222,1.0,0.6551126395325267,0.46130367823001345,0.32797220882523576,0.2345055114037479,0.16727360840258992,0.11931006684513783,0.08499514213620192,0.06058466778968362,1.0,0.760941843099154,0.6094370702770963,0.4899569199512583,0.3931514605045189,0.31584968348163217,0.2540231732917677,0.20459178799676608,0.1652698852053001
Johannes Brahms,brahms,brahms_op51_no2,String Quartet Op. 51 No. 2,Op. 51 No. 2,Romantic,2,brahms_string_quartet_51_2_(c)harfesoft.mid,viola,intervals,997,996,1,8,200,0.13691253027427228,7.303933379923178,-0.13691253027427228,-0.09888911646636567,0.9058431455439083,0.9975948841625041,0.01540329882364284,0.3100547440012795,0.02606478724055319,0.2370666519615097,0.3839617533108238,0.3100547440012796,3.2252368955718125,0.9999895167444071,0.9999653007563293,1.0,0.8120949881899272,0.6877003311732703,0.5933098087054769,0.5148413929745418,0.44988394607893306,0.3960631726317427,0.3493325364433874,0.30887740857939355,1.0,0.6835346724509471,0.49750258397846325,0.3649296278183352,0.267943617370357,0.19668036160281197,0.1443384782572062,0.1059249291228379,0.07772813293602415,1.0,0.6231788540340507,0.4188625487651617,0.2859715985148373,0.1948846215250345,0.1328909502503244,0.09061007110605322,0.06211033923768744,0.042442576847345086,1.0,0.7440427700658663,0.5819111440419513,0.4587466176524768,0.3611323751550456,0.28547422456740745,0.2257074786211075,0.17815402627280655,0.141221452168182
Johannes Brahms,brahms,brahms_op51_no2,String Quartet Op. 51 No. 2,Op. 51 No. 2,Romantic,2,brahms_string_quartet_51_2_(c)harfesoft.mid,cello,intervals,1038,1037,1,8,200,0.15221657565110638,6.569586759671212,-0.15221657565110638,-0.040485937457192804,0.9603226689951005,0.999118694669021,0.010358485328711354,0.30773036972209994,0.02279673305138733,0.24782845502386938,0.3574899289392139,0.30773036972210005,3.2495980195359437,0.9999909381973845,0.9999640391971357,1.0,0.8368328191193259,0.7106550803400417,0.6058365648617283,0.5148650306169624,0.4431543491182881,0.3831885042505213,0.33208034947682263,0.2883598931944484,1.0,0.684948729490335,0.4999034720064696,0.3676298546577268,0.2705115545962162,0.1990454377320482,0.1464046007971154,0.10767592169133808,0.0791723678853018,1.0,0.6418975912140168,0.4450677913328993,0.3119590138413202,0.21949295668336682,0.1543264740015285,0.1083547982299716,0.07618481511883533,0.05318010699425401,1.0,0.739973770368064,0.5745534829743271,0.4493739798277147,0.3515789672318303,0.27410154075499826,0.2141017294573863,0.16679215375470577,0.13024804928906375
Johannes Brahms,brahms,brahms_op51_no2,String Quartet Op. 51 No. 2,Op. 51 No. 2,Romantic,3,brahms_string_quartet_51_2_(c)harfesoft.mid,vln I,intervals,765,764,1,8,200,0.1607147383442055,6.22220469822925,-0.1607147383442055,0.007814363142832254,1.0078449749638398,0.9995473602514212,0.007836281226077997,0.34446572842750184,0.025562140296742232,0.2790055993905236,0.4251708902708929,0.34446572842750195,2.9030464208008,0.9999869859974111,0.9999461118543238,1.0,0.8547070376660866,0.7278242575468468,0.6214449966101221,0.5311659083125397,0.454974034234272,0.3886058166111006,0.3282764742474122,0.2743005318963047,1.0,0.6550814186907049,0.4597342437781026,0.3258835473003339,0.2312881440497867,0.1641367446819339,0.11638387924260468,0.08250186991190774,0.05846699061968857,1.0,0.598827172142892,0.38610359746423156,0.253730613043691,0.1664290257421037,0.10872771242652353,0.07115947802869864,0.046671978640274545,0.03073605781663906,1.0,0.7050701390199409,0.5276746835531512,0.3956826235558072,0.298571358677039,0.22718122916273512,0.17245042740419225,0.13105198045752867,0.09930594871149692
Johannes Brahms,brahms,brahms_op51_no2,String Quartet Op. 51 No. 2,Op. 51 No. 2,Romantic,3,brahms_string_quartet_51_2_(c)harfesoft.mid,vln II,intervals,674,673,1,8,200,0.1680342272977793,5.951168497522026,-0.1680342272977793,0.006106713968341658,1.006125397959321,0.9998945916245033,0.003953100498282727,0.35545340217306204,0.02628579238789239,0.2886455553690988,0.416345568378278,0.35545340217306215,2.8133082814414103,0.9999786155571582,0.9999252752030654,1.0,0.8480841743999639,0.7206710469868365,0.6108469371627266,0.5136399557452189,0.430869967712073,0.36710244078665133,0.3117749328275644,0.26201539885750413,1.0,0.6463507426221076,0.44760729379263364,0.3135895591333967,0.22012804402128325,0.15452749762881213,0.10846434423982268,0.0760846582581545,0.05336805406907535,1.0,0.6035810246336563,0.3932308248097722,0.25973040709882816,0.17248075142811986,0.11388832441464021,0.07507959086906456,0.04985888143782881,0.03296981191718034,1.0,0.6928040822777665,0.511856217119375,0.38134977082345506,0.28510916931969565,0.21409830883515094,0.1605635710898869,0.12051299419720472,0.09158933369459685
Johannes Brahms,brahms,brahms_op51_no2,String Quartet Op. 51 No. 2,Op. 51 No. 2,Romantic,3,brahms_string_quartet_51_2_(c)harfesoft.mid,viola,intervals,789,788,1,8,200,0.159167545362705,6.282687828861328,-0.159167545362705,0.0024391393800431826,1.002442116500546,0.9999805151705319,0.0016098547975429548,0.36673504688025527,0.02430418270922694,0.312917788259334,0.41672684482882677,0.3667350468802549,2.7267642089481474,0.9999808976214389,0.9999489452582967,1.0,0.8545618700548278,0.730165140024295,0.6217045864933188,0.5313273580879214,0.4511605765126892,0.38484848484848483,0.32918349256377427,0.28104993597951344,1.0,0.6401167015859276,0.43855700575737666,0.303804780577727,0.21077379800135634,0.1462647923713991,0.10149894086384607,0.07043899942785108,0.048868289778170634,1.0,0.5971535506746775,0.39395252634689254,0.26114120621162873,0.17281263337601366,0.11422568042286352,0.07510752158639483,0.04953215798286221,0.032463311336550775,1.0,0.6831215732624183,0.49504251616927675,0.3629534784464362,0.26641715092419316,0.1948094159361765,0.14184969959617846,0.10364095997898815,0.07624675793689878
Johannes Brahms,brahms,brahms_op51_no2,String Quartet Op. 51 No. 2,Op. 51 No. 2,Romantic,3,brahms_string_quartet_51_2_(c)harfesoft.mid,cello,intervals,114,113,1,8,200,0.4255474935449152,2.349913970047748,-0.4255474935449152,-0.4335677824712522,0.6481923550468716,0.9872434012949305,0.11083655423676811,0.4931971458192298,0.05346987915520845,0.31622784597168757,0.66563560739627,0.49319714581922974,2.027586754053373,0.9999685856458178,0.9992602465929642,1.0,0.5105121293800539,0.27870619946091646,0.16711590296495957,0.10242587601078167,0.06900269541778976,0.0481581311769991,0.03450134770889488,0.024797843665768194,1.0,0.5451245913515574,0.3264012701031578,0.19976018106440122,0.12268246280146922,0.07541369907580187,0.046070691723123273,0.02802376994890382,0.017021509642507378,1.0,0.483737646001797,0.2637915543575921,0.14393530997304582,0.07637017070979335,0.04115004492362983,0.021203953279424977,0.009883198562443846,0.004492362982929021,1.0,0.6217430368373764,0.4397124887690925,0.3114106019766397,0.22228212039532794,0.16675651392632523,0.12237196765498652,0.09056603773584905,0.06720575022461815
Johannes Brahms,brahms,brahms_op51_no2,String Quartet Op. 51 No. 2,Op. 51 No. 2,Romantic,4,brahms_string_quartet_51_2_(c)harfesoft.mid,vln I,intervals,1202,1201,1,8,200,0.14731897472526082,6.787991851456524,-0.14731897472526082,-0.038490599708857036,0.9622407500405032,0.9991856604233798,0.009636470893245964,0.31368324453848007,0.021073597097112904,0.2664358579745588,0.3974532152451791,0.31368324453847984,3.187929280288125,0.9999862255142242,0.9999589762678945,1.0,0.8459747746837007,0.7140592596960775,0.6137828005633083,0.5280425598234256,0.45731030115652305,0.39583921282860235,0.34459809525414165,0.299349499663728,1.0,0.6786463625835728,0.49156025467839215,0.35923138509075503,0.26288719294910967,0.19232554887365885,0.1406587912684063,0.10283482417004099,0.07517826957008225,1.0,0.6142587764191171,0.40790288407671216,0.27538643202039814,0.18667099116706753,0.12563516099637612,0.08417331137385727,0.056436134289778034,0.03764983060033333,1.0,0.7179456938225635,0.5445079546938381,0.4159088260525876,0.3187802662375864,0.24449293126712074,0.1874277787372178,0.14396374159144423,0.1108799094663033
Johannes Brahms,brahms,brahms_op51_no2,String Quartet Op. 51 No. 2,Op. 51 No. 2,Romantic,4,brahms_string_quartet_51_2_(c)harfesoft.mid,vln II,intervals,1012,1011,1,8,200,0.14689742054178184,6.807471474392372,-0.14689742054178184,-0.08120957721272398,0.9220004409123248,0.9983451067574176,0.013703719673269159,0.31039288035184076,0.0253102813616712,0.2594809273122307,0.38032508173027335,0.3103928803518409,3.2217233812401425,0.9999876894119192,0.9999615219295476,1.0,0.8160895798659797,0.6852808109535934,0.5877367896311066,0.5043951809908919,0.4368269692913292,0.37916132081842124,0.33158492649541416,0.2896529534901272,1.0,0.6825868024316589,0.49642533826607305,0.3639975543022889,0.26710704691874915,0.19599404377875662,0.14381342195254093,0.10552497531478412,0.07743541346131565,1.0,0.6273609450532863,0.4222869240882929,0.2900183910420134,0.19847231214722366,0.1362883461170274,0.09334744769675038,0.06404293096805203,0.043874353036508,1.0,0.7316695332329705,0.5563687423784424,0.42826301970582276,0.33042108733560277,0.2552918932445691,0.19758652329863,0.1529614344218341,0.11818528478310089
Johannes Brahms,brahms,brahms_op51_no2,String Quartet Op. 51 No. 2,Op. 51 No. 2,Romantic,4,brahms_string_quartet_51_2_(c)harfesoft.mid,viola,intervals,1065,1064,1,8,200,0.16084519371517023,6.21715810651347,-0.16084519371517023,-0.05826500583737823,0.9433999078247278,0.999247526222831,0.010113392996916323,0.30717072094202746,0.023266724722483322,0.25401672355001187,0.37199758822532175,0.30717072094202746,3.2555186149682886,0.999988071699452,0.9999580643721545,1.0,0.8145050313924486,0.6850595596456523,0.5802370918264959,0.49073636076947336,0.41793884923023994,0.3556932857429546,0.30633439408273844,0.26506730024941944,1.0,0.6850301951624529,0.4997863931685689,0.3676863118597989,0.27076166198498586,0.19936588788768939,0.14673678305334917,0.10797365334947191,0.0794651973921201,1.0,0.626501533786302,0.4254321837103294,0.29525923855394054,0.20424801467847825,0.14109938075169864,0.0971392018577449,0.06716586393738712,0.04642928815114246,1.0,0.729912058140535,0.5607028181531493,0.4338733837906023,0.33689723631776614,0.26113966056019033,0.20248308534732376,0.15750157678965626,0.1230218457039649
Johannes Brahms,brahms,brahms_op51_no2,String Quartet Op. 51 No. 2,Op. 51 No. 2,Romantic,4,brahms_string_quartet_51_2_(c)harfesoft.mid,cello,intervals,986,985,1,8,200,0.10517421836678545,9.508033580174484,-0.10517421836678545,-0.03935228397884641,0.9614119594514389,0.9990684247489758,0.007358686466058242,0.3835720003120682,0.020421428081937247,0.32788347831279574,0.4467835939892767,0.383572000312068,2.607072464065198,0.9999757205289067,0.9999532790201633,1.0,0.8770682758663996,0.7772949620410546,0.6975633852639335,0.6271943870577474,0.5645930009858651,0.5088759254259,0.4612404317712291,0.4188314882376458,1.0,0.6285259685092188,0.4227832221387934,0.2878068036843716,0.19636720155219797,0.13401483773806108,0.0914790375806599,0.062445789707228784,0.042624301167409964,1.0,0.5774301783557613,0.366940657620151,0.2373632400005861,0.15311468478481557,0.09800043118515216,0.0625092882723918,0.03973810734835783,0.025314336069056604,1.0,0.6740533288121686,0.47604096677571883,0.3414902679836652,0.2463281235282667,0.17779061565285828,0.12824618579056543,0.09241804865694198,0.06669345875379118
Johannes Brahms,brahms,brahms_op67,String Quartet Op. 67,Op. 67,Romantic,1,brahms_string_quartet_67_(c)harfesoft.mid,vln I,intervals,2231,2230,1,8,200,0.08515261626308272,11.743620382848325,-0.08515261626308272,-0.03697880568469727,0.9636965600213585,0.9980538141981816,0.008615744634167033,0.2711812666745525,0.01821036764284224,0.2303579881881724,0.3251427775847487,0.27118126667455256,3.6875703556621793,0.9999921130585304,0.9999799596423383,1.0,0.8989619609734253,0.8120245222902857,0.7413146172916887,0.6775414383543618,0.6250855854816251,0.5766621196532609,0.5331836827407437,0.4922759482425975,1.0,0.7163167524633378,0.5430585203555948,0.41412023604483084,0.315979642082499,0.24109493244708563,0.18391642028789024,0.14029769157744604,0.10703965222067352,1.0,0.6707427827803023,0.48205589789748204,0.3476031813707687,0.25133120599509345,0.18220243076939274,0.13153946973644734,0.09520385236904257,0.06884858526338464,1.0,0.7558067547645453,0.5962758219141753,0.4741854752276847,0.3758914352973759,0.29818892820456133,0.2366443122044998,0.18804390560513543,0.1491120771996228
Johannes Brahms,brahms,brahms_op67,String Quartet Op. 67,Op. 67,Romantic,1,brahms_string_quartet_67_(c)harfesoft.mid,vln II,intervals,1532,1531,1,8,200,0.18139310198082906,5.512888798305502,-0.18139310198082906,-0.09266701740140287,0.9114969623966894,0.9980292247480188,0.01846916835183118,0.30282778006769895,0.02126285785435511,0.2489794673595682,0.35792246256095267,0.30282778006769884,3.3022069500243485,0.9999880530069649,0.999967140465597,1.0,0.7868957696768534,0.6320211697109759,0.5190396423690636,0.43368438104790413,0.36243737753398025,0.3045394932987283,0.2572161244125509,0.2186930753813357,1.0,0.6889262055723924,0.5051064570453168,0.37315423839535894,0.275828689748122,0.20388054623101134,0.15075676168134522,0.11148547737663371,0.0824341456219991,1.0,0.648111287467924,0.4508515966036091,0.3173500636780219,0.2220984277818851,0.1548694298964435,0.10828193422637666,0.07582251496304263,0.05349384675569526,1.0,0.7377938969053688,0.5726954846336919,0.4480632058221875,0.3500628163436235,0.27324678637100763,0.21283624839081589,0.16532761868325224,0.12846933200979554
Johannes Brahms,brahms,brahms_op67,String Quartet Op. 67,Op. 67,Romantic,1,brahms_string_quartet_67_(c)harfesoft.mid,viola,intervals,1732,1731,1,8,200,0.13282058349116607,7.528953522979442,-0.13282058349116607,-0.07476938640991009,0.9279574612564325,0.9974076354418799,0.015515176800618988,0.2639453219464513,0.02119948373101122,0.21971635760704697,0.3273071766329385,0.2639453219464514,3.788663472516014,0.9999914874345872,0.9999712777358145,1.0,0.8345288865128944,0.7119657210417808,0.614446555608372,0.5368152725578464,0.4698308540249093,0.41515701987441644,0.3686206678310237,0.3271030806086077,1.0,0.7221551998150026,0.5514837649806209,0.42358756687115,0.3254893855382707,0.25013460663497084,0.19224258296592306,0.14773965196407543,0.11351288933390805,1.0,0.6619901617666267,0.46927740290029935,0.33808188114132126,0.24435742439197805,0.1768161882434054,0.12806131861413683,0.0929313114637099,0.06712648445421775,1.0,0.7649448636099826,0.6094971405025228,0.48859702159805984,0.39267357291078936,0.3152698646535948,0.2528968655275359,0.20381611956698845,0.16389896217814662
Johannes Brahms,brahms,brahms_op67,String Quartet Op. 67,Op. 67,Romantic,1,brahms_string_quartet_67_(c)harfesoft.mid,cello,intervals,1225,1224,1,8,200,0.15661852698439543,6.384940653283211,-0.15661852698439543,-0.06622479448591213,0.9359204508860066,0.9989833213528674,0.01144815548421319,0.3342836673077479,0.023974764086174122,0.27455892217373096,0.38313552443473575,0.33428366730774817,2.9914713095431615,0.9999826787209477,0.9999653048882752,1.0,0.8172977122345716,0.6835415495394196,0.5777337499459413,0.49462926523374995,0.4235366301950439,0.363962558924015,0.3142933983479652,0.27089910478744106,1.0,0.6648450609234313,0.4712730600954844,0.337169665810185,0.24164329365359746,0.17321185924727964,0.12413472995826116,0.08894744551046227,0.06374844398503264,1.0,0.6272055961596679,0.42415695411495047,0.28926690957055745,0.19723868010206289,0.1340318622151105,0.0915917052285603,0.06262028067292306,0.04286857241707391,1.0,0.7088234658132595,0.5343989209877611,0.405385060329542,0.30851046577001257,0.23551090905159366,0.17884925182718506,0.1356022683042858,0.10300350300566535
Johannes Brahms,brahms,brahms_op67,String Quartet Op. 67,Op. 67,Romantic,2,brahms_string_quartet_67_(c)harfesoft.mid,vln I,intervals,531,530,1,8,200,0.14550773762890878,6.872486757716758,-0.14550773762890878,-0.016278991066190216,0.9838527956217088,0.9998528556848576,0.00404454282589863,0.3251244386056699,0.02581109637982158,0.25868052035114475,0.4027480976376376,0.32512443860566986,3.0757454108605446,0.9999850370167099,0.9999049154936489,1.0,0.855585591525461,0.7356102063690908,0.631092356944536,0.5480465630791997,0.4746855380467829,0.4126795748078797,0.3563731200046885,0.3067185336586009,1.0,0.666431280598469,0.47694277918548117,0.3446957328947648,0.24927721362934996,0.18020555399299165,0.13029802019412087,0.09425263382254517,0.06816166295236278,1.0,0.6097961216969591,0.4011413668564061,0.2679721324806048,0.1785162230866721,0.11963839622572398,0.08030592734225621,0.05412335260030915,0.036035838040189595,1.0,0.7264528984710958,0.5625810421748972,0.4366131147300792,0.3367618294103426,0.25841922888141655,0.19913115462663825,0.15439221116019428,0.11933071068035135
Johannes Brahms,brahms,brahms_op67,String Quartet Op. 67,Op. 67,Romantic,2,brahms_string_quartet_67_(c)harfesoft.mid,vln II,intervals,475,474,1,8,200,0.21869950851548234,4.572483984019595,-0.21869950851548234,-0.0165744935498428,0.9835621076286813,0.9999031342793816,0.00493211904790417,0.34592139995236565,0.030682857288994524,0.27708838235519706,0.425098341057045,0.34592139995236576,2.8908301138284664,0.9999838588352579,0.9999141621235574,1.0,0.7935410941908446,0.6355975039288307,0.5114372627767413,0.40878220032901086,0.32773340930604444,0.2630156877521574,0.21261637150655724,0.17258365422613522,1.0,0.6534931968243256,0.4575921747652016,0.32389666861909516,0.2294741961581748,0.16248650530131387,0.11508117777035944,0.08152916209842509,0.05775583786406578,1.0,0.5929271856705663,0.37863818915367015,0.24696032570236465,0.16240086020714817,0.10617492716729007,0.06984587955261876,0.04662212460137302,0.030796518734319142,1.0,0.7154791335434837,0.5376202773616638,0.40547371129757104,0.30575952798889816,0.2312909540395732,0.17415518651606915,0.1326704101607374,0.10181874994256096
Johannes Brahms,brahms,brahms_op67,String Quartet Op. 67,Op. 67,Romantic,2,brahms_string_quartet_67_(c)harfesoft.mid,viola,intervals,513,512,1,8,200,0.13623543255277112,7.340234337441162,-0.13623543255277112,-0.038519839884505025,0.9622126143633045,0.9989279969970959,0.010225878657689614,0.3217691528327098,0.02989554744621479,0.2646598135004369,0.4266452308275296,0.3217691528327098,3.107818108716927,0.9999839657826354,0.9998974381805601,1.0,0.851980198019802,0.735973597359736,0.6345591702027346,0.551084394153701,0.48223322332233226,0.42201791607732203,0.3713421342134213,0.3287285871444287,1.0,0.6697513639856584,0.48070332214175393,0.3485767595927947,0.25303075394928065,0.18360300349888378,0.1332234780065934,0.09666652533901693,0.07006415367596815,1.0,0.5765440829797266,0.366045890303316,0.23826025459688827,0.15632563256325632,0.10223950966525223,0.0668945465975169,0.0434936350777935,0.028901461574728903,1.0,0.7142935722143643,0.5424092409240924,0.4151579443658652,0.316988841741317,0.2432893289328933,0.18718371837183717,0.1442087065849442,0.11190476190476191
Johannes Brahms,brahms,brahms_op67,String Quartet Op. 67,Op. 67,Romantic,2,brahms_string_quartet_67_(c)harfesoft.mid,cello,intervals,443,442,1,8,200,0.16173609990326906,6.182911549110426,-0.16173609990326906,-0.057978421894932304,0.9436703098342016,0.9995030810540037,0.008262991901987466,0.37353550093317933,0.025249314706720767,0.31247258622537644,0.4451618176575371,0.37353550093317917,2.677121712666576,0.9999764016345447,0.9998806955664483,1.0,0.8145134805868955,0.6751310980454474,0.5752847078764765,0.4920493670215583,0.42267069230361776,0.3600826314953123,0.3046771545103025,0.2579056094072779,1.0,0.6300539065561503,0.4281217654328837,0.29455221389468444,0.20298727463705205,0.13990759872840722,0.0964561333800346,0.06650495292833793,0.045836576482004975,1.0,0.5784522485301128,0.3670639334710525,0.23591291911647863,0.1495524127337253,0.0965835054822819,0.06325546903967372,0.040976746649716615,0.025499231950844855,1.0,0.6697812384130516,0.4812966788495153,0.34605646485513003,0.24871020710842737,0.1824990730441231,0.13441389904126277,0.09988876529477198,0.07435775199957625
Johannes Brahms,brahms,brahms_op67,String Quartet Op. 67,Op. 67,Romantic,3,brahms_string_quartet_67_(c)harfesoft.mid,vln I,intervals,990,989,1,8,200,0.18311336678028364,5.4610977755648635,-0.18311336678028364,-0.12129023455776256,0.8857768392328624,0.9981977948701912,0.017827625696293762,0.3237026090430268,0.022439134611213257,0.2778045608515257,0.3941661067537771,0.3237026090430268,3.089255298115559,0.9999883214763429,0.9999606805884423,1.0,0.7639882824583585,0.6103460660907549,0.5012965281281206,0.41823360758692135,0.3504009998525965,0.2938624081582657,0.2476129972533119,0.20846386849114854,1.0,0.6721702329086668,0.4822402868620979,0.34892830950353526,0.2527184916622713,0.1830550293266587,0.13256058067949214,0.09594825630511522,0.06942470144221624,1.0,0.6221694891326237,0.415760965472283,0.2801497287567655,0.18884051562165877,0.12775940424065388,0.08649057136510191,0.05820570472376373,0.03913874823271486,1.0,0.7162274664656996,0.5389280234849099,0.4079527312211032,0.3090491227414563,0.2336345762979295,0.17727660581600305,0.13418079975751082,0.10099009489880022
Johannes Brahms,brahms,brahms_op67,String Quartet Op. 67,Op. 67,Romantic,3,brahms_string_quartet_67_(c)harfesoft.mid,vln II,intervals,819,818,1,8,200,0.20448526138244133,4.890328003296709,-0.20448526138244133,-0.09050734142740031,0.913467627720065,0.9986485924677841,0.01723568241405118,0.2923496911048009,0.023303085088546022,0.22989107145449011,0.35561703296204794,0.2923496911048007,3.420561165024535,0.999990313285217,0.9999360456577588,1.0,0.7676576700004567,0.6053188412415704,0.4896104489199434,0.39321063768248316,0.3236120625352027,0.2667001567946903,0.2196252150218447,0.1816108751579364,1.0,0.694498183315082,0.5148728850880468,0.38439449913241386,0.28726217877378146,0.21465071520202406,0.16035132214241005,0.11976336614344373,0.0893924493316723,1.0,0.6472423924129638,0.4487068243747241,0.3126881916853146,0.2198444231325448,0.15491315400892056,0.10900427760271575,0.07649754152014736,0.053094031145819065,1.0,0.743480842124492,0.5899346942503539,0.4685512475072689,0.3737163386156399,0.2979860254829429,0.23659253170145073,0.18776392504300438,0.14775844484023687
Johannes Brahms,brahms,brahms_op67,String Quartet Op. 67,Op. 67,Romantic,3,brahms_string_quartet_67_(c)harfesoft.mid,viola,intervals,984,983,1,8,200,0.1666662098250811,6.000016446342161,-0.1666662098250811,-0.08642859240938351,0.917201041562826,0.9989768543518247,0.012221323176081949,0.35488943507372694,0.025278533414869127,0.2882824468771049,0.4144647322563823,0.354889435073727,2.8177790071216227,0.9999811658440547,0.9999571322687599,1.0,0.7912379150903741,0.6572173182009248,0.5535855401429172,0.46504413619167717,0.3930874316939891,0.3341046658259773,0.28665825977301385,0.24633459436738125,1.0,0.6490606523287217,0.45016969742353213,0.31551308969813635,0.22155286126782422,0.15558938678972545,0.10926755824880452,0.07670314105877654,0.05383158871159433,1.0,0.6060760823875578,0.3948150483396385,0.2591530054644809,0.17217948717948717,0.11437368642286674,0.07547919293820933,0.049905422446406056,0.03312946616225305,1.0,0.7076860025220681,0.5265258511979823,0.39441361916771756,0.2942875157629256,0.2190857503152585,0.1647919293820933,0.12436527952921396,0.09402059688944935
Johannes Brahms,brahms,brahms_op67,String Quartet Op. 67,Op. 67,Romantic,3,brahms_string_quartet_67_(c)harfesoft.mid,cello,intervals,721,720,1,8,200,0.31649266070897364,3.1596309303347034,-0.31649266070897364,-0.24618747944016228,0.7817756443253515,0.997930675708022,0.03302230518577857,0.35953815306558307,0.028541841370722985,0.28529183289617577,0.467898899463851,0.35953815306558295,2.781345989218538,0.9999801480780091,0.9999346906136014,1.0,0.6067888491419386,0.4103841971728887,0.28994831145500105,0.2110996422774477,0.15873347306049765,0.11849756528042611,0.08730321319948942,0.06280237010889264,1.0,0.6453127981222688,0.44532702842336525,0.31057096401325945,0.2171433810440132,0.15184712531101968,0.10611490412166029,0.07414163026147505,0.05179054490359962,1.0,0.5772570402004507,0.3556699812471437,0.22101974565453772,0.13862930803536253,0.0868501504956112,0.05511212317002064,0.034684904738641914,0.021502749893628756,1.0,0.6962352459145563,0.51722820177443,0.3872504215452984,0.2921978662716485,0.21962904013741588,0.1652102998881132,0.12485226216177885,0.09400066186551523
Johannes Brahms,brahms,brahms_op67,String Quartet Op. 67,Op. 67,Romantic,4,brahms_string_quartet_67_(c)harfesoft.mid,vln I,intervals,1319,1318,1,8,200,0.19740752329365466,5.065663067523746,-0.19740752329365466,-0.06591230205694815,0.9362129646428079,0.9987321527514785,0.01611581606346455,0.30084702704144656,0.020639671194613584,0.25105393026588135,0.3578139130432935,0.3008470270414466,3.323948419348128,0.999985024669341,0.9999640163161149,1.0,0.7898905910644517,0.6319096779452781,0.5105571762130184,0.4167764249655004,0.34321914976621776,0.28507461817504265,0.23634892075858416,0.19695005851835032,1.0,0.6909387277345814,0.507222319958701,0.37534372143905076,0.2780355984972533,0.2059936282463827,0.1526349836432583,0.11308932388545774,0.08379181574679008,1.0,0.6434864126795582,0.44517150825953034,0.3108948940555837,0.21764983317903122,0.15249358044963054,0.10726617406443424,0.07495822197378611,0.05239284736900333,1.0,0.7351150860889363,0.5639841389068423,0.4362871999114946,0.33872051519439156,0.26379373591629257,0.20589608771347553,0.1605009869512813,0.12499636079911029
Johannes Brahms,brahms,brahms_op67,String Quartet Op. 67,Op. 67,Romantic,4,brahms_string_quartet_67_(c)harfesoft.mid,vln II,intervals,1180,1179,1,8,200,0.1380761858776155,7.242378500274876,-0.1380761858776155,-0.040391443688187596,0.9604134177910854,0.9982553942099158,0.013225931087250396,0.32204009813918555,0.027651207029139983,0.23888313160850433,0.3948293569981448,0.3220400981391855,3.1052033761578373,0.9999843882065852,0.9999623560920647,1.0,0.8527570438031729,0.7318312576689798,0.6292294150736076,0.5454134764196175,0.4734350909202193,0.41591009113881255,0.3670603288225402,0.32443755956666076,1.0,0.6740910374903865,0.48400406432028226,0.3506655583016008,0.2543992917579258,0.1845470950763122,0.13389390465321382,0.09711885852140147,0.07042997435791573,1.0,0.6240545841919191,0.4153024019026357,0.2800893609207731,0.1885920554469066,0.12692544221414562,0.08617383118188998,0.058138518170928265,0.039228744720973,1.0,0.7417277027598127,0.5780071873460739,0.45480511683080593,0.35881936328158015,0.2829849928447143,0.2233367239575288,0.17590198861566353,0.13849776889155735
Johannes Brahms,brahms,brahms_op67,String Quartet Op. 67,Op. 67,Romantic,4,brahms_string_quartet_67_(c)harfesoft.mid,viola,intervals,1339,1338,1,8,200,0.17417277816432042,5.7414253279956675,-0.17417277816432042,-0.0205369358226644,0.97967251079612,0.9997331445843747,0.006520124611412303,0.3089499371284375,0.02238121047307243,0.24596131812640287,0.36577145431562413,0.30894993712843755,3.2367703625208284,0.9999883366233991,0.999963399088152,1.0,0.8301463651615891,0.6929449845500302,0.5790931121944606,0.48578094371917774,0.40636979375561366,0.34251142506905885,0.2900154217248606,0.245734170136084,1.0,0.6844598527520064,0.4985814972810817,0.3661016568348502,0.2691086505291639,0.19773851339978143,0.14527314383702097,0.10674805100954776,0.07843788440979817,1.0,0.6384853945532502,0.44054501392474427,0.30546652129949214,0.21314744411743106,0.1480101455743039,0.10244883433226191,0.07101676053394192,0.049096445094705204,1.0,0.7265067251148156,0.5627506030289849,0.4376323980499709,0.3405162041090706,0.2672172542550968,0.20951514774916255,0.16427356897126363,0.1286928817159352
Johannes Brahms,brahms,brahms_op67,String Quartet Op. 67,Op. 67,Romantic,4,brahms_string_quartet_67_(c)harfesoft.mid,cello,intervals,1223,1222,1,8,200,0.12715731335640018,7.864274366958125,-0.12715731335640018,-0.06312025224931263,0.9388305704130172,0.9966969250684535,0.01677253276025765,0.2899936860534112,0.018882633808372497,0.24788019008206333,0.3348469850765382,0.2899936860534112,3.4483509403574377,0.9999909139437188,0.9999646412620834,1.0,0.8493650890502438,0.7299720001898292,0.6337055341997682,0.5526308296214941,0.48909905695554606,0.4335048575941858,0.38796753920312405,0.3473237469576477,1.0,0.6982844699993209,0.5189088439234275,0.38847873988330894,0.2909781227172197,0.2179377359399036,0.16315679535193425,0.12210007040141677,0.09140330827617417,1.0,0.6591236669581901,0.46668564958881636,0.3341468871397482,0.23893532925200506,0.17156493854278954,0.12268662585338405,0.08786652293882753,0.06294194615629725,1.0,0.7321279177768286,0.5679229293360722,0.44403088792618356,0.3465996840699385,0.2707385034677731,0.2112772116799208,0.16435549589494308,0.12911098907804014
Robert Schumann,schumann,schumann_op41_no1,String Quartet Op. 41 No. 1,Op. 41 No. 1,Romantic,1,schumann_string_quartet_41_1_(c)harfesoft.mid,vln I,intervals,1099,1098,1,8,200,0.12248304527794758,8.164395306556317,-0.12248304527794758,-0.038621267482345754,0.9621150243984591,0.9985001310290579,0.010876977359052001,0.2371521637363215,0.023497053858962905,0.18555993859223047,0.30545568555771413,0.2371521637363216,4.216701986796347,0.9999930189173726,0.9999526719578989,1.0,0.8668303635247522,0.7551341669539771,0.6584145510809879,0.5817287397304047,0.5157813301490931,0.46038227701208384,0.41057022006575905,0.3653360690890438,1.0,0.7424531779310745,0.5828207953057933,0.45993832343756935,0.36306581691551765,0.2865897477264892,0.22618540286850933,0.17845985210134543,0.14081767738749235,1.0,0.681428535389635,0.49618311623878436,0.36473902404157454,0.2682683170897838,0.19730572910973015,0.14573617336169997,0.10779101741521539,0.0803437634019795,1.0,0.7958812300809794,0.6578595514593968,0.5476046720877236,0.45576400743363127,0.3795659230232343,0.31509178516469194,0.2606681859080551,0.21636744338583405
Robert Schumann,schumann,schumann_op41_no1,String Quartet Op. 41 No. 1,Op. 41 No. 1,Romantic,1,schumann_string_quartet_41_1_(c)harfesoft.mid,vln II,intervals,903,902,1,8,200,0.16280309559227718,6.142389346848738,-0.16280309559227718,-0.012864872387488657,0.987217526355024,0.9998676770060981,0.00429129830304673,0.2539854881821646,0.021677351824703293,0.18996484038012226,0.3106351564535149,0.2539854881821646,3.937232820493963,0.9999918888989471,0.9999433366792733,1.0,0.8416382337870096,0.709174759101646,0.6031369902390862,0.515293764763226,0.43930361316286104,0.3741292040043493,0.3157536900253709,0.26696661792458726,1.0,0.7255510538766072,0.559633148385046,0.4342449074483277,0.3371664697463102,0.2617261373380466,0.2031337202692138,0.157622523861075,0.12223541514865058,1.0,0.6802919525577094,0.497964080836864,0.36544561508754825,0.2677614887580768,0.19654806094009725,0.14398910177096222,0.10587279567070351,0.07743241723219976,1.0,0.781150563033507,0.6414332670940972,0.5275967655256021,0.4344843962856036,0.35805431617362177,0.29554197442915525,0.24531763588416883,0.20418182045417618
Robert Schumann,schumann,schumann_op41_no1,String Quartet Op. 41 No. 1,Op. 41 No. 1,Romantic,1,schumann_string_quartet_41_1_(c)harfesoft.mid,viola,intervals,1130,1129,1,8,200,0.10560279278099406,9.469446533235773,-0.10560279278099406,-0.013022355367336211,0.9870620686385094,0.9999150891750564,0.0022297441054786346,0.2767147946667041,0.020735150305801663,0.21584993724603344,0.343016781434336,0.27671479466670407,3.613829181791579,0.9999903824174834,0.9999599776166832,1.0,0.8920065958424567,0.7981859843118173,0.7169830222251905,0.6458423771746961,0.5819670176074647,0.5237843089551123,0.47089671972916974,0.4252203517040585,1.0,0.710588511933547,0.5354929349548302,0.4060094047716679,0.3080668016940639,0.23374575772133552,0.1773771551470384,0.1345848552362877,0.10213331255690467,1.0,0.6535624386807679,0.4587926809682595,0.32511079202583637,0.2307288660334785,0.1642138973828117,0.11691878113665384,0.08291393761299833,0.058856922056796115,1.0,0.7636897918684139,0.6114097897694476,0.4927418700835293,0.3985936926063913,0.3214741739693201,0.25938293572233856,0.2081936010151364,0.16688212873341698
Robert Schumann,schumann,schumann_op41_no1,String Quartet Op. 41 No. 1,Op. 41 No. 1,Romantic,1,schumann_string_quartet_41_1_(c)harfesoft.mid,cello,intervals,802,801,1,8,200,0.17084744829120155,5.853174923019901,-0.17084744829120155,-0.07263459862424632,0.9299405695148442,0.9994999578367331,0.008755885446415628,0.26279219770541123,0.0229937817230756,0.19301946146813656,0.32028286798498395,0.26279219770541123,3.8052880136152103,0.999991281821004,0.9999477485916545,1.0,0.7978120900448191,0.656957445659597,0.5494836748501529,0.4661760174829506,0.39598057308756407,0.3339199100441203,0.2826812696738782,0.2376588601141601,1.0,0.719775060053706,0.5503691134485359,0.4231511901966286,0.32551944592192966,0.25045464855351773,0.19267445975368067,0.14825659637875638,0.11408451406995927,1.0,0.6785633741078263,0.48709266535586887,0.35104392654873723,0.2547987586596828,0.18462237271338316,0.134476416757459,0.09817007124683551,0.07209176007953726,1.0,0.7726104675355202,0.6301644426515385,0.5184469905120688,0.42788441685910406,0.35307682778467764,0.2922613167482474,0.2414705499315484,0.19870339018045174
Robert Schumann,schumann,schumann_op41_no1,String Quartet Op. 41 No. 1,Op. 41 No. 1,Romantic,2,schumann_string_quartet_41_1_(c)harfesoft.mid,vln I,intervals,962,961,1,8,200,0.11290900358619786,8.856689619411727,-0.11290900358619786,-0.09303719970887689,0.9111596047936543,0.995403188189734,0.01758073691481173,0.2701155340500057,0.024013398072192157,0.19943785904241165,0.3098389584412046,0.27011553405000566,3.702119552350044,0.9999929374162205,0.9999580786047791,1.0,0.8420039552906963,0.7235234204685194,0.6377565274395542,0.5684443476520136,0.5118977695944177,0.46062197936121396,0.41635264122345633,0.37615738449253266,1.0,0.7163635044110357,0.5436960523297799,0.4151697675143206,0.31717532071223853,0.24228870882005113,0.18502981518560102,0.1412458706011953,0.10781452362802998,1.0,0.6771532466161146,0.49826983529887964,0.3683765929504313,0.2720857228964695,0.20075630085727297,0.14783503929992675,0.10818533990641932,0.07914981048482009,1.0,0.7870082559543844,0.6444638029306108,0.528084103823081,0.4314544602612076,0.35353215378557395,0.2902057059137975,0.2380807820828411,0.19466937685472996
Robert Schumann,schumann,schumann_op41_no1,String Quartet Op. 41 No. 1,Op. 41 No. 1,Romantic,2,schumann_string_quartet_41_1_(c)harfesoft.mid,vln II,intervals,959,958,1,8,200,0.1668345918606586,5.993960777841605,-0.1668345918606586,-0.043342747943195474,0.9575831241677661,0.9994975986660614,0.008570383767368659,0.24457095003186902,0.02997139153788447,0.17193711960217983,0.306675372101488,0.2445709500318691,4.088793047047059,0.9999912498613406,0.9999408189700432,1.0,0.8242669765897394,0.6815385466821628,0.5784271404062206,0.4862294537605844,0.41333554706956666,0.35111184902318887,0.2984470640323206,0.254539819580497,1.0,0.7339692841827256,0.5714967663487177,0.4476542946064055,0.3507946939353061,0.27488585853896474,0.21537600887800967,0.16869035428484735,0.13210224397907958,1.0,0.672544136366152,0.4913564668769716,0.3629553378714926,0.267600863357131,0.19761580607670595,0.14642536941723394,0.10731529138303171,0.07866290331507,1.0,0.7969627538878743,0.6687077314737949,0.5622845757927943,0.4736997066799491,0.39845038463667054,0.3353522607781283,0.2829885439149925,0.2393712989097349
Robert Schumann,schumann,schumann_op41_no1,String Quartet Op. 41 No. 1,Op. 41 No. 1,Romantic,2,schumann_string_quartet_41_1_(c)harfesoft.mid,viola,intervals,965,964,1,8,200,0.24062237141821693,4.155889554682913,-0.24062237141821693,-0.0386311033621957,0.9621055611972168,0.9997380335344569,0.008924736393146936,0.24884888428353297,0.029336461691256595,0.1786540887571742,0.3072472679774041,0.24884888428353308,4.018503048061174,0.9999919181707775,0.9999422552968886,1.0,0.7672053094791517,0.5887623894405023,0.46437830913375566,0.36299803692676297,0.2910879098297941,0.2287177065708302,0.17926050287902834,0.13973671209279345,1.0,0.7323419510831797,0.5679282657620434,0.44296551075338564,0.34557173295642424,0.26956113994351927,0.21028624448502084,0.16404155269581577,0.12798287164566474,1.0,0.6835670221184577,0.5031304241374939,0.3717706570830218,0.27495704411012445,0.201907984767601,0.14813551763486837,0.10868168046064454,0.07992418777298305,1.0,0.7995763434372581,0.6673946214416565,0.5598737337303201,0.4693909226444214,0.39242008892852925,0.3280277890723714,0.2738093676630684,0.22845319447541348
Robert Schumann,schumann,schumann_op41_no1,String Quartet Op. 41 No. 1,Op. 41 No. 1,Romantic,2,schumann_string_quartet_41_1_(c)harfesoft.mid,cello,intervals,633,632,1,8,200,0.21371373102927005,4.679156529549526,-0.21371373102927005,-0.24225622491958254,0.7848550523636114,0.9974714203698671,0.024654725126383743,0.38877866309919823,0.0314733360863723,0.3133879629048466,0.47758902699403494,0.3887786630991984,2.5721576179833874,0.9999628734773068,0.999914847662641,1.0,0.6673076923076923,0.5007897435897436,0.4009589743589744,0.3260974358974359,0.26884102564102563,0.21957435897435898,0.1773846153846154,0.1434051282051282,1.0,0.6169613999707259,0.4113322875065306,0.2785255881850291,0.18916627564882155,0.128525326160114,0.08732336840357152,0.05929522522495768,0.040255786917041674,1.0,0.5517333333333333,0.33384615384615385,0.20785641025641025,0.1307076923076923,0.08193333333333333,0.05108205128205128,0.03166666666666667,0.0194,1.0,0.6813692307692307,0.49285641025641025,0.36244615384615386,0.2668820512820513,0.1955128205128205,0.14257948717948718,0.10397948717948718,0.07512820512820513
Robert Schumann,schumann,schumann_op41_no1,String Quartet Op. 41 No. 1,Op. 41 No. 1,Romantic,3,schumann_string_quartet_41_1_(c)harfesoft.mid,vln I,intervals,370,369,1,8,200,0.21124525053085455,4.733834239998402,-0.21124525053085455,-0.1038411166884941,0.9013684984566981,0.9967634207343438,0.027581233372880293,0.3743827838230793,0.03571990199639655,0.28221529373039467,0.481989965453531,0.3743827838230794,2.6710629954409604,0.9999802981152582,0.999885536010832,1.0,0.7611606801242712,0.5959657795258719,0.4692306515051805,0.36825270503971475,0.3080301801319233,0.25252138779633004,0.20764910240124884,0.1714084571708422,1.0,0.6320492701297319,0.42958900840955466,0.29523312758196957,0.20328386440129123,0.14007432754381022,0.09645898010893243,0.06642895870119371,0.045711631690453974,1.0,0.5656479086637792,0.34318421817847905,0.21484213587181097,0.13447911724644557,0.08350040556465313,0.051376624171653326,0.031511608331675364,0.019757885554246186,1.0,0.7066619733398631,0.5255505731470287,0.3972390994934268,0.30056166878376517,0.22508073032246215,0.17010758941552778,0.12913790728638985,0.0976416032812476
Robert Schumann,schumann,schumann_op41_no1,String Quartet Op. 41 No. 1,Op. 41 No. 1,Romantic,3,schumann_string_quartet_41_1_(c)harfesoft.mid,vln II,intervals,329,328,1,8,200,0.18223946617920359,5.487285608138572,-0.18223946617920359,-0.0999043907665334,0.9049239329836579,0.9971246819214991,0.022422823608673374,0.3050208154433247,0.03382407544327122,0.22099826282342724,0.3908903912966964,0.3050208154433246,3.278464778040069,0.9999857716045376,0.999778906748297,1.0,0.7828660436137072,0.6284073208722741,0.5176207165109035,0.42307242990654204,0.3567367601246106,0.29963006230529593,0.2545171339563863,0.217095015576324,1.0,0.6765042360788747,0.4939986385080989,0.36450764079298487,0.2693205114197994,0.19878924716338173,0.14651403189995357,0.10797627184224538,0.07958596912065018,1.0,0.6064447040498442,0.40011682242990654,0.27098909657320874,0.18450155763239875,0.12468847352024923,0.08415109034267913,0.05735981308411215,0.03892133956386293,1.0,0.7363901869158879,0.5773948598130841,0.46181853582554516,0.3719626168224299,0.2992017133956386,0.23944704049844237,0.19265965732087229,0.15473130841121496
Robert Schumann,schumann,schumann_op41_no1,String Quartet Op. 41 No. 1,Op. 41 No. 1,Romantic,3,schumann_string_quartet_41_1_(c)harfesoft.mid,viola,intervals,476,475,1,8,200,0.24467218808049362,4.087101226523607,-0.24467218808049362,-0.28254027142813015,0.7538662820762086,0.9571209665437266,0.11865972465307037,0.35359761123093897,0.02890336970325812,0.2722303322124689,0.40854600183974815,0.3535976112309388,2.8280734038864535,0.9999842510942899,0.9999110308335003,1.0,0.7028130090228591,0.48532183971156134,0.33434909130840607,0.23439301597759843,0.19800874832994747,0.1679661047969399,0.14226102234667545,0.12330935778473252,1.0,0.6457176410087807,0.44839402898614633,0.31503966190279925,0.2217171993412953,0.15594780625377064,0.10957770280070106,0.07693220598783672,0.054009741620575334,1.0,0.5937425648346419,0.3845238748879006,0.25586119804535223,0.17158073903255916,0.11368253445341239,0.07592562089350098,0.05037610497995937,0.03362067387763319,1.0,0.7160727685352953,0.5450136349493951,0.4193890810593166,0.32174820183385494,0.24521861673895934,0.18550851955562878,0.13998243013232306,0.10630685041819946
Robert Schumann,schumann,schumann_op41_no1,String Quartet Op. 41 No. 1,Op. 41 No. 1,Romantic,3,schumann_string_quartet_41_1_(c)harfesoft.mid,cello,intervals,216,215,1,8,200,0.3241430977582614,3.085057207498453,-0.3241430977582614,0.04462357628348672,1.0456341843131776,0.9989668560409105,0.023884783586907096,0.4087060721037812,0.03132001073188706,0.3105092457460324,0.49787087351260656,0.4087060721037811,2.4467461294435426,0.9999341893185659,0.9995838094339269,1.0,0.7320698625046451,0.5425027870680045,0.4018952062430323,0.29273504273504275,0.21005202526941658,0.15328874024526198,0.10837049424005946,0.07497212931995541,1.0,0.5781087334319681,0.37459758649826036,0.24905202966263315,0.16611671546587164,0.1107939404401821,0.07390713468475588,0.049134210119235515,0.032613497903975115,1.0,0.5247120029728726,0.32069862504645114,0.19964697138610182,0.12416387959866221,0.07706243032329989,0.04700854700854701,0.028474544778892604,0.017140468227424748,1.0,0.6485971757710888,0.4496469713861018,0.3235321441843181,0.23866592344853216,0.17758268301746563,0.1304812337421033,0.09596804162021554,0.07088442958008176
Robert Schumann,schumann,schumann_op41_no1,String Quartet Op. 41 No. 1,Op. 41 No. 1,Romantic,4,schumann_string_quartet_41_1_(c)harfesoft.mid,vln I,intervals,1847,1846,1,8,200,0.11034482053573058,9.062500579047946,-0.11034482053573058,-0.023002284099533702,0.9772602516110428,0.9998867728566962,0.0026904905307653273,0.3227449348131449,0.019559104662520435,0.27043816213390337,0.36791841206791553,0.322744934813145,3.0984219801279167,0.9999871893850796,0.9999759583804915,1.0,0.8756491706414223,0.780752656296504,0.7013853510062774,0.6292214212554607,0.5650685397573195,0.5056273782707047,0.45130739431765265,0.4026026587520658,1.0,0.6754226833629879,0.4850423619718648,0.3512241614795577,0.25452626147560403,0.1845003809144099,0.13375389291540374,0.09694351218475632,0.07025938409410044,1.0,0.638835389200617,0.4380651120298265,0.30308554644532293,0.20991561743176645,0.1454875946796557,0.10083009820471811,0.06988706191151575,0.04850829062726881,1.0,0.7172299370251964,0.5449418091040394,0.41425799729118995,0.31623078966723295,0.24159828075176876,0.18444877964499087,0.14091019093619622,0.10792874255713322
Robert Schumann,schumann,schumann_op41_no1,String Quartet Op. 41 No. 1,Op. 41 No. 1,Romantic,4,schumann_string_quartet_41_1_(c)harfesoft.mid,vln II,intervals,1779,1778,1,8,200,0.09118022944692898,10.967289795887663,-0.09118022944692898,-0.018350907946425958,0.9818164447101841,0.999945481928494,0.0015426322757970273,0.2815144727431794,0.022362908684572688,0.24529856247256493,0.354126559706488,0.2815144727431794,3.5522152387251578,0.9999911238970512,0.9999771753467591,1.0,0.8966628066112222,0.816464253015469,0.7460204742444978,0.6827264113925868,0.6235897239581838,0.5690308708731701,0.5185496399940026,0.47237508254457405,1.0,0.7077492759668608,0.5307905637285842,0.4005799897280854,0.3025332436582633,0.22842314163358504,0.17248735730826995,0.13024552834114556,0.0983665329451629,1.0,0.6462370839673713,0.44760118289963535,0.3133975825206481,0.2205265626046761,0.15530502413332184,0.108982444723049,0.07668558412847286,0.05376195899408869,1.0,0.7414292413555494,0.5755859468460794,0.4495541795468104,0.35114063043318755,0.2745654247496547,0.21500253615213086,0.16881968436868952,0.13272912300178327
Robert Schumann,schumann,schumann_op41_no1,String Quartet Op. 41 No. 1,Op. 41 No. 1,Romantic,4,schumann_string_quartet_41_1_(c)harfesoft.mid,viola,intervals,1672,1671,1,8,200,0.09792319551394828,10.212085040235017,-0.09792319551394828,-0.024834943481787466,0.9754709065728242,0.9997602620810403,0.003474446743976152,0.22292973383462505,0.021740792140991998,0.16345289663184515,0.2866925538703461,0.222929733834625,4.485718359767233,0.9999926920815748,0.9999621061500045,1.0,0.8836526897636339,0.7985785073315139,0.7270196355058051,0.6612297053517739,0.6006999051760026,0.5440165479439382,0.49144704889217816,0.443078137286646,1.0,0.7550457435474753,0.6014428037107175,0.4813501607486417,0.3853013325878711,0.30844873468960915,0.24696379342599484,0.19770683718127854,0.15823595530021964,1.0,0.6980621791017161,0.52507559901013,0.3949224351265091,0.29591880984319346,0.22215773740691058,0.16690252208705306,0.1255854225449836,0.0943310860816874,1.0,0.8098222339146122,0.6856158066978121,0.5816787316712151,0.4937562155973912,0.41912495952634254,0.35670879781673526,0.3032842927517462,0.25748618113696287
Robert Schumann,schumann,schumann_op41_no1,String Quartet Op. 41 No. 1,Op. 41 No. 1,Romantic,4,schumann_string_quartet_41_1_(c)harfesoft.mid,cello,intervals,919,918,1,8,200,0.1537568951082536,6.503773370917402,-0.1537568951082536,-0.035397665899795504,0.9652215042502792,0.9994590253772897,0.008196344453758834,0.32783180303475873,0.02225932610842048,0.2549882280621081,0.39311392706823645,0.3278318030347588,3.0503446912195207,0.9999865213055973,0.9999560443175775,1.0,0.8225208381081048,0.7051977660100602,0.6096934898252132,0.5249128478546701,0.4518015464228417,0.3872184895236487,0.32948456592803466,0.27777469511827363,1.0,0.669384699162441,0.4780790962182031,0.344361176192682,0.24838743235597188,0.17915599331968246,0.12920559568790962,0.09318264366799843,0.06716730237531499,1.0,0.6305183290913258,0.42077417642730486,0.28359609654889567,0.19067562514324315,0.12845683405507774,0.08677820532924814,0.059138007985428405,0.04023353156174232,1.0,0.7231613611416027,0.5562634950121229,0.42913113231444733,0.3316341178031628,0.25784248682163063,0.20036911496845636,0.15579305436605106,0.12092978371792862
Robert Schumann,schumann,schumann_op41_no2,String Quartet Op. 41 No. 2,Op. 41 No. 2,Romantic,1,schumann_string_quartet_41_2_(c)harfesoft.mid,vln I,intervals,1029,1028,1,8,200,0.2038913782343643,4.904572271077315,-0.2038913782343643,-0.005454404649502101,0.9945604436071386,0.9998514378071905,0.005694622320804093,0.2914428713415894,0.0236382220567635,0.23653810665989863,0.35060807860851867,0.2914428713415893,3.431204185563823,0.9999904665817885,0.9999608927052946,1.0,0.8045591596089954,0.6613470069712508,0.5395460044938641,0.44416661865529755,0.3614219047070346,0.2925044650573256,0.23847823164525359,0.1932553628699276,1.0,0.6984533320896769,0.5183547459658043,0.38736863418815715,0.28965519395114353,0.21660174408131802,0.16196613964633916,0.12108837127577322,0.09050935854716412,1.0,0.6483493691306101,0.4512972671928713,0.319225672639281,0.22587620748593268,0.16019665456780166,0.11304564920973287,0.07950682721668491,0.055814176797065546,1.0,0.7396112999558295,0.5767817019070116,0.4560811200092182,0.3598548136198652,0.2839238731731674,0.22429951412494478,0.17738088379328226,0.14041789095657853
Robert Schumann,schumann,schumann_op41_no2,String Quartet Op. 41 No. 2,Op. 41 No. 2,Romantic,1,schumann_string_quartet_41_2_(c)harfesoft.mid,vln II,intervals,668,667,1,8,200,0.15701073582793837,6.368991233159107,-0.15701073582793837,-0.08215718888883426,0.9211271563618042,0.9983083001621353,0.014809428983745127,0.25914236368707644,0.02209970735739542,0.21236183362040592,0.32682854429236213,0.25914236368707644,3.858882761475215,0.9999899472049106,0.9999104748141465,1.0,0.8073849266565504,0.6731641145905183,0.5688002942934658,0.4831425024141261,0.4134685243941693,0.3564721570791374,0.30925185082999956,0.2671402952131329,1.0,0.7174439573935268,0.5501149292175255,0.42469963763612634,0.32803338491201245,0.25339625816134587,0.195665476294796,0.15103974055771313,0.116544539120527,1.0,0.6598979169540626,0.47124660872764057,0.3412332735549731,0.24735365797581277,0.17782222835333608,0.12781533085023222,0.09225180484664551,0.0668919851013933,1.0,0.7541224076884168,0.6003356784843886,0.482236630339817,0.39087690256127283,0.3166045891387318,0.2569595806318113,0.20852531383639122,0.1688830643307123
Robert Schumann,schumann,schumann_op41_no2,String Quartet Op. 41 No. 2,Op. 41 No. 2,Romantic,1,schumann_string_quartet_41_2_(c)harfesoft.mid,viola,intervals,1062,1061,1,8,200,0.10425229847810344,9.592114654527586,-0.10425229847810344,-0.09365527752437987,0.9105966112603784,0.9993412716193597,0.006132839034531609,0.2200635201797377,0.02071638669053583,0.18069600699752647,0.26198309421598487,0.22006352017973768,4.544142523864229,0.9999938839488813,0.9999512281668882,1.0,0.8296292692244621,0.7382881835759761,0.6618714759132216,0.5972310070981798,0.538629126864421,0.4848260414357821,0.43944562477136795,0.39889463735131037,1.0,0.7555481336135567,0.6038216615780351,0.484547079292224,0.3890780249162513,0.31242407320651117,0.25081843831905243,0.20131967227357708,0.16154686899597784,1.0,0.7167792031802152,0.5464409088697514,0.42157853859308636,0.32568193162753567,0.2518727553515662,0.19519003263468793,0.14991052941717078,0.11466650808839297,1.0,0.7983569128414163,0.6669549908006581,0.5569178870886651,0.4657425878172241,0.38858885158695405,0.32416462587240574,0.27038316475381624,0.2251847526989842
Robert Schumann,schumann,schumann_op41_no2,String Quartet Op. 41 No. 2,Op. 41 No. 2,Romantic,1,schumann_string_quartet_41_2_(c)harfesoft.mid,cello,intervals,455,454,1,8,200,0.4554794135044184,2.1954889076239215,-0.4554794135044184,-0.21678816496838096,0.8051004997320218,0.9993244615685897,0.027134397066694845,0.366651857184126,0.03206945492888969,0.2636745080976198,0.4317702391828303,0.3666518571841259,2.7273828848978616,0.9999785153175198,0.9999060626363174,1.0,0.5374243837842718,0.32224797102757796,0.19829255324485107,0.12543012208946538,0.08165046498329671,0.05274826697163953,0.03355704697986577,0.021448420461271454,1.0,0.6384477990237188,0.437109469264106,0.30278262395704963,0.21012329635637259,0.14590753396508352,0.10128746976026684,0.07027261921599857,0.048725442016264824,1.0,0.5916874830709965,0.37975140698829263,0.24796099557588708,0.16304009791234036,0.10706152626879746,0.06939135843340255,0.04478285731483432,0.028571141942797525,1.0,0.6980668331979013,0.5268406215828493,0.405553716355173,0.31280785706403424,0.24200198633641315,0.18636450276381658,0.14264503767016784,0.10856632658179594
Robert Schumann,schumann,schumann_op41_no2,String Quartet Op. 41 No. 2,Op. 41 No. 2,Romantic,2,schumann_string_quartet_41_2_(c)harfesoft.mid,vln I,intervals,913,912,1,8,200,0.15216809662323807,6.571679755421787,-0.15216809662323807,-0.04398113175740754,0.95697201368281,0.9995125953062542,0.007699348503636352,0.23033304454555314,0.02232838418909814,0.16414727155022768,0.285995694886429,0.2303330445455532,4.341539452026949,0.9999910478895969,0.9999366236359083,1.0,0.830029824475627,0.7057228768395835,0.6060162323375544,0.5181635945827018,0.4426685571798758,0.3806067569549699,0.33039651884809074,0.28697012663178995,1.0,0.7439952476730327,0.5879468610915934,0.4669836188329305,0.3711232038254339,0.29491541338908855,0.23443524788315304,0.18628780026502104,0.1479934365987462,1.0,0.6940839974575856,0.5149317948467218,0.38777929888035984,0.2918716080770547,0.21855229061751333,0.16450398474551411,0.12411382193321273,0.0933090500171124,1.0,0.8082310663472351,0.6826333545201193,0.5786657214100621,0.49038038429570235,0.41601476556006456,0.3535691585586467,0.3002982447562705,0.2552632865594289
Robert Schumann,schumann,schumann_op41_no2,String Quartet Op. 41 No. 2,Op. 41 No. 2,Romantic,2,schumann_string_quartet_41_2_(c)harfesoft.mid,vln II,intervals,782,781,1,8,200,0.09843042931535054,10.159459904377831,-0.09843042931535054,-0.013191559134291942,0.9868950681472312,0.9998723784477194,0.0025479960876895625,0.3054010624824748,0.022065335545492514,0.24688586803369886,0.3697989585330117,0.30540106248247495,3.2743828455324504,0.999977409008747,0.9999333433035531,1.0,0.895460820789501,0.8094340316428827,0.73465239962427,0.6672115419971854,0.6035781260968541,0.5443337979816213,0.49426878064923735,0.4509328065090874,1.0,0.6807893923066521,0.49653462352107103,0.36566614776526557,0.2697481553191949,0.19897512875960222,0.14677816536327698,0.10829878993108522,0.07990172375336177,1.0,0.629016784165856,0.43296863456916407,0.30038341840742633,0.2082359744744293,0.1449502090917296,0.1006047113330726,0.0689751998154778,0.04718687218160728,1.0,0.7309652984613122,0.5627659610029717,0.43745466336398675,0.3409381884065238,0.26772432651069195,0.20960986257776174,0.16384367760762958,0.12908196863791196
Robert Schumann,schumann,schumann_op41_no2,String Quartet Op. 41 No. 2,Op. 41 No. 2,Romantic,2,schumann_string_quartet_41_2_(c)harfesoft.mid,viola,intervals,725,724,1,8,200,0.20487191812760236,4.881098440134486,-0.20487191812760236,-0.0070740196845947,0.9929509422974548,0.9998521300968393,0.005708658864648801,0.3327990854477818,0.029923642232470394,0.2720192724018436,0.41176547307804684,0.33279908544778175,3.004815949702801,0.9999826809550691,0.9999463197758675,1.0,0.8025720140560841,0.6570985562126489,0.5398736199091497,0.44151609359295013,0.3584885813795844,0.28978596417412716,0.23664710969823052,0.19156868703396368,1.0,0.664922018639586,0.47205445819660585,0.33830598130072875,0.24273597332385083,0.1742149219584355,0.1250783772363258,0.08977572804288374,0.06442193192448425,1.0,0.6074230772227547,0.39485597188783184,0.2627217690096071,0.1756854678478764,0.11631331665926463,0.07688381914089588,0.050848117933973806,0.03372992683667984,1.0,0.7157421908479621,0.5383425664040891,0.41067296229634653,0.31338288804219944,0.2389105755670352,0.1821564089977638,0.13878824711904816,0.10548296362092206
Robert Schumann,schumann,schumann_op41_no2,String Quartet Op. 41 No. 2,Op. 41 No. 2,Romantic,2,schumann_string_quartet_41_2_(c)harfesoft.mid,cello,intervals,624,623,1,8,200,0.1542975586013025,6.4809839446906095,-0.1542975586013025,-0.06633118730501301,0.9358208809676388,0.9990477375602422,0.010915004350924278,0.253036547720016,0.017970529453809697,0.20914329904279144,0.3152027056975136,0.25303654772001594,3.9519982745990374,0.999984948849676,0.9998679259127685,1.0,0.8190423397740471,0.6850015837820715,0.582895153626861,0.4991236405870552,0.42926301340935485,0.36941188892408405,0.3185936015204308,0.27598986379474183,1.0,0.7121727660466481,0.5488873780952084,0.42627544724436034,0.3312621914768183,0.2573778515918741,0.2000211164899738,0.15539198938985044,0.12073590598640478,1.0,0.6737250554323725,0.4918435223313272,0.36211593284764015,0.26529933481152995,0.19345370077077395,0.1402439024390244,0.10204835814591912,0.07434800971386338,1.0,0.7489547038327526,0.5986326681448633,0.4846161968113188,0.39370710590222785,0.31921655580192165,0.25891669306303455,0.20980361102312323,0.17130714813641643
Robert Schumann,schumann,schumann_op41_no2,String Quartet Op. 41 No. 2,Op. 41 No. 2,Romantic,3,schumann_string_quartet_41_2_(c)harfesoft.mid,vln I,intervals,788,787,1,8,200,0.26224787879133954,3.8131862290320417,-0.26224787879133954,-0.08432696223347533,0.9191306859383274,0.9970389371585006,0.032746085272328106,0.41958743439505924,0.023362425731268382,0.357918188992343,0.468453509894013,0.41958743439505897,2.3832934879037833,0.9999692236819451,0.9999459407694917,1.0,0.7375234521575985,0.5529376913202331,0.40930844935979727,0.3116651854777657,0.23996576807873343,0.18531648069517132,0.1464862907738389,0.11935091010829137,1.0,0.6036457995561775,0.3903995282252191,0.2563757041747332,0.16880128100036565,0.11116845809005646,0.07321785153624844,0.048223973622025997,0.03176896980756731,1.0,0.5670813995589349,0.3479773542674698,0.217767683749712,0.13715480069780456,0.08638293670386096,0.054244429083966955,0.034261545044600245,0.021602317237747276,1.0,0.6458806490898917,0.4455317468154439,0.31336690694842173,0.21976893453145058,0.15409631019387118,0.10747835818439155,0.07482308021460782,0.05242092097034331
Robert Schumann,schumann,schumann_op41_no2,String Quartet Op. 41 No. 2,Op. 41 No. 2,Romantic,3,schumann_string_quartet_41_2_(c)harfesoft.mid,vln II,intervals,625,624,1,8,200,0.26465930008290234,3.7784426985439707,-0.26465930008290234,-0.03409876232945018,0.9664760484979414,0.9996728102794445,0.01097078481456135,0.4054108612938309,0.025275196185722017,0.34006908946522213,0.49584037403005654,0.40541086129383064,2.46663347106339,0.9999766122868493,0.9999423936013743,1.0,0.7482897977225368,0.5735544844134796,0.4348649729524932,0.3336420467700857,0.25429918541749985,0.19529457576459197,0.15070828685091245,0.11891431097265781,1.0,0.6140236853892668,0.40355093928651925,0.26895106856766937,0.17962362888878217,0.12001399763345719,0.08013726163795097,0.053502221342552454,0.035690749843828556,1.0,0.5523006167252521,0.3380412132438064,0.20679239722999854,0.1266391631059378,0.07764844555768381,0.0472015828579848,0.028489338862110337,0.017259887600244165,1.0,0.6634742890820686,0.4649276979098697,0.3320370877096971,0.23740238691616325,0.16906270390873307,0.12070344566292703,0.08552063819486834,0.060646403839272556
Robert Schumann,schumann,schumann_op41_no2,String Quartet Op. 41 No. 2,Op. 41 No. 2,Romantic,3,schumann_string_quartet_41_2_(c)harfesoft.mid,viola,intervals,422,421,1,8,200,0.2935454358654097,3.4066276556195514,-0.2935454358654097,-0.00411147708930171,0.9958969634609542,0.9989248179177754,0.022066303720151392,0.36621611991390934,0.03273201998766603,0.26773504954749366,0.46472931264425926,0.36621611991390934,2.730628024334597,0.9999848387930871,0.999901976200726,1.0,0.7524066860839153,0.5595442795148027,0.4137628522300593,0.3054941455825759,0.22502953527271877,0.16492964171667193,0.1270543098103894,0.09923851633505282,1.0,0.6377879933043596,0.4372819079664277,0.3033551552712648,0.21080138963932268,0.14632435668726249,0.10153646626503925,0.07042931996072055,0.04885696718671605,1.0,0.5781310313366319,0.3569147629575043,0.22568457498450128,0.1420266460797043,0.0893427378320525,0.055900621118012424,0.03529026447228363,0.022201167374343498,1.0,0.7239943385853481,0.5465487595185458,0.41916692985226517,0.32260705805289447,0.24615456597770524,0.18882689405902375,0.14497432478272568,0.1099764887532021
Robert Schumann,schumann,schumann_op41_no2,String Quartet Op. 41 No. 2,Op. 41 No. 2,Romantic,3,schumann_string_quartet_41_2_(c)harfesoft.mid,cello,intervals,338,337,1,8,200,0.44437243432179196,2.2503646103211046,-0.44437243432179196,-0.11037515250115258,0.8954981239117504,0.9988472921899156,0.03458890645805796,0.3991639466841842,0.030500975746500385,0.33287707701507424,0.47007701000092694,0.39916394668418415,2.5052362777422714,0.9999780343363055,0.9998934332089628,1.0,0.5952657271806208,0.37421018697614444,0.23606889564336372,0.1458045500598692,0.09265911393570968,0.0600902643455835,0.0404163212673851,0.027042461085014277,1.0,0.61243454132061,0.4055538244686882,0.2717929422409125,0.18256789601768258,0.12280220279561002,0.08252776293208858,0.05540032824121863,0.037220021822602686,1.0,0.5611863313990973,0.344294003868472,0.2134107027724049,0.13370175923367414,0.08479322096343372,0.052703325043750575,0.03295569678548402,0.02068711430413558,1.0,0.6744404531638574,0.47022197660495535,0.3328543796628903,0.2392189370912775,0.17133646495348623,0.12336741272911486,0.0884959012618587,0.06386662982407663
Robert Schumann,schumann,schumann_op41_no2,String Quartet Op. 41 No. 2,Op. 41 No. 2,Romantic,4,schumann_string_quartet_41_2_(c)harfesoft.mid,vln I,intervals,1609,1608,1,8,200,0.12167626293231068,8.218529858665258,-0.12167626293231068,-0.1020498792323627,0.9029845103713607,0.9989024592152604,0.00924132634495194,0.23248547913062667,0.021215423711340647,0.1831831021883716,0.2949206352068539,0.23248547913062656,4.301343910765843,0.9999928323492328,0.9999690653136216,1.0,0.8144971892567145,0.7051124297314179,0.6205894753279201,0.5495057776389757,0.4887968457214241,0.4344706433479076,0.38655762023735163,0.3442348532167395,1.0,0.7461887466300436,0.5886290826401244,0.4665418005642856,0.3700194296506108,0.29343996110203996,0.23268673667244308,0.1844844425579269,0.14622595537824495,1.0,0.6869300437226733,0.5074383198001249,0.37837835727670205,0.2822181449094316,0.21017254840724547,0.15667239225484073,0.11677154903185509,0.08671064959400375,1.0,0.7940138975640225,0.6583119925046845,0.5479145846346034,0.4558658650843223,0.3794597126795753,0.3164654903185509,0.2638319800124922,0.21996642723297938
Robert Schumann,schumann,schumann_op41_no2,String Quartet Op. 41 No. 2,Op. 41 No. 2,Romantic,4,schumann_string_quartet_41_2_(c)harfesoft.mid,vln II,intervals,1182,1181,1,8,200,0.0867465375892608,11.527837626614387,-0.0867465375892608,-0.14626740323869705,0.8639266555088914,0.995855713245537,0.01282208023840623,0.24782185222414138,0.022080157133903246,0.20673386871238408,0.3190730753917857,0.24782185222414146,4.035156670104919,0.9999919071889689,0.999946297186392,1.0,0.8113487599320893,0.7242295777654815,0.6578873605586224,0.6030461069695636,0.5541651961873557,0.5105910818515985,0.471889518713937,0.4389638530769689,1.0,0.730631491783708,0.5671477587040007,0.44280642378688456,0.34585513751721486,0.2700762189541049,0.2109200424394475,0.1646992145749246,0.12856606915639834,1.0,0.6745760299527559,0.48663061995407747,0.3533754217189431,0.25716468351654415,0.18755473450768353,0.1367799916055601,0.09936083165952848,0.07165772760478163,1.0,0.7652810031500935,0.614969697233756,0.4996855715843852,0.40632139086284097,0.33096604318343886,0.269728749213929,0.21961626662367784,0.1791951503955408
Robert Schumann,schumann,schumann_op41_no2,String Quartet Op. 41 No. 2,Op. 41 No. 2,Romantic,4,schumann_string_quartet_41_2_(c)harfesoft.mid,viola,intervals,1194,1193,1,8,200,0.19706924728669553,5.0743584489628875,-0.19706924728669553,-0.16985847501040768,0.8437842247001879,0.998540893958491,0.017260724053381873,0.2830634960696041,0.025571596057839586,0.2199524852041106,0.3306312218278961,0.28306349606960424,3.5327762635776385,0.9999902173371248,0.9999620861225549,1.0,0.7180353064230367,0.5609380892408621,0.45535751133121294,0.37945652869981,0.3137874356949218,0.26036957186870735,0.21342241765748074,0.17567542567649297,1.0,0.7040551235162592,0.5269141798985094,0.39709387550366837,0.2994830705626484,0.22582847981500292,0.17026619019515798,0.12834701208328708,0.09674947532774007,1.0,0.6657658619192975,0.47483225535608825,0.3419372282821383,0.24659565536035746,0.17826114799240078,0.12845788773382857,0.09264912018556862,0.06671078190705915,1.0,0.757763215004874,0.6056709429988402,0.48519506763150966,0.3898805330828726,0.3130645149813933,0.2517016386677197,0.201926839854562,0.16209077778014958
Robert Schumann,schumann,schumann_op41_no2,String Quartet Op. 41 No. 2,Op. 41 No. 2,Romantic,4,schumann_string_quartet_41_2_(c)harfesoft.mid,cello,intervals,1022,1021,1,8,200,0.1992647337384244,5.018449482951177,-0.1992647337384244,-0.11227297072275551,0.8938002428991482,0.9994933014372614,0.010280044324265351,0.33171358255948696,0.024504210522741883,0.2677818702327161,0.3902513538494735,0.331713582559487,3.014648939859638,0.999981508471962,0.9999543756962856,1.0,0.7483016641646758,0.5951895574494102,0.4852947189495143,0.3992262325469099,0.3289465742195638,0.27107951658031393,0.22205801892945942,0.18274852947189496,1.0,0.6659051706824272,0.4731640337870731,0.33942112156229404,0.24385373295622753,0.17518775198545972,0.12589129553468123,0.09047540198993746,0.06501279990190818,1.0,0.6163542585442502,0.4112143709683386,0.2787763025442424,0.18969374463337557,0.12861401387485372,0.0871861072331875,0.05891847793282982,0.03973784587346741,1.0,0.7287063052117346,0.5556055304707442,0.424098163713928,0.3237946147810222,0.2475179666310352,0.1896178087232837,0.14554577475072578,0.11195289637084763
Robert Schumann,schumann,schumann_op41_no3,String Quartet Op. 41 No. 3,Op. 41 No. 3,Romantic,1,schumann_string_quartet_41_3_(c)harfesoft.mid,vln I,intervals,813,812,1,8,200,0.16682001676391459,5.994484471340213,-0.16682001676391459,-0.07432361806146336,0.9283712075320113,0.9993909864910386,0.009435687762532535,0.2834573854032645,0.0247058503086978,0.21944013998698086,0.3464035403051973,0.28345738540326454,3.5278671556831593,0.9999904618365911,0.9999454674219359,1.0,0.7997311578752202,0.6641111214115757,0.5537931460708878,0.47277896233120115,0.40282747751923614,0.3401254596582306,0.29002193998949355,0.2461666821173635,1.0,0.7030954123491043,0.5260550593060116,0.3962279505010193,0.29873654669634575,0.22523102363741807,0.1697655589097532,0.12789597742911168,0.09632534330391719,1.0,0.651089274126263,0.4579493835171966,0.32750533049040514,0.23161212570686937,0.16332931615215845,0.11588640647693212,0.0819999381972127,0.05803590741942462,1.0,0.7566298940082198,0.5991718426501035,0.47791168381694016,0.38395290627607304,0.3090541083402861,0.24851827817434566,0.20046661104415808,0.16183677883872563
Robert Schumann,schumann,schumann_op41_no3,String Quartet Op. 41 No. 3,Op. 41 No. 3,Romantic,1,schumann_string_quartet_41_3_(c)harfesoft.mid,vln II,intervals,736,735,1,8,200,0.19848562461854863,5.038148238300928,-0.19848562461854863,-0.19070964579386052,0.8263724940501505,0.9979213389372774,0.020756417413309056,0.31710688890470895,0.028759465404929335,0.23421213955716583,0.4096874746417472,0.31710688890470884,3.1535108034202994,0.9999850632701803,0.9999427973203519,1.0,0.701312786250888,0.5576280665689194,0.4466874253669302,0.3651238720014511,0.3006446785676497,0.2486887253049564,0.20669014616745016,0.17395362546669288,1.0,0.6768401485341621,0.48854717216859445,0.35567537198532173,0.2593511247242934,0.18904716999917504,0.13784215141230716,0.10045728312898256,0.07321182236748901,1.0,0.6204332119050139,0.4096732016264341,0.27345934670556404,0.18236165485133848,0.12162356213250299,0.08025983644965763,0.0532181023927929,0.03499629668818115,1.0,0.7429523708753419,0.5828937225085781,0.4633258763245008,0.3664313678068836,0.289818159831915,0.22911407711957918,0.18164366582523392,0.1437716341430234
Robert Schumann,schumann,schumann_op41_no3,String Quartet Op. 41 No. 3,Op. 41 No. 3,Romantic,1,schumann_string_quartet_41_3_(c)harfesoft.mid,viola,intervals,713,712,1,8,200,0.1261475453006162,7.9272251998003425,-0.1261475453006162,-0.06293665852629758,0.9390029496361072,0.9986494275136082,0.01062945202403311,0.3028656422758502,0.02658047910461068,0.24243399269123017,0.3790988615788158,0.30286564227585,3.3017941305115093,0.9999897728633184,0.9999396557724871,1.0,0.8400548033526757,0.7318786266924565,0.6392730496453901,0.5619116698903933,0.4927990006447453,0.4364401998710509,0.3899137653127015,0.347860251450677,1.0,0.6873119034667402,0.503826981561651,0.37239379346830975,0.2754495038552564,0.2036548135011246,0.15055269612643338,0.11124873920210625,0.08215224355117505,1.0,0.6304118310767247,0.42215506125080593,0.2890473887814313,0.1984647001934236,0.13608156028368795,0.09341956802063185,0.0640352998065764,0.04391521598968408,1.0,0.7416223404255319,0.580710025789813,0.45454948420373953,0.3552667633784655,0.27788926499032884,0.21773855577047066,0.17045454545454544,0.13238636363636364
Robert Schumann,schumann,schumann_op41_no3,String Quartet Op. 41 No. 3,Op. 41 No. 3,Romantic,1,schumann_string_quartet_41_3_(c)harfesoft.mid,cello,intervals,620,619,1,8,200,0.14123206947640893,7.080544834521721,-0.14123206947640893,-0.012479645296417548,0.9875979025518601,0.9999795241143873,0.0014643293537724012,0.37392551489125686,0.019993995288209714,0.304444676942285,0.42903195229415797,0.37392551489125686,2.6743294056593463,0.9999594481472863,0.9999050034552659,1.0,0.858829947691024,0.7433383609854198,0.645234962506552,0.5615566466630296,0.48874661703197375,0.4230929687750714,0.36748392755902143,0.3188387193393451,1.0,0.6225461251007411,0.4212906565393085,0.289607398372978,0.19955178540529403,0.13756121690227935,0.09484476332776887,0.06542605849854503,0.0450850280731088,1.0,0.5817688777638715,0.37566188504861847,0.24731769412620477,0.16288523046971107,0.10701410951723843,0.06994854679460437,0.04528630874062664,0.029192473497855226,1.0,0.6659499588160415,0.48882149695666594,0.36022592342992843,0.26579164126097793,0.19613191703304345,0.14445407186333345,0.10673063551661799,0.07903041194655713
Robert Schumann,schumann,schumann_op41_no3,String Quartet Op. 41 No. 3,Op. 41 No. 3,Romantic,2,schumann_string_quartet_41_3_(c)harfesoft.mid,vln I,intervals,928,927,1,8,200,0.10108753979637476,9.892416038755574,-0.10108753979637476,-0.1431505732797143,0.8666235687177961,0.9817533667820163,0.031576751566280016,0.32250534726316504,0.023657109982922187,0.2727391580735511,0.38844474798713896,0.32250534726316493,3.1007237817486426,0.9999849044999715,0.9999567475716153,1.0,0.8275866963145195,0.7097080948100487,0.6199602592610115,0.5581728722146,0.5088754317074324,0.46576382646543973,0.43179022567062497,0.40188768510195394,1.0,0.6730286156037051,0.4831046685573414,0.3498351216813724,0.2536783666657234,0.18393970356980222,0.13336348409286455,0.09670775359271587,0.07009914841316331,1.0,0.6279060415385344,0.4210483985428396,0.28566258220182617,0.19532809764867295,0.13245257132043337,0.09000094620807116,0.06091451010077116,0.04115768557505795,1.0,0.717225717935374,0.5425864597625017,0.4112480484458532,0.311399441737238,0.23629890712967783,0.17976297487817572,0.13684534229076975,0.10490845436911576
Robert Schumann,schumann,schumann_op41_no3,String Quartet Op. 41 No. 3,Op. 41 No. 3,Romantic,2,schumann_string_quartet_41_3_(c)harfesoft.mid,vln II,intervals,962,961,1,8,200,0.1518969028650266,6.583412703869187,-0.1518969028650266,-0.12599550870001971,0.8816188063890519,0.9989080778081713,0.0115069878415703,0.29731777343914134,0.026523167383772403,0.22509763981125164,0.35109034471349204,0.29731777343914134,3.3634047115070715,0.9999852268450148,0.9999472991470852,1.0,0.7742558531922804,0.6495520050332064,0.5503287642906325,0.4742521134847255,0.41008533132709024,0.3537059401954767,0.30593007626803587,0.26432033015018225,1.0,0.6913763821390991,0.5093278995288189,0.3782675122370444,0.2812318602177694,0.20912311591989782,0.15547579806179834,0.11559135973307294,0.08593136932543964,1.0,0.648641276252197,0.4537585160840422,0.3209856989183446,0.22741381623957008,0.16188974022231462,0.11355511998961682,0.07959857539140439,0.05560725151293169,1.0,0.7498465619988517,0.5947300921067973,0.47327758969248607,0.3762079805359221,0.2997705579423689,0.24004742829110765,0.19261033787157844,0.15561583084202815
Robert Schumann,schumann,schumann_op41_no3,String Quartet Op. 41 No. 3,Op. 41 No. 3,Romantic,2,schumann_string_quartet_41_3_(c)harfesoft.mid,viola,intervals,1162,1161,1,8,200,0.12659623329936198,7.899129175789149,-0.12659623329936198,-0.15356439766592214,0.8576455320499836,0.9950258059057172,0.02050900671874628,0.272932244891189,0.02877832246912931,0.21503759640100067,0.3561956225700457,0.2729322448911891,3.6639129993551096,0.9999919014240409,0.9999659222458931,1.0,0.784346764750534,0.6655067557919135,0.5733081209293517,0.5059876954249407,0.4479971621014278,0.3981685934214264,0.3559292990480714,0.31936429869483723,1.0,0.7146414933957965,0.5406849358294074,0.4116644556680369,0.31359109105403343,0.23885509583251183,0.18192863150143906,0.13852213367790442,0.10544319650686448,1.0,0.6499779792298293,0.451496435340856,0.31827603674236904,0.2255122271641607,0.15868783266018419,0.11101474414570685,0.07746651414966006,0.05392157599570708,1.0,0.7645671528271513,0.6120225889511349,0.4921093492824836,0.39512326370360795,0.31808063059068276,0.25730781429200594,0.20863063878270988,0.16990113951848917
Robert Schumann,schumann,schumann_op41_no3,String Quartet Op. 41 No. 3,Op. 41 No. 3,Romantic,2,schumann_string_quartet_41_3_(c)harfesoft.mid,cello,intervals,1023,1022,1,8,200,0.1093868339245474,9.141868030386341,-0.1093868339245474,-0.20147321904074597,0.8175254713832668,0.972965315377628,0.04177886895839256,0.32625498682196524,0.024823220263557745,0.262716960193195,0.40097003508907647,0.32625498682196513,3.0650872489059986,0.9999871404712739,0.9999621895883749,1.0,0.7906821737060464,0.656874690296441,0.5619708319973572,0.5022726168614763,0.4585847397518485,0.4195586906462238,0.38587265961271267,0.35727013923300394,1.0,0.6703369972610425,0.479551880843667,0.3460082572571428,0.2499964844093891,0.1806282040301724,0.13045039443337073,0.09420337650453588,0.06800861048473032,1.0,0.6214028235248394,0.411898446381205,0.2756016750711711,0.18548984172326347,0.12437889254865382,0.08332798942878518,0.0555707775866927,0.0373704103147074,1.0,0.7272879198608642,0.5554007442601607,0.42627646447275097,0.3287045403756279,0.25309120587635175,0.19425190194420963,0.1490988233693804,0.1148784018810544
Robert Schumann,schumann,schumann_op41_no3,String Quartet Op. 41 No. 3,Op. 41 No. 3,Romantic,3,schumann_string_quartet_41_3_(c)harfesoft.mid,vln I,intervals,459,458,1,8,200,0.21764408928519155,4.5946572832935635,-0.21764408928519155,-0.053104903784691064,0.9482805290478491,0.9992412474783888,0.01374173047393755,0.3671620776204364,0.0322366302774381,0.30302136858303863,0.45242953452045226,0.36716207762043623,2.723592824403225,0.999982093619655,0.9999002309513044,1.0,0.770120719389012,0.6208622813500863,0.49373737373737375,0.3917122443951712,0.3121359940872136,0.25373737373737376,0.20863266814486325,0.1692732200049273,1.0,0.6372024310247633,0.43622064825066736,0.3022392623323165,0.20970012835150736,0.14546593016843382,0.10090509269946983,0.06993432191595161,0.0484782575950301,1.0,0.5926287262872628,0.37437792559743777,0.2398521803399852,0.15450110864745012,0.09872382360187239,0.06263611727026361,0.03929046563192905,0.024656319290465634,1.0,0.6967824587336783,0.5070509977827051,0.37628972653362897,0.27901453559990147,0.20533136240453315,0.1518009361911801,0.11195861049519586,0.08326188716432618
Robert Schumann,schumann,schumann_op41_no3,String Quartet Op. 41 No. 3,Op. 41 No. 3,Romantic,3,schumann_string_quartet_41_3_(c)harfesoft.mid,vln II,intervals,666,665,1,8,200,0.11331230592236459,8.82516679772756,-0.11331230592236459,-0.1994632349470745,0.8191703371001057,0.9891062357024762,0.027247348506087735,0.2817035689331345,0.032721291738783236,0.20586550237087917,0.35795776157590353,0.28170356893313436,3.549830780586815,0.9999932636717668,0.9999309302877952,1.0,0.767673823634185,0.6526580709034804,0.567676599445763,0.5068123042474544,0.45330390973060747,0.40921014281550566,0.37450324538636987,0.3426091703561829,1.0,0.7048776719027234,0.5285396989279965,0.3993374442485263,0.3017012082381276,0.22778468815298347,0.171886483506699,0.12966207045403644,0.09777881416035662,1.0,0.642202513960019,0.44373198613944753,0.311640365851966,0.21935850994434497,0.1529703497059953,0.10681785587061017,0.07491452813516351,0.052250026601527624,1.0,0.7651617141561764,0.6166002785064283,0.49633361554084376,0.39938376982970397,0.3242518031209375,0.2641184716381452,0.21492646412494854,0.17649535282878331
Robert Schumann,schumann,schumann_op41_no3,String Quartet Op. 41 No. 3,Op. 41 No. 3,Romantic,3,schumann_string_quartet_41_3_(c)harfesoft.mid,viola,intervals,600,599,1,8,200,0.16898394156636962,5.917722067142357,-0.16898394156636962,-0.0317814998281285,0.9687182240549026,0.9997987124826286,0.005493855377569665,0.3509240342696445,0.02983888095344547,0.28181039595853397,0.41713873476520724,0.35092403426964464,2.84961958242967,0.9999796476576233,0.9999386566145259,1.0,0.8228723647505374,0.6914242923126172,0.5821386106919102,0.49269447112086706,0.41403713358028077,0.3483845520647551,0.29675424155119584,0.25316687245621255,1.0,0.6503487202976099,0.45276239594174167,0.3185237261936932,0.224561626027896,0.15838895994465665,0.11165782991177896,0.07869800435911992,0.055443571924965816,1.0,0.6021630767823661,0.3968365573695523,0.2629190103809393,0.174423789271505,0.11487058124113962,0.07555906159967074,0.04954954954954955,0.032840581698449715,1.0,0.701519412813829,0.5225625371564457,0.39094868980655784,0.2928899711894636,0.22122947820917363,0.16739836282983492,0.12636049755339096,0.09597795765308456
Robert Schumann,schumann,schumann_op41_no3,String Quartet Op. 41 No. 3,Op. 41 No. 3,Romantic,3,schumann_string_quartet_41_3_(c)harfesoft.mid,cello,intervals,414,413,1,8,200,0.22372031197320902,4.4698668224624685,-0.22372031197320902,-0.07374077859057049,0.9289124566307486,0.9996365199111493,0.009774719956115339,0.22932677642442684,0.020940297446317906,0.17893030864232592,0.28629986980116384,0.22932677642442673,4.360589790654228,0.9999929187056346,0.9998004135735634,1.0,0.7467737030955421,0.5910600255427841,0.4699750653773642,0.3776196557805753,0.306233655658943,0.24584321595815847,0.19571854284497964,0.1526607066836952,1.0,0.7317748660465346,0.579200390967967,0.46044396763972767,0.3663127846931297,0.29153630179981876,0.23190273310649773,0.18438080365258117,0.14660158377235658,1.0,0.6843155142005717,0.5127288207747978,0.38378641367147115,0.29140667761357414,0.21989904518640152,0.16548075168764825,0.12511098947880558,0.09358389588274646,1.0,0.7706379614425591,0.6303350970017637,0.5216323055403516,0.43369214863467737,0.36155202821869487,0.3020495043483549,0.25305601167670133,0.21572705710636744
Robert Schumann,schumann,schumann_op41_no3,String Quartet Op. 41 No. 3,Op. 41 No. 3,Romantic,4,schumann_string_quartet_41_3_(c)harfesoft.mid,vln I,intervals,1844,1843,1,8,200,0.07947997433486896,12.581785643094832,-0.07947997433486896,0.010496465580698815,1.010551746725116,0.9995736327452375,0.0037611607535298895,0.25604540574267987,0.0196580417678539,0.20947652631244418,0.3058650289087596,0.2560454057426798,3.905557286214222,0.9999892683130146,0.9999720452774125,1.0,0.928032151401281,0.8612675345645373,0.7981864377600874,0.7386944726422207,0.6812452137985076,0.6290371795100117,0.5790790309463174,0.53191572723549,1.0,0.7276039517983605,0.5599073386906657,0.4333418999427985,0.33562236376608084,0.2599923980863739,0.20143420788781793,0.15603697245461867,0.12085952611195015,1.0,0.686083952200317,0.5040201124349225,0.3726974289564448,0.2747828771229957,0.20252830166277835,0.14903504241539184,0.11006215383519438,0.08113301633096472,1.0,0.7715261823772803,0.6214843309409747,0.5044053831038925,0.40923106148302496,0.3322238250431871,0.26968293826764733,0.21880880720438342,0.17740378621930153
Robert Schumann,schumann,schumann_op41_no3,String Quartet Op. 41 No. 3,Op. 41 No. 3,Romantic,4,schumann_string_quartet_41_3_(c)harfesoft.mid,vln II,intervals,1513,1512,1,8,200,0.09165536729714488,10.910435793225506,-0.09165536729714488,0.004280339915173968,1.004289513654306,0.999859119445306,0.0024928358072896254,0.27102909170667966,0.022644455344147645,0.224039860040708,0.3325862539891323,0.27102909170667966,3.689640819378337,0.9999890491005672,0.9999662316172271,1.0,0.9125388775005302,0.8360774369124196,0.7640374284300558,0.6979677670177423,0.6369362762423129,0.5801141584788294,0.5283558351593978,0.4807202940552767,1.0,0.714738993426404,0.5413959277578425,0.41295514437030884,0.3151254441930842,0.24050916526547422,0.18353436457983932,0.1400489821584163,0.10686241542026616,1.0,0.6744353926627553,0.48022018802572985,0.3443433236728635,0.24648423694069413,0.17695182724252492,0.12721690110977593,0.09126669965363682,0.06556071958719163,1.0,0.7530616031667491,0.5994795716406305,0.47811815225842935,0.38096151127447514,0.3044470559129144,0.24355870502580051,0.19498126811338093,0.1563971159963243
Robert Schumann,schumann,schumann_op41_no3,String Quartet Op. 41 No. 3,Op. 41 No. 3,Romantic,4,schumann_string_quartet_41_3_(c)harfesoft.mid,viola,intervals,1548,1547,1,8,200,0.11287617084220324,8.859265800201209,-0.11287617084220324,-0.003791995152754698,0.9962151853818131,0.9998916961235692,0.0026917048664034404,0.26828776213118516,0.025166103707037868,0.22211255996108312,0.35104316981806205,0.26828776213118516,3.72734109098509,0.9999939985334213,0.9999750704407501,1.0,0.887471203260677,0.7937993130975587,0.7102275891749575,0.635977992118343,0.5683940490958035,0.5074858864332549,0.4520493152072099,0.401871682573437,1.0,0.7194062884718727,0.547262956697135,0.418629870511813,0.3204244301523138,0.24517580647245318,0.18757139451785404,0.14344575448058633,0.10969345648854917,1.0,0.6563167177202265,0.46317561580719474,0.32743559234787306,0.23110047846889953,0.16332582297494577,0.11476080774326389,0.08011949064580644,0.05605427710690868,1.0,0.760989173269875,0.6065213538897749,0.48552948026632237,0.3890998540121347,0.31111026725061813,0.2492426352075475,0.1991316675527202,0.15887614659544483
Robert Schumann,schumann,schumann_op41_no3,String Quartet Op. 41 No. 3,Op. 41 No. 3,Romantic,4,schumann_string_quartet_41_3_(c)harfesoft.mid,cello,intervals,1506,1505,1,8,200,0.16338253980583012,6.120605060910653,-0.16338253980583012,-0.12530108161186834,0.882231238989915,0.998646314091249,0.013782829920584513,0.2680121336972933,0.02257348120523871,0.20827701997899356,0.3408855751623883,0.2680121336972933,3.7311743547008636,0.999992125279504,0.9999710110470471,1.0,0.768157587984157,0.6370970690825354,0.5298268990138711,0.45141194716981803,0.3870428886254931,0.33087982819220996,0.28250537568238393,0.24177950917411145,1.0,0.7180578975080913,0.5460913063997858,0.41781925622188315,0.319844140181139,0.24476580621357774,0.18729357549190706,0.143341622785969,0.10971583950039158,1.0,0.6625498437908305,0.4665530437822686,0.3324646623019069,0.2369679278450091,0.16930969192501602,0.12103958696208617,0.08618572258000648,0.061050449809275875,1.0,0.7717687265942655,0.6228835062202732,0.5052222825713732,0.4097683573644842,0.33314247542704456,0.2706873471018584,0.22022683551348357,0.17929316577079393
